"bibliographicCitation","verbatimEventDate","eventDate","day","month","year","eventTime","locationRemarks","verbatimLatitude","verbatimLongitude","decimalLatitude","decimalLongitude","scientificName","vernacularName","individualCount","samplingProtocol","sampleSizeValue","sampleSizeUnit","samplingEffort","continent","country","countryCode","stateProvince","county","municipality","locality","occurrenceID","datasetName","datasetName_tmp","license","accessRights","data_source"
"Maring Eirl (2012) Informe de resutados de pesca de investigación asociado al permiso SUBPESCA, R.EX N°262/2012. Proyecto: Evaluación limnológica-íctica, estero El Arco, Coyhaique, Región de Aysén. Mandante: Garo S.A.","entre el 23 y 24 de febrero de 2012","2012-02-23",23,2,2012,"0.41666666666666669","1","-45.746924999999997","-72.122613999999999",-45.746925,-72.122614,"Oncorhynchus mykiss","Trucha Arcoíris",1,"1. PESCA ELÉCTRICA","1","(IND/HORA)","3 transectos de 311, 797 y 467 m. de longitud","Sudamérica","Chile","CL","Región de Aysén","Provincia de Coyhaique","Comuna de Coyhaique","Estero el Arco","SUBPESCA.PescaInvestigacion2012-2023.001","SUBPESCA (2023) Resultados de pesca de investigación  de peces de aguas continentales en el período 2012-2023.","SUBPESCA-2","CC NC-BY 4.0","Datos obtenidos por ley de transparencia.","SUBPESCA Pesca Investigación (2012-2023)"
"Maring Eirl (2012) Informe de resutados de pesca de investigación asociado al permiso SUBPESCA, R.EX N°262/2012. Proyecto: Evaluación limnológica-íctica, estero El Arco, Coyhaique, Región de Aysén. Mandante: Garo S.A.","entre el 23 y 24 de febrero de 2012","2012-02-23",23,2,2012,"0.45833333333333298","1","-45.746924999999997","-72.122613999999999",-45.746925,-72.122614,"Salmo trutta","TRUCHA CAFÉ",28,"1. PESCA ELÉCTRICA","28","(IND/HORA)","3 transectos de 311, 797 y 467 m. de longitud","Sudamérica","Chile","CL","Región de Aysén","Provincia de Coyhaique","Comuna de Coyhaique","Estero el Arco","SUBPESCA.PescaInvestigacion2012-2023.002","SUBPESCA (2023) Resultados de pesca de investigación  de peces de aguas continentales en el período 2012-2023.","SUBPESCA-2","CC NC-BY 4.0","Datos obtenidos por ley de transparencia.","SUBPESCA Pesca Investigación (2012-2023)"
"Maring Eirl (2012) Informe de resutados de pesca de investigación asociado al permiso SUBPESCA, R.EX N°262/2012. Proyecto: Evaluación limnológica-íctica, estero El Arco, Coyhaique, Región de Aysén. Mandante: Garo S.A.","entre el 23 y 24 de febrero de 2012","2012-02-23",23,2,2012,"0.5","2","-45.747222000000001","-72.132889000000006",-45.747222,-72.132889,"Salmo trutta","TRUCHA CAFÉ",32,"1. PESCA ELÉCTRICA","32","(IND/HORA)","3 transectos de 311, 797 y 467 m. de longitud","Sudamérica","Chile","CL","Región de Aysén","Provincia de Coyhaique","Comuna de Coyhaique","Estero el Arco","SUBPESCA.PescaInvestigacion2012-2023.003","SUBPESCA (2023) Resultados de pesca de investigación  de peces de aguas continentales en el período 2012-2023.","SUBPESCA-2","CC NC-BY 4.0","Datos obtenidos por ley de transparencia.","SUBPESCA Pesca Investigación (2012-2023)"
"Maring Eirl (2012) Informe de resutados de pesca de investigación asociado al permiso SUBPESCA, R.EX N°262/2012. Proyecto: Evaluación limnológica-íctica, estero El Arco, Coyhaique, Región de Aysén. Mandante: Garo S.A.","entre el 23 y 24 de febrero de 2012","2012-02-23",23,2,2012,"0.54166666666666696","3","-45.743194000000003","-72.143000000000001",-45.743194,-72.143,"Oncorhynchus mykiss","Trucha Arcoíris",2,"1. PESCA ELÉCTRICA","2","(IND/HORA)","3 transectos de 311, 797 y 467 m. de longitud","Sudamérica","Chile","CL","Región de Aysén","Provincia de Coyhaique","Comuna de Coyhaique","Estero el Arco","SUBPESCA.PescaInvestigacion2012-2023.004","SUBPESCA (2023) Resultados de pesca de investigación  de peces de aguas continentales en el período 2012-2023.","SUBPESCA-2","CC NC-BY 4.0","Datos obtenidos por ley de transparencia.","SUBPESCA Pesca Investigación (2012-2023)"
"Maring Eirl (2012) Informe de resutados de pesca de investigación asociado al permiso SUBPESCA, R.EX N°262/2012. Proyecto: Evaluación limnológica-íctica, estero El Arco, Coyhaique, Región de Aysén. Mandante: Garo S.A.","entre el 23 y 24 de febrero de 2012","2012-02-23",23,2,2012,"0.58333333333333304","3","-45.743194000000003","-72.143000000000001",-45.743194,-72.143,"Salmo trutta","TRUCHA CAFÉ",16,"1. PESCA ELÉCTRICA","16","(IND/HORA)","3 transectos de 311, 797 y 467 m. de longitud","Sudamérica","Chile","CL","Región de Aysén","Provincia de Coyhaique","Comuna de Coyhaique","Estero el Arco","SUBPESCA.PescaInvestigacion2012-2023.005","SUBPESCA (2023) Resultados de pesca de investigación  de peces de aguas continentales en el período 2012-2023.","SUBPESCA-2","CC NC-BY 4.0","Datos obtenidos por ley de transparencia.","SUBPESCA Pesca Investigación (2012-2023)"
"Gaman Limno Studies Ltda. (2014) Informe de resutados de pesca de investigación asociado al permiso SUBPESCA, R.EX N°767/2014. Proyecto: Estudio Línea base de tipo limnológico del proyecto hidroeléctrico Chaica en el río Lenca, comuna de Puerto Montt, X Región. Mandante: Ingenium Civil S.A",NA,"2014-03-01",NA,3,2014,"0.29166666666666669","E1","41°35'52.80""S","72°36'2.00""O",-41.598,-72.600556,"Salmo salar","Salmón del Atlántico",2,"2. ESPINEL","1.7000000000000001E-2","(IND/N°ANZ/HORA)",NA,"Sudamérica","Chile","CL","Región de Los Lagos","Provincia de Llanquihue","Comuna de Puerto Montt","Chaicas","SUBPESCA.PescaInvestigacion2012-2023.006","SUBPESCA (2023) Resultados de pesca de investigación  de peces de aguas continentales en el período 2012-2023.","SUBPESCA-2","CC NC-BY 4.0","Datos obtenidos por ley de transparencia.","SUBPESCA Pesca Investigación (2012-2023)"
"Gaman Limno Studies Ltda. (2014) Informe de resutados de pesca de investigación asociado al permiso SUBPESCA, R.EX N°767/2014. Proyecto: Estudio Línea base de tipo limnológico del proyecto hidroeléctrico Chaica en el río Lenca, comuna de Puerto Montt, X Región. Mandante: Ingenium Civil S.A",NA,"2014-03-01",NA,3,2014,"0.29166666666666669","E1","41°35'52.80""S","72°36'2.00""O",-41.598,-72.600556,"Salmo trutta","Trucha café",1,"2. ESPINEL","0.08","(IND/N°ANZ/HORA)",NA,"Sudamérica","Chile","CL","Región de Los Lagos","Provincia de Llanquihue","Comuna de Puerto Montt","Chaicas","SUBPESCA.PescaInvestigacion2012-2023.007","SUBPESCA (2023) Resultados de pesca de investigación  de peces de aguas continentales en el período 2012-2023.","SUBPESCA-2","CC NC-BY 4.0","Datos obtenidos por ley de transparencia.","SUBPESCA Pesca Investigación (2012-2023)"
"Gaman Limno Studies Ltda. (2014) Informe de resutados de pesca de investigación asociado al permiso SUBPESCA, R.EX N°767/2014. Proyecto: Estudio Línea base de tipo limnológico del proyecto hidroeléctrico Chaica en el río Lenca, comuna de Puerto Montt, X Región. Mandante: Ingenium Civil S.A",NA,"2014-03-01",NA,3,2014,"0.375","E2","41°36'8.55""S","72°36'59.17""O",-41.602375,-72.616436,"Salmo salar","Salmón del Atlántico",1,"1. PESCA ELÉCTRICA","1","(IND/HORA)",NA,"Sudamérica","Chile","CL","Región de Los Lagos","Provincia de Llanquihue","Comuna de Puerto Montt","Chaicas","SUBPESCA.PescaInvestigacion2012-2023.008","SUBPESCA (2023) Resultados de pesca de investigación  de peces de aguas continentales en el período 2012-2023.","SUBPESCA-2","CC NC-BY 4.0","Datos obtenidos por ley de transparencia.","SUBPESCA Pesca Investigación (2012-2023)"
"Gaman Limno Studies Ltda. (2014) Informe de resutados de pesca de investigación asociado al permiso SUBPESCA, R.EX N°767/2014. Proyecto: Estudio Línea base de tipo limnológico del proyecto hidroeléctrico Chaica en el río Lenca, comuna de Puerto Montt, X Región. Mandante: Ingenium Civil S.A",NA,"2014-03-01",NA,3,2014,"0.75","E3","41°36'22.59""S","72°38'43.20""O",-41.606275,-72.645333,"Salmo salar","Salmón del Atlántico",1,"1. PESCA ELÉCTRICA","1","(IND/HORA)",NA,"Sudamérica","Chile","CL","Región de Los Lagos","Provincia de Llanquihue","Comuna de Puerto Montt","Chaicas","SUBPESCA.PescaInvestigacion2012-2023.009","SUBPESCA (2023) Resultados de pesca de investigación  de peces de aguas continentales en el período 2012-2023.","SUBPESCA-2","CC NC-BY 4.0","Datos obtenidos por ley de transparencia.","SUBPESCA Pesca Investigación (2012-2023)"
"Gaman Limno Studies Ltda. (2014) Informe de resutados de pesca de investigación asociado al permiso SUBPESCA, R.EX N°767/2014. Proyecto: Estudio Línea base de tipo limnológico del proyecto hidroeléctrico Chaica en el río Lenca, comuna de Puerto Montt, X Región. Mandante: Ingenium Civil S.A",NA,"2014-03-01",NA,3,2014,"0.75","E3","41°36'22.59""S","72°38'43.20""O",-41.606275,-72.645333,"Salmo salar","Salmón del Atlántico",1,"2. ESPINEL","8.0000000000000002E-3","(IND/N°ANZ/HORA)",NA,"Sudamérica","Chile","CL","Región de Los Lagos","Provincia de Llanquihue","Comuna de Puerto Montt","Chaicas","SUBPESCA.PescaInvestigacion2012-2023.010","SUBPESCA (2023) Resultados de pesca de investigación  de peces de aguas continentales en el período 2012-2023.","SUBPESCA-2","CC NC-BY 4.0","Datos obtenidos por ley de transparencia.","SUBPESCA Pesca Investigación (2012-2023)"
"Gaman Limno Studies Ltda. (2014) Informe de resutados de pesca de investigación asociado al permiso SUBPESCA, R.EX N°767/2014. Proyecto: Estudio Línea base de tipo limnológico del proyecto hidroeléctrico Chaica en el río Lenca, comuna de Puerto Montt, X Región. Mandante: Ingenium Civil S.A",NA,"2014-03-01",NA,3,2014,"0.75","E3","41°36'22.59""S","72°38'43.20""O",-41.606275,-72.645333,"Salmo trutta","Trucha café",3,"2. ESPINEL","0.25","(IND/N°ANZ/HORA)",NA,"Sudamérica","Chile","CL","Región de Los Lagos","Provincia de Llanquihue","Comuna de Puerto Montt","Chaicas","SUBPESCA.PescaInvestigacion2012-2023.011","SUBPESCA (2023) Resultados de pesca de investigación  de peces de aguas continentales en el período 2012-2023.","SUBPESCA-2","CC NC-BY 4.0","Datos obtenidos por ley de transparencia.","SUBPESCA Pesca Investigación (2012-2023)"
"Gaman Limno Studies Ltda. (2014) Informe de resutados de pesca de investigación asociado al permiso SUBPESCA, R.EX N°767/2014. Proyecto: Estudio Línea base de tipo limnológico del proyecto hidroeléctrico Chaica en el río Lenca, comuna de Puerto Montt, X Región. Mandante: Ingenium Civil S.A",NA,"2014-03-01",NA,3,2014,"0.33333333333333331","E4","41°36'29.23""S","72°39'9.66""O",-41.608119,-72.652683,"Salmo trutta","Trucha café",1,"1. PESCA ELÉCTRICA","1","(IND/HORA)",NA,"Sudamérica","Chile","CL","Región de Los Lagos","Provincia de Llanquihue","Comuna de Puerto Montt","Chaicas","SUBPESCA.PescaInvestigacion2012-2023.012","SUBPESCA (2023) Resultados de pesca de investigación  de peces de aguas continentales en el período 2012-2023.","SUBPESCA-2","CC NC-BY 4.0","Datos obtenidos por ley de transparencia.","SUBPESCA Pesca Investigación (2012-2023)"
"Gaman Limno Studies Ltda. (2014) Informe de resutados de pesca de investigación asociado al permiso SUBPESCA, R.EX N°767/2014. Proyecto: Estudio Línea base de tipo limnológico del proyecto hidroeléctrico Chaica en el río Lenca, comuna de Puerto Montt, X Región. Mandante: Ingenium Civil S.A",NA,"2014-03-01",NA,3,2014,"0.41666666666666669","E5","41°36'38.76""S","72°39'14.32""O",-41.610767,-72.653978,"Salmo salar","Salmón del Atlántico",1,"1. PESCA ELÉCTRICA","1","(IND/HORA)",NA,"Sudamérica","Chile","CL","Región de Los Lagos","Provincia de Llanquihue","Comuna de Puerto Montt","Chaicas","SUBPESCA.PescaInvestigacion2012-2023.013","SUBPESCA (2023) Resultados de pesca de investigación  de peces de aguas continentales en el período 2012-2023.","SUBPESCA-2","CC NC-BY 4.0","Datos obtenidos por ley de transparencia.","SUBPESCA Pesca Investigación (2012-2023)"
"Gaman Limno Studies Ltda. (2014) Informe de resutados de pesca de investigación asociado al permiso SUBPESCA, R.EX N°767/2014. Proyecto: Estudio Línea base de tipo limnológico del proyecto hidroeléctrico Chaica en el río Lenca, comuna de Puerto Montt, X Región. Mandante: Ingenium Civil S.A",NA,"2014-03-01",NA,3,2014,"0.41666666666666669","E5","41°36'38.76""S","72°39'14.32""O",-41.610767,-72.653978,"Aplochiton zebra","Peladilla",1,"1. PESCA ELÉCTRICA","1","(IND/HORA)",NA,"Sudamérica","Chile","CL","Región de Los Lagos","Provincia de Llanquihue","Comuna de Puerto Montt","Chaicas","SUBPESCA.PescaInvestigacion2012-2023.014","SUBPESCA (2023) Resultados de pesca de investigación  de peces de aguas continentales en el período 2012-2023.","SUBPESCA-2","CC NC-BY 4.0","Datos obtenidos por ley de transparencia.","SUBPESCA Pesca Investigación (2012-2023)"
"Gaman Limno Studies Ltda. (2014) Informe de resutados de pesca de investigación asociado al permiso SUBPESCA, R.EX N°767/2014. Proyecto: Estudio Línea base de tipo limnológico del proyecto hidroeléctrico Chaica en el río Lenca, comuna de Puerto Montt, X Región. Mandante: Ingenium Civil S.A",NA,"2014-03-01",NA,3,2014,"0.41666666666666669","E5","41°36'38.76""S","72°39'14.32""O",-41.610767,-72.653978,"Galaxias maculatus","Puye",6,"1. PESCA ELÉCTRICA","6","(IND/HORA)",NA,"Sudamérica","Chile","CL","Región de Los Lagos","Provincia de Llanquihue","Comuna de Puerto Montt","Chaicas","SUBPESCA.PescaInvestigacion2012-2023.015","SUBPESCA (2023) Resultados de pesca de investigación  de peces de aguas continentales en el período 2012-2023.","SUBPESCA-2","CC NC-BY 4.0","Datos obtenidos por ley de transparencia.","SUBPESCA Pesca Investigación (2012-2023)"
"Gaman Limno Studies Ltda. (2014) Informe de resutados de pesca de investigación asociado al permiso SUBPESCA, R.EX N°767/2014. Proyecto: Estudio Línea base de tipo limnológico del proyecto hidroeléctrico Chaica en el río Lenca, comuna de Puerto Montt, X Región. Mandante: Ingenium Civil S.A",NA,"2014-07-01",NA,7,2014,"0.375","E1","41°35'52.80""S","72°36'2.00""O",-41.598,-72.600556,"Salmo trutta","Trucha café",1,"2. ESPINEL","8.0000000000000002E-3","(IND/N°ANZ/HORA)",NA,"Sudamérica","Chile","CL","Región de Los Lagos","Provincia de Llanquihue","Comuna de Puerto Montt","Chaicas","SUBPESCA.PescaInvestigacion2012-2023.016","SUBPESCA (2023) Resultados de pesca de investigación  de peces de aguas continentales en el período 2012-2023.","SUBPESCA-2","CC NC-BY 4.0","Datos obtenidos por ley de transparencia.","SUBPESCA Pesca Investigación (2012-2023)"
"Gaman Limno Studies Ltda. (2014) Informe de resutados de pesca de investigación asociado al permiso SUBPESCA, R.EX N°767/2014. Proyecto: Estudio Línea base de tipo limnológico del proyecto hidroeléctrico Chaica en el río Lenca, comuna de Puerto Montt, X Región. Mandante: Ingenium Civil S.A",NA,"2014-07-01",NA,7,2014,"0.4375","E2","41°36'8.55""S","72°36'59.17""O",-41.602375,-72.616436,"Salmo trutta","Trucha café",1,"1. PESCA ELÉCTRICA","1","(IND/HORA)",NA,"Sudamérica","Chile","CL","Región de Los Lagos","Provincia de Llanquihue","Comuna de Puerto Montt","Chaicas","SUBPESCA.PescaInvestigacion2012-2023.017","SUBPESCA (2023) Resultados de pesca de investigación  de peces de aguas continentales en el período 2012-2023.","SUBPESCA-2","CC NC-BY 4.0","Datos obtenidos por ley de transparencia.","SUBPESCA Pesca Investigación (2012-2023)"
"Gaman Limno Studies Ltda. (2014) Informe de resutados de pesca de investigación asociado al permiso SUBPESCA, R.EX N°767/2014. Proyecto: Estudio Línea base de tipo limnológico del proyecto hidroeléctrico Chaica en el río Lenca, comuna de Puerto Montt, X Región. Mandante: Ingenium Civil S.A",NA,"2014-07-01",NA,7,2014,"0.70833333333333337","E3","41°36'22.59""S","72°38'43.20""O",-41.606275,-72.645333,"Salmo salar","Salmón del Atlántico",1,"1. PESCA ELÉCTRICA","1","(IND/HORA)",NA,"Sudamérica","Chile","CL","Región de Los Lagos","Provincia de Llanquihue","Comuna de Puerto Montt","Chaicas","SUBPESCA.PescaInvestigacion2012-2023.018","SUBPESCA (2023) Resultados de pesca de investigación  de peces de aguas continentales en el período 2012-2023.","SUBPESCA-2","CC NC-BY 4.0","Datos obtenidos por ley de transparencia.","SUBPESCA Pesca Investigación (2012-2023)"
"Gaman Limno Studies Ltda. (2014) Informe de resutados de pesca de investigación asociado al permiso SUBPESCA, R.EX N°767/2014. Proyecto: Estudio Línea base de tipo limnológico del proyecto hidroeléctrico Chaica en el río Lenca, comuna de Puerto Montt, X Región. Mandante: Ingenium Civil S.A",NA,"2014-07-01",NA,7,2014,"0.70833333333333337","E3","41°36'22.59""S","72°38'43.20""O",-41.606275,-72.645333,"Salmo trutta","Trucha café",2,"1. PESCA ELÉCTRICA","2","(IND/HORA)",NA,"Sudamérica","Chile","CL","Región de Los Lagos","Provincia de Llanquihue","Comuna de Puerto Montt","Chaicas","SUBPESCA.PescaInvestigacion2012-2023.019","SUBPESCA (2023) Resultados de pesca de investigación  de peces de aguas continentales en el período 2012-2023.","SUBPESCA-2","CC NC-BY 4.0","Datos obtenidos por ley de transparencia.","SUBPESCA Pesca Investigación (2012-2023)"
"Gaman Limno Studies Ltda. (2014) Informe de resutados de pesca de investigación asociado al permiso SUBPESCA, R.EX N°767/2014. Proyecto: Estudio Línea base de tipo limnológico del proyecto hidroeléctrico Chaica en el río Lenca, comuna de Puerto Montt, X Región. Mandante: Ingenium Civil S.A",NA,"2014-07-01",NA,7,2014,"0.35416666666666669","E4","41°36'29.23""S","72°39'9.66""O",-41.608119,-72.652683,"Salmo salar","Salmón del Atlántico",1,"1. PESCA ELÉCTRICA","1","(IND/HORA)",NA,"Sudamérica","Chile","CL","Región de Los Lagos","Provincia de Llanquihue","Comuna de Puerto Montt","Chaicas","SUBPESCA.PescaInvestigacion2012-2023.020","SUBPESCA (2023) Resultados de pesca de investigación  de peces de aguas continentales en el período 2012-2023.","SUBPESCA-2","CC NC-BY 4.0","Datos obtenidos por ley de transparencia.","SUBPESCA Pesca Investigación (2012-2023)"
"Gaman Limno Studies Ltda. (2014) Informe de resutados de pesca de investigación asociado al permiso SUBPESCA, R.EX N°767/2014. Proyecto: Estudio Línea base de tipo limnológico del proyecto hidroeléctrico Chaica en el río Lenca, comuna de Puerto Montt, X Región. Mandante: Ingenium Civil S.A",NA,"2014-07-01",NA,7,2014,"0.35416666666666669","E4","41°36'29.23""S","72°39'9.66""O",-41.608119,-72.652683,"Salmo salar","Salmón del Atlántico",1,"2. ESPINEL","8.0000000000000002E-3","(IND/N°ANZ/HORA)",NA,"Sudamérica","Chile","CL","Región de Los Lagos","Provincia de Llanquihue","Comuna de Puerto Montt","Chaicas","SUBPESCA.PescaInvestigacion2012-2023.021","SUBPESCA (2023) Resultados de pesca de investigación  de peces de aguas continentales en el período 2012-2023.","SUBPESCA-2","CC NC-BY 4.0","Datos obtenidos por ley de transparencia.","SUBPESCA Pesca Investigación (2012-2023)"
"Gaman Limno Studies Ltda. (2014) Informe de resutados de pesca de investigación asociado al permiso SUBPESCA, R.EX N°767/2014. Proyecto: Estudio Línea base de tipo limnológico del proyecto hidroeléctrico Chaica en el río Lenca, comuna de Puerto Montt, X Región. Mandante: Ingenium Civil S.A",NA,"2014-07-01",NA,7,2014,"0.35416666666666669","E4","41°36'29.23""S","72°39'9.66""O",-41.608119,-72.652683,"Salmo trutta","Trucha café",1,"1. PESCA ELÉCTRICA","1","(IND/HORA)",NA,"Sudamérica","Chile","CL","Región de Los Lagos","Provincia de Llanquihue","Comuna de Puerto Montt","Chaicas","SUBPESCA.PescaInvestigacion2012-2023.022","SUBPESCA (2023) Resultados de pesca de investigación  de peces de aguas continentales en el período 2012-2023.","SUBPESCA-2","CC NC-BY 4.0","Datos obtenidos por ley de transparencia.","SUBPESCA Pesca Investigación (2012-2023)"
"Gaman Limno Studies Ltda. (2014) Informe de resutados de pesca de investigación asociado al permiso SUBPESCA, R.EX N°767/2014. Proyecto: Estudio Línea base de tipo limnológico del proyecto hidroeléctrico Chaica en el río Lenca, comuna de Puerto Montt, X Región. Mandante: Ingenium Civil S.A",NA,"2014-07-01",NA,7,2014,"0.375","E5","41°36'38.76""S","72°39'14.32""O",-41.610767,-72.653978,"Galaxias maculatus","Puye",2,"1. PESCA ELÉCTRICA","2","(IND/HORA)",NA,"Sudamérica","Chile","CL","Región de Los Lagos","Provincia de Llanquihue","Comuna de Puerto Montt","Chaicas","SUBPESCA.PescaInvestigacion2012-2023.023","SUBPESCA (2023) Resultados de pesca de investigación  de peces de aguas continentales en el período 2012-2023.","SUBPESCA-2","CC NC-BY 4.0","Datos obtenidos por ley de transparencia.","SUBPESCA Pesca Investigación (2012-2023)"
"Claudia Verdugo Castro (Ecosistema) (2016) Informe de resutados de pesca de investigación asociado al permiso SUBPESCA, R.EX N°3232/2016. Proyecto: Piscicultura de recirculación lago Balmaceda, Sealand Aquaculture S.A.; respuesta observación 1.2.8 ICSARA n°1 (064/2016). Mandante: Sealand Aquaculture S.A.",NA,"2017-07-02",2,7,2017,NA,"E4","675275","4246233",-51.907038,-72.451926,"Oncorhynchus tshawytscha","Salmón chinook",1,"PROSPECCIÓN VISUAL","-","-",NA,"Sudamérica","Chile","CL","Región de Magallanes y de la Antártica Chilena","Provincia de Última Esperanza","Comuna de Natales","Bahía Desengaño","SUBPESCA.PescaInvestigacion2012-2023.024","SUBPESCA (2023) Resultados de pesca de investigación  de peces de aguas continentales en el período 2012-2023.","SUBPESCA-2","CC NC-BY 4.0","Datos obtenidos por ley de transparencia.","SUBPESCA Pesca Investigación (2012-2023)"
"Icnova Ing Consultores (2018) Informe de resutados de pesca de investigación asociado al permiso SUBPESCA, R. EX N°388/2018. Proyecto: Diagnostico hidrobiológico de laguna Escondida y laguna Barrosa - declaración de impacto ambiental almacenamiento de agua de interior Mina Javiera en laguna Salitrosa, comuna de Chile Chico, XII Región de Aysén. Mandante: Compañía Minera Cerro Bayo Ltda.",NA,"2018-02-17",17,2,2018,NA,"Laguna Barrosa","46°31'32.38''S","71°50'43.89''W",-46.525661,-71.845525,"Odontesthes hatcheri","Cauque patagonico",35,"Pesca eléctrica (SAMU)","-","-",NA,"Sudamérica","Chile","CL","Región de Aysén","Provincia General Carrera","Comuna de Chile Chico","Bahía Jara","SUBPESCA.PescaInvestigacion2012-2023.025","SUBPESCA (2023) Resultados de pesca de investigación  de peces de aguas continentales en el período 2012-2023.","SUBPESCA-2","CC NC-BY 4.0","Datos obtenidos por ley de transparencia.","SUBPESCA Pesca Investigación (2012-2023)"
"Icnova Ing Consultores (2018) Informe de resutados de pesca de investigación asociado al permiso SUBPESCA, R. EX N°388/2018. Proyecto: Diagnostico hidrobiológico de laguna Escondida y laguna Barrosa - declaración de impacto ambiental almacenamiento de agua de interior Mina Javiera en laguna Salitrosa, comuna de Chile Chico, XII Región de Aysén. Mandante: Compañía Minera Cerro Bayo Ltda.",NA,"2018-02-18",18,2,2018,NA,"Laguna Escondida","46°31'0.40''S","71°50'40.24''W",-46.516778,-71.844511,"Odontesthes hatcheri","Cauque patagonico",14,"Pesca eléctrica (SAMU)","-","-",NA,"Sudamérica","Chile","CL","Región de Aysén","Provincia General Carrera","Comuna de Chile Chico","Bahía Jara","SUBPESCA.PescaInvestigacion2012-2023.026","SUBPESCA (2023) Resultados de pesca de investigación  de peces de aguas continentales en el período 2012-2023.","SUBPESCA-2","CC NC-BY 4.0","Datos obtenidos por ley de transparencia.","SUBPESCA Pesca Investigación (2012-2023)"
"Icnova Ing (2018) Informe de resutados de pesca de investigación asociado al permiso SUBPESCA, R. EX N°838/2018. Proyecto: Caracterización limnológica asociado al proyecto de riego Magallanes, embalse río Porvenir, XII region de Magallanes y la Antártica Chilena. Mandante: Comisión Nacional de Riego.","4 y 5","2018-04-04",4,4,2018,"0.6875","LI-02","-53.312391485264499","-70.246617573691793",-53.312391,-70.246618,"Galaxias platei","Puye",1,"1. PESCA ELÉCTRICA","2","(IND/HORA)",NA,"Sudamérica","Chile","CL","Región de Magallanes y de la Antártica Chilena","Provincia de Tierra del Fuego","Comuna de Porvenir","Embalse Río Porvenir","SUBPESCA.PescaInvestigacion2012-2023.027","SUBPESCA (2023) Resultados de pesca de investigación  de peces de aguas continentales en el período 2012-2023.","SUBPESCA-2","CC NC-BY 4.0","Datos obtenidos por ley de transparencia.","SUBPESCA Pesca Investigación (2012-2023)"
"Icnova Ing (2018) Informe de resutados de pesca de investigación asociado al permiso SUBPESCA, R. EX N°838/2018. Proyecto: Caracterización limnológica asociado al proyecto de riego Magallanes, embalse río Porvenir, XII region de Magallanes y la Antártica Chilena. Mandante: Comisión Nacional de Riego.","4 y 5","2018-04-04",4,4,2018,"0.52083333333333337","LI-03","-53.372786284493699","-70.259158218899103",-53.372786,-70.259158,"Galaxias platei","Puye",2,"1. PESCA ELÉCTRICA","4","(IND/HORA)",NA,"Sudamérica","Chile","CL","Región de Magallanes y de la Antártica Chilena","Provincia de Tierra del Fuego","Comuna de Porvenir","Río Santa María","SUBPESCA.PescaInvestigacion2012-2023.028","SUBPESCA (2023) Resultados de pesca de investigación  de peces de aguas continentales en el período 2012-2023.","SUBPESCA-2","CC NC-BY 4.0","Datos obtenidos por ley de transparencia.","SUBPESCA Pesca Investigación (2012-2023)"
"Icnova Ing (2018) Informe de resutados de pesca de investigación asociado al permiso SUBPESCA, R. EX N°838/2018. Proyecto: Caracterización limnológica asociado al proyecto de riego Magallanes, embalse río Porvenir, XII region de Magallanes y la Antártica Chilena. Mandante: Comisión Nacional de Riego.","4 y 5","2018-04-04",4,4,2018,"0.52083333333333337","LI-03","-53.372786284493728","-70.259158218899088",-53.372786,-70.259158,"Oncorhynchus mykiss","Trucha arcoiris",1,"1. PESCA ELÉCTRICA","2","(IND/HORA)",NA,"Sudamérica","Chile","CL","Región de Magallanes y de la Antártica Chilena","Provincia de Tierra del Fuego","Comuna de Porvenir","Río Santa María","SUBPESCA.PescaInvestigacion2012-2023.029","SUBPESCA (2023) Resultados de pesca de investigación  de peces de aguas continentales en el período 2012-2023.","SUBPESCA-2","CC NC-BY 4.0","Datos obtenidos por ley de transparencia.","SUBPESCA Pesca Investigación (2012-2023)"
"Martinez Ambiental Ltda (2019) Informe de resutados de pesca de investigación asociado al permiso SUBPESCA, R.EX N°1628/2019. Proyecto: Plan de vigilancia ambiental, asociado al proyecto Mina Invierno, comuna de Río Verde, región de Magallanes y Antártica Chilena. Mandante: Minera Invierno Sa.",NA,"2019-08-01",NA,8,2019,"9:00 - 16:00 HRS","CH-5","319773","4139516",-52.863858,-71.677381,"Galaxias maculatus","Puye Chico",4,"1. PESCA ELÉCTRICA","2","(IND/HORA)","tramo aprox 100 m lineales o durante un periodo aprox 45-60 minutos","Sudamérica","Chile","CL","Región de Magallanes y de la Antártica Chilena","Provincia de Magallanes","Comuna Río Verde","Isla Riesco","SUBPESCA.PescaInvestigacion2012-2023.030","SUBPESCA (2023) Resultados de pesca de investigación  de peces de aguas continentales en el período 2012-2023.","SUBPESCA-2","CC NC-BY 4.0","Datos obtenidos por ley de transparencia.","SUBPESCA Pesca Investigación (2012-2023)"
"Martinez Ambiental Ltda (2019) Informe de resutados de pesca de investigación asociado al permiso SUBPESCA, R.EX N°1628/2019. Proyecto: Plan de vigilancia ambiental, asociado al proyecto Mina Invierno, comuna de Río Verde, región de Magallanes y Antártica Chilena. Mandante: Minera Invierno Sa.",NA,"2019-08-01",NA,8,2019,"9:00 - 16:00 HRS","CH-6","319742","4138844",-52.869882,-71.678213,"Galaxias maculatus","Puye Chico",2,"1. PESCA ELÉCTRICA","1","(IND/HORA)","tramo aprox 100 m lineales o durante un periodo aprox 45-60 minutos","Sudamérica","Chile","CL","Región de Magallanes y de la Antártica Chilena","Provincia de Magallanes","Comuna Río Verde","Isla Riesco","SUBPESCA.PescaInvestigacion2012-2023.031","SUBPESCA (2023) Resultados de pesca de investigación  de peces de aguas continentales en el período 2012-2023.","SUBPESCA-2","CC NC-BY 4.0","Datos obtenidos por ley de transparencia.","SUBPESCA Pesca Investigación (2012-2023)"
"Martinez Ambiental Ltda (2019) Informe de resutados de pesca de investigación asociado al permiso SUBPESCA, R.EX N°1628/2019. Proyecto: Plan de vigilancia ambiental, asociado al proyecto Mina Invierno, comuna de Río Verde, región de Magallanes y Antártica Chilena. Mandante: Minera Invierno Sa.",NA,"2019-08-01",NA,8,2019,"9:00 - 16:00 HRS","CH-6","319742","4138844",-52.869882,-71.678213,"Salmo trutta","Trucha Café",2,"1. PESCA ELÉCTRICA","1","(IND/HORA)","tramo aprox 100 m lineales o durante un periodo aprox 45-60 minutos","Sudamérica","Chile","CL","Región de Magallanes y de la Antártica Chilena","Provincia de Magallanes","Comuna Río Verde","Isla Riesco","SUBPESCA.PescaInvestigacion2012-2023.032","SUBPESCA (2023) Resultados de pesca de investigación  de peces de aguas continentales en el período 2012-2023.","SUBPESCA-2","CC NC-BY 4.0","Datos obtenidos por ley de transparencia.","SUBPESCA Pesca Investigación (2012-2023)"
"Martinez Ambiental Ltda (2019) Informe de resutados de pesca de investigación asociado al permiso SUBPESCA, R.EX N°1628/2019. Proyecto: Plan de vigilancia ambiental, asociado al proyecto Mina Invierno, comuna de Río Verde, región de Magallanes y Antártica Chilena. Mandante: Minera Invierno Sa.",NA,"2019-08-01",NA,8,2019,"9:00 - 16:00 HRS","CH-8","322207","4135138",-52.903981,-71.643657,"Salmo trutta","Trucha Café",1,"1. PESCA ELÉCTRICA","0.5","(IND/HORA)","tramo aprox 100 m lineales o durante un periodo aprox 45-60 minutos","Sudamérica","Chile","CL","Región de Magallanes y de la Antártica Chilena","Provincia de Magallanes","Comuna Río Verde","Isla Riesco","SUBPESCA.PescaInvestigacion2012-2023.033","SUBPESCA (2023) Resultados de pesca de investigación  de peces de aguas continentales en el período 2012-2023.","SUBPESCA-2","CC NC-BY 4.0","Datos obtenidos por ley de transparencia.","SUBPESCA Pesca Investigación (2012-2023)"
"Martinez Ambiental Ltda (2019) Informe de resutados de pesca de investigación asociado al permiso SUBPESCA, R.EX N°1628/2019. Proyecto: Plan de vigilancia ambiental, asociado al proyecto Mina Invierno, comuna de Río Verde, región de Magallanes y Antártica Chilena. Mandante: Minera Invierno Sa.",NA,"2019-11-01",NA,11,2019,"9:00 - 16:00 HRS","CH-5","319773","4139516",-52.863858,-71.677381,"Galaxias maculatus","Puye Chico",7,"1. PESCA ELÉCTRICA","3.5","(IND/HORA)","tramo aprox 100 m lineales o durante un periodo aprox 45-60 minutos","Sudamérica","Chile","CL","Región de Magallanes y de la Antártica Chilena","Provincia de Magallanes","Comuna Río Verde","Isla Riesco","SUBPESCA.PescaInvestigacion2012-2023.034","SUBPESCA (2023) Resultados de pesca de investigación  de peces de aguas continentales en el período 2012-2023.","SUBPESCA-2","CC NC-BY 4.0","Datos obtenidos por ley de transparencia.","SUBPESCA Pesca Investigación (2012-2023)"
"Martinez Ambiental Ltda (2019) Informe de resutados de pesca de investigación asociado al permiso SUBPESCA, R.EX N°1628/2019. Proyecto: Plan de vigilancia ambiental, asociado al proyecto Mina Invierno, comuna de Río Verde, región de Magallanes y Antártica Chilena. Mandante: Minera Invierno Sa.",NA,"2019-11-01",NA,11,2019,"9:00 - 16:00 HRS","CH-6","319742","4138844",-52.869882,-71.678213,"Salmo trutta","Trucha Café",3,"1. PESCA ELÉCTRICA","1.5","(IND/HORA)","tramo aprox 100 m lineales o durante un periodo aprox 45-60 minutos","Sudamérica","Chile","CL","Región de Magallanes y de la Antártica Chilena","Provincia de Magallanes","Comuna Río Verde","Isla Riesco","SUBPESCA.PescaInvestigacion2012-2023.035","SUBPESCA (2023) Resultados de pesca de investigación  de peces de aguas continentales en el período 2012-2023.","SUBPESCA-2","CC NC-BY 4.0","Datos obtenidos por ley de transparencia.","SUBPESCA Pesca Investigación (2012-2023)"
"Martinez Ambiental Ltda (2019) Informe de resutados de pesca de investigación asociado al permiso SUBPESCA, R.EX N°1628/2019. Proyecto: Plan de vigilancia ambiental, asociado al proyecto Mina Invierno, comuna de Río Verde, región de Magallanes y Antártica Chilena. Mandante: Minera Invierno Sa.",NA,"2019-11-01",NA,11,2019,"9:00 - 16:00 HRS","CH-7","320743","4136965",-52.887089,-71.664393,"Salmo trutta","Trucha Café",2,"1. PESCA ELÉCTRICA","1","(IND/HORA)","tramo aprox 100 m lineales o durante un periodo aprox 45-60 minutos","Sudamérica","Chile","CL","Región de Magallanes y de la Antártica Chilena","Provincia de Magallanes","Comuna Río Verde","Isla Riesco","SUBPESCA.PescaInvestigacion2012-2023.036","SUBPESCA (2023) Resultados de pesca de investigación  de peces de aguas continentales en el período 2012-2023.","SUBPESCA-2","CC NC-BY 4.0","Datos obtenidos por ley de transparencia.","SUBPESCA Pesca Investigación (2012-2023)"
"Martinez Ambiental Ltda (2019) Informe de resutados de pesca de investigación asociado al permiso SUBPESCA, R.EX N°1628/2019. Proyecto: Plan de vigilancia ambiental, asociado al proyecto Mina Invierno, comuna de Río Verde, región de Magallanes y Antártica Chilena. Mandante: Minera Invierno Sa.",NA,"2020-02-01",NA,2,2020,"9:00 - 16:00 HRS","CH-5","319773","4139516",-52.863858,-71.677381,"Salmo trutta","Trucha Café",11,"1. PESCA ELÉCTRICA","5.5","(IND/HORA)","tramo aprox 100 m lineales o durante un periodo aprox 45-60 minutos","Sudamérica","Chile","CL","Región de Magallanes y de la Antártica Chilena","Provincia de Magallanes","Comuna Río Verde","Isla Riesco","SUBPESCA.PescaInvestigacion2012-2023.037","SUBPESCA (2023) Resultados de pesca de investigación  de peces de aguas continentales en el período 2012-2023.","SUBPESCA-2","CC NC-BY 4.0","Datos obtenidos por ley de transparencia.","SUBPESCA Pesca Investigación (2012-2023)"
"Martinez Ambiental Ltda (2019) Informe de resutados de pesca de investigación asociado al permiso SUBPESCA, R.EX N°1628/2019. Proyecto: Plan de vigilancia ambiental, asociado al proyecto Mina Invierno, comuna de Río Verde, región de Magallanes y Antártica Chilena. Mandante: Minera Invierno Sa.",NA,"2020-02-01",NA,2,2020,"9:00 - 16:00 HRS","CH-5","319773","4139516",-52.863858,-71.677381,"Galaxias maculatus","Puye Chico",1,"1. PESCA ELÉCTRICA","0.5","(IND/HORA)","tramo aprox 100 m lineales o durante un periodo aprox 45-60 minutos","Sudamérica","Chile","CL","Región de Magallanes y de la Antártica Chilena","Provincia de Magallanes","Comuna Río Verde","Isla Riesco","SUBPESCA.PescaInvestigacion2012-2023.038","SUBPESCA (2023) Resultados de pesca de investigación  de peces de aguas continentales en el período 2012-2023.","SUBPESCA-2","CC NC-BY 4.0","Datos obtenidos por ley de transparencia.","SUBPESCA Pesca Investigación (2012-2023)"
"Martinez Ambiental Ltda (2019) Informe de resutados de pesca de investigación asociado al permiso SUBPESCA, R.EX N°1628/2019. Proyecto: Plan de vigilancia ambiental, asociado al proyecto Mina Invierno, comuna de Río Verde, región de Magallanes y Antártica Chilena. Mandante: Minera Invierno Sa.",NA,"2020-02-01",NA,2,2020,"9:00 - 16:00 HRS","CH-6","319742","4138844",-52.869882,-71.678213,"Salmo trutta","Trucha Café",8,"1. PESCA ELÉCTRICA","4","(IND/HORA)","tramo aprox 100 m lineales o durante un periodo aprox 45-60 minutos","Sudamérica","Chile","CL","Región de Magallanes y de la Antártica Chilena","Provincia de Magallanes","Comuna Río Verde","Isla Riesco","SUBPESCA.PescaInvestigacion2012-2023.039","SUBPESCA (2023) Resultados de pesca de investigación  de peces de aguas continentales en el período 2012-2023.","SUBPESCA-2","CC NC-BY 4.0","Datos obtenidos por ley de transparencia.","SUBPESCA Pesca Investigación (2012-2023)"
"Martinez Ambiental Ltda (2019) Informe de resutados de pesca de investigación asociado al permiso SUBPESCA, R.EX N°1628/2019. Proyecto: Plan de vigilancia ambiental, asociado al proyecto Mina Invierno, comuna de Río Verde, región de Magallanes y Antártica Chilena. Mandante: Minera Invierno Sa.",NA,"2020-02-01",NA,2,2020,"9:00 - 16:00 HRS","CH-7","320743","4136965",-52.887089,-71.664393,"Salmo trutta","Trucha Café",4,"1. PESCA ELÉCTRICA","2","(IND/HORA)","tramo aprox 100 m lineales o durante un periodo aprox 45-60 minutos","Sudamérica","Chile","CL","Región de Magallanes y de la Antártica Chilena","Provincia de Magallanes","Comuna Río Verde","Isla Riesco","SUBPESCA.PescaInvestigacion2012-2023.040","SUBPESCA (2023) Resultados de pesca de investigación  de peces de aguas continentales en el período 2012-2023.","SUBPESCA-2","CC NC-BY 4.0","Datos obtenidos por ley de transparencia.","SUBPESCA Pesca Investigación (2012-2023)"
"Martinez Ambiental Ltda (2019) Informe de resutados de pesca de investigación asociado al permiso SUBPESCA, R.EX N°1628/2019. Proyecto: Plan de vigilancia ambiental, asociado al proyecto Mina Invierno, comuna de Río Verde, región de Magallanes y Antártica Chilena. Mandante: Minera Invierno Sa.",NA,"2020-02-01",NA,2,2020,"9:00 - 16:00 HRS","CH-8","322207","4135138",-52.903981,-71.643657,"Salmo trutta","Trucha Café",2,"1. PESCA ELÉCTRICA","1","(IND/HORA)","tramo aprox 100 m lineales o durante un periodo aprox 45-60 minutos","Sudamérica","Chile","CL","Región de Magallanes y de la Antártica Chilena","Provincia de Magallanes","Comuna Río Verde","Isla Riesco","SUBPESCA.PescaInvestigacion2012-2023.041","SUBPESCA (2023) Resultados de pesca de investigación  de peces de aguas continentales en el período 2012-2023.","SUBPESCA-2","CC NC-BY 4.0","Datos obtenidos por ley de transparencia.","SUBPESCA Pesca Investigación (2012-2023)"
"Martinez Ambiental Ltda (2019) Informe de resutados de pesca de investigación asociado al permiso SUBPESCA, R.EX N°1628/2019. Proyecto: Plan de vigilancia ambiental, asociado al proyecto Mina Invierno, comuna de Río Verde, región de Magallanes y Antártica Chilena. Mandante: Minera Invierno Sa.",NA,"2020-06-01",NA,6,2020,"9:00 - 16:00 HRS","CH-14","324779","4137032",-52.887817,-71.604436,"Salmo trutta","Trucha Café",6,"1. PESCA ELÉCTRICA","3","(IND/HORA)","tramo aprox 100 m lineales o durante un periodo aprox 45-60 minutos","Sudamérica","Chile","CL","Región de Magallanes y de la Antártica Chilena","Provincia de Magallanes","Comuna Río Verde","Isla Riesco","SUBPESCA.PescaInvestigacion2012-2023.042","SUBPESCA (2023) Resultados de pesca de investigación  de peces de aguas continentales en el período 2012-2023.","SUBPESCA-2","CC NC-BY 4.0","Datos obtenidos por ley de transparencia.","SUBPESCA Pesca Investigación (2012-2023)"
"Martinez Ambiental Ltda (2019) Informe de resutados de pesca de investigación asociado al permiso SUBPESCA, R.EX N°1628/2019. Proyecto: Plan de vigilancia ambiental, asociado al proyecto Mina Invierno, comuna de Río Verde, región de Magallanes y Antártica Chilena. Mandante: Minera Invierno Sa.",NA,"2020-06-01",NA,6,2020,"9:00 - 16:00 HRS","CH-14","324779","4137032",-52.887817,-71.604436,"Galaxias maculatus","Puye Chico",7,"1. PESCA ELÉCTRICA","3.5","(IND/HORA)","tramo aprox 100 m lineales o durante un periodo aprox 45-60 minutos","Sudamérica","Chile","CL","Región de Magallanes y de la Antártica Chilena","Provincia de Magallanes","Comuna Río Verde","Isla Riesco","SUBPESCA.PescaInvestigacion2012-2023.043","SUBPESCA (2023) Resultados de pesca de investigación  de peces de aguas continentales en el período 2012-2023.","SUBPESCA-2","CC NC-BY 4.0","Datos obtenidos por ley de transparencia.","SUBPESCA Pesca Investigación (2012-2023)"
"Martinez Ambiental Ltda (2019) Informe de resutados de pesca de investigación asociado al permiso SUBPESCA, R.EX N°1628/2019. Proyecto: Plan de vigilancia ambiental, asociado al proyecto Mina Invierno, comuna de Río Verde, región de Magallanes y Antártica Chilena. Mandante: Minera Invierno Sa.",NA,"2020-09-01",NA,9,2020,"9:00 - 16:00 HRS","CH-14","324779","4137032",-52.887817,-71.604436,"Galaxias maculatus","Puye Chico",1,"1. PESCA ELÉCTRICA","0.5","(IND/HORA)","tramo aprox 100 m lineales o durante un periodo aprox 45-60 minutos","Sudamérica","Chile","CL","Región de Magallanes y de la Antártica Chilena","Provincia de Magallanes","Comuna Río Verde","Isla Riesco","SUBPESCA.PescaInvestigacion2012-2023.044","SUBPESCA (2023) Resultados de pesca de investigación  de peces de aguas continentales en el período 2012-2023.","SUBPESCA-2","CC NC-BY 4.0","Datos obtenidos por ley de transparencia.","SUBPESCA Pesca Investigación (2012-2023)"
"Martinez Ambiental Ltda (2019) Informe de resutados de pesca de investigación asociado al permiso SUBPESCA, R.EX N°1628/2019. Proyecto: Plan de vigilancia ambiental, asociado al proyecto Mina Invierno, comuna de Río Verde, región de Magallanes y Antártica Chilena. Mandante: Minera Invierno Sa.",NA,"2020-11-01",NA,11,2020,"9:00 - 16:00 HRS","CH-14","324779","4137032",-52.887817,-71.604436,"Galaxias maculatus","Puye Chico",32,"1. PESCA ELÉCTRICA","16","(IND/HORA)","tramo aprox 100 m lineales o durante un periodo aprox 45-60 minutos","Sudamérica","Chile","CL","Región de Magallanes y de la Antártica Chilena","Provincia de Magallanes","Comuna Río Verde","Isla Riesco","SUBPESCA.PescaInvestigacion2012-2023.045","SUBPESCA (2023) Resultados de pesca de investigación  de peces de aguas continentales en el período 2012-2023.","SUBPESCA-2","CC NC-BY 4.0","Datos obtenidos por ley de transparencia.","SUBPESCA Pesca Investigación (2012-2023)"
"Martinez Ambiental Ltda (2019) Informe de resutados de pesca de investigación asociado al permiso SUBPESCA, R.EX N°1628/2019. Proyecto: Plan de vigilancia ambiental, asociado al proyecto Mina Invierno, comuna de Río Verde, región de Magallanes y Antártica Chilena. Mandante: Minera Invierno Sa.",NA,"2020-11-01",NA,11,2020,"9:00 - 16:00 HRS","CH-14","324779","4137032",-52.887817,-71.604436,"Salmo trutta","Trucha Café",2,"1. PESCA ELÉCTRICA","1","(IND/HORA)","tramo aprox 100 m lineales o durante un periodo aprox 45-60 minutos","Sudamérica","Chile","CL","Región de Magallanes y de la Antártica Chilena","Provincia de Magallanes","Comuna Río Verde","Isla Riesco","SUBPESCA.PescaInvestigacion2012-2023.046","SUBPESCA (2023) Resultados de pesca de investigación  de peces de aguas continentales en el período 2012-2023.","SUBPESCA-2","CC NC-BY 4.0","Datos obtenidos por ley de transparencia.","SUBPESCA Pesca Investigación (2012-2023)"
"Martinez Ambiental Ltda (2019) Informe de resutados de pesca de investigación asociado al permiso SUBPESCA, R.EX N°1628/2019. Proyecto: Plan de vigilancia ambiental, asociado al proyecto Mina Invierno, comuna de Río Verde, región de Magallanes y Antártica Chilena. Mandante: Minera Invierno Sa.",NA,"2021-02-01",NA,2,2021,"9:00 - 16:00 HRS","CH-14","324779","4137032",-52.887817,-71.604436,"Galaxias maculatus","Puye Chico",1,"1. PESCA ELÉCTRICA","0.5","(IND/HORA)","tramo aprox 100 m lineales o durante un periodo aprox 45-60 minutos","Sudamérica","Chile","CL","Región de Magallanes y de la Antártica Chilena","Provincia de Magallanes","Comuna Río Verde","Isla Riesco","SUBPESCA.PescaInvestigacion2012-2023.047","SUBPESCA (2023) Resultados de pesca de investigación  de peces de aguas continentales en el período 2012-2023.","SUBPESCA-2","CC NC-BY 4.0","Datos obtenidos por ley de transparencia.","SUBPESCA Pesca Investigación (2012-2023)"
"Martinez Ambiental Ltda (2019) Informe de resutados de pesca de investigación asociado al permiso SUBPESCA, R.EX N°1628/2019. Proyecto: Plan de vigilancia ambiental, asociado al proyecto Mina Invierno, comuna de Río Verde, región de Magallanes y Antártica Chilena. Mandante: Minera Invierno Sa.",NA,"2021-04-01",NA,4,2021,"9:00 - 16:00 HRS","CH-14","324779","4137032",-52.887817,-71.604436,"Galaxias maculatus","Puye Chico",32,"1. PESCA ELÉCTRICA","16","(IND/HORA)","tramo aprox 100 m lineales o durante un periodo aprox 45-60 minutos","Sudamérica","Chile","CL","Región de Magallanes y de la Antártica Chilena","Provincia de Magallanes","Comuna Río Verde","Isla Riesco","SUBPESCA.PescaInvestigacion2012-2023.048","SUBPESCA (2023) Resultados de pesca de investigación  de peces de aguas continentales en el período 2012-2023.","SUBPESCA-2","CC NC-BY 4.0","Datos obtenidos por ley de transparencia.","SUBPESCA Pesca Investigación (2012-2023)"
"Martinez Ambiental Ltda (2019) Informe de resutados de pesca de investigación asociado al permiso SUBPESCA, R.EX N°1628/2019. Proyecto: Plan de vigilancia ambiental, asociado al proyecto Mina Invierno, comuna de Río Verde, región de Magallanes y Antártica Chilena. Mandante: Minera Invierno Sa.",NA,"2021-07-01",NA,7,2021,"9:00 - 16:00 HRS","CH-14","324779","4137032",-52.887817,-71.604436,"Galaxias maculatus","Puye Chico",6,"1. PESCA ELÉCTRICA","3","(IND/HORA)","tramo aprox 100 m lineales o durante un periodo aprox 45-60 minutos","Sudamérica","Chile","CL","Región de Magallanes y de la Antártica Chilena","Provincia de Magallanes","Comuna Río Verde","Isla Riesco","SUBPESCA.PescaInvestigacion2012-2023.049","SUBPESCA (2023) Resultados de pesca de investigación  de peces de aguas continentales en el período 2012-2023.","SUBPESCA-2","CC NC-BY 4.0","Datos obtenidos por ley de transparencia.","SUBPESCA Pesca Investigación (2012-2023)"
"Martinez Ambiental Ltda (2019) Informe de resutados de pesca de investigación asociado al permiso SUBPESCA, R.EX N°1628/2019. Proyecto: Plan de vigilancia ambiental, asociado al proyecto Mina Invierno, comuna de Río Verde, región de Magallanes y Antártica Chilena. Mandante: Minera Invierno Sa.",NA,"2021-10-01",NA,10,2021,"9:00 - 16:00 HRS","CH-14","324779","4137032",-52.887817,-71.604436,"Galaxias maculatus","Puye Chico",9,"1. PESCA ELÉCTRICA","4.5","(IND/HORA)","tramo aprox 100 m lineales o durante un periodo aprox 45-60 minutos","Sudamérica","Chile","CL","Región de Magallanes y de la Antártica Chilena","Provincia de Magallanes","Comuna Río Verde","Isla Riesco","SUBPESCA.PescaInvestigacion2012-2023.050","SUBPESCA (2023) Resultados de pesca de investigación  de peces de aguas continentales en el período 2012-2023.","SUBPESCA-2","CC NC-BY 4.0","Datos obtenidos por ley de transparencia.","SUBPESCA Pesca Investigación (2012-2023)"
"Martinez Ambiental Ltda (2019) Informe de resutados de pesca de investigación asociado al permiso SUBPESCA, R.EX N°1628/2019. Proyecto: Plan de vigilancia ambiental, asociado al proyecto Mina Invierno, comuna de Río Verde, región de Magallanes y Antártica Chilena. Mandante: Minera Invierno Sa.",NA,"2021-10-01",NA,10,2021,"9:00 - 16:00 HRS","CH-14","324779","4137032",-52.887817,-71.604436,"Salmo trutta","Trucha Café",6,"1. PESCA ELÉCTRICA","3","(IND/HORA)","tramo aprox 100 m lineales o durante un periodo aprox 45-60 minutos","Sudamérica","Chile","CL","Región de Magallanes y de la Antártica Chilena","Provincia de Magallanes","Comuna Río Verde","Isla Riesco","SUBPESCA.PescaInvestigacion2012-2023.051","SUBPESCA (2023) Resultados de pesca de investigación  de peces de aguas continentales en el período 2012-2023.","SUBPESCA-2","CC NC-BY 4.0","Datos obtenidos por ley de transparencia.","SUBPESCA Pesca Investigación (2012-2023)"
"Claudia Verdugo Castro (2020) Informe de resutados de pesca de investigación asociado al permiso SUBPESCA, R. EX N°65/2020. Proyecto: Monitoreo limnológico proyecto refundición de RCA's Amplición y cambio operacional, río Petrohué, comuna de Puerto Varas, región de Los Lagos. Mandante: Salmones Camanchaca S.A.","27 y 28 de marzo 2020","2020-03-27",27,3,2020,"0.45833333333333331","E1","-41.227578000000001","-72.470208999999997",-41.227578,-72.470209,"Trichomycterus areolatus","Bagrecitro",6,"1. PESCA ELÉCTRICA","12","(IND/HORA)","30 minutos o barridos representativos de 100 m2 por cada estación","Sudamérica","Chile","CL","Región de Los Lagos","Provincia de Llanquihue","Comuna de Puerto Varas","Río Petrohué","SUBPESCA.PescaInvestigacion2012-2023.052","SUBPESCA (2023) Resultados de pesca de investigación  de peces de aguas continentales en el período 2012-2023.","SUBPESCA-2","CC NC-BY 4.0","Datos obtenidos por ley de transparencia.","SUBPESCA Pesca Investigación (2012-2023)"
"Claudia Verdugo Castro (2020) Informe de resutados de pesca de investigación asociado al permiso SUBPESCA, R. EX N°65/2020. Proyecto: Monitoreo limnológico proyecto refundición de RCA's Amplición y cambio operacional, río Petrohué, comuna de Puerto Varas, región de Los Lagos. Mandante: Salmones Camanchaca S.A.","27 y 28 de marzo 2020","2020-03-27",27,3,2020,"0.45833333333333331","E1","-41.227578000000001","-72.470208999999997",-41.227578,-72.470209,"Salmo trutta","treucha arcoíris",2,"1. PESCA ELÉCTRICA","4","(IND/HORA)","30 minutos o barridos representativos de 100 m2 por cada estación","Sudamérica","Chile","CL","Región de Los Lagos","Provincia de Llanquihue","Comuna de Puerto Varas","Río Petrohué","SUBPESCA.PescaInvestigacion2012-2023.053","SUBPESCA (2023) Resultados de pesca de investigación  de peces de aguas continentales en el período 2012-2023.","SUBPESCA-2","CC NC-BY 4.0","Datos obtenidos por ley de transparencia.","SUBPESCA Pesca Investigación (2012-2023)"
"Claudia Verdugo Castro (2020) Informe de resutados de pesca de investigación asociado al permiso SUBPESCA, R. EX N°65/2020. Proyecto: Monitoreo limnológico proyecto refundición de RCA's Amplición y cambio operacional, río Petrohué, comuna de Puerto Varas, región de Los Lagos. Mandante: Salmones Camanchaca S.A.","27 y 28 de marzo 2020","2020-03-27",27,3,2020,"0.5","E2","-41.228302999999997","-72.469166999999999",-41.228303,-72.469167,"Trichomycterus areolatus","Bagrecitro",2,"1. PESCA ELÉCTRICA","4","(IND/HORA)","30 minutos o barridos representativos de 100 m2 por cada estación","Sudamérica","Chile","CL","Región de Los Lagos","Provincia de Llanquihue","Comuna de Puerto Varas","Río Petrohué","SUBPESCA.PescaInvestigacion2012-2023.054","SUBPESCA (2023) Resultados de pesca de investigación  de peces de aguas continentales en el período 2012-2023.","SUBPESCA-2","CC NC-BY 4.0","Datos obtenidos por ley de transparencia.","SUBPESCA Pesca Investigación (2012-2023)"
"Claudia Verdugo Castro (2020) Informe de resutados de pesca de investigación asociado al permiso SUBPESCA, R. EX N°65/2020. Proyecto: Monitoreo limnológico proyecto refundición de RCA's Amplición y cambio operacional, río Petrohué, comuna de Puerto Varas, región de Los Lagos. Mandante: Salmones Camanchaca S.A.","27 y 28 de marzo 2020","2020-03-27",27,3,2020,"13:00 p.m","E3","-41.230398999999998","-72.467022",-41.230399,-72.467022,"Trichomycterus areolatus","bagrecito",2,"1. PESCA ELÉCTRICA","4","(IND/HORA)","30 minutos o barridos representativos de 100 m2 por cada estación","Sudamérica","Chile","CL","Región de Los Lagos","Provincia de Llanquihue","Comuna de Puerto Varas","Río Petrohué","SUBPESCA.PescaInvestigacion2012-2023.055","SUBPESCA (2023) Resultados de pesca de investigación  de peces de aguas continentales en el período 2012-2023.","SUBPESCA-2","CC NC-BY 4.0","Datos obtenidos por ley de transparencia.","SUBPESCA Pesca Investigación (2012-2023)"
"Claudia Verdugo Castro (2020) Informe de resutados de pesca de investigación asociado al permiso SUBPESCA, R. EX N°65/2020. Proyecto: Monitoreo limnológico proyecto refundición de RCA's Amplición y cambio operacional, río Petrohué, comuna de Puerto Varas, región de Los Lagos. Mandante: Salmones Camanchaca S.A.","27 y 28 de marzo 2020","2020-03-27",27,3,2020,"16:00 p.m","E6","-41.231634","-72.465423000000001",-41.231634,-72.465423,"Galaxias platei","Puye",2,"1. PESCA ELÉCTRICA","4","(IND/HORA)","30 minutos o barridos representativos de 100 m2 por cada estación","Sudamérica","Chile","CL","Región de Los Lagos","Provincia de Llanquihue","Comuna de Puerto Varas","Río Petrohué","SUBPESCA.PescaInvestigacion2012-2023.056","SUBPESCA (2023) Resultados de pesca de investigación  de peces de aguas continentales en el período 2012-2023.","SUBPESCA-2","CC NC-BY 4.0","Datos obtenidos por ley de transparencia.","SUBPESCA Pesca Investigación (2012-2023)"
"Claudia Verdugo Castro (2020) Informe de resutados de pesca de investigación asociado al permiso SUBPESCA, R. EX N°65/2020. Proyecto: Monitoreo limnológico proyecto refundición de RCA's Amplición y cambio operacional, río Petrohué, comuna de Puerto Varas, región de Los Lagos. Mandante: Salmones Camanchaca S.A.","27 y 28 de marzo 2020","2020-03-27",27,3,2020,"16:00 p.m","E6","-41.231634","-72.465423000000001",-41.231634,-72.465423,"Trichomycterus areolatus","bagrecito",2,"1. PESCA ELÉCTRICA","4","(IND/HORA)","30 minutos o barridos representativos de 100 m2 por cada estación","Sudamérica","Chile","CL","Región de Los Lagos","Provincia de Llanquihue","Comuna de Puerto Varas","Río Petrohué","SUBPESCA.PescaInvestigacion2012-2023.057","SUBPESCA (2023) Resultados de pesca de investigación  de peces de aguas continentales en el período 2012-2023.","SUBPESCA-2","CC NC-BY 4.0","Datos obtenidos por ley de transparencia.","SUBPESCA Pesca Investigación (2012-2023)"
"Claudia Verdugo Castro (2020) Informe de resutados de pesca de investigación asociado al permiso SUBPESCA, R. EX N°65/2020. Proyecto: Monitoreo limnológico proyecto refundición de RCA's Amplición y cambio operacional, río Petrohué, comuna de Puerto Varas, región de Los Lagos. Mandante: Salmones Camanchaca S.A.","27 y 28 de marzo 2020","2020-03-27",27,3,2020,"16:00 p.m","E6","-41.231634","-72.465423000000001",-41.231634,-72.465423,"Geotria australis","Laprea de Bolsa",6,"1. PESCA ELÉCTRICA","12","(IND/HORA)","30 minutos o barridos representativos de 100 m2 por cada estación","Sudamérica","Chile","CL","Región de Los Lagos","Provincia de Llanquihue","Comuna de Puerto Varas","Río Petrohué","SUBPESCA.PescaInvestigacion2012-2023.058","SUBPESCA (2023) Resultados de pesca de investigación  de peces de aguas continentales en el período 2012-2023.","SUBPESCA-2","CC NC-BY 4.0","Datos obtenidos por ley de transparencia.","SUBPESCA Pesca Investigación (2012-2023)"
"Claudia Verdugo Castro (2020) Informe de resutados de pesca de investigación asociado al permiso SUBPESCA, R. EX N°65/2020. Proyecto: Monitoreo limnológico proyecto refundición de RCA's Amplición y cambio operacional, río Petrohué, comuna de Puerto Varas, región de Los Lagos. Mandante: Salmones Camanchaca S.A.","27 y 28 de marzo 2020","2020-03-27",27,3,2020,"16:00 p.m","E6","-41.231634","-72.465423000000001",-41.231634,-72.465423,"Oncorhynchus mykiss","Trucha Arcoíris",2,"1. PESCA ELÉCTRICA","4","(IND/HORA)","30 minutos o barridos representativos de 100 m2 por cada estación","Sudamérica","Chile","CL","Región de Los Lagos","Provincia de Llanquihue","Comuna de Puerto Varas","Río Petrohué","SUBPESCA.PescaInvestigacion2012-2023.059","SUBPESCA (2023) Resultados de pesca de investigación  de peces de aguas continentales en el período 2012-2023.","SUBPESCA-2","CC NC-BY 4.0","Datos obtenidos por ley de transparencia.","SUBPESCA Pesca Investigación (2012-2023)"
"Claudia Verdugo Castro (2020) Informe de resutados de pesca de investigación asociado al permiso SUBPESCA, R. EX N°65/2020. Proyecto: Monitoreo limnológico proyecto refundición de RCA's Amplición y cambio operacional, río Petrohué, comuna de Puerto Varas, región de Los Lagos. Mandante: Salmones Camanchaca S.A.","27 y 28 de marzo 2020","2020-03-27",27,3,2020,"16:00 p.m","E6","-41.231634","-72.465423000000001",-41.231634,-72.465423,"Oncorhynchus kisutch","Salmón coho",1,"1. PESCA ELÉCTRICA","2","(IND/HORA)","30 minutos o barridos representativos de 100 m2 por cada estación","Sudamérica","Chile","CL","Región de Los Lagos","Provincia de Llanquihue","Comuna de Puerto Varas","Río Petrohué","SUBPESCA.PescaInvestigacion2012-2023.060","SUBPESCA (2023) Resultados de pesca de investigación  de peces de aguas continentales en el período 2012-2023.","SUBPESCA-2","CC NC-BY 4.0","Datos obtenidos por ley de transparencia.","SUBPESCA Pesca Investigación (2012-2023)"
"Claudia Verdugo Castro (2020) Informe de resutados de pesca de investigación asociado al permiso SUBPESCA, R. EX. N° E-2020-607 . Proyecto: Línea base limnológica Río Trainel cercano a la Piscicultura Trainel, región de Los Lagos. Mandante: Piscicultura Trainel.",NA,"2021-01-01",NA,1,2021,"0.45833333333333331","EST 2","-42.662253","-73.889887000000002",-42.662253,-73.889887,"Galaxias maculatus","Puye",180,"1. PESCA ELÉCTRICA","360","(IND/HORA)",NA,"Sudamérica","Chile","CL","Región de Los Lagos","Provincia de Chiloé","Comuna de Chonchi","Chonchi","SUBPESCA.PescaInvestigacion2012-2023.061","SUBPESCA (2023) Resultados de pesca de investigación  de peces de aguas continentales en el período 2012-2023.","SUBPESCA-2","CC NC-BY 4.0","Datos obtenidos por ley de transparencia.","SUBPESCA Pesca Investigación (2012-2023)"
"Claudia Verdugo Castro (2020) Informe de resutados de pesca de investigación asociado al permiso SUBPESCA, R. EX. N° E-2020-607 . Proyecto: Línea base limnológica Río Trainel cercano a la Piscicultura Trainel, región de Los Lagos. Mandante: Piscicultura Trainel.",NA,"2021-01-01",NA,1,2021,"0.45833333333333331","EST 2","-42.662253","-73.889887000000002",-42.662253,-73.889887,"Salmo trutta","trucha café",1,"1. PESCA ELÉCTRICA","2","(IND/HORA)",NA,"Sudamérica","Chile","CL","Región de Los Lagos","Provincia de Chiloé","Comuna de Chonchi","Chonchi","SUBPESCA.PescaInvestigacion2012-2023.062","SUBPESCA (2023) Resultados de pesca de investigación  de peces de aguas continentales en el período 2012-2023.","SUBPESCA-2","CC NC-BY 4.0","Datos obtenidos por ley de transparencia.","SUBPESCA Pesca Investigación (2012-2023)"
"Claudia Verdugo Castro (2020) Informe de resutados de pesca de investigación asociado al permiso SUBPESCA, R. EX. N° E-2020-607 . Proyecto: Línea base limnológica Río Trainel cercano a la Piscicultura Trainel, región de Los Lagos. Mandante: Piscicultura Trainel.",NA,"2021-01-01",NA,1,2021,"0.54166666666666663","EST 3","-42.662587000000002","-73.890868999999995",-42.662587,-73.890869,"Galaxias maculatus","Puye",50,"1. PESCA ELÉCTRICA","100","(IND/HORA)",NA,"Sudamérica","Chile","CL","Región de Los Lagos","Provincia de Chiloé","Comuna de Chonchi","Chonchi","SUBPESCA.PescaInvestigacion2012-2023.063","SUBPESCA (2023) Resultados de pesca de investigación  de peces de aguas continentales en el período 2012-2023.","SUBPESCA-2","CC NC-BY 4.0","Datos obtenidos por ley de transparencia.","SUBPESCA Pesca Investigación (2012-2023)"
"Claudia Verdugo Castro (2020) Informe de resutados de pesca de investigación asociado al permiso SUBPESCA, R. EX. N° E-2020-607 . Proyecto: Línea base limnológica Río Trainel cercano a la Piscicultura Trainel, región de Los Lagos. Mandante: Piscicultura Trainel.",NA,"2021-01-01",NA,1,2021,"0.54166666666666663","EST 3","-42.662587000000002","-73.890868999999995",-42.662587,-73.890869,"Salmo trutta","trucha café",1,"1. PESCA ELÉCTRICA","2","(IND/HORA)",NA,"Sudamérica","Chile","CL","Región de Los Lagos","Provincia de Chiloé","Comuna de Chonchi","Chonchi","SUBPESCA.PescaInvestigacion2012-2023.064","SUBPESCA (2023) Resultados de pesca de investigación  de peces de aguas continentales en el período 2012-2023.","SUBPESCA-2","CC NC-BY 4.0","Datos obtenidos por ley de transparencia.","SUBPESCA Pesca Investigación (2012-2023)"
"Jaime Illanes y Asociados Consultores S.A.  (2021) Informe de resutados de pesca de investigación asociado al permiso SUBPESCA, R. EX N°E-2021-074. Proyecto: Caracterización ecosistemas acuáticos continentales asociados al proyecto modificación Piscicultura los Tilcos, Río Chico Región de Los Lagos. Mandante: Piscicultura los Tilcos.","entre el 22 y 28 abril de 2021","2021-04-22",NA,4,2021,NA,"PLT-1","41°25'19.26""S","72°49'10.61""O",-41.422017,-72.819614,"Mordacia lapicida","Lamprea de agua dulce",3,"1. PESCA ELÉCTRICA","0.25","(IND/MIN)","10 minutos, en un área aprox. De 50 m2","Sudamérica","Chile","CL","Región de Los Lagos","Provincia de Llanquihue","Comuna de Puerto Montt","Río Chico","SUBPESCA.PescaInvestigacion2012-2023.065","SUBPESCA (2023) Resultados de pesca de investigación  de peces de aguas continentales en el período 2012-2023.","SUBPESCA-2","CC NC-BY 4.0","Datos obtenidos por ley de transparencia.","SUBPESCA Pesca Investigación (2012-2023)"
"Jaime Illanes y Asociados Consultores S.A.  (2021) Informe de resutados de pesca de investigación asociado al permiso SUBPESCA, R. EX N°E-2021-074. Proyecto: Caracterización ecosistemas acuáticos continentales asociados al proyecto modificación Piscicultura los Tilcos, Río Chico Región de Los Lagos. Mandante: Piscicultura los Tilcos.","entre el 22 y 28 abril de 2021","2021-04-22",NA,4,2021,NA,"PLT-1","41°25'19.26""S","72°49'10.61""O",-41.422017,-72.819614,"Galaxias maculatus","Puye",2,"1. PESCA ELÉCTRICA","0.25","(IND/MIN)","10 minutos, en un área aprox. De 50 m2","Sudamérica","Chile","CL","Región de Los Lagos","Provincia de Llanquihue","Comuna de Puerto Montt","Río Chico","SUBPESCA.PescaInvestigacion2012-2023.066","SUBPESCA (2023) Resultados de pesca de investigación  de peces de aguas continentales en el período 2012-2023.","SUBPESCA-2","CC NC-BY 4.0","Datos obtenidos por ley de transparencia.","SUBPESCA Pesca Investigación (2012-2023)"
"Jaime Illanes y Asociados Consultores S.A.  (2021) Informe de resutados de pesca de investigación asociado al permiso SUBPESCA, R. EX N°E-2021-074. Proyecto: Caracterización ecosistemas acuáticos continentales asociados al proyecto modificación Piscicultura los Tilcos, Río Chico Región de Los Lagos. Mandante: Piscicultura los Tilcos.","entre el 22 y 28 abril de 2021","2021-04-22",NA,4,2021,NA,"PLT-2","41°25'49.50""S","72°48'59.17""O",-41.430417,-72.816436,"Galaxias maculatus","Puye",7,"1. PESCA ELÉCTRICA","0.5","(IND/MIN)","10 minutos, en un área aprox. De 50 m2","Sudamérica","Chile","CL","Región de Los Lagos","Provincia de Llanquihue","Comuna de Puerto Montt","Río Chico","SUBPESCA.PescaInvestigacion2012-2023.067","SUBPESCA (2023) Resultados de pesca de investigación  de peces de aguas continentales en el período 2012-2023.","SUBPESCA-2","CC NC-BY 4.0","Datos obtenidos por ley de transparencia.","SUBPESCA Pesca Investigación (2012-2023)"
"Jaime Illanes y Asociados Consultores S.A.  (2021) Informe de resutados de pesca de investigación asociado al permiso SUBPESCA, R. EX N°E-2021-074. Proyecto: Caracterización ecosistemas acuáticos continentales asociados al proyecto modificación Piscicultura los Tilcos, Río Chico Región de Los Lagos. Mandante: Piscicultura los Tilcos.","entre el 22 y 28 abril de 2021","2021-04-22",NA,4,2021,NA,"PLT-2","41°25'49.50""S","72°48'59.17""O",-41.430417,-72.816436,"Trichomycterus areolatus","Bagrecito",3,"1. PESCA ELÉCTRICA","0.5","(IND/MIN)","10 minutos, en un área aprox. De 50 m2","Sudamérica","Chile","CL","Región de Los Lagos","Provincia de Llanquihue","Comuna de Puerto Montt","Río Chico","SUBPESCA.PescaInvestigacion2012-2023.068","SUBPESCA (2023) Resultados de pesca de investigación  de peces de aguas continentales en el período 2012-2023.","SUBPESCA-2","CC NC-BY 4.0","Datos obtenidos por ley de transparencia.","SUBPESCA Pesca Investigación (2012-2023)"
"Jaime Illanes y Asociados Consultores S.A.  (2021) Informe de resutados de pesca de investigación asociado al permiso SUBPESCA, R. EX N°E-2021-074. Proyecto: Caracterización ecosistemas acuáticos continentales asociados al proyecto modificación Piscicultura los Tilcos, Río Chico Región de Los Lagos. Mandante: Piscicultura los Tilcos.","entre el 22 y 28 abril de 2021","2021-04-22",NA,4,2021,NA,"PLT-3","41°26'0.39""S","72°48'45.55""O",-41.433442,-72.812653,"Trichomycterus areolatus","Bagrecito",4,"1. PESCA ELÉCTRICA","0.25","(IND/MIN)","10 minutos, en un área aprox. De 50 m2","Sudamérica","Chile","CL","Región de Los Lagos","Provincia de Llanquihue","Comuna de Puerto Montt","Río Chico","SUBPESCA.PescaInvestigacion2012-2023.069","SUBPESCA (2023) Resultados de pesca de investigación  de peces de aguas continentales en el período 2012-2023.","SUBPESCA-2","CC NC-BY 4.0","Datos obtenidos por ley de transparencia.","SUBPESCA Pesca Investigación (2012-2023)"
"Jaime Illanes y Asociados Consultores S.A.  (2021) Informe de resutados de pesca de investigación asociado al permiso SUBPESCA, R. EX N°E-2021-074. Proyecto: Caracterización ecosistemas acuáticos continentales asociados al proyecto modificación Piscicultura los Tilcos, Río Chico Región de Los Lagos. Mandante: Piscicultura los Tilcos.","entre el 22 y 28 abril de 2021","2021-04-22",NA,4,2021,NA,"PLT-3","41°26'0.39""S","72°48'45.55""O",-41.433442,-72.812653,"Oncorhynchus mykiss","Trucha Arcoíris",1,"1. PESCA ELÉCTRICA","0.25","(IND/MIN)","10 minutos, en un área aprox. De 50 m2","Sudamérica","Chile","CL","Región de Los Lagos","Provincia de Llanquihue","Comuna de Puerto Montt","Río Chico","SUBPESCA.PescaInvestigacion2012-2023.070","SUBPESCA (2023) Resultados de pesca de investigación  de peces de aguas continentales en el período 2012-2023.","SUBPESCA-2","CC NC-BY 4.0","Datos obtenidos por ley de transparencia.","SUBPESCA Pesca Investigación (2012-2023)"
"Jaime Illanes y Asociados Consultores S.A.  (2021) Informe de resutados de pesca de investigación asociado al permiso SUBPESCA, R. EX N°E-2021-074. Proyecto: Caracterización ecosistemas acuáticos continentales asociados al proyecto modificación Piscicultura los Tilcos, Río Chico Región de Los Lagos. Mandante: Piscicultura los Tilcos.","entre el 22 y 28 abril de 2021","2021-04-22",NA,4,2021,NA,"PLT-4","41°26'24.94""S","72°49'08.24""O",-41.440261,-72.818956,"Trichomycterus areolatus","Bagrecito",5,"1. PESCA ELÉCTRICA","0.25","(IND/MIN)","10 minutos, en un área aprox. De 50 m2","Sudamérica","Chile","CL","Región de Los Lagos","Provincia de Llanquihue","Comuna de Puerto Montt","Río Chico","SUBPESCA.PescaInvestigacion2012-2023.071","SUBPESCA (2023) Resultados de pesca de investigación  de peces de aguas continentales en el período 2012-2023.","SUBPESCA-2","CC NC-BY 4.0","Datos obtenidos por ley de transparencia.","SUBPESCA Pesca Investigación (2012-2023)"
"Juan Cárcamo Barría (2017) Informe de resutados de pesca de investigación asociado al permiso SUBPESCA, R. EX N°411-2017. Proyecto: Caracterización de fauna íctica asociada al proyecto, piscicultura San Joaquín, sector El Varal, comuna de Hualaihué, X región de Los Lagos. Mandante: Cultivos Marinos Lago Yelcho S.P.A.",NA,"2017-02-14",14,2,2017,"0.53819444444444442","PC 1","41°59'26,91''S","72°40'14,85''W",-41.990808,-72.670792,"Galaxias maculatus","Puye/Truchita/Coltrao",4,"PESCA ELÉCTRICA",NA,NA,"-","Sudamérica","Chile","CL","Región de Los Lagos","Provincia de Palena","Comuna de Hualaihué","Sector Hualaihué Estero","SUBPESCA.PescaInvestigacion2012-2023.072","SUBPESCA (2023) Resultados de pesca de investigación  de peces de aguas continentales en el período 2012-2023.","SUBPESCA-2","CC NC-BY 4.0","Datos obtenidos por ley de transparencia.","SUBPESCA Pesca Investigación (2012-2023)"
"Juan Cárcamo Barría (2017) Informe de resutados de pesca de investigación asociado al permiso SUBPESCA, R. EX N°411-2017. Proyecto: Caracterización de fauna íctica asociada al proyecto, piscicultura San Joaquín, sector El Varal, comuna de Hualaihué, X región de Los Lagos. Mandante: Cultivos Marinos Lago Yelcho S.P.A.",NA,"2017-02-14",14,2,2017,"0.53819444444444442","PC 1","41°59'26,91''S","72°40'14,85''W",-41.990808,-72.670792,"Salmo trutta","trucha café",2,"PESCA ELÉCTRICA",NA,NA,"-","Sudamérica","Chile","CL","Región de Los Lagos","Provincia de Palena","Comuna de Hualaihué","Sector Hualaihué Estero","SUBPESCA.PescaInvestigacion2012-2023.073","SUBPESCA (2023) Resultados de pesca de investigación  de peces de aguas continentales en el período 2012-2023.","SUBPESCA-2","CC NC-BY 4.0","Datos obtenidos por ley de transparencia.","SUBPESCA Pesca Investigación (2012-2023)"
"Juan Cárcamo Barría (2017) Informe de resutados de pesca de investigación asociado al permiso SUBPESCA, R. EX N°411-2017. Proyecto: Caracterización de fauna íctica asociada al proyecto, piscicultura San Joaquín, sector El Varal, comuna de Hualaihué, X región de Los Lagos. Mandante: Cultivos Marinos Lago Yelcho S.P.A.",NA,"2017-02-14",14,2,2017,"0.53819444444444442","PC 1","41°59'26,91''S","72°40'14,85''W",-41.990808,-72.670792,"Aplochiton zebra","Farionela listada",1,"PESCA ELÉCTRICA",NA,NA,"-","Sudamérica","Chile","CL","Región de Los Lagos","Provincia de Palena","Comuna de Hualaihué","Sector Hualaihué Estero","SUBPESCA.PescaInvestigacion2012-2023.074","SUBPESCA (2023) Resultados de pesca de investigación  de peces de aguas continentales en el período 2012-2023.","SUBPESCA-2","CC NC-BY 4.0","Datos obtenidos por ley de transparencia.","SUBPESCA Pesca Investigación (2012-2023)"
"Juan Cárcamo Barría (2017) Informe de resutados de pesca de investigación asociado al permiso SUBPESCA, R. EX N°411-2017. Proyecto: Caracterización de fauna íctica asociada al proyecto, piscicultura San Joaquín, sector El Varal, comuna de Hualaihué, X región de Los Lagos. Mandante: Cultivos Marinos Lago Yelcho S.P.A.",NA,"2017-02-14",14,2,2017,"0.52430555555555558","PC 2","41°59'28,51''S","72°40'15,57''W",-41.991253,-72.670992,"Galaxias maculatus","Puye/Truchita/Coltrao",6,"PESCA ELÉCTRICA",NA,NA,"-","Sudamérica","Chile","CL","Región de Los Lagos","Provincia de Palena","Comuna de Hualaihué","Sector Hualaihué Estero","SUBPESCA.PescaInvestigacion2012-2023.075","SUBPESCA (2023) Resultados de pesca de investigación  de peces de aguas continentales en el período 2012-2023.","SUBPESCA-2","CC NC-BY 4.0","Datos obtenidos por ley de transparencia.","SUBPESCA Pesca Investigación (2012-2023)"
"Juan Cárcamo Barría (2017) Informe de resutados de pesca de investigación asociado al permiso SUBPESCA, R. EX N°411-2017. Proyecto: Caracterización de fauna íctica asociada al proyecto, piscicultura San Joaquín, sector El Varal, comuna de Hualaihué, X región de Los Lagos. Mandante: Cultivos Marinos Lago Yelcho S.P.A.",NA,"2017-02-14",14,2,2017,"0.52430555555555558","PC 2","41°59'28,51''S","72°40'15,57''W",-41.991253,-72.670992,"Aplochiton zebra","Farionela listada",3,"PESCA ELÉCTRICA",NA,NA,"-","Sudamérica","Chile","CL","Región de Los Lagos","Provincia de Palena","Comuna de Hualaihué","Sector Hualaihué Estero","SUBPESCA.PescaInvestigacion2012-2023.076","SUBPESCA (2023) Resultados de pesca de investigación  de peces de aguas continentales en el período 2012-2023.","SUBPESCA-2","CC NC-BY 4.0","Datos obtenidos por ley de transparencia.","SUBPESCA Pesca Investigación (2012-2023)"
"Juan Cárcamo Barría (2017) Informe de resutados de pesca de investigación asociado al permiso SUBPESCA, R. EX N°411-2017. Proyecto: Caracterización de fauna íctica asociada al proyecto, piscicultura San Joaquín, sector El Varal, comuna de Hualaihué, X región de Los Lagos. Mandante: Cultivos Marinos Lago Yelcho S.P.A.",NA,"2017-02-14",14,2,2017,"0.57638888888888895","PR1","41°59'44,30''S","72°40'06,08''W",-41.995639,-72.668356,"Mordacia lapicida","Lamprea de agua dulce",1,"PESCA ELÉCTRICA",NA,NA,"-","Sudamérica","Chile","CL","Región de Los Lagos","Provincia de Palena","Comuna de Hualaihué","Sector Hualaihué Estero","SUBPESCA.PescaInvestigacion2012-2023.077","SUBPESCA (2023) Resultados de pesca de investigación  de peces de aguas continentales en el período 2012-2023.","SUBPESCA-2","CC NC-BY 4.0","Datos obtenidos por ley de transparencia.","SUBPESCA Pesca Investigación (2012-2023)"
"Juan Cárcamo Barría (2017) Informe de resutados de pesca de investigación asociado al permiso SUBPESCA, R. EX N°411-2017. Proyecto: Caracterización de fauna íctica asociada al proyecto, piscicultura San Joaquín, sector El Varal, comuna de Hualaihué, X región de Los Lagos. Mandante: Cultivos Marinos Lago Yelcho S.P.A.",NA,"2017-02-14",14,2,2017,"0.57638888888888895","PR1","41°59'44,30''S","72°40'06,08''W",-41.995639,-72.668356,"Galaxias maculatus","Puye/Truchita/Coltrao",2,"PESCA ELÉCTRICA",NA,NA,"-","Sudamérica","Chile","CL","Región de Los Lagos","Provincia de Palena","Comuna de Hualaihué","Sector Hualaihué Estero","SUBPESCA.PescaInvestigacion2012-2023.078","SUBPESCA (2023) Resultados de pesca de investigación  de peces de aguas continentales en el período 2012-2023.","SUBPESCA-2","CC NC-BY 4.0","Datos obtenidos por ley de transparencia.","SUBPESCA Pesca Investigación (2012-2023)"
"Juan Cárcamo Barría (2017) Informe de resutados de pesca de investigación asociado al permiso SUBPESCA, R. EX N°411-2017. Proyecto: Caracterización de fauna íctica asociada al proyecto, piscicultura San Joaquín, sector El Varal, comuna de Hualaihué, X región de Los Lagos. Mandante: Cultivos Marinos Lago Yelcho S.P.A.",NA,"2017-02-14",14,2,2017,"0.58680555555555558","PR2","41°59'44,70''S","72°39'58,64''W",-41.99575,-72.666289,"Galaxias maculatus","Puye/Truchita/Coltrao",7,"PESCA ELÉCTRICA",NA,NA,"-","Sudamérica","Chile","CL","Región de Los Lagos","Provincia de Palena","Comuna de Hualaihué","Sector Hualaihué Estero","SUBPESCA.PescaInvestigacion2012-2023.079","SUBPESCA (2023) Resultados de pesca de investigación  de peces de aguas continentales en el período 2012-2023.","SUBPESCA-2","CC NC-BY 4.0","Datos obtenidos por ley de transparencia.","SUBPESCA Pesca Investigación (2012-2023)"
"Juan Cárcamo Barría (2017) Informe de resutados de pesca de investigación asociado al permiso SUBPESCA, R. EX N°411-2017. Proyecto: Caracterización de fauna íctica asociada al proyecto, piscicultura San Joaquín, sector El Varal, comuna de Hualaihué, X región de Los Lagos. Mandante: Cultivos Marinos Lago Yelcho S.P.A.",NA,"2017-02-14",14,2,2017,"0.58680555555555558","PR2","41°59'44,70''S","72°39'58,64''W",-41.99575,-72.666289,"Aplochiton zebra","Farionela listada",1,"PESCA ELÉCTRICA",NA,NA,"-","Sudamérica","Chile","CL","Región de Los Lagos","Provincia de Palena","Comuna de Hualaihué","Sector Hualaihué Estero","SUBPESCA.PescaInvestigacion2012-2023.080","SUBPESCA (2023) Resultados de pesca de investigación  de peces de aguas continentales en el período 2012-2023.","SUBPESCA-2","CC NC-BY 4.0","Datos obtenidos por ley de transparencia.","SUBPESCA Pesca Investigación (2012-2023)"
"Juan Cárcamo Barría (2017) Informe de resutados de pesca de investigación asociado al permiso SUBPESCA, R. EX N°411-2017. Proyecto: Caracterización de fauna íctica asociada al proyecto, piscicultura San Joaquín, sector El Varal, comuna de Hualaihué, X región de Los Lagos. Mandante: Cultivos Marinos Lago Yelcho S.P.A.",NA,"2017-02-14",14,2,2017,"0.60416666666666663","PR3","41°59'42,21''S","72°39'55,77''W",-41.995058,-72.665492,"Galaxias maculatus","Puye/Truchita/Coltrao",2,"PESCA ELÉCTRICA",NA,NA,"-","Sudamérica","Chile","CL","Región de Los Lagos","Provincia de Palena","Comuna de Hualaihué","Sector Hualaihué Estero","SUBPESCA.PescaInvestigacion2012-2023.081","SUBPESCA (2023) Resultados de pesca de investigación  de peces de aguas continentales en el período 2012-2023.","SUBPESCA-2","CC NC-BY 4.0","Datos obtenidos por ley de transparencia.","SUBPESCA Pesca Investigación (2012-2023)"
"Juan Cárcamo Barría (2017) Informe de resutados de pesca de investigación asociado al permiso SUBPESCA, R. EX N°411-2017. Proyecto: Caracterización de fauna íctica asociada al proyecto, piscicultura San Joaquín, sector El Varal, comuna de Hualaihué, X región de Los Lagos. Mandante: Cultivos Marinos Lago Yelcho S.P.A.",NA,"2017-02-14",14,2,2017,"0.61458333333333337","PR4","41°59'39,84''S","72°39'53,82''W",-41.9944,-72.66495,"Galaxias maculatus","Puye/Truchita/Coltrao",3,"PESCA ELÉCTRICA",NA,NA,"-","Sudamérica","Chile","CL","Región de Los Lagos","Provincia de Palena","Comuna de Hualaihué","Sector Hualaihué Estero","SUBPESCA.PescaInvestigacion2012-2023.082","SUBPESCA (2023) Resultados de pesca de investigación  de peces de aguas continentales en el período 2012-2023.","SUBPESCA-2","CC NC-BY 4.0","Datos obtenidos por ley de transparencia.","SUBPESCA Pesca Investigación (2012-2023)"
"Juan Cárcamo Barría (2017) Informe de resutados de pesca de investigación asociado al permiso SUBPESCA, R. EX N°411-2017. Proyecto: Caracterización de fauna íctica asociada al proyecto, piscicultura San Joaquín, sector El Varal, comuna de Hualaihué, X región de Los Lagos. Mandante: Cultivos Marinos Lago Yelcho S.P.A.",NA,"2017-02-14",14,2,2017,"0.61805555555555558","PR5","41°59'37,37''S","72°39'50,52''W",-41.993714,-72.664033,"Galaxias maculatus","Puye/Truchita/Coltrao",5,"PESCA ELÉCTRICA",NA,NA,"-","Sudamérica","Chile","CL","Región de Los Lagos","Provincia de Palena","Comuna de Hualaihué","Sector Hualaihué Estero","SUBPESCA.PescaInvestigacion2012-2023.083","SUBPESCA (2023) Resultados de pesca de investigación  de peces de aguas continentales en el período 2012-2023.","SUBPESCA-2","CC NC-BY 4.0","Datos obtenidos por ley de transparencia.","SUBPESCA Pesca Investigación (2012-2023)"
"Juan Cárcamo Barría (2017) Informe de resutados de pesca de investigación asociado al permiso SUBPESCA, R. EX N°411-2017. Proyecto: Caracterización de fauna íctica asociada al proyecto, piscicultura San Joaquín, sector El Varal, comuna de Hualaihué, X región de Los Lagos. Mandante: Cultivos Marinos Lago Yelcho S.P.A.",NA,"2017-02-14",14,2,2017,"0.61805555555555558","PR5","41°59'37,37''S","72°39'50,52''W",-41.993714,-72.664033,"Aplochiton zebra","Farionela listada",3,"PESCA ELÉCTRICA",NA,NA,"-","Sudamérica","Chile","CL","Región de Los Lagos","Provincia de Palena","Comuna de Hualaihué","Sector Hualaihué Estero","SUBPESCA.PescaInvestigacion2012-2023.084","SUBPESCA (2023) Resultados de pesca de investigación  de peces de aguas continentales en el período 2012-2023.","SUBPESCA-2","CC NC-BY 4.0","Datos obtenidos por ley de transparencia.","SUBPESCA Pesca Investigación (2012-2023)"
"Juan Cárcamo Barría (2017) Informe de resutados de pesca de investigación asociado al permiso SUBPESCA, R. EX N°411-2017. Proyecto: Caracterización de fauna íctica asociada al proyecto, piscicultura San Joaquín, sector El Varal, comuna de Hualaihué, X región de Los Lagos. Mandante: Cultivos Marinos Lago Yelcho S.P.A.",NA,"2017-02-14",14,2,2017,"0.625","PR6","41°59'38,97''S","72°39'47,63''W",-41.994158,-72.663231,"Galaxias maculatus","Puye/Truchita/Coltrao",3,"PESCA ELÉCTRICA",NA,NA,"-","Sudamérica","Chile","CL","Región de Los Lagos","Provincia de Palena","Comuna de Hualaihué","Sector Hualaihué Estero","SUBPESCA.PescaInvestigacion2012-2023.085","SUBPESCA (2023) Resultados de pesca de investigación  de peces de aguas continentales en el período 2012-2023.","SUBPESCA-2","CC NC-BY 4.0","Datos obtenidos por ley de transparencia.","SUBPESCA Pesca Investigación (2012-2023)"
"Juan Cárcamo Barría (2017) Informe de resutados de pesca de investigación asociado al permiso SUBPESCA, R. EX N°411-2017. Proyecto: Caracterización de fauna íctica asociada al proyecto, piscicultura San Joaquín, sector El Varal, comuna de Hualaihué, X región de Los Lagos. Mandante: Cultivos Marinos Lago Yelcho S.P.A.",NA,"2017-02-14",14,2,2017,"0.625","PR6","41°59'38,97''S","72°39'47,63''W",-41.994158,-72.663231,"Aplochiton zebra","Farionela listada",2,"PESCA ELÉCTRICA",NA,NA,"-","Sudamérica","Chile","CL","Región de Los Lagos","Provincia de Palena","Comuna de Hualaihué","Sector Hualaihué Estero","SUBPESCA.PescaInvestigacion2012-2023.086","SUBPESCA (2023) Resultados de pesca de investigación  de peces de aguas continentales en el período 2012-2023.","SUBPESCA-2","CC NC-BY 4.0","Datos obtenidos por ley de transparencia.","SUBPESCA Pesca Investigación (2012-2023)"
"Juan Cárcamo Barría (2017) Informe de resutados de pesca de investigación asociado al permiso SUBPESCA, R. EX N°411-2017. Proyecto: Caracterización de fauna íctica asociada al proyecto, piscicultura San Joaquín, sector El Varal, comuna de Hualaihué, X región de Los Lagos. Mandante: Cultivos Marinos Lago Yelcho S.P.A.",NA,"2017-02-14",14,2,2017,"0.63541666666666663","PR7","41°59'41,79''S","72°39'47,79''W",-41.994942,-72.663275,"Galaxias maculatus","Puye/Truchita/Coltrao",4,"PESCA ELÉCTRICA",NA,NA,"-","Sudamérica","Chile","CL","Región de Los Lagos","Provincia de Palena","Comuna de Hualaihué","Sector Hualaihué Estero","SUBPESCA.PescaInvestigacion2012-2023.087","SUBPESCA (2023) Resultados de pesca de investigación  de peces de aguas continentales en el período 2012-2023.","SUBPESCA-2","CC NC-BY 4.0","Datos obtenidos por ley de transparencia.","SUBPESCA Pesca Investigación (2012-2023)"
"Juan Cárcamo Barría (2017) Informe de resutados de pesca de investigación asociado al permiso SUBPESCA, R. EX N°411-2017. Proyecto: Caracterización de fauna íctica asociada al proyecto, piscicultura San Joaquín, sector El Varal, comuna de Hualaihué, X región de Los Lagos. Mandante: Cultivos Marinos Lago Yelcho S.P.A.",NA,"2017-02-14",14,2,2017,"0.63541666666666663","PR7","41°59'41,79''S","72°39'47,79''W",-41.994942,-72.663275,"Aplochiton zebra","Farionela listada",1,"PESCA ELÉCTRICA",NA,NA,"-","Sudamérica","Chile","CL","Región de Los Lagos","Provincia de Palena","Comuna de Hualaihué","Sector Hualaihué Estero","SUBPESCA.PescaInvestigacion2012-2023.088","SUBPESCA (2023) Resultados de pesca de investigación  de peces de aguas continentales en el período 2012-2023.","SUBPESCA-2","CC NC-BY 4.0","Datos obtenidos por ley de transparencia.","SUBPESCA Pesca Investigación (2012-2023)"
"Juan Cárcamo Barría (2017) Informe de resutados de pesca de investigación asociado al permiso SUBPESCA, R. EX N°411-2017. Proyecto: Caracterización de fauna íctica asociada al proyecto, piscicultura San Joaquín, sector El Varal, comuna de Hualaihué, X región de Los Lagos. Mandante: Cultivos Marinos Lago Yelcho S.P.A.",NA,"2017-02-12",12,6,2017,"0.65277777777777779","PC 1","41°59'26,91''S","72°40'14,85''W",-41.990808,-72.670792,"Aplochiton zebra","Farionela listada",2,"PESCA ELÉCTRICA",NA,NA,"-","Sudamérica","Chile","CL","Región de Los Lagos","Provincia de Palena","Comuna de Hualaihué","Sector Hualaihué Estero","SUBPESCA.PescaInvestigacion2012-2023.089","SUBPESCA (2023) Resultados de pesca de investigación  de peces de aguas continentales en el período 2012-2023.","SUBPESCA-2","CC NC-BY 4.0","Datos obtenidos por ley de transparencia.","SUBPESCA Pesca Investigación (2012-2023)"
"Juan Cárcamo Barría (2017) Informe de resutados de pesca de investigación asociado al permiso SUBPESCA, R. EX N°411-2017. Proyecto: Caracterización de fauna íctica asociada al proyecto, piscicultura San Joaquín, sector El Varal, comuna de Hualaihué, X región de Los Lagos. Mandante: Cultivos Marinos Lago Yelcho S.P.A.",NA,"2017-02-12",12,6,2017,"0.65277777777777779","PC 1","41°59'26,91''S","72°40'14,85''W",-41.990808,-72.670792,"Galaxias maculatus","Puye/Truchita/Coltrao",1,"PESCA ELÉCTRICA",NA,NA,"-","Sudamérica","Chile","CL","Región de Los Lagos","Provincia de Palena","Comuna de Hualaihué","Sector Hualaihué Estero","SUBPESCA.PescaInvestigacion2012-2023.090","SUBPESCA (2023) Resultados de pesca de investigación  de peces de aguas continentales en el período 2012-2023.","SUBPESCA-2","CC NC-BY 4.0","Datos obtenidos por ley de transparencia.","SUBPESCA Pesca Investigación (2012-2023)"
"Juan Cárcamo Barría (2017) Informe de resutados de pesca de investigación asociado al permiso SUBPESCA, R. EX N°411-2017. Proyecto: Caracterización de fauna íctica asociada al proyecto, piscicultura San Joaquín, sector El Varal, comuna de Hualaihué, X región de Los Lagos. Mandante: Cultivos Marinos Lago Yelcho S.P.A.",NA,"2017-02-12",12,6,2017,"0.64236111111111105","PC 2","41°59'28,51''S","72°40'15,57''W",-41.991253,-72.670992,"Galaxias maculatus","Puye/Truchita/Coltrao",7,"PESCA ELÉCTRICA",NA,NA,"-","Sudamérica","Chile","CL","Región de Los Lagos","Provincia de Palena","Comuna de Hualaihué","Sector Hualaihué Estero","SUBPESCA.PescaInvestigacion2012-2023.091","SUBPESCA (2023) Resultados de pesca de investigación  de peces de aguas continentales en el período 2012-2023.","SUBPESCA-2","CC NC-BY 4.0","Datos obtenidos por ley de transparencia.","SUBPESCA Pesca Investigación (2012-2023)"
"Juan Cárcamo Barría (2017) Informe de resutados de pesca de investigación asociado al permiso SUBPESCA, R. EX N°411-2017. Proyecto: Caracterización de fauna íctica asociada al proyecto, piscicultura San Joaquín, sector El Varal, comuna de Hualaihué, X región de Los Lagos. Mandante: Cultivos Marinos Lago Yelcho S.P.A.",NA,"2017-02-12",12,6,2017,"0.65277777777777779","PR1","41°59'44,30''S","72°40'06,08''W",-41.995639,-72.668356,"Aplochiton zebra","Farionela listada",1,"PESCA ELÉCTRICA",NA,NA,"-","Sudamérica","Chile","CL","Región de Los Lagos","Provincia de Palena","Comuna de Hualaihué","Sector Hualaihué Estero","SUBPESCA.PescaInvestigacion2012-2023.092","SUBPESCA (2023) Resultados de pesca de investigación  de peces de aguas continentales en el período 2012-2023.","SUBPESCA-2","CC NC-BY 4.0","Datos obtenidos por ley de transparencia.","SUBPESCA Pesca Investigación (2012-2023)"
"Juan Cárcamo Barría (2017) Informe de resutados de pesca de investigación asociado al permiso SUBPESCA, R. EX N°411-2017. Proyecto: Caracterización de fauna íctica asociada al proyecto, piscicultura San Joaquín, sector El Varal, comuna de Hualaihué, X región de Los Lagos. Mandante: Cultivos Marinos Lago Yelcho S.P.A.",NA,"2017-02-12",12,6,2017,"0.65277777777777779","PR1","41°59'44,30''S","72°40'06,08''W",-41.995639,-72.668356,"Galaxias maculatus","Puye/Truchita/Coltrao",7,"PESCA ELÉCTRICA",NA,NA,"-","Sudamérica","Chile","CL","Región de Los Lagos","Provincia de Palena","Comuna de Hualaihué","Sector Hualaihué Estero","SUBPESCA.PescaInvestigacion2012-2023.093","SUBPESCA (2023) Resultados de pesca de investigación  de peces de aguas continentales en el período 2012-2023.","SUBPESCA-2","CC NC-BY 4.0","Datos obtenidos por ley de transparencia.","SUBPESCA Pesca Investigación (2012-2023)"
"Juan Cárcamo Barría (2017) Informe de resutados de pesca de investigación asociado al permiso SUBPESCA, R. EX N°411-2017. Proyecto: Caracterización de fauna íctica asociada al proyecto, piscicultura San Joaquín, sector El Varal, comuna de Hualaihué, X región de Los Lagos. Mandante: Cultivos Marinos Lago Yelcho S.P.A.",NA,"2017-02-12",12,6,2017,"0.55208333333333337","PR7","41°59'41,79''S","72°39'47,79''W",-41.994942,-72.663275,"Galaxias maculatus","Puye/Truchita/Coltrao",5,"PESCA ELÉCTRICA",NA,NA,"-","Sudamérica","Chile","CL","Región de Los Lagos","Provincia de Palena","Comuna de Hualaihué","Sector Hualaihué Estero","SUBPESCA.PescaInvestigacion2012-2023.094","SUBPESCA (2023) Resultados de pesca de investigación  de peces de aguas continentales en el período 2012-2023.","SUBPESCA-2","CC NC-BY 4.0","Datos obtenidos por ley de transparencia.","SUBPESCA Pesca Investigación (2012-2023)"
"Las Orcas Spa. (Photosintesis) (2021) Informe de resutados de pesca de investigación asociado al permiso SUBPESCA, R. EX N°E-2021-117. Proyecto: Caracterización limnológica y uso de hábitats ribereños en los lagos Meullín, Yulton y Río cuervos, región del General Carlos Ibáñez del Campo. Mandante: Fundación Kreen.","entre 20 de febrero y 03 de marzo de 2021","2021-02-20",NA,2,2021,NA,"PYU1-I","663004","5006228",-45.078633,-72.928988,"Galaxias platei","Puye",NA,"Pesca eléctrica y Espineles",NA,NA,"-","Sudamérica","Chile","CL","Región de Aysén","Provincia de Aysén","Comuna de Aysén","Santuario de la Naturaleza Meullín - Puye","SUBPESCA.PescaInvestigacion2012-2023.095","SUBPESCA (2023) Resultados de pesca de investigación  de peces de aguas continentales en el período 2012-2023.","SUBPESCA-2","CC NC-BY 4.0","Datos obtenidos por ley de transparencia.","SUBPESCA Pesca Investigación (2012-2023)"
"Las Orcas Spa. (Photosintesis) (2021) Informe de resutados de pesca de investigación asociado al permiso SUBPESCA, R. EX N°E-2021-117. Proyecto: Caracterización limnológica y uso de hábitats ribereños en los lagos Meullín, Yulton y Río cuervos, región del General Carlos Ibáñez del Campo. Mandante: Fundación Kreen.","entre 20 de febrero y 03 de marzo de 2021","2021-02-20",NA,2,2021,NA,"PYU2-I","661478","5004801",-45.09182,-72.947904,"Galaxias platei","Puye",NA,"Pesca eléctrica y Espineles",NA,NA,"-","Sudamérica","Chile","CL","Región de Aysén","Provincia de Aysén","Comuna de Aysén","Santuario de la Naturaleza Meullín - Puye","SUBPESCA.PescaInvestigacion2012-2023.096","SUBPESCA (2023) Resultados de pesca de investigación  de peces de aguas continentales en el período 2012-2023.","SUBPESCA-2","CC NC-BY 4.0","Datos obtenidos por ley de transparencia.","SUBPESCA Pesca Investigación (2012-2023)"
"Las Orcas Spa. (Photosintesis) (2021) Informe de resutados de pesca de investigación asociado al permiso SUBPESCA, R. EX N°E-2021-117. Proyecto: Caracterización limnológica y uso de hábitats ribereños en los lagos Meullín, Yulton y Río cuervos, región del General Carlos Ibáñez del Campo. Mandante: Fundación Kreen.","entre 20 de febrero y 03 de marzo de 2021","2021-02-20",NA,2,2021,NA,"PYU4-I","659652","5002057",-45.11692,-72.970219,"Galaxias platei","Puye",NA,"Pesca eléctrica y Espineles",NA,NA,"-","Sudamérica","Chile","CL","Región de Aysén","Provincia de Aysén","Comuna de Aysén","Santuario de la Naturaleza Meullín - Puye","SUBPESCA.PescaInvestigacion2012-2023.097","SUBPESCA (2023) Resultados de pesca de investigación  de peces de aguas continentales en el período 2012-2023.","SUBPESCA-2","CC NC-BY 4.0","Datos obtenidos por ley de transparencia.","SUBPESCA Pesca Investigación (2012-2023)"
"Las Orcas Spa. (Photosintesis) (2021) Informe de resutados de pesca de investigación asociado al permiso SUBPESCA, R. EX N°E-2021-117. Proyecto: Caracterización limnológica y uso de hábitats ribereños en los lagos Meullín, Yulton y Río cuervos, región del General Carlos Ibáñez del Campo. Mandante: Fundación Kreen.","entre 20 de febrero y 03 de marzo de 2021","2021-02-20",NA,2,2021,NA,"PYU5-I","659966","5000844",-45.127761,-72.965842,"Galaxias platei","Puye",NA,"Pesca eléctrica y Espineles",NA,NA,"-","Sudamérica","Chile","CL","Región de Aysén","Provincia de Aysén","Comuna de Aysén","Santuario de la Naturaleza Meullín - Puye","SUBPESCA.PescaInvestigacion2012-2023.098","SUBPESCA (2023) Resultados de pesca de investigación  de peces de aguas continentales en el período 2012-2023.","SUBPESCA-2","CC NC-BY 4.0","Datos obtenidos por ley de transparencia.","SUBPESCA Pesca Investigación (2012-2023)"
"Las Orcas Spa. (Photosintesis) (2021) Informe de resutados de pesca de investigación asociado al permiso SUBPESCA, R. EX N°E-2021-117. Proyecto: Caracterización limnológica y uso de hábitats ribereños en los lagos Meullín, Yulton y Río cuervos, región del General Carlos Ibáñez del Campo. Mandante: Fundación Kreen.","entre 20 de febrero y 03 de marzo de 2021","2021-02-20",NA,2,2021,NA,"PYU7-I","659464","5000134",-45.134262,-72.971995,"Galaxias platei","Puye",NA,"Pesca eléctrica y Espineles",NA,NA,"-","Sudamérica","Chile","CL","Región de Aysén","Provincia de Aysén","Comuna de Aysén","Santuario de la Naturaleza Meullín - Puye","SUBPESCA.PescaInvestigacion2012-2023.099","SUBPESCA (2023) Resultados de pesca de investigación  de peces de aguas continentales en el período 2012-2023.","SUBPESCA-2","CC NC-BY 4.0","Datos obtenidos por ley de transparencia.","SUBPESCA Pesca Investigación (2012-2023)"
"Las Orcas Spa. (Photosintesis) (2021) Informe de resutados de pesca de investigación asociado al permiso SUBPESCA, R. EX N°E-2021-117. Proyecto: Caracterización limnológica y uso de hábitats ribereños en los lagos Meullín, Yulton y Río cuervos, región del General Carlos Ibáñez del Campo. Mandante: Fundación Kreen.","entre 20 de febrero y 03 de marzo de 2021","2021-02-20",NA,2,2021,NA,"PYU3-L","660279","5003060",-45.107755,-72.962574,"Galaxias platei","Puye",NA,"Pesca eléctrica y Espineles",NA,NA,"-","Sudamérica","Chile","CL","Región de Aysén","Provincia de Aysén","Comuna de Aysén","Santuario de la Naturaleza Meullín - Puye","SUBPESCA.PescaInvestigacion2012-2023.100","SUBPESCA (2023) Resultados de pesca de investigación  de peces de aguas continentales en el período 2012-2023.","SUBPESCA-2","CC NC-BY 4.0","Datos obtenidos por ley de transparencia.","SUBPESCA Pesca Investigación (2012-2023)"
"Las Orcas Spa. (Photosintesis) (2021) Informe de resutados de pesca de investigación asociado al permiso SUBPESCA, R. EX N°E-2021-117. Proyecto: Caracterización limnológica y uso de hábitats ribereños en los lagos Meullín, Yulton y Río cuervos, región del General Carlos Ibáñez del Campo. Mandante: Fundación Kreen.","entre 20 de febrero y 03 de marzo de 2021","2021-02-20",NA,2,2021,NA,"PYU5-L","659966","5000844",-45.127761,-72.965842,"Galaxias platei","Puye",NA,"Pesca eléctrica y Espineles",NA,NA,"-","Sudamérica","Chile","CL","Región de Aysén","Provincia de Aysén","Comuna de Aysén","Santuario de la Naturaleza Meullín - Puye","SUBPESCA.PescaInvestigacion2012-2023.101","SUBPESCA (2023) Resultados de pesca de investigación  de peces de aguas continentales en el período 2012-2023.","SUBPESCA-2","CC NC-BY 4.0","Datos obtenidos por ley de transparencia.","SUBPESCA Pesca Investigación (2012-2023)"
"Las Orcas Spa. (Photosintesis) (2021) Informe de resutados de pesca de investigación asociado al permiso SUBPESCA, R. EX N°E-2021-117. Proyecto: Caracterización limnológica y uso de hábitats ribereños en los lagos Meullín, Yulton y Río cuervos, región del General Carlos Ibáñez del Campo. Mandante: Fundación Kreen.","entre 20 de febrero y 03 de marzo de 2021","2021-02-20",NA,2,2021,NA,"PYU6-L","659641","5000316",-45.132584,-72.969803,"Galaxias platei","Puye",NA,"Pesca eléctrica y Espineles",NA,NA,"-","Sudamérica","Chile","CL","Región de Aysén","Provincia de Aysén","Comuna de Aysén","Santuario de la Naturaleza Meullín - Puye","SUBPESCA.PescaInvestigacion2012-2023.102","SUBPESCA (2023) Resultados de pesca de investigación  de peces de aguas continentales en el período 2012-2023.","SUBPESCA-2","CC NC-BY 4.0","Datos obtenidos por ley de transparencia.","SUBPESCA Pesca Investigación (2012-2023)"
"Las Orcas Spa. (Photosintesis) (2021) Informe de resutados de pesca de investigación asociado al permiso SUBPESCA, R. EX N°E-2021-117. Proyecto: Caracterización limnológica y uso de hábitats ribereños en los lagos Meullín, Yulton y Río cuervos, región del General Carlos Ibáñez del Campo. Mandante: Fundación Kreen.","entre 20 de febrero y 03 de marzo de 2021","2021-02-20",NA,2,2021,NA,"PYU7-L","659609","4999666",-45.138439,-72.970002,"Galaxias platei","Puye",NA,"Pesca eléctrica y Espineles",NA,NA,"-","Sudamérica","Chile","CL","Región de Aysén","Provincia de Aysén","Comuna de Aysén","Santuario de la Naturaleza Meullín - Puye","SUBPESCA.PescaInvestigacion2012-2023.103","SUBPESCA (2023) Resultados de pesca de investigación  de peces de aguas continentales en el período 2012-2023.","SUBPESCA-2","CC NC-BY 4.0","Datos obtenidos por ley de transparencia.","SUBPESCA Pesca Investigación (2012-2023)"
"Las Orcas Spa. (Photosintesis) (2021) Informe de resutados de pesca de investigación asociado al permiso SUBPESCA, R. EX N°E-2021-117. Proyecto: Caracterización limnológica y uso de hábitats ribereños en los lagos Meullín, Yulton y Río cuervos, región del General Carlos Ibáñez del Campo. Mandante: Fundación Kreen.","entre 20 de febrero y 03 de marzo de 2021","2021-02-20",NA,2,2021,NA,"PYU8-L","664818","4999917",-45.134985,-72.903878,"Galaxias platei","Puye",NA,"Pesca eléctrica y Espineles",NA,NA,"-","Sudamérica","Chile","CL","Región de Aysén","Provincia de Aysén","Comuna de Aysén","Santuario de la Naturaleza Meullín - Puye","SUBPESCA.PescaInvestigacion2012-2023.104","SUBPESCA (2023) Resultados de pesca de investigación  de peces de aguas continentales en el período 2012-2023.","SUBPESCA-2","CC NC-BY 4.0","Datos obtenidos por ley de transparencia.","SUBPESCA Pesca Investigación (2012-2023)"
"Las Orcas Spa. (Photosintesis) (2021) Informe de resutados de pesca de investigación asociado al permiso SUBPESCA, R. EX N°E-2021-117. Proyecto: Caracterización limnológica y uso de hábitats ribereños en los lagos Meullín, Yulton y Río cuervos, región del General Carlos Ibáñez del Campo. Mandante: Fundación Kreen.","entre 20 de febrero y 03 de marzo de 2021","2021-02-20",NA,2,2021,NA,"PYU9-L","664490","4998584",-45.147052,-72.907608,"Galaxias platei","Puye",NA,"Pesca eléctrica y Espineles",NA,NA,"-","Sudamérica","Chile","CL","Región de Aysén","Provincia de Aysén","Comuna de Aysén","Santuario de la Naturaleza Meullín - Puye","SUBPESCA.PescaInvestigacion2012-2023.105","SUBPESCA (2023) Resultados de pesca de investigación  de peces de aguas continentales en el período 2012-2023.","SUBPESCA-2","CC NC-BY 4.0","Datos obtenidos por ley de transparencia.","SUBPESCA Pesca Investigación (2012-2023)"
"Las Orcas Spa. (Photosintesis) (2021) Informe de resutados de pesca de investigación asociado al permiso SUBPESCA, R. EX N°E-2021-117. Proyecto: Caracterización limnológica y uso de hábitats ribereños en los lagos Meullín, Yulton y Río cuervos, región del General Carlos Ibáñez del Campo. Mandante: Fundación Kreen.","entre 20 de febrero y 03 de marzo de 2021","2021-02-20",NA,2,2021,NA,"PYU10-P","660574","5000239",-45.133066,-72.957921,"Galaxias platei","Puye",NA,"Pesca eléctrica y Espineles",NA,NA,"-","Sudamérica","Chile","CL","Región de Aysén","Provincia de Aysén","Comuna de Aysén","Santuario de la Naturaleza Meullín - Puye","SUBPESCA.PescaInvestigacion2012-2023.106","SUBPESCA (2023) Resultados de pesca de investigación  de peces de aguas continentales en el período 2012-2023.","SUBPESCA-2","CC NC-BY 4.0","Datos obtenidos por ley de transparencia.","SUBPESCA Pesca Investigación (2012-2023)"
"Las Orcas Spa. (Photosintesis) (2021) Informe de resutados de pesca de investigación asociado al permiso SUBPESCA, R. EX N°E-2021-117. Proyecto: Caracterización limnológica y uso de hábitats ribereños en los lagos Meullín, Yulton y Río cuervos, región del General Carlos Ibáñez del Campo. Mandante: Fundación Kreen.","entre 20 de febrero y 03 de marzo de 2021","2021-02-20",NA,2,2021,NA,"PYU12-P","659790","4999784",-45.137337,-72.967739,"Galaxias platei","Puye",NA,"Pesca eléctrica y Espineles",NA,NA,"-","Sudamérica","Chile","CL","Región de Aysén","Provincia de Aysén","Comuna de Aysén","Santuario de la Naturaleza Meullín - Puye","SUBPESCA.PescaInvestigacion2012-2023.107","SUBPESCA (2023) Resultados de pesca de investigación  de peces de aguas continentales en el período 2012-2023.","SUBPESCA-2","CC NC-BY 4.0","Datos obtenidos por ley de transparencia.","SUBPESCA Pesca Investigación (2012-2023)"
"Las Orcas Spa. (Photosintesis) (2021) Informe de resutados de pesca de investigación asociado al permiso SUBPESCA, R. EX N°E-2021-117. Proyecto: Caracterización limnológica y uso de hábitats ribereños en los lagos Meullín, Yulton y Río cuervos, región del General Carlos Ibáñez del Campo. Mandante: Fundación Kreen.","entre 20 de febrero y 03 de marzo de 2021","2021-02-20",NA,2,2021,NA,"PME1-I","659636","4996528",-45.166663,-72.968656,"Galaxias platei","Puye",NA,"Pesca eléctrica y Espineles",NA,NA,"-","Sudamérica","Chile","CL","Región de Aysén","Provincia de Aysén","Comuna de Aysén","Santuario de la Naturaleza Meullín - Puye","SUBPESCA.PescaInvestigacion2012-2023.108","SUBPESCA (2023) Resultados de pesca de investigación  de peces de aguas continentales en el período 2012-2023.","SUBPESCA-2","CC NC-BY 4.0","Datos obtenidos por ley de transparencia.","SUBPESCA Pesca Investigación (2012-2023)"
"Las Orcas Spa. (Photosintesis) (2021) Informe de resutados de pesca de investigación asociado al permiso SUBPESCA, R. EX N°E-2021-117. Proyecto: Caracterización limnológica y uso de hábitats ribereños en los lagos Meullín, Yulton y Río cuervos, región del General Carlos Ibáñez del Campo. Mandante: Fundación Kreen.","entre 20 de febrero y 03 de marzo de 2021","2021-02-20",NA,2,2021,NA,"PME3-I","658887","4991665",-45.210579,-72.976631,"Galaxias platei","Puye",NA,"Pesca eléctrica y Espineles",NA,NA,"-","Sudamérica","Chile","CL","Región de Aysén","Provincia de Aysén","Comuna de Aysén","Santuario de la Naturaleza Meullín - Puye","SUBPESCA.PescaInvestigacion2012-2023.109","SUBPESCA (2023) Resultados de pesca de investigación  de peces de aguas continentales en el período 2012-2023.","SUBPESCA-2","CC NC-BY 4.0","Datos obtenidos por ley de transparencia.","SUBPESCA Pesca Investigación (2012-2023)"
"Las Orcas Spa. (Photosintesis) (2021) Informe de resutados de pesca de investigación asociado al permiso SUBPESCA, R. EX N°E-2021-117. Proyecto: Caracterización limnológica y uso de hábitats ribereños en los lagos Meullín, Yulton y Río cuervos, región del General Carlos Ibáñez del Campo. Mandante: Fundación Kreen.","entre 20 de febrero y 03 de marzo de 2021","2021-02-20",NA,2,2021,NA,"PME1-L","659636","4996528",-45.166663,-72.968656,"Galaxias platei","Puye",NA,"Pesca eléctrica y Espineles",NA,NA,"-","Sudamérica","Chile","CL","Región de Aysén","Provincia de Aysén","Comuna de Aysén","Santuario de la Naturaleza Meullín - Puye","SUBPESCA.PescaInvestigacion2012-2023.110","SUBPESCA (2023) Resultados de pesca de investigación  de peces de aguas continentales en el período 2012-2023.","SUBPESCA-2","CC NC-BY 4.0","Datos obtenidos por ley de transparencia.","SUBPESCA Pesca Investigación (2012-2023)"
"Las Orcas Spa. (Photosintesis) (2021) Informe de resutados de pesca de investigación asociado al permiso SUBPESCA, R. EX N°E-2021-117. Proyecto: Caracterización limnológica y uso de hábitats ribereños en los lagos Meullín, Yulton y Río cuervos, región del General Carlos Ibáñez del Campo. Mandante: Fundación Kreen.","entre 20 de febrero y 03 de marzo de 2021","2021-02-20",NA,2,2021,NA,"PME3-L","658887","4991665",-45.210579,-72.976631,"Galaxias platei","Puye",NA,"Pesca eléctrica y Espineles",NA,NA,"-","Sudamérica","Chile","CL","Región de Aysén","Provincia de Aysén","Comuna de Aysén","Santuario de la Naturaleza Meullín - Puye","SUBPESCA.PescaInvestigacion2012-2023.111","SUBPESCA (2023) Resultados de pesca de investigación  de peces de aguas continentales en el período 2012-2023.","SUBPESCA-2","CC NC-BY 4.0","Datos obtenidos por ley de transparencia.","SUBPESCA Pesca Investigación (2012-2023)"
"Las Orcas Spa. (Photosintesis) (2021) Informe de resutados de pesca de investigación asociado al permiso SUBPESCA, R. EX N°E-2021-117. Proyecto: Caracterización limnológica y uso de hábitats ribereños en los lagos Meullín, Yulton y Río cuervos, región del General Carlos Ibáñez del Campo. Mandante: Fundación Kreen.","entre 20 de febrero y 03 de marzo de 2021","2021-02-20",NA,2,2021,NA,"PME5-P","658972","4993949",-45.190013,-72.976278,"Galaxias platei","Puye",NA,"Pesca eléctrica y Espineles",NA,NA,"-","Sudamérica","Chile","CL","Región de Aysén","Provincia de Aysén","Comuna de Aysén","Santuario de la Naturaleza Meullín - Puye","SUBPESCA.PescaInvestigacion2012-2023.112","SUBPESCA (2023) Resultados de pesca de investigación  de peces de aguas continentales en el período 2012-2023.","SUBPESCA-2","CC NC-BY 4.0","Datos obtenidos por ley de transparencia.","SUBPESCA Pesca Investigación (2012-2023)"
"Las Orcas Spa. (Photosintesis) (2021) Informe de resutados de pesca de investigación asociado al permiso SUBPESCA, R. EX N°E-2021-117. Proyecto: Caracterización limnológica y uso de hábitats ribereños en los lagos Meullín, Yulton y Río cuervos, región del General Carlos Ibáñez del Campo. Mandante: Fundación Kreen.","entre 20 de febrero y 03 de marzo de 2021","2021-02-20",NA,2,2021,NA,"RC1","655331","4985470",-45.267104,-73.019953,"Galaxias platei","Puye",NA,"Pesca eléctrica y Espineles",NA,NA,"-","Sudamérica","Chile","CL","Región de Aysén","Provincia de Aysén","Comuna de Aysén","Santuario de la Naturaleza Meullín - Puye","SUBPESCA.PescaInvestigacion2012-2023.113","SUBPESCA (2023) Resultados de pesca de investigación  de peces de aguas continentales en el período 2012-2023.","SUBPESCA-2","CC NC-BY 4.0","Datos obtenidos por ley de transparencia.","SUBPESCA Pesca Investigación (2012-2023)"
"Las Orcas Spa. (Photosintesis) (2021) Informe de resutados de pesca de investigación asociado al permiso SUBPESCA, R. EX N°E-2021-117. Proyecto: Caracterización limnológica y uso de hábitats ribereños en los lagos Meullín, Yulton y Río cuervos, región del General Carlos Ibáñez del Campo. Mandante: Fundación Kreen.","entre 20 de febrero y 03 de marzo de 2021","2021-02-20",NA,2,2021,NA,"PYU6-I","659544","5000201",-45.133641,-72.970999,"Galaxias platei","Puye",NA,"Pesca eléctrica y Espineles",NA,NA,"-","Sudamérica","Chile","CL","Región de Aysén","Provincia de Aysén","Comuna de Aysén","Santuario de la Naturaleza Meullín - Puye","SUBPESCA.PescaInvestigacion2012-2023.114","SUBPESCA (2023) Resultados de pesca de investigación  de peces de aguas continentales en el período 2012-2023.","SUBPESCA-2","CC NC-BY 4.0","Datos obtenidos por ley de transparencia.","SUBPESCA Pesca Investigación (2012-2023)"
"Las Orcas Spa. (Photosintesis) (2021) Informe de resutados de pesca de investigación asociado al permiso SUBPESCA, R. EX N°E-2021-117. Proyecto: Caracterización limnológica y uso de hábitats ribereños en los lagos Meullín, Yulton y Río cuervos, región del General Carlos Ibáñez del Campo. Mandante: Fundación Kreen.","entre 20 de febrero y 03 de marzo de 2021","2021-02-20",NA,2,2021,NA,"QT1","664229","4997835",-45.153851,-72.910679,"Galaxias platei","Puye",NA,"Pesca eléctrica y Espineles",NA,NA,"-","Sudamérica","Chile","CL","Región de Aysén","Provincia de Aysén","Comuna de Aysén","Santuario de la Naturaleza Meullín - Puye","SUBPESCA.PescaInvestigacion2012-2023.115","SUBPESCA (2023) Resultados de pesca de investigación  de peces de aguas continentales en el período 2012-2023.","SUBPESCA-2","CC NC-BY 4.0","Datos obtenidos por ley de transparencia.","SUBPESCA Pesca Investigación (2012-2023)"
"Las Orcas Spa. (Photosintesis) (2021) Informe de resutados de pesca de investigación asociado al permiso SUBPESCA, R. EX N°E-2021-117. Proyecto: Caracterización limnológica y uso de hábitats ribereños en los lagos Meullín, Yulton y Río cuervos, región del General Carlos Ibáñez del Campo. Mandante: Fundación Kreen.","entre 20 de febrero y 03 de marzo de 2021","2021-02-20",NA,2,2021,NA,"PYU0-L","663782","5006585",-45.075242,-72.919226,"Galaxias platei","Puye",NA,"Pesca eléctrica y Espineles",NA,NA,"-","Sudamérica","Chile","CL","Región de Aysén","Provincia de Aysén","Comuna de Aysén","Santuario de la Naturaleza Meullín - Puye","SUBPESCA.PescaInvestigacion2012-2023.116","SUBPESCA (2023) Resultados de pesca de investigación  de peces de aguas continentales en el período 2012-2023.","SUBPESCA-2","CC NC-BY 4.0","Datos obtenidos por ley de transparencia.","SUBPESCA Pesca Investigación (2012-2023)"
"Las Orcas Spa. (Photosintesis) (2021) Informe de resutados de pesca de investigación asociado al permiso SUBPESCA, R. EX N°E-2021-117. Proyecto: Caracterización limnológica y uso de hábitats ribereños en los lagos Meullín, Yulton y Río cuervos, región del General Carlos Ibáñez del Campo. Mandante: Fundación Kreen.","entre 20 de febrero y 03 de marzo de 2021","2021-02-20",NA,2,2021,NA,"PYU1-L","663038","5006205",-45.078832,-72.928548,"Galaxias platei","Puye",NA,"Pesca eléctrica y Espineles",NA,NA,"-","Sudamérica","Chile","CL","Región de Aysén","Provincia de Aysén","Comuna de Aysén","Santuario de la Naturaleza Meullín - Puye","SUBPESCA.PescaInvestigacion2012-2023.117","SUBPESCA (2023) Resultados de pesca de investigación  de peces de aguas continentales en el período 2012-2023.","SUBPESCA-2","CC NC-BY 4.0","Datos obtenidos por ley de transparencia.","SUBPESCA Pesca Investigación (2012-2023)"
"Las Orcas Spa. (Photosintesis) (2021) Informe de resutados de pesca de investigación asociado al permiso SUBPESCA, R. EX N°E-2021-117. Proyecto: Caracterización limnológica y uso de hábitats ribereños en los lagos Meullín, Yulton y Río cuervos, región del General Carlos Ibáñez del Campo. Mandante: Fundación Kreen.","entre 20 de febrero y 03 de marzo de 2021","2021-02-20",NA,2,2021,NA,"PYU2-L","661482","5004811",-45.091729,-72.947856,"Galaxias platei","Puye",NA,"Pesca eléctrica y Espineles",NA,NA,"-","Sudamérica","Chile","CL","Región de Aysén","Provincia de Aysén","Comuna de Aysén","Santuario de la Naturaleza Meullín - Puye","SUBPESCA.PescaInvestigacion2012-2023.118","SUBPESCA (2023) Resultados de pesca de investigación  de peces de aguas continentales en el período 2012-2023.","SUBPESCA-2","CC NC-BY 4.0","Datos obtenidos por ley de transparencia.","SUBPESCA Pesca Investigación (2012-2023)"
"Las Orcas Spa. (Photosintesis) (2021) Informe de resutados de pesca de investigación asociado al permiso SUBPESCA, R. EX N°E-2021-117. Proyecto: Caracterización limnológica y uso de hábitats ribereños en los lagos Meullín, Yulton y Río cuervos, región del General Carlos Ibáñez del Campo. Mandante: Fundación Kreen.","entre 20 de febrero y 03 de marzo de 2021","2021-02-20",NA,2,2021,NA,"PYU4-L","659669","5002112",-45.116421,-72.970021,"Galaxias platei","Puye",NA,"Pesca eléctrica y Espineles",NA,NA,"-","Sudamérica","Chile","CL","Región de Aysén","Provincia de Aysén","Comuna de Aysén","Santuario de la Naturaleza Meullín - Puye","SUBPESCA.PescaInvestigacion2012-2023.119","SUBPESCA (2023) Resultados de pesca de investigación  de peces de aguas continentales en el período 2012-2023.","SUBPESCA-2","CC NC-BY 4.0","Datos obtenidos por ley de transparencia.","SUBPESCA Pesca Investigación (2012-2023)"
"Las Orcas Spa. (Photosintesis) (2021) Informe de resutados de pesca de investigación asociado al permiso SUBPESCA, R. EX N°E-2021-117. Proyecto: Caracterización limnológica y uso de hábitats ribereños en los lagos Meullín, Yulton y Río cuervos, región del General Carlos Ibáñez del Campo. Mandante: Fundación Kreen.","entre 20 de febrero y 03 de marzo de 2021","2021-02-20",NA,2,2021,NA,"QT1-L","664490","4998584",-45.147052,-72.907608,"Galaxias platei","Puye",NA,"Pesca eléctrica y Espineles",NA,NA,"-","Sudamérica","Chile","CL","Región de Aysén","Provincia de Aysén","Comuna de Aysén","Santuario de la Naturaleza Meullín - Puye","SUBPESCA.PescaInvestigacion2012-2023.120","SUBPESCA (2023) Resultados de pesca de investigación  de peces de aguas continentales en el período 2012-2023.","SUBPESCA-2","CC NC-BY 4.0","Datos obtenidos por ley de transparencia.","SUBPESCA Pesca Investigación (2012-2023)"
"Las Orcas Spa. (Photosintesis) (2021) Informe de resutados de pesca de investigación asociado al permiso SUBPESCA, R. EX N°E-2021-117. Proyecto: Caracterización limnológica y uso de hábitats ribereños en los lagos Meullín, Yulton y Río cuervos, región del General Carlos Ibáñez del Campo. Mandante: Fundación Kreen.","entre 20 de febrero y 03 de marzo de 2021","2021-02-20",NA,2,2021,NA,"YU2","673558","5004488",-45.091775,-72.79439,"Galaxias platei","Puye",NA,"Pesca eléctrica y Espineles",NA,NA,"-","Sudamérica","Chile","CL","Región de Aysén","Provincia de Aysén","Comuna de Aysén","Santuario de la Naturaleza Meullín - Puye","SUBPESCA.PescaInvestigacion2012-2023.121","SUBPESCA (2023) Resultados de pesca de investigación  de peces de aguas continentales en el período 2012-2023.","SUBPESCA-2","CC NC-BY 4.0","Datos obtenidos por ley de transparencia.","SUBPESCA Pesca Investigación (2012-2023)"
"Las Orcas Spa. (Photosintesis) (2021) Informe de resutados de pesca de investigación asociado al permiso SUBPESCA, R. EX N°E-2021-117. Proyecto: Caracterización limnológica y uso de hábitats ribereños en los lagos Meullín, Yulton y Río cuervos, región del General Carlos Ibáñez del Campo. Mandante: Fundación Kreen.","entre 20 de febrero y 03 de marzo de 2021","2021-02-20",NA,2,2021,NA,"YU13","659802","4999485",-45.140024,-72.967491,"Galaxias platei","Puye",NA,"Pesca eléctrica y Espineles",NA,NA,"-","Sudamérica","Chile","CL","Región de Aysén","Provincia de Aysén","Comuna de Aysén","Santuario de la Naturaleza Meullín - Puye","SUBPESCA.PescaInvestigacion2012-2023.122","SUBPESCA (2023) Resultados de pesca de investigación  de peces de aguas continentales en el período 2012-2023.","SUBPESCA-2","CC NC-BY 4.0","Datos obtenidos por ley de transparencia.","SUBPESCA Pesca Investigación (2012-2023)"
"Las Orcas Spa. (Photosintesis) (2021) Informe de resutados de pesca de investigación asociado al permiso SUBPESCA, R. EX N°E-2021-117. Proyecto: Caracterización limnológica y uso de hábitats ribereños en los lagos Meullín, Yulton y Río cuervos, región del General Carlos Ibáñez del Campo. Mandante: Fundación Kreen.","entre 20 de febrero y 03 de marzo de 2021","2021-02-20",NA,2,2021,NA,"DYU1","659716","4999397",-45.140835,-72.968556,"Galaxias platei","Puye",NA,"Pesca eléctrica y Espineles",NA,NA,"-","Sudamérica","Chile","CL","Región de Aysén","Provincia de Aysén","Comuna de Aysén","Santuario de la Naturaleza Meullín - Puye","SUBPESCA.PescaInvestigacion2012-2023.123","SUBPESCA (2023) Resultados de pesca de investigación  de peces de aguas continentales en el período 2012-2023.","SUBPESCA-2","CC NC-BY 4.0","Datos obtenidos por ley de transparencia.","SUBPESCA Pesca Investigación (2012-2023)"
"Las Orcas Spa. (Photosintesis) (2021) Informe de resutados de pesca de investigación asociado al permiso SUBPESCA, R. EX N°E-2021-117. Proyecto: Caracterización limnológica y uso de hábitats ribereños en los lagos Meullín, Yulton y Río cuervos, región del General Carlos Ibáñez del Campo. Mandante: Fundación Kreen.","entre 20 de febrero y 03 de marzo de 2021","2021-02-20",NA,2,2021,NA,"YU12","659460","4998455",-45.149367,-72.97151,"Galaxias platei","Puye",NA,"Pesca eléctrica y Espineles",NA,NA,"-","Sudamérica","Chile","CL","Región de Aysén","Provincia de Aysén","Comuna de Aysén","Santuario de la Naturaleza Meullín - Puye","SUBPESCA.PescaInvestigacion2012-2023.124","SUBPESCA (2023) Resultados de pesca de investigación  de peces de aguas continentales en el período 2012-2023.","SUBPESCA-2","CC NC-BY 4.0","Datos obtenidos por ley de transparencia.","SUBPESCA Pesca Investigación (2012-2023)"
"Las Orcas Spa. (Photosintesis) (2021) Informe de resutados de pesca de investigación asociado al permiso SUBPESCA, R. EX N°E-2021-117. Proyecto: Caracterización limnológica y uso de hábitats ribereños en los lagos Meullín, Yulton y Río cuervos, región del General Carlos Ibáñez del Campo. Mandante: Fundación Kreen.","entre 20 de febrero y 03 de marzo de 2021","2021-02-20",NA,2,2021,NA,"DYU2","659847","4997061",-45.16182,-72.966144,"Galaxias platei","Puye",NA,"Pesca eléctrica y Espineles",NA,NA,"-","Sudamérica","Chile","CL","Región de Aysén","Provincia de Aysén","Comuna de Aysén","Santuario de la Naturaleza Meullín - Puye","SUBPESCA.PescaInvestigacion2012-2023.125","SUBPESCA (2023) Resultados de pesca de investigación  de peces de aguas continentales en el período 2012-2023.","SUBPESCA-2","CC NC-BY 4.0","Datos obtenidos por ley de transparencia.","SUBPESCA Pesca Investigación (2012-2023)"
"Las Orcas Spa. (Photosintesis) (2021) Informe de resutados de pesca de investigación asociado al permiso SUBPESCA, R. EX N°E-2021-117. Proyecto: Caracterización limnológica y uso de hábitats ribereños en los lagos Meullín, Yulton y Río cuervos, región del General Carlos Ibáñez del Campo. Mandante: Fundación Kreen.","entre 20 de febrero y 03 de marzo de 2021","2021-02-20",NA,2,2021,NA,"DYU3","660084","4996396",-45.167749,-72.962917,"Galaxias platei","Puye",NA,"Pesca eléctrica y Espineles",NA,NA,"-","Sudamérica","Chile","CL","Región de Aysén","Provincia de Aysén","Comuna de Aysén","Santuario de la Naturaleza Meullín - Puye","SUBPESCA.PescaInvestigacion2012-2023.126","SUBPESCA (2023) Resultados de pesca de investigación  de peces de aguas continentales en el período 2012-2023.","SUBPESCA-2","CC NC-BY 4.0","Datos obtenidos por ley de transparencia.","SUBPESCA Pesca Investigación (2012-2023)"
"Las Orcas Spa. (Photosintesis) (2021) Informe de resutados de pesca de investigación asociado al permiso SUBPESCA, R. EX N°E-2021-117. Proyecto: Caracterización limnológica y uso de hábitats ribereños en los lagos Meullín, Yulton y Río cuervos, región del General Carlos Ibáñez del Campo. Mandante: Fundación Kreen.","entre 20 de febrero y 03 de marzo de 2021","2021-02-20",NA,2,2021,NA,"MET2","657472","4996006",-45.171845,-72.996011,"Galaxias platei","Puye",NA,"Pesca eléctrica y Espineles",NA,NA,"-","Sudamérica","Chile","CL","Región de Aysén","Provincia de Aysén","Comuna de Aysén","Santuario de la Naturaleza Meullín - Puye","SUBPESCA.PescaInvestigacion2012-2023.127","SUBPESCA (2023) Resultados de pesca de investigación  de peces de aguas continentales en el período 2012-2023.","SUBPESCA-2","CC NC-BY 4.0","Datos obtenidos por ley de transparencia.","SUBPESCA Pesca Investigación (2012-2023)"
"Las Orcas Spa. (Photosintesis) (2021) Informe de resutados de pesca de investigación asociado al permiso SUBPESCA, R. EX N°E-2021-117. Proyecto: Caracterización limnológica y uso de hábitats ribereños en los lagos Meullín, Yulton y Río cuervos, región del General Carlos Ibáñez del Campo. Mandante: Fundación Kreen.","entre 20 de febrero y 03 de marzo de 2021","2021-02-20",NA,2,2021,NA,"RMA2-L","658801","4996092",-45.170773,-72.979136,"Galaxias platei","Puye",NA,"Pesca eléctrica y Espineles",NA,NA,"-","Sudamérica","Chile","CL","Región de Aysén","Provincia de Aysén","Comuna de Aysén","Santuario de la Naturaleza Meullín - Puye","SUBPESCA.PescaInvestigacion2012-2023.128","SUBPESCA (2023) Resultados de pesca de investigación  de peces de aguas continentales en el período 2012-2023.","SUBPESCA-2","CC NC-BY 4.0","Datos obtenidos por ley de transparencia.","SUBPESCA Pesca Investigación (2012-2023)"
"Las Orcas Spa. (Photosintesis) (2021) Informe de resutados de pesca de investigación asociado al permiso SUBPESCA, R. EX N°E-2021-117. Proyecto: Caracterización limnológica y uso de hábitats ribereños en los lagos Meullín, Yulton y Río cuervos, región del General Carlos Ibáñez del Campo. Mandante: Fundación Kreen.","entre 20 de febrero y 03 de marzo de 2021","2021-02-20",NA,2,2021,NA,"T0","666714","4991983",-45.20591,-72.877131,"Salmo trutta","trucha café",NA,"Pesca eléctrica y Espineles",NA,NA,"-","Sudamérica","Chile","CL","Región de Aysén","Provincia de Aysén","Comuna de Aysén","Santuario de la Naturaleza Meullín - Puye","SUBPESCA.PescaInvestigacion2012-2023.129","SUBPESCA (2023) Resultados de pesca de investigación  de peces de aguas continentales en el período 2012-2023.","SUBPESCA-2","CC NC-BY 4.0","Datos obtenidos por ley de transparencia.","SUBPESCA Pesca Investigación (2012-2023)"
"Las Orcas Spa. (Photosintesis) (2021) Informe de resutados de pesca de investigación asociado al permiso SUBPESCA, R. EX N°E-2021-117. Proyecto: Caracterización limnológica y uso de hábitats ribereños en los lagos Meullín, Yulton y Río cuervos, región del General Carlos Ibáñez del Campo. Mandante: Fundación Kreen.","entre 20 de febrero y 03 de marzo de 2021","2021-02-20",NA,2,2021,NA,"T0-1","670084","4989001",-45.231928,-72.83323,"Salmo trutta","trucha café",NA,"Pesca eléctrica y Espineles",NA,NA,"-","Sudamérica","Chile","CL","Región de Aysén","Provincia de Aysén","Comuna de Aysén","Santuario de la Naturaleza Meullín - Puye","SUBPESCA.PescaInvestigacion2012-2023.130","SUBPESCA (2023) Resultados de pesca de investigación  de peces de aguas continentales en el período 2012-2023.","SUBPESCA-2","CC NC-BY 4.0","Datos obtenidos por ley de transparencia.","SUBPESCA Pesca Investigación (2012-2023)"
"Las Orcas Spa. (Photosintesis) (2021) Informe de resutados de pesca de investigación asociado al permiso SUBPESCA, R. EX N°E-2021-117. Proyecto: Caracterización limnológica y uso de hábitats ribereños en los lagos Meullín, Yulton y Río cuervos, región del General Carlos Ibáñez del Campo. Mandante: Fundación Kreen.","entre 20 de febrero y 03 de marzo de 2021","2021-02-20",NA,2,2021,NA,"T1","671625","4986394",-45.255004,-72.812713,"Salmo trutta","trucha café",NA,"Pesca eléctrica y Espineles",NA,NA,"-","Sudamérica","Chile","CL","Región de Aysén","Provincia de Aysén","Comuna de Aysén","Santuario de la Naturaleza Meullín - Puye","SUBPESCA.PescaInvestigacion2012-2023.131","SUBPESCA (2023) Resultados de pesca de investigación  de peces de aguas continentales en el período 2012-2023.","SUBPESCA-2","CC NC-BY 4.0","Datos obtenidos por ley de transparencia.","SUBPESCA Pesca Investigación (2012-2023)"
"Las Orcas Spa. (Photosintesis) (2021) Informe de resutados de pesca de investigación asociado al permiso SUBPESCA, R. EX N°E-2021-117. Proyecto: Caracterización limnológica y uso de hábitats ribereños en los lagos Meullín, Yulton y Río cuervos, región del General Carlos Ibáñez del Campo. Mandante: Fundación Kreen.","entre 20 de febrero y 03 de marzo de 2021","2021-02-20",NA,2,2021,NA,"T2","674787","4983565",-45.279671,-72.771449,"Salmo trutta","trucha café",NA,"Pesca eléctrica y Espineles",NA,NA,"-","Sudamérica","Chile","CL","Región de Aysén","Provincia de Aysén","Comuna de Aysén","Santuario de la Naturaleza Meullín - Puye","SUBPESCA.PescaInvestigacion2012-2023.132","SUBPESCA (2023) Resultados de pesca de investigación  de peces de aguas continentales en el período 2012-2023.","SUBPESCA-2","CC NC-BY 4.0","Datos obtenidos por ley de transparencia.","SUBPESCA Pesca Investigación (2012-2023)"
"Las Orcas Spa. (Photosintesis) (2021) Informe de resutados de pesca de investigación asociado al permiso SUBPESCA, R. EX N°E-2021-117. Proyecto: Caracterización limnológica y uso de hábitats ribereños en los lagos Meullín, Yulton y Río cuervos, región del General Carlos Ibáñez del Campo. Mandante: Fundación Kreen.","entre 20 de febrero y 03 de marzo de 2021","2021-02-20",NA,2,2021,NA,"T3","677656","4981757",-45.295214,-72.734249,"Salmo trutta","trucha café",NA,"Pesca eléctrica y Espineles",NA,NA,"-","Sudamérica","Chile","CL","Región de Aysén","Provincia de Aysén","Comuna de Aysén","Santuario de la Naturaleza Meullín - Puye","SUBPESCA.PescaInvestigacion2012-2023.133","SUBPESCA (2023) Resultados de pesca de investigación  de peces de aguas continentales en el período 2012-2023.","SUBPESCA-2","CC NC-BY 4.0","Datos obtenidos por ley de transparencia.","SUBPESCA Pesca Investigación (2012-2023)"
"Brian Reid (2022) Informe de resutados de pesca de investigación asociado al permiso SUBPESCA, R. EX N°E-2022-499. Proyecto: Efecto de sedimentos suspendidos a la alimentación de los peces nativos e introducidos, en la cuenca del río Simpson, región de Aysén. Centro de Investigación de Ecosistemas de la Patagonia.",NA,"2023-02-07",7,2,2023,"7:00 - 12:00 HRS","T1A","725805","4932723",-45.722188,-72.098298,"Salmo trutta","trucha café",1,"pesca con caña (mosca y cuchara) y electro-pesca",NA,NA,"40 MIN (Caña) Y 440 SEG (Electro pesca)","Sudamérica","Chile","CL","Región de Aysén","Provincia de Coyhaique","Comuna de Coyhaique","Valle Simpson","SUBPESCA.PescaInvestigacion2012-2023.134","SUBPESCA (2023) Resultados de pesca de investigación  de peces de aguas continentales en el período 2012-2023.","SUBPESCA-2","CC NC-BY 4.0","Datos obtenidos por ley de transparencia.","SUBPESCA Pesca Investigación (2012-2023)"
"Brian Reid (2022) Informe de resutados de pesca de investigación asociado al permiso SUBPESCA, R. EX N°E-2022-499. Proyecto: Efecto de sedimentos suspendidos a la alimentación de los peces nativos e introducidos, en la cuenca del río Simpson, región de Aysén. Centro de Investigación de Ecosistemas de la Patagonia.",NA,"2023-02-07",7,2,2023,"7:00 - 12:00 HRS","T1A","725805","4932723",-45.722188,-72.098298,"Salmo trutta","trucha café",2,"pesca con caña (mosca y cuchara) y electro-pesca",NA,NA,"40 MIN (Caña) Y 440 SEG (Electro pesca)","Sudamérica","Chile","CL","Región de Aysén","Provincia de Coyhaique","Comuna de Coyhaique","Valle Simpson","SUBPESCA.PescaInvestigacion2012-2023.135","SUBPESCA (2023) Resultados de pesca de investigación  de peces de aguas continentales en el período 2012-2023.","SUBPESCA-2","CC NC-BY 4.0","Datos obtenidos por ley de transparencia.","SUBPESCA Pesca Investigación (2012-2023)"
"Brian Reid (2022) Informe de resutados de pesca de investigación asociado al permiso SUBPESCA, R. EX N°E-2022-499. Proyecto: Efecto de sedimentos suspendidos a la alimentación de los peces nativos e introducidos, en la cuenca del río Simpson, región de Aysén. Centro de Investigación de Ecosistemas de la Patagonia.",NA,"2023-02-07",7,2,2023,"7:00 - 12:00 HRS","T1A","725805","4932723",-45.722188,-72.098298,"Oncorhynchus mykiss","trucha arcoíris",3,"pesca con caña (mosca y cuchara) y electro-pesca",NA,NA,"40 MIN (Caña) Y 440 SEG (Electro pesca)","Sudamérica","Chile","CL","Región de Aysén","Provincia de Coyhaique","Comuna de Coyhaique","Valle Simpson","SUBPESCA.PescaInvestigacion2012-2023.136","SUBPESCA (2023) Resultados de pesca de investigación  de peces de aguas continentales en el período 2012-2023.","SUBPESCA-2","CC NC-BY 4.0","Datos obtenidos por ley de transparencia.","SUBPESCA Pesca Investigación (2012-2023)"
"Brian Reid (2022) Informe de resutados de pesca de investigación asociado al permiso SUBPESCA, R. EX N°E-2022-499. Proyecto: Efecto de sedimentos suspendidos a la alimentación de los peces nativos e introducidos, en la cuenca del río Simpson, región de Aysén. Centro de Investigación de Ecosistemas de la Patagonia.",NA,"2023-02-07",7,2,2023,"7:00 - 12:00 HRS","T1A","725805","4932723",-45.722188,-72.098298,"Oncorhynchus mykiss","trucha arcoíris",4,"pesca con caña (mosca y cuchara) y electro-pesca",NA,NA,"40 MIN (Caña) Y 440 SEG (Electro pesca)","Sudamérica","Chile","CL","Región de Aysén","Provincia de Coyhaique","Comuna de Coyhaique","Valle Simpson","SUBPESCA.PescaInvestigacion2012-2023.137","SUBPESCA (2023) Resultados de pesca de investigación  de peces de aguas continentales en el período 2012-2023.","SUBPESCA-2","CC NC-BY 4.0","Datos obtenidos por ley de transparencia.","SUBPESCA Pesca Investigación (2012-2023)"
"Brian Reid (2022) Informe de resutados de pesca de investigación asociado al permiso SUBPESCA, R. EX N°E-2022-499. Proyecto: Efecto de sedimentos suspendidos a la alimentación de los peces nativos e introducidos, en la cuenca del río Simpson, región de Aysén. Centro de Investigación de Ecosistemas de la Patagonia.",NA,"2023-02-07",7,2,2023,"7:00 - 12:00 HRS","T1B","725283","4932978",-45.720066,-72.105116,"Oncorhynchus mykiss","trucha arcoíris",1,"pesca con caña (mosca y cuchara) y electro-pesca",NA,NA,"30 MIN (Caña) Y 415 SEG (Electro pesca)","Sudamérica","Chile","CL","Región de Aysén","Provincia de Coyhaique","Comuna de Coyhaique","Valle Simpson","SUBPESCA.PescaInvestigacion2012-2023.138","SUBPESCA (2023) Resultados de pesca de investigación  de peces de aguas continentales en el período 2012-2023.","SUBPESCA-2","CC NC-BY 4.0","Datos obtenidos por ley de transparencia.","SUBPESCA Pesca Investigación (2012-2023)"
"Brian Reid (2022) Informe de resutados de pesca de investigación asociado al permiso SUBPESCA, R. EX N°E-2022-499. Proyecto: Efecto de sedimentos suspendidos a la alimentación de los peces nativos e introducidos, en la cuenca del río Simpson, región de Aysén. Centro de Investigación de Ecosistemas de la Patagonia.",NA,"2023-02-07",7,2,2023,"7:00 - 12:00 HRS","T1B","725283","4932978",-45.720066,-72.105116,"Oncorhynchus mykiss","trucha arcoíris",2,"pesca con caña (mosca y cuchara) y electro-pesca",NA,NA,"30 MIN (Caña) Y 415 SEG (Electro pesca)","Sudamérica","Chile","CL","Región de Aysén","Provincia de Coyhaique","Comuna de Coyhaique","Valle Simpson","SUBPESCA.PescaInvestigacion2012-2023.139","SUBPESCA (2023) Resultados de pesca de investigación  de peces de aguas continentales en el período 2012-2023.","SUBPESCA-2","CC NC-BY 4.0","Datos obtenidos por ley de transparencia.","SUBPESCA Pesca Investigación (2012-2023)"
"Brian Reid (2022) Informe de resutados de pesca de investigación asociado al permiso SUBPESCA, R. EX N°E-2022-499. Proyecto: Efecto de sedimentos suspendidos a la alimentación de los peces nativos e introducidos, en la cuenca del río Simpson, región de Aysén. Centro de Investigación de Ecosistemas de la Patagonia.",NA,"2023-02-07",7,2,2023,"7:00 - 12:00 HRS","T1B","725283","4932978",-45.720066,-72.105116,"Hatcheria macraei",NA,3,"pesca con caña (mosca y cuchara) y electro-pesca",NA,NA,"30 MIN (Caña) Y 415 SEG (Electro pesca)","Sudamérica","Chile","CL","Región de Aysén","Provincia de Coyhaique","Comuna de Coyhaique","Valle Simpson","SUBPESCA.PescaInvestigacion2012-2023.140","SUBPESCA (2023) Resultados de pesca de investigación  de peces de aguas continentales en el período 2012-2023.","SUBPESCA-2","CC NC-BY 4.0","Datos obtenidos por ley de transparencia.","SUBPESCA Pesca Investigación (2012-2023)"
"Brian Reid (2022) Informe de resutados de pesca de investigación asociado al permiso SUBPESCA, R. EX N°E-2022-499. Proyecto: Efecto de sedimentos suspendidos a la alimentación de los peces nativos e introducidos, en la cuenca del río Simpson, región de Aysén. Centro de Investigación de Ecosistemas de la Patagonia.",NA,"2023-02-07",7,2,2023,"7:00 - 12:00 HRS","T1B","725283","4932978",-45.720066,-72.105116,"Oncorhynchus mykiss","trucha arcoíris",4,"pesca con caña (mosca y cuchara) y electro-pesca",NA,NA,"30 MIN (Caña) Y 415 SEG (Electro pesca)","Sudamérica","Chile","CL","Región de Aysén","Provincia de Coyhaique","Comuna de Coyhaique","Valle Simpson","SUBPESCA.PescaInvestigacion2012-2023.141","SUBPESCA (2023) Resultados de pesca de investigación  de peces de aguas continentales en el período 2012-2023.","SUBPESCA-2","CC NC-BY 4.0","Datos obtenidos por ley de transparencia.","SUBPESCA Pesca Investigación (2012-2023)"
"Brian Reid (2022) Informe de resutados de pesca de investigación asociado al permiso SUBPESCA, R. EX N°E-2022-499. Proyecto: Efecto de sedimentos suspendidos a la alimentación de los peces nativos e introducidos, en la cuenca del río Simpson, región de Aysén. Centro de Investigación de Ecosistemas de la Patagonia.",NA,"2023-02-07",7,2,2023,"7:00 - 12:00 HRS","T1B","725283","4932978",-45.720066,-72.105116,"Oncorhynchus mykiss","trucha arcoíris",5,"pesca con caña (mosca y cuchara) y electro-pesca",NA,NA,"30 MIN (Caña) Y 415 SEG (Electro pesca)","Sudamérica","Chile","CL","Región de Aysén","Provincia de Coyhaique","Comuna de Coyhaique","Valle Simpson","SUBPESCA.PescaInvestigacion2012-2023.142","SUBPESCA (2023) Resultados de pesca de investigación  de peces de aguas continentales en el período 2012-2023.","SUBPESCA-2","CC NC-BY 4.0","Datos obtenidos por ley de transparencia.","SUBPESCA Pesca Investigación (2012-2023)"
"Brian Reid (2022) Informe de resutados de pesca de investigación asociado al permiso SUBPESCA, R. EX N°E-2022-499. Proyecto: Efecto de sedimentos suspendidos a la alimentación de los peces nativos e introducidos, en la cuenca del río Simpson, región de Aysén. Centro de Investigación de Ecosistemas de la Patagonia.",NA,"2023-02-07",7,2,2023,"7:00 - 12:00 HRS","T1C","724646","4932925",-45.72075,-72.113266,"Oncorhynchus mykiss","trucha arcoíris",1,"pesca con caña (mosca y cuchara) y electro-pesca",NA,NA,"20 MIN (Caña) Y 430 SEG (Electro pesca)","Sudamérica","Chile","CL","Región de Aysén","Provincia de Coyhaique","Comuna de Coyhaique","Valle Simpson","SUBPESCA.PescaInvestigacion2012-2023.143","SUBPESCA (2023) Resultados de pesca de investigación  de peces de aguas continentales en el período 2012-2023.","SUBPESCA-2","CC NC-BY 4.0","Datos obtenidos por ley de transparencia.","SUBPESCA Pesca Investigación (2012-2023)"
"Brian Reid (2022) Informe de resutados de pesca de investigación asociado al permiso SUBPESCA, R. EX N°E-2022-499. Proyecto: Efecto de sedimentos suspendidos a la alimentación de los peces nativos e introducidos, en la cuenca del río Simpson, región de Aysén. Centro de Investigación de Ecosistemas de la Patagonia.",NA,"2023-02-07",7,2,2023,"7:00 - 12:00 HRS","T1C","724646","4932925",-45.72075,-72.113266,"Salmo trutta","trucha café",2,"pesca con caña (mosca y cuchara) y electro-pesca",NA,NA,"20 MIN (Caña) Y 430 SEG (Electro pesca)","Sudamérica","Chile","CL","Región de Aysén","Provincia de Coyhaique","Comuna de Coyhaique","Valle Simpson","SUBPESCA.PescaInvestigacion2012-2023.144","SUBPESCA (2023) Resultados de pesca de investigación  de peces de aguas continentales en el período 2012-2023.","SUBPESCA-2","CC NC-BY 4.0","Datos obtenidos por ley de transparencia.","SUBPESCA Pesca Investigación (2012-2023)"
"Brian Reid (2022) Informe de resutados de pesca de investigación asociado al permiso SUBPESCA, R. EX N°E-2022-499. Proyecto: Efecto de sedimentos suspendidos a la alimentación de los peces nativos e introducidos, en la cuenca del río Simpson, región de Aysén. Centro de Investigación de Ecosistemas de la Patagonia.",NA,"2023-02-07",7,2,2023,"7:00 - 12:00 HRS","T1C","724646","4932925",-45.72075,-72.113266,"Salmo trutta","trucha café",3,"pesca con caña (mosca y cuchara) y electro-pesca",NA,NA,"20 MIN (Caña) Y 430 SEG (Electro pesca)","Sudamérica","Chile","CL","Región de Aysén","Provincia de Coyhaique","Comuna de Coyhaique","Valle Simpson","SUBPESCA.PescaInvestigacion2012-2023.145","SUBPESCA (2023) Resultados de pesca de investigación  de peces de aguas continentales en el período 2012-2023.","SUBPESCA-2","CC NC-BY 4.0","Datos obtenidos por ley de transparencia.","SUBPESCA Pesca Investigación (2012-2023)"
"Brian Reid (2022) Informe de resutados de pesca de investigación asociado al permiso SUBPESCA, R. EX N°E-2022-499. Proyecto: Efecto de sedimentos suspendidos a la alimentación de los peces nativos e introducidos, en la cuenca del río Simpson, región de Aysén. Centro de Investigación de Ecosistemas de la Patagonia.",NA,"2023-02-07",7,2,2023,"7:00 - 12:00 HRS","T1C","724646","4932925",-45.72075,-72.113266,"Salmo trutta","trucha café",4,"pesca con caña (mosca y cuchara) y electro-pesca",NA,NA,"20 MIN (Caña) Y 430 SEG (Electro pesca)","Sudamérica","Chile","CL","Región de Aysén","Provincia de Coyhaique","Comuna de Coyhaique","Valle Simpson","SUBPESCA.PescaInvestigacion2012-2023.146","SUBPESCA (2023) Resultados de pesca de investigación  de peces de aguas continentales en el período 2012-2023.","SUBPESCA-2","CC NC-BY 4.0","Datos obtenidos por ley de transparencia.","SUBPESCA Pesca Investigación (2012-2023)"
"Brian Reid (2022) Informe de resutados de pesca de investigación asociado al permiso SUBPESCA, R. EX N°E-2022-499. Proyecto: Efecto de sedimentos suspendidos a la alimentación de los peces nativos e introducidos, en la cuenca del río Simpson, región de Aysén. Centro de Investigación de Ecosistemas de la Patagonia.",NA,"2023-02-07",7,2,2023,"7:00 - 12:00 HRS","T1C","724646","4932925",-45.72075,-72.113266,"Hatcheria macraei",NA,5,"pesca con caña (mosca y cuchara) y electro-pesca",NA,NA,"20 MIN (Caña) Y 430 SEG (Electro pesca)","Sudamérica","Chile","CL","Región de Aysén","Provincia de Coyhaique","Comuna de Coyhaique","Valle Simpson","SUBPESCA.PescaInvestigacion2012-2023.147","SUBPESCA (2023) Resultados de pesca de investigación  de peces de aguas continentales en el período 2012-2023.","SUBPESCA-2","CC NC-BY 4.0","Datos obtenidos por ley de transparencia.","SUBPESCA Pesca Investigación (2012-2023)"
"Brian Reid (2022) Informe de resutados de pesca de investigación asociado al permiso SUBPESCA, R. EX N°E-2022-499. Proyecto: Efecto de sedimentos suspendidos a la alimentación de los peces nativos e introducidos, en la cuenca del río Simpson, región de Aysén. Centro de Investigación de Ecosistemas de la Patagonia.",NA,"2023-02-07",7,2,2023,"7:00 - 12:00 HRS","T1C","724646","4932925",-45.72075,-72.113266,"Hatcheria macraei",NA,6,"pesca con caña (mosca y cuchara) y electro-pesca",NA,NA,"20 MIN (Caña) Y 430 SEG (Electro pesca)","Sudamérica","Chile","CL","Región de Aysén","Provincia de Coyhaique","Comuna de Coyhaique","Valle Simpson","SUBPESCA.PescaInvestigacion2012-2023.148","SUBPESCA (2023) Resultados de pesca de investigación  de peces de aguas continentales en el período 2012-2023.","SUBPESCA-2","CC NC-BY 4.0","Datos obtenidos por ley de transparencia.","SUBPESCA Pesca Investigación (2012-2023)"
"Brian Reid (2022) Informe de resutados de pesca de investigación asociado al permiso SUBPESCA, R. EX N°E-2022-499. Proyecto: Efecto de sedimentos suspendidos a la alimentación de los peces nativos e introducidos, en la cuenca del río Simpson, región de Aysén. Centro de Investigación de Ecosistemas de la Patagonia.",NA,"2023-02-07",7,2,2023,"7:00 - 12:00 HRS","T1C","724646","4932925",-45.72075,-72.113266,"Oncorhynchus mykiss","trucha arcoíris",7,"pesca con caña (mosca y cuchara) y electro-pesca",NA,NA,"20 MIN (Caña) Y 430 SEG (Electro pesca)","Sudamérica","Chile","CL","Región de Aysén","Provincia de Coyhaique","Comuna de Coyhaique","Valle Simpson","SUBPESCA.PescaInvestigacion2012-2023.149","SUBPESCA (2023) Resultados de pesca de investigación  de peces de aguas continentales en el período 2012-2023.","SUBPESCA-2","CC NC-BY 4.0","Datos obtenidos por ley de transparencia.","SUBPESCA Pesca Investigación (2012-2023)"
"Brian Reid (2022) Informe de resutados de pesca de investigación asociado al permiso SUBPESCA, R. EX N°E-2022-499. Proyecto: Efecto de sedimentos suspendidos a la alimentación de los peces nativos e introducidos, en la cuenca del río Simpson, región de Aysén. Centro de Investigación de Ecosistemas de la Patagonia.",NA,"2023-02-07",7,2,2023,"7:00 - 12:00 HRS","T1C","724646","4932925",-45.72075,-72.113266,"Oncorhynchus mykiss","trucha arcoíris",8,"pesca con caña (mosca y cuchara) y electro-pesca",NA,NA,"20 MIN (Caña) Y 430 SEG (Electro pesca)","Sudamérica","Chile","CL","Región de Aysén","Provincia de Coyhaique","Comuna de Coyhaique","Valle Simpson","SUBPESCA.PescaInvestigacion2012-2023.150","SUBPESCA (2023) Resultados de pesca de investigación  de peces de aguas continentales en el período 2012-2023.","SUBPESCA-2","CC NC-BY 4.0","Datos obtenidos por ley de transparencia.","SUBPESCA Pesca Investigación (2012-2023)"
"Brian Reid (2022) Informe de resutados de pesca de investigación asociado al permiso SUBPESCA, R. EX N°E-2022-499. Proyecto: Efecto de sedimentos suspendidos a la alimentación de los peces nativos e introducidos, en la cuenca del río Simpson, región de Aysén. Centro de Investigación de Ecosistemas de la Patagonia.",NA,"2023-02-07",7,2,2023,"7:00 - 12:00 HRS","T1C","724646","4932925",-45.72075,-72.113266,"Oncorhynchus mykiss","trucha arcoíris",9,"pesca con caña (mosca y cuchara) y electro-pesca",NA,NA,"20 MIN (Caña) Y 430 SEG (Electro pesca)","Sudamérica","Chile","CL","Región de Aysén","Provincia de Coyhaique","Comuna de Coyhaique","Valle Simpson","SUBPESCA.PescaInvestigacion2012-2023.151","SUBPESCA (2023) Resultados de pesca de investigación  de peces de aguas continentales en el período 2012-2023.","SUBPESCA-2","CC NC-BY 4.0","Datos obtenidos por ley de transparencia.","SUBPESCA Pesca Investigación (2012-2023)"
"Brian Reid (2022) Informe de resutados de pesca de investigación asociado al permiso SUBPESCA, R. EX N°E-2022-499. Proyecto: Efecto de sedimentos suspendidos a la alimentación de los peces nativos e introducidos, en la cuenca del río Simpson, región de Aysén. Centro de Investigación de Ecosistemas de la Patagonia.",NA,"2023-02-07",7,2,2023,"7:00 - 12:00 HRS","T1C","724646","4932925",-45.72075,-72.113266,"Hatcheria macraei",NA,10,"pesca con caña (mosca y cuchara) y electro-pesca",NA,NA,"20 MIN (Caña) Y 430 SEG (Electro pesca)","Sudamérica","Chile","CL","Región de Aysén","Provincia de Coyhaique","Comuna de Coyhaique","Valle Simpson","SUBPESCA.PescaInvestigacion2012-2023.152","SUBPESCA (2023) Resultados de pesca de investigación  de peces de aguas continentales en el período 2012-2023.","SUBPESCA-2","CC NC-BY 4.0","Datos obtenidos por ley de transparencia.","SUBPESCA Pesca Investigación (2012-2023)"
"Brian Reid (2022) Informe de resutados de pesca de investigación asociado al permiso SUBPESCA, R. EX N°E-2022-499. Proyecto: Efecto de sedimentos suspendidos a la alimentación de los peces nativos e introducidos, en la cuenca del río Simpson, región de Aysén. Centro de Investigación de Ecosistemas de la Patagonia.",NA,"2023-02-07",7,2,2023,"7:00 - 12:00 HRS","T2A","723532","4933717",-45.713991,-72.127928,"Oncorhynchus mykiss","trucha arcoíris",1,"pesca con caña (mosca y cuchara) y electro-pesca",NA,NA,"30 MIN (Caña) Y 450 SEG (Electro pesca)","Sudamérica","Chile","CL","Región de Aysén","Provincia de Coyhaique","Comuna de Coyhaique","Valle Simpson","SUBPESCA.PescaInvestigacion2012-2023.153","SUBPESCA (2023) Resultados de pesca de investigación  de peces de aguas continentales en el período 2012-2023.","SUBPESCA-2","CC NC-BY 4.0","Datos obtenidos por ley de transparencia.","SUBPESCA Pesca Investigación (2012-2023)"
"Brian Reid (2022) Informe de resutados de pesca de investigación asociado al permiso SUBPESCA, R. EX N°E-2022-499. Proyecto: Efecto de sedimentos suspendidos a la alimentación de los peces nativos e introducidos, en la cuenca del río Simpson, región de Aysén. Centro de Investigación de Ecosistemas de la Patagonia.",NA,"2023-02-07",7,2,2023,"7:00 - 12:00 HRS","T2A","723532","4933717",-45.713991,-72.127928,"Oncorhynchus mykiss","trucha arcoíris",2,"pesca con caña (mosca y cuchara) y electro-pesca",NA,NA,"30 MIN (Caña) Y 450 SEG (Electro pesca)","Sudamérica","Chile","CL","Región de Aysén","Provincia de Coyhaique","Comuna de Coyhaique","Valle Simpson","SUBPESCA.PescaInvestigacion2012-2023.154","SUBPESCA (2023) Resultados de pesca de investigación  de peces de aguas continentales en el período 2012-2023.","SUBPESCA-2","CC NC-BY 4.0","Datos obtenidos por ley de transparencia.","SUBPESCA Pesca Investigación (2012-2023)"
"Brian Reid (2022) Informe de resutados de pesca de investigación asociado al permiso SUBPESCA, R. EX N°E-2022-499. Proyecto: Efecto de sedimentos suspendidos a la alimentación de los peces nativos e introducidos, en la cuenca del río Simpson, región de Aysén. Centro de Investigación de Ecosistemas de la Patagonia.",NA,"2023-02-07",7,2,2023,"7:00 - 12:00 HRS","T2A","723532","4933717",-45.713991,-72.127928,"Oncorhynchus mykiss","trucha arcoíris",3,"pesca con caña (mosca y cuchara) y electro-pesca",NA,NA,"30 MIN (Caña) Y 450 SEG (Electro pesca)","Sudamérica","Chile","CL","Región de Aysén","Provincia de Coyhaique","Comuna de Coyhaique","Valle Simpson","SUBPESCA.PescaInvestigacion2012-2023.155","SUBPESCA (2023) Resultados de pesca de investigación  de peces de aguas continentales en el período 2012-2023.","SUBPESCA-2","CC NC-BY 4.0","Datos obtenidos por ley de transparencia.","SUBPESCA Pesca Investigación (2012-2023)"
"Brian Reid (2022) Informe de resutados de pesca de investigación asociado al permiso SUBPESCA, R. EX N°E-2022-499. Proyecto: Efecto de sedimentos suspendidos a la alimentación de los peces nativos e introducidos, en la cuenca del río Simpson, región de Aysén. Centro de Investigación de Ecosistemas de la Patagonia.",NA,"2023-02-07",7,2,2023,"7:00 - 12:00 HRS","T2A","723532","4933717",-45.713991,-72.127928,"Hatcheria macraei",NA,4,"pesca con caña (mosca y cuchara) y electro-pesca",NA,NA,"30 MIN (Caña) Y 450 SEG (Electro pesca)","Sudamérica","Chile","CL","Región de Aysén","Provincia de Coyhaique","Comuna de Coyhaique","Valle Simpson","SUBPESCA.PescaInvestigacion2012-2023.156","SUBPESCA (2023) Resultados de pesca de investigación  de peces de aguas continentales en el período 2012-2023.","SUBPESCA-2","CC NC-BY 4.0","Datos obtenidos por ley de transparencia.","SUBPESCA Pesca Investigación (2012-2023)"
"Brian Reid (2022) Informe de resutados de pesca de investigación asociado al permiso SUBPESCA, R. EX N°E-2022-499. Proyecto: Efecto de sedimentos suspendidos a la alimentación de los peces nativos e introducidos, en la cuenca del río Simpson, región de Aysén. Centro de Investigación de Ecosistemas de la Patagonia.",NA,"2023-02-07",7,2,2023,"7:00 - 12:00 HRS","T2A","723532","4933717",-45.713991,-72.127928,"Oncorhynchus mykiss","trucha arcoíris",5,"pesca con caña (mosca y cuchara) y electro-pesca",NA,NA,"30 MIN (Caña) Y 450 SEG (Electro pesca)","Sudamérica","Chile","CL","Región de Aysén","Provincia de Coyhaique","Comuna de Coyhaique","Valle Simpson","SUBPESCA.PescaInvestigacion2012-2023.157","SUBPESCA (2023) Resultados de pesca de investigación  de peces de aguas continentales en el período 2012-2023.","SUBPESCA-2","CC NC-BY 4.0","Datos obtenidos por ley de transparencia.","SUBPESCA Pesca Investigación (2012-2023)"
"Brian Reid (2022) Informe de resutados de pesca de investigación asociado al permiso SUBPESCA, R. EX N°E-2022-499. Proyecto: Efecto de sedimentos suspendidos a la alimentación de los peces nativos e introducidos, en la cuenca del río Simpson, región de Aysén. Centro de Investigación de Ecosistemas de la Patagonia.",NA,"2023-02-07",7,2,2023,"7:00 - 12:00 HRS","T2A","723532","4933717",-45.713991,-72.127928,"Oncorhynchus tshawytscha","Salmón chinook",6,"pesca con caña (mosca y cuchara) y electro-pesca",NA,NA,"30 MIN (Caña) Y 450 SEG (Electro pesca)","Sudamérica","Chile","CL","Región de Aysén","Provincia de Coyhaique","Comuna de Coyhaique","Valle Simpson","SUBPESCA.PescaInvestigacion2012-2023.158","SUBPESCA (2023) Resultados de pesca de investigación  de peces de aguas continentales en el período 2012-2023.","SUBPESCA-2","CC NC-BY 4.0","Datos obtenidos por ley de transparencia.","SUBPESCA Pesca Investigación (2012-2023)"
"Brian Reid (2022) Informe de resutados de pesca de investigación asociado al permiso SUBPESCA, R. EX N°E-2022-499. Proyecto: Efecto de sedimentos suspendidos a la alimentación de los peces nativos e introducidos, en la cuenca del río Simpson, región de Aysén. Centro de Investigación de Ecosistemas de la Patagonia.",NA,"2023-02-07",7,2,2023,"7:00 - 12:00 HRS","T2A","723532","4933717",-45.713991,-72.127928,"Salmo trutta","trucha café",7,"pesca con caña (mosca y cuchara) y electro-pesca",NA,NA,"30 MIN (Caña) Y 450 SEG (Electro pesca)","Sudamérica","Chile","CL","Región de Aysén","Provincia de Coyhaique","Comuna de Coyhaique","Valle Simpson","SUBPESCA.PescaInvestigacion2012-2023.159","SUBPESCA (2023) Resultados de pesca de investigación  de peces de aguas continentales en el período 2012-2023.","SUBPESCA-2","CC NC-BY 4.0","Datos obtenidos por ley de transparencia.","SUBPESCA Pesca Investigación (2012-2023)"
"Brian Reid (2022) Informe de resutados de pesca de investigación asociado al permiso SUBPESCA, R. EX N°E-2022-499. Proyecto: Efecto de sedimentos suspendidos a la alimentación de los peces nativos e introducidos, en la cuenca del río Simpson, región de Aysén. Centro de Investigación de Ecosistemas de la Patagonia.",NA,"2023-02-07",7,2,2023,"7:00 - 12:00 HRS","T2A","723532","4933717",-45.713991,-72.127928,"Oncorhynchus mykiss","trucha arcoíris",8,"pesca con caña (mosca y cuchara) y electro-pesca",NA,NA,"30 MIN (Caña) Y 450 SEG (Electro pesca)","Sudamérica","Chile","CL","Región de Aysén","Provincia de Coyhaique","Comuna de Coyhaique","Valle Simpson","SUBPESCA.PescaInvestigacion2012-2023.160","SUBPESCA (2023) Resultados de pesca de investigación  de peces de aguas continentales en el período 2012-2023.","SUBPESCA-2","CC NC-BY 4.0","Datos obtenidos por ley de transparencia.","SUBPESCA Pesca Investigación (2012-2023)"
"Brian Reid (2022) Informe de resutados de pesca de investigación asociado al permiso SUBPESCA, R. EX N°E-2022-499. Proyecto: Efecto de sedimentos suspendidos a la alimentación de los peces nativos e introducidos, en la cuenca del río Simpson, región de Aysén. Centro de Investigación de Ecosistemas de la Patagonia.",NA,"2023-02-07",7,2,2023,"7:00 - 12:00 HRS","T2A","723532","4933717",-45.713991,-72.127928,"Oncorhynchus mykiss","trucha arcoíris",9,"pesca con caña (mosca y cuchara) y electro-pesca",NA,NA,"30 MIN (Caña) Y 450 SEG (Electro pesca)","Sudamérica","Chile","CL","Región de Aysén","Provincia de Coyhaique","Comuna de Coyhaique","Valle Simpson","SUBPESCA.PescaInvestigacion2012-2023.161","SUBPESCA (2023) Resultados de pesca de investigación  de peces de aguas continentales en el período 2012-2023.","SUBPESCA-2","CC NC-BY 4.0","Datos obtenidos por ley de transparencia.","SUBPESCA Pesca Investigación (2012-2023)"
"Brian Reid (2022) Informe de resutados de pesca de investigación asociado al permiso SUBPESCA, R. EX N°E-2022-499. Proyecto: Efecto de sedimentos suspendidos a la alimentación de los peces nativos e introducidos, en la cuenca del río Simpson, región de Aysén. Centro de Investigación de Ecosistemas de la Patagonia.",NA,"2023-02-07",7,2,2023,"7:00 - 12:00 HRS","T2A","723532","4933717",-45.713991,-72.127928,"Oncorhynchus mykiss","trucha arcoíris",10,"pesca con caña (mosca y cuchara) y electro-pesca",NA,NA,"30 MIN (Caña) Y 450 SEG (Electro pesca)","Sudamérica","Chile","CL","Región de Aysén","Provincia de Coyhaique","Comuna de Coyhaique","Valle Simpson","SUBPESCA.PescaInvestigacion2012-2023.162","SUBPESCA (2023) Resultados de pesca de investigación  de peces de aguas continentales en el período 2012-2023.","SUBPESCA-2","CC NC-BY 4.0","Datos obtenidos por ley de transparencia.","SUBPESCA Pesca Investigación (2012-2023)"
"Brian Reid (2022) Informe de resutados de pesca de investigación asociado al permiso SUBPESCA, R. EX N°E-2022-499. Proyecto: Efecto de sedimentos suspendidos a la alimentación de los peces nativos e introducidos, en la cuenca del río Simpson, región de Aysén. Centro de Investigación de Ecosistemas de la Patagonia.",NA,"2023-02-07",7,2,2023,"7:00 - 12:00 HRS","T2A","723532","4933717",-45.713991,-72.127928,"Salmo trutta","trucha café",11,"pesca con caña (mosca y cuchara) y electro-pesca",NA,NA,"30 MIN (Caña) Y 450 SEG (Electro pesca)","Sudamérica","Chile","CL","Región de Aysén","Provincia de Coyhaique","Comuna de Coyhaique","Valle Simpson","SUBPESCA.PescaInvestigacion2012-2023.163","SUBPESCA (2023) Resultados de pesca de investigación  de peces de aguas continentales en el período 2012-2023.","SUBPESCA-2","CC NC-BY 4.0","Datos obtenidos por ley de transparencia.","SUBPESCA Pesca Investigación (2012-2023)"
"Brian Reid (2022) Informe de resutados de pesca de investigación asociado al permiso SUBPESCA, R. EX N°E-2022-499. Proyecto: Efecto de sedimentos suspendidos a la alimentación de los peces nativos e introducidos, en la cuenca del río Simpson, región de Aysén. Centro de Investigación de Ecosistemas de la Patagonia.",NA,"2023-02-07",7,2,2023,"7:00 - 12:00 HRS","T2B","722816","4933298",-45.717988,-72.136924,"Oncorhynchus mykiss","trucha arcoíris",1,"pesca con caña (mosca y cuchara) y electro-pesca",NA,NA,"20 MIN (Caña) Y 465 SEG (Electro pesca)","Sudamérica","Chile","CL","Región de Aysén","Provincia de Coyhaique","Comuna de Coyhaique","Valle Simpson","SUBPESCA.PescaInvestigacion2012-2023.164","SUBPESCA (2023) Resultados de pesca de investigación  de peces de aguas continentales en el período 2012-2023.","SUBPESCA-2","CC NC-BY 4.0","Datos obtenidos por ley de transparencia.","SUBPESCA Pesca Investigación (2012-2023)"
"Brian Reid (2022) Informe de resutados de pesca de investigación asociado al permiso SUBPESCA, R. EX N°E-2022-499. Proyecto: Efecto de sedimentos suspendidos a la alimentación de los peces nativos e introducidos, en la cuenca del río Simpson, región de Aysén. Centro de Investigación de Ecosistemas de la Patagonia.",NA,"2023-02-07",7,2,2023,"7:00 - 12:00 HRS","T2B","722816","4933298",-45.717988,-72.136924,"Salmo trutta","trucha café",2,"pesca con caña (mosca y cuchara) y electro-pesca",NA,NA,"20 MIN (Caña) Y 465 SEG (Electro pesca)","Sudamérica","Chile","CL","Región de Aysén","Provincia de Coyhaique","Comuna de Coyhaique","Valle Simpson","SUBPESCA.PescaInvestigacion2012-2023.165","SUBPESCA (2023) Resultados de pesca de investigación  de peces de aguas continentales en el período 2012-2023.","SUBPESCA-2","CC NC-BY 4.0","Datos obtenidos por ley de transparencia.","SUBPESCA Pesca Investigación (2012-2023)"
"Brian Reid (2022) Informe de resutados de pesca de investigación asociado al permiso SUBPESCA, R. EX N°E-2022-499. Proyecto: Efecto de sedimentos suspendidos a la alimentación de los peces nativos e introducidos, en la cuenca del río Simpson, región de Aysén. Centro de Investigación de Ecosistemas de la Patagonia.",NA,"2023-02-07",7,2,2023,"7:00 - 12:00 HRS","T2B","722816","4933298",-45.717988,-72.136924,"Salmo trutta","trucha café",3,"pesca con caña (mosca y cuchara) y electro-pesca",NA,NA,"20 MIN (Caña) Y 465 SEG (Electro pesca)","Sudamérica","Chile","CL","Región de Aysén","Provincia de Coyhaique","Comuna de Coyhaique","Valle Simpson","SUBPESCA.PescaInvestigacion2012-2023.166","SUBPESCA (2023) Resultados de pesca de investigación  de peces de aguas continentales en el período 2012-2023.","SUBPESCA-2","CC NC-BY 4.0","Datos obtenidos por ley de transparencia.","SUBPESCA Pesca Investigación (2012-2023)"
"Brian Reid (2022) Informe de resutados de pesca de investigación asociado al permiso SUBPESCA, R. EX N°E-2022-499. Proyecto: Efecto de sedimentos suspendidos a la alimentación de los peces nativos e introducidos, en la cuenca del río Simpson, región de Aysén. Centro de Investigación de Ecosistemas de la Patagonia.",NA,"2023-02-07",7,2,2023,"7:00 - 12:00 HRS","T2B","722816","4933298",-45.717988,-72.136924,"Oncorhynchus mykiss","trucha arcoíris",4,"pesca con caña (mosca y cuchara) y electro-pesca",NA,NA,"20 MIN (Caña) Y 465 SEG (Electro pesca)","Sudamérica","Chile","CL","Región de Aysén","Provincia de Coyhaique","Comuna de Coyhaique","Valle Simpson","SUBPESCA.PescaInvestigacion2012-2023.167","SUBPESCA (2023) Resultados de pesca de investigación  de peces de aguas continentales en el período 2012-2023.","SUBPESCA-2","CC NC-BY 4.0","Datos obtenidos por ley de transparencia.","SUBPESCA Pesca Investigación (2012-2023)"
"Brian Reid (2022) Informe de resutados de pesca de investigación asociado al permiso SUBPESCA, R. EX N°E-2022-499. Proyecto: Efecto de sedimentos suspendidos a la alimentación de los peces nativos e introducidos, en la cuenca del río Simpson, región de Aysén. Centro de Investigación de Ecosistemas de la Patagonia.",NA,"2023-02-07",7,2,2023,"7:00 - 12:00 HRS","T2B","722816","4933298",-45.717988,-72.136924,"Oncorhynchus tshawytscha","Salmón chinook",5,"pesca con caña (mosca y cuchara) y electro-pesca",NA,NA,"20 MIN (Caña) Y 465 SEG (Electro pesca)","Sudamérica","Chile","CL","Región de Aysén","Provincia de Coyhaique","Comuna de Coyhaique","Valle Simpson","SUBPESCA.PescaInvestigacion2012-2023.168","SUBPESCA (2023) Resultados de pesca de investigación  de peces de aguas continentales en el período 2012-2023.","SUBPESCA-2","CC NC-BY 4.0","Datos obtenidos por ley de transparencia.","SUBPESCA Pesca Investigación (2012-2023)"
"Brian Reid (2022) Informe de resutados de pesca de investigación asociado al permiso SUBPESCA, R. EX N°E-2022-499. Proyecto: Efecto de sedimentos suspendidos a la alimentación de los peces nativos e introducidos, en la cuenca del río Simpson, región de Aysén. Centro de Investigación de Ecosistemas de la Patagonia.",NA,"2023-02-07",7,2,2023,"7:00 - 12:00 HRS","T2B","722816","4933298",-45.717988,-72.136924,"Oncorhynchus tshawytscha","Salmón chinook",6,"pesca con caña (mosca y cuchara) y electro-pesca",NA,NA,"20 MIN (Caña) Y 465 SEG (Electro pesca)","Sudamérica","Chile","CL","Región de Aysén","Provincia de Coyhaique","Comuna de Coyhaique","Valle Simpson","SUBPESCA.PescaInvestigacion2012-2023.169","SUBPESCA (2023) Resultados de pesca de investigación  de peces de aguas continentales en el período 2012-2023.","SUBPESCA-2","CC NC-BY 4.0","Datos obtenidos por ley de transparencia.","SUBPESCA Pesca Investigación (2012-2023)"
"Brian Reid (2022) Informe de resutados de pesca de investigación asociado al permiso SUBPESCA, R. EX N°E-2022-499. Proyecto: Efecto de sedimentos suspendidos a la alimentación de los peces nativos e introducidos, en la cuenca del río Simpson, región de Aysén. Centro de Investigación de Ecosistemas de la Patagonia.",NA,"2023-02-07",7,2,2023,"7:00 - 12:00 HRS","T2B","722816","4933298",-45.717988,-72.136924,"Oncorhynchus tshawytscha","Salmón chinook",7,"pesca con caña (mosca y cuchara) y electro-pesca",NA,NA,"20 MIN (Caña) Y 465 SEG (Electro pesca)","Sudamérica","Chile","CL","Región de Aysén","Provincia de Coyhaique","Comuna de Coyhaique","Valle Simpson","SUBPESCA.PescaInvestigacion2012-2023.170","SUBPESCA (2023) Resultados de pesca de investigación  de peces de aguas continentales en el período 2012-2023.","SUBPESCA-2","CC NC-BY 4.0","Datos obtenidos por ley de transparencia.","SUBPESCA Pesca Investigación (2012-2023)"
"Brian Reid (2022) Informe de resutados de pesca de investigación asociado al permiso SUBPESCA, R. EX N°E-2022-499. Proyecto: Efecto de sedimentos suspendidos a la alimentación de los peces nativos e introducidos, en la cuenca del río Simpson, región de Aysén. Centro de Investigación de Ecosistemas de la Patagonia.",NA,"2023-02-07",7,2,2023,"7:00 - 12:00 HRS","T2B","722816","4933298",-45.717988,-72.136924,"Salmo trutta","trucha café",8,"pesca con caña (mosca y cuchara) y electro-pesca",NA,NA,"20 MIN (Caña) Y 465 SEG (Electro pesca)","Sudamérica","Chile","CL","Región de Aysén","Provincia de Coyhaique","Comuna de Coyhaique","Valle Simpson","SUBPESCA.PescaInvestigacion2012-2023.171","SUBPESCA (2023) Resultados de pesca de investigación  de peces de aguas continentales en el período 2012-2023.","SUBPESCA-2","CC NC-BY 4.0","Datos obtenidos por ley de transparencia.","SUBPESCA Pesca Investigación (2012-2023)"
"Brian Reid (2022) Informe de resutados de pesca de investigación asociado al permiso SUBPESCA, R. EX N°E-2022-499. Proyecto: Efecto de sedimentos suspendidos a la alimentación de los peces nativos e introducidos, en la cuenca del río Simpson, región de Aysén. Centro de Investigación de Ecosistemas de la Patagonia.",NA,"2023-02-07",7,2,2023,"7:00 - 12:00 HRS","T2B","722816","4933298",-45.717988,-72.136924,"Oncorhynchus mykiss","trucha arcoíris",9,"pesca con caña (mosca y cuchara) y electro-pesca",NA,NA,"20 MIN (Caña) Y 465 SEG (Electro pesca)","Sudamérica","Chile","CL","Región de Aysén","Provincia de Coyhaique","Comuna de Coyhaique","Valle Simpson","SUBPESCA.PescaInvestigacion2012-2023.172","SUBPESCA (2023) Resultados de pesca de investigación  de peces de aguas continentales en el período 2012-2023.","SUBPESCA-2","CC NC-BY 4.0","Datos obtenidos por ley de transparencia.","SUBPESCA Pesca Investigación (2012-2023)"
"Brian Reid (2022) Informe de resutados de pesca de investigación asociado al permiso SUBPESCA, R. EX N°E-2022-499. Proyecto: Efecto de sedimentos suspendidos a la alimentación de los peces nativos e introducidos, en la cuenca del río Simpson, región de Aysén. Centro de Investigación de Ecosistemas de la Patagonia.",NA,"2023-02-07",7,2,2023,"7:00 - 12:00 HRS","T2B","722816","4933298",-45.717988,-72.136924,"Oncorhynchus mykiss","trucha arcoíris",10,"pesca con caña (mosca y cuchara) y electro-pesca",NA,NA,"20 MIN (Caña) Y 465 SEG (Electro pesca)","Sudamérica","Chile","CL","Región de Aysén","Provincia de Coyhaique","Comuna de Coyhaique","Valle Simpson","SUBPESCA.PescaInvestigacion2012-2023.173","SUBPESCA (2023) Resultados de pesca de investigación  de peces de aguas continentales en el período 2012-2023.","SUBPESCA-2","CC NC-BY 4.0","Datos obtenidos por ley de transparencia.","SUBPESCA Pesca Investigación (2012-2023)"
"Brian Reid (2022) Informe de resutados de pesca de investigación asociado al permiso SUBPESCA, R. EX N°E-2022-499. Proyecto: Efecto de sedimentos suspendidos a la alimentación de los peces nativos e introducidos, en la cuenca del río Simpson, región de Aysén. Centro de Investigación de Ecosistemas de la Patagonia.",NA,"2023-02-07",7,2,2023,"7:00 - 12:00 HRS","T2B","722816","4933298",-45.717988,-72.136924,"Oncorhynchus mykiss","trucha arcoíris",11,"pesca con caña (mosca y cuchara) y electro-pesca",NA,NA,"20 MIN (Caña) Y 465 SEG (Electro pesca)","Sudamérica","Chile","CL","Región de Aysén","Provincia de Coyhaique","Comuna de Coyhaique","Valle Simpson","SUBPESCA.PescaInvestigacion2012-2023.174","SUBPESCA (2023) Resultados de pesca de investigación  de peces de aguas continentales en el período 2012-2023.","SUBPESCA-2","CC NC-BY 4.0","Datos obtenidos por ley de transparencia.","SUBPESCA Pesca Investigación (2012-2023)"
"Brian Reid (2022) Informe de resutados de pesca de investigación asociado al permiso SUBPESCA, R. EX N°E-2022-499. Proyecto: Efecto de sedimentos suspendidos a la alimentación de los peces nativos e introducidos, en la cuenca del río Simpson, región de Aysén. Centro de Investigación de Ecosistemas de la Patagonia.",NA,"2023-02-07",9,2,2023,"7:00 - 12:00 HRS","T2B","722816","4933298",-45.717988,-72.136924,"Oncorhynchus mykiss","trucha arcoíris",12,"pesca con caña (mosca y cuchara) y electro-pesca",NA,NA,"20 MIN (Caña) Y 465 SEG (Electro pesca)","Sudamérica","Chile","CL","Región de Aysén","Provincia de Coyhaique","Comuna de Coyhaique","Valle Simpson","SUBPESCA.PescaInvestigacion2012-2023.175","SUBPESCA (2023) Resultados de pesca de investigación  de peces de aguas continentales en el período 2012-2023.","SUBPESCA-2","CC NC-BY 4.0","Datos obtenidos por ley de transparencia.","SUBPESCA Pesca Investigación (2012-2023)"
"Brian Reid (2022) Informe de resutados de pesca de investigación asociado al permiso SUBPESCA, R. EX N°E-2022-499. Proyecto: Efecto de sedimentos suspendidos a la alimentación de los peces nativos e introducidos, en la cuenca del río Simpson, región de Aysén. Centro de Investigación de Ecosistemas de la Patagonia.",NA,"2023-02-09",9,2,2023,"7:00 - 12:00 HRS","T9A","720229","4936580",-45.689311,-72.171614,"Oncorhynchus tshawytscha","Salmón chinook",1,"pesca con caña (mosca y cuchara) y electro-pesca",NA,NA,"45 MIN (Caña) Y 231 SEG (Electro pesca)","Sudamérica","Chile","CL","Región de Aysén","Provincia de Coyhaique","Comuna de Coyhaique","Los Huemules","SUBPESCA.PescaInvestigacion2012-2023.176","SUBPESCA (2023) Resultados de pesca de investigación  de peces de aguas continentales en el período 2012-2023.","SUBPESCA-2","CC NC-BY 4.0","Datos obtenidos por ley de transparencia.","SUBPESCA Pesca Investigación (2012-2023)"
"Brian Reid (2022) Informe de resutados de pesca de investigación asociado al permiso SUBPESCA, R. EX N°E-2022-499. Proyecto: Efecto de sedimentos suspendidos a la alimentación de los peces nativos e introducidos, en la cuenca del río Simpson, región de Aysén. Centro de Investigación de Ecosistemas de la Patagonia.",NA,"2023-02-09",9,2,2023,"7:00 - 12:00 HRS","T9A","720229","4936580",-45.689311,-72.171614,"Oncorhynchus mykiss","trucha arcoíris",2,"pesca con caña (mosca y cuchara) y electro-pesca",NA,NA,"45 MIN (Caña) Y 231 SEG (Electro pesca)","Sudamérica","Chile","CL","Región de Aysén","Provincia de Coyhaique","Comuna de Coyhaique","Los Huemules","SUBPESCA.PescaInvestigacion2012-2023.177","SUBPESCA (2023) Resultados de pesca de investigación  de peces de aguas continentales en el período 2012-2023.","SUBPESCA-2","CC NC-BY 4.0","Datos obtenidos por ley de transparencia.","SUBPESCA Pesca Investigación (2012-2023)"
"Brian Reid (2022) Informe de resutados de pesca de investigación asociado al permiso SUBPESCA, R. EX N°E-2022-499. Proyecto: Efecto de sedimentos suspendidos a la alimentación de los peces nativos e introducidos, en la cuenca del río Simpson, región de Aysén. Centro de Investigación de Ecosistemas de la Patagonia.",NA,"2023-02-09",9,2,2023,"7:00 - 12:00 HRS","T9A","720229","4936580",-45.689311,-72.171614,"Hatcheria macraei",NA,3,"pesca con caña (mosca y cuchara) y electro-pesca",NA,NA,"45 MIN (Caña) Y 231 SEG (Electro pesca)","Sudamérica","Chile","CL","Región de Aysén","Provincia de Coyhaique","Comuna de Coyhaique","Los Huemules","SUBPESCA.PescaInvestigacion2012-2023.178","SUBPESCA (2023) Resultados de pesca de investigación  de peces de aguas continentales en el período 2012-2023.","SUBPESCA-2","CC NC-BY 4.0","Datos obtenidos por ley de transparencia.","SUBPESCA Pesca Investigación (2012-2023)"
"Brian Reid (2022) Informe de resutados de pesca de investigación asociado al permiso SUBPESCA, R. EX N°E-2022-499. Proyecto: Efecto de sedimentos suspendidos a la alimentación de los peces nativos e introducidos, en la cuenca del río Simpson, región de Aysén. Centro de Investigación de Ecosistemas de la Patagonia.",NA,"2023-02-09",9,2,2023,"7:00 - 12:00 HRS","T9A","720229","4936580",-45.689311,-72.171614,"Oncorhynchus mykiss","trucha arcoíris",4,"pesca con caña (mosca y cuchara) y electro-pesca",NA,NA,"45 MIN (Caña) Y 231 SEG (Electro pesca)","Sudamérica","Chile","CL","Región de Aysén","Provincia de Coyhaique","Comuna de Coyhaique","Los Huemules","SUBPESCA.PescaInvestigacion2012-2023.179","SUBPESCA (2023) Resultados de pesca de investigación  de peces de aguas continentales en el período 2012-2023.","SUBPESCA-2","CC NC-BY 4.0","Datos obtenidos por ley de transparencia.","SUBPESCA Pesca Investigación (2012-2023)"
"Brian Reid (2022) Informe de resutados de pesca de investigación asociado al permiso SUBPESCA, R. EX N°E-2022-499. Proyecto: Efecto de sedimentos suspendidos a la alimentación de los peces nativos e introducidos, en la cuenca del río Simpson, región de Aysén. Centro de Investigación de Ecosistemas de la Patagonia.",NA,"2023-02-09",9,2,2023,"7:00 - 12:00 HRS","T9A","720229","4936580",-45.689311,-72.171614,"Salmo trutta","trucha café",5,"pesca con caña (mosca y cuchara) y electro-pesca",NA,NA,"45 MIN (Caña) Y 231 SEG (Electro pesca)","Sudamérica","Chile","CL","Región de Aysén","Provincia de Coyhaique","Comuna de Coyhaique","Los Huemules","SUBPESCA.PescaInvestigacion2012-2023.180","SUBPESCA (2023) Resultados de pesca de investigación  de peces de aguas continentales en el período 2012-2023.","SUBPESCA-2","CC NC-BY 4.0","Datos obtenidos por ley de transparencia.","SUBPESCA Pesca Investigación (2012-2023)"
"Brian Reid (2022) Informe de resutados de pesca de investigación asociado al permiso SUBPESCA, R. EX N°E-2022-499. Proyecto: Efecto de sedimentos suspendidos a la alimentación de los peces nativos e introducidos, en la cuenca del río Simpson, región de Aysén. Centro de Investigación de Ecosistemas de la Patagonia.",NA,"2023-02-09",9,2,2023,"7:00 - 12:00 HRS","T9A","720229","4936580",-45.689311,-72.171614,"Oncorhynchus mykiss","trucha arcoíris",6,"pesca con caña (mosca y cuchara) y electro-pesca",NA,NA,"45 MIN (Caña) Y 231 SEG (Electro pesca)","Sudamérica","Chile","CL","Región de Aysén","Provincia de Coyhaique","Comuna de Coyhaique","Los Huemules","SUBPESCA.PescaInvestigacion2012-2023.181","SUBPESCA (2023) Resultados de pesca de investigación  de peces de aguas continentales en el período 2012-2023.","SUBPESCA-2","CC NC-BY 4.0","Datos obtenidos por ley de transparencia.","SUBPESCA Pesca Investigación (2012-2023)"
"Brian Reid (2022) Informe de resutados de pesca de investigación asociado al permiso SUBPESCA, R. EX N°E-2022-499. Proyecto: Efecto de sedimentos suspendidos a la alimentación de los peces nativos e introducidos, en la cuenca del río Simpson, región de Aysén. Centro de Investigación de Ecosistemas de la Patagonia.",NA,"2023-02-09",9,2,2023,"7:00 - 12:00 HRS","T9A","720229","4936580",-45.689311,-72.171614,"Oncorhynchus mykiss","trucha arcoíris",7,"pesca con caña (mosca y cuchara) y electro-pesca",NA,NA,"45 MIN (Caña) Y 231 SEG (Electro pesca)","Sudamérica","Chile","CL","Región de Aysén","Provincia de Coyhaique","Comuna de Coyhaique","Los Huemules","SUBPESCA.PescaInvestigacion2012-2023.182","SUBPESCA (2023) Resultados de pesca de investigación  de peces de aguas continentales en el período 2012-2023.","SUBPESCA-2","CC NC-BY 4.0","Datos obtenidos por ley de transparencia.","SUBPESCA Pesca Investigación (2012-2023)"
"Brian Reid (2022) Informe de resutados de pesca de investigación asociado al permiso SUBPESCA, R. EX N°E-2022-499. Proyecto: Efecto de sedimentos suspendidos a la alimentación de los peces nativos e introducidos, en la cuenca del río Simpson, región de Aysén. Centro de Investigación de Ecosistemas de la Patagonia.",NA,"2023-02-09",9,2,2023,"7:00 - 12:00 HRS","T9A","720229","4936580",-45.689311,-72.171614,"Oncorhynchus mykiss","trucha arcoíris",8,"pesca con caña (mosca y cuchara) y electro-pesca",NA,NA,"45 MIN (Caña) Y 231 SEG (Electro pesca)","Sudamérica","Chile","CL","Región de Aysén","Provincia de Coyhaique","Comuna de Coyhaique","Los Huemules","SUBPESCA.PescaInvestigacion2012-2023.183","SUBPESCA (2023) Resultados de pesca de investigación  de peces de aguas continentales en el período 2012-2023.","SUBPESCA-2","CC NC-BY 4.0","Datos obtenidos por ley de transparencia.","SUBPESCA Pesca Investigación (2012-2023)"
"Brian Reid (2022) Informe de resutados de pesca de investigación asociado al permiso SUBPESCA, R. EX N°E-2022-499. Proyecto: Efecto de sedimentos suspendidos a la alimentación de los peces nativos e introducidos, en la cuenca del río Simpson, región de Aysén. Centro de Investigación de Ecosistemas de la Patagonia.",NA,"2023-02-09",9,2,2023,"7:00 - 12:00 HRS","T9A","720229","4936580",-45.689311,-72.171614,"Oncorhynchus mykiss","trucha arcoíris",9,"pesca con caña (mosca y cuchara) y electro-pesca",NA,NA,"45 MIN (Caña) Y 231 SEG (Electro pesca)","Sudamérica","Chile","CL","Región de Aysén","Provincia de Coyhaique","Comuna de Coyhaique","Los Huemules","SUBPESCA.PescaInvestigacion2012-2023.184","SUBPESCA (2023) Resultados de pesca de investigación  de peces de aguas continentales en el período 2012-2023.","SUBPESCA-2","CC NC-BY 4.0","Datos obtenidos por ley de transparencia.","SUBPESCA Pesca Investigación (2012-2023)"
"Brian Reid (2022) Informe de resutados de pesca de investigación asociado al permiso SUBPESCA, R. EX N°E-2022-499. Proyecto: Efecto de sedimentos suspendidos a la alimentación de los peces nativos e introducidos, en la cuenca del río Simpson, región de Aysén. Centro de Investigación de Ecosistemas de la Patagonia.",NA,"2023-02-09",9,2,2023,"7:00 - 12:00 HRS","T9A","720229","4936580",-45.689311,-72.171614,"Oncorhynchus mykiss","trucha arcoíris",10,"pesca con caña (mosca y cuchara) y electro-pesca",NA,NA,"45 MIN (Caña) Y 231 SEG (Electro pesca)","Sudamérica","Chile","CL","Región de Aysén","Provincia de Coyhaique","Comuna de Coyhaique","Los Huemules","SUBPESCA.PescaInvestigacion2012-2023.185","SUBPESCA (2023) Resultados de pesca de investigación  de peces de aguas continentales en el período 2012-2023.","SUBPESCA-2","CC NC-BY 4.0","Datos obtenidos por ley de transparencia.","SUBPESCA Pesca Investigación (2012-2023)"
"Brian Reid (2022) Informe de resutados de pesca de investigación asociado al permiso SUBPESCA, R. EX N°E-2022-499. Proyecto: Efecto de sedimentos suspendidos a la alimentación de los peces nativos e introducidos, en la cuenca del río Simpson, región de Aysén. Centro de Investigación de Ecosistemas de la Patagonia.",NA,"2023-02-09",9,2,2023,"7:00 - 12:00 HRS","T9A","720229","4936580",-45.689311,-72.171614,"Oncorhynchus mykiss","trucha arcoíris",11,"pesca con caña (mosca y cuchara) y electro-pesca",NA,NA,"45 MIN (Caña) Y 231 SEG (Electro pesca)","Sudamérica","Chile","CL","Región de Aysén","Provincia de Coyhaique","Comuna de Coyhaique","Los Huemules","SUBPESCA.PescaInvestigacion2012-2023.186","SUBPESCA (2023) Resultados de pesca de investigación  de peces de aguas continentales en el período 2012-2023.","SUBPESCA-2","CC NC-BY 4.0","Datos obtenidos por ley de transparencia.","SUBPESCA Pesca Investigación (2012-2023)"
"Brian Reid (2022) Informe de resutados de pesca de investigación asociado al permiso SUBPESCA, R. EX N°E-2022-499. Proyecto: Efecto de sedimentos suspendidos a la alimentación de los peces nativos e introducidos, en la cuenca del río Simpson, región de Aysén. Centro de Investigación de Ecosistemas de la Patagonia.",NA,"2023-02-09",9,2,2023,"7:00 - 12:00 HRS","T10A","719601","4938383",-45.673302,-72.180484,"Salmo trutta","trucha café",1,"pesca con caña (mosca y cuchara) y electro-pesca",NA,NA,"20 MIN (Caña) Y 140 SEG (Electro pesca)","Sudamérica","Chile","CL","Región de Aysén","Provincia de Coyhaique","Comuna de Coyhaique","Los Huemules","SUBPESCA.PescaInvestigacion2012-2023.187","SUBPESCA (2023) Resultados de pesca de investigación  de peces de aguas continentales en el período 2012-2023.","SUBPESCA-2","CC NC-BY 4.0","Datos obtenidos por ley de transparencia.","SUBPESCA Pesca Investigación (2012-2023)"
"Brian Reid (2022) Informe de resutados de pesca de investigación asociado al permiso SUBPESCA, R. EX N°E-2022-499. Proyecto: Efecto de sedimentos suspendidos a la alimentación de los peces nativos e introducidos, en la cuenca del río Simpson, región de Aysén. Centro de Investigación de Ecosistemas de la Patagonia.",NA,"2023-02-09",9,2,2023,"7:00 - 12:00 HRS","T10A","719601","4938383",-45.673302,-72.180484,"Oncorhynchus mykiss","trucha arcoíris",2,"pesca con caña (mosca y cuchara) y electro-pesca",NA,NA,"20 MIN (Caña) Y 140 SEG (Electro pesca)","Sudamérica","Chile","CL","Región de Aysén","Provincia de Coyhaique","Comuna de Coyhaique","Los Huemules","SUBPESCA.PescaInvestigacion2012-2023.188","SUBPESCA (2023) Resultados de pesca de investigación  de peces de aguas continentales en el período 2012-2023.","SUBPESCA-2","CC NC-BY 4.0","Datos obtenidos por ley de transparencia.","SUBPESCA Pesca Investigación (2012-2023)"
"Brian Reid (2022) Informe de resutados de pesca de investigación asociado al permiso SUBPESCA, R. EX N°E-2022-499. Proyecto: Efecto de sedimentos suspendidos a la alimentación de los peces nativos e introducidos, en la cuenca del río Simpson, región de Aysén. Centro de Investigación de Ecosistemas de la Patagonia.",NA,"2023-02-09",9,2,2023,"7:00 - 12:00 HRS","T10A","719601","4938383",-45.673302,-72.180484,"Oncorhynchus mykiss","trucha arcoíris",3,"pesca con caña (mosca y cuchara) y electro-pesca",NA,NA,"20 MIN (Caña) Y 140 SEG (Electro pesca)","Sudamérica","Chile","CL","Región de Aysén","Provincia de Coyhaique","Comuna de Coyhaique","Los Huemules","SUBPESCA.PescaInvestigacion2012-2023.189","SUBPESCA (2023) Resultados de pesca de investigación  de peces de aguas continentales en el período 2012-2023.","SUBPESCA-2","CC NC-BY 4.0","Datos obtenidos por ley de transparencia.","SUBPESCA Pesca Investigación (2012-2023)"
"Brian Reid (2022) Informe de resutados de pesca de investigación asociado al permiso SUBPESCA, R. EX N°E-2022-499. Proyecto: Efecto de sedimentos suspendidos a la alimentación de los peces nativos e introducidos, en la cuenca del río Simpson, región de Aysén. Centro de Investigación de Ecosistemas de la Patagonia.",NA,"2023-02-09",9,2,2023,"7:00 - 12:00 HRS","T10A","719601","4938383",-45.673302,-72.180484,"Salmo trutta","trucha café",4,"pesca con caña (mosca y cuchara) y electro-pesca",NA,NA,"20 MIN (Caña) Y 140 SEG (Electro pesca)","Sudamérica","Chile","CL","Región de Aysén","Provincia de Coyhaique","Comuna de Coyhaique","Los Huemules","SUBPESCA.PescaInvestigacion2012-2023.190","SUBPESCA (2023) Resultados de pesca de investigación  de peces de aguas continentales en el período 2012-2023.","SUBPESCA-2","CC NC-BY 4.0","Datos obtenidos por ley de transparencia.","SUBPESCA Pesca Investigación (2012-2023)"
"Brian Reid (2022) Informe de resutados de pesca de investigación asociado al permiso SUBPESCA, R. EX N°E-2022-499. Proyecto: Efecto de sedimentos suspendidos a la alimentación de los peces nativos e introducidos, en la cuenca del río Simpson, región de Aysén. Centro de Investigación de Ecosistemas de la Patagonia.",NA,"2023-02-09",9,2,2023,"7:00 - 12:00 HRS","T10A","719601","4938383",-45.673302,-72.180484,"Salmo trutta","trucha café",5,"pesca con caña (mosca y cuchara) y electro-pesca",NA,NA,"20 MIN (Caña) Y 140 SEG (Electro pesca)","Sudamérica","Chile","CL","Región de Aysén","Provincia de Coyhaique","Comuna de Coyhaique","Los Huemules","SUBPESCA.PescaInvestigacion2012-2023.191","SUBPESCA (2023) Resultados de pesca de investigación  de peces de aguas continentales en el período 2012-2023.","SUBPESCA-2","CC NC-BY 4.0","Datos obtenidos por ley de transparencia.","SUBPESCA Pesca Investigación (2012-2023)"
"Brian Reid (2022) Informe de resutados de pesca de investigación asociado al permiso SUBPESCA, R. EX N°E-2022-499. Proyecto: Efecto de sedimentos suspendidos a la alimentación de los peces nativos e introducidos, en la cuenca del río Simpson, región de Aysén. Centro de Investigación de Ecosistemas de la Patagonia.",NA,"2023-02-09",9,2,2023,"7:00 - 12:00 HRS","T10A","719601","4938383",-45.673302,-72.180484,"Oncorhynchus mykiss","trucha arcoíris",6,"pesca con caña (mosca y cuchara) y electro-pesca",NA,NA,"20 MIN (Caña) Y 140 SEG (Electro pesca)","Sudamérica","Chile","CL","Región de Aysén","Provincia de Coyhaique","Comuna de Coyhaique","Los Huemules","SUBPESCA.PescaInvestigacion2012-2023.192","SUBPESCA (2023) Resultados de pesca de investigación  de peces de aguas continentales en el período 2012-2023.","SUBPESCA-2","CC NC-BY 4.0","Datos obtenidos por ley de transparencia.","SUBPESCA Pesca Investigación (2012-2023)"
"Brian Reid (2022) Informe de resutados de pesca de investigación asociado al permiso SUBPESCA, R. EX N°E-2022-499. Proyecto: Efecto de sedimentos suspendidos a la alimentación de los peces nativos e introducidos, en la cuenca del río Simpson, región de Aysén. Centro de Investigación de Ecosistemas de la Patagonia.",NA,"2023-02-09",9,2,2023,"7:00 - 12:00 HRS","T10A","719601","4938383",-45.673302,-72.180484,"Oncorhynchus mykiss","trucha arcoíris",7,"pesca con caña (mosca y cuchara) y electro-pesca",NA,NA,"20 MIN (Caña) Y 140 SEG (Electro pesca)","Sudamérica","Chile","CL","Región de Aysén","Provincia de Coyhaique","Comuna de Coyhaique","Los Huemules","SUBPESCA.PescaInvestigacion2012-2023.193","SUBPESCA (2023) Resultados de pesca de investigación  de peces de aguas continentales en el período 2012-2023.","SUBPESCA-2","CC NC-BY 4.0","Datos obtenidos por ley de transparencia.","SUBPESCA Pesca Investigación (2012-2023)"
"Brian Reid (2022) Informe de resutados de pesca de investigación asociado al permiso SUBPESCA, R. EX N°E-2022-499. Proyecto: Efecto de sedimentos suspendidos a la alimentación de los peces nativos e introducidos, en la cuenca del río Simpson, región de Aysén. Centro de Investigación de Ecosistemas de la Patagonia.",NA,"2023-02-09",9,2,2023,"7:00 - 12:00 HRS","T10A","719601","4938383",-45.673302,-72.180484,"Oncorhynchus mykiss","trucha arcoíris",8,"pesca con caña (mosca y cuchara) y electro-pesca",NA,NA,"20 MIN (Caña) Y 140 SEG (Electro pesca)","Sudamérica","Chile","CL","Región de Aysén","Provincia de Coyhaique","Comuna de Coyhaique","Los Huemules","SUBPESCA.PescaInvestigacion2012-2023.194","SUBPESCA (2023) Resultados de pesca de investigación  de peces de aguas continentales en el período 2012-2023.","SUBPESCA-2","CC NC-BY 4.0","Datos obtenidos por ley de transparencia.","SUBPESCA Pesca Investigación (2012-2023)"
"Brian Reid (2022) Informe de resutados de pesca de investigación asociado al permiso SUBPESCA, R. EX N°E-2022-499. Proyecto: Efecto de sedimentos suspendidos a la alimentación de los peces nativos e introducidos, en la cuenca del río Simpson, región de Aysén. Centro de Investigación de Ecosistemas de la Patagonia.",NA,"2023-02-09",9,2,2023,"7:00 - 12:00 HRS","T10A","719601","4938383",-45.673302,-72.180484,"Salmo trutta","trucha café",9,"pesca con caña (mosca y cuchara) y electro-pesca",NA,NA,"20 MIN (Caña) Y 140 SEG (Electro pesca)","Sudamérica","Chile","CL","Región de Aysén","Provincia de Coyhaique","Comuna de Coyhaique","Los Huemules","SUBPESCA.PescaInvestigacion2012-2023.195","SUBPESCA (2023) Resultados de pesca de investigación  de peces de aguas continentales en el período 2012-2023.","SUBPESCA-2","CC NC-BY 4.0","Datos obtenidos por ley de transparencia.","SUBPESCA Pesca Investigación (2012-2023)"
"Brian Reid (2022) Informe de resutados de pesca de investigación asociado al permiso SUBPESCA, R. EX N°E-2022-499. Proyecto: Efecto de sedimentos suspendidos a la alimentación de los peces nativos e introducidos, en la cuenca del río Simpson, región de Aysén. Centro de Investigación de Ecosistemas de la Patagonia.",NA,"2023-02-09",9,2,2023,"7:00 - 12:00 HRS","T10A","719601","4938383",-45.673302,-72.180484,"Salmo trutta","trucha café",10,"pesca con caña (mosca y cuchara) y electro-pesca",NA,NA,"20 MIN (Caña) Y 140 SEG (Electro pesca)","Sudamérica","Chile","CL","Región de Aysén","Provincia de Coyhaique","Comuna de Coyhaique","Los Huemules","SUBPESCA.PescaInvestigacion2012-2023.196","SUBPESCA (2023) Resultados de pesca de investigación  de peces de aguas continentales en el período 2012-2023.","SUBPESCA-2","CC NC-BY 4.0","Datos obtenidos por ley de transparencia.","SUBPESCA Pesca Investigación (2012-2023)"
"Brian Reid (2022) Informe de resutados de pesca de investigación asociado al permiso SUBPESCA, R. EX N°E-2022-499. Proyecto: Efecto de sedimentos suspendidos a la alimentación de los peces nativos e introducidos, en la cuenca del río Simpson, región de Aysén. Centro de Investigación de Ecosistemas de la Patagonia.",NA,"2023-02-09",9,2,2023,"7:00 - 12:00 HRS","T10C","719307","4938498",-45.672361,-72.184306,"Salmo trutta","trucha café",1,"pesca con caña (mosca y cuchara) y electro-pesca",NA,NA,"20 MIN (Caña) Y 150 SEG (Electro pesca)","Sudamérica","Chile","CL","Región de Aysén","Provincia de Coyhaique","Comuna de Coyhaique","Los Huemules","SUBPESCA.PescaInvestigacion2012-2023.197","SUBPESCA (2023) Resultados de pesca de investigación  de peces de aguas continentales en el período 2012-2023.","SUBPESCA-2","CC NC-BY 4.0","Datos obtenidos por ley de transparencia.","SUBPESCA Pesca Investigación (2012-2023)"
"Brian Reid (2022) Informe de resutados de pesca de investigación asociado al permiso SUBPESCA, R. EX N°E-2022-499. Proyecto: Efecto de sedimentos suspendidos a la alimentación de los peces nativos e introducidos, en la cuenca del río Simpson, región de Aysén. Centro de Investigación de Ecosistemas de la Patagonia.",NA,"2023-02-09",9,2,2023,"7:00 - 12:00 HRS","T10C","719307","4938498",-45.672361,-72.184306,"Oncorhynchus tshawytscha","Salmón chinook",2,"pesca con caña (mosca y cuchara) y electro-pesca",NA,NA,"20 MIN (Caña) Y 150 SEG (Electro pesca)","Sudamérica","Chile","CL","Región de Aysén","Provincia de Coyhaique","Comuna de Coyhaique","Los Huemules","SUBPESCA.PescaInvestigacion2012-2023.198","SUBPESCA (2023) Resultados de pesca de investigación  de peces de aguas continentales en el período 2012-2023.","SUBPESCA-2","CC NC-BY 4.0","Datos obtenidos por ley de transparencia.","SUBPESCA Pesca Investigación (2012-2023)"
"Brian Reid (2022) Informe de resutados de pesca de investigación asociado al permiso SUBPESCA, R. EX N°E-2022-499. Proyecto: Efecto de sedimentos suspendidos a la alimentación de los peces nativos e introducidos, en la cuenca del río Simpson, región de Aysén. Centro de Investigación de Ecosistemas de la Patagonia.",NA,"2023-02-09",9,2,2023,"7:00 - 12:00 HRS","T10C","719307","4938498",-45.672361,-72.184306,"Oncorhynchus mykiss","trucha arcoíris",3,"pesca con caña (mosca y cuchara) y electro-pesca",NA,NA,"20 MIN (Caña) Y 150 SEG (Electro pesca)","Sudamérica","Chile","CL","Región de Aysén","Provincia de Coyhaique","Comuna de Coyhaique","Los Huemules","SUBPESCA.PescaInvestigacion2012-2023.199","SUBPESCA (2023) Resultados de pesca de investigación  de peces de aguas continentales en el período 2012-2023.","SUBPESCA-2","CC NC-BY 4.0","Datos obtenidos por ley de transparencia.","SUBPESCA Pesca Investigación (2012-2023)"
"Brian Reid (2022) Informe de resutados de pesca de investigación asociado al permiso SUBPESCA, R. EX N°E-2022-499. Proyecto: Efecto de sedimentos suspendidos a la alimentación de los peces nativos e introducidos, en la cuenca del río Simpson, región de Aysén. Centro de Investigación de Ecosistemas de la Patagonia.",NA,"2023-02-09",9,2,2023,"7:00 - 12:00 HRS","T10C","719307","4938498",-45.672361,-72.184306,"Oncorhynchus tshawytscha","Salmón chinook",4,"pesca con caña (mosca y cuchara) y electro-pesca",NA,NA,"20 MIN (Caña) Y 150 SEG (Electro pesca)","Sudamérica","Chile","CL","Región de Aysén","Provincia de Coyhaique","Comuna de Coyhaique","Los Huemules","SUBPESCA.PescaInvestigacion2012-2023.200","SUBPESCA (2023) Resultados de pesca de investigación  de peces de aguas continentales en el período 2012-2023.","SUBPESCA-2","CC NC-BY 4.0","Datos obtenidos por ley de transparencia.","SUBPESCA Pesca Investigación (2012-2023)"
"Brian Reid (2022) Informe de resutados de pesca de investigación asociado al permiso SUBPESCA, R. EX N°E-2022-499. Proyecto: Efecto de sedimentos suspendidos a la alimentación de los peces nativos e introducidos, en la cuenca del río Simpson, región de Aysén. Centro de Investigación de Ecosistemas de la Patagonia.",NA,"2023-02-09",9,2,2023,"7:00 - 12:00 HRS","T10C","719307","4938498",-45.672361,-72.184306,"Oncorhynchus mykiss","trucha arcoíris",5,"pesca con caña (mosca y cuchara) y electro-pesca",NA,NA,"20 MIN (Caña) Y 150 SEG (Electro pesca)","Sudamérica","Chile","CL","Región de Aysén","Provincia de Coyhaique","Comuna de Coyhaique","Los Huemules","SUBPESCA.PescaInvestigacion2012-2023.201","SUBPESCA (2023) Resultados de pesca de investigación  de peces de aguas continentales en el período 2012-2023.","SUBPESCA-2","CC NC-BY 4.0","Datos obtenidos por ley de transparencia.","SUBPESCA Pesca Investigación (2012-2023)"
"Brian Reid (2022) Informe de resutados de pesca de investigación asociado al permiso SUBPESCA, R. EX N°E-2022-499. Proyecto: Efecto de sedimentos suspendidos a la alimentación de los peces nativos e introducidos, en la cuenca del río Simpson, región de Aysén. Centro de Investigación de Ecosistemas de la Patagonia.",NA,"2023-02-09",9,2,2023,"7:00 - 12:00 HRS","T10C","719307","4938498",-45.672361,-72.184306,"Oncorhynchus mykiss","trucha arcoíris",6,"pesca con caña (mosca y cuchara) y electro-pesca",NA,NA,"20 MIN (Caña) Y 150 SEG (Electro pesca)","Sudamérica","Chile","CL","Región de Aysén","Provincia de Coyhaique","Comuna de Coyhaique","Los Huemules","SUBPESCA.PescaInvestigacion2012-2023.202","SUBPESCA (2023) Resultados de pesca de investigación  de peces de aguas continentales en el período 2012-2023.","SUBPESCA-2","CC NC-BY 4.0","Datos obtenidos por ley de transparencia.","SUBPESCA Pesca Investigación (2012-2023)"
"Brian Reid (2022) Informe de resutados de pesca de investigación asociado al permiso SUBPESCA, R. EX N°E-2022-499. Proyecto: Efecto de sedimentos suspendidos a la alimentación de los peces nativos e introducidos, en la cuenca del río Simpson, región de Aysén. Centro de Investigación de Ecosistemas de la Patagonia.",NA,"2023-02-09",9,2,2023,"7:00 - 12:00 HRS","T10C","719307","4938498",-45.672361,-72.184306,"Hatcheria macraei",NA,7,"pesca con caña (mosca y cuchara) y electro-pesca",NA,NA,"20 MIN (Caña) Y 150 SEG (Electro pesca)","Sudamérica","Chile","CL","Región de Aysén","Provincia de Coyhaique","Comuna de Coyhaique","Los Huemules","SUBPESCA.PescaInvestigacion2012-2023.203","SUBPESCA (2023) Resultados de pesca de investigación  de peces de aguas continentales en el período 2012-2023.","SUBPESCA-2","CC NC-BY 4.0","Datos obtenidos por ley de transparencia.","SUBPESCA Pesca Investigación (2012-2023)"
"Brian Reid (2022) Informe de resutados de pesca de investigación asociado al permiso SUBPESCA, R. EX N°E-2022-499. Proyecto: Efecto de sedimentos suspendidos a la alimentación de los peces nativos e introducidos, en la cuenca del río Simpson, región de Aysén. Centro de Investigación de Ecosistemas de la Patagonia.",NA,"2023-02-09",9,2,2023,"7:00 - 12:00 HRS","T10C","719307","4938498",-45.672361,-72.184306,"Oncorhynchus mykiss","trucha arcoíris",8,"pesca con caña (mosca y cuchara) y electro-pesca",NA,NA,"20 MIN (Caña) Y 150 SEG (Electro pesca)","Sudamérica","Chile","CL","Región de Aysén","Provincia de Coyhaique","Comuna de Coyhaique","Los Huemules","SUBPESCA.PescaInvestigacion2012-2023.204","SUBPESCA (2023) Resultados de pesca de investigación  de peces de aguas continentales en el período 2012-2023.","SUBPESCA-2","CC NC-BY 4.0","Datos obtenidos por ley de transparencia.","SUBPESCA Pesca Investigación (2012-2023)"
"Brian Reid (2022) Informe de resutados de pesca de investigación asociado al permiso SUBPESCA, R. EX N°E-2022-499. Proyecto: Efecto de sedimentos suspendidos a la alimentación de los peces nativos e introducidos, en la cuenca del río Simpson, región de Aysén. Centro de Investigación de Ecosistemas de la Patagonia.",NA,"2023-02-09",9,2,2023,"7:00 - 12:00 HRS","T10C","719307","4938498",-45.672361,-72.184306,"Oncorhynchus mykiss","trucha arcoíris",9,"pesca con caña (mosca y cuchara) y electro-pesca",NA,NA,"20 MIN (Caña) Y 150 SEG (Electro pesca)","Sudamérica","Chile","CL","Región de Aysén","Provincia de Coyhaique","Comuna de Coyhaique","Los Huemules","SUBPESCA.PescaInvestigacion2012-2023.205","SUBPESCA (2023) Resultados de pesca de investigación  de peces de aguas continentales en el período 2012-2023.","SUBPESCA-2","CC NC-BY 4.0","Datos obtenidos por ley de transparencia.","SUBPESCA Pesca Investigación (2012-2023)"
"Brian Reid (2022) Informe de resutados de pesca de investigación asociado al permiso SUBPESCA, R. EX N°E-2022-499. Proyecto: Efecto de sedimentos suspendidos a la alimentación de los peces nativos e introducidos, en la cuenca del río Simpson, región de Aysén. Centro de Investigación de Ecosistemas de la Patagonia.",NA,"2023-02-09",9,2,2023,"7:00 - 12:00 HRS","T10C","719307","4938498",-45.672361,-72.184306,"Oncorhynchus mykiss","trucha arcoíris",10,"pesca con caña (mosca y cuchara) y electro-pesca",NA,NA,"20 MIN (Caña) Y 150 SEG (Electro pesca)","Sudamérica","Chile","CL","Región de Aysén","Provincia de Coyhaique","Comuna de Coyhaique","Los Huemules","SUBPESCA.PescaInvestigacion2012-2023.206","SUBPESCA (2023) Resultados de pesca de investigación  de peces de aguas continentales en el período 2012-2023.","SUBPESCA-2","CC NC-BY 4.0","Datos obtenidos por ley de transparencia.","SUBPESCA Pesca Investigación (2012-2023)"
"Brian Reid (2022) Informe de resutados de pesca de investigación asociado al permiso SUBPESCA, R. EX N°E-2022-499. Proyecto: Efecto de sedimentos suspendidos a la alimentación de los peces nativos e introducidos, en la cuenca del río Simpson, región de Aysén. Centro de Investigación de Ecosistemas de la Patagonia.",NA,"2023-02-08",8,2,2023,"7:00 - 12:00 HRS","T11C","739394","4921849",-45.815355,-71.918538,"Salmo trutta","trucha café",1,"pesca con caña (mosca y cuchara) y electro-pesca",NA,NA,"40 MIN (Caña) Y 475 SEG (Electro pesca)","Sudamérica","Chile","CL","Región de Aysén","Provincia de Coyhaique","Comuna de Coyhaique","El Blanco","SUBPESCA.PescaInvestigacion2012-2023.207","SUBPESCA (2023) Resultados de pesca de investigación  de peces de aguas continentales en el período 2012-2023.","SUBPESCA-2","CC NC-BY 4.0","Datos obtenidos por ley de transparencia.","SUBPESCA Pesca Investigación (2012-2023)"
"Brian Reid (2022) Informe de resutados de pesca de investigación asociado al permiso SUBPESCA, R. EX N°E-2022-499. Proyecto: Efecto de sedimentos suspendidos a la alimentación de los peces nativos e introducidos, en la cuenca del río Simpson, región de Aysén. Centro de Investigación de Ecosistemas de la Patagonia.",NA,"2023-02-08",8,2,2023,"7:00 - 12:00 HRS","T11C","739394","4921849",-45.815355,-71.918538,"Salmo trutta","trucha café",2,"pesca con caña (mosca y cuchara) y electro-pesca",NA,NA,"40 MIN (Caña) Y 475 SEG (Electro pesca)","Sudamérica","Chile","CL","Región de Aysén","Provincia de Coyhaique","Comuna de Coyhaique","El Blanco","SUBPESCA.PescaInvestigacion2012-2023.208","SUBPESCA (2023) Resultados de pesca de investigación  de peces de aguas continentales en el período 2012-2023.","SUBPESCA-2","CC NC-BY 4.0","Datos obtenidos por ley de transparencia.","SUBPESCA Pesca Investigación (2012-2023)"
"Brian Reid (2022) Informe de resutados de pesca de investigación asociado al permiso SUBPESCA, R. EX N°E-2022-499. Proyecto: Efecto de sedimentos suspendidos a la alimentación de los peces nativos e introducidos, en la cuenca del río Simpson, región de Aysén. Centro de Investigación de Ecosistemas de la Patagonia.",NA,"2023-02-08",8,2,2023,"7:00 - 12:00 HRS","T11C","739394","4921849",-45.815355,-71.918538,"Oncorhynchus mykiss","trucha arcoíris",3,"pesca con caña (mosca y cuchara) y electro-pesca",NA,NA,"40 MIN (Caña) Y 475 SEG (Electro pesca)","Sudamérica","Chile","CL","Región de Aysén","Provincia de Coyhaique","Comuna de Coyhaique","El Blanco","SUBPESCA.PescaInvestigacion2012-2023.209","SUBPESCA (2023) Resultados de pesca de investigación  de peces de aguas continentales en el período 2012-2023.","SUBPESCA-2","CC NC-BY 4.0","Datos obtenidos por ley de transparencia.","SUBPESCA Pesca Investigación (2012-2023)"
"Brian Reid (2022) Informe de resutados de pesca de investigación asociado al permiso SUBPESCA, R. EX N°E-2022-499. Proyecto: Efecto de sedimentos suspendidos a la alimentación de los peces nativos e introducidos, en la cuenca del río Simpson, región de Aysén. Centro de Investigación de Ecosistemas de la Patagonia.",NA,"2023-02-08",8,2,2023,"7:00 - 12:00 HRS","T11C","739394","4921849",-45.815355,-71.918538,"Oncorhynchus mykiss","trucha arcoíris",4,"pesca con caña (mosca y cuchara) y electro-pesca",NA,NA,"40 MIN (Caña) Y 475 SEG (Electro pesca)","Sudamérica","Chile","CL","Región de Aysén","Provincia de Coyhaique","Comuna de Coyhaique","El Blanco","SUBPESCA.PescaInvestigacion2012-2023.210","SUBPESCA (2023) Resultados de pesca de investigación  de peces de aguas continentales en el período 2012-2023.","SUBPESCA-2","CC NC-BY 4.0","Datos obtenidos por ley de transparencia.","SUBPESCA Pesca Investigación (2012-2023)"
"Brian Reid (2022) Informe de resutados de pesca de investigación asociado al permiso SUBPESCA, R. EX N°E-2022-499. Proyecto: Efecto de sedimentos suspendidos a la alimentación de los peces nativos e introducidos, en la cuenca del río Simpson, región de Aysén. Centro de Investigación de Ecosistemas de la Patagonia.",NA,"2023-02-08",8,2,2023,"7:00 - 12:00 HRS","T11C","739394","4921849",-45.815355,-71.918538,"Oncorhynchus mykiss","trucha arcoíris",5,"pesca con caña (mosca y cuchara) y electro-pesca",NA,NA,"40 MIN (Caña) Y 475 SEG (Electro pesca)","Sudamérica","Chile","CL","Región de Aysén","Provincia de Coyhaique","Comuna de Coyhaique","El Blanco","SUBPESCA.PescaInvestigacion2012-2023.211","SUBPESCA (2023) Resultados de pesca de investigación  de peces de aguas continentales en el período 2012-2023.","SUBPESCA-2","CC NC-BY 4.0","Datos obtenidos por ley de transparencia.","SUBPESCA Pesca Investigación (2012-2023)"
"Brian Reid (2022) Informe de resutados de pesca de investigación asociado al permiso SUBPESCA, R. EX N°E-2022-499. Proyecto: Efecto de sedimentos suspendidos a la alimentación de los peces nativos e introducidos, en la cuenca del río Simpson, región de Aysén. Centro de Investigación de Ecosistemas de la Patagonia.",NA,"2023-02-08",8,2,2023,"7:00 - 12:00 HRS","T11C","739394","4921849",-45.815355,-71.918538,"Oncorhynchus mykiss","trucha arcoíris",6,"pesca con caña (mosca y cuchara) y electro-pesca",NA,NA,"40 MIN (Caña) Y 475 SEG (Electro pesca)","Sudamérica","Chile","CL","Región de Aysén","Provincia de Coyhaique","Comuna de Coyhaique","El Blanco","SUBPESCA.PescaInvestigacion2012-2023.212","SUBPESCA (2023) Resultados de pesca de investigación  de peces de aguas continentales en el período 2012-2023.","SUBPESCA-2","CC NC-BY 4.0","Datos obtenidos por ley de transparencia.","SUBPESCA Pesca Investigación (2012-2023)"
"Brian Reid (2022) Informe de resutados de pesca de investigación asociado al permiso SUBPESCA, R. EX N°E-2022-499. Proyecto: Efecto de sedimentos suspendidos a la alimentación de los peces nativos e introducidos, en la cuenca del río Simpson, región de Aysén. Centro de Investigación de Ecosistemas de la Patagonia.",NA,"2023-02-08",8,2,2023,"7:00 - 12:00 HRS","T11C","739394","4921849",-45.815355,-71.918538,"Oncorhynchus mykiss","trucha arcoíris",7,"pesca con caña (mosca y cuchara) y electro-pesca",NA,NA,"40 MIN (Caña) Y 475 SEG (Electro pesca)","Sudamérica","Chile","CL","Región de Aysén","Provincia de Coyhaique","Comuna de Coyhaique","El Blanco","SUBPESCA.PescaInvestigacion2012-2023.213","SUBPESCA (2023) Resultados de pesca de investigación  de peces de aguas continentales en el período 2012-2023.","SUBPESCA-2","CC NC-BY 4.0","Datos obtenidos por ley de transparencia.","SUBPESCA Pesca Investigación (2012-2023)"
"Brian Reid (2022) Informe de resutados de pesca de investigación asociado al permiso SUBPESCA, R. EX N°E-2022-499. Proyecto: Efecto de sedimentos suspendidos a la alimentación de los peces nativos e introducidos, en la cuenca del río Simpson, región de Aysén. Centro de Investigación de Ecosistemas de la Patagonia.",NA,"2023-02-08",8,2,2023,"7:00 - 12:00 HRS","T11C","739394","4921849",-45.815355,-71.918538,"Oncorhynchus mykiss","trucha arcoíris",8,"pesca con caña (mosca y cuchara) y electro-pesca",NA,NA,"40 MIN (Caña) Y 475 SEG (Electro pesca)","Sudamérica","Chile","CL","Región de Aysén","Provincia de Coyhaique","Comuna de Coyhaique","El Blanco","SUBPESCA.PescaInvestigacion2012-2023.214","SUBPESCA (2023) Resultados de pesca de investigación  de peces de aguas continentales en el período 2012-2023.","SUBPESCA-2","CC NC-BY 4.0","Datos obtenidos por ley de transparencia.","SUBPESCA Pesca Investigación (2012-2023)"
"Brian Reid (2022) Informe de resutados de pesca de investigación asociado al permiso SUBPESCA, R. EX N°E-2022-499. Proyecto: Efecto de sedimentos suspendidos a la alimentación de los peces nativos e introducidos, en la cuenca del río Simpson, región de Aysén. Centro de Investigación de Ecosistemas de la Patagonia.",NA,"2023-02-08",8,2,2023,"7:00 - 12:00 HRS","T11C","739394","4921849",-45.815355,-71.918538,"Oncorhynchus mykiss","trucha arcoíris",9,"pesca con caña (mosca y cuchara) y electro-pesca",NA,NA,"40 MIN (Caña) Y 475 SEG (Electro pesca)","Sudamérica","Chile","CL","Región de Aysén","Provincia de Coyhaique","Comuna de Coyhaique","El Blanco","SUBPESCA.PescaInvestigacion2012-2023.215","SUBPESCA (2023) Resultados de pesca de investigación  de peces de aguas continentales en el período 2012-2023.","SUBPESCA-2","CC NC-BY 4.0","Datos obtenidos por ley de transparencia.","SUBPESCA Pesca Investigación (2012-2023)"
"Brian Reid (2022) Informe de resutados de pesca de investigación asociado al permiso SUBPESCA, R. EX N°E-2022-499. Proyecto: Efecto de sedimentos suspendidos a la alimentación de los peces nativos e introducidos, en la cuenca del río Simpson, región de Aysén. Centro de Investigación de Ecosistemas de la Patagonia.",NA,"2023-02-08",8,2,2023,"7:00 - 12:00 HRS","T11C","739394","4921849",-45.815355,-71.918538,"Oncorhynchus mykiss","trucha arcoíris",10,"pesca con caña (mosca y cuchara) y electro-pesca",NA,NA,"40 MIN (Caña) Y 475 SEG (Electro pesca)","Sudamérica","Chile","CL","Región de Aysén","Provincia de Coyhaique","Comuna de Coyhaique","El Blanco","SUBPESCA.PescaInvestigacion2012-2023.216","SUBPESCA (2023) Resultados de pesca de investigación  de peces de aguas continentales en el período 2012-2023.","SUBPESCA-2","CC NC-BY 4.0","Datos obtenidos por ley de transparencia.","SUBPESCA Pesca Investigación (2012-2023)"
"Brian Reid (2022) Informe de resutados de pesca de investigación asociado al permiso SUBPESCA, R. EX N°E-2022-499. Proyecto: Efecto de sedimentos suspendidos a la alimentación de los peces nativos e introducidos, en la cuenca del río Simpson, región de Aysén. Centro de Investigación de Ecosistemas de la Patagonia.",NA,"2023-02-08",8,2,2023,"7:00 - 12:00 HRS","T11C","739394","4921849",-45.815355,-71.918538,"Oncorhynchus mykiss","trucha arcoíris",11,"pesca con caña (mosca y cuchara) y electro-pesca",NA,NA,"40 MIN (Caña) Y 475 SEG (Electro pesca)","Sudamérica","Chile","CL","Región de Aysén","Provincia de Coyhaique","Comuna de Coyhaique","El Blanco","SUBPESCA.PescaInvestigacion2012-2023.217","SUBPESCA (2023) Resultados de pesca de investigación  de peces de aguas continentales en el período 2012-2023.","SUBPESCA-2","CC NC-BY 4.0","Datos obtenidos por ley de transparencia.","SUBPESCA Pesca Investigación (2012-2023)"
"Brian Reid (2022) Informe de resutados de pesca de investigación asociado al permiso SUBPESCA, R. EX N°E-2022-499. Proyecto: Efecto de sedimentos suspendidos a la alimentación de los peces nativos e introducidos, en la cuenca del río Simpson, región de Aysén. Centro de Investigación de Ecosistemas de la Patagonia.",NA,"2023-02-08",8,2,2023,"7:00 - 12:00 HRS","T11C","739394","4921849",-45.815355,-71.918538,"Oncorhynchus mykiss","trucha arcoíris",12,"pesca con caña (mosca y cuchara) y electro-pesca",NA,NA,"40 MIN (Caña) Y 475 SEG (Electro pesca)","Sudamérica","Chile","CL","Región de Aysén","Provincia de Coyhaique","Comuna de Coyhaique","El Blanco","SUBPESCA.PescaInvestigacion2012-2023.218","SUBPESCA (2023) Resultados de pesca de investigación  de peces de aguas continentales en el período 2012-2023.","SUBPESCA-2","CC NC-BY 4.0","Datos obtenidos por ley de transparencia.","SUBPESCA Pesca Investigación (2012-2023)"
"Brian Reid (2022) Informe de resutados de pesca de investigación asociado al permiso SUBPESCA, R. EX N°E-2022-499. Proyecto: Efecto de sedimentos suspendidos a la alimentación de los peces nativos e introducidos, en la cuenca del río Simpson, región de Aysén. Centro de Investigación de Ecosistemas de la Patagonia.",NA,"2023-02-08",8,2,2023,"7:00 - 12:00 HRS","T11C","739394","4921849",-45.815355,-71.918538,"Oncorhynchus mykiss","trucha arcoíris",13,"pesca con caña (mosca y cuchara) y electro-pesca",NA,NA,"40 MIN (Caña) Y 475 SEG (Electro pesca)","Sudamérica","Chile","CL","Región de Aysén","Provincia de Coyhaique","Comuna de Coyhaique","El Blanco","SUBPESCA.PescaInvestigacion2012-2023.219","SUBPESCA (2023) Resultados de pesca de investigación  de peces de aguas continentales en el período 2012-2023.","SUBPESCA-2","CC NC-BY 4.0","Datos obtenidos por ley de transparencia.","SUBPESCA Pesca Investigación (2012-2023)"
"Brian Reid (2022) Informe de resutados de pesca de investigación asociado al permiso SUBPESCA, R. EX N°E-2022-499. Proyecto: Efecto de sedimentos suspendidos a la alimentación de los peces nativos e introducidos, en la cuenca del río Simpson, región de Aysén. Centro de Investigación de Ecosistemas de la Patagonia.",NA,"2023-02-08",8,2,2023,"7:00 - 12:00 HRS","T11C","739394","4921849",-45.815355,-71.918538,"Oncorhynchus mykiss","trucha arcoíris",14,"pesca con caña (mosca y cuchara) y electro-pesca",NA,NA,"40 MIN (Caña) Y 475 SEG (Electro pesca)","Sudamérica","Chile","CL","Región de Aysén","Provincia de Coyhaique","Comuna de Coyhaique","El Blanco","SUBPESCA.PescaInvestigacion2012-2023.220","SUBPESCA (2023) Resultados de pesca de investigación  de peces de aguas continentales en el período 2012-2023.","SUBPESCA-2","CC NC-BY 4.0","Datos obtenidos por ley de transparencia.","SUBPESCA Pesca Investigación (2012-2023)"
"Brian Reid (2022) Informe de resutados de pesca de investigación asociado al permiso SUBPESCA, R. EX N°E-2022-499. Proyecto: Efecto de sedimentos suspendidos a la alimentación de los peces nativos e introducidos, en la cuenca del río Simpson, región de Aysén. Centro de Investigación de Ecosistemas de la Patagonia.",NA,"2023-02-08",8,2,2023,"7:00 - 12:00 HRS","T12D","739643","4922164",-45.812437,-71.915494,"Salmo trutta","trucha café",1,"pesca con caña (mosca y cuchara) y electro-pesca",NA,NA,"10 MIN (Caña)","Sudamérica","Chile","CL","Región de Aysén","Provincia de Coyhaique","Comuna de Coyhaique","El Blanco","SUBPESCA.PescaInvestigacion2012-2023.221","SUBPESCA (2023) Resultados de pesca de investigación  de peces de aguas continentales en el período 2012-2023.","SUBPESCA-2","CC NC-BY 4.0","Datos obtenidos por ley de transparencia.","SUBPESCA Pesca Investigación (2012-2023)"
"Brian Reid (2022) Informe de resutados de pesca de investigación asociado al permiso SUBPESCA, R. EX N°E-2022-499. Proyecto: Efecto de sedimentos suspendidos a la alimentación de los peces nativos e introducidos, en la cuenca del río Simpson, región de Aysén. Centro de Investigación de Ecosistemas de la Patagonia.",NA,"2023-02-08",8,2,2023,"7:00 - 12:00 HRS","T12D","739643","4922164",-45.812437,-71.915494,"Salmo trutta","trucha café",2,"pesca con caña (mosca y cuchara) y electro-pesca",NA,NA,"10 MIN (Caña)","Sudamérica","Chile","CL","Región de Aysén","Provincia de Coyhaique","Comuna de Coyhaique","El Blanco","SUBPESCA.PescaInvestigacion2012-2023.222","SUBPESCA (2023) Resultados de pesca de investigación  de peces de aguas continentales en el período 2012-2023.","SUBPESCA-2","CC NC-BY 4.0","Datos obtenidos por ley de transparencia.","SUBPESCA Pesca Investigación (2012-2023)"
"Brian Reid (2022) Informe de resutados de pesca de investigación asociado al permiso SUBPESCA, R. EX N°E-2022-499. Proyecto: Efecto de sedimentos suspendidos a la alimentación de los peces nativos e introducidos, en la cuenca del río Simpson, región de Aysén. Centro de Investigación de Ecosistemas de la Patagonia.",NA,"2023-02-08",8,2,2023,"7:00 - 12:00 HRS","T12D","739643","4922164",-45.812437,-71.915494,"Salmo trutta","trucha café",3,"pesca con caña (mosca y cuchara) y electro-pesca",NA,NA,"10 MIN (Caña)","Sudamérica","Chile","CL","Región de Aysén","Provincia de Coyhaique","Comuna de Coyhaique","El Blanco","SUBPESCA.PescaInvestigacion2012-2023.223","SUBPESCA (2023) Resultados de pesca de investigación  de peces de aguas continentales en el período 2012-2023.","SUBPESCA-2","CC NC-BY 4.0","Datos obtenidos por ley de transparencia.","SUBPESCA Pesca Investigación (2012-2023)"
"Brian Reid (2022) Informe de resutados de pesca de investigación asociado al permiso SUBPESCA, R. EX N°E-2022-499. Proyecto: Efecto de sedimentos suspendidos a la alimentación de los peces nativos e introducidos, en la cuenca del río Simpson, región de Aysén. Centro de Investigación de Ecosistemas de la Patagonia.",NA,"2023-02-08",8,2,2023,"7:00 - 12:00 HRS","T12D","739643","4922164",-45.812437,-71.915494,"Hatcheria macraei",NA,4,"pesca con caña (mosca y cuchara) y electro-pesca",NA,NA,"10 MIN (Caña)","Sudamérica","Chile","CL","Región de Aysén","Provincia de Coyhaique","Comuna de Coyhaique","El Blanco","SUBPESCA.PescaInvestigacion2012-2023.224","SUBPESCA (2023) Resultados de pesca de investigación  de peces de aguas continentales en el período 2012-2023.","SUBPESCA-2","CC NC-BY 4.0","Datos obtenidos por ley de transparencia.","SUBPESCA Pesca Investigación (2012-2023)"
"Brian Reid (2022) Informe de resutados de pesca de investigación asociado al permiso SUBPESCA, R. EX N°E-2022-499. Proyecto: Efecto de sedimentos suspendidos a la alimentación de los peces nativos e introducidos, en la cuenca del río Simpson, región de Aysén. Centro de Investigación de Ecosistemas de la Patagonia.",NA,"2023-02-08",8,2,2023,"7:00 - 12:00 HRS","T12D","739643","4922164",-45.812437,-71.915494,"Hatcheria macraei",NA,5,"pesca con caña (mosca y cuchara) y electro-pesca",NA,NA,"10 MIN (Caña)","Sudamérica","Chile","CL","Región de Aysén","Provincia de Coyhaique","Comuna de Coyhaique","El Blanco","SUBPESCA.PescaInvestigacion2012-2023.225","SUBPESCA (2023) Resultados de pesca de investigación  de peces de aguas continentales en el período 2012-2023.","SUBPESCA-2","CC NC-BY 4.0","Datos obtenidos por ley de transparencia.","SUBPESCA Pesca Investigación (2012-2023)"
"Brian Reid (2022) Informe de resutados de pesca de investigación asociado al permiso SUBPESCA, R. EX N°E-2022-499. Proyecto: Efecto de sedimentos suspendidos a la alimentación de los peces nativos e introducidos, en la cuenca del río Simpson, región de Aysén. Centro de Investigación de Ecosistemas de la Patagonia.",NA,"2023-02-08",8,2,2023,"7:00 - 12:00 HRS","T12D","739643","4922164",-45.812437,-71.915494,"Salmo trutta","trucha café",6,"pesca con caña (mosca y cuchara) y electro-pesca",NA,NA,"10 MIN (Caña)","Sudamérica","Chile","CL","Región de Aysén","Provincia de Coyhaique","Comuna de Coyhaique","El Blanco","SUBPESCA.PescaInvestigacion2012-2023.226","SUBPESCA (2023) Resultados de pesca de investigación  de peces de aguas continentales en el período 2012-2023.","SUBPESCA-2","CC NC-BY 4.0","Datos obtenidos por ley de transparencia.","SUBPESCA Pesca Investigación (2012-2023)"
"Brian Reid (2022) Informe de resutados de pesca de investigación asociado al permiso SUBPESCA, R. EX N°E-2022-499. Proyecto: Efecto de sedimentos suspendidos a la alimentación de los peces nativos e introducidos, en la cuenca del río Simpson, región de Aysén. Centro de Investigación de Ecosistemas de la Patagonia.",NA,"2023-02-08",8,2,2023,"7:00 - 12:00 HRS","T12D","739643","4922164",-45.812437,-71.915494,"Oncorhynchus tshawytscha","Salmón chinook",7,"pesca con caña (mosca y cuchara) y electro-pesca",NA,NA,"10 MIN (Caña)","Sudamérica","Chile","CL","Región de Aysén","Provincia de Coyhaique","Comuna de Coyhaique","El Blanco","SUBPESCA.PescaInvestigacion2012-2023.227","SUBPESCA (2023) Resultados de pesca de investigación  de peces de aguas continentales en el período 2012-2023.","SUBPESCA-2","CC NC-BY 4.0","Datos obtenidos por ley de transparencia.","SUBPESCA Pesca Investigación (2012-2023)"
"Brian Reid (2022) Informe de resutados de pesca de investigación asociado al permiso SUBPESCA, R. EX N°E-2022-499. Proyecto: Efecto de sedimentos suspendidos a la alimentación de los peces nativos e introducidos, en la cuenca del río Simpson, región de Aysén. Centro de Investigación de Ecosistemas de la Patagonia.",NA,"2023-02-08",8,2,2023,"7:00 - 12:00 HRS","T12D","739643","4922164",-45.812437,-71.915494,"Oncorhynchus tshawytscha","Salmón chinook",8,"pesca con caña (mosca y cuchara) y electro-pesca",NA,NA,"10 MIN (Caña)","Sudamérica","Chile","CL","Región de Aysén","Provincia de Coyhaique","Comuna de Coyhaique","El Blanco","SUBPESCA.PescaInvestigacion2012-2023.228","SUBPESCA (2023) Resultados de pesca de investigación  de peces de aguas continentales en el período 2012-2023.","SUBPESCA-2","CC NC-BY 4.0","Datos obtenidos por ley de transparencia.","SUBPESCA Pesca Investigación (2012-2023)"
"Brian Reid (2022) Informe de resutados de pesca de investigación asociado al permiso SUBPESCA, R. EX N°E-2022-499. Proyecto: Efecto de sedimentos suspendidos a la alimentación de los peces nativos e introducidos, en la cuenca del río Simpson, región de Aysén. Centro de Investigación de Ecosistemas de la Patagonia.",NA,"2023-02-08",8,2,2023,"7:00 - 12:00 HRS","T12D","739643","4922164",-45.812437,-71.915494,"Salmo trutta","trucha café",9,"pesca con caña (mosca y cuchara) y electro-pesca",NA,NA,"10 MIN (Caña)","Sudamérica","Chile","CL","Región de Aysén","Provincia de Coyhaique","Comuna de Coyhaique","El Blanco","SUBPESCA.PescaInvestigacion2012-2023.229","SUBPESCA (2023) Resultados de pesca de investigación  de peces de aguas continentales en el período 2012-2023.","SUBPESCA-2","CC NC-BY 4.0","Datos obtenidos por ley de transparencia.","SUBPESCA Pesca Investigación (2012-2023)"
"Brian Reid (2022) Informe de resutados de pesca de investigación asociado al permiso SUBPESCA, R. EX N°E-2022-499. Proyecto: Efecto de sedimentos suspendidos a la alimentación de los peces nativos e introducidos, en la cuenca del río Simpson, región de Aysén. Centro de Investigación de Ecosistemas de la Patagonia.",NA,"2023-02-08",8,2,2023,"7:00 - 12:00 HRS","T12D","739643","4922164",-45.812437,-71.915494,"Oncorhynchus mykiss","trucha arcoíris",10,"pesca con caña (mosca y cuchara) y electro-pesca",NA,NA,"10 MIN (Caña)","Sudamérica","Chile","CL","Región de Aysén","Provincia de Coyhaique","Comuna de Coyhaique","El Blanco","SUBPESCA.PescaInvestigacion2012-2023.230","SUBPESCA (2023) Resultados de pesca de investigación  de peces de aguas continentales en el período 2012-2023.","SUBPESCA-2","CC NC-BY 4.0","Datos obtenidos por ley de transparencia.","SUBPESCA Pesca Investigación (2012-2023)"
"Brian Reid (2022) Informe de resutados de pesca de investigación asociado al permiso SUBPESCA, R. EX N°E-2022-499. Proyecto: Efecto de sedimentos suspendidos a la alimentación de los peces nativos e introducidos, en la cuenca del río Simpson, región de Aysén. Centro de Investigación de Ecosistemas de la Patagonia.",NA,"2023-02-08",8,2,2023,"7:00 - 12:00 HRS","T12D","739643","4922164",-45.812437,-71.915494,"Salmo trutta","trucha café",11,"pesca con caña (mosca y cuchara) y electro-pesca",NA,NA,"10 MIN (Caña)","Sudamérica","Chile","CL","Región de Aysén","Provincia de Coyhaique","Comuna de Coyhaique","El Blanco","SUBPESCA.PescaInvestigacion2012-2023.231","SUBPESCA (2023) Resultados de pesca de investigación  de peces de aguas continentales en el período 2012-2023.","SUBPESCA-2","CC NC-BY 4.0","Datos obtenidos por ley de transparencia.","SUBPESCA Pesca Investigación (2012-2023)"
"Brian Reid (2022) Informe de resutados de pesca de investigación asociado al permiso SUBPESCA, R. EX N°E-2022-499. Proyecto: Efecto de sedimentos suspendidos a la alimentación de los peces nativos e introducidos, en la cuenca del río Simpson, región de Aysén. Centro de Investigación de Ecosistemas de la Patagonia.",NA,"2023-02-08",8,2,2023,"7:00 - 12:00 HRS","T12D","739643","4922164",-45.812437,-71.915494,"Salmo trutta","trucha café",12,"pesca con caña (mosca y cuchara) y electro-pesca",NA,NA,"10 MIN (Caña)","Sudamérica","Chile","CL","Región de Aysén","Provincia de Coyhaique","Comuna de Coyhaique","El Blanco","SUBPESCA.PescaInvestigacion2012-2023.232","SUBPESCA (2023) Resultados de pesca de investigación  de peces de aguas continentales en el período 2012-2023.","SUBPESCA-2","CC NC-BY 4.0","Datos obtenidos por ley de transparencia.","SUBPESCA Pesca Investigación (2012-2023)"
"Brian Reid (2022) Informe de resutados de pesca de investigación asociado al permiso SUBPESCA, R. EX N°E-2022-499. Proyecto: Efecto de sedimentos suspendidos a la alimentación de los peces nativos e introducidos, en la cuenca del río Simpson, región de Aysén. Centro de Investigación de Ecosistemas de la Patagonia.",NA,"2023-02-08",8,2,2023,"7:00 - 12:00 HRS","T12D","739643","4922164",-45.812437,-71.915494,"Oncorhynchus mykiss","trucha arcoíris",13,"pesca con caña (mosca y cuchara) y electro-pesca",NA,NA,"10 MIN (Caña)","Sudamérica","Chile","CL","Región de Aysén","Provincia de Coyhaique","Comuna de Coyhaique","El Blanco","SUBPESCA.PescaInvestigacion2012-2023.233","SUBPESCA (2023) Resultados de pesca de investigación  de peces de aguas continentales en el período 2012-2023.","SUBPESCA-2","CC NC-BY 4.0","Datos obtenidos por ley de transparencia.","SUBPESCA Pesca Investigación (2012-2023)"
"Brian Reid (2022) Informe de resutados de pesca de investigación asociado al permiso SUBPESCA, R. EX N°E-2022-499. Proyecto: Efecto de sedimentos suspendidos a la alimentación de los peces nativos e introducidos, en la cuenca del río Simpson, región de Aysén. Centro de Investigación de Ecosistemas de la Patagonia.",NA,"2023-02-08",8,2,2023,"7:00 - 12:00 HRS","T12B","740171","4922591",-45.808416,-71.908921,"Oncorhynchus mykiss","trucha arcoíris",14,"pesca con caña (mosca y cuchara) y electro-pesca",NA,NA,"60 MIN (Caña) Y 815 SEG (Electro pesca)","Sudamérica","Chile","CL","Región de Aysén","Provincia de Coyhaique","Comuna de Coyhaique","El Blanco","SUBPESCA.PescaInvestigacion2012-2023.234","SUBPESCA (2023) Resultados de pesca de investigación  de peces de aguas continentales en el período 2012-2023.","SUBPESCA-2","CC NC-BY 4.0","Datos obtenidos por ley de transparencia.","SUBPESCA Pesca Investigación (2012-2023)"
