"id_CC","occurrenceID_master","datasetName_tmp","canonicalName","year","eventDate","locality","decimalLatitude","decimalLongitude","bibliographicCitation","catalogNumber","institutionCode","Duplicate","Comment","Remove_from_master",".references",".associatedReferences",".decimalLat",".decimalLon",".locality",".year",".eventDate",".bibliographicCitation",".canonicalName",".scientificName",".catalogNumber",".recordedBy",".occurrenceID"
8,"http://n2t.net/ark:/65665/3cbe480df-3e43-44a5-a66f-d3c414b43b8d","vert","eleginops maclovinus",1888,NA,"port otway",-46.83,-75.3,"National Museum of N","77318","usnm",0,NA,NA,NA,NA,NA,NA,NA,NA,NA,NA,NA,NA,NA,NA,NA
12,"MAguilar.Lit.Review.1082","agui","galaxias maculatus",NA,NA,"port otway",-46.8333333329,-75.2999999996,"Rademacher K. 2007. ","1082",NA,0,NA,NA,NA,NA,NA,NA,NA,NA,NA,NA,NA,NA,NA,NA,NA
17,"MMA:ICT:0002019","mma2","galaxias maculatus",2014,"2014-04-24","rio tote. isla madre de dios",-50.386,-75.251,"OrigenReg: Base Dato",NA,NA,1,"associatedReferences: (Górski et al., 2017)",NA,NA,"Górski et al., 2017",NA,NA,NA,NA,NA,NA,NA,NA,NA,NA,NA
26,"CIMAR1_67_sp16","gbif","atheriniformes",1995,"1995-11-02",NA,-45.8317,-74.8933,NA,NA,"shoa",NA,"Remove. Added to GBIF in June 1995. Could be removed because they are oceanographic stations.","remove",NA,NA,NA,NA,NA,NA,NA,NA,NA,NA,NA,NA,NA
27,"CIMAR1_100_sp16","gbif","atheriniformes",1995,"1995-10-25",NA,-44.2133,-74.88,NA,NA,"shoa",NA,"Remove. Added to GBIF in June 1995. Could be removed because they are oceanographic stations.","remove",NA,NA,NA,NA,NA,NA,NA,NA,NA,NA,NA,NA,NA
29,"MMA:ICT:0000206","mma2","aplochiton zebra",NA,NA,"canal messier. isla juan stuven",-47.81,-74.764,"FuenteReg: Gunther 1",NA,NA,NA,"Change bibliographicReference to: FuenteReg: Gunther 1880 Estudio: Campos et al. 1993b",NA,NA,NA,NA,NA,NA,NA,NA,"FuenteReg: Gunther 1880 Estudio: Campos et al. 1993b",NA,NA,NA,NA,NA
30,"MAguilar.Lit.Review.1352","agui","aplochiton taeniatus",NA,NA,"isla harbor",-47.7499999998,-74.7499999998,"Zama A. y Cárdenas E","1352",NA,NA,"change locality to Puerto Island (english name is Island Harbor, which is translated to Puerto Island. Coordinate is -48.050901, -74.588702",NA,NA,NA,-48.050901,-74.588702,"Puerto Island",NA,NA,NA,NA,NA,NA,NA,NA
33,"CIMAR1_102_sp16","gbif","atheriniformes",1995,"1995-10-25",NA,-43.7733,-74.6183,NA,NA,"shoa",NA,"Remove. Added to GBIF in June 1995. Could be removed because they are oceanographic stations.","remove",NA,NA,NA,NA,NA,NA,NA,NA,NA,NA,NA,NA,NA
34,"CIMAR1_70_sp16","gbif","atheriniformes",1995,"1995-11-03",NA,-45.395,-74.61,NA,NA,"shoa",NA,"Remove. Added to GBIF in June 1995. Could be removed because they are oceanographic stations.","remove",NA,NA,NA,NA,NA,NA,NA,NA,NA,NA,NA,NA,NA
36,"http://www.inaturalist.org/observations/173459","inat","salmo trutta",2010,"2010-01-14","argentina",-50.736455137,-74.531254,NA,"173459",NA,NA,"Remove: According to iNaturalist ""Unsure of specific location and date"". It is very unlikely that the coordinates correspond to actual locality.","remove",NA,NA,NA,NA,NA,NA,NA,NA,NA,NA,NA,NA,NA
37,"CIMAR1_66_sp16","gbif","atheriniformes",1995,"1995-11-02",NA,-45.8283,-74.5217,NA,NA,"shoa",NA,"Remove. Added to GBIF in June 1995. Could be removed because they are oceanographic stations.","remove",NA,NA,NA,NA,NA,NA,NA,NA,NA,NA,NA,NA,NA
38,"CIMAR1_98_sp16","gbif","atheriniformes",1995,"1995-10-25",NA,-44.5617,-74.5217,NA,NA,"shoa",NA,"Remove. Added to GBIF in June 1995. Could be removed because they are oceanographic stations.","remove",NA,NA,NA,NA,NA,NA,NA,NA,NA,NA,NA,NA,NA
39,"MAguilar.Lit.Review.1349","agui","aplochiton marinus",NA,NA,"isla wellington",-49.5333333329,-74.5000000003,"Zama A. y Cárdenas E","1349",NA,1,"eventDate= 1977-09-21; year=1977; Locality= Isla Wellington, Estero Veto",NA,NA,NA,NA,NA,"Isla Wellington, Estero Veto",1977,"1977-09-21",NA,NA,NA,NA,NA,NA
40,"MAguilar.Lit.Review.906","agui","aplochiton taeniatus",1977,NA,"estero veto",-49.5333333329,-74.5000000003,"McDowall, R., & Naka","906",NA,NA,"change coordinate to -49.511663, -74.499677",NA,NA,NA,-49.511663,-74.499677,NA,NA,NA,NA,NA,NA,NA,NA,NA
41,"MMA:ICT:0000003","mma2","aplochiton marinus",1977,"1977-09-21","estero veto. costeras  orientales  entre  fiordo veto y fiordo antrim",-49.533,-74.5,"OrigenReg: Zama, A.,",NA,NA,0,NA,NA,NA,NA,NA,NA,NA,NA,NA,NA,NA,NA,NA,NA,NA
42,"SUBPESCA.PecesContinentales2019.23482","subpesca-1","oncorhynchus mykiss",2005,NA,NA,-46.5,-74.5,"PENALUNA BE, ARISMEN","23482",NA,NA,"Remove. Actual location is in rio Bueno, out of range.","remove",NA,NA,NA,NA,NA,NA,NA,NA,NA,NA,NA,NA,NA
43,"MAguilar.Lit.Review.726","agui","galaxias maculatus",2013,NA,"lago konrad po",-51.1777777784,-74.4383333329,"Górski, K., González","726",NA,0,NA,NA,NA,NA,NA,NA,NA,NA,NA,NA,NA,NA,NA,NA,NA
44,"MAguilar.Lit.Review.1050","agui","galaxias maculatus",2014,NA,"lago konrad po",-51.1777777784,-74.4383333329,"Pérez, S., Manosalva","1050",NA,0,NA,NA,NA,NA,NA,NA,NA,NA,NA,NA,NA,NA,NA,NA,NA
46,"MMA:ICT:0002014","mma2","galaxias maculatus",2014,"2014-03-27","lago konrad. bahia donaldson. islas presidente gabriel gonzalez videla",-51.178,-74.438,"OrigenReg: Base Dato",NA,NA,1,"associatedReferences (Górski et al. 2017 | Pérez et al. 2022)",NA,NA,"Górski et al. 2017 | Pérez et al. 2022",NA,NA,NA,NA,NA,NA,NA,NA,NA,NA,NA
50,"MAguilar.Lit.Review.725","agui","galaxias maculatus",2013,NA,"río konrad po",-51.1802777777,-74.432222222,"Górski, K., González","725",NA,0,NA,NA,NA,NA,NA,NA,NA,NA,NA,NA,NA,NA,NA,NA,NA
51,"MAguilar.Lit.Review.1049","agui","galaxias maculatus",2014,NA,"estuario konrad po",-51.1802777777,-74.432222222,"Pérez, S., Manosalva","1049",NA,0,NA,NA,NA,NA,NA,NA,NA,NA,NA,NA,NA,NA,NA,NA,NA
54,"MMA:ICT:0002017","mma2","galaxias maculatus",2014,"2014-04-03","rio konrad. bahia donaldson. islas presidente gabriel gonzalez videla",-51.18,-74.432,"OrigenReg: Base Dato",NA,NA,1,"associatedReferences (Górski et al. 2017 | Pérez et al. 2022)",NA,NA,"Górski et al. 2017 | Pérez et al. 2022",NA,NA,NA,NA,NA,NA,NA,NA,NA,NA,NA
59,"MMA:ICT:0001813","mma2","eleginops maclovinus",2014,"2014-02-14","rio balderas. sector puerto eden. costeras  orientales  entre  fiordo  beauchamp y fiordo veto",-49.134,-74.427,"OrigenReg: Base Dato",NA,NA,1,"associatedReferences (Górski et al. 2017)",NA,NA,"Górski et al. 2017",NA,NA,NA,NA,NA,NA,NA,NA,NA,NA,NA
60,"MMA:ICT:0002025","mma2","galaxias maculatus",2014,"2014-04-24","rio balderas. sector puerto eden. costeras  orientales  entre  fiordo  beauchamp y fiordo veto",-49.134,-74.427,"OrigenReg: Base Dato",NA,NA,1,"associatedReferences (Górski et al. 2017)",NA,NA,"Górski et al. 2017",NA,NA,NA,NA,NA,NA,NA,NA,NA,NA,NA
61,"MAguilar.Lit.Review.716","agui","eleginops maclovinus",2013,NA,"río balderas",-49.1341666671,-74.4269444444,"Górski, K., González","716",NA,0,"associatedReference: (Górski et al. 2017)",NA,NA,"Górski et al. 2017",NA,NA,NA,NA,NA,NA,NA,NA,NA,NA,NA
62,"MAguilar.Lit.Review.720","agui","galaxias maculatus",2013,NA,"río balderas",-49.1341666671,-74.4269444444,"Górski, K., González","720",NA,0,NA,NA,NA,NA,NA,NA,NA,NA,NA,NA,NA,NA,NA,NA,NA
65,"MAguilar.Lit.Review.717","agui","eleginops maclovinus",2013,NA,"bahía lackawana",-49.1719444442,-74.4111111109,"Górski, K., González","717",NA,0,NA,NA,NA,NA,NA,NA,NA,NA,NA,NA,NA,NA,NA,NA,NA
66,"MAguilar.Lit.Review.721","agui","galaxias maculatus",2013,NA,"bahía lackawana",-49.1719444442,-74.4111111109,"Górski, K., González","721",NA,0,NA,NA,NA,NA,NA,NA,NA,NA,NA,NA,NA,NA,NA,NA,NA
67,"MMA:ICT:0001811","mma2","eleginops maclovinus",2014,"2014-02-14","rio lackawana. sector puerto eden. costeras  orientales  entre  fiordo  beauchamp y fiordo veto",-49.172,-74.411,"OrigenReg: Base Dato",NA,NA,1,"associatedReference: (Górski et al. 2017)",NA,NA,"Górski et al. 2017",NA,NA,NA,NA,NA,NA,NA,NA,NA,NA,NA
69,"MMA:ICT:0002023","mma2","galaxias maculatus",2014,"2014-04-24","rio lackawana. sector puerto eden. costeras  orientales  entre  fiordo  beauchamp y fiordo veto",-49.172,-74.411,"OrigenReg: Base Dato",NA,NA,1,"associatedReferences (Górski et al. 2017)",NA,NA,"Górski et al. 2017",NA,NA,NA,NA,NA,NA,NA,NA,NA,NA,NA
71,"CIMAR1_65_sp16","gbif","atheriniformes",1995,"1995-11-02",NA,-45.7817,-74.4083,NA,NA,"shoa",NA,"Remove. Added to GBIF in June 1995. Could be removed because they are oceanographic stations.","remove",NA,NA,NA,NA,NA,NA,NA,NA,NA,NA,NA,NA,NA
75,"69778f10-9b29-40a0-a178-26b3bc0e4c02","idig","eleginops maclovinus",1931,NA,"golfo de penas",-48.4583333,-74.3916667,NA,"1936.8.26.915","nhmuk",0,NA,NA,NA,NA,NA,NA,NA,NA,NA,NA,NA,NA,NA,NA,NA
78,"CIMAR1_71_sp16","gbif","atheriniformes",1995,"1995-11-03",NA,-45.4383,-74.3433,NA,NA,"shoa",NA,"Remove. Added to GBIF in June 1995. Could be removed because they are oceanographic stations.","remove",NA,NA,NA,NA,NA,NA,NA,NA,NA,NA,NA,NA,NA
80,"CIMAR1_103_sp16","gbif","atheriniformes",1995,"1995-10-25",NA,-43.6617,-74.2883,NA,NA,"shoa",NA,"Remove. Added to GBIF in June 1995. Could be removed because they are oceanographic stations.","remove",NA,NA,NA,NA,NA,NA,NA,NA,NA,NA,NA,NA,NA
83,"MAguilar.Lit.Review.732","agui","oncorhynchus kisutch",2013,NA,"río tote",-50.3859722217,-74.2511944444,"Górski, K., González","732",NA,NA,"change coordinates to: -50.385972, -74.251194",NA,NA,NA,-50.385972,-74.251194,NA,NA,NA,NA,NA,NA,NA,NA,NA
84,"MAguilar.Lit.Review.724","agui","galaxias maculatus",2013,NA,"río tote",-50.3861111112,-74.2511111114,"Górski, K., González","724",NA,0,NA,NA,NA,NA,NA,NA,NA,NA,NA,NA,NA,NA,NA,NA,NA
87,"MCZ:Ich:6594","gbif","galaxiidae",1872,"1872","off straits of magellan, puerto bueno",-50.99286,-74.21539,NA,"6594","mcz",0,NA,NA,NA,NA,NA,NA,NA,NA,NA,NA,NA,NA,NA,NA,NA
90,"CIMAR1_64_sp16","gbif","atheriniformes",1995,"1995-11-02",NA,-45.7,-74.175,NA,NA,"shoa",NA,"Remove. Added to GBIF in June 1995. Could be removed because they are oceanographic stations.","remove",NA,NA,NA,NA,NA,NA,NA,NA,NA,NA,NA,NA,NA
96,"MMA:ICT:0002021","mma2","galaxias maculatus",2014,"2014-04-24","rio evelyn. bahia elizabeth. costeras canal mesier limite region - peninsula exmouth",-49.198,-74.144,"OrigenReg: Base Dato",NA,NA,1,"associatedReferences (Górski et al. 2017)",NA,NA,"Górski et al. 2017",NA,NA,NA,NA,NA,NA,NA,NA,NA,NA,NA
98,"MAguilar.Lit.Review.722","agui","galaxias maculatus",2013,NA,"río elizabeth",-49.1980555556,-74.1436111111,"Górski, K., González","722",NA,0,NA,NA,NA,NA,NA,NA,NA,NA,NA,NA,NA,NA,NA,NA,NA
99,"MMA:ICT:0002027","mma2","galaxias maculatus",2014,"2014-04-24","lago evelyn. bahia elizabeth. costeras canal mesier limite region - peninsula exmouth",-49.195,-74.141,"OrigenReg: Base Dato",NA,NA,1,"associatedReferences (Górski et al. 2017)",NA,NA,"Górski et al. 2017",NA,NA,NA,NA,NA,NA,NA,NA,NA,NA,NA
103,"MAguilar.Lit.Review.723","agui","galaxias maculatus",2013,NA,"lago evelyn",-49.1952777782,-74.1405555556,"Górski, K., González","723",NA,0,NA,NA,NA,NA,NA,NA,NA,NA,NA,NA,NA,NA,NA,NA,NA
106,"CIMAR1_72_sp16","gbif","atheriniformes",1995,"1995-11-03",NA,-45.385,-74.1367,NA,NA,"shoa",NA,"Remove. Added to GBIF in June 1995. Could be removed because they are oceanographic stations.","remove",NA,NA,NA,NA,NA,NA,NA,NA,NA,NA,NA,NA,NA
122,"MMA:ICT:0001830","mma2","galaxias globiceps",NA,NA,"río cipresal. costa occidental de la isla de chiloé. costeras vertientes oeste entre rio chepu y rio cucao",-42.604,-74.123,"FuenteReg: Murillo &",NA,NA,1,"also in Cussac et al. 2004",NA,NA,"Cussac et al., 2004",NA,NA,NA,NA,NA,NA,NA,NA,NA,NA,NA
123,"CIMAR1_97_sp16","gbif","atheriniformes",1995,"1995-10-26",NA,-44.5733,-74.1217,NA,NA,"shoa",NA,"Remove. Added to GBIF in June 1995. Could be removed because they are oceanographic stations.","remove",NA,NA,NA,NA,NA,NA,NA,NA,NA,NA,NA,NA,NA
141,"MMA:ICT:0000008","mma2","aplochiton marinus",2011,"2011-01-23","lago huelde, chiloé. pequeño lago costero. costeras vertientes oeste entre rio chepu y rio cucao",-42.595,-74.117,"OrigenReg: Alo, D., ",NA,NA,0,NA,NA,NA,NA,NA,NA,NA,NA,NA,NA,NA,NA,NA,NA,NA
244,"MAguilar.Lit.Review.761","agui","salmo trutta",2006,NA,"lago cucao",-42.6394560004,-74.0669899996,"Habit, E., Gonzalez,","761",NA,1,"associatedsReference: (Cussac et al., 2020)",NA,NA,"Cussac et al., 2020",NA,NA,NA,NA,NA,NA,NA,NA,NA,NA,NA
245,"MAguilar.Lit.Review.519","agui","salmo trutta",NA,NA,"lago cucao",-42.6394560004,-74.0669899996,"Cussac, V.E.; Barran","519",NA,0,NA,NA,NA,NA,NA,NA,NA,NA,NA,NA,NA,NA,NA,NA,NA
246,"MMA:ICT:0001879","mma2","galaxias maculatus",2007,"2007-12-22","lago cucuao. en cucao. costera vertiente oeste entre rio cucao (incluido) y rio medina (incluido)",-42.648,-74.058,"OrigenReg: Base Dato",NA,NA,NA,"associatedReference: (Habit et al. 2012)",NA,NA,"Habit et al. 2012",NA,NA,NA,NA,NA,NA,NA,NA,NA,NA,NA
251,"CIMAR1_63_sp16","gbif","atheriniformes",1995,"1995-11-02",NA,-45.7283,-74.04,NA,NA,"shoa",NA,"Remove. Added to GBIF in June 1995. Could be removed because they are oceanographic stations.","remove",NA,NA,NA,NA,NA,NA,NA,NA,NA,NA,NA,NA,NA
252,"MAguilar.Lit.Review.1253","agui","aplochiton zebra",NA,NA,"u29, chiloé",-41.9600000004,-74.0399999996,"Vanhaecke, D., Garci","1253",NA,0,NA,NA,NA,NA,NA,NA,NA,NA,NA,NA,NA,NA,NA,NA,NA
253,"MAguilar.Lit.Review.1244","agui","aplochiton zebra",2007,"2007-12-03","u29, chiloé",-41.9590000001,-74.0399999996,"Vanhaecke D, Garcia ","1244",NA,0,NA,NA,NA,NA,NA,NA,NA,NA,NA,NA,NA,NA,NA,NA,NA
260,"MAguilar.Lit.Review.1233","agui","aplochiton taeniatus",2007,"2007-11-29","u24, chiloé",-41.811,-74.031,"Vanhaecke D, Garcia ","1233",NA,0,NA,NA,NA,NA,NA,NA,NA,NA,NA,NA,NA,NA,NA,NA,NA
270,"MAguilar.Lit.Review.1239","agui","aplochiton taeniatus",2007,"2007-12-02","u28, chiloé",-41.9459999996,-74.0240000001,"Vanhaecke D, Garcia ","1239",NA,0,NA,NA,NA,NA,NA,NA,NA,NA,NA,NA,NA,NA,NA,NA,NA
271,"MAguilar.Lit.Review.1243","agui","aplochiton zebra",2007,"2007-12-02","u28, chiloé",-41.9459999996,-74.0240000001,"Vanhaecke D, Garcia ","1243",NA,0,NA,NA,NA,NA,NA,NA,NA,NA,NA,NA,NA,NA,NA,NA,NA
277,"MAguilar.Lit.Review.1238","agui","aplochiton taeniatus",2007,"2007-12-01","puñihuil",-41.9310000003,-74.0229999998,"Vanhaecke D, Garcia ","1238",NA,0,NA,NA,NA,NA,NA,NA,NA,NA,NA,NA,NA,NA,NA,NA,NA
284,"MAguilar.Lit.Review.1249","agui","aplochiton taeniatus",NA,NA,"u28, chiloé",-41.9499999997,-74.02,"Vanhaecke, D., Garci","1249",NA,0,NA,NA,NA,NA,NA,NA,NA,NA,NA,NA,NA,NA,NA,NA,NA
285,"MAguilar.Lit.Review.1252","agui","aplochiton zebra",NA,NA,"u28, chiloé",-41.9499999997,-74.02,"Vanhaecke, D., Garci","1252",NA,0,NA,NA,NA,NA,NA,NA,NA,NA,NA,NA,NA,NA,NA,NA,NA
292,"MAguilar.Lit.Review.1240","agui","aplochiton taeniatus",2007,"2007-12-04","u30, chiloé",-41.9840000001,-74.0119999998,"Vanhaecke D, Garcia ","1240",NA,0,NA,NA,NA,NA,NA,NA,NA,NA,NA,NA,NA,NA,NA,NA,NA
302,"MAguilar.Lit.Review.388","agui","galaxias maculatus",NA,NA,"puerto bueno",-50.9666666666,-74.0000000004,"Cussac, V., Ortubay,","388",NA,NA,"Chango coordinates to -50,99286°, -74,21539°",NA,NA,NA,-50.99286,-74.21539,NA,NA,NA,NA,NA,NA,NA,NA,NA
303,"MAguilar.Lit.Review.1073","agui","eleginops maclovinus",NA,NA,"los chonos",-44.9999999999,-74.0000000004,"Rademacher K. 2007. ","1073",NA,0,"Remove","remove",NA,NA,NA,NA,NA,NA,NA,NA,NA,NA,NA,NA,NA
307,"urn:catalog:CAS:SU(ICH):22690","idig","galaxias maculatus",NA,NA,"patagonia, port otway.",-53.308676,-73.987166,NA,"22690","cas",0,"change coordinates to -46.833333, -75.300000",NA,NA,NA,-46.833333,-75.3,NA,NA,NA,NA,NA,NA,NA,NA,NA
316,"MAguilar.Lit.Review.1234","agui","aplochiton taeniatus",2007,"2007-11-29","u25, chiloé",-41.8139999999,-73.9710000003,"Vanhaecke D, Garcia ","1234",NA,0,NA,NA,NA,NA,NA,NA,NA,NA,NA,NA,NA,NA,NA,NA,NA
319,"MAguilar.Lit.Review.1063","agui","eleginops maclovinus",NA,NA,"laguna san rafael",-46.6666666671,-73.9666666674,"Rademacher K. 2007. ","1063",NA,0,NA,NA,NA,NA,NA,NA,NA,NA,NA,NA,NA,NA,NA,NA,NA
320,"MAguilar.Lit.Review.387","agui","galaxias globiceps",NA,NA,"río cipresales",-42.6166666671,-73.9666666674,"Cussac, V., Ortubay,","387",NA,0,"Remove. bad coordinates. See other record from Rio Cipresal","remove",NA,NA,NA,NA,NA,NA,NA,NA,NA,NA,NA,NA,NA
332,"MAguilar.Lit.Review.1236","agui","aplochiton taeniatus",2007,"2007-11-30","u26, chiloé",-41.8859999999,-73.9619999999,"Vanhaecke D, Garcia ","1236",NA,0,NA,NA,NA,NA,NA,NA,NA,NA,NA,NA,NA,NA,NA,NA,NA
336,"MAguilar.Lit.Review.769","agui","oncorhynchus mykiss",2006,NA,"lago tepuhueico",-42.7930189998,-73.9600109999,"Habit, E., Gonzalez,","769",NA,1,"associatedReference: (Cussac et al., 2020)",NA,NA,"Cussac et al., 2020",NA,NA,NA,NA,NA,NA,NA,NA,NA,NA,NA
337,"MAguilar.Lit.Review.526","agui","oncorhynchus mykiss",NA,NA,"lago tepuhueico",-42.7930189998,-73.9600109999,"Cussac, V.E.; Barran","526",NA,0,NA,NA,NA,NA,NA,NA,NA,NA,NA,NA,NA,NA,NA,NA,NA
338,"MAguilar.Lit.Review.768","agui","salmo trutta",2006,NA,"lago tepuhueico",-42.7930189998,-73.9600109999,"Habit, E., Gonzalez,","768",NA,1,"associatedsReference: (Cussac et al., 2020)",NA,NA,"Cussac et al., 2020",NA,NA,NA,NA,NA,NA,NA,NA,NA,NA,NA
339,"MAguilar.Lit.Review.527","agui","salmo trutta",NA,NA,"lago tepuhueico",-42.7930189998,-73.9600109999,"Cussac, V.E.; Barran","527",NA,0,NA,NA,NA,NA,NA,NA,NA,NA,NA,NA,NA,NA,NA,NA,NA
344,"MAguilar.Lit.Review.1237","agui","aplochiton taeniatus",2007,"2007-11-30","u27, chiloé",-41.8929999998,-73.959,"Vanhaecke D, Garcia ","1237",NA,0,NA,NA,NA,NA,NA,NA,NA,NA,NA,NA,NA,NA,NA,NA,NA
346,"CIMAR1_96_sp16","gbif","atheriniformes",1995,"1995-10-26",NA,-44.5633,-73.955,NA,NA,"shoa",NA,"Remove. Added to GBIF in June 1995. Could be removed because they are oceanographic stations.","remove",NA,NA,NA,NA,NA,NA,NA,NA,NA,NA,NA,NA,NA
354,"MAguilar.Lit.Review.828","agui","odontesthes brevianalis",NA,NA,"lago huillinco",-42.6599999999,-73.9499999996,"Hughes, LC, Cardoso,","828",NA,NA,"associatedReference: (Habit et al. 2012)",NA,NA,"Habit et al. 2012",NA,NA,NA,NA,NA,NA,NA,NA,NA,NA,NA
355,"MAguilar.Lit.Review.763","agui","oncorhynchus mykiss",2006,NA,"lago huillinco",-42.670143,-73.9482679998,"Habit, E., Gonzalez,","763",NA,1,"associatedReference: (Cussac et al., 2020)",NA,NA,"Cussac et al., 2020",NA,NA,NA,NA,NA,NA,NA,NA,NA,NA,NA
356,"MAguilar.Lit.Review.520","agui","oncorhynchus mykiss",NA,NA,"lago huillinco",-42.670143,-73.9482679998,"Cussac, V.E.; Barran","520",NA,0,NA,NA,NA,NA,NA,NA,NA,NA,NA,NA,NA,NA,NA,NA,NA
357,"MAguilar.Lit.Review.762","agui","salmo trutta",2006,NA,"lago huillinco",-42.670143,-73.9482679998,"Habit, E., Gonzalez,","762",NA,1,"associatedsReference: (Cussac et al., 2020)",NA,NA,"Cussac et al., 2020",NA,NA,NA,NA,NA,NA,NA,NA,NA,NA,NA
358,"MAguilar.Lit.Review.521","agui","salmo trutta",NA,NA,"lago huillinco",-42.670143,-73.9482679998,"Cussac, V.E.; Barran","521",NA,0,NA,NA,NA,NA,NA,NA,NA,NA,NA,NA,NA,NA,NA,NA,NA
483,"MMA:ICT:0001882","mma2","galaxias maculatus",2007,"2007-12-22","lago tepuhueico. en lodge tepuhueico. costera vertiente oeste entre rio cucao (incluido) y rio medina (incluido)",-42.803,-73.924,"OrigenReg: Base Dato",NA,NA,NA,"associatedReference: (Habit et al. 2012)",NA,NA,"Habit et al. 2012",NA,NA,NA,NA,NA,NA,NA,NA,NA,NA,NA
489,"MAguilar.Lit.Review.273","agui","oncorhynchus mykiss",2007,NA,"sitio de muestreo granja 2, chiloé",-42.4206,-73.9194999996,"Consuegra, S., Phill","273",NA,0,NA,NA,NA,NA,NA,NA,NA,NA,NA,NA,NA,NA,NA,NA,NA
495,"http://id.smns-bw.org/smns/collection/781779/1243849/785891","gbif","diplomystes chilensis",1853,"1853-07","water body: into southeastern pacific ocean; chiloè island, flüsse/rivers",-42.5,-73.91667,NA,"smns-z-pi-000357 / 1243849 / smns-z-pi-000357","smns",NA,"Remove. Preserved specimen. Most likely not from Chiloé, as Poeppig did not sample in Chiloé.","remove",NA,NA,NA,NA,NA,NA,NA,NA,NA,NA,NA,NA,NA
496,"MAguilar.Lit.Review.1072","agui","eleginops maclovinus",NA,NA,"canales de chiloé",-42.666666667,-73.9166666666,"Rademacher K. 2007. ","1072",NA,0,"Remove","remove",NA,NA,NA,NA,NA,NA,NA,NA,NA,NA,NA,NA,NA
497,"MAguilar.Lit.Review.1081","agui","galaxias maculatus",NA,NA,"canales de chiloé",-42.666666667,-73.9166666666,"Rademacher K. 2007. ","1081",NA,0,"Remove","remove",NA,NA,NA,NA,NA,NA,NA,NA,NA,NA,NA,NA,NA
591,"CIMAR1_95_sp16","gbif","atheriniformes",1995,"1995-10-26",NA,-44.47,-73.9033,NA,NA,"shoa",NA,"Remove. Added to GBIF in June 1995. Could be removed because they are oceanographic stations.","remove",NA,NA,NA,NA,NA,NA,NA,NA,NA,NA,NA,NA,NA
846,"MMA:ICT:0001856","mma2","galaxias maculatus",2006,"2006-07-17","lago huillinco. costera vertiente oeste entre rio cucao (incluido) y rio medina (incluido)",-42.67,-73.897,"OrigenReg: Base Dato",NA,NA,NA,"associatedReference: (Habit et al. 2012)",NA,NA,"Habit et al. 2012",NA,NA,NA,NA,NA,NA,NA,NA,NA,NA,NA
862,"CIMAR1_73_sp16","gbif","atheriniformes",1995,"1995-11-03",NA,-45.4567,-73.88,NA,NA,"shoa",NA,"Remove. Added to GBIF in June 1995. Could be removed because they are oceanographic stations.","remove",NA,NA,NA,NA,NA,NA,NA,NA,NA,NA,NA,NA,NA
882,"CIMAR1_62_sp16","gbif","atheriniformes",1995,"1995-11-02",NA,-45.7233,-73.8717,NA,NA,"shoa",NA,"Remove. Added to GBIF in June 1995. Could be removed because they are oceanographic stations.","remove",NA,NA,NA,NA,NA,NA,NA,NA,NA,NA,NA,NA,NA
890,"CIMAR1_33_sp16","gbif","atheriniformes",1995,"1995-10-25",NA,-43.7083,-73.85,NA,NA,"shoa",NA,"Remove. Added to GBIF in June 1995. Could be removed because they are oceanographic stations.","remove",NA,NA,NA,NA,NA,NA,NA,NA,NA,NA,NA,NA,NA
897,"CIMAR1_74_sp16","gbif","atheriniformes",1995,"1995-11-01",NA,-45.5933,-73.8383,NA,NA,"shoa",NA,"Remove. Added to GBIF in June 1995. Could be removed because they are oceanographic stations.","remove",NA,NA,NA,NA,NA,NA,NA,NA,NA,NA,NA,NA,NA
898,"SUBPESCA.PecesContinentales2019.5445","subpesca-1","galaxias globiceps",2008,NA,NA,-42.100911,-73.832383,"INGENDESA (NA) Minic","5445",NA,NA,"Remove. most likely G. platei. Record from estudio de impacto ambiental.","remove",NA,NA,NA,NA,NA,NA,NA,NA,NA,NA,NA,NA,NA
909,"MAguilar.Lit.Review.765","agui","oncorhynchus mykiss",2006,NA,"lago natri",-42.79468,-73.8136410003,"Habit, E., Gonzalez,","765",NA,1,"associatedsReference: (Cussac et al., 2020)",NA,NA,"Cussac et al., 2020",NA,NA,NA,NA,NA,NA,NA,NA,NA,NA,NA
910,"MAguilar.Lit.Review.522","agui","oncorhynchus mykiss",NA,NA,"lago natri",-42.79468,-73.8136410003,"Cussac, V.E.; Barran","522",NA,0,NA,NA,NA,NA,NA,NA,NA,NA,NA,NA,NA,NA,NA,NA,NA
911,"MAguilar.Lit.Review.764","agui","salmo trutta",2006,NA,"lago natri",-42.79468,-73.8136410003,"Habit, E., Gonzalez,","764",NA,1,"associatedsReference: (Cussac et al., 2020)",NA,NA,"Cussac et al., 2020",NA,NA,NA,NA,NA,NA,NA,NA,NA,NA,NA
912,"MAguilar.Lit.Review.523","agui","salmo trutta",NA,NA,"lago natri",-42.79468,-73.8136410003,"Cussac, V.E.; Barran","523",NA,0,NA,NA,NA,NA,NA,NA,NA,NA,NA,NA,NA,NA,NA,NA,NA
925,"MMA:ICT:0000886","mma2","brachygalaxias bullocki",2002,NA,"río puntra. rio chepu",-42.118,-73.809,"FuenteReg: Gonzalez ",NA,NA,0,NA,NA,NA,NA,NA,NA,NA,NA,NA,NA,NA,NA,NA,NA,NA
926,"MMA:ICT:0001115","mma2","cheirodon australe",2002,NA,"río puntra. rio chepu",-42.118,-73.809,"FuenteReg: Gonzalez ",NA,NA,0,NA,NA,NA,NA,NA,NA,NA,NA,NA,NA,NA,NA,NA,NA,NA
927,"MMA:ICT:0002494","mma2","galaxias platei",2002,NA,"río puntra. rio chepu",-42.118,-73.809,"FuenteReg: Gonzalez ",NA,NA,0,NA,NA,NA,NA,NA,NA,NA,NA,NA,NA,NA,NA,NA,NA,NA
928,"MMA:ICT:0005199","mma2","trichomycterus areolatus",2002,NA,"río puntra. rio chepu",-42.118,-73.809,"FuenteReg: Gonzalez ",NA,NA,0,NA,NA,NA,NA,NA,NA,NA,NA,NA,NA,NA,NA,NA,NA,NA
946,"MMA:ICT:0001118","mma2","cheirodon australe",1993,NA,"lago tarahuín. en zona litoral. costera vertiente oeste entre rio cucao (incluido) y rio medina (incluido)",-42.717,-73.8,"FuenteReg: Campos et",NA,NA,0,NA,NA,NA,NA,NA,NA,NA,NA,NA,NA,NA,NA,NA,NA,NA
978,"MMA:ICT:0001863","mma2","galaxias maculatus",2006,"2006-12-22","lago tarahuin. costera vertiente oeste entre rio cucao (incluido) y rio medina (incluido)",-42.722,-73.781,"OrigenReg: Base Dato",NA,NA,NA,"associatedReference: (Habit et al. 2012)",NA,NA,"Habit et al. 2012",NA,NA,NA,NA,NA,NA,NA,NA,NA,NA,NA
1054,"MMA:ICT:0001858","mma2","galaxias maculatus",2006,"2006-07-17","lago natri. costeras vertientes este entre punta ahoni y punta yatac",-42.804,-73.778,"OrigenReg: Base Dato",NA,NA,NA,"associatedReference: (Habit et al. 2012)",NA,NA,"Habit et al. 2012",NA,NA,NA,NA,NA,NA,NA,NA,NA,NA,NA
1063,"CIMAR1_52_sp16","gbif","atheriniformes",1995,"1995-11-01",NA,-46.4483,-73.7767,NA,NA,"shoa",NA,"Remove. Added to GBIF in June 1995. Could be removed because they are oceanographic stations.","remove",NA,NA,NA,NA,NA,NA,NA,NA,NA,NA,NA,NA,NA
1098,"MAguilar.Lit.Review.959","agui","mugil cephalus",NA,NA,"isla grande de chiloé",-42.4902777778,-73.7591666673,"Ministerior de Medio","959",NA,NA,"Remove: Imprecise record coming from a pers. com. with G. Pequeño, but no single waterbody is precised. Imprecise record.","remove",NA,NA,NA,NA,NA,NA,NA,NA,NA,NA,NA,NA,NA
1105,"SUBPESCA.PecesContinentales2019.28440","subpesca-1","oncorhynchus gorbuscha",2014,NA,NA,-42.858276,-73.752141,"Econometric S.A. (20","28440",NA,NA,"Remove. From 2014: there are no O. gorbusha in Chile in 2014.","remove",NA,NA,NA,NA,NA,NA,NA,NA,NA,NA,NA,NA,NA
1108,"MAguilar.Lit.Review.1070","agui","eleginops maclovinus",NA,NA,"isla huemules",-45.9666666667,-73.75,"Rademacher K. 2007. ","1070",NA,0,NA,NA,NA,NA,NA,NA,NA,NA,NA,NA,NA,NA,NA,NA,NA
1110,"MAguilar.Lit.Review.1083","agui","galaxias maculatus",NA,NA,"isla huemules",-45.9666666667,-73.75,"Rademacher K. 2007. ","1083",NA,0,NA,NA,NA,NA,NA,NA,NA,NA,NA,NA,NA,NA,NA,NA,NA
1112,"MAguilar.Lit.Review.1298","agui","aplochiton taeniatus",NA,NA,"río aysén",-45.4999999998,-73.75,"Vila I. Veloso A. Sc","1298",NA,NA,"Remove record: imprecise. Waypoint located in the fjords, but locality is Puerto Aysén. Most likely, this reference is citing fish fauna from the river without including sampling.","remove",NA,NA,NA,NA,NA,NA,NA,NA,NA,NA,NA,NA,NA
1113,"MAguilar.Lit.Review.1299","agui","galaxias maculatus",NA,NA,"río aysén",-45.4999999998,-73.75,"Vila I. Veloso A. Sc","1299",NA,NA,"Remove record: imprecise. Waypoint located in the fjords, but locality is Puerto Aysén. Most likely, this reference is citing fish fauna from the river without including sampling.","remove",NA,NA,NA,NA,NA,NA,NA,NA,NA,NA,NA,NA,NA
1114,"MAguilar.Lit.Review.1300","agui","galaxias platei",NA,NA,"río aysén",-45.4999999998,-73.75,"Vila I. Veloso A. Sc","1300",NA,NA,"Remove record: imprecise. Waypoint located in the fjords, but locality is Puerto Aysén. Most likely, this reference is citing fish fauna from the river without including sampling.","remove",NA,NA,NA,NA,NA,NA,NA,NA,NA,NA,NA,NA,NA
1115,"MAguilar.Lit.Review.1301","agui","hatcheria macraei",NA,NA,"río aysén",-45.4999999998,-73.75,"Vila I. Veloso A. Sc","1301",NA,NA,"Remove record: imprecise. Waypoint located in the fjords, but locality is Puerto Aysén. Most likely, this reference is citing fish fauna from the river without including sampling.","remove",NA,NA,NA,NA,NA,NA,NA,NA,NA,NA,NA,NA,NA
1143,"MAguilar.Lit.Review.767","agui","oncorhynchus mykiss",2006,NA,"lago tarahuin",-42.7157139998,-73.733813,"Habit, E., Gonzalez,","767",NA,1,"associatedReference: (Cussac et al., 2020)",NA,NA,"Cussac et al., 2020",NA,NA,NA,NA,NA,NA,NA,NA,NA,NA,NA
1144,"MAguilar.Lit.Review.524","agui","oncorhynchus mykiss",NA,NA,"lago tarahuin",-42.7157139998,-73.733813,"Cussac, V.E.; Barran","524",NA,0,NA,NA,NA,NA,NA,NA,NA,NA,NA,NA,NA,NA,NA,NA,NA
1145,"MAguilar.Lit.Review.766","agui","salmo trutta",2006,NA,"lago tarahuin",-42.7157139998,-73.733813,"Habit, E., Gonzalez,","766",NA,1,"associatedsReference: (Cussac et al., 2020)",NA,NA,"Cussac et al., 2020",NA,NA,NA,NA,NA,NA,NA,NA,NA,NA,NA
1146,"MAguilar.Lit.Review.525","agui","salmo trutta",NA,NA,"lago tarahuin",-42.7157139998,-73.733813,"Cussac, V.E.; Barran","525",NA,0,NA,NA,NA,NA,NA,NA,NA,NA,NA,NA,NA,NA,NA,NA,NA
1162,"CIMAR1_19_sp16","gbif","atheriniformes",1995,"1995-10-21",NA,-42.5833,-73.7233,NA,NA,"shoa",NA,"Remove. Added to GBIF in June 1995. Could be removed because they are oceanographic stations.","remove",NA,NA,NA,NA,NA,NA,NA,NA,NA,NA,NA,NA,NA
1181,"CIMAR1_75_sp16","gbif","atheriniformes",1995,"1995-11-03",NA,-45.43,-73.71,NA,NA,"shoa",NA,"Remove. Added to GBIF in June 1995. Could be removed because they are oceanographic stations.","remove",NA,NA,NA,NA,NA,NA,NA,NA,NA,NA,NA,NA,NA
1210,"MAguilar.Lit.Review.377","agui","aplochiton zebra",NA,NA,"ancud",-41.8833333329,-73.7000000001,"Cussac, V., Ortubay,","377",NA,NA,"Unprecise waypoint: should be 15km west of Ancud (McDowall 1971)",NA,NA,"McDowall 1971",NA,NA,NA,NA,NA,NA,NA,NA,NA,NA,NA
1219,"CIMAR1_94_sp16","gbif","atheriniformes",1995,"1995-10-26",NA,-44.46,-73.695,NA,NA,"shoa",NA,"Remove. Added to GBIF in June 1995. Could be removed because they are oceanographic stations.","remove",NA,NA,NA,NA,NA,NA,NA,NA,NA,NA,NA,NA,NA
1237,"MAguilar.Lit.Review.384","agui","brachygalaxias bullocki",NA,NA,"río puntra",-42.283333333,-73.6833333332,"Cussac, V., Ortubay,","384",NA,NA,"Change coordinate to -42.165898, -73.725420  Coordinates located in river Butalcura, not Puntra. Also, could not check the original record in McDowall et al. 1971, where B bulloki is not mentionned in rio Puntra",NA,NA,NA,-42.165898,-73.72542,NA,NA,NA,NA,NA,NA,NA,NA,NA
1281,"CIMAR1_50_sp16","gbif","atheriniformes",1995,"1995-10-31",NA,-46.19,-73.6683,NA,NA,"shoa",NA,"Remove. Added to GBIF in June 1995. Could be removed because they are oceanographic stations.","remove",NA,NA,NA,NA,NA,NA,NA,NA,NA,NA,NA,NA,NA
1282,"http://id.smns-bw.org/smns/collection/772135/1234205/776247","gbif","odontesthes mauleanum",1975,"1975-10-08","lago huillinco/huillinco lake, at huillinco, beach, chiloe island",-41.88306,-73.66583,NA,"smns-z-pi-008120 / 1234205 / smns-z-pi-008120","smns",NA,"change coordinates to: -42.667464, -73.941358",NA,NA,NA,-42.667464,-73.941358,NA,NA,NA,NA,NA,NA,NA,NA,NA
1287,"CIMAR1_42_sp16","gbif","atheriniformes",1995,"1995-10-30",NA,-45.205,-73.66,NA,NA,"shoa",NA,"Remove. Added to GBIF in June 1995. Could be removed because they are oceanographic stations.","remove",NA,NA,NA,NA,NA,NA,NA,NA,NA,NA,NA,NA,NA
1308,"MAguilar.Lit.Review.1235","agui","aplochiton taeniatus",2019,"2019-03-18","huicha",-41.8789999999,-73.6519999998,"Vanhaecke D, Garcia ","1235",NA,0,NA,NA,NA,NA,NA,NA,NA,NA,NA,NA,NA,NA,NA,NA,NA
1309,"MAguilar.Lit.Review.1242","agui","aplochiton zebra",2019,"2019-03-18","huicha",-41.8789999999,-73.6519999998,"Vanhaecke D, Garcia ","1242",NA,0,NA,NA,NA,NA,NA,NA,NA,NA,NA,NA,NA,NA,NA,NA,NA
1313,"CIMAR1_45_sp16","gbif","atheriniformes",1995,"1995-10-30",NA,-45.365,-73.6517,NA,NA,"shoa",NA,"Remove. Added to GBIF in June 1995. Could be removed because they are oceanographic stations.","remove",NA,NA,NA,NA,NA,NA,NA,NA,NA,NA,NA,NA,NA
1319,"CIMAR1_41_sp16","gbif","atheriniformes",1995,"1995-10-30",NA,-45.115,-73.6483,NA,NA,"shoa",NA,"Remove. Added to GBIF in June 1995. Could be removed because they are oceanographic stations.","remove",NA,NA,NA,NA,NA,NA,NA,NA,NA,NA,NA,NA,NA
1322,"CIMAR1_44_sp16","gbif","atheriniformes",1995,"1995-10-30",NA,-45.3267,-73.6433,NA,NA,"shoa",NA,"Remove. Added to GBIF in June 1995. Could be removed because they are oceanographic stations.","remove",NA,NA,NA,NA,NA,NA,NA,NA,NA,NA,NA,NA,NA
1330,"MAguilar.Lit.Review.272","agui","oncorhynchus mykiss",2007,NA,"sitio de muestreo granja 1, chiloé",-43.1164000001,-73.6322999996,"Consuegra, S., Phill","272",NA,0,NA,NA,NA,NA,NA,NA,NA,NA,NA,NA,NA,NA,NA,NA,NA
1345,"CIMAR1_32_sp16","gbif","atheriniformes",1995,"1995-10-25",NA,-43.6183,-73.6283,NA,NA,"shoa",NA,"Remove. Added to GBIF in June 1995. Could be removed because they are oceanographic stations.","remove",NA,NA,NA,NA,NA,NA,NA,NA,NA,NA,NA,NA,NA
1346,"Correa.Boisjoly.collection.006533","fish database correa-boisjoly","animalia",2017,"2017-02-13","río huicha",-41.88564797,-73.62790396,"Correa, Cristián, Ma",NA,NA,NA,"Change canonicalName to Galaxias",NA,NA,NA,NA,NA,NA,NA,NA,NA,"Galaxias",NA,NA,NA,NA
1353,"CIMAR1_34_sp16","gbif","atheriniformes",1995,"1995-10-24",NA,-43.8,-73.6267,NA,NA,"shoa",NA,"Remove. Added to GBIF in June 1995. Could be removed because they are oceanographic stations.","remove",NA,NA,NA,NA,NA,NA,NA,NA,NA,NA,NA,NA,NA
1364,"CIMAR1_20_sp16","gbif","atheriniformes",1995,"1995-10-22",NA,-42.6817,-73.62,NA,NA,"shoa",NA,"Remove. Added to GBIF in June 1995. Could be removed because they are oceanographic stations.","remove",NA,NA,NA,NA,NA,NA,NA,NA,NA,NA,NA,NA,NA
1372,"CIMAR1_57_sp16","gbif","atheriniformes",1995,"1995-10-31",NA,-46.3067,-73.6117,NA,NA,"shoa",NA,"Remove. Added to GBIF in June 1995. Could be removed because they are oceanographic stations.","remove",NA,NA,NA,NA,NA,NA,NA,NA,NA,NA,NA,NA,NA
1387,"MAguilar.Lit.Review.1350","agui","aplochiton marinus",NA,NA,"laguna ventisquero",-48.2499999997,-73.6000000003,"Zama A. y Cárdenas E","1350",NA,1,"eventDate=1982-01-01; year=1982; locality=Laguna Ventisquero, Estero Ventisquero",NA,NA,NA,NA,NA,"Laguna Ventisquero, Estero Ventisquero",1982,"1982-01-01",NA,NA,NA,NA,NA,NA
1391,"CIMAR1_48_sp16","gbif","atheriniformes",1995,"1995-10-30",NA,-45.875,-73.5933,NA,NA,"shoa",NA,"Remove. Added to GBIF in June 1995. Could be removed because they are oceanographic stations.","remove",NA,NA,NA,NA,NA,NA,NA,NA,NA,NA,NA,NA,NA
1395,"MMA:ICT:0000002","mma2","aplochiton marinus",1982,"1982-01-01","estero ventisquero. costeras del canal baker",-48.25,-73.585,"OrigenReg: Zama, A.,",NA,NA,0,NA,NA,NA,NA,NA,NA,NA,NA,NA,NA,NA,NA,NA,NA,NA
1396,"MAguilar.Lit.Review.905","agui","aplochiton taeniatus",1982,NA,"estero ventisquero",-48.2499999997,-73.5833333334,"McDowall, R., & Naka","905",NA,1,"Change species to Aplochiton marinus",NA,NA,NA,NA,NA,NA,NA,NA,NA,"Aplochiton marinus","Aplochiton marinus Eigenmann, 1928",NA,NA,NA
1397,"MAguilar.Lit.Review.385","agui","brachygalaxias bullocki",NA,NA,"lago tarahuín",-42.7499999999,-73.5833333334,"Cussac, V., Ortubay,","385",NA,1,"change coordinates to -42.714240, -73.731099, also in Campos 1996",NA,NA,"Campos 1996",-42.71424,-73.731099,NA,NA,NA,NA,NA,NA,NA,NA,NA
1398,"MAguilar.Lit.Review.401","agui","galaxias maculatus",NA,NA,"lago tarahuín",-42.7499999999,-73.5833333334,"Cussac, V., Ortubay,","401",NA,1,"change coordinates to -42.714240, -73.731099, also in Campos 1996",NA,NA,"Campos 1996",-42.71424,-73.731099,NA,NA,NA,NA,NA,NA,NA,NA,NA
1406,"MAguilar.Lit.Review.264","agui","oncorhynchus mykiss",2007,NA,"u37, chiloé",-43.0331999998,-73.5744999998,"Consuegra, S., Phill","264",NA,0,NA,NA,NA,NA,NA,NA,NA,NA,NA,NA,NA,NA,NA,NA,NA
1414,"SUBPESCA.PecesContinentales2019.4740","subpesca-1","eleginops maclovinus",2008,NA,NA,-47.794323,-73.570398,"CEA (NA) Proyecto Hi","4740",NA,0,NA,NA,NA,NA,NA,NA,NA,NA,NA,NA,NA,NA,NA,NA,NA
1416,"SUBPESCA.PecesContinentales2019.5029","subpesca-1","eleginops maclovinus",2009,NA,NA,-47.794323,-73.570398,"CEA (NA) Proyecto Hi","5029",NA,0,NA,NA,NA,NA,NA,NA,NA,NA,NA,NA,NA,NA,NA,NA,NA
1418,"SUBPESCA.PecesContinentales2019.15875","subpesca-1","galaxias platei",2010,NA,NA,-47.794323,-73.570398,"CEA (NA) Linea Base ","15875",NA,0,NA,NA,NA,NA,NA,NA,NA,NA,NA,NA,NA,NA,NA,NA,NA
1428,"SUBPESCA.PecesContinentales2019.21990","subpesca-1","eleginops maclovinus",2012,NA,NA,-47.794413,-73.570382,"CEA (NA) Monitoreo L","21990",NA,0,NA,NA,NA,NA,NA,NA,NA,NA,NA,NA,NA,NA,NA,NA,NA
1429,"SUBPESCA.PecesContinentales2019.21989","subpesca-1","galaxias maculatus",2012,NA,NA,-47.794413,-73.570382,"CEA (NA) Monitoreo L","21989",NA,0,NA,NA,NA,NA,NA,NA,NA,NA,NA,NA,NA,NA,NA,NA,NA
1448,"MAguilar.Lit.Review.265","agui","oncorhynchus mykiss",2007,NA,"aitoy, chiloé",-42.7572000001,-73.5653,"Consuegra, S., Phill","265",NA,0,NA,NA,NA,NA,NA,NA,NA,NA,NA,NA,NA,NA,NA,NA,NA
1451,"CIMAR1_47_sp16","gbif","atheriniformes",1995,"1995-10-30",NA,-45.7183,-73.5633,NA,NA,"shoa",NA,"Remove. Added to GBIF in June 1995. Could be removed because they are oceanographic stations.","remove",NA,NA,NA,NA,NA,NA,NA,NA,NA,NA,NA,NA,NA
1457,"CIMAR1_17_sp16","gbif","atheriniformes",1995,"1995-10-21",NA,-42.515,-73.5517,NA,NA,"shoa",NA,"Remove. Added to GBIF in June 1995. Could be removed because they are oceanographic stations.","remove",NA,NA,NA,NA,NA,NA,NA,NA,NA,NA,NA,NA,NA
1458,"MAguilar.Lit.Review.352","agui","oncorhynchus tshawytscha",2004,"2004-03-13","tortel",-47.8166666666,-73.5500000004,"Correa, C., Gross, M","352",NA,0,NA,NA,NA,NA,NA,NA,NA,NA,NA,NA,NA,NA,NA,NA,NA
1459,"MAguilar.Lit.Review.1068","agui","eleginops maclovinus",NA,NA,"isla casma",-45.4166666669,-73.5500000004,"Rademacher K. 2007. ","1068",NA,0,NA,NA,NA,NA,NA,NA,NA,NA,NA,NA,NA,NA,NA,NA,NA
1460,"CIMAR1_54_sp16","gbif","atheriniformes",1995,"1995-10-31",NA,-46.235,-73.5483,NA,NA,"shoa",NA,"Remove. Added to GBIF in June 1995. Could be removed because they are oceanographic stations.","remove",NA,NA,NA,NA,NA,NA,NA,NA,NA,NA,NA,NA,NA
1467,"MAguilar.Lit.Review.266","agui","oncorhynchus mykiss",2007,NA,"u23, chiloé",-42.3320999999,-73.5475000002,"Consuegra, S., Phill","266",NA,0,NA,NA,NA,NA,NA,NA,NA,NA,NA,NA,NA,NA,NA,NA,NA
1473,"SUBPESCA.PecesContinentales2019.4530","subpesca-1","aplochiton zebra",2007,NA,NA,-47.777544,-73.54615,"CEA (NA) Proyecto Hi","4530",NA,0,NA,NA,NA,NA,NA,NA,NA,NA,NA,NA,NA,NA,NA,NA,NA
1476,"SUBPESCA.PecesContinentales2019.4531","subpesca-1","eleginops maclovinus",2007,NA,NA,-47.777544,-73.54615,"CEA (NA) Proyecto Hi","4531",NA,0,NA,NA,NA,NA,NA,NA,NA,NA,NA,NA,NA,NA,NA,NA,NA
1477,"SUBPESCA.PecesContinentales2019.15478","subpesca-1","eleginops maclovinus",2009,NA,NA,-47.777544,-73.54615,"CEA (NA) Linea Base ","15478",NA,0,NA,NA,NA,NA,NA,NA,NA,NA,NA,NA,NA,NA,NA,NA,NA
1494,"SUBPESCA.PecesContinentales2019.5370","subpesca-1","galaxias maculatus",2008,NA,NA,-41.899857,-73.541502,"INGENDESA (NA) Minic","5370",NA,0,NA,NA,NA,NA,NA,NA,NA,NA,NA,NA,NA,NA,NA,NA,NA
1528,"MAguilar.Lit.Review.1080","agui","galaxias maculatus",NA,NA,"puerto aguirre",-45.1666666674,-73.5333333326,"Rademacher K. 2007. ","1080",NA,0,NA,NA,NA,NA,NA,NA,NA,NA,NA,NA,NA,NA,NA,NA,NA
1531,"CIMAR1_76_sp16","gbif","atheriniformes",1995,"1995-11-03",NA,-45.3817,-73.5317,NA,NA,"shoa",NA,"Remove. Added to GBIF in June 1995. Could be removed because they are oceanographic stations.","remove",NA,NA,NA,NA,NA,NA,NA,NA,NA,NA,NA,NA,NA
1535,"CIMAR1_16_sp16","gbif","atheriniformes",1995,"1995-10-21",NA,-42.3683,-73.53,NA,NA,"shoa",NA,"Remove. Added to GBIF in June 1995. Could be removed because they are oceanographic stations.","remove",NA,NA,NA,NA,NA,NA,NA,NA,NA,NA,NA,NA,NA
1536,"CIMAR1_46_sp16","gbif","atheriniformes",1995,"1995-10-30",NA,-45.5133,-73.5283,NA,NA,"shoa",NA,"Remove. Added to GBIF in June 1995. Could be removed because they are oceanographic stations.","remove",NA,NA,NA,NA,NA,NA,NA,NA,NA,NA,NA,NA,NA
1545,"MAguilar.Lit.Review.138","agui","aplochiton marinus",2007,NA,"baker-estuario",-47.7899999999,-73.5200000001,"Alò D, Correa C, Sam","138",NA,0,NA,NA,NA,NA,NA,NA,NA,NA,NA,NA,NA,NA,NA,NA,NA
1546,"MAguilar.Lit.Review.147","agui","salmo trutta",2007,NA,"baker-estuary",-47.7899999999,-73.5200000001,"Alò D, Correa C, Sam","147",NA,0,NA,NA,NA,NA,NA,NA,NA,NA,NA,NA,NA,NA,NA,NA,NA
1558,"GBGCA5903-13","gbif","aplochiton marinus",2004,"2004-07-15",NA,-47.790115,-73.51763,NA,"am3448","mined from genbank, ncbi",NA,"eventDate= 2004-03-22",NA,NA,NA,NA,NA,NA,2004,"2004-03-22",NA,NA,NA,NA,NA,NA
1588,"CIMAR1_60_sp16","gbif","atheriniformes",1995,"1995-10-30",NA,-45.79,-73.515,NA,NA,"shoa",NA,"Remove. Added to GBIF in June 1995. Could be removed because they are oceanographic stations.","remove",NA,NA,NA,NA,NA,NA,NA,NA,NA,NA,NA,NA,NA
1594,"CIMAR1_40_sp16","gbif","atheriniformes",1995,"1995-10-29",NA,-44.87,-73.5067,NA,NA,"shoa",NA,"Remove. Added to GBIF in June 1995. Could be removed because they are oceanographic stations.","remove",NA,NA,NA,NA,NA,NA,NA,NA,NA,NA,NA,NA,NA
1595,"MMA:ICT:0001808","mma2","eleginops maclovinus",2014,"2014-02-14","rio maravilla. fiordo taraba. cordillera sarmiento",-51.792,-73.505,"OrigenReg: Base Dato",NA,NA,1,"associatedReferences (Górski et al. 2017 | Pérez et al. 2022)",NA,NA,"Górski et al. 2017 | Pérez et al. 2022",NA,NA,NA,NA,NA,NA,NA,NA,NA,NA,NA
1596,"MAguilar.Lit.Review.718","agui","eleginops maclovinus",2013,NA,"río maravilla",-51.7916666668,-73.5044444438,"Górski, K., González","718",NA,0,NA,NA,NA,NA,NA,NA,NA,NA,NA,NA,NA,NA,NA,NA,NA
1597,"MAguilar.Lit.Review.1047","agui","eleginops maclovinus",2014,NA,"estuario maravilla",-51.7916666668,-73.5044444438,"Pérez, S., Manosalva","1047",NA,0,NA,NA,NA,NA,NA,NA,NA,NA,NA,NA,NA,NA,NA,NA,NA
1598,"MAguilar.Lit.Review.727","agui","galaxias maculatus",2013,NA,"río maravilla",-51.7916666668,-73.5044444438,"Górski, K., González","727",NA,0,NA,NA,NA,NA,NA,NA,NA,NA,NA,NA,NA,NA,NA,NA,NA
1599,"MAguilar.Lit.Review.1051","agui","galaxias maculatus",2014,NA,"estuario maravilla",-51.7916666668,-73.5044444438,"Pérez, S., Manosalva","1051",NA,0,NA,NA,NA,NA,NA,NA,NA,NA,NA,NA,NA,NA,NA,NA,NA
1600,"MAguilar.Lit.Review.733","agui","oncorhynchus tshawytscha",2013,NA,"río maravilla",-51.7916111112,-73.5044166673,"Górski, K., González","733",NA,NA,"change year to 2014; add associatedReferences: (Pérez et al. 2022)",NA,NA,"Pérez et al. 2022",NA,NA,NA,2014,NA,NA,NA,NA,NA,NA,NA
1601,"MAguilar.Lit.Review.1055","agui","oncorhynchus tshawytscha",2014,NA,"estuario maravilla",-51.7916111112,-73.5044166673,"Pérez, S., Manosalva","1055",NA,0,NA,NA,NA,NA,NA,NA,NA,NA,NA,NA,NA,NA,NA,NA,NA
1602,"MMA:ICT:0002016","mma2","galaxias maculatus",2014,"2014-03-27","rio maravilla. fiordo taraba. cordillera sarmiento",-51.792,-73.504,"OrigenReg: Base Dato",NA,NA,1,"associatedReferences (Górski et al. 2017 | Pérez et al. 2022)",NA,NA,"Górski et al. 2017 | Pérez et al. 2022",NA,NA,NA,NA,NA,NA,NA,NA,NA,NA,NA
1610,"SUBPESCA.PecesContinentales2019.4527","subpesca-1","aplochiton zebra",2007,NA,NA,-47.788612,-73.50357,"CEA (NA) Proyecto Hi","4527",NA,0,NA,NA,NA,NA,NA,NA,NA,NA,NA,NA,NA,NA,NA,NA,NA
1612,"SUBPESCA.PecesContinentales2019.4736","subpesca-1","aplochiton zebra",2008,NA,NA,-47.788612,-73.50357,"CEA (NA) Proyecto Hi","4736",NA,0,NA,NA,NA,NA,NA,NA,NA,NA,NA,NA,NA,NA,NA,NA,NA
1614,"SUBPESCA.PecesContinentales2019.4526","subpesca-1","eleginops maclovinus",2007,NA,NA,-47.788612,-73.50357,"CEA (NA) Proyecto Hi","4526",NA,0,NA,NA,NA,NA,NA,NA,NA,NA,NA,NA,NA,NA,NA,NA,NA
1615,"SUBPESCA.PecesContinentales2019.4525","subpesca-1","galaxias maculatus",2007,NA,NA,-47.788612,-73.50357,"CEA (NA) Proyecto Hi","4525",NA,0,NA,NA,NA,NA,NA,NA,NA,NA,NA,NA,NA,NA,NA,NA,NA
1630,"CIMAR1_39_sp16","gbif","atheriniformes",1995,"1995-10-29",NA,-44.6617,-73.5017,NA,NA,"shoa",NA,"Remove. Added to GBIF in June 1995. Could be removed because they are oceanographic stations.","remove",NA,NA,NA,NA,NA,NA,NA,NA,NA,NA,NA,NA,NA
1631,"http://n2t.net/ark:/65665/3db2cd0c0-540d-45c5-bf06-ed969c0984e8","vert","odontesthes",1945,NA,"chile: archao, chiloe i., chiloe bay",-42.47,-73.5,"National Museum of N","176484","usnm",0,NA,NA,NA,NA,NA,NA,NA,NA,NA,NA,NA,NA,NA,NA,NA
1644,"MAguilar.Lit.Review.1074","agui","eleginops maclovinus",NA,NA,"magallanes",-51.5000000004,-73.4999999996,"Rademacher K. 2007. ","1074",NA,0,"Remove","remove",NA,NA,NA,NA,NA,NA,NA,NA,NA,NA,NA,NA,NA
1645,"MAguilar.Lit.Review.1064","agui","eleginops maclovinus",NA,NA,"canal moraleda",-44.5,-73.4999999996,"Rademacher K. 2007. ","1064",NA,0,NA,NA,NA,NA,NA,NA,NA,NA,NA,NA,NA,NA,NA,NA,NA
1647,"MAguilar.Lit.Review.1071","agui","eleginops maclovinus",NA,NA,"norte de chiloé",-43.0000000003,-73.4999999996,"Rademacher K. 2007. ","1071",NA,0,"Remove","remove",NA,NA,NA,NA,NA,NA,NA,NA,NA,NA,NA,NA,NA
1654,"MAguilar.Lit.Review.267","agui","oncorhynchus mykiss",2007,NA,"cendoya, chiloé",-42.1528999999,-73.4960999996,"Consuegra, S., Phill","267",NA,0,NA,NA,NA,NA,NA,NA,NA,NA,NA,NA,NA,NA,NA,NA,NA
1669,"CIMAR1_55_sp16","gbif","atheriniformes",1995,"1995-10-31",NA,-46.1383,-73.4883,NA,NA,"shoa",NA,"Remove. Added to GBIF in June 1995. Could be removed because they are oceanographic stations.","remove",NA,NA,NA,NA,NA,NA,NA,NA,NA,NA,NA,NA,NA
1692,"MAguilar.Lit.Review.268","agui","oncorhynchus mykiss",2007,NA,"u17, chiloé",-42.1151999998,-73.4844999998,"Consuegra, S., Phill","268",NA,0,NA,NA,NA,NA,NA,NA,NA,NA,NA,NA,NA,NA,NA,NA,NA
1699,"MAguilar.Lit.Review.1246","agui","aplochiton zebra",2007,"2007-11-04","u17, chiloé",-42.1150000004,-73.4840000001,"Vanhaecke D, Garcia ","1246",NA,0,NA,NA,NA,NA,NA,NA,NA,NA,NA,NA,NA,NA,NA,NA,NA
1700,"MAguilar.Lit.Review.1245","agui","aplochiton zebra",2007,"2007-12-08","u34, chiloé",-42.1100000001,-73.4840000001,"Vanhaecke D, Garcia ","1245",NA,0,NA,NA,NA,NA,NA,NA,NA,NA,NA,NA,NA,NA,NA,NA,NA
1719,"CIMAR1_38_sp16","gbif","atheriniformes",1995,"1995-10-26",NA,-44.4417,-73.48,NA,NA,"shoa",NA,"Remove. Added to GBIF in June 1995. Could be removed because they are oceanographic stations.","remove",NA,NA,NA,NA,NA,NA,NA,NA,NA,NA,NA,NA,NA
1720,"MAguilar.Lit.Review.1250","agui","aplochiton taeniatus",NA,NA,"u33, chiloé",-42.1699999998,-73.48,"Vanhaecke, D., Garci","1250",NA,0,NA,NA,NA,NA,NA,NA,NA,NA,NA,NA,NA,NA,NA,NA,NA
1721,"MAguilar.Lit.Review.1256","agui","aplochiton zebra",NA,NA,"u33, chiloé",-42.1699999998,-73.48,"Vanhaecke, D., Garci","1256",NA,0,NA,NA,NA,NA,NA,NA,NA,NA,NA,NA,NA,NA,NA,NA,NA
1722,"MAguilar.Lit.Review.1262","agui","galaxias maculatus",NA,NA,"u33, chiloé",-42.1699999998,-73.48,"Vanhaecke, D., Garci","1262",NA,0,NA,NA,NA,NA,NA,NA,NA,NA,NA,NA,NA,NA,NA,NA,NA
1723,"MAguilar.Lit.Review.1267","agui","oncorhynchus mykiss",NA,NA,"u33, chiloé",-42.1699999998,-73.48,"Vanhaecke, D., Garci","1267",NA,0,NA,NA,NA,NA,NA,NA,NA,NA,NA,NA,NA,NA,NA,NA,NA
1724,"MAguilar.Lit.Review.1270","agui","salmo salar",NA,NA,"u33, chiloé",-42.1699999998,-73.48,"Vanhaecke, D., Garci","1270",NA,0,NA,NA,NA,NA,NA,NA,NA,NA,NA,NA,NA,NA,NA,NA,NA
1725,"MAguilar.Lit.Review.1254","agui","aplochiton zebra",NA,NA,"u17, chiloé",-42.1199999999,-73.48,"Vanhaecke, D., Garci","1254",NA,0,NA,NA,NA,NA,NA,NA,NA,NA,NA,NA,NA,NA,NA,NA,NA
1726,"MAguilar.Lit.Review.1260","agui","galaxias maculatus",NA,NA,"u17, chiloé",-42.1199999999,-73.48,"Vanhaecke, D., Garci","1260",NA,0,NA,NA,NA,NA,NA,NA,NA,NA,NA,NA,NA,NA,NA,NA,NA
1727,"MAguilar.Lit.Review.1265","agui","oncorhynchus mykiss",NA,NA,"u17, chiloé",-42.1199999999,-73.48,"Vanhaecke, D., Garci","1265",NA,0,NA,NA,NA,NA,NA,NA,NA,NA,NA,NA,NA,NA,NA,NA,NA
1728,"MAguilar.Lit.Review.1251","agui","aplochiton taeniatus",NA,NA,"u34, chiloé",-42.1100000001,-73.48,"Vanhaecke, D., Garci","1251",NA,1,"Change year to 2008. Note: A. taeniatus in U34 does not appear in DIFA database, but it does in the 2015 paper. Change coordinates to -42.11079, -73.48407",NA,NA,NA,-42.11079,-73.48407,NA,2008,NA,NA,NA,NA,NA,NA,NA
1729,"MAguilar.Lit.Review.1257","agui","aplochiton zebra",NA,NA,"u34, chiloé",-42.1100000001,-73.48,"Vanhaecke, D., Garci","1257",NA,0,NA,NA,NA,NA,NA,NA,NA,NA,NA,NA,NA,NA,NA,NA,NA
1730,"MAguilar.Lit.Review.1259","agui","brachygalaxias bullocki",NA,NA,"u34, chiloé",-42.1100000001,-73.48,"Vanhaecke, D., Garci","1259",NA,0,NA,NA,NA,NA,NA,NA,NA,NA,NA,NA,NA,NA,NA,NA,NA
1731,"MAguilar.Lit.Review.1263","agui","galaxias maculatus",NA,NA,"u34, chiloé",-42.1100000001,-73.48,"Vanhaecke, D., Garci","1263",NA,0,NA,NA,NA,NA,NA,NA,NA,NA,NA,NA,NA,NA,NA,NA,NA
1732,"MAguilar.Lit.Review.1268","agui","oncorhynchus mykiss",NA,NA,"u34, chiloé",-42.1100000001,-73.48,"Vanhaecke, D., Garci","1268",NA,0,NA,NA,NA,NA,NA,NA,NA,NA,NA,NA,NA,NA,NA,NA,NA
1745,"MAguilar.Lit.Review.1247","agui","aplochiton zebra",2007,"2007-12-07","u33, chiloé",-42.1680000002,-73.4789999998,"Vanhaecke D, Garcia ","1247",NA,0,NA,NA,NA,NA,NA,NA,NA,NA,NA,NA,NA,NA,NA,NA,NA
1759,"CIMAR1_83_sp16","gbif","atheriniformes",1995,"1995-11-03",NA,-45.25,-73.4667,NA,NA,"shoa",NA,"Remove. Added to GBIF in June 1995. Could be removed because they are oceanographic stations.","remove",NA,NA,NA,NA,NA,NA,NA,NA,NA,NA,NA,NA,NA
1760,"MAguilar.Lit.Review.1327","agui","aplochiton zebra",2008,"2008-02-01","arroyo de segundo orden sin nombre",-42.1500000002,-73.4666666666,"Young, K.A., Stephen","1327",NA,NA,"Remove. No precise info concerning the location of the stream.","remove",NA,NA,NA,NA,NA,NA,NA,NA,NA,NA,NA,NA,NA
1761,"MAguilar.Lit.Review.1326","agui","oncorhynchus mykiss",2008,"2008-02-01","arroyo de segundo orden sin nombre",-42.1500000002,-73.4666666666,"Young, K.A., Stephen","1326",NA,NA,"Remove. No precise info concerning the location of the stream.","remove",NA,NA,NA,NA,NA,NA,NA,NA,NA,NA,NA,NA,NA
1762,"MAguilar.Lit.Review.1328","agui","salmo salar",2008,"2008-02-01","arroyo de segundo orden sin nombre",-42.1500000002,-73.4666666666,"Young, K.A., Stephen","1328",NA,NA,"Remove. No precise info concerning the location of the stream.","remove",NA,NA,NA,NA,NA,NA,NA,NA,NA,NA,NA,NA,NA
1772,"SUBPESCA.PecesContinentales2019.16168","subpesca-1","aplochiton zebra",2011,NA,NA,-47.810874,-73.436183,"CEA (NA) Monitoreo L","16168",NA,0,NA,NA,NA,NA,NA,NA,NA,NA,NA,NA,NA,NA,NA,NA,NA
1787,"SUBPESCA.PecesContinentales2019.4473","subpesca-1","aplochiton zebra",2007,NA,NA,-47.810746,-73.436,"CEA (NA) Proyecto Hi","4473",NA,0,NA,NA,NA,NA,NA,NA,NA,NA,NA,NA,NA,NA,NA,NA,NA
1789,"SUBPESCA.PecesContinentales2019.4729","subpesca-1","aplochiton zebra",2008,NA,NA,-47.810746,-73.436,"CEA (NA) Proyecto Hi","4729",NA,0,NA,NA,NA,NA,NA,NA,NA,NA,NA,NA,NA,NA,NA,NA,NA
1791,"SUBPESCA.PecesContinentales2019.15865","subpesca-1","aplochiton zebra",2010,NA,NA,-47.810746,-73.436,"CEA (NA) Linea Base ","15865",NA,0,NA,NA,NA,NA,NA,NA,NA,NA,NA,NA,NA,NA,NA,NA,NA
1793,"SUBPESCA.PecesContinentales2019.4476","subpesca-1","hatcheria macraei",2007,NA,NA,-47.810746,-73.436,"CEA (NA) Proyecto Hi","4476",NA,0,NA,NA,NA,NA,NA,NA,NA,NA,NA,NA,NA,NA,NA,NA,NA
1807,"CIMAR1_37_sp16","gbif","atheriniformes",1995,"1995-10-26",NA,-44.2267,-73.4333,NA,NA,"shoa",NA,"Remove. Added to GBIF in June 1995. Could be removed because they are oceanographic stations.","remove",NA,NA,NA,NA,NA,NA,NA,NA,NA,NA,NA,NA,NA
1836,"CIMAR1_29_sp16","gbif","atheriniformes",1995,"1995-10-23",NA,-43.4633,-73.42,NA,NA,"shoa",NA,"Remove. Added to GBIF in June 1995. Could be removed because they are oceanographic stations.","remove",NA,NA,NA,NA,NA,NA,NA,NA,NA,NA,NA,NA,NA
1857,"CIMAR1_56_sp16","gbif","atheriniformes",1995,"1995-10-31",NA,-46.0417,-73.4017,NA,NA,"shoa",NA,"Remove. Added to GBIF in June 1995. Could be removed because they are oceanographic stations.","remove",NA,NA,NA,NA,NA,NA,NA,NA,NA,NA,NA,NA,NA
1858,"MAguilar.Lit.Review.1248","agui","aplochiton zebra",2007,"2007-11-09","u20, chiloé",-42.2080000003,-73.401,"Vanhaecke D, Garcia ","1248",NA,0,NA,NA,NA,NA,NA,NA,NA,NA,NA,NA,NA,NA,NA,NA,NA
1859,"MAguilar.Lit.Review.1255","agui","aplochiton zebra",NA,NA,"u20, chiloé",-42.2099999999,-73.3999999998,"Vanhaecke, D., Garci","1255",NA,0,NA,NA,NA,NA,NA,NA,NA,NA,NA,NA,NA,NA,NA,NA,NA
1860,"MAguilar.Lit.Review.1261","agui","galaxias maculatus",NA,NA,"u20, chiloé",-42.2099999999,-73.3999999998,"Vanhaecke, D., Garci","1261",NA,0,NA,NA,NA,NA,NA,NA,NA,NA,NA,NA,NA,NA,NA,NA,NA
1861,"MAguilar.Lit.Review.1266","agui","oncorhynchus mykiss",NA,NA,"u20, chiloé",-42.2099999999,-73.3999999998,"Vanhaecke, D., Garci","1266",NA,0,NA,NA,NA,NA,NA,NA,NA,NA,NA,NA,NA,NA,NA,NA,NA
1862,"MAguilar.Lit.Review.827","agui","trichomycterus areolatus",NA,NA,"abtao",-41.766666667,-73.3999999998,"Huaquín, Laura G., V","827",NA,0,"change coordinates to -41.40132740507739, -72.9283297554073; record originalle from Eigenmann",NA,NA,NA,-41.4013274050774,-72.9283297554073,NA,NA,NA,NA,NA,NA,NA,NA,NA
1883,"CIMAR1_59_sp16","gbif","atheriniformes",1995,"1995-10",NA,-45.6817,-73.388,NA,NA,"shoa",NA,"Remove. Added to GBIF in June 1995. Could be removed because they are oceanographic stations.","remove",NA,NA,NA,NA,NA,NA,NA,NA,NA,NA,NA,NA,NA
1884,"MAguilar.Lit.Review.904","agui","aplochiton taeniatus",1982,NA,"fiordo steelé",-48.2166666667,-73.3833333329,"McDowall, R., & Naka","904",NA,1,"change coordinate to -48.145265, -73.229765; change species to A. marinus",NA,NA,NA,-48.145265,-73.229765,NA,NA,NA,NA,"Aplochiton marinus","Aplochiton marinus Eigenmann, 1928",NA,NA,NA
1885,"MMA:ICT:0000004","mma2","aplochiton marinus",1982,"1982-01-21","fiordo steele. costeras del canal baker",-48.217,-73.383,"OrigenReg: McDowall,",NA,NA,NA,"change coordinate to -48.145265, -73.229765",NA,NA,NA,-48.145265,-73.229765,NA,NA,NA,NA,NA,NA,NA,NA,NA
1886,"MMA:ICT:0000054","mma2","aplochiton taeniatus",1982,NA,"puerto aysén. costeras del canal baker",-48.217,-73.383,"FuenteReg: McDowall ",NA,NA,0,NA,NA,NA,NA,NA,NA,NA,NA,NA,NA,NA,NA,NA,NA,NA
1887,"CIMAR1_36_sp16","gbif","atheriniformes",1995,"1995-10-24",NA,-43.975,-73.3783,NA,NA,"shoa",NA,"Remove. Added to GBIF in June 1995. Could be removed because they are oceanographic stations.","remove",NA,NA,NA,NA,NA,NA,NA,NA,NA,NA,NA,NA,NA
1901,"SUBPESCA.PecesContinentales2019.4471","subpesca-1","hatcheria macraei",2007,NA,NA,-47.768565,-73.341851,"CEA (NA) Proyecto Hi","4471",NA,0,NA,NA,NA,NA,NA,NA,NA,NA,NA,NA,NA,NA,NA,NA,NA
1948,"SUBPESCA.PecesContinentales2019.21979","subpesca-1","aplochiton zebra",2012,NA,NA,-48.214226,-73.331426,"CEA (NA) Monitoreo L","21979",NA,0,NA,NA,NA,NA,NA,NA,NA,NA,NA,NA,NA,NA,NA,NA,NA
1949,"SUBPESCA.PecesContinentales2019.21977","subpesca-1","eleginops maclovinus",2012,NA,NA,-48.214226,-73.331426,"CEA (NA) Monitoreo L","21977",NA,0,NA,NA,NA,NA,NA,NA,NA,NA,NA,NA,NA,NA,NA,NA,NA
1955,"CIMAR1_77_sp16","gbif","atheriniformes",1995,"1995-11-03",NA,-45.3267,-73.3283,NA,NA,"shoa",NA,"Remove. Added to GBIF in June 1995. Could be removed because they are oceanographic stations.","remove",NA,NA,NA,NA,NA,NA,NA,NA,NA,NA,NA,NA,NA
1962,"CIMAR1_23_sp16","gbif","atheriniformes",1995,"1995-10-22",NA,-42.7683,-73.315,NA,NA,"shoa",NA,"Remove. Added to GBIF in June 1995. Could be removed because they are oceanographic stations.","remove",NA,NA,NA,NA,NA,NA,NA,NA,NA,NA,NA,NA,NA
1963,"CIMAR1_15_sp16","gbif","atheriniformes",1995,"1995-10-21",NA,-42.53,-73.315,NA,NA,"shoa",NA,"Remove. Added to GBIF in June 1995. Could be removed because they are oceanographic stations.","remove",NA,NA,NA,NA,NA,NA,NA,NA,NA,NA,NA,NA,NA
1394,"CCorrea.Lit.Review.430","fishgis_metadatabase_ccorrea","aplochiton marinus",1982,"1982","laguna ventisquero (estero ventisquero)",-48.25,-73.591667,"Zama, Akira and Edua",NA,NA,0,"change coordinates",NA,NA,NA,NA,NA,NA,NA,NA,NA,NA,NA,NA,NA,NA
1991,"CIMAR1_58_sp16","gbif","atheriniformes",1995,"1995-10-31",NA,-45.665,-73.2883,NA,NA,"shoa",NA,"Remove. Added to GBIF in June 1995. Could be removed because they are oceanographic stations.","remove",NA,NA,NA,NA,NA,NA,NA,NA,NA,NA,NA,NA,NA
1999,"SUBPESCA.PecesContinentales2019.4724","subpesca-1","aplochiton zebra",2008,NA,NA,-47.762777,-73.281141,"CEA (NA) Proyecto Hi","4724",NA,0,NA,NA,NA,NA,NA,NA,NA,NA,NA,NA,NA,NA,NA,NA,NA
2002,"SUBPESCA.PecesContinentales2019.4458","subpesca-1","hatcheria macraei",2007,NA,NA,-47.762777,-73.281141,"CEA (NA) Proyecto Hi","4458",NA,0,NA,NA,NA,NA,NA,NA,NA,NA,NA,NA,NA,NA,NA,NA,NA
2020,"CIMAR1_84_sp16","gbif","atheriniformes",1995,"1995-10-29",NA,-44.9383,-73.27,NA,NA,"shoa",NA,"Remove. Added to GBIF in June 1995. Could be removed because they are oceanographic stations.","remove",NA,NA,NA,NA,NA,NA,NA,NA,NA,NA,NA,NA,NA
2048,"MMA:ICT:0002011","mma2","galaxias maculatus",2014,"2014-03-27","rio puma. bahia de los huiros. peninsula roca al norte del fiordo resi",-51.883,-73.261,"OrigenReg: Base Dato",NA,NA,1,"associatedReferences (Górski et al. 2017 | Pérez et al. 2022)",NA,NA,"Górski et al. 2017 | Pérez et al. 2022",NA,NA,NA,NA,NA,NA,NA,NA,NA,NA,NA
2049,"MMA:ICT:0001806","mma2","eleginops maclovinus",2014,"2014-02-13","rio puma. bahia de los huiros. peninsula roca al norte del fiordo resi",-51.882,-73.261,"OrigenReg: Base Dato",NA,NA,1,"associatedReferences (Górski et al. 2017 | Pérez et al. 2022)",NA,NA,"Górski et al. 2017 | Pérez et al. 2022",NA,NA,NA,NA,NA,NA,NA,NA,NA,NA,NA
2050,"MAguilar.Lit.Review.719","agui","eleginops maclovinus",2013,NA,"río puma",-51.8827777783,-73.2605555561,"Górski, K., González","719",NA,0,NA,NA,NA,NA,NA,NA,NA,NA,NA,NA,NA,NA,NA,NA,NA
2051,"MAguilar.Lit.Review.1048","agui","eleginops maclovinus",2014,NA,"río puma",-51.8827777783,-73.2605555561,"Pérez, S., Manosalva","1048",NA,0,NA,NA,NA,NA,NA,NA,NA,NA,NA,NA,NA,NA,NA,NA,NA
2052,"MAguilar.Lit.Review.728","agui","galaxias maculatus",2013,NA,"río puma",-51.8827777783,-73.2605555561,"Górski, K., González","728",NA,0,NA,NA,NA,NA,NA,NA,NA,NA,NA,NA,NA,NA,NA,NA,NA
2053,"MAguilar.Lit.Review.1052","agui","galaxias maculatus",2014,NA,"río puma",-51.8827777783,-73.2605555561,"Pérez, S., Manosalva","1052",NA,0,NA,NA,NA,NA,NA,NA,NA,NA,NA,NA,NA,NA,NA,NA,NA
2054,"MAguilar.Lit.Review.734","agui","oncorhynchus kisutch",2013,NA,"río puma",-51.8827222218,-73.2605555561,"Górski, K., González","734",NA,NA,"change year to 2014: associated Reference(Pérez et al. 2022)",NA,NA,"Pérez et al. 2022",NA,NA,NA,2014,NA,NA,NA,NA,NA,NA,NA
2055,"MAguilar.Lit.Review.1056","agui","oncorhynchus kisutch",2014,NA,"río puma",-51.8827222218,-73.2605555561,"Pérez, S., Manosalva","1056",NA,0,NA,NA,NA,NA,NA,NA,NA,NA,NA,NA,NA,NA,NA,NA,NA
2056,"MMA:ICT:0002026","mma2","galaxias maculatus",2014,"2014-04-24","laguna los cipreses. bahia de los huiros. peninsula roca al norte del fiordo resi",-51.882,-73.259,"OrigenReg: Base Dato",NA,NA,1,"associatedReferences (Górski et al. 2017 | Pérez et al. 2022)",NA,NA,"Górski et al. 2017 | Pérez et al. 2022",NA,NA,NA,NA,NA,NA,NA,NA,NA,NA,NA
2060,"MAguilar.Lit.Review.735","agui","oncorhynchus kisutch",2013,NA,"lago los cipreses",-51.8821666674,-73.2542222218,"Górski, K., González","735",NA,NA,"change year to 2014: associated Reference(Pérez et al. 2022)",NA,NA,"Pérez et al. 2022",NA,NA,NA,2014,NA,NA,NA,NA,NA,NA,NA
2061,"MAguilar.Lit.Review.1057","agui","oncorhynchus kisutch",2014,NA,"lago los cipreses",-51.8821666674,-73.2542222218,"Pérez, S., Manosalva","1057",NA,0,NA,NA,NA,NA,NA,NA,NA,NA,NA,NA,NA,NA,NA,NA,NA
2062,"MAguilar.Lit.Review.729","agui","galaxias maculatus",2013,NA,"lago los cipreses",-51.8822222221,-73.2541666671,"Górski, K., González","729",NA,0,NA,NA,NA,NA,NA,NA,NA,NA,NA,NA,NA,NA,NA,NA,NA
2063,"MAguilar.Lit.Review.1053","agui","galaxias maculatus",2014,NA,"lago los cipreses",-51.8822222221,-73.2541666671,"Pérez, S., Manosalva","1053",NA,0,NA,NA,NA,NA,NA,NA,NA,NA,NA,NA,NA,NA,NA,NA,NA
2071,"MAguilar.Lit.Review.1087","agui","galaxias maculatus",NA,NA,"puerto perez",-45.2500000003,-73.2500000001,"Rademacher K. 2007. ","1087",NA,0,NA,NA,NA,NA,NA,NA,NA,NA,NA,NA,NA,NA,NA,NA,NA
2093,"MAguilar.Lit.Review.731","agui","galaxias platei",2013,NA,"lago los acantilados",-51.8833333327,-73.2438888892,"Górski, K., González","731",NA,0,NA,NA,NA,NA,NA,NA,NA,NA,NA,NA,NA,NA,NA,NA,NA
2094,"CIMAR1_6_sp16","gbif","atheriniformes",1995,"1995-10-20",NA,-41.97,-73.2433,NA,NA,"shoa",NA,"Remove. Added to GBIF in June 1995. Could be removed because they are oceanographic stations.","remove",NA,NA,NA,NA,NA,NA,NA,NA,NA,NA,NA,NA,NA
2095,"MMA:ICT:0002362","mma2","galaxias platei",2014,"2014-12-07","lago los acantilados. bahia de los huiros. peninsula roca al norte del fiordo resi",-51.883,-73.243,"OrigenReg: Base Dato",NA,NA,1,"associated reference: (Górski et al. 2017)",NA,NA,"Górski et al. 2017",NA,NA,NA,NA,NA,NA,NA,NA,NA,NA,NA
2129,"SUBPESCA.PecesContinentales2019.21967","subpesca-1","aplochiton zebra",2012,NA,NA,-48.227927,-73.239562,"CEA (NA) Monitoreo L","21967",NA,0,NA,NA,NA,NA,NA,NA,NA,NA,NA,NA,NA,NA,NA,NA,NA
2131,"SUBPESCA.PecesContinentales2019.21968","subpesca-1","galaxias maculatus",2012,NA,NA,-48.227927,-73.239562,"CEA (NA) Monitoreo L","21968",NA,0,NA,NA,NA,NA,NA,NA,NA,NA,NA,NA,NA,NA,NA,NA,NA
2135,"CIMAR1_27_sp16","gbif","atheriniformes",1995,"1995-10-23",NA,-43.1733,-73.2383,NA,NA,"shoa",NA,"Remove. Added to GBIF in June 1995. Could be removed because they are oceanographic stations.","remove",NA,NA,NA,NA,NA,NA,NA,NA,NA,NA,NA,NA,NA
2147,"MAguilar.Lit.Review.361","agui","aplochiton taeniatus",NA,NA,"fiordo steelé",-47.9666666672,-73.2333333332,"Cussac, V., Ortubay,","361",NA,0,"Change species to A. marinus, change coordinates to -48.147110, -73.227880",NA,NA,NA,-48.14711,-73.22788,NA,NA,NA,NA,"Aplochiton marinus","Aplochiton marinus Eigenmann, 1928",NA,NA,NA
2148,"MAguilar.Lit.Review.360","agui","aplochiton taeniatus",NA,NA,"fiordo aysén",-45.3166666671,-73.2333333332,"Cussac, V., Ortubay,","360",NA,0,NA,NA,NA,NA,NA,NA,NA,NA,NA,NA,NA,NA,NA,NA,NA
2158,"CIMAR1_35_sp16","gbif","atheriniformes",1995,"1995-10-24",NA,-43.7883,-73.2217,NA,NA,"shoa",NA,"Remove. Added to GBIF in June 1995. Could be removed because they are oceanographic stations.","remove",NA,NA,NA,NA,NA,NA,NA,NA,NA,NA,NA,NA,NA
2178,"SUBPESCA.PecesContinentales2019.4430","subpesca-1","aplochiton zebra",2007,NA,NA,-47.70984,-73.209253,"CEA (NA) Proyecto Hi","4430",NA,0,NA,NA,NA,NA,NA,NA,NA,NA,NA,NA,NA,NA,NA,NA,NA
2179,"SUBPESCA.PecesContinentales2019.4721","subpesca-1","aplochiton zebra",2008,NA,NA,-47.70984,-73.209253,"CEA (NA) Proyecto Hi","4721",NA,0,NA,NA,NA,NA,NA,NA,NA,NA,NA,NA,NA,NA,NA,NA,NA
2181,"SUBPESCA.PecesContinentales2019.4431","subpesca-1","hatcheria macraei",2007,NA,NA,-47.70984,-73.209253,"CEA (NA) Proyecto Hi","4431",NA,0,NA,NA,NA,NA,NA,NA,NA,NA,NA,NA,NA,NA,NA,NA,NA
2207,"SUBPESCA.PecesContinentales2019.4422","subpesca-1","percichthys trucha",2007,NA,NA,-47.709895,-73.208784,"CEA (NA) Proyecto Hi","4422",NA,0,NA,NA,NA,NA,NA,NA,NA,NA,NA,NA,NA,NA,NA,NA,NA
2227,"CIMAR1_93_sp16","gbif","atheriniformes",1995,"1995-10-26",NA,-44.2933,-73.1933,NA,NA,"shoa",NA,"Remove. Added to GBIF in June 1995. Could be removed because they are oceanographic stations.","remove",NA,NA,NA,NA,NA,NA,NA,NA,NA,NA,NA,NA,NA
2230,"MAguilar.Lit.Review.829","agui","odontesthes brevianalis",NA,NA,"quele",-41.71,-73.1900000004,"Hughes, LC, Cardoso,","829",NA,NA,"Remove. Record from río Reloca, out of range.","remove",NA,NA,NA,NA,NA,NA,NA,NA,NA,NA,NA,NA,NA
2233,"CIMAR1_78_sp16","gbif","atheriniformes",1995,"1995-11-04",NA,-45.2833,-73.1733,NA,NA,"shoa",NA,"Remove. Added to GBIF in June 1995. Could be removed because they are oceanographic stations.","remove",NA,NA,NA,NA,NA,NA,NA,NA,NA,NA,NA,NA,NA
2252,"a6453ec9-6d6b-45f7-8e87-26b60f54e182","idig","odontesthes",1990,"1990-02-05","quitrako fjord, close to skorpios thermal baths, prov. aysen, xi region; pacific drainage",-45.5333333,-73.1666667,NA,"218453","ummz",NA,"Remove. Tipo in Locality. Should be Quitralco","remove",NA,NA,NA,NA,"Quitralco",NA,NA,NA,NA,NA,NA,NA,NA
2253,"MAguilar.Lit.Review.1060","agui","aplochiton zebra",NA,NA,"laguna quetro",-48.1666666668,-73.1666666672,"Rademacher K. 2007. ","1060",NA,0,"From Zama and Cardenas.",NA,NA,NA,NA,NA,NA,NA,NA,NA,NA,NA,NA,NA,NA
2255,"CIMAR1_24_sp16","gbif","atheriniformes",1995,"1995-10-23",NA,-42.9,-73.1583,NA,NA,"shoa",NA,"Remove. Added to GBIF in June 1995. Could be removed because they are oceanographic stations.","remove",NA,NA,NA,NA,NA,NA,NA,NA,NA,NA,NA,NA,NA
2267,"CIMAR1_30_sp16","gbif","atheriniformes",1995,"1995-10-24",NA,-43.5533,-73.1517,NA,NA,"shoa",NA,"Remove. Added to GBIF in June 1995. Could be removed because they are oceanographic stations.","remove",NA,NA,NA,NA,NA,NA,NA,NA,NA,NA,NA,NA,NA
2268,"CIMAR1_21_sp16","gbif","atheriniformes",1995,"1995-10-22",NA,-42.6467,-73.1517,NA,NA,"shoa",NA,"Remove. Added to GBIF in June 1995. Could be removed because they are oceanographic stations.","remove",NA,NA,NA,NA,NA,NA,NA,NA,NA,NA,NA,NA,NA
2269,"SUBPESCA.PecesContinentales2019.16175","subpesca-1","aplochiton zebra",2011,NA,NA,-47.684348,-73.146404,"CEA (NA) Monitoreo L","16175",NA,0,NA,NA,NA,NA,NA,NA,NA,NA,NA,NA,NA,NA,NA,NA,NA
2270,"SUBPESCA.PecesContinentales2019.21950","subpesca-1","aplochiton zebra",2012,NA,NA,-47.684348,-73.146404,"CEA (NA) Monitoreo L","21950",NA,0,NA,NA,NA,NA,NA,NA,NA,NA,NA,NA,NA,NA,NA,NA,NA
2274,"SUBPESCA.PecesContinentales2019.16244","subpesca-1","percichthys trucha",2011,NA,NA,-47.684348,-73.146404,"CEA (NA) Monitoreo L","16244",NA,0,NA,NA,NA,NA,NA,NA,NA,NA,NA,NA,NA,NA,NA,NA,NA
2280,"SUBPESCA.PecesContinentales2019.15476","subpesca-1","aplochiton zebra",2009,NA,NA,-47.682555,-73.145149,"CEA (NA) Linea Base ","15476",NA,0,NA,NA,NA,NA,NA,NA,NA,NA,NA,NA,NA,NA,NA,NA,NA
2281,"SUBPESCA.PecesContinentales2019.15864","subpesca-1","aplochiton zebra",2010,NA,NA,-47.682555,-73.145149,"CEA (NA) Linea Base ","15864",NA,0,NA,NA,NA,NA,NA,NA,NA,NA,NA,NA,NA,NA,NA,NA,NA
2285,"SUBPESCA.PecesContinentales2019.15507","subpesca-1","hatcheria macraei",2009,NA,NA,-47.682555,-73.145149,"CEA (NA) Linea Base ","15507",NA,0,NA,NA,NA,NA,NA,NA,NA,NA,NA,NA,NA,NA,NA,NA,NA
2286,"SUBPESCA.PecesContinentales2019.15562","subpesca-1","percichthys trucha",2009,NA,NA,-47.682555,-73.145149,"CEA (NA) Linea Base ","15562",NA,0,NA,NA,NA,NA,NA,NA,NA,NA,NA,NA,NA,NA,NA,NA,NA
2303,"SUBPESCA.PecesContinentales2019.15870","subpesca-1","aplochiton zebra",2010,NA,NA,-48.009521,-73.140142,"CEA (NA) Linea Base ","15870",NA,0,NA,NA,NA,NA,NA,NA,NA,NA,NA,NA,NA,NA,NA,NA,NA
2314,"MAguilar.Lit.Review.730","agui","galaxias maculatus",2013,NA,"río santa maría",-51.9649999997,-73.1380555556,"Górski, K., González","730",NA,0,NA,NA,NA,NA,NA,NA,NA,NA,NA,NA,NA,NA,NA,NA,NA
2315,"MAguilar.Lit.Review.1054","agui","galaxias maculatus",2014,NA,"estuario santa maría",-51.9649999997,-73.1380555556,"Pérez, S., Manosalva","1054",NA,0,NA,NA,NA,NA,NA,NA,NA,NA,NA,NA,NA,NA,NA,NA,NA
2316,"MMA:ICT:0002028","mma2","galaxias maculatus",2014,"2014-04-24","rio santa maria. canal santa maria. peninsula cordillera riesco",-51.966,-73.138,"OrigenReg: Base Dato",NA,NA,1,"associatedReferences (Górski et al. 2017 | Pérez et al. 2022)",NA,NA,"Górski et al. 2017 | Pérez et al. 2022",NA,NA,NA,NA,NA,NA,NA,NA,NA,NA,NA
2331,"MMA:ICT:0000205","mma2","aplochiton zebra",NA,NA,"puerto grey. rio de grey",-51.1171,-73.1267,"FuenteReg: Gunther 1",NA,NA,NA,"Gunther 1880. Change coordinates to -48.91905°, -74.3134°. Specimens collected by the H.M.S. Challenger in Messier Channel. eventDate 1876, catalogNumber BMNH 1879.5.14.597-598",NA,NA,NA,-48.91905,-74.3134,NA,1876,"1876",NA,NA,NA,"BMNH 1879.5.14.597-598","H.M.S. Challenger Expedition",NA
2343,"MMA:ICT:0000196","mma2","aplochiton zebra",1982,NA,"lago quetro. rio pascua entre arriba rio quetru y rio borquez",-48.113,-73.121,"FuenteReg: McDowall ",NA,NA,0,NA,NA,NA,NA,NA,NA,NA,NA,NA,NA,NA,NA,NA,NA,NA
2351,"SUBPESCA.PecesContinentales2019.21944","subpesca-1","aplochiton zebra",2012,NA,NA,-48.159998,-73.117037,"CEA (NA) Monitoreo L","21944",NA,0,NA,NA,NA,NA,NA,NA,NA,NA,NA,NA,NA,NA,NA,NA,NA
2387,"SUBPESCA.PecesContinentales2019.21942","subpesca-1","aplochiton zebra",2012,NA,NA,-48.115478,-73.109366,"CEA (NA) Monitoreo L","21942",NA,0,NA,NA,NA,NA,NA,NA,NA,NA,NA,NA,NA,NA,NA,NA,NA
2389,"SUBPESCA.PecesContinentales2019.21941","subpesca-1","galaxias platei",2012,NA,NA,-48.115478,-73.109366,"CEA (NA) Monitoreo L","21941",NA,0,NA,NA,NA,NA,NA,NA,NA,NA,NA,NA,NA,NA,NA,NA,NA
2422,"MAguilar.Lit.Review.1062","agui","eleginops maclovinus",NA,NA,"fiordo de aysén",-45.3500000001,-73.1000000004,"Rademacher K. 2007. ","1062",NA,0,NA,NA,NA,NA,NA,NA,NA,NA,NA,NA,NA,NA,NA,NA,NA
2424,"MAguilar.Lit.Review.1079","agui","galaxias maculatus",NA,NA,"fiordo aysén",-45.3500000001,-73.1000000004,"Rademacher K. 2007. ","1079",NA,0,NA,NA,NA,NA,NA,NA,NA,NA,NA,NA,NA,NA,NA,NA,NA
2431,"MAguilar.Lit.Review.399","agui","galaxias maculatus",NA,NA,"angelmó",-41.7166666671,-73.1000000004,"Cussac, V., Ortubay,","399",NA,NA,"Change coordinates to -41.482698, -72.959770",NA,NA,NA,-41.482698,-72.95977,NA,NA,NA,NA,NA,NA,NA,NA,NA
2454,"SUBPESCA.PecesContinentales2019.4972","subpesca-1","percichthys trucha",2009,NA,NA,-47.532097,-73.089291,"CEA (NA) Proyecto Hi","4972",NA,0,NA,NA,NA,NA,NA,NA,NA,NA,NA,NA,NA,NA,NA,NA,NA
2460,"SUBPESCA.PecesContinentales2019.21931","subpesca-1","aplochiton zebra",2012,NA,NA,-48.157151,-73.089022,"CEA (NA) Monitoreo L","21931",NA,0,NA,NA,NA,NA,NA,NA,NA,NA,NA,NA,NA,NA,NA,NA,NA
2463,"SUBPESCA.PecesContinentales2019.21933","subpesca-1","galaxias maculatus",2012,NA,NA,-48.157151,-73.089022,"CEA (NA) Monitoreo L","21933",NA,0,NA,NA,NA,NA,NA,NA,NA,NA,NA,NA,NA,NA,NA,NA,NA
2486,"SUBPESCA.PecesContinentales2019.15868","subpesca-1","aplochiton zebra",2010,NA,NA,-47.547586,-73.086243,"CEA (NA) Linea Base ","15868",NA,0,NA,NA,NA,NA,NA,NA,NA,NA,NA,NA,NA,NA,NA,NA,NA
2488,"SUBPESCA.PecesContinentales2019.15941","subpesca-1","galaxias maculatus",2010,NA,NA,-47.547586,-73.086243,"CEA (NA) Linea Base ","15941",NA,0,NA,NA,NA,NA,NA,NA,NA,NA,NA,NA,NA,NA,NA,NA,NA
2490,"SUBPESCA.PecesContinentales2019.15874","subpesca-1","galaxias platei",2010,NA,NA,-47.547586,-73.086243,"CEA (NA) Linea Base ","15874",NA,0,NA,NA,NA,NA,NA,NA,NA,NA,NA,NA,NA,NA,NA,NA,NA
2492,"SUBPESCA.PecesContinentales2019.15890","subpesca-1","odontesthes hatcheri",2010,NA,NA,-47.547586,-73.086243,"CEA (NA) Linea Base ","15890",NA,0,NA,NA,NA,NA,NA,NA,NA,NA,NA,NA,NA,NA,NA,NA,NA
2499,"SUBPESCA.PecesContinentales2019.4394","subpesca-1","aplochiton zebra",2007,NA,NA,-47.547555,-73.086005,"CEA (NA) Proyecto Hi","4394",NA,0,NA,NA,NA,NA,NA,NA,NA,NA,NA,NA,NA,NA,NA,NA,NA
2501,"SUBPESCA.PecesContinentales2019.4395","subpesca-1","hatcheria macraei",2007,NA,NA,-47.547555,-73.086005,"CEA (NA) Proyecto Hi","4395",NA,0,NA,NA,NA,NA,NA,NA,NA,NA,NA,NA,NA,NA,NA,NA,NA
2508,"SUBPESCA.PecesContinentales2019.4397","subpesca-1","percichthys trucha",2007,NA,NA,-47.547555,-73.086005,"CEA (NA) Proyecto Hi","4397",NA,0,NA,NA,NA,NA,NA,NA,NA,NA,NA,NA,NA,NA,NA,NA,NA
2535,"MAguilar.Lit.Review.1351","agui","aplochiton marinus",NA,NA,"estero ventisquero",-48.1166666669,-73.0833333326,"Zama A. y Cárdenas E","1351",NA,0,NA,NA,NA,NA,NA,NA,NA,NA,NA,NA,NA,NA,NA,NA,NA
2536,"MAguilar.Lit.Review.362","agui","aplochiton taeniatus",NA,NA,"estero ventisquero",-48.1166666669,-73.0833333326,"Cussac, V., Ortubay,","362",NA,0,"(from McDowall and Nakaya) Change Species to A. marinus. Change coordinates to -48.250000, -73.591667",NA,NA,"(McDowall & Nakaya, 1988)",-48.25,-73.591667,NA,NA,NA,NA,"Aplochiton marinus","Aplochiton marinus Eigenmann, 1928",NA,NA,NA
2537,"MAguilar.Lit.Review.351","agui","oncorhynchus tshawytscha",2004,"2004-03-13","río vargas",-47.6999999999,-73.0833333326,"Correa, C., Gross, M","351",NA,0,NA,NA,NA,NA,NA,NA,NA,NA,NA,NA,NA,NA,NA,NA,NA
2541,"SUBPESCA.PecesContinentales2019.21924","subpesca-1","aplochiton zebra",2012,NA,NA,-48.169842,-73.081731,"CEA (NA) Monitoreo L","21924",NA,0,NA,NA,NA,NA,NA,NA,NA,NA,NA,NA,NA,NA,NA,NA,NA
2543,"SUBPESCA.PecesContinentales2019.21925","subpesca-1","galaxias maculatus",2012,NA,NA,-48.169842,-73.081731,"CEA (NA) Monitoreo L","21925",NA,0,NA,NA,NA,NA,NA,NA,NA,NA,NA,NA,NA,NA,NA,NA,NA
2544,"SUBPESCA.PecesContinentales2019.21922","subpesca-1","galaxias platei",2012,NA,NA,-48.169842,-73.081731,"CEA (NA) Monitoreo L","21922",NA,0,NA,NA,NA,NA,NA,NA,NA,NA,NA,NA,NA,NA,NA,NA,NA
2547,"SUBPESCA.PecesContinentales2019.16183","subpesca-1","galaxias platei",2011,NA,NA,-47.551259,-73.08042,"CEA (NA) Monitoreo L","16183",NA,0,NA,NA,NA,NA,NA,NA,NA,NA,NA,NA,NA,NA,NA,NA,NA
2548,"SUBPESCA.PecesContinentales2019.16190","subpesca-1","hatcheria macraei",2011,NA,NA,-47.551259,-73.08042,"CEA (NA) Monitoreo L","16190",NA,0,NA,NA,NA,NA,NA,NA,NA,NA,NA,NA,NA,NA,NA,NA,NA
2550,"SUBPESCA.PecesContinentales2019.16243","subpesca-1","percichthys trucha",2011,NA,NA,-47.551259,-73.08042,"CEA (NA) Monitoreo L","16243",NA,0,NA,NA,NA,NA,NA,NA,NA,NA,NA,NA,NA,NA,NA,NA,NA
2551,"SUBPESCA.PecesContinentales2019.21899","subpesca-1","percichthys trucha",2012,NA,NA,-47.551259,-73.08042,"CEA (NA) Monitoreo L","21899",NA,0,NA,NA,NA,NA,NA,NA,NA,NA,NA,NA,NA,NA,NA,NA,NA
2562,"SUBPESCA.PecesContinentales2019.4693","subpesca-1","aplochiton zebra",2007,NA,NA,-47.563861,-73.079082,"CEA (NA) Proyecto Hi","4693",NA,0,NA,NA,NA,NA,NA,NA,NA,NA,NA,NA,NA,NA,NA,NA,NA
2564,"SUBPESCA.PecesContinentales2019.4734","subpesca-1","aplochiton zebra",2008,NA,NA,-47.563861,-73.079082,"CEA (NA) Proyecto Hi","4734",NA,0,NA,NA,NA,NA,NA,NA,NA,NA,NA,NA,NA,NA,NA,NA,NA
2599,"MMA:ICT:0000164","mma2","aplochiton zebra",2012,"2012-08-18","rio baker entre rio de los ñadis y rio ventisquero",-47.563,-73.078,NA,NA,NA,0,NA,NA,NA,NA,NA,NA,NA,NA,NA,NA,NA,NA,NA,NA,NA
2614,"MAguilar.Lit.Review.1275","agui","galaxias platei",2011,NA,"lago dickson",-50.8786111106,-73.0736111109,"Vera-Escalona, I., H","1275",NA,0,"associatedReference: (Vera-Escalona et al. 2015)",NA,NA,"Vera-Escalona et al. 2015",NA,NA,NA,NA,NA,NA,NA,NA,NA,NA,NA
2615,"MMA:ICT:0002319","mma2","galaxias platei",2011,"2011-08-14","lago dickson. rio paine en desembocadura lago nordenskjold",-50.878,-73.073,"OrigenReg: Base Dato",NA,NA,1,"associatedReference: (Vera-Escalona et al. 2015)",NA,NA,"Vera-Escalona et al. 2015",NA,NA,NA,NA,NA,NA,NA,NA,NA,NA,NA
2617,"CIMAR1_79_sp16","gbif","atheriniformes",1995,"1995-11-04",NA,-45.3683,-73.07,NA,NA,"shoa",NA,"Remove. Added to GBIF in June 1995. Could be removed because they are oceanographic stations.","remove",NA,NA,NA,NA,NA,NA,NA,NA,NA,NA,NA,NA,NA
2735,"MAguilar.Lit.Review.349","agui","oncorhynchus tshawytscha",2004,"2004-03-13","río jaramillo",-47.6999999999,-73.0499999996,"Correa, C., Gross, M","349",NA,0,NA,NA,NA,NA,NA,NA,NA,NA,NA,NA,NA,NA,NA,NA,NA
2736,"MAguilar.Lit.Review.1067","agui","eleginops maclovinus",NA,NA,"río salto",-43.4166666673,-73.0499999996,"Rademacher K. 2007. ","1067",NA,0,"change coordinates to -45.444129, -72.788436",NA,NA,NA,-45.444129,-72.788436,NA,NA,NA,NA,NA,NA,NA,NA,NA
2737,"MAguilar.Lit.Review.1085","agui","galaxias maculatus",NA,NA,"río salto",-43.4166666673,-73.0499999996,"Rademacher K. 2007. ","1085",NA,0,"change coordinates to -45.444129, -72.788436
",NA,NA,NA,-45.444129,-72.788436,NA,NA,NA,NA,NA,NA,NA,NA,NA
2770,"MAguilar.Lit.Review.975","agui","oncorhynchus tshawytscha",2016,NA,"río jaramillo",-47.7016680004,-73.041936,"Muñoz, Nicolas J., R","975",NA,0,NA,NA,NA,NA,NA,NA,NA,NA,NA,NA,NA,NA,NA,NA,NA
2774,"SUBPESCA.PecesContinentales2019.15081","subpesca-1","galaxias platei",2008,NA,NA,-45.126573,-73.038403,"CEA (NA) Linea De Ba","15081",NA,0,NA,NA,NA,NA,NA,NA,NA,NA,NA,NA,NA,NA,NA,NA,NA
2793,"CIMAR1_85_sp16","gbif","atheriniformes",1995,"1995-10-29",NA,-44.8833,-73.035,NA,NA,"shoa",NA,"Remove. Added to GBIF in June 1995. Could be removed because they are oceanographic stations.","remove",NA,NA,NA,NA,NA,NA,NA,NA,NA,NA,NA,NA,NA
2823,"CIMAR1_92_sp16","gbif","atheriniformes",1995,"1995-10-26",NA,-44.2967,-73.0267,NA,NA,"shoa",NA,"Remove. Added to GBIF in June 1995. Could be removed because they are oceanographic stations.","remove",NA,NA,NA,NA,NA,NA,NA,NA,NA,NA,NA,NA,NA
2830,"CIMAR1_28_sp16","gbif","atheriniformes",1995,"1995-10-23",NA,-43.205,-73.025,NA,NA,"shoa",NA,"Remove. Added to GBIF in June 1995. Could be removed because they are oceanographic stations.","remove",NA,NA,NA,NA,NA,NA,NA,NA,NA,NA,NA,NA,NA
2837,"CIMAR1_14_sp16","gbif","atheriniformes",1995,"1995-10-20",NA,-42.4533,-73.0217,NA,NA,"shoa",NA,"Remove. Added to GBIF in June 1995. Could be removed because they are oceanographic stations.","remove",NA,NA,NA,NA,NA,NA,NA,NA,NA,NA,NA,NA,NA
2875,"http://n2t.net/ark:/65665/3b8a7eea9-316a-437c-98a8-5888cf2096cd","vert","eleginops maclovinus",1945,NA,"chile: tictoc bay",-43.62,-73,"National Museum of N","176386","usnm",0,NA,NA,NA,NA,NA,NA,NA,NA,NA,NA,NA,NA,NA,NA,NA
2878,"http://n2t.net/ark:/65665/3c9bdf3bc-f24e-4dec-a934-e42255c1dfba","vert","odontesthes",1945,NA,"chile: tictoc bay",-43.62,-73,"National Museum of N","176502","usnm",0,NA,NA,NA,NA,NA,NA,NA,NA,NA,NA,NA,NA,NA,NA,NA
2883,"SUBPESCA.PecesContinentales2019.15058","subpesca-1","galaxias maculatus",2008,NA,NA,-45.679957,-72.997873,"CEA (NA) Linea De Ba","15058",NA,0,NA,NA,NA,NA,NA,NA,NA,NA,NA,NA,NA,NA,NA,NA,NA
2885,"SUBPESCA.PecesContinentales2019.15074","subpesca-1","galaxias platei",2008,NA,NA,-45.679957,-72.997873,"CEA (NA) Linea De Ba","15074",NA,0,NA,NA,NA,NA,NA,NA,NA,NA,NA,NA,NA,NA,NA,NA,NA
2929,"MAguilar.Lit.Review.797","agui","salmo trutta",2006,NA,"lago condor",-44.7141111107,-72.993194444,"Habit, E., Gonzalez,","797",NA,NA,"change coordinates to -45.572230, -72.960684",NA,NA,NA,-45.57223,-72.960684,NA,NA,NA,NA,NA,NA,NA,NA,NA
2939,"MMA:ICT:0002275","mma2","galaxias platei",2009,"2009-12-06","lago pehoe. cerca explora. lagos nordenkjold y pehoe y rio paine en desembocadura",-51.108,-72.992,"OrigenReg: Base Dato",NA,NA,1,"associatedReference: (Vera-Escalona et al. 2015)",NA,NA,"Vera-Escalona et al. 2015",NA,NA,NA,NA,NA,NA,NA,NA,NA,NA,NA
2953,"SUBPESCA.PecesContinentales2019.15175","subpesca-1","galaxias platei",2008,NA,NA,-45.624992,-72.990377,"CEA (NA) Linea De Ba","15175",NA,0,NA,NA,NA,NA,NA,NA,NA,NA,NA,NA,NA,NA,NA,NA,NA
2955,"SUBPESCA.PecesContinentales2019.15991","subpesca-1","galaxias platei",2010,NA,NA,-45.624992,-72.990377,"CEA (NA) Linea De Ba","15991",NA,0,NA,NA,NA,NA,NA,NA,NA,NA,NA,NA,NA,NA,NA,NA,NA
2972,"MAguilar.Lit.Review.1279","agui","galaxias platei",2009,NA,"lago pehoe",-51.1086111114,-72.9883333331,"Vera-Escalona, I., H","1279",NA,0,NA,NA,NA,NA,NA,NA,NA,NA,NA,NA,NA,NA,NA,NA,NA
2973,"CIMAR1_26_sp16","gbif","atheriniformes",1995,"1995-10-23",NA,-42.99,-72.9883,NA,NA,"shoa",NA,"Remove. Added to GBIF in June 1995. Could be removed because they are oceanographic stations.","remove",NA,NA,NA,NA,NA,NA,NA,NA,NA,NA,NA,NA,NA
3126,"MMA:ICT:0002769","mma2","hatcheria macraei",NA,NA,"río baker. baker-pacific. rio baker entre rio de los ñadis y rio ventisquero",-47.498417,-72.97475,"FuenteReg: Publicaci",NA,NA,1,"bibliograph: Unmack et al. 2012. Phylogeography of the catfish Hatcheria macraei reveals a negligible role of drainage divides in structuring populations",NA,NA,NA,NA,NA,NA,NA,NA,"Unmack, P. J., Barriga, J. P., Battini, M. A., Habit, E. M., & Johnson, J. B. (2012). Phylogeography of the catfish Hatcheria macraei reveals a negligible role of drainage divides in structuring populations. Molecular Ecology, 21(4), 942–959. https://doi.org/10.1111/j.1365-294X.2011.05408.x",NA,NA,NA,NA,NA
3214,"MAguilar.Lit.Review.1209","agui","aplochiton zebra",1997,NA,"lago meullín",-45.1902949998,-72.9711300002,"SOTO, DORIS, ARISMEN","1209",NA,NA,"Remove. A lot of sampling by different groups was performed in the watershed, and only G. platei was found.","remove",NA,NA,NA,NA,NA,NA,NA,NA,NA,NA,NA,NA,NA
3232,"SUBPESCA.PecesContinentales2019.15080","subpesca-1","galaxias platei",2008,NA,NA,-45.151094,-72.970418,"CEA (NA) Linea De Ba","15080",NA,0,NA,NA,NA,NA,NA,NA,NA,NA,NA,NA,NA,NA,NA,NA,NA
3246,"SUBPESCA.PecesContinentales2019.15076","subpesca-1","galaxias platei",2008,NA,NA,-45.133658,-72.970414,"CEA (NA) Linea De Ba","15076",NA,0,NA,NA,NA,NA,NA,NA,NA,NA,NA,NA,NA,NA,NA,NA,NA
3297,"SUBPESCA.PecesContinentales2019.15075","subpesca-1","galaxias platei",2008,NA,NA,-45.116421,-72.970021,"CEA (NA) Linea De Ba","15075",NA,0,NA,NA,NA,NA,NA,NA,NA,NA,NA,NA,NA,NA,NA,NA,NA
3324,"http://n2t.net/ark:/65665/347e50d2a-6abf-4f62-84b8-4e6c9ea77e1c","vert","eleginops maclovinus",1945,NA,"chile: puerto montt and canal tenglo",-41.5,-72.97,"National Museum of N","114933","usnm",0,NA,NA,NA,NA,NA,NA,NA,NA,NA,NA,NA,NA,NA,NA,NA
3696,"CIMAR1_5_sp16","gbif","atheriniformes",1995,"1995-10-19",NA,-41.8667,-72.9667,NA,NA,"shoa",NA,"Remove. Added to GBIF in June 1995. Could be removed because they are oceanographic stations.","remove",NA,NA,NA,NA,NA,NA,NA,NA,NA,NA,NA,NA,NA
3699,"MAguilar.Lit.Review.1069","agui","eleginops maclovinus",NA,NA,"estero pillan",-42.5666666672,-72.9666666667,"Rademacher K. 2007. ","1069",NA,0,"change coordinates to -42.552714, -72.495461",NA,NA,NA,-42.552714,-72.495461,NA,NA,NA,NA,NA,NA,NA,NA,NA
3839,"MAguilar.Lit.Review.802","agui","oncorhynchus mykiss",2006,NA,"lago cochrane",-45.1024722216,-72.9655277779,"Habit, E., Gonzalez,","802",NA,NA,"change coordiantes to : -47.206717, -72.288243",NA,NA,NA,-47.206717,-72.288243,NA,NA,NA,NA,NA,NA,NA,NA,NA
3840,"MAguilar.Lit.Review.801","agui","salmo trutta",2006,NA,"lago cochrane",-45.1024722216,-72.9655277779,"Habit, E., Gonzalez,","801",NA,NA,"change coordiantes to : -47.206717, -72.288243",NA,NA,NA,-47.206717,-72.288243,NA,NA,NA,NA,NA,NA,NA,NA,NA
3870,"SUBPESCA.PecesContinentales2019.5248","subpesca-1","galaxias platei",2007,NA,NA,-45.10868,-72.963443,"CEA (NA) Proyecto Ce","5248",NA,0,NA,NA,NA,NA,NA,NA,NA,NA,NA,NA,NA,NA,NA,NA,NA
3915,"SUBPESCA.PecesContinentales2019.21871","subpesca-1","galaxias platei",2012,NA,NA,-48.375819,-72.957455,"CEA (NA) Monitoreo L","21871",NA,0,NA,NA,NA,NA,NA,NA,NA,NA,NA,NA,NA,NA,NA,NA,NA
3947,"CCorrea.Lit.Review.1624","fishgis_metadatabase_ccorrea","galaxias platei",NA,NA,"yulton-meullin lakes",-45.13768,-72.95085,"Soto, D., I. Arismen",NA,NA,0,NA,NA,NA,NA,NA,NA,NA,NA,NA,NA,NA,NA,NA,NA,NA
3950,"CIMAR1_1_sp16","gbif","atheriniformes",1995,"1995-10-18",NA,-41.5483,-72.95,NA,NA,"shoa",NA,"Remove. Added to GBIF in June 1995. Could be removed because they are oceanographic stations.","remove",NA,NA,NA,NA,NA,NA,NA,NA,NA,NA,NA,NA,NA
3951,"8f5c92c6-d0ce-435f-8567-0b7ecb391ac3","gbif","galaxias maculatus",1919,"1919","puerto montt, estero pilluco, elev. 5 m",-41.4667,-72.95,NA,"77554","fmnh",0,NA,NA,NA,NA,NA,NA,NA,NA,NA,NA,NA,NA,NA,NA,NA
4000,"SUBPESCA.PecesContinentales2019.16187","subpesca-1","galaxias platei",2011,NA,NA,-47.474537,-72.947377,"CEA (NA) Monitoreo L","16187",NA,0,NA,NA,NA,NA,NA,NA,NA,NA,NA,NA,NA,NA,NA,NA,NA
4001,"SUBPESCA.PecesContinentales2019.16197","subpesca-1","hatcheria macraei",2011,NA,NA,-47.474537,-72.947377,"CEA (NA) Monitoreo L","16197",NA,0,NA,NA,NA,NA,NA,NA,NA,NA,NA,NA,NA,NA,NA,NA,NA
4023,"CIMAR1_80_sp16","gbif","atheriniformes",1995,"1995-11-04",NA,-45.4367,-72.945,NA,NA,"shoa",NA,"Remove. Added to GBIF in June 1995. Could be removed because they are oceanographic stations.","remove",NA,NA,NA,NA,NA,NA,NA,NA,NA,NA,NA,NA,NA
4050,"SUBPESCA.PecesContinentales2019.15060","subpesca-1","galaxias maculatus",2008,NA,NA,-45.479217,-72.936851,"CEA (NA) Linea De Ba","15060",NA,0,NA,NA,NA,NA,NA,NA,NA,NA,NA,NA,NA,NA,NA,NA,NA
4058,"CIMAR1_11_sp16","gbif","atheriniformes",1995,"1995-10-20",NA,-42.27,-72.9367,NA,NA,"shoa",NA,"Remove. Added to GBIF in June 1995. Could be removed because they are oceanographic stations.","remove",NA,NA,NA,NA,NA,NA,NA,NA,NA,NA,NA,NA,NA
4062,"MAguilar.Lit.Review.1272","agui","odontesthes brevianalis",NA,NA,"puerto montt",-41.4666666667,-72.9333333329,"Vargas, Carolina, Co","1272",NA,NA,"Remove. Indirect observation of broad distribution. Not linked with any record in particular.","remove",NA,NA,NA,NA,NA,NA,NA,NA,NA,NA,NA,NA,NA
4070,"MMA:ICT:0002272","mma2","galaxias platei",2009,"2009-12-06","lago nordenskjold. l nordenskjold en paso de la muerte. lagos nordenkjold y pehoe y rio paine en desembocadura",-51.043,-72.93,"OrigenReg: Base Dato",NA,NA,1,"associatedReference: (Vera-Escalona et al. 2015)",NA,NA,"Vera-Escalona et al. 2015",NA,NA,NA,NA,NA,NA,NA,NA,NA,NA,NA
4122,"SUBPESCA.PecesContinentales2019.21850","subpesca-1","galaxias platei",2012,NA,NA,-47.438541,-72.926761,"CEA (NA) Monitoreo L","21850",NA,0,NA,NA,NA,NA,NA,NA,NA,NA,NA,NA,NA,NA,NA,NA,NA
4123,"CIMAR1_86_sp16","gbif","atheriniformes",1995,"1995-10-29",NA,-44.8233,-72.9233,NA,NA,"shoa",NA,"Remove. Added to GBIF in June 1995. Could be removed because they are oceanographic stations.","remove",NA,NA,NA,NA,NA,NA,NA,NA,NA,NA,NA,NA,NA
4154,"2d727022-7bf2-4dce-8d6a-94d8cc98f3f0","idig","animalia",1995,"1995-01-24","intertidal pools of river that originates in lago camillo on isla magdalena and flows to seno soto",-44.533333,-72.916667,NA,"68433","tnhc",NA,"Change canonicalName to Galaxias",NA,NA,NA,NA,NA,NA,NA,NA,NA,"Galaxias",NA,NA,NA,NA
4198,"SUBPESCA.PecesContinentales2019.15088","subpesca-1","galaxias platei",2008,NA,NA,-45.145963,-72.911502,"CEA (NA) Linea De Ba","15088",NA,0,NA,NA,NA,NA,NA,NA,NA,NA,NA,NA,NA,NA,NA,NA,NA
4244,"SUBPESCA.PecesContinentales2019.21841","subpesca-1","galaxias maculatus",2012,NA,NA,-47.44154,-72.908074,"CEA (NA) Monitoreo L","21841",NA,0,NA,NA,NA,NA,NA,NA,NA,NA,NA,NA,NA,NA,NA,NA,NA
4290,"SUBPESCA.PecesContinentales2019.15077","subpesca-1","galaxias platei",2008,NA,NA,-45.147052,-72.907608,"CEA (NA) Linea De Ba","15077",NA,0,NA,NA,NA,NA,NA,NA,NA,NA,NA,NA,NA,NA,NA,NA,NA
4300,"CIMAR1_25_sp16","gbif","atheriniformes",1995,"1995-10-23",NA,-42.8767,-72.9067,NA,NA,"shoa",NA,"Remove. Added to GBIF in June 1995. Could be removed because they are oceanographic stations.","remove",NA,NA,NA,NA,NA,NA,NA,NA,NA,NA,NA,NA,NA
4338,"MAguilar.Lit.Review.324","agui","galaxias platei",2007,NA,"lago yulton",-45.1179999997,-72.9021999997,"CORREA, C., BRAVO, A","324",NA,0,NA,NA,NA,NA,NA,NA,NA,NA,NA,NA,NA,NA,NA,NA,NA
4343,"CIMAR1_4_sp16","gbif","atheriniformes",1995,"1995-10-19",NA,-41.7883,-72.9017,NA,NA,"shoa",NA,"Remove. Added to GBIF in June 1995. Could be removed because they are oceanographic stations.","remove",NA,NA,NA,NA,NA,NA,NA,NA,NA,NA,NA,NA,NA
4375,"SUBPESCA.PecesContinentales2019.15061","subpesca-1","galaxias maculatus",2008,NA,NA,-45.468199,-72.900257,"CEA (NA) Linea De Ba","15061",NA,0,NA,NA,NA,NA,NA,NA,NA,NA,NA,NA,NA,NA,NA,NA,NA
4384,"urn:catalog:CAS:ICH:30442","idig","eleginops maclovinus",NA,NA,"puerto montt, espero pilluco",-41.486946,-72.899212,NA,"30442","cas",0,NA,NA,NA,NA,NA,NA,NA,NA,NA,NA,NA,NA,NA,NA,NA
4386,"urn:catalog:CAS:ICH:208909","idig","salmo trutta",NA,NA,"puerto montt, espero pilluco",-41.486946,-72.899212,NA,"208909","cas",1,"year: 1919",NA,NA,NA,NA,NA,NA,1919,NA,NA,NA,NA,NA,NA,NA
4396,"SUBPESCA.PecesContinentales2019.21819","subpesca-1","galaxias maculatus",2012,NA,NA,-47.4282,-72.895104,"CEA (NA) Monitoreo L","21819",NA,0,NA,NA,NA,NA,NA,NA,NA,NA,NA,NA,NA,NA,NA,NA,NA
4397,"SUBPESCA.PecesContinentales2019.21820","subpesca-1","galaxias platei",2012,NA,NA,-47.4282,-72.895104,"CEA (NA) Monitoreo L","21820",NA,0,NA,NA,NA,NA,NA,NA,NA,NA,NA,NA,NA,NA,NA,NA,NA
4402,"CIMAR1_22_sp16","gbif","atheriniformes",1995,"1995-10-22",NA,-42.72,-72.8933,NA,NA,"shoa",NA,"Remove. Added to GBIF in June 1995. Could be removed because they are oceanographic stations.","remove",NA,NA,NA,NA,NA,NA,NA,NA,NA,NA,NA,NA,NA
4410,"SUBPESCA.PecesContinentales2019.4678","subpesca-1","hatcheria macraei",2007,NA,NA,-47.509144,-72.888348,"CEA (NA) Proyecto Hi","4678",NA,0,NA,NA,NA,NA,NA,NA,NA,NA,NA,NA,NA,NA,NA,NA,NA
4461,"SUBPESCA.PecesContinentales2019.21783","subpesca-1","galaxias maculatus",2012,NA,NA,-47.415196,-72.875564,"CEA (NA) Monitoreo L","21783",NA,0,NA,NA,NA,NA,NA,NA,NA,NA,NA,NA,NA,NA,NA,NA,NA
4462,"SUBPESCA.PecesContinentales2019.21784","subpesca-1","galaxias platei",2012,NA,NA,-47.415196,-72.875564,"CEA (NA) Monitoreo L","21784",NA,0,NA,NA,NA,NA,NA,NA,NA,NA,NA,NA,NA,NA,NA,NA,NA
4465,"MAguilar.Lit.Review.1021","agui","galaxias platei",2007,NA,"lago sarmiento",-51.051493,-72.8749830001,"Ortiz-Sandoval, J., ","1021",NA,0,NA,NA,NA,NA,NA,NA,NA,NA,NA,NA,NA,NA,NA,NA,NA
4466,"MAguilar.Lit.Review.783","agui","salmo trutta",2006,NA,"lago sarmiento",-51.051493,-72.8749830001,"Habit, E., Gonzalez,","783",NA,1,"associatedReference: (Cussac et al., 2020) | (Ortiz-Sandoval et al., 2017)",NA,NA,"Cussac et al., 2020) | (Ortiz-Sandoval et al., 2017",NA,NA,NA,NA,NA,NA,NA,NA,NA,NA,NA
4467,"MAguilar.Lit.Review.1020","agui","salmo trutta",2007,NA,"lago sarmiento",-51.051493,-72.8749830001,"Ortiz-Sandoval, J., ","1020",NA,0,NA,NA,NA,NA,NA,NA,NA,NA,NA,NA,NA,NA,NA,NA,NA
4468,"MAguilar.Lit.Review.564","agui","salmo trutta",NA,NA,"lago sarmiento",-51.051493,-72.8749830001,"Cussac, V.E.; Barran","564",NA,0,NA,NA,NA,NA,NA,NA,NA,NA,NA,NA,NA,NA,NA,NA,NA
4533,"SUBPESCA.PecesContinentales2019.16171","subpesca-1","aplochiton zebra",2011,NA,NA,-47.313415,-72.866522,"CEA (NA) Monitoreo L","16171",NA,0,NA,NA,NA,NA,NA,NA,NA,NA,NA,NA,NA,NA,NA,NA,NA
4534,"SUBPESCA.PecesContinentales2019.21772","subpesca-1","galaxias platei",2012,NA,NA,-47.313415,-72.866522,"CEA (NA) Monitoreo L","21772",NA,0,NA,NA,NA,NA,NA,NA,NA,NA,NA,NA,NA,NA,NA,NA,NA
4536,"SUBPESCA.PecesContinentales2019.16196","subpesca-1","hatcheria macraei",2011,NA,NA,-47.313415,-72.866522,"CEA (NA) Monitoreo L","16196",NA,0,NA,NA,NA,NA,NA,NA,NA,NA,NA,NA,NA,NA,NA,NA,NA
4541,"SUBPESCA.PecesContinentales2019.21779","subpesca-1","percichthys trucha",2012,NA,NA,-47.313415,-72.866522,"CEA (NA) Monitoreo L","21779",NA,0,NA,NA,NA,NA,NA,NA,NA,NA,NA,NA,NA,NA,NA,NA,NA
4543,"SUBPESCA.PecesContinentales2019.15559","subpesca-1","percichthys trucha",2009,NA,NA,-47.313577,-72.866502,"CEA (NA) Linea Base ","15559",NA,0,NA,NA,NA,NA,NA,NA,NA,NA,NA,NA,NA,NA,NA,NA,NA
4755,"CIMAR1_91_sp16","gbif","atheriniformes",1995,"1995-10-27",NA,-44.42,-72.845,NA,NA,"shoa",NA,"Remove. Added to GBIF in June 1995. Could be removed because they are oceanographic stations.","remove",NA,NA,NA,NA,NA,NA,NA,NA,NA,NA,NA,NA,NA
4759,"CIMAR1_81_sp16","gbif","atheriniformes",1995,"1995-11-04",NA,-45.4,-72.8433,NA,NA,"shoa",NA,"Remove. Added to GBIF in June 1995. Could be removed because they are oceanographic stations.","remove",NA,NA,NA,NA,NA,NA,NA,NA,NA,NA,NA,NA,NA
4807,"SUBPESCA.PecesContinentales2019.14864","subpesca-1","galaxias platei",2008,NA,NA,-47.014883,-72.832013,"CEA (NA) Linea Base ","14864",NA,0,NA,NA,NA,NA,NA,NA,NA,NA,NA,NA,NA,NA,NA,NA,NA
4808,"SUBPESCA.PecesContinentales2019.15502","subpesca-1","hatcheria macraei",2009,NA,NA,-47.014883,-72.832013,"CEA (NA) Linea Base ","15502",NA,0,NA,NA,NA,NA,NA,NA,NA,NA,NA,NA,NA,NA,NA,NA,NA
4815,"SUBPESCA.PecesContinentales2019.14982","subpesca-1","percichthys trucha",2008,NA,NA,-47.014883,-72.832013,"CEA (NA) Linea Base ","14982",NA,0,NA,NA,NA,NA,NA,NA,NA,NA,NA,NA,NA,NA,NA,NA,NA
4826,"CIMAR1_82_sp16","gbif","atheriniformes",1995,"1995-11-04",NA,-45.4683,-72.8317,NA,NA,"shoa",NA,"Remove. Added to GBIF in June 1995. Could be removed because they are oceanographic stations.","remove",NA,NA,NA,NA,NA,NA,NA,NA,NA,NA,NA,NA,NA
4827,"SUBPESCA.PecesContinentales2019.21644","subpesca-1","galaxias platei",2012,NA,NA,-47.015332,-72.831481,"CEA (NA) Monitoreo L","21644",NA,0,NA,NA,NA,NA,NA,NA,NA,NA,NA,NA,NA,NA,NA,NA,NA
4843,"SUBPESCA.PecesContinentales2019.16247","subpesca-1","percichthys trucha",2011,NA,NA,-46.95426,-72.83035,"CEA (NA) Monitoreo L","16247",NA,0,NA,NA,NA,NA,NA,NA,NA,NA,NA,NA,NA,NA,NA,NA,NA
4844,"SUBPESCA.PecesContinentales2019.21640","subpesca-1","percichthys trucha",2012,NA,NA,-46.95426,-72.83035,"CEA (NA) Monitoreo L","21640",NA,0,NA,NA,NA,NA,NA,NA,NA,NA,NA,NA,NA,NA,NA,NA,NA
4849,"http://n2t.net/ark:/65665/30950ccce-913b-4251-b197-cc3aec440e48","vert","eleginops maclovinus",1945,NA,"chile, puerto auchemo",-43.025,-72.83,"National Museum of N","176388","usnm",0,NA,NA,NA,NA,NA,NA,NA,NA,NA,NA,NA,NA,NA,NA,NA
4884,"MAguilar.Lit.Review.990","agui","oncorhynchus tshawytscha",NA,NA,"río baker (chile)",-47.0233000002,-72.8297000001,"Narum, SR, Gallardo,","990",NA,0,"Remove. Wrong coordinates, plus it is already indexed in the CC database.","remove",NA,NA,NA,NA,NA,NA,NA,NA,NA,NA,NA,NA,NA
4902,"CIMAR1_2_sp16","gbif","atheriniformes",1995,"1995-10-18",NA,-41.635,-72.8283,NA,NA,"shoa",NA,"Remove. Added to GBIF in June 1995. Could be removed because they are oceanographic stations.","remove",NA,NA,NA,NA,NA,NA,NA,NA,NA,NA,NA,NA,NA
4909,"MAguilar.Lit.Review.1025","agui","aplochiton zebra",2007,NA,"lago porteño",-51.3144859997,-72.8250620002,"Ortiz-Sandoval, J., ","1025",NA,0,NA,NA,NA,NA,NA,NA,NA,NA,NA,NA,NA,NA,NA,NA,NA
4910,"MAguilar.Lit.Review.1024","agui","galaxias maculatus",2007,NA,"lago porteño",-51.3144859997,-72.8250620002,"Ortiz-Sandoval, J., ","1024",NA,0,NA,NA,NA,NA,NA,NA,NA,NA,NA,NA,NA,NA,NA,NA,NA
4911,"MAguilar.Lit.Review.1023","agui","galaxias platei",2007,NA,"lago porteño",-51.3144859997,-72.8250620002,"Ortiz-Sandoval, J., ","1023",NA,0,NA,NA,NA,NA,NA,NA,NA,NA,NA,NA,NA,NA,NA,NA,NA
4912,"MAguilar.Lit.Review.1026","agui","geotria australis",2007,NA,"lago porteño",-51.3144859997,-72.8250620002,"Ortiz-Sandoval, J., ","1026",NA,0,"change canonicalName to Aplochiton taeniatus",NA,NA,NA,NA,NA,NA,NA,NA,NA,"Aplochiton taeniatus",NA,NA,NA,NA
4913,"MAguilar.Lit.Review.784","agui","salmo trutta",2006,NA,"lago porteño",-51.3144859997,-72.8250620002,"Habit, E., Gonzalez,","784",NA,1,"associatedReference: (Cussac et al., 2020) | (Ortiz-Sandoval et al., 2017)",NA,NA,"Cussac et al., 2020) | (Ortiz-Sandoval et al., 2017",NA,NA,NA,NA,NA,NA,NA,NA,NA,NA,NA
4915,"MAguilar.Lit.Review.565","agui","salmo trutta",NA,NA,"lago porteño",-51.3144859997,-72.8250620002,"Cussac, V.E.; Barran","565",NA,0,NA,NA,NA,NA,NA,NA,NA,NA,NA,NA,NA,NA,NA,NA,NA
5041,"MAguilar.Lit.Review.1361","agui","eleginops maclovinus",NA,NA,"ensenada baja",-45.4499999999,-72.816666667,"Zama A. y Cárdenas E","1361",NA,0,NA,NA,NA,NA,NA,NA,NA,NA,NA,NA,NA,NA,NA,NA,NA
5042,"MAguilar.Lit.Review.1368","agui","galaxias maculatus",NA,NA,"ensenada baja",-45.4499999999,-72.816666667,"Zama A. y Cárdenas E","1368",NA,0,NA,NA,NA,NA,NA,NA,NA,NA,NA,NA,NA,NA,NA,NA,NA
5043,"MAguilar.Lit.Review.1376","agui","geotria australis",NA,NA,"ensenada baja",-45.4499999999,-72.816666667,"Zama A. y Cárdenas E","1376",NA,1,"associatedReferences: (Rademacher 2007)",NA,NA,"Rademacher 2007",NA,NA,NA,NA,NA,NA,NA,NA,NA,NA,NA
5045,"MAguilar.Lit.Review.1339","agui","salmo trutta",1979,"1979-11-25","ensenada baja",-45.4499999999,-72.816666667,"Zama A. y Cárdenas E","1339",NA,0,NA,NA,NA,NA,NA,NA,NA,NA,NA,NA,NA,NA,NA,NA,NA
5146,"SUBPESCA.PecesContinentales2019.4804","subpesca-1","hatcheria macraei",2009,NA,NA,-46.946219,-72.803723,"CEA (NA) Proyecto Hi","4804",NA,0,NA,NA,NA,NA,NA,NA,NA,NA,NA,NA,NA,NA,NA,NA,NA
5156,"SUBPESCA.PecesContinentales2019.14867","subpesca-1","galaxias platei",2008,NA,NA,-47.468612,-72.80301,"CEA (NA) Linea Base ","14867",NA,0,NA,NA,NA,NA,NA,NA,NA,NA,NA,NA,NA,NA,NA,NA,NA
5161,"SUBPESCA.PecesContinentales2019.14875","subpesca-1","hatcheria macraei",2008,NA,NA,-47.468612,-72.80301,"CEA (NA) Linea Base ","14875",NA,0,NA,NA,NA,NA,NA,NA,NA,NA,NA,NA,NA,NA,NA,NA,NA
5164,"SUBPESCA.PecesContinentales2019.14873","subpesca-1","hatcheria macraei",2008,NA,NA,-46.844486,-72.803008,"CEA (NA) Linea Base ","14873",NA,0,NA,NA,NA,NA,NA,NA,NA,NA,NA,NA,NA,NA,NA,NA,NA
5166,"SUBPESCA.PecesContinentales2019.4784","subpesca-1","hatcheria macraei",2009,NA,NA,-46.844486,-72.803008,"CEA (NA) Proyecto Hi","4784",NA,0,NA,NA,NA,NA,NA,NA,NA,NA,NA,NA,NA,NA,NA,NA,NA
5168,"SUBPESCA.PecesContinentales2019.15889","subpesca-1","hatcheria macraei",2010,NA,NA,-46.844486,-72.803008,"CEA (NA) Linea Base ","15889",NA,0,NA,NA,NA,NA,NA,NA,NA,NA,NA,NA,NA,NA,NA,NA,NA
5195,"MMA:ICT:0002755","mma2","hatcheria macraei",NA,NA,"lago largo. rio baker entre rio de la colonia y rio de los ñadis",-47.469,-72.803,"FuenteReg: Unmack et",NA,NA,0,NA,NA,NA,NA,NA,NA,NA,NA,NA,NA,NA,NA,NA,NA,NA
5214,"SUBPESCA.PecesContinentales2019.16188","subpesca-1","galaxias platei",2011,NA,NA,-46.844778,-72.802747,"CEA (NA) Monitoreo L","16188",NA,0,NA,NA,NA,NA,NA,NA,NA,NA,NA,NA,NA,NA,NA,NA,NA
5239,"MAguilar.Lit.Review.1065","agui","eleginops maclovinus",NA,NA,"ensenada baja",-45.4499999999,-72.8000000001,"Rademacher K. 2007. ","1065",NA,0,NA,NA,NA,NA,NA,NA,NA,NA,NA,NA,NA,NA,NA,NA,NA
5241,"MAguilar.Lit.Review.1084","agui","galaxias maculatus",NA,NA,"ensenada baja",-45.4499999999,-72.8000000001,"Rademacher K. 2007. ","1084",NA,0,NA,NA,NA,NA,NA,NA,NA,NA,NA,NA,NA,NA,NA,NA,NA
5243,"MAguilar.Lit.Review.1089","agui","geotria australis",NA,NA,"ensenada baja",-45.4499999999,-72.8000000001,"Rademacher K. 2007. ","1089",NA,0,NA,NA,NA,NA,NA,NA,NA,NA,NA,NA,NA,NA,NA,NA,NA
5244,"MAguilar.Lit.Review.1066","agui","eleginops maclovinus",NA,NA,"río aysén",-45.4166666669,-72.8000000001,"Rademacher K. 2007. ","1066",NA,0,NA,NA,NA,NA,NA,NA,NA,NA,NA,NA,NA,NA,NA,NA,NA
5245,"MAguilar.Lit.Review.1078","agui","galaxias maculatus",NA,NA,"río aysén",-45.4166666669,-72.8000000001,"Rademacher K. 2007. ","1078",NA,0,NA,NA,NA,NA,NA,NA,NA,NA,NA,NA,NA,NA,NA,NA,NA
5246,"MMA:ICT:0001909","mma2","galaxias maculatus",2009,"2009-07-27","lago porteno. en orilla. lago del toro",-51.36,-72.8,"OrigenReg: Base Dato",NA,NA,NA,"associatedReferences: (Ortiz-Sandoval et al. 2017)",NA,NA,"Ortiz-Sandoval et al. 2017",NA,NA,NA,NA,NA,NA,NA,NA,NA,NA,NA
5251,"MMA:ICT:0002649","mma2","geotria australis",NA,NA,"río santa barbara. costeras entre rio rayas y rio chaiten",-42.867,-72.8,"FuenteReg: Campos et",NA,NA,0,NA,NA,NA,NA,NA,NA,NA,NA,NA,NA,NA,NA,NA,NA,NA
5255,"MMA:ICT:0000015","mma2","aplochiton taeniatus",2009,"2009-02-05","lago porteno. en orilla. lago del toro",-51.36,-72.799,"OrigenReg: Base Dato",NA,NA,NA,"associatedReference: (Elgueta et al. 2013) | (Ortiz-Sandoval et al. 2017)",NA,NA,"Elgueta et al. 2013) | (Ortiz-Sandoval et al. 2017",NA,NA,NA,NA,NA,NA,NA,NA,NA,NA,NA
5257,"MMA:ICT:0000089","mma2","aplochiton zebra",2009,"2009-02-05","lago porteno. en orilla. lago del toro",-51.36,-72.799,"OrigenReg: Base Dato",NA,NA,NA,"associatedReference: (Elgueta et al. 2013) | (Ortiz-Sandoval et al. 2017)",NA,NA,"Elgueta et al. 2013) | (Ortiz-Sandoval et al. 2017",NA,NA,NA,NA,NA,NA,NA,NA,NA,NA,NA
5259,"MMA:ICT:0000091","mma2","aplochiton zebra",2009,"2009-02-06","lago porteno. lago del toro",-51.36,-72.799,"OrigenReg: Base Dato",NA,NA,NA,"associatedReference: (Elgueta et al. 2013)",NA,NA,"Elgueta et al. 2013",NA,NA,NA,NA,NA,NA,NA,NA,NA,NA,NA
5260,"MMA:ICT:0002276","mma2","galaxias platei",2009,"2009-12-06","lago porteno. lago del toro",-51.36,-72.799,"OrigenReg: Base Dato",NA,NA,NA,"associatedReference: (Vera-Escalona et al. 2015) | (Ortiz-Sandoval et al. 2017)",NA,NA,"Vera-Escalona et al. 2015) | (Ortiz-Sandoval et al. 2017",NA,NA,NA,NA,NA,NA,NA,NA,NA,NA,NA
5283,"MAguilar.Lit.Review.605","agui","aplochiton taeniatus",2009,NA,"lago porteño",-51.363055556,-72.7969444437,"Elgueta, A., Gonzále","605",NA,0,NA,NA,NA,NA,NA,NA,NA,NA,NA,NA,NA,NA,NA,NA,NA
5284,"MAguilar.Lit.Review.607","agui","aplochiton zebra",2009,NA,"lago porteño",-51.363055556,-72.7969444437,"Elgueta, A., Gonzále","607",NA,0,NA,NA,NA,NA,NA,NA,NA,NA,NA,NA,NA,NA,NA,NA,NA
5298,"SUBPESCA.PecesContinentales2019.15494","subpesca-1","galaxias platei",2009,NA,NA,-47.452742,-72.79522,"CEA (NA) Linea Base ","15494",NA,0,NA,NA,NA,NA,NA,NA,NA,NA,NA,NA,NA,NA,NA,NA,NA
5300,"SUBPESCA.PecesContinentales2019.15505","subpesca-1","hatcheria macraei",2009,NA,NA,-47.452742,-72.79522,"CEA (NA) Linea Base ","15505",NA,0,NA,NA,NA,NA,NA,NA,NA,NA,NA,NA,NA,NA,NA,NA,NA
5323,"SUBPESCA.PecesContinentales2019.23185","subpesca-1","trichomycterus areolatus",NA,NA,NA,-51.363056,-72.794444,"LOPEZ M, VARGAS A, L","23185",NA,NA,"Remove: Study from the rio Polcura","remove",NA,NA,NA,NA,NA,NA,NA,NA,NA,NA,NA,NA,NA
5434,"SUBPESCA.PecesContinentales2019.4437","subpesca-1","hatcheria macraei",2007,NA,NA,-47.07099,-72.790473,"CEA (NA) Proyecto Hi","4437",NA,0,NA,NA,NA,NA,NA,NA,NA,NA,NA,NA,NA,NA,NA,NA,NA
5501,"MAguilar.Lit.Review.386","agui","galaxias globiceps",NA,NA,"alerce",-41.383333333,-72.7833333332,"Cussac, V., Ortubay,","386",NA,1,"from Eigenmann 1927, Eigenmann was not digitized, so keep the record",NA,"Eigenmann, C. H. (1927). The fresh-water fishes of Chile. Memoirs of the National Academy of Science, 22, 1–80. ",NA,NA,NA,NA,NA,NA,NA,NA,NA,NA,NA,NA
5547,"CCorrea.Lit.Review.71","fishgis_metadatabase_ccorrea","geotria australis",1997,"1997","site 11: río ñanco",-41.43988,-72.77706,"Wood, Jonathan D. (1",NA,NA,NA,"check reference. From CCorrea Metadatabase",NA,NA,NA,NA,NA,NA,NA,NA,NA,"Geotria australis","Geotria australis Gray, 1851",NA,NA,NA
5552,"SUBPESCA.PecesContinentales2019.31795","subpesca-1","trichomycterus areolatus",2017,NA,NA,-50.881724,-72.776146,"Colihueque N, Corral","31795",NA,NA,"Remove: Study from the rio Bueno","remove",NA,NA,NA,NA,NA,NA,NA,NA,NA,NA,NA,NA,NA
5613,"SUBPESCA.PecesContinentales2019.14863","subpesca-1","galaxias platei",2008,NA,NA,-46.896265,-72.771196,"CEA (NA) Linea Base ","14863",NA,0,NA,NA,NA,NA,NA,NA,NA,NA,NA,NA,NA,NA,NA,NA,NA
5614,"SUBPESCA.PecesContinentales2019.14874","subpesca-1","hatcheria macraei",2008,NA,NA,-46.896265,-72.771196,"CEA (NA) Linea Base ","14874",NA,0,NA,NA,NA,NA,NA,NA,NA,NA,NA,NA,NA,NA,NA,NA,NA
5616,"SUBPESCA.PecesContinentales2019.15501","subpesca-1","hatcheria macraei",2009,NA,NA,-46.896265,-72.771196,"CEA (NA) Linea Base ","15501",NA,0,NA,NA,NA,NA,NA,NA,NA,NA,NA,NA,NA,NA,NA,NA,NA
5632,"http://n2t.net/ark:/65665/321061804-36be-4b57-905e-7475226b6fa1","vert","odontesthes",1945,NA,"chile: castro",-42.48,-72.77,"National Museum of N","176559","usnm",0,NA,NA,NA,NA,NA,NA,NA,NA,NA,NA,NA,NA,NA,NA,NA
5641,"MMA:ICT:0002277","mma2","galaxias platei",2009,"2009-12-06","lago sarmiento. bajo porteria",-51.037,-72.768,"OrigenReg: Base Dato",NA,NA,1,"associatedReference: (Ortiz-Sandoval et al. 2017)",NA,NA,"Ortiz-Sandoval et al. 2017",NA,NA,NA,NA,NA,NA,NA,NA,NA,NA,NA
5642,"SUBPESCA.PecesContinentales2019.21518","subpesca-1","galaxias maculatus",2012,NA,NA,-45.283009,-72.764445,"ND (NA) Proyecto Sis","21518",NA,0,NA,NA,NA,NA,NA,NA,NA,NA,NA,NA,NA,NA,NA,NA,NA
5660,"MAguilar.Lit.Review.269","agui","oncorhynchus mykiss",2007,NA,"lleguimán",-41.9801000001,-72.7619999996,"Consuegra, S., Phill","269",NA,0,NA,NA,NA,NA,NA,NA,NA,NA,NA,NA,NA,NA,NA,NA,NA
5669,"dc52080a-1ed3-11e3-bfac-90b11c41863e","vert","diplomystes camposensis",1976,"1976-11-19","purey river",-42.298122,-72.759293,"University of Kansas","19210","ku",NA,"Change coordinate to -39.818333, -72.863889, extracted from Arratia y Quezada 2017",NA,NA,"Arratia & Quezada-Romegialli, 2017",-39.818333,-72.863889,NA,NA,NA,NA,NA,NA,NA,NA,NA
5685,"SUBPESCA.PecesContinentales2019.15918","subpesca-1","percichthys trucha",2010,NA,NA,-47.276895,-72.755691,"CEA (NA) Linea Base ","15918",NA,0,NA,NA,NA,NA,NA,NA,NA,NA,NA,NA,NA,NA,NA,NA,NA
5720,"CIMAR1_12_sp16","gbif","atheriniformes",1995,"1995-10-20",NA,-42.47,-72.7483,NA,NA,"shoa",NA,"Remove. Added to GBIF in June 1995. Could be removed because they are oceanographic stations.","remove",NA,NA,NA,NA,NA,NA,NA,NA,NA,NA,NA,NA,NA
5722,"MAguilar.Lit.Review.1277","agui","galaxias platei",2009,NA,"lago azul",-50.8713888891,-72.7472222219,"Vera-Escalona, I., H","1277",NA,0,NA,NA,NA,NA,NA,NA,NA,NA,NA,NA,NA,NA,NA,NA,NA
5723,"MMA:ICT:0002328","mma2","galaxias platei",2011,"2011-08-14","laguna azul. rio paine en desembocadura lago nordenskjold",-50.872,-72.747,"OrigenReg: Base Dato",NA,NA,NA,"associatedReference: (Vera-Escalona et al., 2015) | (González, 2012)",NA,NA,"Vera-Escalona et al., 2015) | (González, 2012",NA,NA,NA,NA,NA,NA,NA,NA,NA,NA,NA
5729,"SUBPESCA.PecesContinentales2019.21568","subpesca-1","galaxias platei",2012,NA,NA,-47.204216,-72.74541,"CEA (NA) Monitoreo L","21568",NA,0,NA,NA,NA,NA,NA,NA,NA,NA,NA,NA,NA,NA,NA,NA,NA
5735,"CIMAR1_87_sp16","gbif","atheriniformes",1995,"1995-10-27",NA,-44.655,-72.7433,NA,NA,"shoa",NA,"Remove. Added to GBIF in June 1995. Could be removed because they are oceanographic stations.","remove",NA,NA,NA,NA,NA,NA,NA,NA,NA,NA,NA,NA,NA
5737,"SUBPESCA.PecesContinentales2019.23187","subpesca-1","oncorhynchus mykiss",NA,NA,NA,-50.876667,-72.742778,"LOPEZ M, VARGAS A, L","23187",NA,NA,"Remove. change coordinates (rio Polcura), but located out of range.","remove",NA,NA,NA,NA,NA,NA,NA,NA,NA,NA,NA,NA,NA
5738,"SUBPESCA.PecesContinentales2019.23188","subpesca-1","trichomycterus areolatus",NA,NA,NA,-50.876667,-72.742778,"LOPEZ M, VARGAS A, L","23188",NA,NA,"Remove: Study from the rio Polcura","remove",NA,NA,NA,NA,NA,NA,NA,NA,NA,NA,NA,NA,NA
5739,"MAguilar.Lit.Review.604","agui","aplochiton taeniatus",2009,NA,"lago azul",-50.8766666666,-72.7427777778,"Elgueta, A., Gonzále","604",NA,0,NA,NA,NA,NA,NA,NA,NA,NA,NA,NA,NA,NA,NA,NA,NA
5740,"MAguilar.Lit.Review.697","agui","aplochiton taeniatus",NA,NA,"lago azul",-50.8766666666,-72.7427777778,"González J. 2012. Di","697",NA,0,NA,NA,NA,NA,NA,NA,NA,NA,NA,NA,NA,NA,NA,NA,NA
5741,"MAguilar.Lit.Review.606","agui","aplochiton zebra",2009,NA,"lago azul",-50.8766666666,-72.7427777778,"Elgueta, A., Gonzále","606",NA,0,NA,NA,NA,NA,NA,NA,NA,NA,NA,NA,NA,NA,NA,NA,NA
5742,"MAguilar.Lit.Review.699","agui","aplochiton zebra",NA,NA,"lago azul",-50.8766666666,-72.7427777778,"González J. 2012. Di","699",NA,0,NA,NA,NA,NA,NA,NA,NA,NA,NA,NA,NA,NA,NA,NA,NA
5743,"MAguilar.Lit.Review.702","agui","galaxias platei",NA,NA,"lago azul",-50.8766666666,-72.7427777778,"González J. 2012. Di","702",NA,0,NA,NA,NA,NA,NA,NA,NA,NA,NA,NA,NA,NA,NA,NA,NA
5744,"MAguilar.Lit.Review.608","agui","salmo trutta",2009,NA,"lago azul, cuenca río serrano",-50.8766666666,-72.7427777778,"Elgueta, A., Gonzále","608",NA,NA,"Remove: In Elgueta et al. 2013, there are no S. trutta en Lago Azul","remove",NA,NA,NA,NA,NA,NA,NA,NA,NA,NA,NA,NA,NA
5749,"MMA:ICT:0000019","mma2","aplochiton taeniatus",2009,"2009-02-11","laguna azul. rio paine en desembocadura lago nordenskjold",-50.878,-72.742,"OrigenReg: Base Dato",NA,NA,NA,"associatedReference: (Elgueta et al. 2013) | (González, 2012)",NA,NA,"Elgueta et al. 2013) | (González, 2012",NA,NA,NA,NA,NA,NA,NA,NA,NA,NA,NA
5755,"CIMAR1_8_sp16","gbif","atheriniformes",1995,"1995-10-19",NA,-42.1317,-72.7417,NA,NA,"shoa",NA,"Remove. Added to GBIF in June 1995. Could be removed because they are oceanographic stations.","remove",NA,NA,NA,NA,NA,NA,NA,NA,NA,NA,NA,NA,NA
5757,"MMA:ICT:0002283","mma2","galaxias platei",2009,"2009-12-06","laguna azul. rio paine en desembocadura lago nordenskjold",-50.879,-72.741,"OrigenReg: Base Dato",NA,NA,NA,"associatedReference: (Vera-Escalona et al. 2015) | (González, 2012)",NA,NA,"Vera-Escalona et al. 2015) | (González, 2012",NA,NA,NA,NA,NA,NA,NA,NA,NA,NA,NA
5917,"MMA:ICT:0002282","mma2","galaxias platei",2009,"2009-12-06","laguna azul. rio paine en desembocadura lago nordenskjold",-50.879,-72.737,"OrigenReg: Base Dato",NA,NA,NA,"associatedReference: (Vera-Escalona et al. 2015) | (González, 2012)",NA,NA,"Vera-Escalona et al. 2015) | (González, 2012",NA,NA,NA,NA,NA,NA,NA,NA,NA,NA,NA
5918,"CIMAR1_3_sp16","gbif","atheriniformes",1995,"1995-10-19",NA,-41.68,-72.7367,NA,NA,"shoa",NA,"Remove. Added to GBIF in June 1995. Could be removed because they are oceanographic stations.","remove",NA,NA,NA,NA,NA,NA,NA,NA,NA,NA,NA,NA,NA
5922,"MMA:ICT:0000018","mma2","aplochiton taeniatus",2009,"2009-01-27","laguna azul. rio paine en desembocadura lago nordenskjold",-50.878,-72.736,"OrigenReg: Base Dato",NA,NA,NA,"associatedReference: (Elgueta et al. 2013) | (González, 2012)",NA,NA,"Elgueta et al. 2013) | (González, 2012",NA,NA,NA,NA,NA,NA,NA,NA,NA,NA,NA
5923,"MMA:ICT:0000092","mma2","aplochiton zebra",2009,"2009-01-27","laguna azul. rio paine en desembocadura lago nordenskjold",-50.878,-72.736,"OrigenReg: Base Dato",NA,NA,NA,"associatedReference: (Elgueta et al. 2013) | (González, 2012)",NA,NA,"Elgueta et al. 2013) | (González, 2012",NA,NA,NA,NA,NA,NA,NA,NA,NA,NA,NA
6023,"MAguilar.Lit.Review.474","agui","galaxias platei",NA,NA,"lago azul",-51.0333333326,-72.7333333333,"Cussac, V., Ortubay,","474",NA,NA,"Change coordinates to -50.880367, -72.773318; also add another record for Lago Sarmiento from McDowall 1971",NA,NA,NA,-50.880367,-72.773318,NA,NA,NA,NA,NA,NA,NA,NA,NA
6025,"MAguilar.Lit.Review.1375","agui","geotria australis",NA,NA,"puerto piedra (río aysén)",-45.4,-72.7333333333,"Zama A. y Cárdenas E","1375",NA,0,NA,NA,NA,NA,NA,NA,NA,NA,NA,NA,NA,NA,NA,NA,NA
6241,"MAguilar.Lit.Review.799","agui","oncorhynchus masou",2006,NA,"l.gral carrera",-46.4709722222,-72.7224166671,"Habit, E., Gonzalez,","799",NA,1,"associated reference: (Cussac et al., 2020)",NA,NA,"Cussac et al., 2020",NA,NA,NA,NA,NA,NA,NA,NA,NA,NA,NA
6242,"MAguilar.Lit.Review.568","agui","oncorhynchus masou",NA,NA,"l.gral carrera",-46.4709722222,-72.7224166671,"Cussac, V.E.; Barran","568",NA,0,NA,NA,NA,NA,NA,NA,NA,NA,NA,NA,NA,NA,NA,NA,NA
6243,"MAguilar.Lit.Review.800","agui","salmo salar",2006,NA,"l.gral carrera",-46.4709722222,-72.7224166671,"Habit, E., Gonzalez,","800",NA,1,"associatedreference: (Cussac et al., 2020)",NA,NA,"Cussac et al., 2020",NA,NA,NA,NA,NA,NA,NA,NA,NA,NA,NA
6244,"MAguilar.Lit.Review.569","agui","salmo salar",NA,NA,"l.gral carrera",-46.4709722222,-72.7224166671,"Cussac, V.E.; Barran","569",NA,0,NA,NA,NA,NA,NA,NA,NA,NA,NA,NA,NA,NA,NA,NA,NA
6245,"MAguilar.Lit.Review.798","agui","salmo trutta",2006,NA,"l.gral carrera",-46.4709722222,-72.7224166671,"Habit, E., Gonzalez,","798",NA,1,"associatedReference: (Cussac et al., 2020)",NA,NA,"Cussac et al., 2020",NA,NA,NA,NA,NA,NA,NA,NA,NA,NA,NA
6246,"MAguilar.Lit.Review.567","agui","salmo trutta",NA,NA,"l.gral carrera",-46.4709722222,-72.7224166671,"Cussac, V.E.; Barran","567",NA,0,NA,NA,NA,NA,NA,NA,NA,NA,NA,NA,NA,NA,NA,NA,NA
6293,"MAguilar.Lit.Review.1373","agui","galaxias platei",NA,NA,"lago riesco",-45.4666666668,-72.7166666672,"Zama A. y Cárdenas E","1373",NA,0,NA,NA,NA,NA,NA,NA,NA,NA,NA,NA,NA,NA,NA,NA,NA
6295,"MAguilar.Lit.Review.1090","agui","geotria australis",NA,NA,"puerto piedra",-42.3999999997,-72.7166666672,"Rademacher K. 2007. ","1090",NA,0,"change coordinates to -45.400000, -72.725000",NA,NA,NA,-45.4,-72.725,NA,NA,NA,NA,NA,NA,NA,NA,NA
6296,"MAguilar.Lit.Review.794","agui","oncorhynchus mykiss",2006,NA,"lago los palos",-44.9446111112,-72.716638889,"Habit, E., Gonzalez,","794",NA,NA,"change coordinates to : -45.323117, -72.694578

",NA,NA,NA,-45.323117,-72.694578,NA,NA,NA,NA,NA,NA,NA,NA,NA
6297,"MAguilar.Lit.Review.793","agui","salmo trutta",2006,NA,"lago los palos",-44.9446111112,-72.716638889,"Habit, E., Gonzalez,","793",NA,NA,"change coordinates to : -45.323117, -72.694578

",NA,NA,NA,-45.323117,-72.694578,NA,NA,NA,NA,NA,NA,NA,NA,NA
6324,"SUBPESCA.PecesContinentales2019.14866","subpesca-1","galaxias platei",2008,NA,NA,-47.350022,-72.713941,"CEA (NA) Linea Base ","14866",NA,0,NA,NA,NA,NA,NA,NA,NA,NA,NA,NA,NA,NA,NA,NA,NA
6327,"SUBPESCA.PecesContinentales2019.15947","subpesca-1","odontesthes hatcheri",2010,NA,NA,-47.350022,-72.713941,"CEA (NA) Linea Base ","15947",NA,0,NA,NA,NA,NA,NA,NA,NA,NA,NA,NA,NA,NA,NA,NA,NA
6335,"SUBPESCA.PecesContinentales2019.15968","subpesca-1","percichthys trucha",2010,NA,NA,-47.350022,-72.713941,"CEA (NA) Linea Base ","15968",NA,0,NA,NA,NA,NA,NA,NA,NA,NA,NA,NA,NA,NA,NA,NA,NA
6341,"SUBPESCA.PecesContinentales2019.14862","subpesca-1","galaxias platei",2008,NA,NA,-46.441502,-72.713738,"CEA (NA) Linea Base ","14862",NA,0,NA,NA,NA,NA,NA,NA,NA,NA,NA,NA,NA,NA,NA,NA,NA
6343,"SUBPESCA.PecesContinentales2019.4766","subpesca-1","galaxias platei",2009,NA,NA,-46.441502,-72.713738,"CEA (NA) Proyecto Hi","4766",NA,0,NA,NA,NA,NA,NA,NA,NA,NA,NA,NA,NA,NA,NA,NA,NA
6365,"SUBPESCA.PecesContinentales2019.16200","subpesca-1","odontesthes hatcheri",2011,NA,NA,-47.349943,-72.713136,"CEA (NA) Monitoreo L","16200",NA,0,NA,NA,NA,NA,NA,NA,NA,NA,NA,NA,NA,NA,NA,NA,NA
6366,"SUBPESCA.PecesContinentales2019.21539","subpesca-1","odontesthes hatcheri",2012,NA,NA,-47.349943,-72.713136,"CEA (NA) Monitoreo L","21539",NA,0,NA,NA,NA,NA,NA,NA,NA,NA,NA,NA,NA,NA,NA,NA,NA
6369,"SUBPESCA.PecesContinentales2019.16248","subpesca-1","percichthys trucha",2011,NA,NA,-47.349943,-72.713136,"CEA (NA) Monitoreo L","16248",NA,0,NA,NA,NA,NA,NA,NA,NA,NA,NA,NA,NA,NA,NA,NA,NA
6370,"SUBPESCA.PecesContinentales2019.21541","subpesca-1","percichthys trucha",2012,NA,NA,-47.349943,-72.713136,"CEA (NA) Monitoreo L","21541",NA,0,NA,NA,NA,NA,NA,NA,NA,NA,NA,NA,NA,NA,NA,NA,NA
6436,"MAguilar.Lit.Review.306","agui","galaxias platei",2007,NA,"laguna alta",-45.5347000001,-72.7086000003,"CORREA, C., BRAVO, A","306",NA,0,NA,NA,NA,NA,NA,NA,NA,NA,NA,NA,NA,NA,NA,NA,NA
6445,"SUBPESCA.PecesContinentales2019.21530","subpesca-1","galaxias platei",2012,NA,NA,-47.133062,-72.708332,"CEA (NA) Monitoreo L","21530",NA,0,NA,NA,NA,NA,NA,NA,NA,NA,NA,NA,NA,NA,NA,NA,NA
6475,"MAguilar.Lit.Review.713","agui","galaxias maculatus",2013,NA,"río cisnes",-44.7530555559,-72.7063888893,"Górski K, Habit EM a","713",NA,0,NA,NA,NA,NA,NA,NA,NA,NA,NA,NA,NA,NA,NA,NA,NA
6588,"SUBPESCA.PecesContinentales2019.4781","subpesca-1","eleginops maclovinus",2009,NA,NA,-46.842361,-72.703534,"CEA (NA) Proyecto Hi","4781",NA,NA,"Remove. There are no Eleginops maclovinus in General Carrera Lake.","remove",NA,NA,NA,NA,NA,NA,NA,NA,NA,NA,NA,NA,NA
6647,"Correa.Boisjoly.collection.000355","fish database correa-boisjoly","animalia",2007,"2007-02-21","lago palos",-45.320933,-72.702733,"Correa, Cristián, Ma",NA,NA,NA,"Change canonicalName to Galaxias",NA,NA,NA,NA,NA,NA,NA,NA,NA,"Galaxias",NA,NA,NA,NA
6656,"ANGBF22346-19","gbif","aplochiton taeniatus",2007,"2007-01-01",NA,-45.3209,-72.7027,NA,NA,"mined from genbank, ncbi",0,"Came from Alo et al. 2013",NA,NA,NA,NA,NA,NA,NA,NA,NA,NA,NA,NA,NA,NA
6657,"MAguilar.Lit.Review.280","agui","aplochiton zebra",2007,NA,"lago los palos",-45.3208999999,-72.7026999998,"Correa, C. and Hendr","280",NA,0,NA,NA,NA,NA,NA,NA,NA,NA,NA,NA,NA,NA,NA,NA,NA
6658,"MAguilar.Lit.Review.281","agui","galaxias maculatus",2007,NA,"lago los palos",-45.3208999999,-72.7026999998,"Correa, C. and Hendr","281",NA,0,NA,NA,NA,NA,NA,NA,NA,NA,NA,NA,NA,NA,NA,NA,NA
6659,"MAguilar.Lit.Review.318","agui","galaxias platei",2007,NA,"lago los palos",-45.3208999999,-72.7026999998,"CORREA, C., BRAVO, A","318",NA,0,NA,NA,NA,NA,NA,NA,NA,NA,NA,NA,NA,NA,NA,NA,NA
6660,"MAguilar.Lit.Review.338","agui","salmo trutta",2007,NA,"lago los palos",-45.3208999999,-72.7026999998,"CORREA, C., BRAVO, A","338",NA,0,NA,NA,NA,NA,NA,NA,NA,NA,NA,NA,NA,NA,NA,NA,NA
6668,"MMA:ICT:0001976","mma2","galaxias maculatus",2013,"2013-09-26","rio cisnes. llanura aerodromo. rio cisnes entre rio grande esperanza y desembocadura",-44.756,-72.702,"OrigenReg: Base Dato",NA,NA,1,"associated References: (Górski et al. 2015)",NA,NA,"Górski et al. 2015",NA,NA,NA,NA,NA,NA,NA,NA,NA,NA,NA
6693,"SUBPESCA.PecesContinentales2019.16170","subpesca-1","aplochiton zebra",2011,NA,NA,-47.280682,-72.701194,"CEA (NA) Monitoreo L","16170",NA,0,NA,NA,NA,NA,NA,NA,NA,NA,NA,NA,NA,NA,NA,NA,NA
6694,"SUBPESCA.PecesContinentales2019.16186","subpesca-1","galaxias platei",2011,NA,NA,-47.280682,-72.701194,"CEA (NA) Monitoreo L","16186",NA,0,NA,NA,NA,NA,NA,NA,NA,NA,NA,NA,NA,NA,NA,NA,NA
6695,"SUBPESCA.PecesContinentales2019.16198","subpesca-1","odontesthes hatcheri",2011,NA,NA,-47.280682,-72.701194,"CEA (NA) Monitoreo L","16198",NA,0,NA,NA,NA,NA,NA,NA,NA,NA,NA,NA,NA,NA,NA,NA,NA
6698,"SUBPESCA.PecesContinentales2019.21526","subpesca-1","percichthys trucha",2012,NA,NA,-47.280682,-72.701194,"CEA (NA) Monitoreo L","21526",NA,0,NA,NA,NA,NA,NA,NA,NA,NA,NA,NA,NA,NA,NA,NA,NA
6708,"MMA:ICT:0001975","mma2","galaxias maculatus",2013,"2013-09-26","rio cisnes. estuario puerto cisnes. rio cisnes entre rio grande esperanza y desembocadura",-44.744,-72.701,"OrigenReg: Base Dato",NA,NA,1,"associated References: (Górski et al. 2015)",NA,NA,"Górski et al. 2015",NA,NA,NA,NA,NA,NA,NA,NA,NA,NA,NA
6709,"SUBPESCA.PecesContinentales2019.4893","subpesca-1","galaxias platei",2009,NA,NA,-47.280144,-72.700821,"CEA (NA) Proyecto Hi","4893",NA,0,NA,NA,NA,NA,NA,NA,NA,NA,NA,NA,NA,NA,NA,NA,NA
6713,"SUBPESCA.PecesContinentales2019.15917","subpesca-1","percichthys trucha",2010,NA,NA,-47.280144,-72.700821,"CEA (NA) Linea Base ","15917",NA,0,NA,NA,NA,NA,NA,NA,NA,NA,NA,NA,NA,NA,NA,NA,NA
6724,"MAguilar.Lit.Review.1058","agui","aplochiton zebra",NA,NA,"aysén",-45.4166666669,-72.7000000003,"Rademacher K. 2007. ","1058",NA,0,"From Zama and Cardenas.",NA,NA,NA,NA,NA,NA,NA,NA,NA,NA,NA,NA,NA,NA
6726,"MAguilar.Lit.Review.1377","agui","geotria australis",NA,NA,"puerto aysén",-45.4166666669,-72.7000000003,"Zama A. y Cárdenas E","1377",NA,1,"associatedReference: (Rademacher 2007)",NA,NA,"Rademacher 2007",NA,NA,NA,NA,NA,NA,NA,NA,NA,NA,NA
6727,"MAguilar.Lit.Review.1091","agui","geotria australis",NA,NA,"puerto aysén",-45.4,-72.7000000003,"Rademacher K. 2007. ","1091",NA,0,NA,NA,NA,NA,NA,NA,NA,NA,NA,NA,NA,NA,NA,NA,NA
6728,"MAguilar.Lit.Review.139","agui","aplochiton taeniatus",2007,NA,"aysén-palos",-45.3199999998,-72.7000000003,"Alò D, Correa C, Sam","139",NA,0,"Same reference as from Alo et al. 2013.",NA,NA,NA,NA,NA,NA,NA,NA,NA,NA,NA,NA,NA,NA
6729,"MAguilar.Lit.Review.144","agui","galaxias platei",2007,NA,"aysén-palos",-45.3199999998,-72.7000000003,"Alò D, Correa C, Sam","144",NA,0,NA,NA,NA,NA,NA,NA,NA,NA,NA,NA,NA,NA,NA,NA,NA
6730,"MAguilar.Lit.Review.145","agui","salmo trutta",2007,NA,"aysén-palos",-45.3199999998,-72.7000000003,"Alò D, Correa C, Sam","145",NA,0,NA,NA,NA,NA,NA,NA,NA,NA,NA,NA,NA,NA,NA,NA,NA
6734,"MAguilar.Lit.Review.297","agui","salmo trutta",2007,NA,"lago palos",-45.3186026458,-72.6997482612,"Correa, C. and Hendr","297",NA,0,NA,NA,NA,NA,NA,NA,NA,NA,NA,NA,NA,NA,NA,NA,NA
6764,"SUBPESCA.PecesContinentales2019.14939","subpesca-1","galaxias platei",2008,NA,NA,-47.131512,-72.694776,"CEA (NA) Linea Base ","14939",NA,0,NA,NA,NA,NA,NA,NA,NA,NA,NA,NA,NA,NA,NA,NA,NA
6765,"SUBPESCA.PecesContinentales2019.4847","subpesca-1","galaxias platei",2009,NA,NA,-47.131512,-72.694776,"CEA (NA) Proyecto Hi","4847",NA,0,NA,NA,NA,NA,NA,NA,NA,NA,NA,NA,NA,NA,NA,NA,NA
6782,"MMA:ICT:0002743","mma2","hatcheria macraei",NA,NA,"lago  general carrera. costeras entre rio avellano y rio murta",-46.468,-72.694,"OrigenReg: Publicaci",NA,NA,0,NA,NA,NA,NA,NA,NA,NA,NA,NA,NA,NA,NA,NA,NA,NA
6832,"MMA:ICT:0000214","mma2","aplochiton zebra",NA,NA,"laguna sofía. en pequeños arroyos que fluyen hacia la laguna sofía. costeras entre rio prat chico y puerto condor",-51.511,-72.686,"FuenteReg: McDowall ",NA,NA,0,NA,NA,NA,NA,NA,NA,NA,NA,NA,NA,NA,NA,NA,NA,NA
6961,"MAguilar.Lit.Review.1241","agui","aplochiton zebra",2009,"2009-04-14","lenca",-41.6049999998,-72.6820000003,"Vanhaecke D, Garcia ","1241",NA,0,NA,NA,NA,NA,NA,NA,NA,NA,NA,NA,NA,NA,NA,NA,NA
6970,"SUBPESCA.PecesContinentales2019.4627","subpesca-1","galaxias platei",2007,NA,NA,-47.314161,-72.681694,"CEA (NA) Proyecto Hi","4627",NA,0,NA,NA,NA,NA,NA,NA,NA,NA,NA,NA,NA,NA,NA,NA,NA
6999,"MAguilar.Lit.Review.1258","agui","aplochiton zebra",NA,NA,"lenca",-41.6100000002,-72.6799999998,"Vanhaecke, D., Garci","1258",NA,0,NA,NA,NA,NA,NA,NA,NA,NA,NA,NA,NA,NA,NA,NA,NA
7000,"MAguilar.Lit.Review.1264","agui","galaxias maculatus",NA,NA,"lenca",-41.6100000002,-72.6799999998,"Vanhaecke, D., Garci","1264",NA,0,NA,NA,NA,NA,NA,NA,NA,NA,NA,NA,NA,NA,NA,NA,NA
7001,"MAguilar.Lit.Review.1269","agui","oncorhynchus mykiss",NA,NA,"río lenca",-41.6100000002,-72.6799999998,"Vanhaecke, D., Garci","1269",NA,0,NA,NA,NA,NA,NA,NA,NA,NA,NA,NA,NA,NA,NA,NA,NA
7002,"MAguilar.Lit.Review.1271","agui","salmo trutta",NA,NA,"río lenca",-41.6100000002,-72.6799999998,"Vanhaecke, D., Garci","1271",NA,0,NA,NA,NA,NA,NA,NA,NA,NA,NA,NA,NA,NA,NA,NA,NA
7006,"MAguilar.Lit.Review.781","agui","oncorhynchus mykiss",2006,NA,"lago toro",-51.2378459998,-72.6795190001,"Habit, E., Gonzalez,","781",NA,1,"associated Reference: (Cussac et al., 2020)",NA,NA,"Cussac et al., 2020",NA,NA,NA,NA,NA,NA,NA,NA,NA,NA,NA
7008,"MAguilar.Lit.Review.561","agui","oncorhynchus mykiss",NA,NA,"lago toro",-51.2378459998,-72.6795190001,"Cussac, V.E.; Barran","561",NA,0,NA,NA,NA,NA,NA,NA,NA,NA,NA,NA,NA,NA,NA,NA,NA
7009,"MAguilar.Lit.Review.782","agui","oncorhynchus tshawytscha",2006,NA,"lago toro",-51.2378459998,-72.6795190001,"Habit, E., Gonzalez,","782",NA,1,"associatedReferences: (Cussac et al. 2020)",NA,NA,"Cussac et al. 2020",NA,NA,NA,NA,NA,NA,NA,NA,NA,NA,NA
7010,"MAguilar.Lit.Review.562","agui","oncorhynchus tshawytscha",NA,NA,"lago toro",-51.2378459998,-72.6795190001,"Cussac, V.E.; Barran","562",NA,0,NA,NA,NA,NA,NA,NA,NA,NA,NA,NA,NA,NA,NA,NA,NA
7011,"MAguilar.Lit.Review.780","agui","salmo trutta",2006,NA,"lago toro",-51.2378459998,-72.6795190001,"Habit, E., Gonzalez,","780",NA,1,"associatedReferences: (Ortiz-Sandoval et al. 2017) | (Cussac et al. 2020)",NA,NA,"Ortiz-Sandoval et al. 2017) | (Cussac et al. 2020",NA,NA,NA,NA,NA,NA,NA,NA,NA,NA,NA
7012,"MAguilar.Lit.Review.1015","agui","salmo trutta",2007,NA,"lago toro",-51.2378459998,-72.6795190001,"Ortiz-Sandoval, J., ","1015",NA,0,"associatedReferences: (Cussac et al. 2020)",NA,NA,"Cussac et al. 2020",NA,NA,NA,NA,NA,NA,NA,NA,NA,NA,NA
7013,"MAguilar.Lit.Review.563","agui","salmo trutta",NA,NA,"lago toro",-51.2378459998,-72.6795190001,"Cussac, V.E.; Barran","563",NA,0,"associatedReferences: (Ortiz-Sandoval et al. 2017) | (Cussac et al. 2020)",NA,NA,"Ortiz-Sandoval et al. 2017) | (Cussac et al. 2020",NA,NA,NA,NA,NA,NA,NA,NA,NA,NA,NA
7016,"SUBPESCA.PecesContinentales2019.7094","subpesca-1","mordacia lapicida",2009,NA,NA,-43.997104,-72.679487,"GESAM (NA) Sistema D","7094",NA,NA,"Only record in Aysén",NA,NA,NA,NA,NA,NA,NA,NA,NA,NA,NA,NA,NA,NA
7025,"SUBPESCA.PecesContinentales2019.15158","subpesca-1","galaxias maculatus",2008,NA,NA,-45.497945,-72.677913,"CEA (NA) Linea De Ba","15158",NA,0,NA,NA,NA,NA,NA,NA,NA,NA,NA,NA,NA,NA,NA,NA,NA
7082,"SUBPESCA.PecesContinentales2019.14650","subpesca-1","galaxias platei",2007,NA,NA,-45.533424,-72.673302,"CEA (NA) Linea De Ba","14650",NA,0,NA,NA,NA,NA,NA,NA,NA,NA,NA,NA,NA,NA,NA,NA,NA
7148,"SUBPESCA.PecesContinentales2019.14649","subpesca-1","galaxias platei",2007,NA,NA,-45.539743,-72.667111,"CEA (NA) Linea De Ba","14649",NA,0,NA,NA,NA,NA,NA,NA,NA,NA,NA,NA,NA,NA,NA,NA,NA
7187,"MAguilar.Lit.Review.270","agui","oncorhynchus mykiss",2007,NA,"río pangal",-41.4800000001,-72.6602999996,"Consuegra, S., Phill","270",NA,0,NA,NA,NA,NA,NA,NA,NA,NA,NA,NA,NA,NA,NA,NA,NA
7203,"SUBPESCA.PescaInvestigacion2012-2023.014","subpesca-2","aplochiton zebra",2014,"2014-03-01","chaicas",-41.610767,-72.653978,"Gaman Limno Studies ",NA,NA,NA,"Change Locality to Río Lenca",NA,NA,NA,NA,NA,"Río Lenca",NA,NA,NA,NA,NA,NA,NA,NA
7204,"SUBPESCA.PescaInvestigacion2012-2023.015","subpesca-2","galaxias maculatus",2014,"2014-03-01","chaicas",-41.610767,-72.653978,"Gaman Limno Studies ",NA,NA,NA,"Change Locality to Río Lenca",NA,NA,NA,NA,NA,"Río Lenca",NA,NA,NA,NA,NA,NA,NA,NA
7205,"SUBPESCA.PescaInvestigacion2012-2023.023","subpesca-2","galaxias maculatus",2014,"2014-07-01","chaicas",-41.610767,-72.653978,"Gaman Limno Studies ",NA,NA,NA,"Change Locality to Río Lenca",NA,NA,NA,NA,NA,"Río Lenca",NA,NA,NA,NA,NA,NA,NA,NA
7206,"SUBPESCA.PescaInvestigacion2012-2023.013","subpesca-2","salmo salar",2014,"2014-03-01","chaicas",-41.610767,-72.653978,"Gaman Limno Studies ",NA,NA,1,"Change Locality to Río Lenca",NA,NA,NA,NA,NA,"Río Lenca",NA,NA,NA,NA,NA,NA,NA,NA
7210,"SUBPESCA.PecesContinentales2019.31201","subpesca-1","salmo salar",2014,NA,NA,-41.610766667,-72.653977778,"Gaman Limno Studies ","31201",NA,0,NA,NA,NA,NA,NA,NA,NA,NA,NA,NA,NA,NA,NA,NA,NA
7213,"CIMAR1_88_sp16","gbif","atheriniformes",1995,"1995-10-27",NA,-44.51,-72.6533,NA,NA,"shoa",NA,"Remove. Added to GBIF in June 1995. Could be removed because they are oceanographic stations.","remove",NA,NA,NA,NA,NA,NA,NA,NA,NA,NA,NA,NA,NA
7215,"SUBPESCA.PescaInvestigacion2012-2023.020","subpesca-2","salmo salar",2014,"2014-07-01","chaicas",-41.608119,-72.652683,"Gaman Limno Studies ",NA,NA,1,"Change Locality to Río Lenca",NA,NA,NA,NA,NA,"Río Lenca",NA,NA,NA,NA,NA,NA,NA,NA
7217,"SUBPESCA.PescaInvestigacion2012-2023.012","subpesca-2","salmo trutta",2014,"2014-03-01","chaicas",-41.608119,-72.652683,"Gaman Limno Studies ",NA,NA,NA,"Change Locality to Río Lenca",NA,NA,NA,NA,NA,"Río Lenca",NA,NA,NA,NA,NA,NA,NA,NA
7218,"SUBPESCA.PescaInvestigacion2012-2023.022","subpesca-2","salmo trutta",2014,"2014-07-01","chaicas",-41.608119,-72.652683,"Gaman Limno Studies ",NA,NA,NA,"Change Locality to Río Lenca",NA,NA,NA,NA,NA,"Río Lenca",NA,NA,NA,NA,NA,NA,NA,NA
7219,"SUBPESCA.PecesContinentales2019.31203","subpesca-1","salmo salar",2014,NA,NA,-41.608119444,-72.652518333,"Gaman Limno Studies ","31203",NA,0,NA,NA,NA,NA,NA,NA,NA,NA,NA,NA,NA,NA,NA,NA,NA
7223,"SUBPESCA.PecesContinentales2019.21492","subpesca-1","galaxias platei",2012,NA,NA,-47.32774,-72.652074,"CEA (NA) Monitoreo L","21492",NA,0,NA,NA,NA,NA,NA,NA,NA,NA,NA,NA,NA,NA,NA,NA,NA
7247,"SUBPESCA.PecesContinentales2019.4902","subpesca-1","galaxias platei",2009,NA,NA,-47.327269,-72.651473,"CEA (NA) Proyecto Hi","4902",NA,0,NA,NA,NA,NA,NA,NA,NA,NA,NA,NA,NA,NA,NA,NA,NA
7272,"urn:catalog:CAS:ICH:55141","idig","aplochiton zebra",1968,"1968-02-10","patagonian chile",-51.527707,-72.646889,NA,"55141","cas",1,"change locality to Laguna Sofia",NA,NA,NA,NA,NA,"Laguna Sofia",NA,NA,NA,NA,NA,NA,NA,NA
7280,"SUBPESCA.PecesContinentales2019.4881","subpesca-1","galaxias platei",2009,NA,NA,-47.228767,-72.64534,"CEA (NA) Proyecto Hi","4881",NA,0,NA,NA,NA,NA,NA,NA,NA,NA,NA,NA,NA,NA,NA,NA,NA
7289,"SUBPESCA.PecesContinentales2019.31199","subpesca-1","salmo salar",2014,NA,NA,-41.606275,-72.645333333,"Gaman Limno Studies ","31199",NA,0,NA,NA,NA,NA,NA,NA,NA,NA,NA,NA,NA,NA,NA,NA,NA
7296,"SUBPESCA.PescaInvestigacion2012-2023.018","subpesca-2","salmo salar",2014,"2014-07-01","chaicas",-41.606275,-72.645333,"Gaman Limno Studies ",NA,NA,1,"Change Locality to Río Lenca",NA,NA,NA,NA,NA,"Río Lenca",NA,NA,NA,NA,NA,NA,NA,NA
7297,"SUBPESCA.PescaInvestigacion2012-2023.011","subpesca-2","salmo trutta",2014,"2014-03-01","chaicas",-41.606275,-72.645333,"Gaman Limno Studies ",NA,NA,NA,"Change Locality to Río Lenca",NA,NA,NA,NA,NA,"Río Lenca",NA,NA,NA,NA,NA,NA,NA,NA
7298,"SUBPESCA.PescaInvestigacion2012-2023.019","subpesca-2","salmo trutta",2014,"2014-07-01","chaicas",-41.606275,-72.645333,"Gaman Limno Studies ",NA,NA,NA,"Change Locality to Río Lenca",NA,NA,NA,NA,NA,"Río Lenca",NA,NA,NA,NA,NA,NA,NA,NA
7319,"SUBPESCA.PecesContinentales2019.21467","subpesca-1","galaxias platei",2012,NA,NA,-47.228932,-72.641568,"CEA (NA) Monitoreo L","21467",NA,0,NA,NA,NA,NA,NA,NA,NA,NA,NA,NA,NA,NA,NA,NA,NA
7321,"SUBPESCA.PecesContinentales2019.16195","subpesca-1","hatcheria macraei",2011,NA,NA,-47.228932,-72.641568,"CEA (NA) Monitoreo L","16195",NA,0,NA,NA,NA,NA,NA,NA,NA,NA,NA,NA,NA,NA,NA,NA,NA
7325,"SUBPESCA.PecesContinentales2019.21472","subpesca-1","percichthys trucha",2012,NA,NA,-47.228932,-72.641568,"CEA (NA) Monitoreo L","21472",NA,0,NA,NA,NA,NA,NA,NA,NA,NA,NA,NA,NA,NA,NA,NA,NA
7331,"MAguilar.Lit.Review.271","agui","oncorhynchus mykiss",2007,NA,"bco. correntoso",-41.3940000002,-72.6411000001,"Consuegra, S., Phill","271",NA,0,NA,NA,NA,NA,NA,NA,NA,NA,NA,NA,NA,NA,NA,NA,NA
7344,"MAguilar.Lit.Review.381","agui","aplochiton zebra",NA,NA,"lago sofía",-51.2666666669,-72.6333333326,"Cussac, V., Ortubay,","381",NA,0,NA,NA,NA,NA,NA,NA,NA,NA,NA,NA,NA,NA,NA,NA,NA
7345,"MAguilar.Lit.Review.477","agui","galaxias platei",NA,NA,"lago sofía",-51.2666666669,-72.6333333326,"Cussac, V., Ortubay,","477",NA,0,"Change coordinates to -51.526421, -72.655984",NA,NA,NA,-51.526421,-72.655984,NA,NA,NA,NA,NA,NA,NA,NA,NA
7348,"SUBPESCA.PecesContinentales2019.16185","subpesca-1","galaxias platei",2011,NA,NA,-47.211245,-72.632236,"CEA (NA) Monitoreo L","16185",NA,0,NA,NA,NA,NA,NA,NA,NA,NA,NA,NA,NA,NA,NA,NA,NA
7349,"SUBPESCA.PecesContinentales2019.16194","subpesca-1","hatcheria macraei",2011,NA,NA,-47.211245,-72.632236,"CEA (NA) Monitoreo L","16194",NA,0,NA,NA,NA,NA,NA,NA,NA,NA,NA,NA,NA,NA,NA,NA,NA
7443,"SUBPESCA.PecesContinentales2019.16169","subpesca-1","aplochiton zebra",2011,NA,NA,-47.198685,-72.628438,"CEA (NA) Monitoreo L","16169",NA,0,NA,NA,NA,NA,NA,NA,NA,NA,NA,NA,NA,NA,NA,NA,NA
7444,"SUBPESCA.PecesContinentales2019.21441","subpesca-1","galaxias platei",2012,NA,NA,-47.198685,-72.628438,"CEA (NA) Monitoreo L","21441",NA,0,NA,NA,NA,NA,NA,NA,NA,NA,NA,NA,NA,NA,NA,NA,NA
7446,"SUBPESCA.PecesContinentales2019.16193","subpesca-1","hatcheria macraei",2011,NA,NA,-47.198685,-72.628438,"CEA (NA) Monitoreo L","16193",NA,0,NA,NA,NA,NA,NA,NA,NA,NA,NA,NA,NA,NA,NA,NA,NA
7447,"SUBPESCA.PecesContinentales2019.21442","subpesca-1","hatcheria macraei",2012,NA,NA,-47.198685,-72.628438,"CEA (NA) Monitoreo L","21442",NA,0,NA,NA,NA,NA,NA,NA,NA,NA,NA,NA,NA,NA,NA,NA,NA
7476,"SUBPESCA.PecesContinentales2019.15201","subpesca-1","geotria australis",2008,NA,NA,-45.47078,-72.619375,"CEA (NA) Linea De Ba","15201",NA,0,NA,NA,NA,NA,NA,NA,NA,NA,NA,NA,NA,NA,NA,NA,NA
7482,"SUBPESCA.PecesContinentales2019.31198","subpesca-1","salmo salar",2014,NA,NA,-41.602375,-72.616436111,"Gaman Limno Studies ","31198",NA,0,NA,NA,NA,NA,NA,NA,NA,NA,NA,NA,NA,NA,NA,NA,NA
7485,"SUBPESCA.PescaInvestigacion2012-2023.017","subpesca-2","salmo trutta",2014,"2014-07-01","chaicas",-41.602375,-72.616436,"Gaman Limno Studies ",NA,NA,NA,"Change Locality to Río Lenca",NA,NA,NA,NA,NA,"Río Lenca",NA,NA,NA,NA,NA,NA,NA,NA
7617,"SUBPESCA.PecesContinentales2019.15200","subpesca-1","geotria australis",2008,NA,NA,-45.463658,-72.610235,"CEA (NA) Linea De Ba","15200",NA,0,NA,NA,NA,NA,NA,NA,NA,NA,NA,NA,NA,NA,NA,NA,NA
7904,"CIMAR1_89_sp16","gbif","atheriniformes",1995,"1995-10-27",NA,-44.415,-72.6033,NA,NA,"shoa",NA,"Remove. Added to GBIF in June 1995. Could be removed because they are oceanographic stations.","remove",NA,NA,NA,NA,NA,NA,NA,NA,NA,NA,NA,NA,NA
8085,"SUBPESCA.PescaInvestigacion2012-2023.007","subpesca-2","salmo trutta",2014,"2014-03-01","chaicas",-41.598,-72.600556,"Gaman Limno Studies ",NA,NA,NA,"Change Locality to Río Lenca",NA,NA,NA,NA,NA,"Río Lenca",NA,NA,NA,NA,NA,NA,NA,NA
8086,"SUBPESCA.PescaInvestigacion2012-2023.016","subpesca-2","salmo trutta",2014,"2014-07-01","chaicas",-41.598,-72.600556,"Gaman Limno Studies ",NA,NA,NA,"Change Locality to Río Lenca",NA,NA,NA,NA,NA,"Río Lenca",NA,NA,NA,NA,NA,NA,NA,NA
8087,"SUBPESCA.PecesContinentales2019.31197","subpesca-1","salmo salar",2014,NA,NA,-41.598,-72.600555556,"Gaman Limno Studies ","31197",NA,0,NA,NA,NA,NA,NA,NA,NA,NA,NA,NA,NA,NA,NA,NA,NA
8164,"MAguilar.Lit.Review.778","agui","oncorhynchus mykiss",2006,NA,"lago esmeralda",-47.3212260002,-72.5953940003,"Habit, E., Gonzalez,","778",NA,1,"associated references (Ortiz-Sandoval et al. 2017) | (Cussac et al. 2020)",NA,NA,"Ortiz-Sandoval et al. 2017) | (Cussac et al. 2020",NA,NA,NA,NA,NA,NA,NA,NA,NA,NA,NA
8166,"MAguilar.Lit.Review.560","agui","oncorhynchus mykiss",NA,NA,"lago esmeralda",-47.3212260002,-72.5953940003,"Cussac, V.E.; Barran","560",NA,0,NA,NA,NA,NA,NA,NA,NA,NA,NA,NA,NA,NA,NA,NA,NA
8175,"SUBPESCA.PecesContinentales2019.21347","subpesca-1","percichthys trucha",2012,NA,NA,-47.371452,-72.595028,"CEA (NA) Monitoreo L","21347",NA,0,NA,NA,NA,NA,NA,NA,NA,NA,NA,NA,NA,NA,NA,NA,NA
8234,"MAguilar.Lit.Review.320","agui","galaxias platei",2007,NA,"lago portales",-45.5352999999,-72.5904000003,"CORREA, C., BRAVO, A","320",NA,0,NA,NA,NA,NA,NA,NA,NA,NA,NA,NA,NA,NA,NA,NA,NA
8235,"MAguilar.Lit.Review.340","agui","salmo trutta",2007,NA,"lago portales",-45.5352999999,-72.5904000003,"CORREA, C., BRAVO, A","340",NA,0,NA,NA,NA,NA,NA,NA,NA,NA,NA,NA,NA,NA,NA,NA,NA
8255,"SUBPESCA.PecesContinentales2019.15054","subpesca-1","aplochiton zebra",2008,NA,NA,-45.422689,-72.589493,"CEA (NA) Linea De Ba","15054",NA,0,NA,NA,NA,NA,NA,NA,NA,NA,NA,NA,NA,NA,NA,NA,NA
8257,"SUBPESCA.PecesContinentales2019.15070","subpesca-1","galaxias platei",2008,NA,NA,-45.422689,-72.589493,"CEA (NA) Linea De Ba","15070",NA,0,NA,NA,NA,NA,NA,NA,NA,NA,NA,NA,NA,NA,NA,NA,NA
8277,"SUBPESCA.PecesContinentales2019.14646","subpesca-1","aplochiton zebra",2007,NA,NA,-45.423431,-72.588004,"CEA (NA) Linea De Ba","14646",NA,0,NA,NA,NA,NA,NA,NA,NA,NA,NA,NA,NA,NA,NA,NA,NA
8287,"MAguilar.Lit.Review.295","agui","salmo trutta",2007,NA,"lago portales",-45.5329912172,-72.5873954867,"Correa, C. and Hendr","295",NA,0,NA,NA,NA,NA,NA,NA,NA,NA,NA,NA,NA,NA,NA,NA,NA
8304,"SUBPESCA.PecesContinentales2019.15508","subpesca-1","odontesthes hatcheri",2009,NA,NA,-47.311907,-72.583495,"CEA (NA) Linea Base ","15508",NA,0,NA,NA,NA,NA,NA,NA,NA,NA,NA,NA,NA,NA,NA,NA,NA
8306,"SUBPESCA.PecesContinentales2019.15563","subpesca-1","percichthys trucha",2009,NA,NA,-47.311907,-72.583495,"CEA (NA) Linea Base ","15563",NA,0,NA,NA,NA,NA,NA,NA,NA,NA,NA,NA,NA,NA,NA,NA,NA
8310,"SUBPESCA.PecesContinentales2019.21327","subpesca-1","percichthys trucha",2012,NA,NA,-47.421039,-72.583249,"CEA (NA) Monitoreo L","21327",NA,0,NA,NA,NA,NA,NA,NA,NA,NA,NA,NA,NA,NA,NA,NA,NA
8330,"MMA:ICT:0002170","mma2","galaxias maculatus",NA,NA,"río pascua. costeras del fiordo coman",-42.333,-72.583,"FuenteReg: Campos et",NA,NA,0,NA,NA,NA,NA,NA,NA,NA,NA,NA,NA,NA,NA,NA,NA,NA
8332,"SUBPESCA.PecesContinentales2019.14865","subpesca-1","galaxias platei",2008,NA,NA,-47.305839,-72.582951,"CEA (NA) Linea Base ","14865",NA,0,NA,NA,NA,NA,NA,NA,NA,NA,NA,NA,NA,NA,NA,NA,NA
8334,"SUBPESCA.PecesContinentales2019.14876","subpesca-1","odontesthes hatcheri",2008,NA,NA,-47.305839,-72.582951,"CEA (NA) Linea Base ","14876",NA,0,NA,NA,NA,NA,NA,NA,NA,NA,NA,NA,NA,NA,NA,NA,NA
8337,"SUBPESCA.PecesContinentales2019.15946","subpesca-1","odontesthes hatcheri",2010,NA,NA,-47.305839,-72.582951,"CEA (NA) Linea Base ","15946",NA,0,NA,NA,NA,NA,NA,NA,NA,NA,NA,NA,NA,NA,NA,NA,NA
8346,"SUBPESCA.PecesContinentales2019.14902","subpesca-1","percichthys trucha",2008,NA,NA,-47.305839,-72.582951,"CEA (NA) Linea Base ","14902",NA,0,NA,NA,NA,NA,NA,NA,NA,NA,NA,NA,NA,NA,NA,NA,NA
8349,"SUBPESCA.PecesContinentales2019.15967","subpesca-1","percichthys trucha",2010,NA,NA,-47.305839,-72.582951,"CEA (NA) Linea Base ","15967",NA,0,NA,NA,NA,NA,NA,NA,NA,NA,NA,NA,NA,NA,NA,NA,NA
8353,"SUBPESCA.PecesContinentales2019.15069","subpesca-1","galaxias platei",2008,NA,NA,-45.759718,-72.580929,"CEA (NA) Linea De Ba","15069",NA,0,NA,NA,NA,NA,NA,NA,NA,NA,NA,NA,NA,NA,NA,NA,NA
8509,"MAguilar.Lit.Review.788","agui","salmo trutta",2006,NA,"lago caro",-44.4548055562,-72.5641111108,"Habit, E., Gonzalez,","788",NA,NA,"change coordinates to -45.803026, -72.547405",NA,NA,NA,-45.803026,-72.547405,NA,NA,NA,NA,NA,NA,NA,NA,NA
8528,"SUBPESCA.PecesContinentales2019.15112","subpesca-1","geotria australis",2008,NA,NA,-45.392708,-72.560797,"CEA (NA) Linea De Ba","15112",NA,0,NA,NA,NA,NA,NA,NA,NA,NA,NA,NA,NA,NA,NA,NA,NA
8908,"MAguilar.Lit.Review.344","agui","salmo trutta",2007,NA,"lago zenteno",-45.5924368254,-72.5518577357,"CORREA, C., BRAVO, A","344",NA,0,NA,NA,NA,NA,NA,NA,NA,NA,NA,NA,NA,NA,NA,NA,NA
8912,"JQ048547","gbif","aplochiton taeniatus",2009,"2009",NA,-45.8,-72.55,NA,"at3028",NA,0,NA,NA,NA,NA,NA,NA,NA,NA,NA,NA,NA,NA,NA,NA,NA
8913,"GBGCA5905-13","gbif","aplochiton taeniatus",2009,"2009-07-15",NA,-45.8,-72.55,NA,"at3028","mined from genbank, ncbi",0,"Bad date. EventDate: 2009-04-10 Locality: Lago Caro",NA,NA,NA,NA,NA,NA,NA,NA,NA,NA,NA,NA,NA,NA
8942,"CIMAR1_13_sp16","gbif","atheriniformes",1995,"1995-10-20",NA,-42.5683,-72.5483,NA,NA,"shoa",NA,"Remove. Added to GBIF in June 1995. Could be removed because they are oceanographic stations.","remove",NA,NA,NA,NA,NA,NA,NA,NA,NA,NA,NA,NA,NA
8948,"MAguilar.Lit.Review.325","agui","galaxias platei",2007,NA,"lago zenteno",-45.5921000004,-72.5482000003,"CORREA, C., BRAVO, A","325",NA,0,NA,NA,NA,NA,NA,NA,NA,NA,NA,NA,NA,NA,NA,NA,NA
8951,"MAguilar.Lit.Review.300","agui","salmo trutta",2009,NA,"lago zenteno",-45.5896221377,-72.5474168822,"Correa, C. and Hendr","300",NA,0,NA,NA,NA,NA,NA,NA,NA,NA,NA,NA,NA,NA,NA,NA,NA
9262,"SUBPESCA.PecesContinentales2019.21271","subpesca-1","galaxias platei",2012,NA,NA,-47.477325,-72.53838,"CEA (NA) Monitoreo L","21271",NA,0,NA,NA,NA,NA,NA,NA,NA,NA,NA,NA,NA,NA,NA,NA,NA
9268,"SUBPESCA.PecesContinentales2019.14949","subpesca-1","hatcheria macraei",2008,NA,NA,-47.248651,-72.534834,"CEA (NA) Linea Base ","14949",NA,0,NA,NA,NA,NA,NA,NA,NA,NA,NA,NA,NA,NA,NA,NA,NA
9397,"CCorrea.Lit.Review.1300","fishgis_metadatabase_ccorrea","salmo trutta",1984,NA,"río cisnes bajo",-44.69697,-72.52794,"Campos, H., J. Arena",NA,NA,1,"Remove. imported from other dataset.","remove",NA,NA,NA,NA,NA,NA,NA,NA,NA,NA,NA,NA,NA
9419,"MMA:ICT:0002648","mma2","geotria australis",NA,NA,"lago risopatrón. rio risopatron",-44.233,-72.517,"FuenteReg: Campos et",NA,NA,0,NA,NA,NA,NA,NA,NA,NA,NA,NA,NA,NA,NA,NA,NA,NA
9424,"MAguilar.Lit.Review.1394","agui","percichthys trucha",NA,NA,"lago maldonado",-47.233333333,-72.5166666667,"Zama A. y Cárdenas E","1394",NA,0,"Cambiar coordenadas a -47.257249, -72.516063",NA,NA,NA,-47.257249,-72.516063,NA,NA,NA,NA,NA,NA,NA,NA,NA
9428,"SUBPESCA.PecesContinentales2019.21238","subpesca-1","percichthys trucha",2012,NA,NA,-47.254925,-72.515747,"CEA (NA) Monitoreo L","21238",NA,0,NA,NA,NA,NA,NA,NA,NA,NA,NA,NA,NA,NA,NA,NA,NA
9444,"MAguilar.Lit.Review.544","agui","salmo trutta",NA,NA,"lago risopatrón",-44.2531199996,-72.5115540002,"Cussac, V.E.; Barran","544",NA,0,NA,NA,NA,NA,NA,NA,NA,NA,NA,NA,NA,NA,NA,NA,NA
9448,"MAguilar.Lit.Review.322","agui","galaxias platei",2007,NA,"lago rengifo",-45.6176,-72.5113000002,"CORREA, C., BRAVO, A","322",NA,0,NA,NA,NA,NA,NA,NA,NA,NA,NA,NA,NA,NA,NA,NA,NA
9449,"MAguilar.Lit.Review.342","agui","salmo trutta",2007,NA,"lago rengifo",-45.6176,-72.5113000002,"CORREA, C., BRAVO, A","342",NA,0,NA,NA,NA,NA,NA,NA,NA,NA,NA,NA,NA,NA,NA,NA,NA
9530,"MAguilar.Lit.Review.299","agui","salmo trutta",2009,NA,"lago rengifo",-45.6152647916,-72.5083219771,"Correa, C. and Hendr","299",NA,0,NA,NA,NA,NA,NA,NA,NA,NA,NA,NA,NA,NA,NA,NA,NA
9592,"CCorrea.Lit.Review.1290","fishgis_metadatabase_ccorrea","salmo trutta",1984,NA,"río los césares",-44.18894,-72.49877,"Campos, H., J. Arena",NA,NA,NA,"Remove. imported from other dataset.","remove",NA,NA,NA,NA,NA,NA,NA,NA,NA,NA,NA,NA,NA
9711,"SUBPESCA.PecesContinentales2019.15068","subpesca-1","galaxias platei",2008,NA,NA,-45.77889,-72.483918,"CEA (NA) Linea De Ba","15068",NA,0,NA,NA,NA,NA,NA,NA,NA,NA,NA,NA,NA,NA,NA,NA,NA
9734,"MAguilar.Lit.Review.347","agui","oncorhynchus tshawytscha",2004,"2004-04-07","río huñu-hueñu",-41.2666666671,-72.4833333329,"Correa, C., Gross, M","347",NA,0,NA,NA,NA,NA,NA,NA,NA,NA,NA,NA,NA,NA,NA,NA,NA
9735,"MMA:ICT:0000192","mma2","aplochiton zebra",NA,NA,"río amarillo. rio amarillo",-43.017,-72.483,"FuenteReg: Campos et",NA,NA,0,NA,NA,NA,NA,NA,NA,NA,NA,NA,NA,NA,NA,NA,NA,NA
9795,"CCorrea.Lit.Review.196","fishgis_metadatabase_ccorrea",NA,2000,NA,"río cuchildeo",-41.96528,-72.47477,"Doris Soto B.and Iva",NA,NA,NA,"check reference. From CCorrea Metadatabase",NA,NA,NA,NA,NA,NA,NA,NA,NA,NA,NA,NA,NA,NA
9834,"MAguilar.Lit.Review.991","agui","oncorhynchus tshawytscha",NA,NA,"río petrohue (chile)",-41.2500000002,-72.4667000002,"Narum, SR, Gallardo,","991",NA,0,NA,NA,NA,NA,NA,NA,NA,NA,NA,NA,NA,NA,NA,NA,NA
9835,"MAguilar.Lit.Review.345","agui","oncorhynchus tshawytscha",2004,"2004-04-07","los patos (río petrohué)",-41.1833333334,-72.4666666668,"Correa, C., Gross, M","345",NA,0,NA,NA,NA,NA,NA,NA,NA,NA,NA,NA,NA,NA,NA,NA,NA
9879,"SUBPESCA.PecesContinentales2019.14645","subpesca-1","aplochiton zebra",2007,NA,NA,-45.776504,-72.457236,"CEA (NA) Linea De Ba","14645",NA,0,NA,NA,NA,NA,NA,NA,NA,NA,NA,NA,NA,NA,NA,NA,NA
9884,"MAguilar.Lit.Review.818","agui","oncorhynchus mykiss",NA,NA,"laguna los patos",-41.1777786303,-72.4566656751,"https://doi.org/10.1","818",NA,NA,"(Arismendi and Soto 2012. Are salmon-derived nutrients being incorporated in food webs of invaded streams? Evidence from southern Chile)",NA,NA,"(Arismendi & Soto, 2012)",NA,NA,NA,NA,NA,NA,NA,NA,NA,NA,NA
9885,"MAguilar.Lit.Review.820","agui","oncorhynchus tshawytscha",NA,NA,"laguna los patos",-41.1777786303,-72.4566656751,"https://doi.org/10.1","820",NA,NA,"(Arismendi and Soto 2012. Are salmon-derived nutrients being incorporated in food webs of invaded streams? Evidence from southern Chile)",NA,NA,"(Arismendi & Soto, 2012)",NA,NA,NA,NA,NA,NA,NA,NA,NA,NA,NA
9886,"MAguilar.Lit.Review.819","agui","salmo trutta",NA,NA,"laguna los patos",-41.1777786303,-72.4566656751,"https://doi.org/10.1","819",NA,NA,"(Arismendi and Soto 2012. Are salmon-derived nutrients being incorporated in food webs of invaded streams? Evidence from southern Chile)",NA,NA,"(Arismendi & Soto, 2012)",NA,NA,NA,NA,NA,NA,NA,NA,NA,NA,NA
9931,"CCorrea.Lit.Review.437","fishgis_metadatabase_ccorrea","percichthys trucha",1983,NA,"lago maldonado",-47.28029,-72.45022,"Zama, Akira and Edua",NA,NA,1,"Cambiar coordenadas a -47.257249, -72.516063",NA,NA,NA,NA,NA,NA,NA,NA,NA,NA,NA,NA,NA,NA
10627,"CIMAR1_10_sp16","gbif","atheriniformes",1995,"1995-10-19",NA,-42.4617,-72.4283,NA,NA,"shoa",NA,"Remove. Added to GBIF in June 1995. Could be removed because they are oceanographic stations.","remove",NA,NA,NA,NA,NA,NA,NA,NA,NA,NA,NA,NA,NA
10641,"CCorrea.Lit.Review.1298","fishgis_metadatabase_ccorrea","oncorhynchus mykiss",1984,NA,"río queulat",-44.56857,-72.42222,"Campos, H., J. Arena",NA,NA,1,"Remove. imported from other dataset.","remove",NA,NA,NA,NA,NA,NA,NA,NA,NA,NA,NA,NA,NA
10654,"CCorrea.Lit.Review.1299","fishgis_metadatabase_ccorrea","salmo trutta",1984,NA,"río cascadas",-44.63582,-72.41754,"Campos, H., J. Arena",NA,NA,1,"Remove. imported from other dataset.","remove",NA,NA,NA,NA,NA,NA,NA,NA,NA,NA,NA,NA,NA
10665,"MMA:ICT:0002486","mma2","galaxias platei",NA,NA,"lago yelcho. rio yelcho entre desague lago yelcho y rio amarillo",-43.167,-72.417,"FuenteReg: Campos et",NA,NA,0,NA,NA,NA,NA,NA,NA,NA,NA,NA,NA,NA,NA,NA,NA,NA
10666,"MMA:ICT:0000181","mma2","aplochiton zebra",1919,NA,"saltos del petrohue. lago todos los santos",-41.15,-72.417,"FuenteReg: Eigenmann",NA,NA,0,NA,NA,NA,NA,NA,NA,NA,NA,NA,NA,NA,NA,NA,NA,NA
10667,"MMA:ICT:0005229","mma2","trichomycterus areolatus",1919,NA,"cascada de petrohue. lago todos los santos",-41.15,-72.417,"FuenteReg: Eigenmann",NA,NA,0,NA,NA,NA,NA,NA,NA,NA,NA,NA,NA,NA,NA,NA,NA,NA
10766,"MAguilar.Lit.Review.357","agui","aplochiton taeniatus",NA,NA,"lago saltos del petrohué",-41.1333333326,-72.3833333331,"Cussac, V., Ortubay,","357",NA,0,NA,NA,NA,NA,NA,NA,NA,NA,NA,NA,NA,NA,NA,NA,NA
10767,"MAguilar.Lit.Review.374","agui","aplochiton zebra",NA,NA,"lago saltos del petrohué",-41.1333333326,-72.3833333331,"Cussac, V., Ortubay,","374",NA,0,NA,NA,NA,NA,NA,NA,NA,NA,NA,NA,NA,NA,NA,NA,NA
10778,"MMA:ICT:0000180","mma2","aplochiton zebra",NA,NA,"río aura. rio palena entre rio frio y rio rosselot",-43.833,-72.367,"FuenteReg: Campos et",NA,NA,0,NA,NA,NA,NA,NA,NA,NA,NA,NA,NA,NA,NA,NA,NA,NA
10836,"CCorrea.Lit.Review.1277","fishgis_metadatabase_ccorrea","oncorhynchus mykiss",1984,NA,"río vuelta y vuelta",-42.9781,-72.34913,"Campos, H., J. Arena",NA,NA,NA,"Remove. imported from other dataset.","remove",NA,NA,NA,NA,NA,NA,NA,NA,NA,NA,NA,NA,NA
10848,"MAguilar.Lit.Review.1032","agui","galaxias maculatus",2007,NA,"lago risopatron",-44.1501666667,-72.3452499996,"Ortiz-Sandoval, J., ","1032",NA,NA,"change coordinates to -44.258668, -72.514963",NA,NA,NA,-44.258668,-72.514963,NA,NA,NA,NA,NA,NA,NA,NA,NA
10849,"MAguilar.Lit.Review.1031","agui","galaxias platei",2007,NA,"lago risopatron",-44.1501666667,-72.3452499996,"Ortiz-Sandoval, J., ","1031",NA,NA,"change coordinates to -44.258668, -72.514963",NA,NA,NA,-44.258668,-72.514963,NA,NA,NA,NA,NA,NA,NA,NA,NA
10850,"MAguilar.Lit.Review.787","agui","salmo trutta",2006,NA,"lago risopatron",-44.1501666667,-72.3452499996,"Habit, E., Gonzalez,","787",NA,1,"change coordinates to -44.258668, -72.514963",NA,NA,NA,-44.258668,-72.514963,NA,NA,NA,NA,NA,NA,NA,NA,NA
10851,"MAguilar.Lit.Review.1030","agui","salmo trutta",2007,NA,"lago risopatron",-44.1501666667,-72.3452499996,"Ortiz-Sandoval, J., ","1030",NA,0,NA,NA,NA,NA,NA,NA,NA,NA,NA,NA,NA,NA,NA,NA,NA
10881,"MAguilar.Lit.Review.566","agui","salmo trutta",NA,NA,"lago balmaceda",-51.8856790002,-72.336679,"Cussac, V.E.; Barran","566",NA,0,NA,NA,NA,NA,NA,NA,NA,NA,NA,NA,NA,NA,NA,NA,NA
10887,"CCorrea.Lit.Review.1286","fishgis_metadatabase_ccorrea","salvelinus fontinalis",1984,NA,"afluente río frío",-43.57939,-72.33433,"Campos, H., J. Arena",NA,NA,1,"Remove. imported from other dataset.","remove",NA,NA,NA,NA,NA,NA,NA,NA,NA,NA,NA,NA,NA
10889,"MAguilar.Lit.Review.1314","agui","galaxias maculatus",2001,NA,"lago argentino",-52.3333333327,-72.3333333332,"Viozzi G. Semenas L.","1314",NA,NA,"change coordinates to -50.230760, -72.250660",NA,NA,NA,-50.23076,-72.25066,NA,NA,NA,NA,NA,NA,NA,NA,NA
10890,"MAguilar.Lit.Review.356","agui","aplochiton taeniatus",NA,NA,"río petrohué",-41.0833333327,-72.3333333332,"Cussac, V., Ortubay,","356",NA,0,NA,NA,NA,NA,NA,NA,NA,NA,NA,NA,NA,NA,NA,NA,NA
10891,"MAguilar.Lit.Review.373","agui","aplochiton zebra",NA,NA,"río petrohué",-41.0833333327,-72.3333333332,"Cussac, V., Ortubay,","373",NA,0,NA,NA,NA,NA,NA,NA,NA,NA,NA,NA,NA,NA,NA,NA,NA
10892,"MAguilar.Lit.Review.414","agui","galaxias platei",NA,NA,"río petrohué",-41.0833333327,-72.3333333332,"Cussac, V., Ortubay,","414",NA,NA,"Locality: Lago Todos los Santos y río Petrohue (current waypoint located in Lago Todos los Santos)",NA,NA,NA,NA,NA,"Lago Todos los Santos y río Petrohue",NA,NA,NA,NA,NA,NA,NA,NA
10895,"MMA:ICT:0000179","mma2","aplochiton zebra",NA,NA,"río frio. rio frio",-43.583,-72.333,"FuenteReg: Campos et",NA,NA,0,NA,NA,NA,NA,NA,NA,NA,NA,NA,NA,NA,NA,NA,NA,NA
10898,"MCZ:Ich:98719","idig","trichomycterus areolatus",1968,"1968-02-19","rio chacabuco, tributary of rio limay",-47.05381,-72.33268,NA,"98719","mcz",NA,"Change canonicalName to Trichomycteridae. Change scientificName to Trichomycteridae. Way out of range. Record from preserved speciment at MCZ.",NA,NA,NA,NA,NA,NA,NA,NA,NA,NA,NA,NA,NA,NA
10936,"MAguilar.Lit.Review.748","agui","oncorhynchus mykiss",2006,NA,"laguna candelaria",-41.6935860003,-72.3249220002,"Habit, E., Gonzalez,","748",NA,1,"associatedReference: (Cussac et al., 2020)",NA,NA,"Cussac et al., 2020",NA,NA,NA,NA,NA,NA,NA,NA,NA,NA,NA
10938,"MAguilar.Lit.Review.493","agui","oncorhynchus mykiss",NA,NA,"laguna candelaria",-41.6935860003,-72.3249220002,"Cussac, V.E.; Barran","493",NA,0,NA,NA,NA,NA,NA,NA,NA,NA,NA,NA,NA,NA,NA,NA,NA
10940,"MAguilar.Lit.Review.747","agui","salmo trutta",2006,NA,"laguna candelaria",-41.6935860003,-72.3249220002,"Habit, E., Gonzalez,","747",NA,1,"associatedsReference: (Cussac et al., 2020) | (Ortiz-Sandoval et al., 2017)",NA,NA,"Cussac et al., 2020) | (Ortiz-Sandoval et al., 2017",NA,NA,NA,NA,NA,NA,NA,NA,NA,NA,NA
10941,"MAguilar.Lit.Review.997","agui","salmo trutta",2007,NA,"laguna candelaria",-41.6935860003,-72.3249220002,"Ortiz-Sandoval, J., ","997",NA,0,NA,NA,NA,NA,NA,NA,NA,NA,NA,NA,NA,NA,NA,NA,NA
10942,"MAguilar.Lit.Review.494","agui","salmo trutta",NA,NA,"laguna candelaria",-41.6935860003,-72.3249220002,"Cussac, V.E.; Barran","494",NA,0,NA,NA,NA,NA,NA,NA,NA,NA,NA,NA,NA,NA,NA,NA,NA
10946,"MAguilar.Lit.Review.989","agui","oncorhynchus tshawytscha",NA,NA,"río aysen (chile)",-45.5576999996,-72.3245999997,"Narum, SR, Gallardo,","989",NA,0,NA,NA,NA,NA,NA,NA,NA,NA,NA,NA,NA,NA,NA,NA,NA
10958,"MAguilar.Lit.Review.795","agui","salmo trutta",2006,NA,"lago atravezado",-44.5520277778,-72.3170833329,"Habit, E., Gonzalez,","795",NA,NA,"change coordinates to -45.698800, -72.295470",NA,NA,NA,-45.6988,-72.29547,NA,NA,NA,NA,NA,NA,NA,NA,NA
10962,"MAguilar.Lit.Review.826","agui","salmo salar",2000,NA,"lago yelcho",-43.3,-72.316667,"https://www.tandfonl","826",NA,NA,"Change bibliographic reference to: Arismendi et al. (2011). Body condition indices as a rapid assessment of the abundance of introduced salmonids in oligotrophic lakes of southern Chile.",NA,NA,NA,NA,NA,NA,NA,NA,"Arismendi, I., Penaluna, B., & Soto, D. (2011). Body condition indices as a rapid assessment of the abundance of introduced salmonids in oligotrophic lakes of southern Chile. Lake and Reservoir Management, 27(1), 61–69. https://doi.org/10.1080/07438141.2010.536617",NA,NA,NA,NA,NA
10965,"MAguilar.Lit.Review.824","agui","salmo trutta",2000,NA,"lago yelcho",-43.2999999997,-72.3166666671,"https://www.tandfonl","824",NA,NA,"Change bibliographic reference to: Arismendi et al. (2011). Body condition indices as a rapid assessment of the abundance of introduced salmonids in oligotrophic lakes of southern Chile; Change species to O. mykiss",NA,NA,NA,NA,NA,NA,NA,NA,"Arismendi, I., Penaluna, B., & Soto, D. (2011). Body condition indices as a rapid assessment of the abundance of introduced salmonids in oligotrophic lakes of southern Chile. Lake and Reservoir Management, 27(1), 61–69. https://doi.org/10.1080/07438141.2010.536617",NA,NA,NA,NA,NA
11041,"MAguilar.Lit.Review.774","agui","oncorhynchus kisutch",2006,NA,"lago yelcho",-43.3063409998,-72.2874610002,"Habit, E., Gonzalez,","774",NA,1,"associated reference: (Cussac et al., 2020)",NA,NA,"Cussac et al., 2020",NA,NA,NA,NA,NA,NA,NA,NA,NA,NA,NA
11042,"MAguilar.Lit.Review.539","agui","oncorhynchus kisutch",NA,NA,"lago yelcho",-43.3063409998,-72.2874610002,"Cussac, V.E.; Barran","539",NA,0,NA,NA,NA,NA,NA,NA,NA,NA,NA,NA,NA,NA,NA,NA,NA
11043,"MAguilar.Lit.Review.772","agui","oncorhynchus mykiss",2006,NA,"lago yelcho",-43.3063409998,-72.2874610002,"Habit, E., Gonzalez,","772",NA,1,"associatedReference: (Cussac et al., 2020)",NA,NA,"Cussac et al., 2020",NA,NA,NA,NA,NA,NA,NA,NA,NA,NA,NA
11044,"MAguilar.Lit.Review.540","agui","oncorhynchus mykiss",NA,NA,"lago yelcho",-43.3063409998,-72.2874610002,"Cussac, V.E.; Barran","540",NA,0,NA,NA,NA,NA,NA,NA,NA,NA,NA,NA,NA,NA,NA,NA,NA
11045,"MAguilar.Lit.Review.773","agui","oncorhynchus tshawytscha",2006,NA,"lago yelcho",-43.3063409998,-72.2874610002,"Habit, E., Gonzalez,","773",NA,1,"associatedReferences: (Cussac et al., 2020)",NA,NA,"Cussac et al., 2020",NA,NA,NA,NA,NA,NA,NA,NA,NA,NA,NA
11046,"MAguilar.Lit.Review.541","agui","oncorhynchus tshawytscha",NA,NA,"lago yelcho",-43.3063409998,-72.2874610002,"Cussac, V.E.; Barran","541",NA,0,NA,NA,NA,NA,NA,NA,NA,NA,NA,NA,NA,NA,NA,NA,NA
11047,"MAguilar.Lit.Review.771","agui","salmo trutta",2006,NA,"lago yelcho",-43.3063409998,-72.2874610002,"Habit, E., Gonzalez,","771",NA,1,"associatedreference: (Cussac et al., 2020)",NA,NA,"Cussac et al., 2020",NA,NA,NA,NA,NA,NA,NA,NA,NA,NA,NA
11048,"MAguilar.Lit.Review.542","agui","salmo trutta",NA,NA,"lago yelcho",-43.3063409998,-72.2874610002,"Cussac, V.E.; Barran","542",NA,0,NA,NA,NA,NA,NA,NA,NA,NA,NA,NA,NA,NA,NA,NA,NA
11066,"SUBPESCA.PecesContinentales2019.21138","subpesca-1","galaxias platei",2012,NA,NA,-47.399286,-72.28079,"CEA (NA) Monitoreo L","21138",NA,0,NA,NA,NA,NA,NA,NA,NA,NA,NA,NA,NA,NA,NA,NA,NA
11075,"MAguilar.Lit.Review.796","agui","salmo trutta",2006,NA,"laguna verde",-44.4416388888,-72.2801111109,"Habit, E., Gonzalez,","796",NA,NA,"change coordinates to -45.795960, -72.222054",NA,NA,NA,-45.79596,-72.222054,NA,NA,NA,NA,NA,NA,NA,NA,NA
11127,"CCorrea.Lit.Review.1358","fishgis_metadatabase_ccorrea","odontesthes hatcheri",1990,NA,"lago cochrane, approximately 1 km east of rancho 'la gauchita' (mondelo family) at pescadero de las truchas, a *",-47.25316,-72.25292,"Dyer, B. (1994) Spec",NA,NA,0,NA,NA,NA,NA,NA,NA,NA,NA,NA,NA,NA,NA,NA,NA,NA
11134,"0a4251aa-6afa-4a0d-ad62-6bc3df8b88ce","idig","animalia",1990,"1990-01-27","lago cochrane, prov. capitan prat, xi region; rio baker drainage",-47.25,-72.25,NA,"218451","ummz",NA,"Change canonicalName to Galaxias",NA,NA,NA,NA,NA,NA,NA,NA,NA,NA,NA,NA,NA,NA
11136,"MMA:ICT:0002466","mma2","galaxias platei",1990,"1990-01-27","lago cochrane, prov. capitan prat, xi region; rio baker drainage. lago y rio cochrane",-47.25,-72.25,"OrigenReg: Fishnet2,",NA,NA,0,NA,NA,NA,NA,NA,NA,NA,NA,NA,NA,NA,NA,NA,NA,NA
11156,"MAguilar.Lit.Review.307","agui","galaxias platei",2007,NA,"lago barroso",-45.7395999999,-72.2451000001,"CORREA, C., BRAVO, A","307",NA,0,NA,NA,NA,NA,NA,NA,NA,NA,NA,NA,NA,NA,NA,NA,NA
11157,"MAguilar.Lit.Review.326","agui","salmo trutta",2007,NA,"lago barroso",-45.7395999999,-72.2451000001,"CORREA, C., BRAVO, A","326",NA,0,NA,NA,NA,NA,NA,NA,NA,NA,NA,NA,NA,NA,NA,NA,NA
11170,"MAguilar.Lit.Review.288","agui","salmo trutta",2007,NA,"lago barroso",-45.7372288223,-72.2420766646,"Correa, C. and Hendr","288",NA,0,NA,NA,NA,NA,NA,NA,NA,NA,NA,NA,NA,NA,NA,NA,NA
11186,"MAguilar.Lit.Review.309","agui","galaxias platei",2007,NA,"laguna cea",-45.6743999997,-72.2377999998,"CORREA, C., BRAVO, A","309",NA,0,NA,NA,NA,NA,NA,NA,NA,NA,NA,NA,NA,NA,NA,NA,NA
11187,"MAguilar.Lit.Review.331","agui","salmo trutta",2007,NA,"laguna cea",-45.6743999997,-72.2377999998,"CORREA, C., BRAVO, A","331",NA,0,NA,NA,NA,NA,NA,NA,NA,NA,NA,NA,NA,NA,NA,NA,NA
11198,"MAguilar.Lit.Review.789","agui","salmo trutta",2006,NA,"lago elizalde",-44.4637222219,-72.2366388887,"Habit, E., Gonzalez,","789",NA,NA,"change coordinates to -45.75545415215073, -72.31640773048119",NA,NA,NA,-45.7554541521507,-72.3164077304812,NA,NA,NA,NA,NA,NA,NA,NA,NA
11204,"MAguilar.Lit.Review.290","agui","salmo trutta",2007,NA,"laguna cea",-45.6720466708,-72.2347799576,"Correa, C. and Hendr","290",NA,0,NA,NA,NA,NA,NA,NA,NA,NA,NA,NA,NA,NA,NA,NA,NA
11229,"CCorrea.Lit.Review.1301","fishgis_metadatabase_ccorrea","salmo trutta",1984,NA,"río brigida",-44.83653,-72.21903,"Campos, H., J. Arena",NA,NA,NA,"Remove. imported from other dataset.","remove",NA,NA,NA,NA,NA,NA,NA,NA,NA,NA,NA,NA,NA
11230,"MAguilar.Lit.Review.329","agui","oncorhynchus mykiss",2007,NA,"lago burgos",-45.7127999997,-72.2185000001,"CORREA, C., BRAVO, A","329",NA,0,NA,NA,NA,NA,NA,NA,NA,NA,NA,NA,NA,NA,NA,NA,NA
11231,"MAguilar.Lit.Review.328","agui","salmo trutta",2007,NA,"lago burgos",-45.7127999997,-72.2185000001,"CORREA, C., BRAVO, A","328",NA,0,NA,NA,NA,NA,NA,NA,NA,NA,NA,NA,NA,NA,NA,NA,NA
11239,"MAguilar.Lit.Review.335","agui","oncorhynchus mykiss",2007,NA,"lago mercedes",-45.7361000004,-72.2172999996,"CORREA, C., BRAVO, A","335",NA,0,NA,NA,NA,NA,NA,NA,NA,NA,NA,NA,NA,NA,NA,NA,NA
11249,"MAguilar.Lit.Review.285","agui","oncorhynchus mykiss",2009,NA,"lago burgos",-45.7104794503,-72.2154491364,"Correa, C. and Hendr","285",NA,0,NA,NA,NA,NA,NA,NA,NA,NA,NA,NA,NA,NA,NA,NA,NA
11250,"MAguilar.Lit.Review.296","agui","salmo trutta",2009,NA,"lago burgos",-45.7104794503,-72.2154491364,"Correa, C. and Hendr","296",NA,0,NA,NA,NA,NA,NA,NA,NA,NA,NA,NA,NA,NA,NA,NA,NA
11251,"MAguilar.Lit.Review.293","agui","salmo trutta",2009,NA,"lago mercedes",-45.7338079118,-72.2142505244,"Correa, C. and Hendr","293",NA,0,NA,NA,NA,NA,NA,NA,NA,NA,NA,NA,NA,NA,NA,NA,NA
11262,"MAguilar.Lit.Review.543","agui","salmo trutta",NA,NA,"lago las torres",-44.7960699998,-72.2103320002,"Cussac, V.E.; Barran","543",NA,0,NA,NA,NA,NA,NA,NA,NA,NA,NA,NA,NA,NA,NA,NA,NA
11272,"MAguilar.Lit.Review.571","agui","salmo trutta",2006,NA,"lago las torres",-44.751111111,-72.2061111113,"de Villalobos, Crist","571",NA,NA,"change coordinates to -44.807000, -72.213000",NA,NA,NA,-44.807,-72.213,NA,NA,NA,NA,NA,NA,NA,NA,NA
11280,"MAguilar.Lit.Review.786","agui","salmo trutta",2006,NA,"lago las torres",-44.8014166672,-72.2041111108,"Habit, E., Gonzalez,","786",NA,1,"associatedReferences: (Cussac et al., 2020) | (Ortiz-Sandoval et al., 2017)",NA,NA,"Cussac et al., 2020) | (Ortiz-Sandoval et al., 2017",NA,NA,NA,NA,NA,NA,NA,NA,NA,NA,NA
11281,"MAguilar.Lit.Review.1027","agui","salmo trutta",2007,NA,"lago las torres",-44.8014166672,-72.2041111108,"Ortiz-Sandoval, J., ","1027",NA,0,NA,NA,NA,NA,NA,NA,NA,NA,NA,NA,NA,NA,NA,NA,NA
11284,"MAguilar.Lit.Review.334","agui","salmo trutta",2007,NA,"lago espejo",-45.7407000003,-72.2039999996,"CORREA, C., BRAVO, A","334",NA,0,NA,NA,NA,NA,NA,NA,NA,NA,NA,NA,NA,NA,NA,NA,NA
11287,"SUBPESCA.PecesContinentales2019.21060","subpesca-1","galaxias platei",2012,NA,NA,-47.217767,-72.203893,"CEA (NA) Monitoreo L","21060",NA,0,NA,NA,NA,NA,NA,NA,NA,NA,NA,NA,NA,NA,NA,NA,NA
11288,"SUBPESCA.PecesContinentales2019.21061","subpesca-1","percichthys trucha",2012,NA,NA,-47.217767,-72.203893,"CEA (NA) Monitoreo L","21061",NA,0,NA,NA,NA,NA,NA,NA,NA,NA,NA,NA,NA,NA,NA,NA,NA
11296,"MAguilar.Lit.Review.752","agui","oncorhynchus kisutch",2006,NA,"lago victoria",-41.6167480002,-72.2031210004,"Habit, E., Gonzalez,","752",NA,1,"associates reference: (Cussac et al., 2020)",NA,NA,"Cussac et al., 2020",NA,NA,NA,NA,NA,NA,NA,NA,NA,NA,NA
11297,"MAguilar.Lit.Review.495","agui","oncorhynchus kisutch",NA,NA,"lago victoria",-41.6167480002,-72.2031210004,"Cussac, V.E.; Barran","495",NA,0,NA,NA,NA,NA,NA,NA,NA,NA,NA,NA,NA,NA,NA,NA,NA
11298,"MAguilar.Lit.Review.750","agui","oncorhynchus mykiss",2006,NA,"lago victoria",-41.6167480002,-72.2031210004,"Habit, E., Gonzalez,","750",NA,1,"associatedReference: (Cussac et al., 2020)",NA,NA,"Cussac et al., 2020",NA,NA,NA,NA,NA,NA,NA,NA,NA,NA,NA
11299,"MAguilar.Lit.Review.496","agui","oncorhynchus mykiss",NA,NA,"lago victoria",-41.6167480002,-72.2031210004,"Cussac, V.E.; Barran","496",NA,0,NA,NA,NA,NA,NA,NA,NA,NA,NA,NA,NA,NA,NA,NA,NA
11300,"MAguilar.Lit.Review.751","agui","oncorhynchus tshawytscha",2006,NA,"lago victoria",-41.6167480002,-72.2031210004,"Habit, E., Gonzalez,","751",NA,1,"associatedReference: (Cussac et al., 2020)",NA,NA,"Cussac et al., 2020",NA,NA,NA,NA,NA,NA,NA,NA,NA,NA,NA
11301,"MAguilar.Lit.Review.497","agui","oncorhynchus tshawytscha",NA,NA,"lago victoria",-41.6167480002,-72.2031210004,"Cussac, V.E.; Barran","497",NA,0,NA,NA,NA,NA,NA,NA,NA,NA,NA,NA,NA,NA,NA,NA,NA
11302,"MAguilar.Lit.Review.749","agui","salmo trutta",2006,NA,"lago victoria",-41.6167480002,-72.2031210004,"Habit, E., Gonzalez,","749",NA,1,"associatedReferences: (Cussac et al., 2020)",NA,NA,"Cussac et al., 2020",NA,NA,NA,NA,NA,NA,NA,NA,NA,NA,NA
11303,"MAguilar.Lit.Review.498","agui","salmo trutta",NA,NA,"lago victoria",-41.6167480002,-72.2031210004,"Cussac, V.E.; Barran","498",NA,0,NA,NA,NA,NA,NA,NA,NA,NA,NA,NA,NA,NA,NA,NA,NA
11312,"MAguilar.Lit.Review.292","agui","salmo trutta",2009,NA,"lago espejo",-45.7384064296,-72.2009615681,"Correa, C. and Hendr","292",NA,0,NA,NA,NA,NA,NA,NA,NA,NA,NA,NA,NA,NA,NA,NA,NA
11317,"MAguilar.Lit.Review.825","agui","salmo trutta",2000,NA,"lago todos los santos",-41.1333333326,-72.2000000004,"https://www.tandfonl","825",NA,NA,"Change bibliographic reference to: Arismendi et al. (2011). Body condition indices as a rapid assessment of the abundance of introduced salmonids in oligotrophic lakes of southern Chile; Change species to O. mykiss",NA,NA,NA,NA,NA,NA,NA,NA,"Arismendi, I., Penaluna, B., & Soto, D. (2011). Body condition indices as a rapid assessment of the abundance of introduced salmonids in oligotrophic lakes of southern Chile. Lake and Reservoir Management, 27(1), 61–69. https://doi.org/10.1080/07438141.2010.536617",NA,NA,NA,NA,NA
11325,"MAguilar.Lit.Review.333","agui","oncorhynchus mykiss",2007,NA,"lago chacano",-46.1728000004,-72.1932999999,"CORREA, C., BRAVO, A","333",NA,0,NA,NA,NA,NA,NA,NA,NA,NA,NA,NA,NA,NA,NA,NA,NA
11326,"MAguilar.Lit.Review.332","agui","salmo trutta",2007,NA,"lago chacano",-46.1728000004,-72.1932999999,"CORREA, C., BRAVO, A","332",NA,0,NA,NA,NA,NA,NA,NA,NA,NA,NA,NA,NA,NA,NA,NA,NA
11339,"MAguilar.Lit.Review.287","agui","oncorhynchus mykiss",2009,NA,"lago chacano",-46.1705326216,-72.1903100985,"Correa, C. and Hendr","287",NA,0,NA,NA,NA,NA,NA,NA,NA,NA,NA,NA,NA,NA,NA,NA,NA
11340,"MAguilar.Lit.Review.291","agui","salmo trutta",2009,NA,"lago chacano",-46.1705326216,-72.1903100985,"Correa, C. and Hendr","291",NA,0,NA,NA,NA,NA,NA,NA,NA,NA,NA,NA,NA,NA,NA,NA,NA
11507,"MAguilar.Lit.Review.1424","agui","galaxias platei",1998,NA,"lago belgrano",-47.8694444439,-72.1461111107,"ZEMLAK, T.S., HABIT,","1424",NA,1,NA,NA,NA,"Ruzzante et al. 2008.",-47.869444,-72.146111,NA,NA,NA,NA,NA,NA,NA,NA,NA
11518,"MAguilar.Lit.Review.985","agui","salvelinus fontinalis",NA,NA,"los lagos laguna (chile)",-41.9180999999,-72.1421000004,"Narum, SR, Gallardo,","985",NA,0,"Coordenada imprecisa.",NA,NA,NA,NA,NA,NA,NA,NA,NA,NA,NA,NA,NA,NA
11568,"MAguilar.Lit.Review.1379","agui","hatcheria macraei",NA,NA,"huichalao",-45.4999999998,-72.1333333327,"Zama A. y Cárdenas E","1379",NA,0,NA,NA,NA,NA,NA,NA,NA,NA,NA,NA,NA,NA,NA,NA,NA
11569,"MMA:ICT:0002748","mma2","hatcheria macraei",NA,NA,"río ñirehuao. rio nireguao entre rio norte y rio picaflor",-45.167,-72.133,"FuenteReg: Campos et",NA,NA,0,NA,NA,NA,NA,NA,NA,NA,NA,NA,NA,NA,NA,NA,NA,NA
11570,"MMA:ICT:0002485","mma2","galaxias platei",NA,NA,"lago pedro aguirre cerda. rio picaflor hasta rio turbio",-45.033,-72.133,"FuenteReg: Campos et",NA,NA,0,NA,NA,NA,NA,NA,NA,NA,NA,NA,NA,NA,NA,NA,NA,NA
11600,"MAguilar.Lit.Review.148","agui","oncorhynchus tshawytscha",2004,NA,"aysén-ñireguao",-45.1700000001,-72.1200000002,"Alò D, Correa C, Sam","148",NA,0,NA,NA,NA,NA,NA,NA,NA,NA,NA,NA,NA,NA,NA,NA,NA
11609,"MCZ:Ich:98722","idig","trichomycterus areolatus",1968,"1968-02-17","stream entering lago buenos ayres.",-46.5263,-72.11705,NA,"98722","mcz",NA,"Change canonicalName to Trichomycteridae. Change scientificName to Trichomycteridae. Way out of range. Record from preserved speciment at MCZ.",NA,NA,NA,NA,NA,NA,NA,NA,NA,NA,NA,NA,NA,NA
11613,"MAguilar.Lit.Review.350","agui","oncorhynchus tshawytscha",2004,NA,"río ñireguao",-45.1666666674,-72.1166666666,"Correa, C., Gross, M","350",NA,0,NA,NA,NA,NA,NA,NA,NA,NA,NA,NA,NA,NA,NA,NA,NA
11694,"MAguilar.Lit.Review.464","agui","galaxias platei",NA,NA,"lago don poli",-46.2166666671,-72.0833333328,"Cussac, V., Ortubay,","464",NA,NA,"Change coordinates to -46.241262, -71.964272",NA,NA,NA,-46.241262,-71.964272,NA,NA,NA,NA,NA,NA,NA,NA,NA
11695,"MAguilar.Lit.Review.348","agui","oncorhynchus tshawytscha",2004,NA,"río simpson",-45.7166666672,-72.0833333328,"Correa, C., Gross, M","348",NA,0,NA,NA,NA,NA,NA,NA,NA,NA,NA,NA,NA,NA,NA,NA,NA
11696,"MAguilar.Lit.Review.1059","agui","aplochiton zebra",NA,NA,"-",-45.5666666666,-72.0833333328,"Rademacher K. 2007. ","1059",NA,0,NA,NA,NA,NA,NA,NA,NA,NA,NA,NA,NA,NA,NA,NA,NA
11722,"MAguilar.Lit.Review.1355","agui","aplochiton zebra",NA,NA,"río claro",-45.5666666666,-72.0666666667,"Zama A. y Cárdenas E","1355",NA,0,NA,NA,NA,NA,NA,NA,NA,NA,NA,NA,NA,NA,NA,NA,NA
11723,"MAguilar.Lit.Review.1378","agui","hatcheria macraei",NA,NA,"coyhaique",-45.5666666666,-72.0666666667,"Zama A. y Cárdenas E","1378",NA,0,NA,NA,NA,NA,NA,NA,NA,NA,NA,NA,NA,NA,NA,NA,NA
11797,"urn:catalog:CAS:ICH:38644","idig","percichthys trucha",1919,"1919-02-27","peulla; 190 m elev.",-41.083333,-72.033333,NA,"38644","cas",1,"associatedReference: (Eigenmann 1928)",NA,NA,"Eigenmann 1928",NA,NA,NA,NA,NA,NA,NA,NA,NA,NA,NA
11801,"baedec8c-c205-47f1-b65d-92ec0eaaf4d1","gbif","aplochiton taeniatus",1919,"1919","peulla, lago todos santos, 190 m. elev",-41.0833,-72.0333,NA,"89063","fmnh",0,NA,NA,NA,NA,NA,NA,NA,NA,NA,NA,NA,NA,NA,NA,NA
11803,"0a90e9cd-2ea0-4f05-8da1-02bf6d18db44","idig","aplochiton zebra",NA,NA,"peulla, lago todos santos, 190 m elev",-41.0833,-72.0333,NA,"78368","fmnh",1,"year: 1919",NA,NA,NA,NA,NA,NA,1919,NA,NA,NA,NA,NA,NA,NA
11805,"394ca869-3888-439c-8d6e-881f19be9e13","gbif","galaxias maculatus",1919,"1919","peulla; lago todos santos, 190 m. elev",-41.0833,-72.0333,NA,"80322","fmnh",0,NA,NA,NA,NA,NA,NA,NA,NA,NA,NA,NA,NA,NA,NA,NA
11809,"9c7a1d2f-5163-43cf-9c93-f64f12c7d280","gbif","galaxias platei",1919,"1919-02","peulla: lago tados santos 190 m. elev",-41.0833,-72.0333,NA,"78410","fmnh",0,NA,NA,NA,NA,NA,NA,NA,NA,NA,NA,NA,NA,NA,NA,NA
11813,"MMA:ICT:0000210","mma2","aplochiton zebra",1919,NA,"lago todos los santos. en puella. lago todos los santos",-41.083,-72.033,"FuenteReg: Eigenmann",NA,NA,0,NA,NA,NA,NA,NA,NA,NA,NA,NA,NA,NA,NA,NA,NA,NA
11815,"MMA:ICT:0003748","mma2","percichthys trucha",1919,NA,"lago todos los santos. en puella. lago todos los santos",-41.083,-72.033,"FuenteReg: Eigenmann",NA,NA,0,NA,NA,NA,NA,NA,NA,NA,NA,NA,NA,NA,NA,NA,NA,NA
11816,"MMA:ICT:0005228","mma2","trichomycterus areolatus",1919,NA,"lago todos los santos. en peulla. lago todos los santos",-41.083,-72.033,"FuenteReg: Eigenmann",NA,NA,0,NA,NA,NA,NA,NA,NA,NA,NA,NA,NA,NA,NA,NA,NA,NA
11830,"MAguilar.Lit.Review.557","agui","salmo trutta",NA,NA,"lago jeinimeni",-46.8543800003,-72.0266579999,"Cussac, V.E.; Barran","557",NA,0,NA,NA,NA,NA,NA,NA,NA,NA,NA,NA,NA,NA,NA,NA,NA
11836,"MAguilar.Lit.Review.777","agui","salmo trutta",2006,NA,"lago jeinimeni",-46.8532460002,-72.0258759998,"Habit, E., Gonzalez,","777",NA,1,"associatedReferences: (Cussac et al., 2020) | (Ortiz-Sandoval et al., 2017)",NA,NA,"Cussac et al., 2020) | (Ortiz-Sandoval et al., 2017",NA,NA,NA,NA,NA,NA,NA,NA,NA,NA,NA
11837,"MAguilar.Lit.Review.1008","agui","salmo trutta",2007,NA,"lago jeinimeni",-46.8532460002,-72.0258759998,"Ortiz-Sandoval, J., ","1008",NA,0,NA,NA,NA,NA,NA,NA,NA,NA,NA,NA,NA,NA,NA,NA,NA
11852,"MAguilar.Lit.Review.317","agui","galaxias platei",2007,NA,"lago monreal2",-45.8724999998,-72.0208999996,"CORREA, C., BRAVO, A","317",NA,0,NA,NA,NA,NA,NA,NA,NA,NA,NA,NA,NA,NA,NA,NA,NA
11853,"MAguilar.Lit.Review.337","agui","oncorhynchus mykiss",2007,NA,"lago monreal 2",-45.8724999998,-72.0208999996,"CORREA, C., BRAVO, A","337",NA,0,NA,NA,NA,NA,NA,NA,NA,NA,NA,NA,NA,NA,NA,NA,NA
11854,"MAguilar.Lit.Review.336","agui","salmo trutta",2007,NA,"lago monreal 2",-45.8724999998,-72.0208999996,"CORREA, C., BRAVO, A","336",NA,0,NA,NA,NA,NA,NA,NA,NA,NA,NA,NA,NA,NA,NA,NA,NA
5944,"CCorrea.Lit.Review.352","fishgis_metadatabase_ccorrea","oncorhynchus keta",1986,NA,"río prat",-52.68588,-72.01994,"CORFO-IFOP (1990) Un",NA,NA,NA,"change coordinates to: -51.556418, -72.736240",NA,NA,NA,-51.556418,-72.73624,NA,NA,NA,NA,NA,NA,NA,NA,NA
11863,"MMA:ICT:0002747","mma2","hatcheria macraei",NA,NA,"río manso. rio manso entre rio steffen y rio puelo",-41.726,-72.019,"FuenteReg: Unmack et",NA,NA,1,"associatedReference: (Unmack et al. 2012)",NA,NA,"Unmack et al. 2012",NA,NA,NA,NA,NA,NA,NA,NA,NA,NA,NA
11864,"MMA:ICT:0002766","mma2","hatcheria macraei",NA,NA,"río manso. puelo-pacific. rio manso entre rio steffen y rio puelo",-41.726389,-72.018694,"FuenteReg: Publicaci",NA,NA,NA,"bibliograph: Unmack et al. 2012. Phylogeography of the catfish Hatcheria macraei reveals a negligible role of drainage divides in structuring populations",NA,NA,NA,NA,NA,NA,NA,NA,NA,NA,NA,NA,NA,NA
11868,"MAguilar.Lit.Review.283","agui","oncorhynchus mykiss",2009,NA,"lago monreal2",-45.8701981553,-72.0178639999,"Correa, C. and Hendr","283",NA,0,NA,NA,NA,NA,NA,NA,NA,NA,NA,NA,NA,NA,NA,NA,NA
11869,"MAguilar.Lit.Review.294","agui","salmo trutta",2009,NA,"lago monreal2",-45.8701981553,-72.0178639999,"Correa, C. and Hendr","294",NA,0,NA,NA,NA,NA,NA,NA,NA,NA,NA,NA,NA,NA,NA,NA,NA
11905,"MAguilar.Lit.Review.973","agui","oncorhynchus tshawytscha",2016,NA,"río ñireguao",-45.1700400001,-71.9972899999,"Muñoz, Nicolas J., R","973",NA,0,NA,NA,NA,NA,NA,NA,NA,NA,NA,NA,NA,NA,NA,NA,NA
11906,"MAguilar.Lit.Review.1034","agui","aplochiton zebra",2007,NA,"lago la paloma",-44.3486666672,-71.987944444,"Ortiz-Sandoval, J., ","1034",NA,NA,"change coordinates to -45.904804, -72.098064",NA,NA,NA,-45.904804,-72.098064,NA,NA,NA,NA,NA,NA,NA,NA,NA
11907,"MAguilar.Lit.Review.1035","agui","oncorhynchus mykiss",2007,NA,"lago la paloma",-44.3486666672,-71.987944444,"Ortiz-Sandoval, J., ","1035",NA,NA,"change coordinates to -45.904804, -72.098064",NA,NA,NA,-45.904804,-72.098064,NA,NA,NA,NA,NA,NA,NA,NA,NA
11908,"MAguilar.Lit.Review.790","agui","salmo trutta",2006,NA,"lago la paloma",-44.3486666672,-71.987944444,"Habit, E., Gonzalez,","790",NA,1,"change coordinates to -45.912403, -72.107499; associatedReference: (Ortiz-Sandoval et al., 2017)",NA,NA,"Ortiz-Sandoval et al., 2017",-45.912403,-72.107499,NA,NA,NA,NA,NA,NA,NA,NA,NA
11909,"MAguilar.Lit.Review.1033","agui","salmo trutta",2007,NA,"lago la paloma",-44.3486666672,-71.987944444,"Ortiz-Sandoval, J., ","1033",NA,0,"change coordinates to -45.904804, -72.098064",NA,NA,NA,-45.904804,-72.098064,NA,NA,NA,NA,NA,NA,NA,NA,NA
11932,"dc526799-1ed3-11e3-bfac-90b11c41863e","vert","diplomystes camposensis",1976,"1976-02-21","curalufu river",-43.30718,-71.971761,"University of Kansas","19257","ku",NA,"Change coordinates to -39.818333, -72.863889, extracted from Arratia y Quezada 2017",NA,NA,NA,-39.818333,-72.863889,NA,NA,NA,NA,NA,NA,NA,NA,NA
11933,"dc528c2f-1ed3-11e3-bfac-90b11c41863e","vert","percichthys trucha",1976,"1976-02-10","curalelfu river",-43.30718,-71.971761,"University of Kansas","19290","ku",NA,"Change coordinates to -39.818333, -72.863889, extracted from Arratia y Quezada 2017",NA,NA,NA,-39.818333,-72.863889,NA,NA,NA,NA,NA,NA,NA,NA,NA
11935,"dc5211e2-1ed3-11e3-bfac-90b11c41863e","vert","trichomycterus areolatus",1976,"1976-02-21","curalufu river",-43.30718,-71.971761,"University of Kansas","19217","ku",NA,"Change coordinates to -39.818333, -72.863889, extracted from Arratia y Quezada 2017",NA,NA,NA,-39.818333,-72.863889,NA,NA,NA,NA,NA,NA,NA,NA,NA
11971,"MAguilar.Lit.Review.972","agui","oncorhynchus tshawytscha",2016,NA,"río el toqui",-45.0272310002,-71.9504570004,"Muñoz, Nicolas J., R","972",NA,0,NA,NA,NA,NA,NA,NA,NA,NA,NA,NA,NA,NA,NA,NA,NA
11974,"MAguilar.Lit.Review.1374","agui","galaxias platei",NA,NA,"lago don poli",-46.2333333332,-71.95,"Zama A. y Cárdenas E","1374",NA,0,"Change coordinates to -46.241262, -71.964272",NA,NA,NA,-46.241262,-71.964272,NA,NA,NA,NA,NA,NA,NA,NA,NA
11992,"MAguilar.Lit.Review.311","agui","galaxias platei",2007,NA,"lago frío",-45.6674999998,-71.9438000001,"CORREA, C., BRAVO, A","311",NA,0,NA,NA,NA,NA,NA,NA,NA,NA,NA,NA,NA,NA,NA,NA,NA
11993,"MAguilar.Lit.Review.312","agui","oncorhynchus mykiss",2007,NA,"lago frío",-45.6674999998,-71.9438000001,"CORREA, C., BRAVO, A","312",NA,0,NA,NA,NA,NA,NA,NA,NA,NA,NA,NA,NA,NA,NA,NA,NA
11998,"MAguilar.Lit.Review.282","agui","oncorhynchus mykiss",2007,NA,"lago frío",-45.6652032195,-71.9407879088,"Correa, C. and Hendr","282",NA,0,NA,NA,NA,NA,NA,NA,NA,NA,NA,NA,NA,NA,NA,NA,NA
11999,"MAguilar.Lit.Review.301","agui","salmo trutta",2007,NA,"lago frío",-45.6652032195,-71.9407879088,"Correa, C. and Hendr","301",NA,0,NA,NA,NA,NA,NA,NA,NA,NA,NA,NA,NA,NA,NA,NA,NA
12007,"MAguilar.Lit.Review.770","agui","salvelinus fontinalis",2006,NA,"lago lonconao",-43.2460749996,-71.9375519997,"Habit, E., Gonzalez,","770",NA,1,"associatedReference: (Cussac et al., 2020)",NA,NA,"Cussac et al., 2020",NA,NA,NA,NA,NA,NA,NA,NA,NA,NA,NA
12008,"MAguilar.Lit.Review.538","agui","salvelinus fontinalis",NA,NA,"lago lonconao",-43.2460749996,-71.9375519997,"Cussac, V.E.; Barran","538",NA,0,NA,NA,NA,NA,NA,NA,NA,NA,NA,NA,NA,NA,NA,NA,NA
12037,"MAguilar.Lit.Review.1393","agui","percichthys trucha",NA,NA,"puerto ibañez (lago gral carrera)",-46.2833333331,-71.9333333331,"Zama A. y Cárdenas E","1393",NA,0,NA,NA,NA,NA,NA,NA,NA,NA,NA,NA,NA,NA,NA,NA,NA
12117,"MMA:ICT:0002772","mma2","hatcheria macraei",NA,NA,"río blanco. baker-pacific. rio blanco",-45.819538,-71.916997,"FuenteReg: Publicaci",NA,NA,NA,"bibliograph: Unmack et al. 2012. Phylogeography of the catfish Hatcheria macraei reveals a negligible role of drainage divides in structuring populations",NA,NA,NA,NA,NA,NA,NA,NA,"Unmack, P. J., Barriga, J. P., Battini, M. A., Habit, E. M., & Johnson, J. B. (2012). Phylogeography of the catfish Hatcheria macraei reveals a negligible role of drainage divides in structuring populations. Molecular Ecology, 21(4), 942–959. https://doi.org/10.1111/j.1365-294X.2011.05408.x",NA,NA,NA,NA,NA
12160,"MAguilar.Lit.Review.321","agui","galaxias platei",2007,NA,"lago quijada",-45.7177,-71.9110000001,"CORREA, C., BRAVO, A","321",NA,0,NA,NA,NA,NA,NA,NA,NA,NA,NA,NA,NA,NA,NA,NA,NA
12161,"MAguilar.Lit.Review.341","agui","salmo trutta",2007,NA,"lago quijada",-45.7177,-71.9110000001,"CORREA, C., BRAVO, A","341",NA,0,NA,NA,NA,NA,NA,NA,NA,NA,NA,NA,NA,NA,NA,NA,NA
12177,"MAguilar.Lit.Review.298","agui","salmo trutta",2009,NA,"lago quijada",-45.7153470434,-71.9079960784,"Correa, C. and Hendr","298",NA,0,NA,NA,NA,NA,NA,NA,NA,NA,NA,NA,NA,NA,NA,NA,NA
12187,"SUBPESCA.PecesContinentales2019.20795","subpesca-1","galaxias maculatus",2012,NA,NA,-44.237694,-71.893648,"ND (NA) Proyecto Sis","20795",NA,0,NA,NA,NA,NA,NA,NA,NA,NA,NA,NA,NA,NA,NA,NA,NA
12198,"MAguilar.Lit.Review.759","agui","oncorhynchus mykiss",2006,NA,"lago blanco",-41.9462019999,-71.8874749999,"Habit, E., Gonzalez,","759",NA,1,"associatedsReference: (Cussac et al., 2020)",NA,NA,"Cussac et al., 2020",NA,NA,NA,NA,NA,NA,NA,NA,NA,NA,NA
12199,"MAguilar.Lit.Review.517","agui","oncorhynchus mykiss",NA,NA,"lago blanco",-41.9462019999,-71.8874749999,"Cussac, V.E.; Barran","517",NA,0,NA,NA,NA,NA,NA,NA,NA,NA,NA,NA,NA,NA,NA,NA,NA
12200,"MAguilar.Lit.Review.760","agui","oncorhynchus tshawytscha",2006,NA,"lago blanco",-41.9462019999,-71.8874749999,"Habit, E., Gonzalez,","760",NA,1,"associatedReference: (Cussac et al., 2020)",NA,NA,"Cussac et al., 2020",NA,NA,NA,NA,NA,NA,NA,NA,NA,NA,NA
12201,"MAguilar.Lit.Review.518","agui","oncorhynchus tshawytscha",NA,NA,"lago blanco",-41.9462019999,-71.8874749999,"Cussac, V.E.; Barran","518",NA,0,NA,NA,NA,NA,NA,NA,NA,NA,NA,NA,NA,NA,NA,NA,NA
12215,"de80666b-7607-4ce4-b4ab-a9bcd9fcdd2d","gbif","aplochiton zebra",1919,"1919","casa panque",-41.05,-71.8833,NA,"77399","fmnh",0,NA,NA,NA,NA,NA,NA,NA,NA,NA,NA,NA,NA,NA,NA,NA
12216,"de80666b-7607-4ce4-b4ab-a9bcd9fcdd2d","idig","aplochiton zebra",1919,NA,"casa panque",-41.05,-71.8833,NA,"77399","fmnh",1,"year: 1919",NA,NA,NA,NA,NA,NA,1919,NA,NA,NA,NA,NA,NA,NA
12219,"MMA:ICT:0005217","mma2","trichomycterus areolatus",1919,NA,"casa pangue. rio peulla",-41.05,-71.883,"FuenteReg: Eigenmann",NA,NA,0,NA,NA,NA,NA,NA,NA,NA,NA,NA,NA,NA,NA,NA,NA,NA
12239,"MMA:ICT:0002744","mma2","hatcheria macraei",NA,NA,"río manso. cuenca río puelo (argentina). rio manso entre frontera y rio de los morros",-41.521,-71.874,"FuenteReg: Unmack et",NA,NA,1,"associatedReference: (Unmack et al. 2012)",NA,NA,"Unmack et al. 2012",NA,NA,NA,NA,NA,NA,NA,NA,NA,NA,NA
12261,"MAguilar.Lit.Review.316","agui","galaxias platei",2007,NA,"lago monreal1",-45.6368999997,-71.8696000002,"CORREA, C., BRAVO, A","316",NA,0,NA,NA,NA,NA,NA,NA,NA,NA,NA,NA,NA,NA,NA,NA,NA
12272,"MAguilar.Lit.Review.817","agui","oncorhynchus tshawytscha",2007,NA,"río aysén",-45.8177500003,-71.8649166674,"https://doi.org/10.1","817",NA,NA,"Rio Huemules. (Montory et al. 2020. Biotransport of persistent organic pollutants in the southern Hemisphere by invasive Chinook salmon (<i>Oncorhynchus tshawytscha</i>) in the rivers of northern Chilean Patagonia, a UNESCO biosphere reserve)",NA,NA,NA,NA,NA,"Rio Huemules",NA,NA,"Montory, M., Habit, E., Fernandez, P., Grimalt, J. O., Kolok, A. S., Barra, R. O., & Ferrer, J. (2020). Biotransport of persistent organic pollutants in the southern Hemisphere by invasive Chinook salmon (Oncorhynchus tshawytscha) in the rivers of northern Chilean Patagonia, a UNESCO biosphere reserve. Environment International, 142, 105803. https://doi.org/10.1016/j.envint.2020.105803",NA,NA,NA,NA,NA
12283,"MAguilar.Lit.Review.319","agui","galaxias platei",2007,NA,"lago pollux",-45.6763,-71.8627000004,"CORREA, C., BRAVO, A","319",NA,0,NA,NA,NA,NA,NA,NA,NA,NA,NA,NA,NA,NA,NA,NA,NA
12284,"MAguilar.Lit.Review.339","agui","oncorhynchus mykiss",2007,NA,"lago pollux",-45.6763,-71.8627000004,"CORREA, C., BRAVO, A","339",NA,0,NA,NA,NA,NA,NA,NA,NA,NA,NA,NA,NA,NA,NA,NA,NA
12300,"MAguilar.Lit.Review.284","agui","oncorhynchus mykiss",2007,NA,"lago pollux",-45.6739544117,-71.8596643523,"Correa, C. and Hendr","284",NA,0,NA,NA,NA,NA,NA,NA,NA,NA,NA,NA,NA,NA,NA,NA,NA
12301,"MAguilar.Lit.Review.302","agui","salmo trutta",2007,NA,"lago pollux",-45.6739544117,-71.8596643523,"Correa, C. and Hendr","302",NA,0,NA,NA,NA,NA,NA,NA,NA,NA,NA,NA,NA,NA,NA,NA,NA
12304,"MAguilar.Lit.Review.813","agui","oncorhynchus tshawytscha",2007,NA,"río huemules",-45.8167160002,-71.8579220004,"https://doi.org/10.1","813",NA,NA,"(Montory et al. 2020. Biotransport of persistent organic pollutants in the southern Hemisphere by invasive Chinook salmon (<i>Oncorhynchus tshawytscha</i>) in the rivers of northern Chilean Patagonia, a UNESCO biosphere reserve)",NA,NA,NA,NA,NA,NA,NA,NA,"Montory, M., Habit, E., Fernandez, P., Grimalt, J. O., Kolok, A. S., Barra, R. O., & Ferrer, J. (2020). Biotransport of persistent organic pollutants in the southern Hemisphere by invasive Chinook salmon (Oncorhynchus tshawytscha) in the rivers of northern Chilean Patagonia, a UNESCO biosphere reserve. Environment International, 142, 105803. https://doi.org/10.1016/j.envint.2020.105803",NA,NA,NA,NA,NA
12306,"MAguilar.Lit.Review.974","agui","oncorhynchus tshawytscha",2016,NA,"río huemules",-45.8174649997,-71.8569919998,"Muñoz, Nicolas J., R","974",NA,0,NA,NA,NA,NA,NA,NA,NA,NA,NA,NA,NA,NA,NA,NA,NA
12310,"MAguilar.Lit.Review.323","agui","galaxias platei",2007,NA,"lago el toro",-45.5299,-71.8534999997,"CORREA, C., BRAVO, A","323",NA,0,NA,NA,NA,NA,NA,NA,NA,NA,NA,NA,NA,NA,NA,NA,NA
12313,"MAguilar.Lit.Review.314","agui","galaxias platei",2007,NA,"laguna juncos",-45.6336000004,-71.8509000003,"CORREA, C., BRAVO, A","314",NA,0,NA,NA,NA,NA,NA,NA,NA,NA,NA,NA,NA,NA,NA,NA,NA
12315,"MAguilar.Lit.Review.746","agui","oncorhynchus mykiss",2006,NA,"lago azul",-41.949129,-71.8505280003,"Habit, E., Gonzalez,","746",NA,1,"associatedsReference: (Cussac et al., 2020)",NA,NA,"Cussac et al., 2020",NA,NA,NA,NA,NA,NA,NA,NA,NA,NA,NA
12318,"MAguilar.Lit.Review.745","agui","salmo trutta",2006,NA,"lago azul",-41.949129,-71.8505280003,"Habit, E., Gonzalez,","745",NA,1,"associatedsReference: (Cussac et al., 2020)",NA,NA,"Cussac et al., 2020",NA,NA,NA,NA,NA,NA,NA,NA,NA,NA,NA
12319,"MAguilar.Lit.Review.1372","agui","galaxias platei",NA,NA,"lago pollux",-45.6666666673,-71.8500000002,"Zama A. y Cárdenas E","1372",NA,0,NA,NA,NA,NA,NA,NA,NA,NA,NA,NA,NA,NA,NA,NA,NA
12320,"MAguilar.Lit.Review.491","agui","oncorhynchus mykiss",NA,NA,"lago azul",-41.9496440004,-71.8492919999,"Cussac, V.E.; Barran","491",NA,0,NA,NA,NA,NA,NA,NA,NA,NA,NA,NA,NA,NA,NA,NA,NA
12321,"MAguilar.Lit.Review.492","agui","salmo trutta",NA,NA,"lago azul",-41.9496440004,-71.8492919999,"Cussac, V.E.; Barran","492",NA,0,NA,NA,NA,NA,NA,NA,NA,NA,NA,NA,NA,NA,NA,NA,NA
12350,"MAguilar.Lit.Review.315","agui","galaxias platei",2007,NA,"lago leon",-45.6161000001,-71.8405000001,"CORREA, C., BRAVO, A","315",NA,0,NA,NA,NA,NA,NA,NA,NA,NA,NA,NA,NA,NA,NA,NA,NA
12369,"MAguilar.Lit.Review.754","agui","oncorhynchus mykiss",2006,NA,"lago las rocas",-42.0357230003,-71.8315429998,"Habit, E., Gonzalez,","754",NA,1,"associatedReference: (Cussac et al., 2020)",NA,NA,"Cussac et al., 2020",NA,NA,NA,NA,NA,NA,NA,NA,NA,NA,NA
12371,"MAguilar.Lit.Review.499","agui","oncorhynchus mykiss",NA,NA,"lago las rocas",-42.0357230003,-71.8315429998,"Cussac, V.E.; Barran","499",NA,0,NA,NA,NA,NA,NA,NA,NA,NA,NA,NA,NA,NA,NA,NA,NA
12372,"MAguilar.Lit.Review.753","agui","salmo trutta",2006,NA,"lago las rocas",-42.0357230003,-71.8315429998,"Habit, E., Gonzalez,","753",NA,1,"associatedsReference: (Cussac et al., 2020)",NA,NA,"Cussac et al., 2020",NA,NA,NA,NA,NA,NA,NA,NA,NA,NA,NA
12373,"MAguilar.Lit.Review.501","agui","salmo trutta",NA,NA,"lago las rocas",-42.0357230003,-71.8315429998,"Cussac, V.E.; Barran","501",NA,0,NA,NA,NA,NA,NA,NA,NA,NA,NA,NA,NA,NA,NA,NA,NA
12374,"MAguilar.Lit.Review.755","agui","salvelinus fontinalis",2006,NA,"lago las rocas",-42.0357230003,-71.8315429998,"Habit, E., Gonzalez,","755",NA,1,"associatedReference: (Cussac et al., 2020)",NA,NA,"Cussac et al., 2020",NA,NA,NA,NA,NA,NA,NA,NA,NA,NA,NA
12375,"MAguilar.Lit.Review.500","agui","salvelinus fontinalis",NA,NA,"lago las rocas",-42.0357230003,-71.8315429998,"Cussac, V.E.; Barran","500",NA,0,NA,NA,NA,NA,NA,NA,NA,NA,NA,NA,NA,NA,NA,NA,NA
12381,"MAguilar.Lit.Review.327","agui","salmo trutta",2007,NA,"laguna brava",-45.0997000003,-71.8272000001,"CORREA, C., BRAVO, A","327",NA,0,NA,NA,NA,NA,NA,NA,NA,NA,NA,NA,NA,NA,NA,NA,NA
12385,"MAguilar.Lit.Review.310","agui","galaxias platei",2007,NA,"laguna escondida",-45.5324000002,-71.8259000004,"CORREA, C., BRAVO, A","310",NA,0,NA,NA,NA,NA,NA,NA,NA,NA,NA,NA,NA,NA,NA,NA,NA
12386,"MAguilar.Lit.Review.289","agui","salmo trutta",2009,NA,"laguna brava",-45.0973112237,-71.8242545198,"Correa, C. and Hendr","289",NA,0,NA,NA,NA,NA,NA,NA,NA,NA,NA,NA,NA,NA,NA,NA,NA
12395,"MAguilar.Lit.Review.346","agui","oncorhynchus tshawytscha",2004,NA,"río pico",-44.1999999997,-71.8166666672,"Correa, C., Gross, M","346",NA,0,NA,NA,NA,NA,NA,NA,NA,NA,NA,NA,NA,NA,NA,NA,NA
12400,"MAguilar.Lit.Review.313","agui","galaxias platei",2007,NA,"laguna gemela",-45.5462999999,-71.8162,"CORREA, C., BRAVO, A","313",NA,0,NA,NA,NA,NA,NA,NA,NA,NA,NA,NA,NA,NA,NA,NA,NA
12422,"MAguilar.Lit.Review.343","agui","oncorhynchus mykiss",2007,NA,"lago thompson",-45.6467000002,-71.7929000002,"CORREA, C., BRAVO, A","343",NA,0,NA,NA,NA,NA,NA,NA,NA,NA,NA,NA,NA,NA,NA,NA,NA
12423,"MAguilar.Lit.Review.550","agui","oncorhynchus mykiss",NA,NA,"lago thompson",-45.6466800002,-71.7925359996,"Cussac, V.E.; Barran","550",NA,0,NA,NA,NA,NA,NA,NA,NA,NA,NA,NA,NA,NA,NA,NA,NA
12429,"MAguilar.Lit.Review.305","agui","oncorhynchus mykiss",2007,NA,"lago thompson",-45.6475879027,-71.7909904562,"Correa, C. and Hendr","305",NA,0,NA,NA,NA,NA,NA,NA,NA,NA,NA,NA,NA,NA,NA,NA,NA
12430,"MAguilar.Lit.Review.304","agui","salmo trutta",2007,NA,"lago thompson",-45.6475879027,-71.7909904562,"Correa, C. and Hendr","304",NA,0,NA,NA,NA,NA,NA,NA,NA,NA,NA,NA,NA,NA,NA,NA,NA
12466,"MAguilar.Lit.Review.308","agui","galaxias platei",2007,NA,"lago castor",-45.6002999999,-71.7814999997,"CORREA, C., BRAVO, A","308",NA,0,NA,NA,NA,NA,NA,NA,NA,NA,NA,NA,NA,NA,NA,NA,NA
12467,"MAguilar.Lit.Review.330","agui","oncorhynchus mykiss",2007,NA,"lago castor",-45.6002999999,-71.7814999997,"CORREA, C., BRAVO, A","330",NA,0,NA,NA,NA,NA,NA,NA,NA,NA,NA,NA,NA,NA,NA,NA,NA
12469,"MAguilar.Lit.Review.757","agui","oncorhynchus mykiss",2006,NA,"lago inferior",-42.0964019999,-71.7814599997,"Habit, E., Gonzalez,","757",NA,1,"associatedReference:(Cussac et al., 2020)",NA,NA,"Cussac et al., 2020",NA,NA,NA,NA,NA,NA,NA,NA,NA,NA,NA
12471,"MAguilar.Lit.Review.502","agui","oncorhynchus mykiss",NA,NA,"lago inferior",-42.0964019999,-71.7814599997,"Cussac, V.E.; Barran","502",NA,0,NA,NA,NA,NA,NA,NA,NA,NA,NA,NA,NA,NA,NA,NA,NA
12473,"MAguilar.Lit.Review.756","agui","salmo trutta",2006,NA,"lago inferior",-42.0964019999,-71.7814599997,"Habit, E., Gonzalez,","756",NA,1,"associatedsReference: (Cussac et al., 2020) | (Ortiz-Sandoval et al., 2017)",NA,NA,"Cussac et al., 2020) | (Ortiz-Sandoval et al., 2017",NA,NA,NA,NA,NA,NA,NA,NA,NA,NA,NA
12474,"MAguilar.Lit.Review.1003","agui","salmo trutta",2007,NA,"lago inferior",-42.0964019999,-71.7814599997,"Ortiz-Sandoval, J., ","1003",NA,0,NA,NA,NA,NA,NA,NA,NA,NA,NA,NA,NA,NA,NA,NA,NA
12475,"MAguilar.Lit.Review.504","agui","salmo trutta",NA,NA,"lago inferior",-42.0964019999,-71.7814599997,"Cussac, V.E.; Barran","504",NA,0,NA,NA,NA,NA,NA,NA,NA,NA,NA,NA,NA,NA,NA,NA,NA
12476,"MAguilar.Lit.Review.758","agui","salvelinus fontinalis",2006,NA,"lago inferior",-42.0964019999,-71.7814599997,"Habit, E., Gonzalez,","758",NA,1,"associatedReference: (Cussac et al., 2020)",NA,NA,"Cussac et al., 2020",NA,NA,NA,NA,NA,NA,NA,NA,NA,NA,NA
12477,"MAguilar.Lit.Review.503","agui","salvelinus fontinalis",NA,NA,"lago inferior",-42.0964019999,-71.7814599997,"Cussac, V.E.; Barran","503",NA,0,NA,NA,NA,NA,NA,NA,NA,NA,NA,NA,NA,NA,NA,NA,NA
12480,"MAguilar.Lit.Review.286","agui","oncorhynchus mykiss",2007,NA,"lago castor",-45.5979283735,-71.7785410422,"Correa, C. and Hendr","286",NA,0,NA,NA,NA,NA,NA,NA,NA,NA,NA,NA,NA,NA,NA,NA,NA
12481,"MAguilar.Lit.Review.303","agui","salmo trutta",2007,NA,"lago castor",-45.5979283735,-71.7785410422,"Correa, C. and Hendr","303",NA,0,NA,NA,NA,NA,NA,NA,NA,NA,NA,NA,NA,NA,NA,NA,NA
12530,"MAguilar.Lit.Review.792","agui","oncorhynchus mykiss",2006,NA,"lago thompson",-44.5955277783,-71.7400555562,"Habit, E., Gonzalez,","792",NA,NA,"change coordinates to: -45.645929, -71.791763, associated reference: (Cussac et al., 2020)",NA,NA,"Cussac et al., 2020",-45.645929,-71.791763,NA,NA,NA,NA,NA,NA,NA,NA,NA
12533,"MAguilar.Lit.Review.814","agui","oncorhynchus tshawytscha",2007,NA,"río huemules",-45.8575510002,-71.7386450002,"https://doi.org/10.1","814",NA,NA,"(Montory et al. 2020. Biotransport of persistent organic pollutants in the southern Hemisphere by invasive Chinook salmon (<i>Oncorhynchus tshawytscha</i>) in the rivers of northern Chilean Patagonia, a UNESCO biosphere reserve)",NA,NA,NA,NA,NA,NA,NA,NA,"Montory, M., Habit, E., Fernandez, P., Grimalt, J. O., Kolok, A. S., Barra, R. O., & Ferrer, J. (2020). Biotransport of persistent organic pollutants in the southern Hemisphere by invasive Chinook salmon (Oncorhynchus tshawytscha) in the rivers of northern Chilean Patagonia, a UNESCO biosphere reserve. Environment International, 142, 105803. https://doi.org/10.1016/j.envint.2020.105803",NA,NA,NA,NA,NA
12538,"MAguilar.Lit.Review.371","agui","aplochiton zebra",NA,NA,"lago futalaufquen",-42.7666666668,-71.7333333326,"Cussac, V., Ortubay,","371",NA,0,"also in Lattucca 2008",NA,NA,NA,NA,NA,NA,NA,NA,NA,NA,NA,NA,NA,NA
12589,"MAguilar.Lit.Review.1304","agui","galaxias maculatus",2002,NA,"laguna los césares",-41.316666667,-71.7166666674,"Viozzi G. Semenas L.","1304",NA,NA,"change coordinates to -41.308042, -71.688649",NA,NA,NA,-41.308042,-71.688649,NA,NA,NA,NA,NA,NA,NA,NA,NA
12590,"MAguilar.Lit.Review.1306","agui","galaxias maculatus",1995,NA,"lago fonck",-41.3000000001,-71.7166666674,"Viozzi G. Semenas L.","1306",NA,NA,"change coordinates to -41.313347, -71.781624",NA,NA,NA,-41.313347,-71.781624,NA,NA,NA,NA,NA,NA,NA,NA,NA
12595,"MMA:ICT:0002742","mma2","hatcheria macraei",NA,NA,"río huemules. vertiente chilena del rio simpson en la frontera",-45.906,-71.712,"OrigenReg: Publicaci",NA,NA,1,"associated reference: (Unmack et al. 2012)",NA,NA,"Unmack et al. 2012",NA,NA,NA,NA,NA,NA,NA,NA,NA,NA,NA
12598,"MMA:ICT:0002768","mma2","hatcheria macraei",NA,NA,"río huemules. aysén-pacific. vertiente chilena del rio simpson en la frontera",-45.906333,-71.711722,"FuenteReg: Publicaci",NA,NA,0,"bibliograph: Unmack et al. 2012. Phylogeography of the catfish Hatcheria macraei reveals a negligible role of drainage divides in structuring populations",NA,NA,NA,NA,NA,NA,NA,NA,"Unmack, P. J., Barriga, J. P., Battini, M. A., Habit, E. M., & Johnson, J. B. (2012). Phylogeography of the catfish Hatcheria macraei reveals a negligible role of drainage divides in structuring populations. Molecular Ecology, 21(4), 942–959. https://doi.org/10.1111/j.1365-294X.2011.05408.x",NA,NA,NA,NA,NA
12652,"daaaa010-2911-4dee-90d1-57bb6da0b964","idig","odontesthes",1990,"1990-01-19","punta arenas, fish market (ex. coop. pescadores), prov. magallanes, xii region; straits of magellan",-53.0833333,-71.6833333,NA,"218448","ummz",NA,"Collected by Brian Dyer. Location says Punta Arenas, can ask him.",NA,NA,NA,NA,NA,NA,NA,NA,NA,NA,NA,NA,NA,NA
12658,"MMA:ICT:0002467","mma2","galaxias platei",1990,"1990-01-24","lake general carrera, bahia jara, 17 km w of chile chico, at mouth of arroyo or estero bano, prov. general carrera,*. costeras entre rio jeinemeni y rio san jose",-46.533,-71.683,"OrigenReg: Fishnet2,",NA,NA,0,NA,NA,NA,NA,NA,NA,NA,NA,NA,NA,NA,NA,NA,NA,NA
12659,"MMA:ICT:0003123","mma2","odontesthes hatcheri",1990,"1990-01-24","lake general carrera, bahia jara, 17 km w of chile chico, at mouth of arroyo or estero bano, prov. general carrera,*. costeras entre rio jeinemeni y rio san jose",-46.533,-71.683,"OrigenReg: Fishnet2,",NA,NA,0,NA,NA,NA,NA,NA,NA,NA,NA,NA,NA,NA,NA,NA,NA,NA
12660,"MMA:ICT:0003733","mma2","percichthys trucha",1990,"1990-01-24","lake general carrera, bahia jara, 17 km w of chile chico, at mouth of arroyo or estero bano, prov. general carrera,*. costeras entre rio jeinemeni y rio san jose",-46.533,-71.683,"OrigenReg: Fishnet2,",NA,NA,0,NA,NA,NA,NA,NA,NA,NA,NA,NA,NA,NA,NA,NA,NA,NA
12662,"CCorrea.Lit.Review.1365","fishgis_metadatabase_ccorrea","odontesthes hatcheri",1990,NA,"lake general carrera, bahia jara, 17 km w of chile chico, at mouth of arroyo or estero bano, prov. general carrera,*",-46.53318,-71.68285,"Dyer, B. (1994) Spec",NA,NA,0,NA,NA,NA,NA,NA,NA,NA,NA,NA,NA,NA,NA,NA,NA,NA
12744,"MAguilar.Lit.Review.1303","agui","galaxias maculatus",2004,NA,"lago llum",-41.2666666671,-71.6666666666,"Viozzi G. Semenas L.","1303",NA,NA,"change coordinates to -41.306331, -71.531888",NA,NA,NA,-41.306331,-71.531888,NA,NA,NA,NA,NA,NA,NA,NA,NA
12819,"MAguilar.Lit.Review.370","agui","aplochiton zebra",NA,NA,"lago rivadavia",-42.5500000003,-71.6333333328,"Cussac, V., Ortubay,","370",NA,0,"also in Lattucca 2008",NA,NA,NA,NA,NA,NA,NA,NA,NA,NA,NA,NA,NA,NA
12825,"MAguilar.Lit.Review.1305","agui","galaxias maculatus",1997,NA,"lago mascardi",-41.2833333332,-71.6333333328,"Viozzi G. Semenas L.","1305",NA,NA,"change coordinates to -41.349959, -71.552160",NA,NA,NA,-41.349959,-71.55216,NA,NA,NA,NA,NA,NA,NA,NA,NA
12840,"MAguilar.Lit.Review.815","agui","oncorhynchus tshawytscha",2007,NA,"río huemules",-45.2739749997,-71.6298670003,"https://doi.org/10.1","815",NA,NA,"Ñirehuao (Montory et al. 2020. Biotransport of persistent organic pollutants in the southern Hemisphere by invasive Chinook salmon (<i>Oncorhynchus tshawytscha</i>) in the rivers of northern Chilean Patagonia, a UNESCO biosphere reserve)",NA,NA,NA,NA,NA,"Ñirehuao",NA,NA,"Montory, M., Habit, E., Fernandez, P., Grimalt, J. O., Kolok, A. S., Barra, R. O., & Ferrer, J. (2020). Biotransport of persistent organic pollutants in the southern Hemisphere by invasive Chinook salmon (Oncorhynchus tshawytscha) in the rivers of northern Chilean Patagonia, a UNESCO biosphere reserve. Environment International, 142, 105803. https://doi.org/10.1016/j.envint.2020.105803",NA,NA,NA,NA,NA
12958,"MAguilar.Lit.Review.1308","agui","galaxias maculatus",2003,NA,"laguna los moscos",-41.35,-71.5999999998,"Viozzi G. Semenas L.","1308",NA,NA,"change coordinates to -41.345645, -71.619084",NA,NA,NA,-41.345645,-71.619084,NA,NA,NA,NA,NA,NA,NA,NA,NA
12988,"MAguilar.Lit.Review.821","agui","oncorhynchus tshawytscha",1999,NA,"río futaleufú",-43.1333333331,-71.5833333329,"https://doi.org/10.1","821",NA,NA,"Change bibliographic to (Di Prinzio and Pascual 2008. The establishment of exotic Chinook salmon (Oncorhynchus tshawytscha) in Pacific rivers of Chubut, Patagonia, Argentina.)",NA,NA,NA,NA,NA,NA,NA,NA,"Di Prinzio, C. Y., & Pascual, M. A. (2008). The establishment of exotic Chinook salmon (Oncorhynchus tshawytscha) in Pacific rivers of Chubut, Patagonia, Argentina. Annales de Limnologie - International Journal of Limnology, 44, 25–32.",NA,NA,NA,NA,NA
13055,"MAguilar.Lit.Review.1313","agui","galaxias maculatus",1997,NA,"lago steffen",-41.5166666666,-71.5499999999,"Viozzi G. Semenas L.","1313",NA,NA,"change coordinates to -41.516816, -71.580105",NA,NA,NA,-41.516816,-71.580105,NA,NA,NA,NA,NA,NA,NA,NA,NA
13091,"MAguilar.Lit.Review.823","agui","oncorhynchus tshawytscha",1999,NA,"río pico",-44.3333333334,-71.533333333,"https://doi.org/10.1","823",NA,NA,"Change bibliographic to (Di Prinzio and Pascual 2008. The establishment of exotic Chinook salmon (Oncorhynchus tshawytscha) in Pacific rivers of Chubut, Patagonia, Argentina.)",NA,NA,NA,NA,NA,NA,NA,NA,"Di Prinzio, C. Y., & Pascual, M. A. (2008). The establishment of exotic Chinook salmon (Oncorhynchus tshawytscha) in Pacific rivers of Chubut, Patagonia, Argentina. Annales de Limnologie - International Journal of Limnology, 44, 25–32.",NA,NA,NA,NA,NA
13112,"MAguilar.Lit.Review.816","agui","oncorhynchus tshawytscha",2007,NA,"río huemules",-45.3433409997,-71.5241219999,"https://doi.org/10.1","816",NA,NA,"Ñirehuao (Montory et al. 2020. Biotransport of persistent organic pollutants in the southern Hemisphere by invasive Chinook salmon (<i>Oncorhynchus tshawytscha</i>) in the rivers of northern Chilean Patagonia, a UNESCO biosphere reserve)",NA,NA,NA,NA,NA,"Ñirehuao",NA,NA,"Montory, M., Habit, E., Fernandez, P., Grimalt, J. O., Kolok, A. S., Barra, R. O., & Ferrer, J. (2020). Biotransport of persistent organic pollutants in the southern Hemisphere by invasive Chinook salmon (Oncorhynchus tshawytscha) in the rivers of northern Chilean Patagonia, a UNESCO biosphere reserve. Environment International, 142, 105803. https://doi.org/10.1016/j.envint.2020.105803",NA,NA,NA,NA,NA
13133,"MAguilar.Lit.Review.1310","agui","galaxias maculatus",2003,NA,"laguna juventus",-41.3666666669,-71.5166666669,"Viozzi G. Semenas L.","1310",NA,NA,"change coordinates to -41.362980, -71.524557",NA,NA,NA,-41.36298,-71.524557,NA,NA,NA,NA,NA,NA,NA,NA,NA
13134,"MAguilar.Lit.Review.1307","agui","galaxias maculatus",2002,NA,"lago verde",-41.3333333331,-71.5166666669,"Viozzi G. Semenas L.","1307",NA,NA,"change coordinates to -41.359543, -71.508514",NA,NA,NA,-41.359543,-71.508514,NA,NA,NA,NA,NA,NA,NA,NA,NA
13170,"MAguilar.Lit.Review.1312","agui","galaxias maculatus",2003,NA,"lago huala hue",-41.4166666668,-71.5,"Viozzi G. Semenas L.","1312",NA,NA,"change coordinates to -41.511004, -71.506849",NA,NA,NA,-41.511004,-71.506849,NA,NA,NA,NA,NA,NA,NA,NA,NA
13191,"MAguilar.Lit.Review.822","agui","oncorhynchus tshawytscha",1999,NA,"río corcovado",-43.5500000001,-71.4833333331,"https://doi.org/10.1","822",NA,NA,"Change bibliographic to (Di Prinzio and Pascual 2008. The establishment of exotic Chinook salmon (Oncorhynchus tshawytscha) in Pacific rivers of Chubut, Patagonia, Argentina.)",NA,NA,NA,NA,NA,NA,NA,NA,"Di Prinzio, C. Y., & Pascual, M. A. (2008). The establishment of exotic Chinook salmon (Oncorhynchus tshawytscha) in Pacific rivers of Chubut, Patagonia, Argentina. Annales de Limnologie - International Journal of Limnology, 44, 25–32.",NA,NA,NA,NA,NA
13223,"MAguilar.Lit.Review.986","agui","salvelinus fontinalis",NA,NA,"parrillar laguna (chile)",-53.4223999999,-71.4547000001,"Narum, SR, Gallardo,","986",NA,0,NA,NA,NA,NA,NA,NA,NA,NA,NA,NA,NA,NA,NA,NA,NA
13252,"MAguilar.Lit.Review.369","agui","aplochiton zebra",NA,NA,"lago epuyén",-42.25,-71.4166666671,"Cussac, V., Ortubay,","369",NA,0,"also in Lattucca 2008",NA,NA,NA,NA,NA,NA,NA,NA,NA,NA,NA,NA,NA,NA
13288,"MAguilar.Lit.Review.43","agui","hatcheria macraei",NA,NA,"lago rosario",-43.2499999998,-71.3333333334,"Aigo, J., Cussac, V.","43",NA,0,NA,NA,NA,NA,NA,NA,NA,NA,NA,NA,NA,NA,NA,NA,NA
13301,"FFPAT042-11","gbif","hatcheria macraei",2007,"2007-05-09","lago rosario",-43.25,-71.33333,NA,NA,"universidad nacional de la plata, facultad de ciencias naturales y museo",1,NA,NA,NA,"(Aigo et al., 2008)",NA,NA,NA,NA,NA,NA,NA,NA,NA,NA,NA
13352,"MAguilar.Lit.Review.1075","agui","eleginops maclovinus",NA,NA,"estrecho de magallanes",-53.9999999999,-71.0000000001,"Rademacher K. 2007. ","1075",NA,0,NA,NA,NA,NA,NA,NA,NA,NA,NA,NA,NA,NA,NA,NA,NA
13382,"MAguilar.Lit.Review.389","agui","galaxias maculatus",NA,NA,"río rogeles",-52.7666666666,-70.9500000002,"Cussac, V., Ortubay,","389",NA,NA,"Precise location unknown",NA,NA,NA,NA,NA,NA,NA,NA,NA,NA,NA,NA,NA,NA
13385,"MMA:ICT:0002795","mma2","mordacia lapicida",1976,NA,"rio san juan , peninsula de brunswick. costeras entre rio de genner y rio san juan",-53.707,-70.933,NA,NA,NA,1,"change coordinates to -53.656160, -70.954762",NA,NA,NA,-53.65616,-70.954762,NA,NA,NA,NA,NA,NA,NA,NA,NA
13388,"http://n2t.net/ark:/65665/3225edb47-0971-4128-aeb8-fab3b924940b","vert","eleginops maclovinus",1888,NA,"sandy pt. (punta arenas), str. magellan",-53.17,-70.92,"National Museum of N","77319","usnm",0,NA,NA,NA,NA,NA,NA,NA,NA,NA,NA,NA,NA,NA,NA,NA
13391,"MAguilar.Lit.Review.1092","agui","geotria australis",NA,NA,"georgia del sur",-53.5833333329,-70.9166666672,"Rademacher K. 2007. ","1092",NA,0,"Remove record: Georgia del sur","remove",NA,NA,NA,NA,NA,NA,NA,NA,NA,NA,NA,NA,NA
13397,"URI:catalog:ROM:Ichthyology:81200","idig","animalia",1995,"1995-02-15","punta arenas, rio pescado",-52.91667,-70.9,NA,"81200","rom",NA,"Change canonicalName to Galaxias",NA,NA,NA,NA,NA,NA,NA,NA,NA,NA,NA,NA,NA,NA
13429,"MCZ:Ich:18133","idig","odontesthes humensis",1872,"1872-03-16","off straits of magellan, sandy point",-53.16117,-70.87788,NA,"18133","mcz",NA,"Most likely O. smitti. Check with Brian if he reviewed specimens from MCZ. If marine record, Remove from database.",NA,NA,NA,NA,NA,NA,NA,NA,NA,NA,NA,NA,NA,NA
13435,"http://n2t.net/ark:/65665/30c2d52d4-36f2-4cb3-b139-dfdd240873bd","vert","eleginops maclovinus",1888,NA,"laredo bay",-53,-70.87,"National Museum of N","77320","usnm",0,NA,NA,NA,NA,NA,NA,NA,NA,NA,NA,NA,NA,NA,NA,NA
13488,"MAguilar.Lit.Review.1061","agui","aplochiton zebra",NA,NA,"tierra del fuego",-53.9999999999,-70.0000000003,"Rademacher K. 2007. ","1061",NA,0,"Remove. Vague locality from McDowall 1971","remove",NA,NA,NA,NA,NA,NA,NA,NA,NA,NA,NA,NA,NA
13491,"MMA:ICT:0002154","mma2","galaxias maculatus",NA,NA,"río cóndor en desembocadura. rio condor",-53.987,-69.915,"OrigenReg: Publicaci",NA,NA,0,NA,NA,NA,NA,NA,NA,NA,NA,NA,NA,NA,NA,NA,NA,NA
13520,"http://n2t.net/ark:/65665/360d8aa28-6917-4968-9d21-d9555c637d8f","vert","galaxiidae",1971,NA,"puerto celular, bahia york, isla de los estados, argentina",-54.7875,-69.3183,"National Museum of N","340197","usnm",NA,"Change coordinates to -54.787500, -64.318300, obtained from USNM",NA,NA,NA,-54.7875,-64.3183,NA,NA,NA,NA,NA,NA,NA,NA,NA
13563,"MAguilar.Lit.Review.988","agui","salvelinus fontinalis",NA,NA,"río alonso (chile)",-54.5083000003,-68.7393000004,"Narum, SR, Gallardo,","988",NA,0,NA,NA,NA,NA,NA,NA,NA,NA,NA,NA,NA,NA,NA,NA,NA
13564,"MAguilar.Lit.Review.987","agui","salvelinus fontinalis",NA,NA,"lago fagnano (chile)",-54.4997999996,-68.7319,"Narum, SR, Gallardo,","987",NA,0,NA,NA,NA,NA,NA,NA,NA,NA,NA,NA,NA,NA,NA,NA,NA
13676,"http://coldb.mnhn.fr/catalognumber/mnhn/ic/1884-0807","gbif","eleginops maclovinus",1884,"1884","orange",-55.167,-68.667,NA,"1884-0807","mnhn",NA,"change coordinates to -55.515400, -68.060900",NA,NA,NA,-55.5154,-68.0609,NA,NA,NA,NA,NA,NA,NA,NA,NA
13677,"http://coldb.mnhn.fr/catalognumber/mnhn/ic/1884-0867","gbif","galaxias maculatus",1884,"1884","orange",-55.167,-68.667,NA,"1884-0847","mnhn",NA,"change coordinates to -55.515400, -68.060900",NA,NA,NA,-55.5154,-68.0609,NA,NA,NA,NA,NA,NA,NA,NA,NA
13578,"12A7BF27-D06E-4DFF-B666-98AEB5C14877","gbif","galaxias maculatus",2006,"2006-02-21","[large river (name unknown)], near estancia canasaca, [península dumas], [isla hoste], [ca. 15.7 air miles sw center ushuaia, argentina], [communa de cabo de hornos], [see remarks]",-54.942501,-68.593201,NA,"50899","ncsm",0,NA,NA,NA,NA,NA,NA,NA,NA,NA,NA,NA,NA,NA,NA,NA
13585,"6869AEBF-06CF-4E41-A2DB-52F5AD28066F","gbif","galaxias maculatus",2006,"2006-02-21","[river (name unknown)], 50 meters upstream of [canal beagle], near estancia canasaca, [península dumas], [isla hoste], [ca. 15.7 air miles sw center ushuaia, argentina], [communa de cabo de hornos], [see remarks]",-54.945099,-68.588203,NA,"50894","ncsm",0,NA,NA,NA,NA,NA,NA,NA,NA,NA,NA,NA,NA,NA,NA,NA
13604,"3D31FFF0-AF4F-4941-B2A6-4014D06DF148","vert","galaxias maculatus",2006,"2006-02-22","small stream [name unknown] beside estancia canasaca, [península dumas], [isla hoste], [ca. 14.9 air miles sw center ushuaia, argentina], [communa de cabo de hornos], [see remarks]",-54.9416,-68.5656,"North Carolina Museu","50900","ncsm",0,NA,NA,NA,NA,NA,NA,NA,NA,NA,NA,NA,NA,NA,NA,NA
13607,"MAguilar.Lit.Review.984","agui","geotria australis",NA,NA,"río lapataia",-54.8422222223,-68.5641666673,"Nardi, C.F., Sánchez","984",NA,NA,"Remove. eDNA","remove",NA,NA,NA,NA,NA,NA,NA,NA,NA,NA,NA,NA,NA
13619,"MAguilar.Lit.Review.391","agui","galaxias maculatus",NA,NA,"lago roca",-54.7166666672,-68.5499999996,"Cussac, V., Ortubay,","391",NA,NA,"Change coordinates to -54.822721, -68.581895",NA,NA,NA,-54.822721,-68.581895,NA,NA,NA,NA,NA,NA,NA,NA,NA
13624,"MAguilar.Lit.Review.393","agui","galaxias maculatus",NA,NA,"río olivia",-54.8333333331,-68.383333333,"Cussac, V., Ortubay,","393",NA,NA,"change coordinates to -54.792556, -68.225792",NA,NA,NA,-54.792556,-68.225792,NA,NA,NA,NA,NA,NA,NA,NA,NA
13627,"225AE3DF-A258-44CF-B359-F2E8DD606C1F","vert","galaxias maculatus",2006,"2006-02-20","[river (name unknown) flowing into canal murray], [península dumas], [isla hoste], [ca. 13.4 air miles ssw center ushuaia, argentina], [communa de cabo de hornos]",-54.9811,-68.3736,"North Carolina Museu","50898","ncsm",0,NA,NA,NA,NA,NA,NA,NA,NA,NA,NA,NA,NA,NA,NA,NA
13631,"FO:Peces:4891","data","aplochiton taeniatus",NA,NA,NA,-54.55,-68.3333,NA,NA,"fo",NA,"Only known record of A. taeniatus in Lago Fagnano. Could be an ancient record.",NA,NA,NA,NA,NA,NA,NA,NA,NA,NA,NA,NA,NA,NA
13632,"FO:Peces:4892","data","aplochiton zebra",NA,NA,NA,-54.55,-68.3333,NA,NA,"fo",NA,"No other record of A. zebra in Fagnano lake. Is this an old record, or an error?",NA,NA,NA,NA,NA,NA,NA,NA,NA,NA,NA,NA,NA,NA
13641,"urn:uuid:3c4b70c6-2c5f-4460-a53b-797b766b15ed","idig","eleginops maclovinus",1996,"1996-07-01",NA,-54.8,-68.3,NA,"ypm ich 031851","ypm",0,NA,NA,NA,NA,NA,NA,NA,NA,NA,NA,NA,NA,NA,NA,NA
13656,"MAguilar.Lit.Review.1088","agui","galaxias maculatus",NA,NA,"canal beagle",-54.883333333,-68.1666666673,"Rademacher K. 2007. ","1088",NA,0,NA,NA,NA,NA,NA,NA,NA,NA,NA,NA,NA,NA,NA,NA,NA
13666,"F2AD33C6-559A-42F5-9D92-AB02CAB18208","gbif","galaxias maculatus",2006,"2006-02-06","río lum, 50 meters upstream from road [y-905], [isla navarino], [ca. 11.0 air miles se center ushuaia, argentina], [comuna de cabo de hornos]",-54.908798,-68.109001,NA,"50906","ncsm",0,NA,NA,NA,NA,NA,NA,NA,NA,NA,NA,NA,NA,NA,NA,NA
13669,"84540718-5B65-4607-95C5-954E53A121D8","idig","galaxias maculatus",2006,NA,"small stream [name unknown], outflowing from beaver lagoon into caleta douglas [douglas bay], [isla navarino], [ca. 25.4 air miles sw center puerto williams], [communa de cabo de hornos]",-55.1707000732422,-68.1059036254883,NA,"50897","ncsm",0,NA,NA,NA,NA,NA,NA,NA,NA,NA,NA,NA,NA,NA,NA,NA
13686,"MAguilar.Lit.Review.1077","agui","galaxias maculatus",NA,NA,"bahía orange",-55.5166666674,-68.0499999997,"Rademacher K. 2007. ","1077",NA,0,NA,NA,NA,NA,NA,NA,NA,NA,NA,NA,NA,NA,NA,NA,NA
13690,"094DA0DA-D12E-47DD-8623-D47A757260A7","vert","galaxias maculatus",2006,"2006-01-09","río mejillones, [isla navarino], [ca. 15.3 air miles wnw center puerto williams], [comuna de cabo de hornos]",-54.9053,-67.9985,"North Carolina Museu","50905","ncsm",0,NA,NA,NA,NA,NA,NA,NA,NA,NA,NA,NA,NA,NA,NA,NA
13701,"2D506E35-3B58-45CD-8165-FCDB05C981D5","idig","galaxias maculatus",2006,NA,"lago mejillones [lake mejillones], [isla navarino], [ca. 15.5 air miles se center ushuaia, argentina], [communa de cabo de hornos]",-54.9291000366211,-67.9904022216797,NA,"50903","ncsm",0,NA,NA,NA,NA,NA,NA,NA,NA,NA,NA,NA,NA,NA,NA,NA
13709,"MAguilar.Lit.Review.365","agui","aplochiton taeniatus",NA,NA,"canal beagle",-54.8999999999,-67.9833333329,"Cussac, V., Ortubay,","365",NA,0,NA,NA,NA,NA,NA,NA,NA,NA,NA,NA,NA,NA,NA,NA,NA
13715,"857286B1-F621-4B9B-A31D-992B387F68D8","vert","galaxias maculatus",2006,"2006-02-13","[río] guerrico, 50 meters upstream bridge [y-905], [isla navarino], [ca. 9.3 air miles ene center puerto williams], [communa de cabo de hornos]",-54.9128,-67.8484,"North Carolina Museu","50901","ncsm",0,NA,NA,NA,NA,NA,NA,NA,NA,NA,NA,NA,NA,NA,NA,NA
13757,"DD419071-DDDA-4AFD-9D6B-11A823E877BE","vert","galaxias maculatus",2006,"2006-02-18","[river (name unknown)], at [cascada] los bronces [los bronces falls], 50 meters upstream from road [y-905], [isla navarino], [ca. 3.5 air miles wsw center puerto williams], [comuna de cabo de hornos]",-54.9411,-67.7027,"North Carolina Museu","50902","ncsm",0,NA,NA,NA,NA,NA,NA,NA,NA,NA,NA,NA,NA,NA,NA,NA
13767,"84404C90-9E88-4807-81ED-51793AA2122A","vert","galaxias maculatus",2006,"2006-02-10","[río] robalo, 50 meters upstream of bridge [y-905], [isla navarino], [ca. 1.7 air miles wsw center puerto williams], [communa de cabo de hornos]",-54.9417,-67.6576,"North Carolina Museu","50896","ncsm",0,NA,NA,NA,NA,NA,NA,NA,NA,NA,NA,NA,NA,NA,NA,NA
13769,"95182BB7-D902-451D-89A8-284AC437AA63","vert","salmo trutta",2006,"2006-02-10","[río] robalo, 50 meters upstream of bridge [y-905], [isla navarino], [ca. 1.7 air miles wsw center puerto williams], [communa de cabo de hornos]",-54.9417,-67.6576,"North Carolina Museu","50895","ncsm",0,NA,NA,NA,NA,NA,NA,NA,NA,NA,NA,NA,NA,NA,NA,NA
13778,"6225B365-9F73-427D-B9F5-16FAC397C47F","vert","galaxias maculatus",2006,"2006-02-24","[stream (name unknown) entering seno lauro inlet], 50 meters upstream of bridge [y-905/avenida costanera juan pablo segundo], [isla navarino], [ca. 0.5 air miles sw center puerto williams], [communa de cabo de hornos], [see remarks]",-54.9387,-67.6234,"North Carolina Museu","50907","ncsm",0,NA,NA,NA,NA,NA,NA,NA,NA,NA,NA,NA,NA,NA,NA,NA
13781,"MAguilar.Lit.Review.364","agui","aplochiton taeniatus",NA,NA,"tierra del fuego",-54.366666667,-67.6166666666,"Cussac, V., Ortubay,","364",NA,0,"Comes from Dollo 1904",NA,NA,NA,-54.8318,-68.561,NA,1897,"1897-12-26",NA,NA,NA,"3013","Louis Dollo","https://darwin.naturalsciences.be/uri/object/680031a4-6461-41bf-b224-9f34ae0d05de"
13782,"MAguilar.Lit.Review.382","agui","aplochiton zebra",NA,NA,"tierra del fuego",-54.366666667,-67.6166666666,"Cussac, V., Ortubay,","382",NA,NA,"From Ringuelet el al.: lago al norte del lago Lapataia, Tierra del fuego. Change coordinates to -54.831142, -68.566078",NA,"(Lahille, 1923) | (Ringuelet et al., 1967)",NA,-54.831142,-68.566078,"lago al norte del lago Lapataia, Tierra del fuego",1898,"1898-02",NA,NA,NA,NA,"Lahille",NA
13783,"MAguilar.Lit.Review.411","agui","galaxias maculatus",NA,NA,"tierra del fuego",-54.366666667,-67.6166666666,"Cussac, V., Ortubay,","411",NA,NA,"Remove: imprecise, Tierra de Fuego","remove",NA,NA,NA,NA,NA,NA,NA,NA,NA,NA,NA,NA,NA
13786,"297C262E-2145-45BC-B639-A75F3F6AC783","vert","salmo trutta",2006,"2006-02-02","río ukika, [isla navarino], [ca. 0.7 air miles se center puerto williams], [communa de cabo de hornos]",-54.9391,-67.6012,"North Carolina Museu","50904","ncsm",0,NA,NA,NA,NA,NA,NA,NA,NA,NA,NA,NA,NA,NA,NA,NA
13789,"86a82ee0-587f-87f4-bdb0-b1235207414e","idig","animalia",1970,"1970-01-30","e of puerto williams, villa ukika, stream above road bridge",-54.9336,-67.5925,NA,"cmnfi 1970-0446.1","cmn",NA,"Change canonicalName to Galaxias",NA,NA,NA,NA,NA,NA,NA,NA,NA,NA,NA,NA,NA,NA
13795,"MAguilar.Lit.Review.354","agui","aplochiton taeniatus",NA,NA,"canal beagle",-54.8333333331,-67.483333333,"Cussac, V., Ortubay,","354",NA,NA,"year= 1904. from McDowall 1971, From Dollo 1904 (cited in Ringuelet 1967), Locality= Lapataia, Tierra del Fuego, Beagle Channel, Coordinates : -54.83215932353935, -68.56136280498983",NA,"Dollo et al., 1904 | Ringuelet et al., 1967 | McDowall, 1971",NA,-54.8318,-68.561,"Lapataia, Tierra del Fuego, Beagle Channel",1904,"1897-12-26",NA,NA,NA,"3013","Louis Dollo","https://darwin.naturalsciences.be/uri/object/680031a4-6461-41bf-b224-9f34ae0d05de"
13800,"MAguilar.Lit.Review.983","agui","geotria australis",NA,NA,"río lasifashaj",-54.8727777779,-67.3938888892,"Nardi, C.F., Sánchez","983",NA,NA,"Remove. eDNA","remove",NA,NA,NA,NA,NA,NA,NA,NA,NA,NA,NA,NA,NA
13806,"MAguilar.Lit.Review.982","agui","geotria australis",NA,NA,"río varela",-54.875277778,-67.3022222224,"Nardi, C.F., Sánchez","982",NA,NA,"Remove. eDNA","remove",NA,NA,NA,NA,NA,NA,NA,NA,NA,NA,NA,NA,NA
13813,"B9779608-F120-48AF-BC02-6FDA19053356","idig","aplochiton zebra",2006,NA,"lago pollollo [lake pollollo], [isla navarino], [ca. 14.8 air miles ese center puerto williams], [communa de cabo de hornos]",-55.0177993774414,-67.2753982543945,NA,"50893","ncsm",0,NA,NA,NA,NA,NA,NA,NA,NA,NA,NA,NA,NA,NA,NA,NA
13825,"MAguilar.Lit.Review.981","agui","geotria australis",NA,NA,"río cambaceres",-54.8816666671,-67.2388888891,"Nardi, C.F., Sánchez","981",NA,NA,"Remove. eDNA","remove",NA,NA,NA,NA,NA,NA,NA,NA,NA,NA,NA,NA,NA
13828,"MAguilar.Lit.Review.366","agui","aplochiton taeniatus",NA,NA,"lapataia",-54.9166666668,-66.8333333334,"Cussac, V., Ortubay,","366",NA,NA,"year= 1893. Change coordinate to -49,42337, -74,29629  Specimen actually comes from Puerto Grappler, but Campos 1969, citing Lonnberg 1907, says it comes from Lapataia.",NA,"(Lönnberg, 1907)",NA,-49.42337,-74.29629,"Puerto Grappler",1893,NA,NA,NA,NA,NA,NA,NA
13830,"MAguilar.Lit.Review.980","agui","geotria australis",NA,NA,"río moat",-54.9677777782,-66.7411111113,"Nardi, C.F., Sánchez","980",NA,NA,"Remove. eDNA","remove",NA,NA,NA,NA,NA,NA,NA,NA,NA,NA,NA,NA,NA
13833,"MAguilar.Lit.Review.392","agui","galaxias maculatus",NA,NA,"río bompland",-54.816666667,-65.4333333326,"Cussac, V., Ortubay,","392",NA,NA,"could be wrong.",NA,NA,NA,NA,NA,NA,NA,NA,NA,NA,NA,NA,NA,NA
10880,"MAguilar.Lit.Review.785","agui","salmo trutta",2006,NA,"lago balmaceda",-51.8856790002,-72.336679,"Habit, E., Gonzalez,","785",NA,1,"associatedReferences: (Cussac et al. 2020)",NA,NA,"Cussac et al. 2020",NA,NA,NA,NA,NA,NA,NA,NA,NA,NA,NA
