"id_CC_original","match_id","correcting_match","correcting_match_old","occurrenceID_master","occurrenceID","occ_match","match_status","match_quality","fieldgood","fieldbad","logodd.ratio","precent.good","percent.bad","n_keys_used","n_core_keys_used","n_candidates_final","match_keys_used","datasetName","canonicalName","year","eventDate","locality","decimalLatitude","decimalLongitude","bibliographicCitation","catalogNumber","institutionCode","Duplicate","Comment",".references",".associatedReferences",".decimalLat",".decimalLon",".locality",".year",".eventDate",".bibliographicCitation",".canonicalName",".scientificName",".catalogNumber",".recordedBy",".occurrenceID"
"14",NA,NA,"unlink, record via iDigBio",NA,"http://n2t.net/ark:/65665/3cbe480df-3e43-44a5-a66f-d3c414b43b8d",NA,"no_match","no_match",NA,NA,NA,NA,NA,NA,NA,0,NA,"gbif","eleginops maclovinus",1888,"1888-02","port otway",-46.83,-75.3,NA,"usnm 77318","usnm","0",NA,NA,NA,NA,NA,NA,NA,NA,NA,NA,NA,NA,NA,NA
"16",8,NA,NA,"http://n2t.net/ark:/65665/3cbe480df-3e43-44a5-a66f-d3c414b43b8d","http://n2t.net/ark:/65665/3cbe480df-3e43-44a5-a66f-d3c414b43b8d",TRUE,"matched","3_core",11,0,1.07918124604762,84.6153846153846,0,3,3,1,"datasetName;canonicalName;decimalLatitude","vert","eleginops maclovinus",1888,NA,"port otway",-46.83,-75.3,"National Museum of N","77318","usnm","0",NA,NA,NA,NA,NA,NA,NA,NA,NA,NA,NA,NA,NA,NA
"18",12,NA,NA,"MAguilar.Lit.Review.1082",NA,NA,"matched","3_core",7,0,0.903089986991944,53.8461538461538,0,3,3,1,"datasetName;canonicalName;decimalLatitude","agui","galaxias maculatus",NA,NA,"port otway",-46.8333333329,-75.2999999996,"Rademacher K. 2007. ","1082",NA,"0",NA,NA,NA,NA,NA,NA,NA,NA,NA,NA,NA,NA,NA,NA
"26",17,NA,"good","MMA:ICT:0002019",NA,NA,"matched","4plus_core",7,3,0.301029995663981,53.8461538461538,23.0769230769231,4,4,1,"datasetName;canonicalName;decimalLatitude;decimalLongitude","mma2","galaxias maculatus",2014,"2014-04-24","rio tote. isla madre de dios",-50.386,-75.251,"OrigenReg: Base Dato",NA,NA,"1","associatedReferences: (Górski et al., 2017)",NA,"Górski et al., 2017",NA,NA,NA,NA,NA,NA,NA,NA,NA,NA,NA
"39",26,NA,"good","CIMAR1_67_sp16","cimar1_67_sp16",TRUE,"matched","3_core",8,0,0.954242509439325,61.5384615384615,0,3,3,1,"datasetName;canonicalName;decimalLatitude","gbif","atheriniformes",1995,"1995-11-02",NA,-45.8317,-74.8933,NA,NA,"shoa",NA,"Remove. Added to GBIF in June 1995. Could be removed because they are oceanographic stations.",NA,NA,NA,NA,NA,NA,NA,NA,NA,NA,NA,NA,NA
"40",27,NA,"good","CIMAR1_100_sp16","cimar1_100_sp16",TRUE,"matched","3_core",8,0,0.954242509439325,61.5384615384615,0,3,3,1,"datasetName;canonicalName;decimalLatitude","gbif","atheriniformes",1995,"1995-10-25",NA,-44.2133,-74.88,NA,NA,"shoa",NA,"Remove. Added to GBIF in June 1995. Could be removed because they are oceanographic stations.",NA,NA,NA,NA,NA,NA,NA,NA,NA,NA,NA,NA,NA
"44",29,NA,NA,"MMA:ICT:0000206",NA,NA,"matched","3_core",4,2,0.221848749616356,30.7692307692308,15.3846153846154,3,3,1,"datasetName;canonicalName;decimalLatitude","mma2","aplochiton zebra",NA,NA,"canal messier. isla juan stuven",-47.81,-74.764,"FuenteReg: Gunther 1",NA,NA,NA,"Change bibliographicReference to: FuenteReg: Gunther 1880 Estudio: Campos et al. 1993b",NA,NA,NA,NA,NA,NA,NA,"FuenteReg: Gunther 1880 Estudio: Campos et al. 1993b",NA,NA,NA,NA,NA
"45",30,NA,NA,"MAguilar.Lit.Review.1352",NA,NA,"matched","3_core",8,0,0.954242509439325,61.5384615384615,0,3,3,1,"datasetName;canonicalName;decimalLatitude","agui","aplochiton taeniatus",NA,NA,"isla harbor",-47.7499999998,-74.7499999998,"Zama A. y Cárdenas E","1352",NA,NA,"change locality to Puerto Island (english name is Island Harbor, which is translated to Puerto Island. Coordinate is -48.050901, -74.588702",NA,NA,"-48.050901","-74.588702","Puerto Island",NA,NA,NA,NA,NA,NA,NA,NA
"48",33,NA,"good","CIMAR1_102_sp16","cimar1_102_sp16",TRUE,"matched","3_core",8,0,0.954242509439325,61.5384615384615,0,3,3,1,"datasetName;canonicalName;decimalLatitude","gbif","atheriniformes",1995,"1995-10-25",NA,-43.7733,-74.6183,NA,NA,"shoa",NA,"Remove. Added to GBIF in June 1995. Could be removed because they are oceanographic stations.",NA,NA,NA,NA,NA,NA,NA,NA,NA,NA,NA,NA,NA
"49",34,NA,"good","CIMAR1_70_sp16","cimar1_70_sp16",TRUE,"matched","3_core",8,0,0.954242509439325,61.5384615384615,0,3,3,1,"datasetName;canonicalName;decimalLatitude","gbif","atheriniformes",1995,"1995-11-03",NA,-45.395,-74.61,NA,NA,"shoa",NA,"Remove. Added to GBIF in June 1995. Could be removed because they are oceanographic stations.",NA,NA,NA,NA,NA,NA,NA,NA,NA,NA,NA,NA,NA
"52",36,NA,NA,"http://www.inaturalist.org/observations/173459","http://www.inaturalist.org/observations/173459",TRUE,"matched","3_core",9,0,1,69.2307692307692,0,3,3,1,"datasetName;canonicalName;decimalLatitude","inat","salmo trutta",2010,"2010-01-14","argentina",-50.736455137,-74.531254,NA,"173459",NA,NA,"Remove: According to iNaturalist ""Unsure of specific location and date"". It is very unlikely that the coordinates correspond to actual locality.",NA,NA,NA,NA,NA,NA,NA,NA,NA,NA,NA,NA,NA
"54",37,NA,"good","CIMAR1_66_sp16","cimar1_66_sp16",TRUE,"matched","3_core",8,0,0.954242509439325,61.5384615384615,0,3,3,1,"datasetName;canonicalName;decimalLatitude","gbif","atheriniformes",1995,"1995-11-02",NA,-45.8283,-74.5217,NA,NA,"shoa",NA,"Remove. Added to GBIF in June 1995. Could be removed because they are oceanographic stations.",NA,NA,NA,NA,NA,NA,NA,NA,NA,NA,NA,NA,NA
"55",38,NA,"good","CIMAR1_98_sp16","cimar1_98_sp16",TRUE,"matched","3_core",8,0,0.954242509439325,61.5384615384615,0,3,3,1,"datasetName;canonicalName;decimalLatitude","gbif","atheriniformes",1995,"1995-10-25",NA,-44.5617,-74.5217,NA,NA,"shoa",NA,"Remove. Added to GBIF in June 1995. Could be removed because they are oceanographic stations.",NA,NA,NA,NA,NA,NA,NA,NA,NA,NA,NA,NA,NA
"56",39,NA,NA,"MAguilar.Lit.Review.1349",NA,NA,"matched","3_core",8,0,0.954242509439325,61.5384615384615,0,3,3,1,"datasetName;canonicalName;decimalLatitude","agui","aplochiton marinus",NA,NA,"isla wellington",-49.5333333329,-74.5000000003,"Zama A. y Cárdenas E","1349",NA,"1","eventDate= 1977-09-21; year=1977; Locality= Isla Wellington, Estero Veto",NA,NA,NA,NA,"Isla Wellington, Estero Veto","1977","1977-09-21",NA,NA,NA,NA,NA,NA
"57",40,NA,NA,"MAguilar.Lit.Review.906",NA,NA,"matched","3_core",9,0,1,69.2307692307692,0,3,3,1,"datasetName;canonicalName;decimalLatitude","agui","aplochiton taeniatus",1977,NA,"estero veto",-49.5333333329,-74.5000000003,"McDowall, R., & Naka","906",NA,NA,"change coordinate to -49.511663, -74.499677",NA,NA,"-49.511663","-74.499677",NA,NA,NA,NA,NA,NA,NA,NA,NA
"58",41,NA,NA,"MMA:ICT:0000003",NA,NA,"matched","3_core",6,3,0.243038048686294,46.1538461538462,23.0769230769231,3,3,1,"datasetName;canonicalName;decimalLatitude","mma2","aplochiton marinus",1977,"1977-09-21","estero veto. costeras  orientales  entre  fiordo veto y fiordo antrim",-49.533,-74.5,"OrigenReg: Zama, A.,",NA,NA,"0",NA,NA,NA,NA,NA,NA,NA,NA,NA,NA,NA,NA,NA,NA
"60",42,NA,NA,"SUBPESCA.PecesContinentales2019.23482",NA,NA,"matched","3_core",9,0,1,69.2307692307692,0,3,3,1,"datasetName;canonicalName;decimalLatitude","subpesca-1","oncorhynchus mykiss",2005,NA,NA,-46.5,-74.5,"PENALUNA BE, ARISMEN","23482",NA,NA,"Remove. Actual location is in rio Bueno, out of range.",NA,NA,NA,NA,NA,NA,NA,NA,NA,NA,NA,NA,NA
"61",43,NA,NA,"MAguilar.Lit.Review.726",NA,NA,"matched","all_core_firlds",9,0,1,69.2307692307692,0,5,5,1,"datasetName;canonicalName;decimalLatitude;decimalLongitude;bibliographicCitation","agui","galaxias maculatus",2013,NA,"lago konrad po",-51.1777777784,-74.4383333329,"Górski, K., González","726",NA,"0",NA,NA,NA,NA,NA,NA,NA,NA,NA,NA,NA,NA,NA,NA
"62",44,NA,NA,"MAguilar.Lit.Review.1050",NA,NA,"matched","all_core_firlds",10,0,1.04139268515823,76.9230769230769,0,5,5,1,"datasetName;canonicalName;decimalLatitude;decimalLongitude;bibliographicCitation","agui","galaxias maculatus",2014,NA,"lago konrad po",-51.1777777784,-74.4383333329,"Pérez, S., Manosalva","1050",NA,"0",NA,NA,NA,NA,NA,NA,NA,NA,NA,NA,NA,NA,NA,NA
"65",46,NA,"good","MMA:ICT:0002014",NA,NA,"matched","3_core",7,3,0.301029995663981,53.8461538461538,23.0769230769231,3,3,1,"datasetName;canonicalName;decimalLatitude","mma2","galaxias maculatus",2014,"2014-03-27","lago konrad. bahia donaldson. islas presidente gabriel gonzalez videla",-51.178,-74.438,"OrigenReg: Base Dato",NA,NA,"1","associatedReferences (Górski et al. 2017 | Pérez et al. 2022)",NA,"Górski et al. 2017 | Pérez et al. 2022",NA,NA,NA,NA,NA,NA,NA,NA,NA,NA,NA
"72",50,NA,NA,"MAguilar.Lit.Review.725",NA,NA,"matched","all_core_firlds",9,0,1,69.2307692307692,0,5,5,1,"datasetName;canonicalName;decimalLatitude;decimalLongitude;bibliographicCitation","agui","galaxias maculatus",2013,NA,"río konrad po",-51.1802777777,-74.432222222,"Górski, K., González","725",NA,"0",NA,NA,NA,NA,NA,NA,NA,NA,NA,NA,NA,NA,NA,NA
"73",51,NA,NA,"MAguilar.Lit.Review.1049",NA,NA,"matched","all_core_firlds",10,0,1.04139268515823,76.9230769230769,0,5,5,1,"datasetName;canonicalName;decimalLatitude;decimalLongitude;bibliographicCitation","agui","galaxias maculatus",2014,NA,"estuario konrad po",-51.1802777777,-74.432222222,"Pérez, S., Manosalva","1049",NA,"0",NA,NA,NA,NA,NA,NA,NA,NA,NA,NA,NA,NA,NA,NA
"78",NA,NA,"53",NA,NA,NA,"no_match","no_match",NA,NA,NA,NA,NA,NA,NA,0,NA,"mma2","galaxias maculatus",2014,"2014-04-03","rio konrad. bahia donaldson. islas presidente gabriel gonzalez videla",-51.18,-74.432,"OrigenReg: Base Dato",NA,NA,"1","associatedReferences (Górski et al. 2017 | Pérez et al. 2022)",NA,"Górski et al. 2017 | Pérez et al. 2022",NA,NA,NA,NA,NA,NA,NA,NA,NA,NA,NA
"89",59,NA,"good","MMA:ICT:0001813",NA,NA,"matched","4plus_core",7,3,0.301029995663981,53.8461538461538,23.0769230769231,4,4,1,"datasetName;canonicalName;decimalLatitude;decimalLongitude","mma2","eleginops maclovinus",2014,"2014-02-14","rio balderas. sector puerto eden. costeras  orientales  entre  fiordo  beauchamp y fiordo veto",-49.134,-74.427,"OrigenReg: Base Dato",NA,NA,"1","associatedReferences (Górski et al. 2017)",NA,"Górski et al. 2017",NA,NA,NA,NA,NA,NA,NA,NA,NA,NA,NA
"91",60,NA,NA,"MMA:ICT:0002025",NA,NA,"matched","4plus_core",7,3,0.301029995663981,53.8461538461538,23.0769230769231,4,4,1,"datasetName;canonicalName;decimalLatitude;decimalLongitude","mma2","galaxias maculatus",2014,"2014-04-24","rio balderas. sector puerto eden. costeras  orientales  entre  fiordo  beauchamp y fiordo veto",-49.134,-74.427,"OrigenReg: Base Dato",NA,NA,"1","associatedReferences (Górski et al. 2017)",NA,"Górski et al. 2017",NA,NA,NA,NA,NA,NA,NA,NA,NA,NA,NA
"93",61,NA,NA,"MAguilar.Lit.Review.716",NA,NA,"matched","3_core",9,0,1,69.2307692307692,0,3,3,1,"datasetName;canonicalName;decimalLatitude","agui","eleginops maclovinus",2013,NA,"río balderas",-49.1341666671,-74.4269444444,"Górski, K., González","716",NA,"0","associatedReference: (Górski et al. 2017)",NA,"Górski et al. 2017",NA,NA,NA,NA,NA,NA,NA,NA,NA,NA,NA
"94",62,NA,NA,"MAguilar.Lit.Review.720",NA,NA,"matched","3_core",9,0,1,69.2307692307692,0,3,3,1,"datasetName;canonicalName;decimalLatitude","agui","galaxias maculatus",2013,NA,"río balderas",-49.1341666671,-74.4269444444,"Górski, K., González","720",NA,"0",NA,NA,NA,NA,NA,NA,NA,NA,NA,NA,NA,NA,NA,NA
"98",65,NA,NA,"MAguilar.Lit.Review.717",NA,NA,"matched","3_core",9,0,1,69.2307692307692,0,3,3,1,"datasetName;canonicalName;decimalLatitude","agui","eleginops maclovinus",2013,NA,"bahía lackawana",-49.1719444442,-74.4111111109,"Górski, K., González","717",NA,"0",NA,NA,NA,NA,NA,NA,NA,NA,NA,NA,NA,NA,NA,NA
"99",66,NA,NA,"MAguilar.Lit.Review.721",NA,NA,"matched","3_core",9,0,1,69.2307692307692,0,3,3,1,"datasetName;canonicalName;decimalLatitude","agui","galaxias maculatus",2013,NA,"bahía lackawana",-49.1719444442,-74.4111111109,"Górski, K., González","721",NA,"0",NA,NA,NA,NA,NA,NA,NA,NA,NA,NA,NA,NA,NA,NA
"101",67,NA,"good","MMA:ICT:0001811",NA,NA,"matched","3_core",7,3,0.301029995663981,53.8461538461538,23.0769230769231,3,3,1,"datasetName;canonicalName;decimalLatitude","mma2","eleginops maclovinus",2014,"2014-02-14","rio lackawana. sector puerto eden. costeras  orientales  entre  fiordo  beauchamp y fiordo veto",-49.172,-74.411,"OrigenReg: Base Dato",NA,NA,"1","associatedReference: (Górski et al. 2017)",NA,"Górski et al. 2017",NA,NA,NA,NA,NA,NA,NA,NA,NA,NA,NA
"105",69,NA,"good","MMA:ICT:0002023",NA,NA,"matched","3_core",7,3,0.301029995663981,53.8461538461538,23.0769230769231,3,3,1,"datasetName;canonicalName;decimalLatitude","mma2","galaxias maculatus",2014,"2014-04-24","rio lackawana. sector puerto eden. costeras  orientales  entre  fiordo  beauchamp y fiordo veto",-49.172,-74.411,"OrigenReg: Base Dato",NA,NA,"1","associatedReferences (Górski et al. 2017)",NA,"Górski et al. 2017",NA,NA,NA,NA,NA,NA,NA,NA,NA,NA,NA
"109",71,NA,"good","CIMAR1_65_sp16","cimar1_65_sp16",TRUE,"matched","3_core",8,0,0.954242509439325,61.5384615384615,0,3,3,1,"datasetName;canonicalName;decimalLatitude","gbif","atheriniformes",1995,"1995-11-02",NA,-45.7817,-74.4083,NA,NA,"shoa",NA,"Remove. Added to GBIF in June 1995. Could be removed because they are oceanographic stations.",NA,NA,NA,NA,NA,NA,NA,NA,NA,NA,NA,NA,NA
"113",75,NA,NA,"69778f10-9b29-40a0-a178-26b3bc0e4c02","69778f10-9b29-40a0-a178-26b3bc0e4c02",TRUE,"matched","3_core",9,0,1,69.2307692307692,0,3,3,1,"datasetName;canonicalName;decimalLatitude","idig","eleginops maclovinus",1931,NA,"golfo de penas",-48.4583333,-74.3916667,NA,"1936.8.26.915","nhmuk","0",NA,NA,NA,NA,NA,NA,NA,NA,NA,NA,NA,NA,NA,NA
"114",NA,NA,"unlink",NA,NA,NA,"no_match","no_match",NA,NA,NA,NA,NA,NA,NA,0,NA,"agui","eleginops maclovinus",NA,NA,"-",-48.4583333332,-74.3916666666,"Rademacher K. 2007. ","1076",NA,"0","Remove",NA,NA,NA,NA,NA,NA,NA,NA,NA,NA,NA,NA,NA
"117",78,NA,"good","CIMAR1_71_sp16","cimar1_71_sp16",TRUE,"matched","3_core",8,0,0.954242509439325,61.5384615384615,0,3,3,1,"datasetName;canonicalName;decimalLatitude","gbif","atheriniformes",1995,"1995-11-03",NA,-45.4383,-74.3433,NA,NA,"shoa",NA,"Remove. Added to GBIF in June 1995. Could be removed because they are oceanographic stations.",NA,NA,NA,NA,NA,NA,NA,NA,NA,NA,NA,NA,NA
"119",80,NA,"good","CIMAR1_103_sp16","cimar1_103_sp16",TRUE,"matched","3_core",8,0,0.954242509439325,61.5384615384615,0,3,3,1,"datasetName;canonicalName;decimalLatitude","gbif","atheriniformes",1995,"1995-10-25",NA,-43.6617,-74.2883,NA,NA,"shoa",NA,"Remove. Added to GBIF in June 1995. Could be removed because they are oceanographic stations.",NA,NA,NA,NA,NA,NA,NA,NA,NA,NA,NA,NA,NA
"122",83,NA,NA,"MAguilar.Lit.Review.732",NA,NA,"matched","3_core",9,0,1,69.2307692307692,0,3,3,1,"datasetName;canonicalName;decimalLatitude","agui","oncorhynchus kisutch",2013,NA,"río tote",-50.3859722217,-74.2511944444,"Górski, K., González","732",NA,NA,"change coordinates to: -50.385972, -74.251194",NA,NA,"-50.385972","-74.251194",NA,NA,NA,NA,NA,NA,NA,NA,NA
"125",84,NA,NA,"MAguilar.Lit.Review.724",NA,NA,"matched","3_core",9,0,1,69.2307692307692,0,3,3,1,"datasetName;canonicalName;decimalLatitude","agui","galaxias maculatus",2013,NA,"río tote",-50.3861111112,-74.2511111114,"Górski, K., González","724",NA,"0",NA,NA,NA,NA,NA,NA,NA,NA,NA,NA,NA,NA,NA,NA
"130",87,NA,NA,"MCZ:Ich:6594","mcz:ich:6594",TRUE,"matched","3_core",11,0,1.07918124604762,84.6153846153846,0,3,3,1,"datasetName;canonicalName;decimalLatitude","gbif","galaxiidae",1872,"1872","off straits of magellan, puerto bueno",-50.99286,-74.21539,NA,"6594","mcz","0",NA,NA,NA,NA,NA,NA,NA,NA,NA,NA,NA,NA,NA,NA
"133",90,NA,"good","CIMAR1_64_sp16","cimar1_64_sp16",TRUE,"matched","3_core",8,0,0.954242509439325,61.5384615384615,0,3,3,1,"datasetName;canonicalName;decimalLatitude","gbif","atheriniformes",1995,"1995-11-02",NA,-45.7,-74.175,NA,NA,"shoa",NA,"Remove. Added to GBIF in June 1995. Could be removed because they are oceanographic stations.",NA,NA,NA,NA,NA,NA,NA,NA,NA,NA,NA,NA,NA
"141",96,NA,"good","MMA:ICT:0002021",NA,NA,"matched","3_core",7,3,0.301029995663981,53.8461538461538,23.0769230769231,3,3,1,"datasetName;canonicalName;decimalLatitude","mma2","galaxias maculatus",2014,"2014-04-24","rio evelyn. bahia elizabeth. costeras canal mesier limite region - peninsula exmouth",-49.198,-74.144,"OrigenReg: Base Dato",NA,NA,"1","associatedReferences (Górski et al. 2017)",NA,"Górski et al. 2017",NA,NA,NA,NA,NA,NA,NA,NA,NA,NA,NA
"146",98,NA,NA,"MAguilar.Lit.Review.722",NA,NA,"matched","3_core",9,0,1,69.2307692307692,0,3,3,1,"datasetName;canonicalName;decimalLatitude","agui","galaxias maculatus",2013,NA,"río elizabeth",-49.1980555556,-74.1436111111,"Górski, K., González","722",NA,"0",NA,NA,NA,NA,NA,NA,NA,NA,NA,NA,NA,NA,NA,NA
"147",99,NA,NA,"MMA:ICT:0002027",NA,NA,"matched","3_core",7,3,0.301029995663981,53.8461538461538,23.0769230769231,3,3,1,"datasetName;canonicalName;decimalLatitude","mma2","galaxias maculatus",2014,"2014-04-24","lago evelyn. bahia elizabeth. costeras canal mesier limite region - peninsula exmouth",-49.195,-74.141,"OrigenReg: Base Dato",NA,NA,"1","associatedReferences (Górski et al. 2017)",NA,"Górski et al. 2017",NA,NA,NA,NA,NA,NA,NA,NA,NA,NA,NA
"153",103,NA,NA,"MAguilar.Lit.Review.723",NA,NA,"matched","3_core",9,0,1,69.2307692307692,0,3,3,1,"datasetName;canonicalName;decimalLatitude","agui","galaxias maculatus",2013,NA,"lago evelyn",-49.1952777782,-74.1405555556,"Górski, K., González","723",NA,"0",NA,NA,NA,NA,NA,NA,NA,NA,NA,NA,NA,NA,NA,NA
"157",106,NA,"good","CIMAR1_72_sp16","cimar1_72_sp16",TRUE,"matched","3_core",8,0,0.954242509439325,61.5384615384615,0,3,3,1,"datasetName;canonicalName;decimalLatitude","gbif","atheriniformes",1995,"1995-11-03",NA,-45.385,-74.1367,NA,NA,"shoa",NA,"Remove. Added to GBIF in June 1995. Could be removed because they are oceanographic stations.",NA,NA,NA,NA,NA,NA,NA,NA,NA,NA,NA,NA,NA
"175",122,NA,"good","MMA:ICT:0001830",NA,NA,"matched","2_core",4,2,0.221848749616356,30.7692307692308,15.3846153846154,2,2,1,"datasetName;canonicalName","mma2","galaxias globiceps",NA,NA,"río cipresal. costa occidental de la isla de chiloé. costeras vertientes oeste entre rio chepu y rio cucao",-42.604,-74.123,"FuenteReg: Murillo &",NA,NA,"1","also in Cussac et al. 2004",NA,"Cussac et al., 2004",NA,NA,NA,NA,NA,NA,NA,NA,NA,NA,NA
"176",123,NA,"good","CIMAR1_97_sp16","cimar1_97_sp16",TRUE,"matched","3_core",8,0,0.954242509439325,61.5384615384615,0,3,3,1,"datasetName;canonicalName;decimalLatitude","gbif","atheriniformes",1995,"1995-10-26",NA,-44.5733,-74.1217,NA,NA,"shoa",NA,"Remove. Added to GBIF in June 1995. Could be removed because they are oceanographic stations.",NA,NA,NA,NA,NA,NA,NA,NA,NA,NA,NA,NA,NA
"194",141,NA,NA,"MMA:ICT:0000008",NA,NA,"matched","3_core",6,3,0.243038048686294,46.1538461538462,23.0769230769231,3,3,1,"datasetName;canonicalName;decimalLatitude","mma2","aplochiton marinus",2011,"2011-01-23","lago huelde, chiloé. pequeño lago costero. costeras vertientes oeste entre rio chepu y rio cucao",-42.595,-74.117,"OrigenReg: Alo, D., ",NA,NA,"0",NA,NA,NA,NA,NA,NA,NA,NA,NA,NA,NA,NA,NA,NA
"301",244,NA,NA,"MAguilar.Lit.Review.761",NA,NA,"matched","all_core_firlds",9,0,1,69.2307692307692,0,5,5,1,"datasetName;canonicalName;decimalLatitude;decimalLongitude;bibliographicCitation","agui","salmo trutta",2006,NA,"lago cucao",-42.6394560004,-74.0669899996,"Habit, E., Gonzalez,","761",NA,"1","associatedsReference: (Cussac et al., 2020)",NA,"Cussac et al., 2020",NA,NA,NA,NA,NA,NA,NA,NA,NA,NA,NA
"302",245,NA,NA,"MAguilar.Lit.Review.519",NA,NA,"matched","all_core_firlds",7,0,0.903089986991944,53.8461538461538,0,5,5,1,"datasetName;canonicalName;decimalLatitude;decimalLongitude;bibliographicCitation","agui","salmo trutta",NA,NA,"lago cucao",-42.6394560004,-74.0669899996,"Cussac, V.E.; Barran","519",NA,"0",NA,NA,NA,NA,NA,NA,NA,NA,NA,NA,NA,NA,NA,NA
"303",246,NA,NA,"MMA:ICT:0001879",NA,NA,"matched","3_core",8,2,0.477121254719662,61.5384615384615,15.3846153846154,3,3,1,"datasetName;canonicalName;decimalLatitude","mma2","galaxias maculatus",2007,"2007-12-22","lago cucuao. en cucao. costera vertiente oeste entre rio cucao (incluido) y rio medina (incluido)",-42.648,-74.058,"OrigenReg: Base Dato",NA,NA,NA,"associatedReference: (Habit et al. 2012)",NA,"Habit et al. 2012",NA,NA,NA,NA,NA,NA,NA,NA,NA,NA,NA
"309",251,NA,"good","CIMAR1_63_sp16","cimar1_63_sp16",TRUE,"matched","3_core",8,0,0.954242509439325,61.5384615384615,0,3,3,1,"datasetName;canonicalName;decimalLatitude","gbif","atheriniformes",1995,"1995-11-02",NA,-45.7283,-74.04,NA,NA,"shoa",NA,"Remove. Added to GBIF in June 1995. Could be removed because they are oceanographic stations.",NA,NA,NA,NA,NA,NA,NA,NA,NA,NA,NA,NA,NA
"311",252,NA,NA,"MAguilar.Lit.Review.1253",NA,NA,"matched","3_core",9,0,1,69.2307692307692,0,3,3,1,"datasetName;canonicalName;decimalLatitude","agui","aplochiton zebra",NA,NA,"u29, chiloé",-41.9600000004,-74.0399999996,"Vanhaecke, D., Garci","1253",NA,"0",NA,NA,NA,NA,NA,NA,NA,NA,NA,NA,NA,NA,NA,NA
"312",253,NA,NA,"MAguilar.Lit.Review.1244",NA,NA,"matched","3_core",11,0,1.07918124604762,84.6153846153846,0,3,3,1,"datasetName;canonicalName;decimalLatitude","agui","aplochiton zebra",2007,"2007-12-03","u29, chiloé",-41.9590000001,-74.0399999996,"Vanhaecke D, Garcia ","1244",NA,"0",NA,NA,NA,NA,NA,NA,NA,NA,NA,NA,NA,NA,NA,NA
"319",260,NA,NA,"MAguilar.Lit.Review.1233",NA,NA,"matched","3_core",11,0,1.07918124604762,84.6153846153846,0,3,3,1,"datasetName;canonicalName;decimalLatitude","agui","aplochiton taeniatus",2007,"2007-11-29","u24, chiloé",-41.811,-74.031,"Vanhaecke D, Garcia ","1233",NA,"0",NA,NA,NA,NA,NA,NA,NA,NA,NA,NA,NA,NA,NA,NA
"329",270,NA,NA,"MAguilar.Lit.Review.1239",NA,NA,"matched","3_core",11,0,1.07918124604762,84.6153846153846,0,3,3,1,"datasetName;canonicalName;decimalLatitude","agui","aplochiton taeniatus",2007,"2007-12-02","u28, chiloé",-41.9459999996,-74.0240000001,"Vanhaecke D, Garcia ","1239",NA,"0",NA,NA,NA,NA,NA,NA,NA,NA,NA,NA,NA,NA,NA,NA
"330",271,NA,NA,"MAguilar.Lit.Review.1243",NA,NA,"matched","3_core",11,0,1.07918124604762,84.6153846153846,0,3,3,1,"datasetName;canonicalName;decimalLatitude","agui","aplochiton zebra",2007,"2007-12-02","u28, chiloé",-41.9459999996,-74.0240000001,"Vanhaecke D, Garcia ","1243",NA,"0",NA,NA,NA,NA,NA,NA,NA,NA,NA,NA,NA,NA,NA,NA
"336",277,NA,NA,"MAguilar.Lit.Review.1238",NA,NA,"matched","3_core",11,0,1.07918124604762,84.6153846153846,0,3,3,1,"datasetName;canonicalName;decimalLatitude","agui","aplochiton taeniatus",2007,"2007-12-01","puñihuil",-41.9310000003,-74.0229999998,"Vanhaecke D, Garcia ","1238",NA,"0",NA,NA,NA,NA,NA,NA,NA,NA,NA,NA,NA,NA,NA,NA
"345",284,NA,NA,"MAguilar.Lit.Review.1249",NA,NA,"matched","3_core",8,0,0.954242509439325,61.5384615384615,0,3,3,1,"datasetName;canonicalName;decimalLatitude","agui","aplochiton taeniatus",NA,NA,"u28, chiloé",-41.9499999997,-74.02,"Vanhaecke, D., Garci","1249",NA,"0",NA,NA,NA,NA,NA,NA,NA,NA,NA,NA,NA,NA,NA,NA
"346",285,NA,NA,"MAguilar.Lit.Review.1252",NA,NA,"matched","3_core",9,0,1,69.2307692307692,0,3,3,1,"datasetName;canonicalName;decimalLatitude","agui","aplochiton zebra",NA,NA,"u28, chiloé",-41.9499999997,-74.02,"Vanhaecke, D., Garci","1252",NA,"0",NA,NA,NA,NA,NA,NA,NA,NA,NA,NA,NA,NA,NA,NA
"351",292,NA,NA,"MAguilar.Lit.Review.1240",NA,NA,"matched","3_core",11,0,1.07918124604762,84.6153846153846,0,3,3,1,"datasetName;canonicalName;decimalLatitude","agui","aplochiton taeniatus",2007,"2007-12-04","u30, chiloé",-41.9840000001,-74.0119999998,"Vanhaecke D, Garcia ","1240",NA,"0",NA,NA,NA,NA,NA,NA,NA,NA,NA,NA,NA,NA,NA,NA
"362",302,NA,NA,"MAguilar.Lit.Review.388",NA,NA,"matched","3_core",7,0,0.903089986991944,53.8461538461538,0,3,3,1,"datasetName;canonicalName;decimalLatitude","agui","galaxias maculatus",NA,NA,"puerto bueno",-50.9666666666,-74.0000000004,"Cussac, V., Ortubay,","388",NA,NA,"Chango coordinates to -50,99286°, -74,21539°",NA,NA,"-50.99286","-74.21539",NA,NA,NA,NA,NA,NA,NA,NA,NA
"363",303,NA,NA,"MAguilar.Lit.Review.1073",NA,NA,"matched","3_core",7,0,0.903089986991944,53.8461538461538,0,3,3,1,"datasetName;canonicalName;decimalLatitude","agui","eleginops maclovinus",NA,NA,"los chonos",-44.9999999999,-74.0000000004,"Rademacher K. 2007. ","1073",NA,"0","Remove",NA,NA,NA,NA,NA,NA,NA,NA,NA,NA,NA,NA,NA
"368",NA,NA,"unlink, record via iDigBio",NA,"urn:catalog:cas:su(ich):22690",NA,"no_match","no_match",NA,NA,NA,NA,NA,NA,NA,0,NA,"gbif","galaxias maculatus",NA,NA,"patagonia, port otway.",-53.308676,-73.987166,NA,"22690","cas","1","change coordinates to -46.833333, -75.300000",NA,NA,"-46.833333","-75.3",NA,NA,NA,NA,NA,NA,NA,NA,NA
"369",307,NA,NA,"urn:catalog:CAS:SU(ICH):22690","urn:catalog:cas:su(ich):22690",TRUE,"matched","3_core",9,0,1,69.2307692307692,0,3,3,1,"datasetName;canonicalName;decimalLatitude","idig","galaxias maculatus",NA,NA,"patagonia, port otway.",-53.308676,-73.987166,NA,"22690","cas","0","change coordinates to -46.833333, -75.300000",NA,NA,"-46.833333","-75.3",NA,NA,NA,NA,NA,NA,NA,NA,NA
"379",316,NA,NA,"MAguilar.Lit.Review.1234",NA,NA,"matched","3_core",11,0,1.07918124604762,84.6153846153846,0,3,3,1,"datasetName;canonicalName;decimalLatitude","agui","aplochiton taeniatus",2007,"2007-11-29","u25, chiloé",-41.8139999999,-73.9710000003,"Vanhaecke D, Garcia ","1234",NA,"0",NA,NA,NA,NA,NA,NA,NA,NA,NA,NA,NA,NA,NA,NA
"383",319,NA,NA,"MAguilar.Lit.Review.1063",NA,NA,"matched","3_core",7,0,0.903089986991944,53.8461538461538,0,3,3,1,"datasetName;canonicalName;decimalLatitude","agui","eleginops maclovinus",NA,NA,"laguna san rafael",-46.6666666671,-73.9666666674,"Rademacher K. 2007. ","1063",NA,"0",NA,NA,NA,NA,NA,NA,NA,NA,NA,NA,NA,NA,NA,NA
"384",320,NA,NA,"MAguilar.Lit.Review.387",NA,NA,"matched","3_core",7,0,0.903089986991944,53.8461538461538,0,3,3,1,"datasetName;canonicalName;decimalLatitude","agui","galaxias globiceps",NA,NA,"río cipresales",-42.6166666671,-73.9666666674,"Cussac, V., Ortubay,","387",NA,"0","Remove. bad coordinates. See other record from Rio Cipresal",NA,NA,NA,NA,NA,NA,NA,NA,NA,NA,NA,NA,NA
"396",332,NA,NA,"MAguilar.Lit.Review.1236",NA,NA,"matched","3_core",11,0,1.07918124604762,84.6153846153846,0,3,3,1,"datasetName;canonicalName;decimalLatitude","agui","aplochiton taeniatus",2007,"2007-11-30","u26, chiloé",-41.8859999999,-73.9619999999,"Vanhaecke D, Garcia ","1236",NA,"0",NA,NA,NA,NA,NA,NA,NA,NA,NA,NA,NA,NA,NA,NA
"400",336,NA,NA,"MAguilar.Lit.Review.769",NA,NA,"matched","all_core_firlds",9,0,1,69.2307692307692,0,5,5,1,"datasetName;canonicalName;decimalLatitude;decimalLongitude;bibliographicCitation","agui","oncorhynchus mykiss",2006,NA,"lago tepuhueico",-42.7930189998,-73.9600109999,"Habit, E., Gonzalez,","769",NA,"1","associatedReference: (Cussac et al., 2020)",NA,"Cussac et al., 2020",NA,NA,NA,NA,NA,NA,NA,NA,NA,NA,NA
"401",337,NA,NA,"MAguilar.Lit.Review.526",NA,NA,"matched","all_core_firlds",7,0,0.903089986991944,53.8461538461538,0,5,5,1,"datasetName;canonicalName;decimalLatitude;decimalLongitude;bibliographicCitation","agui","oncorhynchus mykiss",NA,NA,"lago tepuhueico",-42.7930189998,-73.9600109999,"Cussac, V.E.; Barran","526",NA,"0",NA,NA,NA,NA,NA,NA,NA,NA,NA,NA,NA,NA,NA,NA
"402",338,NA,NA,"MAguilar.Lit.Review.768",NA,NA,"matched","all_core_firlds",9,0,1,69.2307692307692,0,5,5,1,"datasetName;canonicalName;decimalLatitude;decimalLongitude;bibliographicCitation","agui","salmo trutta",2006,NA,"lago tepuhueico",-42.7930189998,-73.9600109999,"Habit, E., Gonzalez,","768",NA,"1","associatedsReference: (Cussac et al., 2020)",NA,"Cussac et al., 2020",NA,NA,NA,NA,NA,NA,NA,NA,NA,NA,NA
"403",339,NA,NA,"MAguilar.Lit.Review.527",NA,NA,"matched","all_core_firlds",7,0,0.903089986991944,53.8461538461538,0,5,5,1,"datasetName;canonicalName;decimalLatitude;decimalLongitude;bibliographicCitation","agui","salmo trutta",NA,NA,"lago tepuhueico",-42.7930189998,-73.9600109999,"Cussac, V.E.; Barran","527",NA,"0",NA,NA,NA,NA,NA,NA,NA,NA,NA,NA,NA,NA,NA,NA
"408",344,NA,NA,"MAguilar.Lit.Review.1237",NA,NA,"matched","3_core",11,0,1.07918124604762,84.6153846153846,0,3,3,1,"datasetName;canonicalName;decimalLatitude","agui","aplochiton taeniatus",2007,"2007-11-30","u27, chiloé",-41.8929999998,-73.959,"Vanhaecke D, Garcia ","1237",NA,"0",NA,NA,NA,NA,NA,NA,NA,NA,NA,NA,NA,NA,NA,NA
"410",346,NA,"good","CIMAR1_96_sp16","cimar1_96_sp16",TRUE,"matched","3_core",8,0,0.954242509439325,61.5384615384615,0,3,3,1,"datasetName;canonicalName;decimalLatitude","gbif","atheriniformes",1995,"1995-10-26",NA,-44.5633,-73.955,NA,NA,"shoa",NA,"Remove. Added to GBIF in June 1995. Could be removed because they are oceanographic stations.",NA,NA,NA,NA,NA,NA,NA,NA,NA,NA,NA,NA,NA
"419",354,NA,NA,"MAguilar.Lit.Review.828",NA,NA,"matched","3_core",8,0,0.954242509439325,61.5384615384615,0,3,3,1,"datasetName;canonicalName;decimalLatitude","agui","odontesthes brevianalis",NA,NA,"lago huillinco",-42.6599999999,-73.9499999996,"Hughes, LC, Cardoso,","828",NA,NA,"associatedReference: (Habit et al. 2012)",NA,"Habit et al. 2012",NA,NA,NA,NA,NA,NA,NA,NA,NA,NA,NA
"420",355,NA,NA,"MAguilar.Lit.Review.763",NA,NA,"matched","all_core_firlds",9,0,1,69.2307692307692,0,5,5,1,"datasetName;canonicalName;decimalLatitude;decimalLongitude;bibliographicCitation","agui","oncorhynchus mykiss",2006,NA,"lago huillinco",-42.670143,-73.9482679998,"Habit, E., Gonzalez,","763",NA,"1","associatedReference: (Cussac et al., 2020)",NA,"Cussac et al., 2020",NA,NA,NA,NA,NA,NA,NA,NA,NA,NA,NA
"421",356,NA,NA,"MAguilar.Lit.Review.520",NA,NA,"matched","all_core_firlds",7,0,0.903089986991944,53.8461538461538,0,5,5,1,"datasetName;canonicalName;decimalLatitude;decimalLongitude;bibliographicCitation","agui","oncorhynchus mykiss",NA,NA,"lago huillinco",-42.670143,-73.9482679998,"Cussac, V.E.; Barran","520",NA,"0",NA,NA,NA,NA,NA,NA,NA,NA,NA,NA,NA,NA,NA,NA
"422",357,NA,NA,"MAguilar.Lit.Review.762",NA,NA,"matched","all_core_firlds",9,0,1,69.2307692307692,0,5,5,1,"datasetName;canonicalName;decimalLatitude;decimalLongitude;bibliographicCitation","agui","salmo trutta",2006,NA,"lago huillinco",-42.670143,-73.9482679998,"Habit, E., Gonzalez,","762",NA,"1","associatedsReference: (Cussac et al., 2020)",NA,"Cussac et al., 2020",NA,NA,NA,NA,NA,NA,NA,NA,NA,NA,NA
"423",358,NA,NA,"MAguilar.Lit.Review.521",NA,NA,"matched","all_core_firlds",7,0,0.903089986991944,53.8461538461538,0,5,5,1,"datasetName;canonicalName;decimalLatitude;decimalLongitude;bibliographicCitation","agui","salmo trutta",NA,NA,"lago huillinco",-42.670143,-73.9482679998,"Cussac, V.E.; Barran","521",NA,"0",NA,NA,NA,NA,NA,NA,NA,NA,NA,NA,NA,NA,NA,NA
"544",483,NA,NA,"MMA:ICT:0001882",NA,NA,"matched","3_core",8,2,0.477121254719662,61.5384615384615,15.3846153846154,3,3,1,"datasetName;canonicalName;decimalLatitude","mma2","galaxias maculatus",2007,"2007-12-22","lago tepuhueico. en lodge tepuhueico. costera vertiente oeste entre rio cucao (incluido) y rio medina (incluido)",-42.803,-73.924,"OrigenReg: Base Dato",NA,NA,NA,"associatedReference: (Habit et al. 2012)",NA,"Habit et al. 2012",NA,NA,NA,NA,NA,NA,NA,NA,NA,NA,NA
"549",485,NA,"unlink, same collection diff batch","f761ace8-1792-41a8-81dd-f34faa623282","58746fd2-cb16-4b27-97c6-5d98b423d12e",FALSE,"matched","3_core",7,4,0.204119982655925,53.8461538461538,30.7692307692308,3,3,1,"datasetName;canonicalName;decimalLatitude","gbif","galaxiidae",1968,"1968-04-07","chiloe' island",-42.5,-73.92,NA,"a22279","nmv","0",NA,NA,NA,NA,NA,NA,NA,NA,NA,NA,NA,NA,NA,NA
"552",489,NA,NA,"MAguilar.Lit.Review.273",NA,NA,"matched","3_core",10,0,1.04139268515823,76.9230769230769,0,3,3,1,"datasetName;canonicalName;decimalLatitude","agui","oncorhynchus mykiss",2007,NA,"sitio de muestreo granja 2, chiloé",-42.4206,-73.9194999996,"Consuegra, S., Phill","273",NA,"0",NA,NA,NA,NA,NA,NA,NA,NA,NA,NA,NA,NA,NA,NA
"558",495,NA,"good","http://id.smns-bw.org/smns/collection/781779/1243849/785891","http://id.smns-bw.org/smns/collection/781779/1243849/785891",TRUE,"matched","2_core",10,0,1.04139268515823,76.9230769230769,0,2,2,1,"datasetName;canonicalName","gbif","diplomystes chilensis",1853,"1853-07","water body: into southeastern pacific ocean; chiloè island, flüsse/rivers",-42.5,-73.91667,NA,"smns-z-pi-000357 / 1243849 / smns-z-pi-000357","smns",NA,"Remove. Preserved specimen. Most likely not from Chiloé, as Poeppig did not sample in Chiloé.",NA,NA,NA,NA,NA,NA,NA,NA,NA,NA,NA,NA,NA
"559",496,NA,NA,"MAguilar.Lit.Review.1072",NA,NA,"matched","3_core",7,0,0.903089986991944,53.8461538461538,0,3,3,1,"datasetName;canonicalName;decimalLatitude","agui","eleginops maclovinus",NA,NA,"canales de chiloé",-42.666666667,-73.9166666666,"Rademacher K. 2007. ","1072",NA,"0","Remove",NA,NA,NA,NA,NA,NA,NA,NA,NA,NA,NA,NA,NA
"560",497,NA,NA,"MAguilar.Lit.Review.1081",NA,NA,"matched","3_core",7,0,0.903089986991944,53.8461538461538,0,3,3,1,"datasetName;canonicalName;decimalLatitude","agui","galaxias maculatus",NA,NA,"canales de chiloé",-42.666666667,-73.9166666666,"Rademacher K. 2007. ","1081",NA,"0","Remove",NA,NA,NA,NA,NA,NA,NA,NA,NA,NA,NA,NA,NA
"650",591,NA,"good","CIMAR1_95_sp16","cimar1_95_sp16",TRUE,"matched","3_core",8,0,0.954242509439325,61.5384615384615,0,3,3,1,"datasetName;canonicalName;decimalLatitude","gbif","atheriniformes",1995,"1995-10-26",NA,-44.47,-73.9033,NA,NA,"shoa",NA,"Remove. Added to GBIF in June 1995. Could be removed because they are oceanographic stations.",NA,NA,NA,NA,NA,NA,NA,NA,NA,NA,NA,NA,NA
"902",846,NA,"good","MMA:ICT:0001856",NA,NA,"matched","3_core",7,3,0.301029995663981,53.8461538461538,23.0769230769231,3,3,1,"datasetName;canonicalName;decimalLatitude","mma2","galaxias maculatus",2006,"2006-07-17","lago huillinco. costera vertiente oeste entre rio cucao (incluido) y rio medina (incluido)",-42.67,-73.897,"OrigenReg: Base Dato",NA,NA,NA,"associatedReference: (Habit et al. 2012)",NA,"Habit et al. 2012",NA,NA,NA,NA,NA,NA,NA,NA,NA,NA,NA
"921",862,NA,"good","CIMAR1_73_sp16","cimar1_73_sp16",TRUE,"matched","3_core",8,0,0.954242509439325,61.5384615384615,0,3,3,1,"datasetName;canonicalName;decimalLatitude","gbif","atheriniformes",1995,"1995-11-03",NA,-45.4567,-73.88,NA,NA,"shoa",NA,"Remove. Added to GBIF in June 1995. Could be removed because they are oceanographic stations.",NA,NA,NA,NA,NA,NA,NA,NA,NA,NA,NA,NA,NA
"941",882,NA,"good","CIMAR1_62_sp16","cimar1_62_sp16",TRUE,"matched","3_core",8,0,0.954242509439325,61.5384615384615,0,3,3,1,"datasetName;canonicalName;decimalLatitude","gbif","atheriniformes",1995,"1995-11-02",NA,-45.7233,-73.8717,NA,NA,"shoa",NA,"Remove. Added to GBIF in June 1995. Could be removed because they are oceanographic stations.",NA,NA,NA,NA,NA,NA,NA,NA,NA,NA,NA,NA,NA
"945",890,NA,"good","CIMAR1_33_sp16","cimar1_33_sp16",TRUE,"matched","3_core",8,0,0.954242509439325,61.5384615384615,0,3,3,1,"datasetName;canonicalName;decimalLatitude","gbif","atheriniformes",1995,"1995-10-25",NA,-43.7083,-73.85,NA,NA,"shoa",NA,"Remove. Added to GBIF in June 1995. Could be removed because they are oceanographic stations.",NA,NA,NA,NA,NA,NA,NA,NA,NA,NA,NA,NA,NA
"954",897,NA,"good","CIMAR1_74_sp16","cimar1_74_sp16",TRUE,"matched","3_core",8,0,0.954242509439325,61.5384615384615,0,3,3,1,"datasetName;canonicalName;decimalLatitude","gbif","atheriniformes",1995,"1995-11-01",NA,-45.5933,-73.8383,NA,NA,"shoa",NA,"Remove. Added to GBIF in June 1995. Could be removed because they are oceanographic stations.",NA,NA,NA,NA,NA,NA,NA,NA,NA,NA,NA,NA,NA
"955",898,NA,"good","SUBPESCA.PecesContinentales2019.5445",NA,NA,"matched","2_core",9,0,1,69.2307692307692,0,2,2,1,"datasetName;canonicalName","subpesca-1","galaxias globiceps",2008,NA,NA,-42.100911,-73.832383,"INGENDESA (NA) Minic","5445",NA,NA,"Remove. most likely G. platei. Record from estudio de impacto ambiental.",NA,NA,NA,NA,NA,NA,NA,NA,NA,NA,NA,NA,NA
"967",909,NA,NA,"MAguilar.Lit.Review.765",NA,NA,"matched","all_core_firlds",9,0,1,69.2307692307692,0,5,5,1,"datasetName;canonicalName;decimalLatitude;decimalLongitude;bibliographicCitation","agui","oncorhynchus mykiss",2006,NA,"lago natri",-42.79468,-73.8136410003,"Habit, E., Gonzalez,","765",NA,"1","associatedsReference: (Cussac et al., 2020)",NA,"Cussac et al., 2020",NA,NA,NA,NA,NA,NA,NA,NA,NA,NA,NA
"968",910,NA,NA,"MAguilar.Lit.Review.522",NA,NA,"matched","all_core_firlds",7,0,0.903089986991944,53.8461538461538,0,5,5,1,"datasetName;canonicalName;decimalLatitude;decimalLongitude;bibliographicCitation","agui","oncorhynchus mykiss",NA,NA,"lago natri",-42.79468,-73.8136410003,"Cussac, V.E.; Barran","522",NA,"0",NA,NA,NA,NA,NA,NA,NA,NA,NA,NA,NA,NA,NA,NA
"969",911,NA,NA,"MAguilar.Lit.Review.764",NA,NA,"matched","all_core_firlds",9,0,1,69.2307692307692,0,5,5,1,"datasetName;canonicalName;decimalLatitude;decimalLongitude;bibliographicCitation","agui","salmo trutta",2006,NA,"lago natri",-42.79468,-73.8136410003,"Habit, E., Gonzalez,","764",NA,"1","associatedsReference: (Cussac et al., 2020)",NA,"Cussac et al., 2020",NA,NA,NA,NA,NA,NA,NA,NA,NA,NA,NA
"970",912,NA,NA,"MAguilar.Lit.Review.523",NA,NA,"matched","all_core_firlds",7,0,0.903089986991944,53.8461538461538,0,5,5,1,"datasetName;canonicalName;decimalLatitude;decimalLongitude;bibliographicCitation","agui","salmo trutta",NA,NA,"lago natri",-42.79468,-73.8136410003,"Cussac, V.E.; Barran","523",NA,"0",NA,NA,NA,NA,NA,NA,NA,NA,NA,NA,NA,NA,NA,NA
"988",925,NA,NA,"MMA:ICT:0000886",NA,NA,"matched","3_core",5,2,0.301029995663981,38.4615384615385,15.3846153846154,3,3,1,"datasetName;canonicalName;decimalLatitude","mma2","brachygalaxias bullocki",2002,NA,"río puntra. rio chepu",-42.118,-73.809,"FuenteReg: Gonzalez ",NA,NA,"0",NA,NA,NA,NA,NA,NA,NA,NA,NA,NA,NA,NA,NA,NA
"990",926,NA,NA,"MMA:ICT:0001115",NA,NA,"matched","3_core",5,2,0.301029995663981,38.4615384615385,15.3846153846154,3,3,1,"datasetName;canonicalName;decimalLatitude","mma2","cheirodon australe",2002,NA,"río puntra. rio chepu",-42.118,-73.809,"FuenteReg: Gonzalez ",NA,NA,"0",NA,NA,NA,NA,NA,NA,NA,NA,NA,NA,NA,NA,NA,NA
"992",927,NA,NA,"MMA:ICT:0002494",NA,NA,"matched","3_core",5,2,0.301029995663981,38.4615384615385,15.3846153846154,3,3,1,"datasetName;canonicalName;decimalLatitude","mma2","galaxias platei",2002,NA,"río puntra. rio chepu",-42.118,-73.809,"FuenteReg: Gonzalez ",NA,NA,"0",NA,NA,NA,NA,NA,NA,NA,NA,NA,NA,NA,NA,NA,NA
"994",928,NA,NA,"MMA:ICT:0005199",NA,NA,"matched","3_core",5,2,0.301029995663981,38.4615384615385,15.3846153846154,3,3,1,"datasetName;canonicalName;decimalLatitude","mma2","trichomycterus areolatus",2002,NA,"río puntra. rio chepu",-42.118,-73.809,"FuenteReg: Gonzalez ",NA,NA,"0",NA,NA,NA,NA,NA,NA,NA,NA,NA,NA,NA,NA,NA,NA
"1021",946,NA,NA,"MMA:ICT:0001118",NA,NA,"matched","3_core",6,2,0.367976785294594,46.1538461538462,15.3846153846154,3,3,1,"datasetName;canonicalName;decimalLatitude","mma2","cheirodon australe",1993,NA,"lago tarahuín. en zona litoral. costera vertiente oeste entre rio cucao (incluido) y rio medina (incluido)",-42.717,-73.8,"FuenteReg: Campos et",NA,NA,"0",NA,NA,NA,NA,NA,NA,NA,NA,NA,NA,NA,NA,NA,NA
"1052",978,NA,NA,"MMA:ICT:0001863",NA,NA,"matched","3_core",8,2,0.477121254719662,61.5384615384615,15.3846153846154,3,3,1,"datasetName;canonicalName;decimalLatitude","mma2","galaxias maculatus",2006,"2006-12-22","lago tarahuin. costera vertiente oeste entre rio cucao (incluido) y rio medina (incluido)",-42.722,-73.781,"OrigenReg: Base Dato",NA,NA,NA,"associatedReference: (Habit et al. 2012)",NA,"Habit et al. 2012",NA,NA,NA,NA,NA,NA,NA,NA,NA,NA,NA
"1125",1054,NA,"good","MMA:ICT:0001858",NA,NA,"matched","3_core",7,3,0.301029995663981,53.8461538461538,23.0769230769231,3,3,1,"datasetName;canonicalName;decimalLatitude","mma2","galaxias maculatus",2006,"2006-07-17","lago natri. costeras vertientes este entre punta ahoni y punta yatac",-42.804,-73.778,"OrigenReg: Base Dato",NA,NA,NA,"associatedReference: (Habit et al. 2012)",NA,"Habit et al. 2012",NA,NA,NA,NA,NA,NA,NA,NA,NA,NA,NA
"1134",1063,NA,"good","CIMAR1_52_sp16","cimar1_52_sp16",TRUE,"matched","3_core",8,0,0.954242509439325,61.5384615384615,0,3,3,1,"datasetName;canonicalName;decimalLatitude","gbif","atheriniformes",1995,"1995-11-01",NA,-46.4483,-73.7767,NA,NA,"shoa",NA,"Remove. Added to GBIF in June 1995. Could be removed because they are oceanographic stations.",NA,NA,NA,NA,NA,NA,NA,NA,NA,NA,NA,NA,NA
"1166",1098,NA,"good","MAguilar.Lit.Review.959",NA,NA,"matched","2_core",7,0,0.903089986991944,53.8461538461538,0,2,2,1,"datasetName;canonicalName","agui","mugil cephalus",NA,NA,"isla grande de chiloé",-42.4902777778,-73.7591666673,"Ministerior de Medio","959",NA,NA,"Remove: Imprecise record coming from a pers. com. with G. Pequeño, but no single waterbody is precised. Imprecise record.",NA,NA,NA,NA,NA,NA,NA,NA,NA,NA,NA,NA,NA
"1170",1105,NA,"good","SUBPESCA.PecesContinentales2019.28440",NA,NA,"matched","2_core",9,0,1,69.2307692307692,0,2,2,1,"datasetName;canonicalName","subpesca-1","oncorhynchus gorbuscha",2014,NA,NA,-42.858276,-73.752141,"Econometric S.A. (20","28440",NA,NA,"Remove. From 2014: there are no O. gorbusha in Chile in 2014.",NA,NA,NA,NA,NA,NA,NA,NA,NA,NA,NA,NA,NA
"1175",1108,NA,NA,"MAguilar.Lit.Review.1070",NA,NA,"matched","3_core",7,0,0.903089986991944,53.8461538461538,0,3,3,1,"datasetName;canonicalName;decimalLatitude","agui","eleginops maclovinus",NA,NA,"isla huemules",-45.9666666667,-73.75,"Rademacher K. 2007. ","1070",NA,"0",NA,NA,NA,NA,NA,NA,NA,NA,NA,NA,NA,NA,NA,NA
"1177",1110,NA,NA,"MAguilar.Lit.Review.1083",NA,NA,"matched","3_core",7,0,0.903089986991944,53.8461538461538,0,3,3,1,"datasetName;canonicalName;decimalLatitude","agui","galaxias maculatus",NA,NA,"isla huemules",-45.9666666667,-73.75,"Rademacher K. 2007. ","1083",NA,"0",NA,NA,NA,NA,NA,NA,NA,NA,NA,NA,NA,NA,NA,NA
"1179",1112,NA,NA,"MAguilar.Lit.Review.1298",NA,NA,"matched","3_core",7,0,0.903089986991944,53.8461538461538,0,3,3,1,"datasetName;canonicalName;decimalLatitude","agui","aplochiton taeniatus",NA,NA,"río aysén",-45.4999999998,-73.75,"Vila I. Veloso A. Sc","1298",NA,NA,"Remove record: imprecise. Waypoint located in the fjords, but locality is Puerto Aysén. Most likely, this reference is citing fish fauna from the river without including sampling.",NA,NA,NA,NA,NA,NA,NA,NA,NA,NA,NA,NA,NA
"1180",1113,NA,NA,"MAguilar.Lit.Review.1299",NA,NA,"matched","3_core",7,0,0.903089986991944,53.8461538461538,0,3,3,1,"datasetName;canonicalName;decimalLatitude","agui","galaxias maculatus",NA,NA,"río aysén",-45.4999999998,-73.75,"Vila I. Veloso A. Sc","1299",NA,NA,"Remove record: imprecise. Waypoint located in the fjords, but locality is Puerto Aysén. Most likely, this reference is citing fish fauna from the river without including sampling.",NA,NA,NA,NA,NA,NA,NA,NA,NA,NA,NA,NA,NA
"1181",1114,NA,NA,"MAguilar.Lit.Review.1300",NA,NA,"matched","3_core",7,0,0.903089986991944,53.8461538461538,0,3,3,1,"datasetName;canonicalName;decimalLatitude","agui","galaxias platei",NA,NA,"río aysén",-45.4999999998,-73.75,"Vila I. Veloso A. Sc","1300",NA,NA,"Remove record: imprecise. Waypoint located in the fjords, but locality is Puerto Aysén. Most likely, this reference is citing fish fauna from the river without including sampling.",NA,NA,NA,NA,NA,NA,NA,NA,NA,NA,NA,NA,NA
"1182",1115,NA,NA,"MAguilar.Lit.Review.1301",NA,NA,"matched","4plus_core",7,0,0.903089986991944,53.8461538461538,0,4,4,1,"datasetName;canonicalName;decimalLatitude;decimalLongitude","agui","hatcheria macraei",NA,NA,"río aysén",-45.4999999998,-73.75,"Vila I. Veloso A. Sc","1301",NA,NA,"Remove record: imprecise. Waypoint located in the fjords, but locality is Puerto Aysén. Most likely, this reference is citing fish fauna from the river without including sampling.",NA,NA,NA,NA,NA,NA,NA,NA,NA,NA,NA,NA,NA
"1210",1143,NA,NA,"MAguilar.Lit.Review.767",NA,NA,"matched","all_core_firlds",9,0,1,69.2307692307692,0,5,5,1,"datasetName;canonicalName;decimalLatitude;decimalLongitude;bibliographicCitation","agui","oncorhynchus mykiss",2006,NA,"lago tarahuin",-42.7157139998,-73.733813,"Habit, E., Gonzalez,","767",NA,"1","associatedReference: (Cussac et al., 2020)",NA,"Cussac et al., 2020",NA,NA,NA,NA,NA,NA,NA,NA,NA,NA,NA
"1211",1144,NA,NA,"MAguilar.Lit.Review.524",NA,NA,"matched","all_core_firlds",7,0,0.903089986991944,53.8461538461538,0,5,5,1,"datasetName;canonicalName;decimalLatitude;decimalLongitude;bibliographicCitation","agui","oncorhynchus mykiss",NA,NA,"lago tarahuin",-42.7157139998,-73.733813,"Cussac, V.E.; Barran","524",NA,"0",NA,NA,NA,NA,NA,NA,NA,NA,NA,NA,NA,NA,NA,NA
"1212",1145,NA,NA,"MAguilar.Lit.Review.766",NA,NA,"matched","all_core_firlds",9,0,1,69.2307692307692,0,5,5,1,"datasetName;canonicalName;decimalLatitude;decimalLongitude;bibliographicCitation","agui","salmo trutta",2006,NA,"lago tarahuin",-42.7157139998,-73.733813,"Habit, E., Gonzalez,","766",NA,"1","associatedsReference: (Cussac et al., 2020)",NA,"Cussac et al., 2020",NA,NA,NA,NA,NA,NA,NA,NA,NA,NA,NA
"1213",1146,NA,NA,"MAguilar.Lit.Review.525",NA,NA,"matched","all_core_firlds",7,0,0.903089986991944,53.8461538461538,0,5,5,1,"datasetName;canonicalName;decimalLatitude;decimalLongitude;bibliographicCitation","agui","salmo trutta",NA,NA,"lago tarahuin",-42.7157139998,-73.733813,"Cussac, V.E.; Barran","525",NA,"0",NA,NA,NA,NA,NA,NA,NA,NA,NA,NA,NA,NA,NA,NA
"1225",1162,NA,"good","CIMAR1_19_sp16","cimar1_19_sp16",TRUE,"matched","3_core",8,0,0.954242509439325,61.5384615384615,0,3,3,1,"datasetName;canonicalName;decimalLatitude","gbif","atheriniformes",1995,"1995-10-21",NA,-42.5833,-73.7233,NA,NA,"shoa",NA,"Remove. Added to GBIF in June 1995. Could be removed because they are oceanographic stations.",NA,NA,NA,NA,NA,NA,NA,NA,NA,NA,NA,NA,NA
"1243",1181,NA,"good","CIMAR1_75_sp16","cimar1_75_sp16",TRUE,"matched","3_core",8,0,0.954242509439325,61.5384615384615,0,3,3,1,"datasetName;canonicalName;decimalLatitude","gbif","atheriniformes",1995,"1995-11-03",NA,-45.43,-73.71,NA,NA,"shoa",NA,"Remove. Added to GBIF in June 1995. Could be removed because they are oceanographic stations.",NA,NA,NA,NA,NA,NA,NA,NA,NA,NA,NA,NA,NA
"1273",1210,NA,NA,"MAguilar.Lit.Review.377",NA,NA,"matched","3_core",7,0,0.903089986991944,53.8461538461538,0,3,3,1,"datasetName;canonicalName;decimalLatitude","agui","aplochiton zebra",NA,NA,"ancud",-41.8833333329,-73.7000000001,"Cussac, V., Ortubay,","377",NA,NA,"Unprecise waypoint: should be 15km west of Ancud (McDowall 1971)",NA,"McDowall 1971",NA,NA,NA,NA,NA,NA,NA,NA,NA,NA,NA
"1282",1219,NA,"good","CIMAR1_94_sp16","cimar1_94_sp16",TRUE,"matched","3_core",8,0,0.954242509439325,61.5384615384615,0,3,3,1,"datasetName;canonicalName;decimalLatitude","gbif","atheriniformes",1995,"1995-10-26",NA,-44.46,-73.695,NA,NA,"shoa",NA,"Remove. Added to GBIF in June 1995. Could be removed because they are oceanographic stations.",NA,NA,NA,NA,NA,NA,NA,NA,NA,NA,NA,NA,NA
"1294",1237,NA,NA,"MAguilar.Lit.Review.384",NA,NA,"matched","3_core",7,0,0.903089986991944,53.8461538461538,0,3,3,1,"datasetName;canonicalName;decimalLatitude","agui","brachygalaxias bullocki",NA,NA,"río puntra",-42.283333333,-73.6833333332,"Cussac, V., Ortubay,","384",NA,NA,"Change coordinate to -42.165898, -73.725420  Coordinates located in river Butalcura, not Puntra. Also, could not check the original record in McDowall et al. 1971, where B bulloki is not mentionned in rio Puntra",NA,NA,"-42.165898","-73.72542",NA,NA,NA,NA,NA,NA,NA,NA,NA
"1338",1281,NA,"good","CIMAR1_50_sp16","cimar1_50_sp16",TRUE,"matched","3_core",8,0,0.954242509439325,61.5384615384615,0,3,3,1,"datasetName;canonicalName;decimalLatitude","gbif","atheriniformes",1995,"1995-10-31",NA,-46.19,-73.6683,NA,NA,"shoa",NA,"Remove. Added to GBIF in June 1995. Could be removed because they are oceanographic stations.",NA,NA,NA,NA,NA,NA,NA,NA,NA,NA,NA,NA,NA
"1339",1282,NA,"good","http://id.smns-bw.org/smns/collection/772135/1234205/776247","http://id.smns-bw.org/smns/collection/772135/1234205/776247",TRUE,"matched","2_core",10,0,1.04139268515823,76.9230769230769,0,2,2,1,"datasetName;canonicalName","gbif","odontesthes mauleanum",1975,"1975-10-08","lago huillinco/huillinco lake, at huillinco, beach, chiloe island",-41.88306,-73.66583,NA,"smns-z-pi-008120 / 1234205 / smns-z-pi-008120","smns",NA,"change coordinates to: -42.667464, -73.941358",NA,NA,"-42.667464","-73.941358",NA,NA,NA,NA,NA,NA,NA,NA,NA
"1344",1287,NA,"good","CIMAR1_42_sp16","cimar1_42_sp16",TRUE,"matched","3_core",8,0,0.954242509439325,61.5384615384615,0,3,3,1,"datasetName;canonicalName;decimalLatitude","gbif","atheriniformes",1995,"1995-10-30",NA,-45.205,-73.66,NA,NA,"shoa",NA,"Remove. Added to GBIF in June 1995. Could be removed because they are oceanographic stations.",NA,NA,NA,NA,NA,NA,NA,NA,NA,NA,NA,NA,NA
"1365",1308,NA,NA,"MAguilar.Lit.Review.1235",NA,NA,"matched","3_core",11,0,1.07918124604762,84.6153846153846,0,3,3,1,"datasetName;canonicalName;decimalLatitude","agui","aplochiton taeniatus",2019,"2019-03-18","huicha",-41.8789999999,-73.6519999998,"Vanhaecke D, Garcia ","1235",NA,"0",NA,NA,NA,NA,NA,NA,NA,NA,NA,NA,NA,NA,NA,NA
"1366",1309,NA,NA,"MAguilar.Lit.Review.1242",NA,NA,"matched","3_core",11,0,1.07918124604762,84.6153846153846,0,3,3,1,"datasetName;canonicalName;decimalLatitude","agui","aplochiton zebra",2019,"2019-03-18","huicha",-41.8789999999,-73.6519999998,"Vanhaecke D, Garcia ","1242",NA,"0",NA,NA,NA,NA,NA,NA,NA,NA,NA,NA,NA,NA,NA,NA
"1370",1313,NA,"good","CIMAR1_45_sp16","cimar1_45_sp16",TRUE,"matched","3_core",8,0,0.954242509439325,61.5384615384615,0,3,3,1,"datasetName;canonicalName;decimalLatitude","gbif","atheriniformes",1995,"1995-10-30",NA,-45.365,-73.6517,NA,NA,"shoa",NA,"Remove. Added to GBIF in June 1995. Could be removed because they are oceanographic stations.",NA,NA,NA,NA,NA,NA,NA,NA,NA,NA,NA,NA,NA
"1372",1319,NA,"good","CIMAR1_41_sp16","cimar1_41_sp16",TRUE,"matched","3_core",8,0,0.954242509439325,61.5384615384615,0,3,3,1,"datasetName;canonicalName;decimalLatitude","gbif","atheriniformes",1995,"1995-10-30",NA,-45.115,-73.6483,NA,NA,"shoa",NA,"Remove. Added to GBIF in June 1995. Could be removed because they are oceanographic stations.",NA,NA,NA,NA,NA,NA,NA,NA,NA,NA,NA,NA,NA
"1375",1322,NA,NA,"CIMAR1_44_sp16","cimar1_44_sp16",TRUE,"matched","4plus_core",8,0,0.954242509439325,61.5384615384615,0,4,4,1,"datasetName;canonicalName;decimalLatitude;decimalLongitude","gbif","atheriniformes",1995,"1995-10-30",NA,-45.3267,-73.6433,NA,NA,"shoa",NA,"Remove. Added to GBIF in June 1995. Could be removed because they are oceanographic stations.",NA,NA,NA,NA,NA,NA,NA,NA,NA,NA,NA,NA,NA
"1383",1330,NA,NA,"MAguilar.Lit.Review.272",NA,NA,"matched","all_core_firlds",10,0,1.04139268515823,76.9230769230769,0,5,5,1,"datasetName;canonicalName;decimalLatitude;decimalLongitude;bibliographicCitation","agui","oncorhynchus mykiss",2007,NA,"sitio de muestreo granja 1, chiloé",-43.1164000001,-73.6322999996,"Consuegra, S., Phill","272",NA,"0",NA,NA,NA,NA,NA,NA,NA,NA,NA,NA,NA,NA,NA,NA
"1399",1345,NA,"good","CIMAR1_32_sp16","cimar1_32_sp16",TRUE,"matched","3_core",8,0,0.954242509439325,61.5384615384615,0,3,3,1,"datasetName;canonicalName;decimalLatitude","gbif","atheriniformes",1995,"1995-10-25",NA,-43.6183,-73.6283,NA,NA,"shoa",NA,"Remove. Added to GBIF in June 1995. Could be removed because they are oceanographic stations.",NA,NA,NA,NA,NA,NA,NA,NA,NA,NA,NA,NA,NA
"1400",1346,NA,NA,"Correa.Boisjoly.collection.006533",NA,NA,"matched","3_core",9,1,0.698970004336019,69.2307692307692,7.69230769230769,3,3,1,"datasetName;canonicalName;decimalLatitude","fish database correa-boisjoly","animalia",2017,"2017-02-13","río huicha",-41.88564797,-73.62790396,"Correa, Cristián, Ma",NA,NA,NA,"Change canonicalName to Galaxias",NA,NA,NA,NA,NA,NA,NA,NA,"Galaxias",NA,NA,NA,NA
"1406",1353,NA,"good","CIMAR1_34_sp16","cimar1_34_sp16",TRUE,"matched","3_core",8,0,0.954242509439325,61.5384615384615,0,3,3,1,"datasetName;canonicalName;decimalLatitude","gbif","atheriniformes",1995,"1995-10-24",NA,-43.8,-73.6267,NA,NA,"shoa",NA,"Remove. Added to GBIF in June 1995. Could be removed because they are oceanographic stations.",NA,NA,NA,NA,NA,NA,NA,NA,NA,NA,NA,NA,NA
"1416",1364,NA,"good","CIMAR1_20_sp16","cimar1_20_sp16",TRUE,"matched","3_core",8,0,0.954242509439325,61.5384615384615,0,3,3,1,"datasetName;canonicalName;decimalLatitude","gbif","atheriniformes",1995,"1995-10-22",NA,-42.6817,-73.62,NA,NA,"shoa",NA,"Remove. Added to GBIF in June 1995. Could be removed because they are oceanographic stations.",NA,NA,NA,NA,NA,NA,NA,NA,NA,NA,NA,NA,NA
"1421",1372,NA,"good","CIMAR1_57_sp16","cimar1_57_sp16",TRUE,"matched","3_core",8,0,0.954242509439325,61.5384615384615,0,3,3,1,"datasetName;canonicalName;decimalLatitude","gbif","atheriniformes",1995,"1995-10-31",NA,-46.3067,-73.6117,NA,NA,"shoa",NA,"Remove. Added to GBIF in June 1995. Could be removed because they are oceanographic stations.",NA,NA,NA,NA,NA,NA,NA,NA,NA,NA,NA,NA,NA
"1435",1387,NA,NA,"MAguilar.Lit.Review.1350",NA,NA,"matched","3_core",8,0,0.954242509439325,61.5384615384615,0,3,3,1,"datasetName;canonicalName;decimalLatitude","agui","aplochiton marinus",NA,NA,"laguna ventisquero",-48.2499999997,-73.6000000003,"Zama A. y Cárdenas E","1350",NA,"1","eventDate=1982-01-01; year=1982; locality=Laguna Ventisquero, Estero Ventisquero",NA,NA,NA,NA,"Laguna Ventisquero, Estero Ventisquero","1982","1982-01-01",NA,NA,NA,NA,NA,NA
"1439",1391,NA,"good","CIMAR1_48_sp16","cimar1_48_sp16",TRUE,"matched","3_core",8,0,0.954242509439325,61.5384615384615,0,3,3,1,"datasetName;canonicalName;decimalLatitude","gbif","atheriniformes",1995,"1995-10-30",NA,-45.875,-73.5933,NA,NA,"shoa",NA,"Remove. Added to GBIF in June 1995. Could be removed because they are oceanographic stations.",NA,NA,NA,NA,NA,NA,NA,NA,NA,NA,NA,NA,NA
"1442",1395,NA,NA,"MMA:ICT:0000002",NA,NA,"matched","3_core",6,3,0.243038048686294,46.1538461538462,23.0769230769231,3,3,1,"datasetName;canonicalName;decimalLatitude","mma2","aplochiton marinus",1982,"1982-01-01","estero ventisquero. costeras del canal baker",-48.25,-73.585,"OrigenReg: Zama, A.,",NA,NA,"0",NA,NA,NA,NA,NA,NA,NA,NA,NA,NA,NA,NA,NA,NA
"1444",1396,NA,NA,"MAguilar.Lit.Review.905",NA,NA,"matched","3_core",9,0,1,69.2307692307692,0,3,3,1,"datasetName;canonicalName;decimalLatitude","agui","aplochiton taeniatus",1982,NA,"estero ventisquero",-48.2499999997,-73.5833333334,"McDowall, R., & Naka","905",NA,"1","Change species to Aplochiton marinus",NA,NA,NA,NA,NA,NA,NA,NA,"Aplochiton marinus","Aplochiton marinus Eigenmann, 1928",NA,NA,NA
"1445",1397,NA,NA,"MAguilar.Lit.Review.385",NA,NA,"matched","3_core",7,0,0.903089986991944,53.8461538461538,0,3,3,1,"datasetName;canonicalName;decimalLatitude","agui","brachygalaxias bullocki",NA,NA,"lago tarahuín",-42.7499999999,-73.5833333334,"Cussac, V., Ortubay,","385",NA,"1","change coordinates to -42.714240, -73.731099, also in Campos 1996",NA,"Campos 1996","-42.71424","-73.731099",NA,NA,NA,NA,NA,NA,NA,NA,NA
"1446",1398,NA,NA,"MAguilar.Lit.Review.401",NA,NA,"matched","3_core",7,0,0.903089986991944,53.8461538461538,0,3,3,1,"datasetName;canonicalName;decimalLatitude","agui","galaxias maculatus",NA,NA,"lago tarahuín",-42.7499999999,-73.5833333334,"Cussac, V., Ortubay,","401",NA,"1","change coordinates to -42.714240, -73.731099, also in Campos 1996",NA,"Campos 1996","-42.71424","-73.731099",NA,NA,NA,NA,NA,NA,NA,NA,NA
"1458",1406,NA,NA,"MAguilar.Lit.Review.264",NA,NA,"matched","3_core",10,0,1.04139268515823,76.9230769230769,0,3,3,1,"datasetName;canonicalName;decimalLatitude","agui","oncorhynchus mykiss",2007,NA,"u37, chiloé",-43.0331999998,-73.5744999998,"Consuegra, S., Phill","264",NA,"0",NA,NA,NA,NA,NA,NA,NA,NA,NA,NA,NA,NA,NA,NA
"1466",1414,NA,NA,"SUBPESCA.PecesContinentales2019.4740",NA,NA,"matched","all_core_firlds",9,0,1,69.2307692307692,0,6,5,1,"datasetName;canonicalName;decimalLatitude;decimalLongitude;bibliographicCitation;catalogNumber","subpesca-1","eleginops maclovinus",2008,NA,NA,-47.794323,-73.570398,"CEA (NA) Proyecto Hi","4740",NA,"0",NA,NA,NA,NA,NA,NA,NA,NA,NA,NA,NA,NA,NA,NA
"1468",1416,NA,NA,"SUBPESCA.PecesContinentales2019.5029",NA,NA,"matched","all_core_firlds",9,0,1,69.2307692307692,0,6,5,1,"datasetName;canonicalName;decimalLatitude;decimalLongitude;bibliographicCitation;catalogNumber","subpesca-1","eleginops maclovinus",2009,NA,NA,-47.794323,-73.570398,"CEA (NA) Proyecto Hi","5029",NA,"0",NA,NA,NA,NA,NA,NA,NA,NA,NA,NA,NA,NA,NA,NA
"1470",1418,NA,NA,"SUBPESCA.PecesContinentales2019.15875",NA,NA,"matched","3_core",9,0,1,69.2307692307692,0,3,3,1,"datasetName;canonicalName;decimalLatitude","subpesca-1","galaxias platei",2010,NA,NA,-47.794323,-73.570398,"CEA (NA) Linea Base ","15875",NA,"0",NA,NA,NA,NA,NA,NA,NA,NA,NA,NA,NA,NA,NA,NA
"1480",1428,NA,NA,"SUBPESCA.PecesContinentales2019.21990",NA,NA,"matched","3_core",9,0,1,69.2307692307692,0,3,3,1,"datasetName;canonicalName;decimalLatitude","subpesca-1","eleginops maclovinus",2012,NA,NA,-47.794413,-73.570382,"CEA (NA) Monitoreo L","21990",NA,"0",NA,NA,NA,NA,NA,NA,NA,NA,NA,NA,NA,NA,NA,NA
"1481",1429,NA,NA,"SUBPESCA.PecesContinentales2019.21989",NA,NA,"matched","3_core",9,0,1,69.2307692307692,0,3,3,1,"datasetName;canonicalName;decimalLatitude","subpesca-1","galaxias maculatus",2012,NA,NA,-47.794413,-73.570382,"CEA (NA) Monitoreo L","21989",NA,"0",NA,NA,NA,NA,NA,NA,NA,NA,NA,NA,NA,NA,NA,NA
"1505",1448,NA,NA,"MAguilar.Lit.Review.265",NA,NA,"matched","3_core",10,0,1.04139268515823,76.9230769230769,0,3,3,1,"datasetName;canonicalName;decimalLatitude","agui","oncorhynchus mykiss",2007,NA,"aitoy, chiloé",-42.7572000001,-73.5653,"Consuegra, S., Phill","265",NA,"0",NA,NA,NA,NA,NA,NA,NA,NA,NA,NA,NA,NA,NA,NA
"1508",1451,NA,"good","CIMAR1_47_sp16","cimar1_47_sp16",TRUE,"matched","3_core",8,0,0.954242509439325,61.5384615384615,0,3,3,1,"datasetName;canonicalName;decimalLatitude","gbif","atheriniformes",1995,"1995-10-30",NA,-45.7183,-73.5633,NA,NA,"shoa",NA,"Remove. Added to GBIF in June 1995. Could be removed because they are oceanographic stations.",NA,NA,NA,NA,NA,NA,NA,NA,NA,NA,NA,NA,NA
"1520",1457,NA,"good","CIMAR1_17_sp16","cimar1_17_sp16",TRUE,"matched","3_core",8,0,0.954242509439325,61.5384615384615,0,3,3,1,"datasetName;canonicalName;decimalLatitude","gbif","atheriniformes",1995,"1995-10-21",NA,-42.515,-73.5517,NA,NA,"shoa",NA,"Remove. Added to GBIF in June 1995. Could be removed because they are oceanographic stations.",NA,NA,NA,NA,NA,NA,NA,NA,NA,NA,NA,NA,NA
"1521",1458,NA,NA,"MAguilar.Lit.Review.352",NA,NA,"matched","3_core",10,0,1.04139268515823,76.9230769230769,0,3,3,1,"datasetName;canonicalName;decimalLatitude","agui","oncorhynchus tshawytscha",2004,"2004-03-13","tortel",-47.8166666666,-73.5500000004,"Correa, C., Gross, M","352",NA,"0",NA,NA,NA,NA,NA,NA,NA,NA,NA,NA,NA,NA,NA,NA
"1522",1459,NA,NA,"MAguilar.Lit.Review.1068",NA,NA,"matched","4plus_core",7,0,0.903089986991944,53.8461538461538,0,4,4,1,"datasetName;canonicalName;decimalLatitude;decimalLongitude","agui","eleginops maclovinus",NA,NA,"isla casma",-45.4166666669,-73.5500000004,"Rademacher K. 2007. ","1068",NA,"0",NA,NA,NA,NA,NA,NA,NA,NA,NA,NA,NA,NA,NA,NA
"1524",1460,NA,"good","CIMAR1_54_sp16","cimar1_54_sp16",TRUE,"matched","3_core",8,0,0.954242509439325,61.5384615384615,0,3,3,1,"datasetName;canonicalName;decimalLatitude","gbif","atheriniformes",1995,"1995-10-31",NA,-46.235,-73.5483,NA,NA,"shoa",NA,"Remove. Added to GBIF in June 1995. Could be removed because they are oceanographic stations.",NA,NA,NA,NA,NA,NA,NA,NA,NA,NA,NA,NA,NA
"1531",1467,NA,NA,"MAguilar.Lit.Review.266",NA,NA,"matched","3_core",10,0,1.04139268515823,76.9230769230769,0,3,3,1,"datasetName;canonicalName;decimalLatitude","agui","oncorhynchus mykiss",2007,NA,"u23, chiloé",-42.3320999999,-73.5475000002,"Consuegra, S., Phill","266",NA,"0",NA,NA,NA,NA,NA,NA,NA,NA,NA,NA,NA,NA,NA,NA
"1537",1473,NA,NA,"SUBPESCA.PecesContinentales2019.4530",NA,NA,"matched","all_core_firlds",9,0,1,69.2307692307692,0,5,5,1,"datasetName;canonicalName;decimalLatitude;decimalLongitude;bibliographicCitation","subpesca-1","aplochiton zebra",2007,NA,NA,-47.777544,-73.54615,"CEA (NA) Proyecto Hi","4530",NA,"0",NA,NA,NA,NA,NA,NA,NA,NA,NA,NA,NA,NA,NA,NA
"1540",1476,NA,NA,"SUBPESCA.PecesContinentales2019.4531",NA,NA,"matched","all_core_firlds",9,0,1,69.2307692307692,0,5,5,1,"datasetName;canonicalName;decimalLatitude;decimalLongitude;bibliographicCitation","subpesca-1","eleginops maclovinus",2007,NA,NA,-47.777544,-73.54615,"CEA (NA) Proyecto Hi","4531",NA,"0",NA,NA,NA,NA,NA,NA,NA,NA,NA,NA,NA,NA,NA,NA
"1541",1477,NA,NA,"SUBPESCA.PecesContinentales2019.15478",NA,NA,"matched","all_core_firlds",9,0,1,69.2307692307692,0,5,5,1,"datasetName;canonicalName;decimalLatitude;decimalLongitude;bibliographicCitation","subpesca-1","eleginops maclovinus",2009,NA,NA,-47.777544,-73.54615,"CEA (NA) Linea Base ","15478",NA,"0",NA,NA,NA,NA,NA,NA,NA,NA,NA,NA,NA,NA,NA,NA
"1565",1494,NA,NA,"SUBPESCA.PecesContinentales2019.5370",NA,NA,"matched","3_core",9,0,1,69.2307692307692,0,3,3,1,"datasetName;canonicalName;decimalLatitude","subpesca-1","galaxias maculatus",2008,NA,NA,-41.899857,-73.541502,"INGENDESA (NA) Minic","5370",NA,"0",NA,NA,NA,NA,NA,NA,NA,NA,NA,NA,NA,NA,NA,NA
"1605",1528,NA,NA,"MAguilar.Lit.Review.1080",NA,NA,"matched","3_core",7,0,0.903089986991944,53.8461538461538,0,3,3,1,"datasetName;canonicalName;decimalLatitude","agui","galaxias maculatus",NA,NA,"puerto aguirre",-45.1666666674,-73.5333333326,"Rademacher K. 2007. ","1080",NA,"0",NA,NA,NA,NA,NA,NA,NA,NA,NA,NA,NA,NA,NA,NA
"1609",1531,NA,"good","CIMAR1_76_sp16","cimar1_76_sp16",TRUE,"matched","3_core",8,0,0.954242509439325,61.5384615384615,0,3,3,1,"datasetName;canonicalName;decimalLatitude","gbif","atheriniformes",1995,"1995-11-03",NA,-45.3817,-73.5317,NA,NA,"shoa",NA,"Remove. Added to GBIF in June 1995. Could be removed because they are oceanographic stations.",NA,NA,NA,NA,NA,NA,NA,NA,NA,NA,NA,NA,NA
"1613",1535,NA,"good","CIMAR1_16_sp16","cimar1_16_sp16",TRUE,"matched","3_core",8,0,0.954242509439325,61.5384615384615,0,3,3,1,"datasetName;canonicalName;decimalLatitude","gbif","atheriniformes",1995,"1995-10-21",NA,-42.3683,-73.53,NA,NA,"shoa",NA,"Remove. Added to GBIF in June 1995. Could be removed because they are oceanographic stations.",NA,NA,NA,NA,NA,NA,NA,NA,NA,NA,NA,NA,NA
"1614",1536,NA,"good","CIMAR1_46_sp16","cimar1_46_sp16",TRUE,"matched","3_core",8,0,0.954242509439325,61.5384615384615,0,3,3,1,"datasetName;canonicalName;decimalLatitude","gbif","atheriniformes",1995,"1995-10-30",NA,-45.5133,-73.5283,NA,NA,"shoa",NA,"Remove. Added to GBIF in June 1995. Could be removed because they are oceanographic stations.",NA,NA,NA,NA,NA,NA,NA,NA,NA,NA,NA,NA,NA
"1622",1545,NA,NA,"MAguilar.Lit.Review.138",NA,NA,"matched","3_core",10,0,1.04139268515823,76.9230769230769,0,3,3,1,"datasetName;canonicalName;decimalLatitude","agui","aplochiton marinus",2007,NA,"baker-estuario",-47.7899999999,-73.5200000001,"Alò D, Correa C, Sam","138",NA,"0",NA,NA,NA,NA,NA,NA,NA,NA,NA,NA,NA,NA,NA,NA
"1623",1546,NA,NA,"MAguilar.Lit.Review.147",NA,NA,"matched","3_core",10,0,1.04139268515823,76.9230769230769,0,3,3,1,"datasetName;canonicalName;decimalLatitude","agui","salmo trutta",2007,NA,"baker-estuary",-47.7899999999,-73.5200000001,"Alò D, Correa C, Sam","147",NA,"0",NA,NA,NA,NA,NA,NA,NA,NA,NA,NA,NA,NA,NA,NA
"1637",1558,NA,"unlink, same collection diff batch","GBGCA5903-13","gbgca5903-13",TRUE,"matched","4plus_core",9,0,1,69.2307692307692,0,5,4,1,"datasetName;canonicalName;decimalLatitude;decimalLongitude;catalogNumber","gbif","aplochiton marinus",2004,"2004-07-15",NA,-47.790115,-73.51763,NA,"am3448","mined from genbank, ncbi",NA,"eventDate= 2004-03-22",NA,NA,NA,NA,NA,"2004","2004-03-22",NA,NA,NA,NA,NA,NA
"1668",1588,NA,"good","CIMAR1_60_sp16","cimar1_60_sp16",TRUE,"matched","3_core",8,0,0.954242509439325,61.5384615384615,0,3,3,1,"datasetName;canonicalName;decimalLatitude","gbif","atheriniformes",1995,"1995-10-30",NA,-45.79,-73.515,NA,NA,"shoa",NA,"Remove. Added to GBIF in June 1995. Could be removed because they are oceanographic stations.",NA,NA,NA,NA,NA,NA,NA,NA,NA,NA,NA,NA,NA
"1675",1594,NA,"good","CIMAR1_40_sp16","cimar1_40_sp16",TRUE,"matched","3_core",8,0,0.954242509439325,61.5384615384615,0,3,3,1,"datasetName;canonicalName;decimalLatitude","gbif","atheriniformes",1995,"1995-10-29",NA,-44.87,-73.5067,NA,NA,"shoa",NA,"Remove. Added to GBIF in June 1995. Could be removed because they are oceanographic stations.",NA,NA,NA,NA,NA,NA,NA,NA,NA,NA,NA,NA,NA
"1676",1595,NA,"good","MMA:ICT:0001808",NA,NA,"matched","3_core",7,3,0.301029995663981,53.8461538461538,23.0769230769231,3,3,1,"datasetName;canonicalName;decimalLatitude","mma2","eleginops maclovinus",2014,"2014-02-14","rio maravilla. fiordo taraba. cordillera sarmiento",-51.792,-73.505,"OrigenReg: Base Dato",NA,NA,"1","associatedReferences (Górski et al. 2017 | Pérez et al. 2022)",NA,"Górski et al. 2017 | Pérez et al. 2022",NA,NA,NA,NA,NA,NA,NA,NA,NA,NA,NA
"1678",1596,NA,NA,"MAguilar.Lit.Review.718",NA,NA,"matched","all_core_firlds",9,0,1,69.2307692307692,0,5,5,1,"datasetName;canonicalName;decimalLatitude;decimalLongitude;bibliographicCitation","agui","eleginops maclovinus",2013,NA,"río maravilla",-51.7916666668,-73.5044444438,"Górski, K., González","718",NA,"0",NA,NA,NA,NA,NA,NA,NA,NA,NA,NA,NA,NA,NA,NA
"1679",1597,NA,NA,"MAguilar.Lit.Review.1047",NA,NA,"matched","all_core_firlds",10,0,1.04139268515823,76.9230769230769,0,5,5,1,"datasetName;canonicalName;decimalLatitude;decimalLongitude;bibliographicCitation","agui","eleginops maclovinus",2014,NA,"estuario maravilla",-51.7916666668,-73.5044444438,"Pérez, S., Manosalva","1047",NA,"0",NA,NA,NA,NA,NA,NA,NA,NA,NA,NA,NA,NA,NA,NA
"1680",1598,NA,NA,"MAguilar.Lit.Review.727",NA,NA,"matched","all_core_firlds",9,0,1,69.2307692307692,0,5,5,1,"datasetName;canonicalName;decimalLatitude;decimalLongitude;bibliographicCitation","agui","galaxias maculatus",2013,NA,"río maravilla",-51.7916666668,-73.5044444438,"Górski, K., González","727",NA,"0",NA,NA,NA,NA,NA,NA,NA,NA,NA,NA,NA,NA,NA,NA
"1681",1599,NA,NA,"MAguilar.Lit.Review.1051",NA,NA,"matched","all_core_firlds",10,0,1.04139268515823,76.9230769230769,0,5,5,1,"datasetName;canonicalName;decimalLatitude;decimalLongitude;bibliographicCitation","agui","galaxias maculatus",2014,NA,"estuario maravilla",-51.7916666668,-73.5044444438,"Pérez, S., Manosalva","1051",NA,"0",NA,NA,NA,NA,NA,NA,NA,NA,NA,NA,NA,NA,NA,NA
"1682",1600,NA,NA,"MAguilar.Lit.Review.733",NA,NA,"matched","all_core_firlds",9,0,1,69.2307692307692,0,5,5,1,"datasetName;canonicalName;decimalLatitude;decimalLongitude;bibliographicCitation","agui","oncorhynchus tshawytscha",2013,NA,"río maravilla",-51.7916111112,-73.5044166673,"Górski, K., González","733",NA,NA,"change year to 2014; add associatedReferences: (Pérez et al. 2022)",NA,"Pérez et al. 2022",NA,NA,NA,"2014",NA,NA,NA,NA,NA,NA,NA
"1683",1601,NA,NA,"MAguilar.Lit.Review.1055",NA,NA,"matched","all_core_firlds",10,0,1.04139268515823,76.9230769230769,0,5,5,1,"datasetName;canonicalName;decimalLatitude;decimalLongitude;bibliographicCitation","agui","oncorhynchus tshawytscha",2014,NA,"estuario maravilla",-51.7916111112,-73.5044166673,"Pérez, S., Manosalva","1055",NA,"0",NA,NA,NA,NA,NA,NA,NA,NA,NA,NA,NA,NA,NA,NA
"1686",1602,NA,"good","MMA:ICT:0002016",NA,NA,"matched","3_core",7,3,0.301029995663981,53.8461538461538,23.0769230769231,3,3,1,"datasetName;canonicalName;decimalLatitude","mma2","galaxias maculatus",2014,"2014-03-27","rio maravilla. fiordo taraba. cordillera sarmiento",-51.792,-73.504,"OrigenReg: Base Dato",NA,NA,"1","associatedReferences (Górski et al. 2017 | Pérez et al. 2022)",NA,"Górski et al. 2017 | Pérez et al. 2022",NA,NA,NA,NA,NA,NA,NA,NA,NA,NA,NA
"1700",1610,NA,NA,"SUBPESCA.PecesContinentales2019.4527",NA,NA,"matched","all_core_firlds",9,0,1,69.2307692307692,0,6,5,1,"datasetName;canonicalName;decimalLatitude;decimalLongitude;bibliographicCitation;catalogNumber","subpesca-1","aplochiton zebra",2007,NA,NA,-47.788612,-73.50357,"CEA (NA) Proyecto Hi","4527",NA,"0",NA,NA,NA,NA,NA,NA,NA,NA,NA,NA,NA,NA,NA,NA
"1702",1612,NA,NA,"SUBPESCA.PecesContinentales2019.4736",NA,NA,"matched","all_core_firlds",9,0,1,69.2307692307692,0,6,5,1,"datasetName;canonicalName;decimalLatitude;decimalLongitude;bibliographicCitation;catalogNumber","subpesca-1","aplochiton zebra",2008,NA,NA,-47.788612,-73.50357,"CEA (NA) Proyecto Hi","4736",NA,"0",NA,NA,NA,NA,NA,NA,NA,NA,NA,NA,NA,NA,NA,NA
"1704",1614,NA,NA,"SUBPESCA.PecesContinentales2019.4526",NA,NA,"matched","3_core",9,0,1,69.2307692307692,0,3,3,1,"datasetName;canonicalName;decimalLatitude","subpesca-1","eleginops maclovinus",2007,NA,NA,-47.788612,-73.50357,"CEA (NA) Proyecto Hi","4526",NA,"0",NA,NA,NA,NA,NA,NA,NA,NA,NA,NA,NA,NA,NA,NA
"1705",1615,NA,NA,"SUBPESCA.PecesContinentales2019.4525",NA,NA,"matched","3_core",9,0,1,69.2307692307692,0,3,3,1,"datasetName;canonicalName;decimalLatitude","subpesca-1","galaxias maculatus",2007,NA,NA,-47.788612,-73.50357,"CEA (NA) Proyecto Hi","4525",NA,"0",NA,NA,NA,NA,NA,NA,NA,NA,NA,NA,NA,NA,NA,NA
"1725",1630,NA,"good","CIMAR1_39_sp16","cimar1_39_sp16",TRUE,"matched","3_core",8,0,0.954242509439325,61.5384615384615,0,3,3,1,"datasetName;canonicalName;decimalLatitude","gbif","atheriniformes",1995,"1995-10-29",NA,-44.6617,-73.5017,NA,NA,"shoa",NA,"Remove. Added to GBIF in June 1995. Could be removed because they are oceanographic stations.",NA,NA,NA,NA,NA,NA,NA,NA,NA,NA,NA,NA,NA
"1728",1631,NA,NA,"http://n2t.net/ark:/65665/3db2cd0c0-540d-45c5-bf06-ed969c0984e8","http://n2t.net/ark:/65665/3db2cd0c0-540d-45c5-bf06-ed969c0984e8",TRUE,"matched","3_core",11,0,1.07918124604762,84.6153846153846,0,3,3,1,"datasetName;canonicalName;decimalLatitude","vert","odontesthes",1945,NA,"chile: archao, chiloe i., chiloe bay",-42.47,-73.5,"National Museum of N","176484","usnm","0",NA,NA,NA,NA,NA,NA,NA,NA,NA,NA,NA,NA,NA,NA
"1739",1644,NA,NA,"MAguilar.Lit.Review.1074",NA,NA,"matched","3_core",7,0,0.903089986991944,53.8461538461538,0,3,3,1,"datasetName;canonicalName;decimalLatitude","agui","eleginops maclovinus",NA,NA,"magallanes",-51.5000000004,-73.4999999996,"Rademacher K. 2007. ","1074",NA,"0","Remove",NA,NA,NA,NA,NA,NA,NA,NA,NA,NA,NA,NA,NA
"1740",1645,NA,NA,"MAguilar.Lit.Review.1064",NA,NA,"matched","3_core",7,0,0.903089986991944,53.8461538461538,0,3,3,1,"datasetName;canonicalName;decimalLatitude","agui","eleginops maclovinus",NA,NA,"canal moraleda",-44.5,-73.4999999996,"Rademacher K. 2007. ","1064",NA,"0",NA,NA,NA,NA,NA,NA,NA,NA,NA,NA,NA,NA,NA,NA
"1742",1647,NA,NA,"MAguilar.Lit.Review.1071",NA,NA,"matched","3_core",7,0,0.903089986991944,53.8461538461538,0,3,3,1,"datasetName;canonicalName;decimalLatitude","agui","eleginops maclovinus",NA,NA,"norte de chiloé",-43.0000000003,-73.4999999996,"Rademacher K. 2007. ","1071",NA,"0","Remove",NA,NA,NA,NA,NA,NA,NA,NA,NA,NA,NA,NA,NA
"1748",1654,NA,NA,"MAguilar.Lit.Review.267",NA,NA,"matched","all_core_firlds",10,0,1.04139268515823,76.9230769230769,0,5,5,1,"datasetName;canonicalName;decimalLatitude;decimalLongitude;bibliographicCitation","agui","oncorhynchus mykiss",2007,NA,"cendoya, chiloé",-42.1528999999,-73.4960999996,"Consuegra, S., Phill","267",NA,"0",NA,NA,NA,NA,NA,NA,NA,NA,NA,NA,NA,NA,NA,NA
"1767",1669,NA,"good","CIMAR1_55_sp16","cimar1_55_sp16",TRUE,"matched","3_core",8,0,0.954242509439325,61.5384615384615,0,3,3,1,"datasetName;canonicalName;decimalLatitude","gbif","atheriniformes",1995,"1995-10-31",NA,-46.1383,-73.4883,NA,NA,"shoa",NA,"Remove. Added to GBIF in June 1995. Could be removed because they are oceanographic stations.",NA,NA,NA,NA,NA,NA,NA,NA,NA,NA,NA,NA,NA
"1787",1692,NA,NA,"MAguilar.Lit.Review.268",NA,NA,"matched","3_core",10,0,1.04139268515823,76.9230769230769,0,3,3,1,"datasetName;canonicalName;decimalLatitude","agui","oncorhynchus mykiss",2007,NA,"u17, chiloé",-42.1151999998,-73.4844999998,"Consuegra, S., Phill","268",NA,"0",NA,NA,NA,NA,NA,NA,NA,NA,NA,NA,NA,NA,NA,NA
"1794",1699,NA,NA,"MAguilar.Lit.Review.1246",NA,NA,"matched","3_core",11,0,1.07918124604762,84.6153846153846,0,3,3,1,"datasetName;canonicalName;decimalLatitude","agui","aplochiton zebra",2007,"2007-11-04","u17, chiloé",-42.1150000004,-73.4840000001,"Vanhaecke D, Garcia ","1246",NA,"0",NA,NA,NA,NA,NA,NA,NA,NA,NA,NA,NA,NA,NA,NA
"1795",1700,NA,NA,"MAguilar.Lit.Review.1245",NA,NA,"matched","4plus_core",11,0,1.07918124604762,84.6153846153846,0,4,4,1,"datasetName;canonicalName;decimalLatitude;decimalLongitude","agui","aplochiton zebra",2007,"2007-12-08","u34, chiloé",-42.1100000001,-73.4840000001,"Vanhaecke D, Garcia ","1245",NA,"0",NA,NA,NA,NA,NA,NA,NA,NA,NA,NA,NA,NA,NA,NA
"1809",1719,NA,"good","CIMAR1_38_sp16","cimar1_38_sp16",TRUE,"matched","3_core",8,0,0.954242509439325,61.5384615384615,0,3,3,1,"datasetName;canonicalName;decimalLatitude","gbif","atheriniformes",1995,"1995-10-26",NA,-44.4417,-73.48,NA,NA,"shoa",NA,"Remove. Added to GBIF in June 1995. Could be removed because they are oceanographic stations.",NA,NA,NA,NA,NA,NA,NA,NA,NA,NA,NA,NA,NA
"1815",1720,NA,NA,"MAguilar.Lit.Review.1250",NA,NA,"matched","3_core",8,0,0.954242509439325,61.5384615384615,0,3,3,1,"datasetName;canonicalName;decimalLatitude","agui","aplochiton taeniatus",NA,NA,"u33, chiloé",-42.1699999998,-73.48,"Vanhaecke, D., Garci","1250",NA,"0",NA,NA,NA,NA,NA,NA,NA,NA,NA,NA,NA,NA,NA,NA
"1816",1721,NA,NA,"MAguilar.Lit.Review.1256",NA,NA,"matched","3_core",9,0,1,69.2307692307692,0,3,3,1,"datasetName;canonicalName;decimalLatitude","agui","aplochiton zebra",NA,NA,"u33, chiloé",-42.1699999998,-73.48,"Vanhaecke, D., Garci","1256",NA,"0",NA,NA,NA,NA,NA,NA,NA,NA,NA,NA,NA,NA,NA,NA
"1817",1722,NA,NA,"MAguilar.Lit.Review.1262",NA,NA,"matched","3_core",8,0,0.954242509439325,61.5384615384615,0,3,3,1,"datasetName;canonicalName;decimalLatitude","agui","galaxias maculatus",NA,NA,"u33, chiloé",-42.1699999998,-73.48,"Vanhaecke, D., Garci","1262",NA,"0",NA,NA,NA,NA,NA,NA,NA,NA,NA,NA,NA,NA,NA,NA
"1818",1723,NA,NA,"MAguilar.Lit.Review.1267",NA,NA,"matched","3_core",8,0,0.954242509439325,61.5384615384615,0,3,3,1,"datasetName;canonicalName;decimalLatitude","agui","oncorhynchus mykiss",NA,NA,"u33, chiloé",-42.1699999998,-73.48,"Vanhaecke, D., Garci","1267",NA,"0",NA,NA,NA,NA,NA,NA,NA,NA,NA,NA,NA,NA,NA,NA
"1819",1724,NA,NA,"MAguilar.Lit.Review.1270",NA,NA,"matched","3_core",8,0,0.954242509439325,61.5384615384615,0,3,3,1,"datasetName;canonicalName;decimalLatitude","agui","salmo salar",NA,NA,"u33, chiloé",-42.1699999998,-73.48,"Vanhaecke, D., Garci","1270",NA,"0",NA,NA,NA,NA,NA,NA,NA,NA,NA,NA,NA,NA,NA,NA
"1823",1725,NA,NA,"MAguilar.Lit.Review.1254",NA,NA,"matched","3_core",9,0,1,69.2307692307692,0,3,3,1,"datasetName;canonicalName;decimalLatitude","agui","aplochiton zebra",NA,NA,"u17, chiloé",-42.1199999999,-73.48,"Vanhaecke, D., Garci","1254",NA,"0",NA,NA,NA,NA,NA,NA,NA,NA,NA,NA,NA,NA,NA,NA
"1824",1726,NA,NA,"MAguilar.Lit.Review.1260",NA,NA,"matched","3_core",8,0,0.954242509439325,61.5384615384615,0,3,3,1,"datasetName;canonicalName;decimalLatitude","agui","galaxias maculatus",NA,NA,"u17, chiloé",-42.1199999999,-73.48,"Vanhaecke, D., Garci","1260",NA,"0",NA,NA,NA,NA,NA,NA,NA,NA,NA,NA,NA,NA,NA,NA
"1825",1727,NA,NA,"MAguilar.Lit.Review.1265",NA,NA,"matched","3_core",8,0,0.954242509439325,61.5384615384615,0,3,3,1,"datasetName;canonicalName;decimalLatitude","agui","oncorhynchus mykiss",NA,NA,"u17, chiloé",-42.1199999999,-73.48,"Vanhaecke, D., Garci","1265",NA,"0",NA,NA,NA,NA,NA,NA,NA,NA,NA,NA,NA,NA,NA,NA
"1826",1728,NA,NA,"MAguilar.Lit.Review.1251",NA,NA,"matched","3_core",8,0,0.954242509439325,61.5384615384615,0,3,3,1,"datasetName;canonicalName;decimalLatitude","agui","aplochiton taeniatus",NA,NA,"u34, chiloé",-42.1100000001,-73.48,"Vanhaecke, D., Garci","1251",NA,"1","Change year to 2008. Note: A. taeniatus in U34 does not appear in DIFA database, but it does in the 2015 paper. Change coordinates to -42.11079, -73.48407",NA,NA,"-42.11079","-73.48407",NA,"2008",NA,NA,NA,NA,NA,NA,NA
"1827",1729,NA,NA,"MAguilar.Lit.Review.1257",NA,NA,"matched","4plus_core",9,0,1,69.2307692307692,0,4,4,1,"datasetName;canonicalName;decimalLatitude;decimalLongitude","agui","aplochiton zebra",NA,NA,"u34, chiloé",-42.1100000001,-73.48,"Vanhaecke, D., Garci","1257",NA,"0",NA,NA,NA,NA,NA,NA,NA,NA,NA,NA,NA,NA,NA,NA
"1828",1730,NA,NA,"MAguilar.Lit.Review.1259",NA,NA,"matched","3_core",8,0,0.954242509439325,61.5384615384615,0,3,3,1,"datasetName;canonicalName;decimalLatitude","agui","brachygalaxias bullocki",NA,NA,"u34, chiloé",-42.1100000001,-73.48,"Vanhaecke, D., Garci","1259",NA,"0",NA,NA,NA,NA,NA,NA,NA,NA,NA,NA,NA,NA,NA,NA
"1829",1731,NA,NA,"MAguilar.Lit.Review.1263",NA,NA,"matched","3_core",8,0,0.954242509439325,61.5384615384615,0,3,3,1,"datasetName;canonicalName;decimalLatitude","agui","galaxias maculatus",NA,NA,"u34, chiloé",-42.1100000001,-73.48,"Vanhaecke, D., Garci","1263",NA,"0",NA,NA,NA,NA,NA,NA,NA,NA,NA,NA,NA,NA,NA,NA
"1830",1732,NA,NA,"MAguilar.Lit.Review.1268",NA,NA,"matched","3_core",8,0,0.954242509439325,61.5384615384615,0,3,3,1,"datasetName;canonicalName;decimalLatitude","agui","oncorhynchus mykiss",NA,NA,"u34, chiloé",-42.1100000001,-73.48,"Vanhaecke, D., Garci","1268",NA,"0",NA,NA,NA,NA,NA,NA,NA,NA,NA,NA,NA,NA,NA,NA
"1848",1745,NA,NA,"MAguilar.Lit.Review.1247",NA,NA,"matched","3_core",11,0,1.07918124604762,84.6153846153846,0,3,3,1,"datasetName;canonicalName;decimalLatitude","agui","aplochiton zebra",2007,"2007-12-07","u33, chiloé",-42.1680000002,-73.4789999998,"Vanhaecke D, Garcia ","1247",NA,"0",NA,NA,NA,NA,NA,NA,NA,NA,NA,NA,NA,NA,NA,NA
"1862",1759,NA,"good","CIMAR1_83_sp16","cimar1_83_sp16",TRUE,"matched","3_core",8,0,0.954242509439325,61.5384615384615,0,3,3,1,"datasetName;canonicalName;decimalLatitude","gbif","atheriniformes",1995,"1995-11-03",NA,-45.25,-73.4667,NA,NA,"shoa",NA,"Remove. Added to GBIF in June 1995. Could be removed because they are oceanographic stations.",NA,NA,NA,NA,NA,NA,NA,NA,NA,NA,NA,NA,NA
"1865",1760,NA,NA,"MAguilar.Lit.Review.1327",NA,NA,"matched","3_core",9,0,1,69.2307692307692,0,3,3,1,"datasetName;canonicalName;decimalLatitude","agui","aplochiton zebra",2008,"2008-02-01","arroyo de segundo orden sin nombre",-42.1500000002,-73.4666666666,"Young, K.A., Stephen","1327",NA,NA,"Remove. No precise info concerning the location of the stream.",NA,NA,NA,NA,NA,NA,NA,NA,NA,NA,NA,NA,NA
"1866",1761,NA,NA,"MAguilar.Lit.Review.1326",NA,NA,"matched","3_core",9,0,1,69.2307692307692,0,3,3,1,"datasetName;canonicalName;decimalLatitude","agui","oncorhynchus mykiss",2008,"2008-02-01","arroyo de segundo orden sin nombre",-42.1500000002,-73.4666666666,"Young, K.A., Stephen","1326",NA,NA,"Remove. No precise info concerning the location of the stream.",NA,NA,NA,NA,NA,NA,NA,NA,NA,NA,NA,NA,NA
"1867",1762,NA,NA,"MAguilar.Lit.Review.1328",NA,NA,"matched","3_core",9,0,1,69.2307692307692,0,3,3,1,"datasetName;canonicalName;decimalLatitude","agui","salmo salar",2008,"2008-02-01","arroyo de segundo orden sin nombre",-42.1500000002,-73.4666666666,"Young, K.A., Stephen","1328",NA,NA,"Remove. No precise info concerning the location of the stream.",NA,NA,NA,NA,NA,NA,NA,NA,NA,NA,NA,NA,NA
"1880",1772,NA,NA,"SUBPESCA.PecesContinentales2019.16168",NA,NA,"matched","3_core",9,0,1,69.2307692307692,0,3,3,1,"datasetName;canonicalName;decimalLatitude","subpesca-1","aplochiton zebra",2011,NA,NA,-47.810874,-73.436183,"CEA (NA) Monitoreo L","16168",NA,"0",NA,NA,NA,NA,NA,NA,NA,NA,NA,NA,NA,NA,NA,NA
"1903",1787,NA,NA,"SUBPESCA.PecesContinentales2019.4473",NA,NA,"matched","all_core_firlds",9,0,1,69.2307692307692,0,6,5,1,"datasetName;canonicalName;decimalLatitude;decimalLongitude;bibliographicCitation;catalogNumber","subpesca-1","aplochiton zebra",2007,NA,NA,-47.810746,-73.436,"CEA (NA) Proyecto Hi","4473",NA,"0",NA,NA,NA,NA,NA,NA,NA,NA,NA,NA,NA,NA,NA,NA
"1905",1789,NA,NA,"SUBPESCA.PecesContinentales2019.4729",NA,NA,"matched","all_core_firlds",9,0,1,69.2307692307692,0,6,5,1,"datasetName;canonicalName;decimalLatitude;decimalLongitude;bibliographicCitation;catalogNumber","subpesca-1","aplochiton zebra",2008,NA,NA,-47.810746,-73.436,"CEA (NA) Proyecto Hi","4729",NA,"0",NA,NA,NA,NA,NA,NA,NA,NA,NA,NA,NA,NA,NA,NA
"1907",1791,NA,NA,"SUBPESCA.PecesContinentales2019.15865",NA,NA,"matched","all_core_firlds",9,0,1,69.2307692307692,0,5,5,1,"datasetName;canonicalName;decimalLatitude;decimalLongitude;bibliographicCitation","subpesca-1","aplochiton zebra",2010,NA,NA,-47.810746,-73.436,"CEA (NA) Linea Base ","15865",NA,"0",NA,NA,NA,NA,NA,NA,NA,NA,NA,NA,NA,NA,NA,NA
"1909",1793,NA,NA,"SUBPESCA.PecesContinentales2019.4476",NA,NA,"matched","3_core",9,0,1,69.2307692307692,0,3,3,1,"datasetName;canonicalName;decimalLatitude","subpesca-1","hatcheria macraei",2007,NA,NA,-47.810746,-73.436,"CEA (NA) Proyecto Hi","4476",NA,"0",NA,NA,NA,NA,NA,NA,NA,NA,NA,NA,NA,NA,NA,NA
"1923",1807,NA,"good","CIMAR1_37_sp16","cimar1_37_sp16",TRUE,"matched","3_core",8,0,0.954242509439325,61.5384615384615,0,3,3,1,"datasetName;canonicalName;decimalLatitude","gbif","atheriniformes",1995,"1995-10-26",NA,-44.2267,-73.4333,NA,NA,"shoa",NA,"Remove. Added to GBIF in June 1995. Could be removed because they are oceanographic stations.",NA,NA,NA,NA,NA,NA,NA,NA,NA,NA,NA,NA,NA
"1953",1836,NA,"good","CIMAR1_29_sp16","cimar1_29_sp16",TRUE,"matched","3_core",8,0,0.954242509439325,61.5384615384615,0,3,3,1,"datasetName;canonicalName;decimalLatitude","gbif","atheriniformes",1995,"1995-10-23",NA,-43.4633,-73.42,NA,NA,"shoa",NA,"Remove. Added to GBIF in June 1995. Could be removed because they are oceanographic stations.",NA,NA,NA,NA,NA,NA,NA,NA,NA,NA,NA,NA,NA
"1973",1857,NA,"good","CIMAR1_56_sp16","cimar1_56_sp16",TRUE,"matched","3_core",8,0,0.954242509439325,61.5384615384615,0,3,3,1,"datasetName;canonicalName;decimalLatitude","gbif","atheriniformes",1995,"1995-10-31",NA,-46.0417,-73.4017,NA,NA,"shoa",NA,"Remove. Added to GBIF in June 1995. Could be removed because they are oceanographic stations.",NA,NA,NA,NA,NA,NA,NA,NA,NA,NA,NA,NA,NA
"1974",1858,NA,NA,"MAguilar.Lit.Review.1248",NA,NA,"matched","3_core",11,0,1.07918124604762,84.6153846153846,0,3,3,1,"datasetName;canonicalName;decimalLatitude","agui","aplochiton zebra",2007,"2007-11-09","u20, chiloé",-42.2080000003,-73.401,"Vanhaecke D, Garcia ","1248",NA,"0",NA,NA,NA,NA,NA,NA,NA,NA,NA,NA,NA,NA,NA,NA
"1978",1859,NA,NA,"MAguilar.Lit.Review.1255",NA,NA,"matched","3_core",9,0,1,69.2307692307692,0,3,3,1,"datasetName;canonicalName;decimalLatitude","agui","aplochiton zebra",NA,NA,"u20, chiloé",-42.2099999999,-73.3999999998,"Vanhaecke, D., Garci","1255",NA,"0",NA,NA,NA,NA,NA,NA,NA,NA,NA,NA,NA,NA,NA,NA
"1979",1860,NA,NA,"MAguilar.Lit.Review.1261",NA,NA,"matched","3_core",8,0,0.954242509439325,61.5384615384615,0,3,3,1,"datasetName;canonicalName;decimalLatitude","agui","galaxias maculatus",NA,NA,"u20, chiloé",-42.2099999999,-73.3999999998,"Vanhaecke, D., Garci","1261",NA,"0",NA,NA,NA,NA,NA,NA,NA,NA,NA,NA,NA,NA,NA,NA
"1980",1861,NA,NA,"MAguilar.Lit.Review.1266",NA,NA,"matched","3_core",8,0,0.954242509439325,61.5384615384615,0,3,3,1,"datasetName;canonicalName;decimalLatitude","agui","oncorhynchus mykiss",NA,NA,"u20, chiloé",-42.2099999999,-73.3999999998,"Vanhaecke, D., Garci","1266",NA,"0",NA,NA,NA,NA,NA,NA,NA,NA,NA,NA,NA,NA,NA,NA
"1981",1862,NA,NA,"MAguilar.Lit.Review.827",NA,NA,"matched","3_core",7,0,0.903089986991944,53.8461538461538,0,3,3,1,"datasetName;canonicalName;decimalLatitude","agui","trichomycterus areolatus",NA,NA,"abtao",-41.766666667,-73.3999999998,"Huaquín, Laura G., V","827",NA,"0","change coordinates to -41.40132740507739, -72.9283297554073; record originalle from Eigenmann",NA,NA,"-41.4013274050774","-72.9283297554073",NA,NA,NA,NA,NA,NA,NA,NA,NA
"1994",1883,NA,"good","CIMAR1_59_sp16","cimar1_59_sp16",TRUE,"matched","3_core",8,0,0.954242509439325,61.5384615384615,0,3,3,1,"datasetName;canonicalName;decimalLatitude","gbif","atheriniformes",1995,"1995-10",NA,-45.6817,-73.388,NA,NA,"shoa",NA,"Remove. Added to GBIF in June 1995. Could be removed because they are oceanographic stations.",NA,NA,NA,NA,NA,NA,NA,NA,NA,NA,NA,NA,NA
"1995",1884,NA,NA,"MAguilar.Lit.Review.904",NA,NA,"matched","3_core",9,0,1,69.2307692307692,0,3,3,1,"datasetName;canonicalName;decimalLatitude","agui","aplochiton taeniatus",1982,NA,"fiordo steelé",-48.2166666667,-73.3833333329,"McDowall, R., & Naka","904",NA,"1","change coordinate to -48.145265, -73.229765; change species to A. marinus",NA,NA,"-48.145265","-73.229765",NA,NA,NA,NA,"Aplochiton marinus","Aplochiton marinus Eigenmann, 1928",NA,NA,NA
"1996",1885,NA,NA,"MMA:ICT:0000004",NA,NA,"matched","4plus_core",6,3,0.243038048686294,46.1538461538462,23.0769230769231,4,4,1,"datasetName;canonicalName;decimalLatitude;decimalLongitude","mma2","aplochiton marinus",1982,"1982-01-21","fiordo steele. costeras del canal baker",-48.217,-73.383,"OrigenReg: McDowall,",NA,NA,NA,"change coordinate to -48.145265, -73.229765",NA,NA,"-48.145265","-73.229765",NA,NA,NA,NA,NA,NA,NA,NA,NA
"1999",1886,NA,NA,"MMA:ICT:0000054",NA,NA,"matched","3_core",6,2,0.367976785294594,46.1538461538462,15.3846153846154,3,3,1,"datasetName;canonicalName;decimalLatitude","mma2","aplochiton taeniatus",1982,NA,"puerto aysén. costeras del canal baker",-48.217,-73.383,"FuenteReg: McDowall ",NA,NA,"0",NA,NA,NA,NA,NA,NA,NA,NA,NA,NA,NA,NA,NA,NA
"2000",1887,NA,"good","CIMAR1_36_sp16","cimar1_36_sp16",TRUE,"matched","3_core",8,0,0.954242509439325,61.5384615384615,0,3,3,1,"datasetName;canonicalName;decimalLatitude","gbif","atheriniformes",1995,"1995-10-24",NA,-43.975,-73.3783,NA,NA,"shoa",NA,"Remove. Added to GBIF in June 1995. Could be removed because they are oceanographic stations.",NA,NA,NA,NA,NA,NA,NA,NA,NA,NA,NA,NA,NA
"2011",1901,NA,NA,"SUBPESCA.PecesContinentales2019.4471",NA,NA,"matched","3_core",9,0,1,69.2307692307692,0,3,3,1,"datasetName;canonicalName;decimalLatitude","subpesca-1","hatcheria macraei",2007,NA,NA,-47.768565,-73.341851,"CEA (NA) Proyecto Hi","4471",NA,"0",NA,NA,NA,NA,NA,NA,NA,NA,NA,NA,NA,NA,NA,NA
"2051",1948,NA,NA,"SUBPESCA.PecesContinentales2019.21979",NA,NA,"matched","3_core",9,0,1,69.2307692307692,0,3,3,1,"datasetName;canonicalName;decimalLatitude","subpesca-1","aplochiton zebra",2012,NA,NA,-48.214226,-73.331426,"CEA (NA) Monitoreo L","21979",NA,"0",NA,NA,NA,NA,NA,NA,NA,NA,NA,NA,NA,NA,NA,NA
"2052",1949,NA,NA,"SUBPESCA.PecesContinentales2019.21977",NA,NA,"matched","3_core",9,0,1,69.2307692307692,0,3,3,1,"datasetName;canonicalName;decimalLatitude","subpesca-1","eleginops maclovinus",2012,NA,NA,-48.214226,-73.331426,"CEA (NA) Monitoreo L","21977",NA,"0",NA,NA,NA,NA,NA,NA,NA,NA,NA,NA,NA,NA,NA,NA
"2061",1955,NA,NA,"CIMAR1_77_sp16","cimar1_77_sp16",TRUE,"matched","4plus_core",8,0,0.954242509439325,61.5384615384615,0,4,4,1,"datasetName;canonicalName;decimalLatitude;decimalLongitude","gbif","atheriniformes",1995,"1995-11-03",NA,-45.3267,-73.3283,NA,NA,"shoa",NA,"Remove. Added to GBIF in June 1995. Could be removed because they are oceanographic stations.",NA,NA,NA,NA,NA,NA,NA,NA,NA,NA,NA,NA,NA
"2062",NA,NA,"unlink, now out of range",NA,"urn:catalog:cas:ich:28572",NA,"no_match","no_match",NA,NA,NA,NA,NA,NA,NA,0,NA,"gbif","trichomycterus areolatus",1919,"1919-02","abtao, llanquihue prov.",-41.815755,-73.328122,NA,"28572","cas","1","Remove. out of range. change coordinates to -41.40132740507739, -72.9283297554073, Abtao",NA,NA,"-41.4013274050774","-72.9283297554073",NA,NA,NA,NA,NA,NA,NA,NA,NA
"2069",1962,NA,"good","CIMAR1_23_sp16","cimar1_23_sp16",TRUE,"matched","3_core",8,0,0.954242509439325,61.5384615384615,0,3,3,1,"datasetName;canonicalName;decimalLatitude","gbif","atheriniformes",1995,"1995-10-22",NA,-42.7683,-73.315,NA,NA,"shoa",NA,"Remove. Added to GBIF in June 1995. Could be removed because they are oceanographic stations.",NA,NA,NA,NA,NA,NA,NA,NA,NA,NA,NA,NA,NA
"2070",1963,NA,"good","CIMAR1_15_sp16","cimar1_15_sp16",TRUE,"matched","3_core",8,0,0.954242509439325,61.5384615384615,0,3,3,1,"datasetName;canonicalName;decimalLatitude","gbif","atheriniformes",1995,"1995-10-21",NA,-42.53,-73.315,NA,NA,"shoa",NA,"Remove. Added to GBIF in June 1995. Could be removed because they are oceanographic stations.",NA,NA,NA,NA,NA,NA,NA,NA,NA,NA,NA,NA,NA
"2074",1394,NA,"good, just added year and new lat-lon to enhance match","CCorrea.Lit.Review.430",NA,NA,"matched","2_core",7,1,0.602059991327962,53.8461538461538,7.69230769230769,2,2,1,"datasetName;canonicalName","fishgis_metadatabase_ccorrea","aplochiton marinus",1982,"1982","laguna ventisquero (estero ventisquero)",-48.25,-73.591667,"Zama, Akira and Edua",NA,NA,"0","change coordinates",NA,NA,NA,NA,NA,NA,NA,NA,NA,NA,NA,NA,NA
"2092",1991,NA,"good","CIMAR1_58_sp16","cimar1_58_sp16",TRUE,"matched","3_core",8,0,0.954242509439325,61.5384615384615,0,3,3,1,"datasetName;canonicalName;decimalLatitude","gbif","atheriniformes",1995,"1995-10-31",NA,-45.665,-73.2883,NA,NA,"shoa",NA,"Remove. Added to GBIF in June 1995. Could be removed because they are oceanographic stations.",NA,NA,NA,NA,NA,NA,NA,NA,NA,NA,NA,NA,NA
"2100",1999,NA,NA,"SUBPESCA.PecesContinentales2019.4724",NA,NA,"matched","all_core_firlds",9,0,1,69.2307692307692,0,6,5,1,"datasetName;canonicalName;decimalLatitude;decimalLongitude;bibliographicCitation;catalogNumber","subpesca-1","aplochiton zebra",2008,NA,NA,-47.762777,-73.281141,"CEA (NA) Proyecto Hi","4724",NA,"0",NA,NA,NA,NA,NA,NA,NA,NA,NA,NA,NA,NA,NA,NA
"2103",2002,NA,NA,"SUBPESCA.PecesContinentales2019.4458",NA,NA,"matched","all_core_firlds",9,0,1,69.2307692307692,0,6,5,1,"datasetName;canonicalName;decimalLatitude;decimalLongitude;bibliographicCitation;catalogNumber","subpesca-1","hatcheria macraei",2007,NA,NA,-47.762777,-73.281141,"CEA (NA) Proyecto Hi","4458",NA,"0",NA,NA,NA,NA,NA,NA,NA,NA,NA,NA,NA,NA,NA,NA
"2124",2020,NA,"good","CIMAR1_84_sp16","cimar1_84_sp16",TRUE,"matched","3_core",8,0,0.954242509439325,61.5384615384615,0,3,3,1,"datasetName;canonicalName;decimalLatitude","gbif","atheriniformes",1995,"1995-10-29",NA,-44.9383,-73.27,NA,NA,"shoa",NA,"Remove. Added to GBIF in June 1995. Could be removed because they are oceanographic stations.",NA,NA,NA,NA,NA,NA,NA,NA,NA,NA,NA,NA,NA
"2155",2048,NA,NA,"MMA:ICT:0002011",NA,NA,"matched","4plus_core",7,3,0.301029995663981,53.8461538461538,23.0769230769231,4,4,1,"datasetName;canonicalName;decimalLatitude;decimalLongitude","mma2","galaxias maculatus",2014,"2014-03-27","rio puma. bahia de los huiros. peninsula roca al norte del fiordo resi",-51.883,-73.261,"OrigenReg: Base Dato",NA,NA,"1","associatedReferences (Górski et al. 2017 | Pérez et al. 2022)",NA,"Górski et al. 2017 | Pérez et al. 2022",NA,NA,NA,NA,NA,NA,NA,NA,NA,NA,NA
"2157",2049,NA,NA,"MMA:ICT:0001806",NA,NA,"matched","3_core",7,3,0.301029995663981,53.8461538461538,23.0769230769231,3,3,1,"datasetName;canonicalName;decimalLatitude","mma2","eleginops maclovinus",2014,"2014-02-13","rio puma. bahia de los huiros. peninsula roca al norte del fiordo resi",-51.882,-73.261,"OrigenReg: Base Dato",NA,NA,"1","associatedReferences (Górski et al. 2017 | Pérez et al. 2022)",NA,"Górski et al. 2017 | Pérez et al. 2022",NA,NA,NA,NA,NA,NA,NA,NA,NA,NA,NA
"2159",2050,NA,NA,"MAguilar.Lit.Review.719",NA,NA,"matched","all_core_firlds",9,0,1,69.2307692307692,0,5,5,1,"datasetName;canonicalName;decimalLatitude;decimalLongitude;bibliographicCitation","agui","eleginops maclovinus",2013,NA,"río puma",-51.8827777783,-73.2605555561,"Górski, K., González","719",NA,"0",NA,NA,NA,NA,NA,NA,NA,NA,NA,NA,NA,NA,NA,NA
"2160",2051,NA,NA,"MAguilar.Lit.Review.1048",NA,NA,"matched","all_core_firlds",10,0,1.04139268515823,76.9230769230769,0,5,5,1,"datasetName;canonicalName;decimalLatitude;decimalLongitude;bibliographicCitation","agui","eleginops maclovinus",2014,NA,"río puma",-51.8827777783,-73.2605555561,"Pérez, S., Manosalva","1048",NA,"0",NA,NA,NA,NA,NA,NA,NA,NA,NA,NA,NA,NA,NA,NA
"2161",2052,NA,NA,"MAguilar.Lit.Review.728",NA,NA,"matched","all_core_firlds",9,0,1,69.2307692307692,0,5,5,1,"datasetName;canonicalName;decimalLatitude;decimalLongitude;bibliographicCitation","agui","galaxias maculatus",2013,NA,"río puma",-51.8827777783,-73.2605555561,"Górski, K., González","728",NA,"0",NA,NA,NA,NA,NA,NA,NA,NA,NA,NA,NA,NA,NA,NA
"2162",2053,NA,NA,"MAguilar.Lit.Review.1052",NA,NA,"matched","all_core_firlds",10,0,1.04139268515823,76.9230769230769,0,5,5,1,"datasetName;canonicalName;decimalLatitude;decimalLongitude;bibliographicCitation","agui","galaxias maculatus",2014,NA,"río puma",-51.8827777783,-73.2605555561,"Pérez, S., Manosalva","1052",NA,"0",NA,NA,NA,NA,NA,NA,NA,NA,NA,NA,NA,NA,NA,NA
"2163",2054,NA,NA,"MAguilar.Lit.Review.734",NA,NA,"matched","all_core_firlds",9,0,1,69.2307692307692,0,5,5,1,"datasetName;canonicalName;decimalLatitude;decimalLongitude;bibliographicCitation","agui","oncorhynchus kisutch",2013,NA,"río puma",-51.8827222218,-73.2605555561,"Górski, K., González","734",NA,NA,"change year to 2014: associated Reference(Pérez et al. 2022)",NA,"Pérez et al. 2022",NA,NA,NA,"2014",NA,NA,NA,NA,NA,NA,NA
"2164",2055,NA,NA,"MAguilar.Lit.Review.1056",NA,NA,"matched","all_core_firlds",10,0,1.04139268515823,76.9230769230769,0,5,5,1,"datasetName;canonicalName;decimalLatitude;decimalLongitude;bibliographicCitation","agui","oncorhynchus kisutch",2014,NA,"río puma",-51.8827222218,-73.2605555561,"Pérez, S., Manosalva","1056",NA,"0",NA,NA,NA,NA,NA,NA,NA,NA,NA,NA,NA,NA,NA,NA
"2167",2056,NA,NA,"MMA:ICT:0002026",NA,NA,"matched","3_core",7,3,0.301029995663981,53.8461538461538,23.0769230769231,3,3,1,"datasetName;canonicalName;decimalLatitude","mma2","galaxias maculatus",2014,"2014-04-24","laguna los cipreses. bahia de los huiros. peninsula roca al norte del fiordo resi",-51.882,-73.259,"OrigenReg: Base Dato",NA,NA,"1","associatedReferences (Górski et al. 2017 | Pérez et al. 2022)",NA,"Górski et al. 2017 | Pérez et al. 2022",NA,NA,NA,NA,NA,NA,NA,NA,NA,NA,NA
"2173",2060,NA,NA,"MAguilar.Lit.Review.735",NA,NA,"matched","all_core_firlds",9,0,1,69.2307692307692,0,5,5,1,"datasetName;canonicalName;decimalLatitude;decimalLongitude;bibliographicCitation","agui","oncorhynchus kisutch",2013,NA,"lago los cipreses",-51.8821666674,-73.2542222218,"Górski, K., González","735",NA,NA,"change year to 2014: associated Reference(Pérez et al. 2022)",NA,"Pérez et al. 2022",NA,NA,NA,"2014",NA,NA,NA,NA,NA,NA,NA
"2174",2061,NA,NA,"MAguilar.Lit.Review.1057",NA,NA,"matched","all_core_firlds",10,0,1.04139268515823,76.9230769230769,0,5,5,1,"datasetName;canonicalName;decimalLatitude;decimalLongitude;bibliographicCitation","agui","oncorhynchus kisutch",2014,NA,"lago los cipreses",-51.8821666674,-73.2542222218,"Pérez, S., Manosalva","1057",NA,"0",NA,NA,NA,NA,NA,NA,NA,NA,NA,NA,NA,NA,NA,NA
"2175",2062,NA,NA,"MAguilar.Lit.Review.729",NA,NA,"matched","all_core_firlds",9,0,1,69.2307692307692,0,5,5,1,"datasetName;canonicalName;decimalLatitude;decimalLongitude;bibliographicCitation","agui","galaxias maculatus",2013,NA,"lago los cipreses",-51.8822222221,-73.2541666671,"Górski, K., González","729",NA,"0",NA,NA,NA,NA,NA,NA,NA,NA,NA,NA,NA,NA,NA,NA
"2176",2063,NA,NA,"MAguilar.Lit.Review.1053",NA,NA,"matched","all_core_firlds",10,0,1.04139268515823,76.9230769230769,0,5,5,1,"datasetName;canonicalName;decimalLatitude;decimalLongitude;bibliographicCitation","agui","galaxias maculatus",2014,NA,"lago los cipreses",-51.8822222221,-73.2541666671,"Pérez, S., Manosalva","1053",NA,"0",NA,NA,NA,NA,NA,NA,NA,NA,NA,NA,NA,NA,NA,NA
"2182",2071,NA,NA,"MAguilar.Lit.Review.1087",NA,NA,"matched","3_core",7,0,0.903089986991944,53.8461538461538,0,3,3,1,"datasetName;canonicalName;decimalLatitude","agui","galaxias maculatus",NA,NA,"puerto perez",-45.2500000003,-73.2500000001,"Rademacher K. 2007. ","1087",NA,"0",NA,NA,NA,NA,NA,NA,NA,NA,NA,NA,NA,NA,NA,NA
"2199",2093,NA,NA,"MAguilar.Lit.Review.731",NA,NA,"matched","3_core",9,0,1,69.2307692307692,0,3,3,1,"datasetName;canonicalName;decimalLatitude","agui","galaxias platei",2013,NA,"lago los acantilados",-51.8833333327,-73.2438888892,"Górski, K., González","731",NA,"0",NA,NA,NA,NA,NA,NA,NA,NA,NA,NA,NA,NA,NA,NA
"2201",2094,NA,"good","CIMAR1_6_sp16","cimar1_6_sp16",TRUE,"matched","3_core",8,0,0.954242509439325,61.5384615384615,0,3,3,1,"datasetName;canonicalName;decimalLatitude","gbif","atheriniformes",1995,"1995-10-20",NA,-41.97,-73.2433,NA,NA,"shoa",NA,"Remove. Added to GBIF in June 1995. Could be removed because they are oceanographic stations.",NA,NA,NA,NA,NA,NA,NA,NA,NA,NA,NA,NA,NA
"2202",2095,NA,NA,"MMA:ICT:0002362",NA,NA,"matched","3_core",7,3,0.301029995663981,53.8461538461538,23.0769230769231,3,3,1,"datasetName;canonicalName;decimalLatitude","mma2","galaxias platei",2014,"2014-12-07","lago los acantilados. bahia de los huiros. peninsula roca al norte del fiordo resi",-51.883,-73.243,"OrigenReg: Base Dato",NA,NA,"1","associated reference: (Górski et al. 2017)",NA,"Górski et al. 2017",NA,NA,NA,NA,NA,NA,NA,NA,NA,NA,NA
"2237",2129,NA,NA,"SUBPESCA.PecesContinentales2019.21967",NA,NA,"matched","3_core",9,0,1,69.2307692307692,0,3,3,1,"datasetName;canonicalName;decimalLatitude","subpesca-1","aplochiton zebra",2012,NA,NA,-48.227927,-73.239562,"CEA (NA) Monitoreo L","21967",NA,"0",NA,NA,NA,NA,NA,NA,NA,NA,NA,NA,NA,NA,NA,NA
"2239",2131,NA,NA,"SUBPESCA.PecesContinentales2019.21968",NA,NA,"matched","all_core_firlds",9,0,1,69.2307692307692,0,6,5,1,"datasetName;canonicalName;decimalLatitude;decimalLongitude;bibliographicCitation;catalogNumber","subpesca-1","galaxias maculatus",2012,NA,NA,-48.227927,-73.239562,"CEA (NA) Monitoreo L","21968",NA,"0",NA,NA,NA,NA,NA,NA,NA,NA,NA,NA,NA,NA,NA,NA
"2243",2135,NA,"good","CIMAR1_27_sp16","cimar1_27_sp16",TRUE,"matched","3_core",8,0,0.954242509439325,61.5384615384615,0,3,3,1,"datasetName;canonicalName;decimalLatitude","gbif","atheriniformes",1995,"1995-10-23",NA,-43.1733,-73.2383,NA,NA,"shoa",NA,"Remove. Added to GBIF in June 1995. Could be removed because they are oceanographic stations.",NA,NA,NA,NA,NA,NA,NA,NA,NA,NA,NA,NA,NA
"2257",2147,NA,NA,"MAguilar.Lit.Review.361",NA,NA,"matched","3_core",7,0,0.903089986991944,53.8461538461538,0,3,3,1,"datasetName;canonicalName;decimalLatitude","agui","aplochiton taeniatus",NA,NA,"fiordo steelé",-47.9666666672,-73.2333333332,"Cussac, V., Ortubay,","361",NA,"0","Change species to A. marinus, change coordinates to -48.147110, -73.227880",NA,NA,"-48.14711","-73.22788",NA,NA,NA,NA,"Aplochiton marinus","Aplochiton marinus Eigenmann, 1928",NA,NA,NA
"2258",2148,NA,NA,"MAguilar.Lit.Review.360",NA,NA,"matched","3_core",7,0,0.903089986991944,53.8461538461538,0,3,3,1,"datasetName;canonicalName;decimalLatitude","agui","aplochiton taeniatus",NA,NA,"fiordo aysén",-45.3166666671,-73.2333333332,"Cussac, V., Ortubay,","360",NA,"0",NA,NA,NA,NA,NA,NA,NA,NA,NA,NA,NA,NA,NA,NA
"2268",2158,NA,"good","CIMAR1_35_sp16","cimar1_35_sp16",TRUE,"matched","3_core",8,0,0.954242509439325,61.5384615384615,0,3,3,1,"datasetName;canonicalName;decimalLatitude","gbif","atheriniformes",1995,"1995-10-24",NA,-43.7883,-73.2217,NA,NA,"shoa",NA,"Remove. Added to GBIF in June 1995. Could be removed because they are oceanographic stations.",NA,NA,NA,NA,NA,NA,NA,NA,NA,NA,NA,NA,NA
"2285",2178,NA,NA,"SUBPESCA.PecesContinentales2019.4430",NA,NA,"matched","all_core_firlds",9,0,1,69.2307692307692,0,6,5,1,"datasetName;canonicalName;decimalLatitude;decimalLongitude;bibliographicCitation;catalogNumber","subpesca-1","aplochiton zebra",2007,NA,NA,-47.70984,-73.209253,"CEA (NA) Proyecto Hi","4430",NA,"0",NA,NA,NA,NA,NA,NA,NA,NA,NA,NA,NA,NA,NA,NA
"2286",2179,NA,NA,"SUBPESCA.PecesContinentales2019.4721",NA,NA,"matched","all_core_firlds",9,0,1,69.2307692307692,0,6,5,1,"datasetName;canonicalName;decimalLatitude;decimalLongitude;bibliographicCitation;catalogNumber","subpesca-1","aplochiton zebra",2008,NA,NA,-47.70984,-73.209253,"CEA (NA) Proyecto Hi","4721",NA,"0",NA,NA,NA,NA,NA,NA,NA,NA,NA,NA,NA,NA,NA,NA
"2288",2181,NA,NA,"SUBPESCA.PecesContinentales2019.4431",NA,NA,"matched","3_core",9,0,1,69.2307692307692,0,3,3,1,"datasetName;canonicalName;decimalLatitude","subpesca-1","hatcheria macraei",2007,NA,NA,-47.70984,-73.209253,"CEA (NA) Proyecto Hi","4431",NA,"0",NA,NA,NA,NA,NA,NA,NA,NA,NA,NA,NA,NA,NA,NA
"2319",2207,NA,NA,"SUBPESCA.PecesContinentales2019.4422",NA,NA,"matched","3_core",9,0,1,69.2307692307692,0,3,3,1,"datasetName;canonicalName;decimalLatitude","subpesca-1","percichthys trucha",2007,NA,NA,-47.709895,-73.208784,"CEA (NA) Proyecto Hi","4422",NA,"0",NA,NA,NA,NA,NA,NA,NA,NA,NA,NA,NA,NA,NA,NA
"2337",2227,NA,"good","CIMAR1_93_sp16","cimar1_93_sp16",TRUE,"matched","3_core",8,0,0.954242509439325,61.5384615384615,0,3,3,1,"datasetName;canonicalName;decimalLatitude","gbif","atheriniformes",1995,"1995-10-26",NA,-44.2933,-73.1933,NA,NA,"shoa",NA,"Remove. Added to GBIF in June 1995. Could be removed because they are oceanographic stations.",NA,NA,NA,NA,NA,NA,NA,NA,NA,NA,NA,NA,NA
"2338",2230,NA,NA,"MAguilar.Lit.Review.829",NA,NA,"matched","3_core",8,0,0.954242509439325,61.5384615384615,0,3,3,1,"datasetName;canonicalName;decimalLatitude","agui","odontesthes brevianalis",NA,NA,"quele",-41.71,-73.1900000004,"Hughes, LC, Cardoso,","829",NA,NA,"Remove. Record from río Reloca, out of range.",NA,NA,NA,NA,NA,NA,NA,NA,NA,NA,NA,NA,NA
"2341",2233,NA,"good","CIMAR1_78_sp16","cimar1_78_sp16",TRUE,"matched","3_core",8,0,0.954242509439325,61.5384615384615,0,3,3,1,"datasetName;canonicalName;decimalLatitude","gbif","atheriniformes",1995,"1995-11-04",NA,-45.2833,-73.1733,NA,NA,"shoa",NA,"Remove. Added to GBIF in June 1995. Could be removed because they are oceanographic stations.",NA,NA,NA,NA,NA,NA,NA,NA,NA,NA,NA,NA,NA
"2360",2252,NA,NA,"a6453ec9-6d6b-45f7-8e87-26b60f54e182","a6453ec9-6d6b-45f7-8e87-26b60f54e182",TRUE,"matched","3_core",11,0,1.07918124604762,84.6153846153846,0,3,3,1,"datasetName;canonicalName;decimalLatitude","idig","odontesthes",1990,"1990-02-05","quitrako fjord, close to skorpios thermal baths, prov. aysen, xi region; pacific drainage",-45.5333333,-73.1666667,NA,"218453","ummz",NA,"Remove. Tipo in Locality. Should be Quitralco",NA,NA,NA,NA,"Quitralco",NA,NA,NA,NA,NA,NA,NA,NA
"2361",2253,NA,NA,"MAguilar.Lit.Review.1060",NA,NA,"matched","3_core",7,0,0.903089986991944,53.8461538461538,0,3,3,1,"datasetName;canonicalName;decimalLatitude","agui","aplochiton zebra",NA,NA,"laguna quetro",-48.1666666668,-73.1666666672,"Rademacher K. 2007. ","1060",NA,"0","From Zama and Cardenas.",NA,NA,NA,NA,NA,NA,NA,NA,NA,NA,NA,NA,NA
"2363",2255,NA,"good","CIMAR1_24_sp16","cimar1_24_sp16",TRUE,"matched","3_core",8,0,0.954242509439325,61.5384615384615,0,3,3,1,"datasetName;canonicalName;decimalLatitude","gbif","atheriniformes",1995,"1995-10-23",NA,-42.9,-73.1583,NA,NA,"shoa",NA,"Remove. Added to GBIF in June 1995. Could be removed because they are oceanographic stations.",NA,NA,NA,NA,NA,NA,NA,NA,NA,NA,NA,NA,NA
"2375",2267,NA,"good","CIMAR1_30_sp16","cimar1_30_sp16",TRUE,"matched","3_core",8,0,0.954242509439325,61.5384615384615,0,3,3,1,"datasetName;canonicalName;decimalLatitude","gbif","atheriniformes",1995,"1995-10-24",NA,-43.5533,-73.1517,NA,NA,"shoa",NA,"Remove. Added to GBIF in June 1995. Could be removed because they are oceanographic stations.",NA,NA,NA,NA,NA,NA,NA,NA,NA,NA,NA,NA,NA
"2376",2268,NA,"good","CIMAR1_21_sp16","cimar1_21_sp16",TRUE,"matched","3_core",8,0,0.954242509439325,61.5384615384615,0,3,3,1,"datasetName;canonicalName;decimalLatitude","gbif","atheriniformes",1995,"1995-10-22",NA,-42.6467,-73.1517,NA,NA,"shoa",NA,"Remove. Added to GBIF in June 1995. Could be removed because they are oceanographic stations.",NA,NA,NA,NA,NA,NA,NA,NA,NA,NA,NA,NA,NA
"2377",2269,NA,NA,"SUBPESCA.PecesContinentales2019.16175",NA,NA,"matched","all_core_firlds",9,0,1,69.2307692307692,0,6,5,1,"datasetName;canonicalName;decimalLatitude;decimalLongitude;bibliographicCitation;catalogNumber","subpesca-1","aplochiton zebra",2011,NA,NA,-47.684348,-73.146404,"CEA (NA) Monitoreo L","16175",NA,"0",NA,NA,NA,NA,NA,NA,NA,NA,NA,NA,NA,NA,NA,NA
"2378",2270,NA,NA,"SUBPESCA.PecesContinentales2019.21950",NA,NA,"matched","all_core_firlds",9,0,1,69.2307692307692,0,6,5,1,"datasetName;canonicalName;decimalLatitude;decimalLongitude;bibliographicCitation;catalogNumber","subpesca-1","aplochiton zebra",2012,NA,NA,-47.684348,-73.146404,"CEA (NA) Monitoreo L","21950",NA,"0",NA,NA,NA,NA,NA,NA,NA,NA,NA,NA,NA,NA,NA,NA
"2382",2274,NA,NA,"SUBPESCA.PecesContinentales2019.16244",NA,NA,"matched","3_core",9,0,1,69.2307692307692,0,3,3,1,"datasetName;canonicalName;decimalLatitude","subpesca-1","percichthys trucha",2011,NA,NA,-47.684348,-73.146404,"CEA (NA) Monitoreo L","16244",NA,"0",NA,NA,NA,NA,NA,NA,NA,NA,NA,NA,NA,NA,NA,NA
"2392",2280,NA,NA,"SUBPESCA.PecesContinentales2019.15476",NA,NA,"matched","all_core_firlds",9,0,1,69.2307692307692,0,6,5,1,"datasetName;canonicalName;decimalLatitude;decimalLongitude;bibliographicCitation;catalogNumber","subpesca-1","aplochiton zebra",2009,NA,NA,-47.682555,-73.145149,"CEA (NA) Linea Base ","15476",NA,"0",NA,NA,NA,NA,NA,NA,NA,NA,NA,NA,NA,NA,NA,NA
"2393",2281,NA,NA,"SUBPESCA.PecesContinentales2019.15864",NA,NA,"matched","all_core_firlds",9,0,1,69.2307692307692,0,6,5,1,"datasetName;canonicalName;decimalLatitude;decimalLongitude;bibliographicCitation;catalogNumber","subpesca-1","aplochiton zebra",2010,NA,NA,-47.682555,-73.145149,"CEA (NA) Linea Base ","15864",NA,"0",NA,NA,NA,NA,NA,NA,NA,NA,NA,NA,NA,NA,NA,NA
"2397",2285,NA,NA,"SUBPESCA.PecesContinentales2019.15507",NA,NA,"matched","3_core",9,0,1,69.2307692307692,0,3,3,1,"datasetName;canonicalName;decimalLatitude","subpesca-1","hatcheria macraei",2009,NA,NA,-47.682555,-73.145149,"CEA (NA) Linea Base ","15507",NA,"0",NA,NA,NA,NA,NA,NA,NA,NA,NA,NA,NA,NA,NA,NA
"2398",2286,NA,NA,"SUBPESCA.PecesContinentales2019.15562",NA,NA,"matched","3_core",9,0,1,69.2307692307692,0,3,3,1,"datasetName;canonicalName;decimalLatitude","subpesca-1","percichthys trucha",2009,NA,NA,-47.682555,-73.145149,"CEA (NA) Linea Base ","15562",NA,"0",NA,NA,NA,NA,NA,NA,NA,NA,NA,NA,NA,NA,NA,NA
"2420",2303,NA,NA,"SUBPESCA.PecesContinentales2019.15870",NA,NA,"matched","3_core",9,0,1,69.2307692307692,0,3,3,1,"datasetName;canonicalName;decimalLatitude","subpesca-1","aplochiton zebra",2010,NA,NA,-48.009521,-73.140142,"CEA (NA) Linea Base ","15870",NA,"0",NA,NA,NA,NA,NA,NA,NA,NA,NA,NA,NA,NA,NA,NA
"2432",2314,NA,NA,"MAguilar.Lit.Review.730",NA,NA,"matched","all_core_firlds",9,0,1,69.2307692307692,0,5,5,1,"datasetName;canonicalName;decimalLatitude;decimalLongitude;bibliographicCitation","agui","galaxias maculatus",2013,NA,"río santa maría",-51.9649999997,-73.1380555556,"Górski, K., González","730",NA,"0",NA,NA,NA,NA,NA,NA,NA,NA,NA,NA,NA,NA,NA,NA
"2433",2315,NA,NA,"MAguilar.Lit.Review.1054",NA,NA,"matched","all_core_firlds",10,0,1.04139268515823,76.9230769230769,0,5,5,1,"datasetName;canonicalName;decimalLatitude;decimalLongitude;bibliographicCitation","agui","galaxias maculatus",2014,NA,"estuario santa maría",-51.9649999997,-73.1380555556,"Pérez, S., Manosalva","1054",NA,"0",NA,NA,NA,NA,NA,NA,NA,NA,NA,NA,NA,NA,NA,NA
"2435",2316,NA,NA,"MMA:ICT:0002028",NA,NA,"matched","3_core",7,3,0.301029995663981,53.8461538461538,23.0769230769231,3,3,1,"datasetName;canonicalName;decimalLatitude","mma2","galaxias maculatus",2014,"2014-04-24","rio santa maria. canal santa maria. peninsula cordillera riesco",-51.966,-73.138,"OrigenReg: Base Dato",NA,NA,"1","associatedReferences (Górski et al. 2017 | Pérez et al. 2022)",NA,"Górski et al. 2017 | Pérez et al. 2022",NA,NA,NA,NA,NA,NA,NA,NA,NA,NA,NA
"2453",2331,NA,NA,"MMA:ICT:0000205",NA,NA,"matched","3_core",4,2,0.221848749616356,30.7692307692308,15.3846153846154,3,3,1,"datasetName;canonicalName;decimalLatitude","mma2","aplochiton zebra",NA,NA,"puerto grey. rio de grey",-51.1171,-73.1267,"FuenteReg: Gunther 1",NA,NA,NA,"Gunther 1880. Change coordinates to -48.91905°, -74.3134°. Specimens collected by the H.M.S. Challenger in Messier Channel. eventDate 1876, catalogNumber BMNH 1879.5.14.597-598",NA,NA,"-48.91905","-74.3134",NA,"1876","1876",NA,NA,NA,"BMNH 1879.5.14.597-598","H.M.S. Challenger Expedition",NA
"2463",2343,NA,NA,"MMA:ICT:0000196",NA,NA,"matched","3_core",6,2,0.367976785294594,46.1538461538462,15.3846153846154,3,3,1,"datasetName;canonicalName;decimalLatitude","mma2","aplochiton zebra",1982,NA,"lago quetro. rio pascua entre arriba rio quetru y rio borquez",-48.113,-73.121,"FuenteReg: McDowall ",NA,NA,"0",NA,NA,NA,NA,NA,NA,NA,NA,NA,NA,NA,NA,NA,NA
"2471",2351,NA,NA,"SUBPESCA.PecesContinentales2019.21944",NA,NA,"matched","all_core_firlds",9,0,1,69.2307692307692,0,6,5,1,"datasetName;canonicalName;decimalLatitude;decimalLongitude;bibliographicCitation;catalogNumber","subpesca-1","aplochiton zebra",2012,NA,NA,-48.159998,-73.117037,"CEA (NA) Monitoreo L","21944",NA,"0",NA,NA,NA,NA,NA,NA,NA,NA,NA,NA,NA,NA,NA,NA
"2497",2387,NA,NA,"SUBPESCA.PecesContinentales2019.21942",NA,NA,"matched","3_core",9,0,1,69.2307692307692,0,3,3,1,"datasetName;canonicalName;decimalLatitude","subpesca-1","aplochiton zebra",2012,NA,NA,-48.115478,-73.109366,"CEA (NA) Monitoreo L","21942",NA,"0",NA,NA,NA,NA,NA,NA,NA,NA,NA,NA,NA,NA,NA,NA
"2499",2389,NA,NA,"SUBPESCA.PecesContinentales2019.21941",NA,NA,"matched","3_core",9,0,1,69.2307692307692,0,3,3,1,"datasetName;canonicalName;decimalLatitude","subpesca-1","galaxias platei",2012,NA,NA,-48.115478,-73.109366,"CEA (NA) Monitoreo L","21941",NA,"0",NA,NA,NA,NA,NA,NA,NA,NA,NA,NA,NA,NA,NA,NA
"2534",2422,NA,NA,"MAguilar.Lit.Review.1062",NA,NA,"matched","3_core",7,0,0.903089986991944,53.8461538461538,0,3,3,1,"datasetName;canonicalName;decimalLatitude","agui","eleginops maclovinus",NA,NA,"fiordo de aysén",-45.3500000001,-73.1000000004,"Rademacher K. 2007. ","1062",NA,"0",NA,NA,NA,NA,NA,NA,NA,NA,NA,NA,NA,NA,NA,NA
"2536",2424,NA,NA,"MAguilar.Lit.Review.1079",NA,NA,"matched","3_core",7,0,0.903089986991944,53.8461538461538,0,3,3,1,"datasetName;canonicalName;decimalLatitude","agui","galaxias maculatus",NA,NA,"fiordo aysén",-45.3500000001,-73.1000000004,"Rademacher K. 2007. ","1079",NA,"0",NA,NA,NA,NA,NA,NA,NA,NA,NA,NA,NA,NA,NA,NA
"2543",2431,NA,NA,"MAguilar.Lit.Review.399",NA,NA,"matched","3_core",7,0,0.903089986991944,53.8461538461538,0,3,3,1,"datasetName;canonicalName;decimalLatitude","agui","galaxias maculatus",NA,NA,"angelmó",-41.7166666671,-73.1000000004,"Cussac, V., Ortubay,","399",NA,NA,"Change coordinates to -41.482698, -72.959770",NA,NA,"-41.482698","-72.95977",NA,NA,NA,NA,NA,NA,NA,NA,NA
"2570",2454,NA,NA,"SUBPESCA.PecesContinentales2019.4972",NA,NA,"matched","3_core",9,0,1,69.2307692307692,0,3,3,1,"datasetName;canonicalName;decimalLatitude","subpesca-1","percichthys trucha",2009,NA,NA,-47.532097,-73.089291,"CEA (NA) Proyecto Hi","4972",NA,"0",NA,NA,NA,NA,NA,NA,NA,NA,NA,NA,NA,NA,NA,NA
"2576",2460,NA,NA,"SUBPESCA.PecesContinentales2019.21931",NA,NA,"matched","all_core_firlds",9,0,1,69.2307692307692,0,6,5,1,"datasetName;canonicalName;decimalLatitude;decimalLongitude;bibliographicCitation;catalogNumber","subpesca-1","aplochiton zebra",2012,NA,NA,-48.157151,-73.089022,"CEA (NA) Monitoreo L","21931",NA,"0",NA,NA,NA,NA,NA,NA,NA,NA,NA,NA,NA,NA,NA,NA
"2579",2463,NA,NA,"SUBPESCA.PecesContinentales2019.21933",NA,NA,"matched","all_core_firlds",9,0,1,69.2307692307692,0,6,5,1,"datasetName;canonicalName;decimalLatitude;decimalLongitude;bibliographicCitation;catalogNumber","subpesca-1","galaxias maculatus",2012,NA,NA,-48.157151,-73.089022,"CEA (NA) Monitoreo L","21933",NA,"0",NA,NA,NA,NA,NA,NA,NA,NA,NA,NA,NA,NA,NA,NA
"2605",2486,NA,NA,"SUBPESCA.PecesContinentales2019.15868",NA,NA,"matched","3_core",9,0,1,69.2307692307692,0,3,3,1,"datasetName;canonicalName;decimalLatitude","subpesca-1","aplochiton zebra",2010,NA,NA,-47.547586,-73.086243,"CEA (NA) Linea Base ","15868",NA,"0",NA,NA,NA,NA,NA,NA,NA,NA,NA,NA,NA,NA,NA,NA
"2607",2488,NA,NA,"SUBPESCA.PecesContinentales2019.15941",NA,NA,"matched","3_core",9,0,1,69.2307692307692,0,3,3,1,"datasetName;canonicalName;decimalLatitude","subpesca-1","galaxias maculatus",2010,NA,NA,-47.547586,-73.086243,"CEA (NA) Linea Base ","15941",NA,"0",NA,NA,NA,NA,NA,NA,NA,NA,NA,NA,NA,NA,NA,NA
"2609",2490,NA,NA,"SUBPESCA.PecesContinentales2019.15874",NA,NA,"matched","3_core",9,0,1,69.2307692307692,0,3,3,1,"datasetName;canonicalName;decimalLatitude","subpesca-1","galaxias platei",2010,NA,NA,-47.547586,-73.086243,"CEA (NA) Linea Base ","15874",NA,"0",NA,NA,NA,NA,NA,NA,NA,NA,NA,NA,NA,NA,NA,NA
"2611",2492,NA,NA,"SUBPESCA.PecesContinentales2019.15890",NA,NA,"matched","3_core",9,0,1,69.2307692307692,0,3,3,1,"datasetName;canonicalName;decimalLatitude","subpesca-1","odontesthes hatcheri",2010,NA,NA,-47.547586,-73.086243,"CEA (NA) Linea Base ","15890",NA,"0",NA,NA,NA,NA,NA,NA,NA,NA,NA,NA,NA,NA,NA,NA
"2618",2499,NA,NA,"SUBPESCA.PecesContinentales2019.4394",NA,NA,"matched","all_core_firlds",9,0,1,69.2307692307692,0,6,5,1,"datasetName;canonicalName;decimalLatitude;decimalLongitude;bibliographicCitation;catalogNumber","subpesca-1","aplochiton zebra",2007,NA,NA,-47.547555,-73.086005,"CEA (NA) Proyecto Hi","4394",NA,"0",NA,NA,NA,NA,NA,NA,NA,NA,NA,NA,NA,NA,NA,NA
"2620",2501,NA,NA,"SUBPESCA.PecesContinentales2019.4395",NA,NA,"matched","all_core_firlds",9,0,1,69.2307692307692,0,6,5,1,"datasetName;canonicalName;decimalLatitude;decimalLongitude;bibliographicCitation;catalogNumber","subpesca-1","hatcheria macraei",2007,NA,NA,-47.547555,-73.086005,"CEA (NA) Proyecto Hi","4395",NA,"0",NA,NA,NA,NA,NA,NA,NA,NA,NA,NA,NA,NA,NA,NA
"2627",2508,NA,NA,"SUBPESCA.PecesContinentales2019.4397",NA,NA,"matched","all_core_firlds",9,0,1,69.2307692307692,0,6,5,1,"datasetName;canonicalName;decimalLatitude;decimalLongitude;bibliographicCitation;catalogNumber","subpesca-1","percichthys trucha",2007,NA,NA,-47.547555,-73.086005,"CEA (NA) Proyecto Hi","4397",NA,"0",NA,NA,NA,NA,NA,NA,NA,NA,NA,NA,NA,NA,NA,NA
"2661",2535,NA,NA,"MAguilar.Lit.Review.1351",NA,NA,"matched","3_core",8,0,0.954242509439325,61.5384615384615,0,3,3,1,"datasetName;canonicalName;decimalLatitude","agui","aplochiton marinus",NA,NA,"estero ventisquero",-48.1166666669,-73.0833333326,"Zama A. y Cárdenas E","1351",NA,"0",NA,NA,NA,NA,NA,NA,NA,NA,NA,NA,NA,NA,NA,NA
"2662",2536,NA,NA,"MAguilar.Lit.Review.362",NA,NA,"matched","3_core",7,0,0.903089986991944,53.8461538461538,0,3,3,1,"datasetName;canonicalName;decimalLatitude","agui","aplochiton taeniatus",NA,NA,"estero ventisquero",-48.1166666669,-73.0833333326,"Cussac, V., Ortubay,","362",NA,"0","(from McDowall and Nakaya) Change Species to A. marinus. Change coordinates to -48.250000, -73.591667",NA,"(McDowall & Nakaya, 1988)","-48.25","-73.591667",NA,NA,NA,NA,"Aplochiton marinus","Aplochiton marinus Eigenmann, 1928",NA,NA,NA
"2663",2537,NA,NA,"MAguilar.Lit.Review.351",NA,NA,"matched","4plus_core",10,0,1.04139268515823,76.9230769230769,0,4,4,1,"datasetName;canonicalName;decimalLatitude;decimalLongitude","agui","oncorhynchus tshawytscha",2004,"2004-03-13","río vargas",-47.6999999999,-73.0833333326,"Correa, C., Gross, M","351",NA,"0",NA,NA,NA,NA,NA,NA,NA,NA,NA,NA,NA,NA,NA,NA
"2671",2541,NA,NA,"SUBPESCA.PecesContinentales2019.21924",NA,NA,"matched","3_core",9,0,1,69.2307692307692,0,3,3,1,"datasetName;canonicalName;decimalLatitude","subpesca-1","aplochiton zebra",2012,NA,NA,-48.169842,-73.081731,"CEA (NA) Monitoreo L","21924",NA,"0",NA,NA,NA,NA,NA,NA,NA,NA,NA,NA,NA,NA,NA,NA
"2673",2543,NA,NA,"SUBPESCA.PecesContinentales2019.21925",NA,NA,"matched","all_core_firlds",9,0,1,69.2307692307692,0,6,5,1,"datasetName;canonicalName;decimalLatitude;decimalLongitude;bibliographicCitation;catalogNumber","subpesca-1","galaxias maculatus",2012,NA,NA,-48.169842,-73.081731,"CEA (NA) Monitoreo L","21925",NA,"0",NA,NA,NA,NA,NA,NA,NA,NA,NA,NA,NA,NA,NA,NA
"2674",2544,NA,NA,"SUBPESCA.PecesContinentales2019.21922",NA,NA,"matched","3_core",9,0,1,69.2307692307692,0,3,3,1,"datasetName;canonicalName;decimalLatitude","subpesca-1","galaxias platei",2012,NA,NA,-48.169842,-73.081731,"CEA (NA) Monitoreo L","21922",NA,"0",NA,NA,NA,NA,NA,NA,NA,NA,NA,NA,NA,NA,NA,NA
"2677",2547,NA,NA,"SUBPESCA.PecesContinentales2019.16183",NA,NA,"matched","3_core",9,0,1,69.2307692307692,0,3,3,1,"datasetName;canonicalName;decimalLatitude","subpesca-1","galaxias platei",2011,NA,NA,-47.551259,-73.08042,"CEA (NA) Monitoreo L","16183",NA,"0",NA,NA,NA,NA,NA,NA,NA,NA,NA,NA,NA,NA,NA,NA
"2678",2548,NA,NA,"SUBPESCA.PecesContinentales2019.16190",NA,NA,"matched","3_core",9,0,1,69.2307692307692,0,3,3,1,"datasetName;canonicalName;decimalLatitude","subpesca-1","hatcheria macraei",2011,NA,NA,-47.551259,-73.08042,"CEA (NA) Monitoreo L","16190",NA,"0",NA,NA,NA,NA,NA,NA,NA,NA,NA,NA,NA,NA,NA,NA
"2680",2550,NA,NA,"SUBPESCA.PecesContinentales2019.16243",NA,NA,"matched","all_core_firlds",9,0,1,69.2307692307692,0,6,5,1,"datasetName;canonicalName;decimalLatitude;decimalLongitude;bibliographicCitation;catalogNumber","subpesca-1","percichthys trucha",2011,NA,NA,-47.551259,-73.08042,"CEA (NA) Monitoreo L","16243",NA,"0",NA,NA,NA,NA,NA,NA,NA,NA,NA,NA,NA,NA,NA,NA
"2681",2551,NA,NA,"SUBPESCA.PecesContinentales2019.21899",NA,NA,"matched","all_core_firlds",9,0,1,69.2307692307692,0,6,5,1,"datasetName;canonicalName;decimalLatitude;decimalLongitude;bibliographicCitation;catalogNumber","subpesca-1","percichthys trucha",2012,NA,NA,-47.551259,-73.08042,"CEA (NA) Monitoreo L","21899",NA,"0",NA,NA,NA,NA,NA,NA,NA,NA,NA,NA,NA,NA,NA,NA
"2693",2562,NA,NA,"SUBPESCA.PecesContinentales2019.4693",NA,NA,"matched","all_core_firlds",9,0,1,69.2307692307692,0,6,5,1,"datasetName;canonicalName;decimalLatitude;decimalLongitude;bibliographicCitation;catalogNumber","subpesca-1","aplochiton zebra",2007,NA,NA,-47.563861,-73.079082,"CEA (NA) Proyecto Hi","4693",NA,"0",NA,NA,NA,NA,NA,NA,NA,NA,NA,NA,NA,NA,NA,NA
"2695",2564,NA,NA,"SUBPESCA.PecesContinentales2019.4734",NA,NA,"matched","all_core_firlds",9,0,1,69.2307692307692,0,6,5,1,"datasetName;canonicalName;decimalLatitude;decimalLongitude;bibliographicCitation;catalogNumber","subpesca-1","aplochiton zebra",2008,NA,NA,-47.563861,-73.079082,"CEA (NA) Proyecto Hi","4734",NA,"0",NA,NA,NA,NA,NA,NA,NA,NA,NA,NA,NA,NA,NA,NA
"2734",2599,NA,NA,"MMA:ICT:0000164",NA,NA,"matched","4plus_core",7,2,0.425968732272281,53.8461538461538,15.3846153846154,5,4,1,"datasetName;canonicalName;decimalLatitude;decimalLongitude;year","mma2","aplochiton zebra",2012,"2012-08-18","rio baker entre rio de los ñadis y rio ventisquero",-47.563,-73.078,NA,NA,NA,"0",NA,NA,NA,NA,NA,NA,NA,NA,NA,NA,NA,NA,NA,NA
"2750",2614,NA,NA,"MAguilar.Lit.Review.1275",NA,NA,"matched","3_core",10,0,1.04139268515823,76.9230769230769,0,3,3,1,"datasetName;canonicalName;decimalLatitude","agui","galaxias platei",2011,NA,"lago dickson",-50.8786111106,-73.0736111109,"Vera-Escalona, I., H","1275",NA,"0","associatedReference: (Vera-Escalona et al. 2015)",NA,"Vera-Escalona et al. 2015",NA,NA,NA,NA,NA,NA,NA,NA,NA,NA,NA
"2751",2615,NA,NA,"MMA:ICT:0002319",NA,NA,"matched","3_core",7,3,0.301029995663981,53.8461538461538,23.0769230769231,3,3,1,"datasetName;canonicalName;decimalLatitude","mma2","galaxias platei",2011,"2011-08-14","lago dickson. rio paine en desembocadura lago nordenskjold",-50.878,-73.073,"OrigenReg: Base Dato",NA,NA,"1","associatedReference: (Vera-Escalona et al. 2015)",NA,"Vera-Escalona et al. 2015",NA,NA,NA,NA,NA,NA,NA,NA,NA,NA,NA
"2755",2617,NA,"good","CIMAR1_79_sp16","cimar1_79_sp16",TRUE,"matched","3_core",8,0,0.954242509439325,61.5384615384615,0,3,3,1,"datasetName;canonicalName;decimalLatitude","gbif","atheriniformes",1995,"1995-11-04",NA,-45.3683,-73.07,NA,NA,"shoa",NA,"Remove. Added to GBIF in June 1995. Could be removed because they are oceanographic stations.",NA,NA,NA,NA,NA,NA,NA,NA,NA,NA,NA,NA,NA
"2864",2735,NA,NA,"MAguilar.Lit.Review.349",NA,NA,"matched","all_core_firlds",10,0,1.04139268515823,76.9230769230769,0,5,5,1,"datasetName;canonicalName;decimalLatitude;decimalLongitude;bibliographicCitation","agui","oncorhynchus tshawytscha",2004,"2004-03-13","río jaramillo",-47.6999999999,-73.0499999996,"Correa, C., Gross, M","349",NA,"0",NA,NA,NA,NA,NA,NA,NA,NA,NA,NA,NA,NA,NA,NA
"2866",2736,NA,NA,"MAguilar.Lit.Review.1067",NA,NA,"matched","3_core",7,0,0.903089986991944,53.8461538461538,0,3,3,1,"datasetName;canonicalName;decimalLatitude","agui","eleginops maclovinus",NA,NA,"río salto",-43.4166666673,-73.0499999996,"Rademacher K. 2007. ","1067",NA,"0","change coordinates to -45.444129, -72.788436",NA,NA,"-45.444129","-72.788436",NA,NA,NA,NA,NA,NA,NA,NA,NA
"2867",2737,NA,NA,"MAguilar.Lit.Review.1085",NA,NA,"matched","3_core",7,0,0.903089986991944,53.8461538461538,0,3,3,1,"datasetName;canonicalName;decimalLatitude","agui","galaxias maculatus",NA,NA,"río salto",-43.4166666673,-73.0499999996,"Rademacher K. 2007. ","1085",NA,"0","change coordinates to -45.444129, -72.788436
",NA,NA,"-45.444129","-72.788436",NA,NA,NA,NA,NA,NA,NA,NA,NA
"2899",2770,NA,NA,"MAguilar.Lit.Review.975",NA,NA,"matched","3_core",9,0,1,69.2307692307692,0,3,3,1,"datasetName;canonicalName;decimalLatitude","agui","oncorhynchus tshawytscha",2016,NA,"río jaramillo",-47.7016680004,-73.041936,"Muñoz, Nicolas J., R","975",NA,"0",NA,NA,NA,NA,NA,NA,NA,NA,NA,NA,NA,NA,NA,NA
"2904",2774,NA,NA,"SUBPESCA.PecesContinentales2019.15081",NA,NA,"matched","all_core_firlds",9,0,1,69.2307692307692,0,6,5,1,"datasetName;canonicalName;decimalLatitude;decimalLongitude;bibliographicCitation;catalogNumber","subpesca-1","galaxias platei",2008,NA,NA,-45.126573,-73.038403,"CEA (NA) Linea De Ba","15081",NA,"0",NA,NA,NA,NA,NA,NA,NA,NA,NA,NA,NA,NA,NA,NA
"2920",2793,NA,"good","CIMAR1_85_sp16","cimar1_85_sp16",TRUE,"matched","3_core",8,0,0.954242509439325,61.5384615384615,0,3,3,1,"datasetName;canonicalName;decimalLatitude","gbif","atheriniformes",1995,"1995-10-29",NA,-44.8833,-73.035,NA,NA,"shoa",NA,"Remove. Added to GBIF in June 1995. Could be removed because they are oceanographic stations.",NA,NA,NA,NA,NA,NA,NA,NA,NA,NA,NA,NA,NA
"2945",2823,NA,"good","CIMAR1_92_sp16","cimar1_92_sp16",TRUE,"matched","3_core",8,0,0.954242509439325,61.5384615384615,0,3,3,1,"datasetName;canonicalName;decimalLatitude","gbif","atheriniformes",1995,"1995-10-26",NA,-44.2967,-73.0267,NA,NA,"shoa",NA,"Remove. Added to GBIF in June 1995. Could be removed because they are oceanographic stations.",NA,NA,NA,NA,NA,NA,NA,NA,NA,NA,NA,NA,NA
"2952",2830,NA,"good","CIMAR1_28_sp16","cimar1_28_sp16",TRUE,"matched","3_core",8,0,0.954242509439325,61.5384615384615,0,3,3,1,"datasetName;canonicalName;decimalLatitude","gbif","atheriniformes",1995,"1995-10-23",NA,-43.205,-73.025,NA,NA,"shoa",NA,"Remove. Added to GBIF in June 1995. Could be removed because they are oceanographic stations.",NA,NA,NA,NA,NA,NA,NA,NA,NA,NA,NA,NA,NA
"2959",2837,NA,"good","CIMAR1_14_sp16","cimar1_14_sp16",TRUE,"matched","3_core",8,0,0.954242509439325,61.5384615384615,0,3,3,1,"datasetName;canonicalName;decimalLatitude","gbif","atheriniformes",1995,"1995-10-20",NA,-42.4533,-73.0217,NA,NA,"shoa",NA,"Remove. Added to GBIF in June 1995. Could be removed because they are oceanographic stations.",NA,NA,NA,NA,NA,NA,NA,NA,NA,NA,NA,NA,NA
"3004",2875,NA,NA,"http://n2t.net/ark:/65665/3b8a7eea9-316a-437c-98a8-5888cf2096cd","http://n2t.net/ark:/65665/3b8a7eea9-316a-437c-98a8-5888cf2096cd",TRUE,"matched","3_core",11,0,1.07918124604762,84.6153846153846,0,3,3,1,"datasetName;canonicalName;decimalLatitude","vert","eleginops maclovinus",1945,NA,"chile: tictoc bay",-43.62,-73,"National Museum of N","176386","usnm","0",NA,NA,NA,NA,NA,NA,NA,NA,NA,NA,NA,NA,NA,NA
"3007",2878,NA,NA,"http://n2t.net/ark:/65665/3c9bdf3bc-f24e-4dec-a934-e42255c1dfba","http://n2t.net/ark:/65665/3c9bdf3bc-f24e-4dec-a934-e42255c1dfba",TRUE,"matched","3_core",11,0,1.07918124604762,84.6153846153846,0,3,3,1,"datasetName;canonicalName;decimalLatitude","vert","odontesthes",1945,NA,"chile: tictoc bay",-43.62,-73,"National Museum of N","176502","usnm","0",NA,NA,NA,NA,NA,NA,NA,NA,NA,NA,NA,NA,NA,NA
"3012",2883,NA,NA,"SUBPESCA.PecesContinentales2019.15058",NA,NA,"matched","3_core",9,0,1,69.2307692307692,0,3,3,1,"datasetName;canonicalName;decimalLatitude","subpesca-1","galaxias maculatus",2008,NA,NA,-45.679957,-72.997873,"CEA (NA) Linea De Ba","15058",NA,"0",NA,NA,NA,NA,NA,NA,NA,NA,NA,NA,NA,NA,NA,NA
"3014",2885,NA,NA,"SUBPESCA.PecesContinentales2019.15074",NA,NA,"matched","3_core",9,0,1,69.2307692307692,0,3,3,1,"datasetName;canonicalName;decimalLatitude","subpesca-1","galaxias platei",2008,NA,NA,-45.679957,-72.997873,"CEA (NA) Linea De Ba","15074",NA,"0",NA,NA,NA,NA,NA,NA,NA,NA,NA,NA,NA,NA,NA,NA
"3058",2929,NA,NA,"MAguilar.Lit.Review.797",NA,NA,"matched","3_core",9,0,1,69.2307692307692,0,3,3,1,"datasetName;canonicalName;decimalLatitude","agui","salmo trutta",2006,NA,"lago condor",-44.7141111107,-72.993194444,"Habit, E., Gonzalez,","797",NA,NA,"change coordinates to -45.572230, -72.960684",NA,NA,"-45.57223","-72.960684",NA,NA,NA,NA,NA,NA,NA,NA,NA
"3068",2939,NA,"good","MMA:ICT:0002275",NA,NA,"matched","3_core",7,3,0.301029995663981,53.8461538461538,23.0769230769231,3,3,1,"datasetName;canonicalName;decimalLatitude","mma2","galaxias platei",2009,"2009-12-06","lago pehoe. cerca explora. lagos nordenkjold y pehoe y rio paine en desembocadura",-51.108,-72.992,"OrigenReg: Base Dato",NA,NA,"1","associatedReference: (Vera-Escalona et al. 2015)",NA,"Vera-Escalona et al. 2015",NA,NA,NA,NA,NA,NA,NA,NA,NA,NA,NA
"3084",2953,NA,NA,"SUBPESCA.PecesContinentales2019.15175",NA,NA,"matched","all_core_firlds",9,0,1,69.2307692307692,0,6,5,1,"datasetName;canonicalName;decimalLatitude;decimalLongitude;bibliographicCitation;catalogNumber","subpesca-1","galaxias platei",2008,NA,NA,-45.624992,-72.990377,"CEA (NA) Linea De Ba","15175",NA,"0",NA,NA,NA,NA,NA,NA,NA,NA,NA,NA,NA,NA,NA,NA
"3086",2955,NA,NA,"SUBPESCA.PecesContinentales2019.15991",NA,NA,"matched","all_core_firlds",9,0,1,69.2307692307692,0,6,5,1,"datasetName;canonicalName;decimalLatitude;decimalLongitude;bibliographicCitation;catalogNumber","subpesca-1","galaxias platei",2010,NA,NA,-45.624992,-72.990377,"CEA (NA) Linea De Ba","15991",NA,"0",NA,NA,NA,NA,NA,NA,NA,NA,NA,NA,NA,NA,NA,NA
"3108",2972,NA,NA,"MAguilar.Lit.Review.1279",NA,NA,"matched","3_core",10,0,1.04139268515823,76.9230769230769,0,3,3,1,"datasetName;canonicalName;decimalLatitude","agui","galaxias platei",2009,NA,"lago pehoe",-51.1086111114,-72.9883333331,"Vera-Escalona, I., H","1279",NA,"0",NA,NA,NA,NA,NA,NA,NA,NA,NA,NA,NA,NA,NA,NA
"3109",2973,NA,"good","CIMAR1_26_sp16","cimar1_26_sp16",TRUE,"matched","3_core",8,0,0.954242509439325,61.5384615384615,0,3,3,1,"datasetName;canonicalName;decimalLatitude","gbif","atheriniformes",1995,"1995-10-23",NA,-42.99,-72.9883,NA,NA,"shoa",NA,"Remove. Added to GBIF in June 1995. Could be removed because they are oceanographic stations.",NA,NA,NA,NA,NA,NA,NA,NA,NA,NA,NA,NA,NA
"3263",3126,NA,"good","MMA:ICT:0002769",NA,NA,"matched","3_core",5,2,0.301029995663981,38.4615384615385,15.3846153846154,3,3,1,"datasetName;canonicalName;decimalLatitude","mma2","hatcheria macraei",NA,NA,"río baker. baker-pacific. rio baker entre rio de los ñadis y rio ventisquero",-47.498417,-72.97475,"FuenteReg: Publicaci",NA,NA,"1","bibliograph: Unmack et al. 2012. Phylogeography of the catfish Hatcheria macraei reveals a negligible role of drainage divides in structuring populations",NA,NA,NA,NA,NA,NA,NA,"Unmack, P. J., Barriga, J. P., Battini, M. A., Habit, E. M., & Johnson, J. B. (2012). Phylogeography of the catfish Hatcheria macraei reveals a negligible role of drainage divides in structuring populations. Molecular Ecology, 21(4), 942–959. https://doi.org/10.1111/j.1365-294X.2011.05408.x",NA,NA,NA,NA,NA
"3355",3214,NA,NA,"MAguilar.Lit.Review.1209",NA,NA,"matched","3_core",8,0,0.954242509439325,61.5384615384615,0,3,3,1,"datasetName;canonicalName;decimalLatitude","agui","aplochiton zebra",1997,NA,"lago meullín",-45.1902949998,-72.9711300002,"SOTO, DORIS, ARISMEN","1209",NA,NA,"Remove. A lot of sampling by different groups was performed in the watershed, and only G. platei was found.",NA,NA,NA,NA,NA,NA,NA,NA,NA,NA,NA,NA,NA
"3374",3232,NA,NA,"SUBPESCA.PecesContinentales2019.15080",NA,NA,"matched","3_core",9,0,1,69.2307692307692,0,3,3,1,"datasetName;canonicalName;decimalLatitude","subpesca-1","galaxias platei",2008,NA,NA,-45.151094,-72.970418,"CEA (NA) Linea De Ba","15080",NA,"0",NA,NA,NA,NA,NA,NA,NA,NA,NA,NA,NA,NA,NA,NA
"3388",3246,NA,NA,"SUBPESCA.PecesContinentales2019.15076",NA,NA,"matched","all_core_firlds",9,0,1,69.2307692307692,0,6,5,1,"datasetName;canonicalName;decimalLatitude;decimalLongitude;bibliographicCitation;catalogNumber","subpesca-1","galaxias platei",2008,NA,NA,-45.133658,-72.970414,"CEA (NA) Linea De Ba","15076",NA,"0",NA,NA,NA,NA,NA,NA,NA,NA,NA,NA,NA,NA,NA,NA
"3440",3297,NA,NA,"SUBPESCA.PecesContinentales2019.15075",NA,NA,"matched","all_core_firlds",9,0,1,69.2307692307692,0,5,5,1,"datasetName;canonicalName;decimalLatitude;decimalLongitude;bibliographicCitation","subpesca-1","galaxias platei",2008,NA,NA,-45.116421,-72.970021,"CEA (NA) Linea De Ba","15075",NA,"0",NA,NA,NA,NA,NA,NA,NA,NA,NA,NA,NA,NA,NA,NA
"3474",3324,NA,NA,"http://n2t.net/ark:/65665/347e50d2a-6abf-4f62-84b8-4e6c9ea77e1c","http://n2t.net/ark:/65665/347e50d2a-6abf-4f62-84b8-4e6c9ea77e1c",TRUE,"matched","3_core",11,0,1.07918124604762,84.6153846153846,0,3,3,1,"datasetName;canonicalName;decimalLatitude","vert","eleginops maclovinus",1945,NA,"chile: puerto montt and canal tenglo",-41.5,-72.97,"National Museum of N","114933","usnm","0",NA,NA,NA,NA,NA,NA,NA,NA,NA,NA,NA,NA,NA,NA
"3841",3696,NA,"good","CIMAR1_5_sp16","cimar1_5_sp16",TRUE,"matched","3_core",8,0,0.954242509439325,61.5384615384615,0,3,3,1,"datasetName;canonicalName;decimalLatitude","gbif","atheriniformes",1995,"1995-10-19",NA,-41.8667,-72.9667,NA,NA,"shoa",NA,"Remove. Added to GBIF in June 1995. Could be removed because they are oceanographic stations.",NA,NA,NA,NA,NA,NA,NA,NA,NA,NA,NA,NA,NA
"3844",3699,NA,NA,"MAguilar.Lit.Review.1069",NA,NA,"matched","3_core",7,0,0.903089986991944,53.8461538461538,0,3,3,1,"datasetName;canonicalName;decimalLatitude","agui","eleginops maclovinus",NA,NA,"estero pillan",-42.5666666672,-72.9666666667,"Rademacher K. 2007. ","1069",NA,"0","change coordinates to -42.552714, -72.495461",NA,NA,"-42.552714","-72.495461",NA,NA,NA,NA,NA,NA,NA,NA,NA
"3985",3839,NA,NA,"MAguilar.Lit.Review.802",NA,NA,"matched","3_core",9,0,1,69.2307692307692,0,3,3,1,"datasetName;canonicalName;decimalLatitude","agui","oncorhynchus mykiss",2006,NA,"lago cochrane",-45.1024722216,-72.9655277779,"Habit, E., Gonzalez,","802",NA,NA,"change coordiantes to : -47.206717, -72.288243",NA,NA,"-47.206717","-72.288243",NA,NA,NA,NA,NA,NA,NA,NA,NA
"3986",3840,NA,NA,"MAguilar.Lit.Review.801",NA,NA,"matched","3_core",9,0,1,69.2307692307692,0,3,3,1,"datasetName;canonicalName;decimalLatitude","agui","salmo trutta",2006,NA,"lago cochrane",-45.1024722216,-72.9655277779,"Habit, E., Gonzalez,","801",NA,NA,"change coordiantes to : -47.206717, -72.288243",NA,NA,"-47.206717","-72.288243",NA,NA,NA,NA,NA,NA,NA,NA,NA
"4020",3870,NA,NA,"SUBPESCA.PecesContinentales2019.5248",NA,NA,"matched","3_core",9,0,1,69.2307692307692,0,3,3,1,"datasetName;canonicalName;decimalLatitude","subpesca-1","galaxias platei",2007,NA,NA,-45.10868,-72.963443,"CEA (NA) Proyecto Ce","5248",NA,"0",NA,NA,NA,NA,NA,NA,NA,NA,NA,NA,NA,NA,NA,NA
"4064",3915,NA,NA,"SUBPESCA.PecesContinentales2019.21871",NA,NA,"matched","3_core",9,0,1,69.2307692307692,0,3,3,1,"datasetName;canonicalName;decimalLatitude","subpesca-1","galaxias platei",2012,NA,NA,-48.375819,-72.957455,"CEA (NA) Monitoreo L","21871",NA,"0",NA,NA,NA,NA,NA,NA,NA,NA,NA,NA,NA,NA,NA,NA
"4105",3947,NA,NA,"CCorrea.Lit.Review.1624",NA,NA,"matched","3_core",6,0,0.845098040014257,46.1538461538462,0,3,3,1,"datasetName;canonicalName;decimalLatitude","fishgis_metadatabase_ccorrea","galaxias platei",NA,NA,"yulton-meullin lakes",-45.13768,-72.95085,"Soto, D., I. Arismen",NA,NA,"0",NA,NA,NA,NA,NA,NA,NA,NA,NA,NA,NA,NA,NA,NA
"4110",3950,NA,"good","CIMAR1_1_sp16","cimar1_1_sp16",TRUE,"matched","3_core",8,0,0.954242509439325,61.5384615384615,0,3,3,1,"datasetName;canonicalName;decimalLatitude","gbif","atheriniformes",1995,"1995-10-18",NA,-41.5483,-72.95,NA,NA,"shoa",NA,"Remove. Added to GBIF in June 1995. Could be removed because they are oceanographic stations.",NA,NA,NA,NA,NA,NA,NA,NA,NA,NA,NA,NA,NA
"4111",3951,NA,NA,"8f5c92c6-d0ce-435f-8567-0b7ecb391ac3","8f5c92c6-d0ce-435f-8567-0b7ecb391ac3",TRUE,"matched","3_core",11,0,1.07918124604762,84.6153846153846,0,3,3,1,"datasetName;canonicalName;decimalLatitude","gbif","galaxias maculatus",1919,"1919","puerto montt, estero pilluco, elev. 5 m",-41.4667,-72.95,NA,"77554","fmnh","0",NA,NA,NA,NA,NA,NA,NA,NA,NA,NA,NA,NA,NA,NA
"4135",NA,NA,"unlink, record via iDigBio",NA,"urn:catalog:cas:ich:97400",NA,"no_match","no_match",NA,NA,NA,NA,NA,NA,NA,0,NA,"gbif","aplochiton taeniatus",1919,"1919-02-23","puerto montt.",-41.475769,-72.948441,NA,"97400","cas","0",NA,NA,NA,NA,NA,NA,NA,NA,NA,NA,NA,NA,NA,NA
"4136",NA,NA,"unlink, record via iDigBio",NA,"urn:catalog:cas:ich:30442",NA,"no_match","no_match",NA,NA,NA,NA,NA,NA,NA,0,NA,"gbif","eleginops maclovinus",NA,NA,"puerto montt",-41.475769,-72.948441,NA,"30442","cas","1","year: 1919",NA,NA,NA,NA,NA,"1919",NA,NA,NA,NA,NA,NA,NA
"4137",NA,NA,"unlink, record via iDigBio",NA,"urn:catalog:cas:ich:208909",NA,"no_match","no_match",NA,NA,NA,NA,NA,NA,NA,0,NA,"gbif","salmo trutta",NA,NA,"puerto montt.",-41.475769,-72.948441,NA,"208909","cas","0",NA,NA,NA,NA,NA,NA,NA,NA,NA,NA,NA,NA,NA,NA
"4164",4000,NA,NA,"SUBPESCA.PecesContinentales2019.16187",NA,NA,"matched","3_core",9,0,1,69.2307692307692,0,3,3,1,"datasetName;canonicalName;decimalLatitude","subpesca-1","galaxias platei",2011,NA,NA,-47.474537,-72.947377,"CEA (NA) Monitoreo L","16187",NA,"0",NA,NA,NA,NA,NA,NA,NA,NA,NA,NA,NA,NA,NA,NA
"4165",4001,NA,NA,"SUBPESCA.PecesContinentales2019.16197",NA,NA,"matched","3_core",9,0,1,69.2307692307692,0,3,3,1,"datasetName;canonicalName;decimalLatitude","subpesca-1","hatcheria macraei",2011,NA,NA,-47.474537,-72.947377,"CEA (NA) Monitoreo L","16197",NA,"0",NA,NA,NA,NA,NA,NA,NA,NA,NA,NA,NA,NA,NA,NA
"4189",4023,NA,"good","CIMAR1_80_sp16","cimar1_80_sp16",TRUE,"matched","3_core",8,0,0.954242509439325,61.5384615384615,0,3,3,1,"datasetName;canonicalName;decimalLatitude","gbif","atheriniformes",1995,"1995-11-04",NA,-45.4367,-72.945,NA,NA,"shoa",NA,"Remove. Added to GBIF in June 1995. Could be removed because they are oceanographic stations.",NA,NA,NA,NA,NA,NA,NA,NA,NA,NA,NA,NA,NA
"4209",4050,NA,NA,"SUBPESCA.PecesContinentales2019.15060",NA,NA,"matched","all_core_firlds",9,0,1,69.2307692307692,0,6,5,1,"datasetName;canonicalName;decimalLatitude;decimalLongitude;bibliographicCitation;catalogNumber","subpesca-1","galaxias maculatus",2008,NA,NA,-45.479217,-72.936851,"CEA (NA) Linea De Ba","15060",NA,"0",NA,NA,NA,NA,NA,NA,NA,NA,NA,NA,NA,NA,NA,NA
"4217",4058,NA,"good","CIMAR1_11_sp16","cimar1_11_sp16",TRUE,"matched","3_core",8,0,0.954242509439325,61.5384615384615,0,3,3,1,"datasetName;canonicalName;decimalLatitude","gbif","atheriniformes",1995,"1995-10-20",NA,-42.27,-72.9367,NA,NA,"shoa",NA,"Remove. Added to GBIF in June 1995. Could be removed because they are oceanographic stations.",NA,NA,NA,NA,NA,NA,NA,NA,NA,NA,NA,NA,NA
"4221",4062,NA,NA,"MAguilar.Lit.Review.1272",NA,NA,"matched","3_core",7,0,0.903089986991944,53.8461538461538,0,3,3,1,"datasetName;canonicalName;decimalLatitude","agui","odontesthes brevianalis",NA,NA,"puerto montt",-41.4666666667,-72.9333333329,"Vargas, Carolina, Co","1272",NA,NA,"Remove. Indirect observation of broad distribution. Not linked with any record in particular.",NA,NA,NA,NA,NA,NA,NA,NA,NA,NA,NA,NA,NA
"4229",NA,NA,"3831",NA,NA,NA,"no_match","no_match",NA,NA,NA,NA,NA,NA,NA,0,NA,"mma2","galaxias platei",2009,"2009-12-06","lago nordenskjold. l nordenskjold en paso de la muerte. lagos nordenkjold y pehoe y rio paine en desembocadura",-51.043,-72.93,"OrigenReg: Base Dato",NA,NA,"1","associatedReference: (Vera-Escalona et al. 2015)",NA,"Vera-Escalona et al. 2015",NA,NA,NA,NA,NA,NA,NA,NA,NA,NA,NA
"4286",4122,NA,NA,"SUBPESCA.PecesContinentales2019.21850",NA,NA,"matched","3_core",9,0,1,69.2307692307692,0,3,3,1,"datasetName;canonicalName;decimalLatitude","subpesca-1","galaxias platei",2012,NA,NA,-47.438541,-72.926761,"CEA (NA) Monitoreo L","21850",NA,"0",NA,NA,NA,NA,NA,NA,NA,NA,NA,NA,NA,NA,NA,NA
"4287",4123,NA,"good","CIMAR1_86_sp16","cimar1_86_sp16",TRUE,"matched","3_core",8,0,0.954242509439325,61.5384615384615,0,3,3,1,"datasetName;canonicalName;decimalLatitude","gbif","atheriniformes",1995,"1995-10-29",NA,-44.8233,-72.9233,NA,NA,"shoa",NA,"Remove. Added to GBIF in June 1995. Could be removed because they are oceanographic stations.",NA,NA,NA,NA,NA,NA,NA,NA,NA,NA,NA,NA,NA
"4314",4154,NA,NA,"2d727022-7bf2-4dce-8d6a-94d8cc98f3f0","2d727022-7bf2-4dce-8d6a-94d8cc98f3f0",TRUE,"matched","3_core",9,1,0.698970004336019,69.2307692307692,7.69230769230769,3,3,1,"datasetName;canonicalName;decimalLatitude","idig","animalia",1995,"1995-01-24","intertidal pools of river that originates in lago camillo on isla magdalena and flows to seno soto",-44.533333,-72.916667,NA,"68433","tnhc",NA,"Change canonicalName to Galaxias",NA,NA,NA,NA,NA,NA,NA,NA,"Galaxias",NA,NA,NA,NA
"4368",4198,NA,NA,"SUBPESCA.PecesContinentales2019.15088",NA,NA,"matched","3_core",9,0,1,69.2307692307692,0,3,3,1,"datasetName;canonicalName;decimalLatitude","subpesca-1","galaxias platei",2008,NA,NA,-45.145963,-72.911502,"CEA (NA) Linea De Ba","15088",NA,"0",NA,NA,NA,NA,NA,NA,NA,NA,NA,NA,NA,NA,NA,NA
"4416",4244,NA,NA,"SUBPESCA.PecesContinentales2019.21841",NA,NA,"matched","3_core",9,0,1,69.2307692307692,0,3,3,1,"datasetName;canonicalName;decimalLatitude","subpesca-1","galaxias maculatus",2012,NA,NA,-47.44154,-72.908074,"CEA (NA) Monitoreo L","21841",NA,"0",NA,NA,NA,NA,NA,NA,NA,NA,NA,NA,NA,NA,NA,NA
"4464",4290,NA,NA,"SUBPESCA.PecesContinentales2019.15077",NA,NA,"matched","all_core_firlds",9,0,1,69.2307692307692,0,5,5,1,"datasetName;canonicalName;decimalLatitude;decimalLongitude;bibliographicCitation","subpesca-1","galaxias platei",2008,NA,NA,-45.147052,-72.907608,"CEA (NA) Linea De Ba","15077",NA,"0",NA,NA,NA,NA,NA,NA,NA,NA,NA,NA,NA,NA,NA,NA
"4473",4300,NA,"good","CIMAR1_25_sp16","cimar1_25_sp16",TRUE,"matched","3_core",8,0,0.954242509439325,61.5384615384615,0,3,3,1,"datasetName;canonicalName;decimalLatitude","gbif","atheriniformes",1995,"1995-10-23",NA,-42.8767,-72.9067,NA,NA,"shoa",NA,"Remove. Added to GBIF in June 1995. Could be removed because they are oceanographic stations.",NA,NA,NA,NA,NA,NA,NA,NA,NA,NA,NA,NA,NA
"4511",4338,NA,NA,"MAguilar.Lit.Review.324",NA,NA,"matched","3_core",10,0,1.04139268515823,76.9230769230769,0,3,3,1,"datasetName;canonicalName;decimalLatitude","agui","galaxias platei",2007,NA,"lago yulton",-45.1179999997,-72.9021999997,"CORREA, C., BRAVO, A","324",NA,"0",NA,NA,NA,NA,NA,NA,NA,NA,NA,NA,NA,NA,NA,NA
"4516",4343,NA,"good","CIMAR1_4_sp16","cimar1_4_sp16",TRUE,"matched","3_core",8,0,0.954242509439325,61.5384615384615,0,3,3,1,"datasetName;canonicalName;decimalLatitude","gbif","atheriniformes",1995,"1995-10-19",NA,-41.7883,-72.9017,NA,NA,"shoa",NA,"Remove. Added to GBIF in June 1995. Could be removed because they are oceanographic stations.",NA,NA,NA,NA,NA,NA,NA,NA,NA,NA,NA,NA,NA
"4546",4375,NA,NA,"SUBPESCA.PecesContinentales2019.15061",NA,NA,"matched","all_core_firlds",9,0,1,69.2307692307692,0,6,5,1,"datasetName;canonicalName;decimalLatitude;decimalLongitude;bibliographicCitation;catalogNumber","subpesca-1","galaxias maculatus",2008,NA,NA,-45.468199,-72.900257,"CEA (NA) Linea De Ba","15061",NA,"0",NA,NA,NA,NA,NA,NA,NA,NA,NA,NA,NA,NA,NA,NA
"4556",4384,NA,NA,"urn:catalog:CAS:ICH:30442","urn:catalog:cas:ich:30442",TRUE,"matched","3_core",9,0,1,69.2307692307692,0,3,3,1,"datasetName;canonicalName;decimalLatitude","idig","eleginops maclovinus",NA,NA,"puerto montt, espero pilluco",-41.486946,-72.899212,NA,"30442","cas","0",NA,NA,NA,NA,NA,NA,NA,NA,NA,NA,NA,NA,NA,NA
"4557",4386,NA,NA,"urn:catalog:CAS:ICH:208909","urn:catalog:cas:ich:208909",TRUE,"matched","3_core",9,0,1,69.2307692307692,0,3,3,1,"datasetName;canonicalName;decimalLatitude","idig","salmo trutta",NA,NA,"puerto montt, espero pilluco",-41.486946,-72.899212,NA,"208909","cas","1","year: 1919",NA,NA,NA,NA,NA,"1919",NA,NA,NA,NA,NA,NA,NA
"4565",4396,NA,NA,"SUBPESCA.PecesContinentales2019.21819",NA,NA,"matched","3_core",9,0,1,69.2307692307692,0,3,3,1,"datasetName;canonicalName;decimalLatitude","subpesca-1","galaxias maculatus",2012,NA,NA,-47.4282,-72.895104,"CEA (NA) Monitoreo L","21819",NA,"0",NA,NA,NA,NA,NA,NA,NA,NA,NA,NA,NA,NA,NA,NA
"4566",4397,NA,NA,"SUBPESCA.PecesContinentales2019.21820",NA,NA,"matched","3_core",9,0,1,69.2307692307692,0,3,3,1,"datasetName;canonicalName;decimalLatitude","subpesca-1","galaxias platei",2012,NA,NA,-47.4282,-72.895104,"CEA (NA) Monitoreo L","21820",NA,"0",NA,NA,NA,NA,NA,NA,NA,NA,NA,NA,NA,NA,NA,NA
"4574",4402,NA,"good","CIMAR1_22_sp16","cimar1_22_sp16",TRUE,"matched","3_core",8,0,0.954242509439325,61.5384615384615,0,3,3,1,"datasetName;canonicalName;decimalLatitude","gbif","atheriniformes",1995,"1995-10-22",NA,-42.72,-72.8933,NA,NA,"shoa",NA,"Remove. Added to GBIF in June 1995. Could be removed because they are oceanographic stations.",NA,NA,NA,NA,NA,NA,NA,NA,NA,NA,NA,NA,NA
"4582",4410,NA,NA,"SUBPESCA.PecesContinentales2019.4678",NA,NA,"matched","3_core",9,0,1,69.2307692307692,0,3,3,1,"datasetName;canonicalName;decimalLatitude","subpesca-1","hatcheria macraei",2007,NA,NA,-47.509144,-72.888348,"CEA (NA) Proyecto Hi","4678",NA,"0",NA,NA,NA,NA,NA,NA,NA,NA,NA,NA,NA,NA,NA,NA
"4635",4461,NA,NA,"SUBPESCA.PecesContinentales2019.21783",NA,NA,"matched","3_core",9,0,1,69.2307692307692,0,3,3,1,"datasetName;canonicalName;decimalLatitude","subpesca-1","galaxias maculatus",2012,NA,NA,-47.415196,-72.875564,"CEA (NA) Monitoreo L","21783",NA,"0",NA,NA,NA,NA,NA,NA,NA,NA,NA,NA,NA,NA,NA,NA
"4636",4462,NA,NA,"SUBPESCA.PecesContinentales2019.21784",NA,NA,"matched","3_core",9,0,1,69.2307692307692,0,3,3,1,"datasetName;canonicalName;decimalLatitude","subpesca-1","galaxias platei",2012,NA,NA,-47.415196,-72.875564,"CEA (NA) Monitoreo L","21784",NA,"0",NA,NA,NA,NA,NA,NA,NA,NA,NA,NA,NA,NA,NA,NA
"4638",4465,NA,NA,"MAguilar.Lit.Review.1021",NA,NA,"matched","3_core",10,0,1.04139268515823,76.9230769230769,0,3,3,1,"datasetName;canonicalName;decimalLatitude","agui","galaxias platei",2007,NA,"lago sarmiento",-51.051493,-72.8749830001,"Ortiz-Sandoval, J., ","1021",NA,"0",NA,NA,NA,NA,NA,NA,NA,NA,NA,NA,NA,NA,NA,NA
"4639",4466,NA,NA,"MAguilar.Lit.Review.783",NA,NA,"matched","all_core_firlds",9,0,1,69.2307692307692,0,5,5,1,"datasetName;canonicalName;decimalLatitude;decimalLongitude;bibliographicCitation","agui","salmo trutta",2006,NA,"lago sarmiento",-51.051493,-72.8749830001,"Habit, E., Gonzalez,","783",NA,"1","associatedReference: (Cussac et al., 2020) | (Ortiz-Sandoval et al., 2017)",NA,"Cussac et al., 2020) | (Ortiz-Sandoval et al., 2017",NA,NA,NA,NA,NA,NA,NA,NA,NA,NA,NA
"4640",4467,NA,NA,"MAguilar.Lit.Review.1020",NA,NA,"matched","all_core_firlds",10,0,1.04139268515823,76.9230769230769,0,5,5,1,"datasetName;canonicalName;decimalLatitude;decimalLongitude;bibliographicCitation","agui","salmo trutta",2007,NA,"lago sarmiento",-51.051493,-72.8749830001,"Ortiz-Sandoval, J., ","1020",NA,"0",NA,NA,NA,NA,NA,NA,NA,NA,NA,NA,NA,NA,NA,NA
"4641",4468,NA,NA,"MAguilar.Lit.Review.564",NA,NA,"matched","all_core_firlds",7,0,0.903089986991944,53.8461538461538,0,5,5,1,"datasetName;canonicalName;decimalLatitude;decimalLongitude;bibliographicCitation","agui","salmo trutta",NA,NA,"lago sarmiento",-51.051493,-72.8749830001,"Cussac, V.E.; Barran","564",NA,"0",NA,NA,NA,NA,NA,NA,NA,NA,NA,NA,NA,NA,NA,NA
"4707",4533,NA,NA,"SUBPESCA.PecesContinentales2019.16171",NA,NA,"matched","3_core",9,0,1,69.2307692307692,0,3,3,1,"datasetName;canonicalName;decimalLatitude","subpesca-1","aplochiton zebra",2011,NA,NA,-47.313415,-72.866522,"CEA (NA) Monitoreo L","16171",NA,"0",NA,NA,NA,NA,NA,NA,NA,NA,NA,NA,NA,NA,NA,NA
"4708",4534,NA,NA,"SUBPESCA.PecesContinentales2019.21772",NA,NA,"matched","3_core",9,0,1,69.2307692307692,0,3,3,1,"datasetName;canonicalName;decimalLatitude","subpesca-1","galaxias platei",2012,NA,NA,-47.313415,-72.866522,"CEA (NA) Monitoreo L","21772",NA,"0",NA,NA,NA,NA,NA,NA,NA,NA,NA,NA,NA,NA,NA,NA
"4710",4536,NA,NA,"SUBPESCA.PecesContinentales2019.16196",NA,NA,"matched","3_core",9,0,1,69.2307692307692,0,3,3,1,"datasetName;canonicalName;decimalLatitude","subpesca-1","hatcheria macraei",2011,NA,NA,-47.313415,-72.866522,"CEA (NA) Monitoreo L","16196",NA,"0",NA,NA,NA,NA,NA,NA,NA,NA,NA,NA,NA,NA,NA,NA
"4715",4541,NA,NA,"SUBPESCA.PecesContinentales2019.21779",NA,NA,"matched","3_core",9,0,1,69.2307692307692,0,3,3,1,"datasetName;canonicalName;decimalLatitude","subpesca-1","percichthys trucha",2012,NA,NA,-47.313415,-72.866522,"CEA (NA) Monitoreo L","21779",NA,"0",NA,NA,NA,NA,NA,NA,NA,NA,NA,NA,NA,NA,NA,NA
"4717",4543,NA,NA,"SUBPESCA.PecesContinentales2019.15559",NA,NA,"matched","3_core",9,0,1,69.2307692307692,0,3,3,1,"datasetName;canonicalName;decimalLatitude","subpesca-1","percichthys trucha",2009,NA,NA,-47.313577,-72.866502,"CEA (NA) Linea Base ","15559",NA,"0",NA,NA,NA,NA,NA,NA,NA,NA,NA,NA,NA,NA,NA,NA
"4933",4755,NA,"good","CIMAR1_91_sp16","cimar1_91_sp16",TRUE,"matched","3_core",8,0,0.954242509439325,61.5384615384615,0,3,3,1,"datasetName;canonicalName;decimalLatitude","gbif","atheriniformes",1995,"1995-10-27",NA,-44.42,-72.845,NA,NA,"shoa",NA,"Remove. Added to GBIF in June 1995. Could be removed because they are oceanographic stations.",NA,NA,NA,NA,NA,NA,NA,NA,NA,NA,NA,NA,NA
"4937",4759,NA,"good","CIMAR1_81_sp16","cimar1_81_sp16",TRUE,"matched","3_core",8,0,0.954242509439325,61.5384615384615,0,3,3,1,"datasetName;canonicalName;decimalLatitude","gbif","atheriniformes",1995,"1995-11-04",NA,-45.4,-72.8433,NA,NA,"shoa",NA,"Remove. Added to GBIF in June 1995. Could be removed because they are oceanographic stations.",NA,NA,NA,NA,NA,NA,NA,NA,NA,NA,NA,NA,NA
"4968",4807,NA,NA,"SUBPESCA.PecesContinentales2019.14864",NA,NA,"matched","3_core",9,0,1,69.2307692307692,0,3,3,1,"datasetName;canonicalName;decimalLatitude","subpesca-1","galaxias platei",2008,NA,NA,-47.014883,-72.832013,"CEA (NA) Linea Base ","14864",NA,"0",NA,NA,NA,NA,NA,NA,NA,NA,NA,NA,NA,NA,NA,NA
"4969",4808,NA,NA,"SUBPESCA.PecesContinentales2019.15502",NA,NA,"matched","3_core",9,0,1,69.2307692307692,0,3,3,1,"datasetName;canonicalName;decimalLatitude","subpesca-1","hatcheria macraei",2009,NA,NA,-47.014883,-72.832013,"CEA (NA) Linea Base ","15502",NA,"0",NA,NA,NA,NA,NA,NA,NA,NA,NA,NA,NA,NA,NA,NA
"4976",4815,NA,NA,"SUBPESCA.PecesContinentales2019.14982",NA,NA,"matched","3_core",9,0,1,69.2307692307692,0,3,3,1,"datasetName;canonicalName;decimalLatitude","subpesca-1","percichthys trucha",2008,NA,NA,-47.014883,-72.832013,"CEA (NA) Linea Base ","14982",NA,"0",NA,NA,NA,NA,NA,NA,NA,NA,NA,NA,NA,NA,NA,NA
"4992",4826,NA,"good","CIMAR1_82_sp16","cimar1_82_sp16",TRUE,"matched","3_core",8,0,0.954242509439325,61.5384615384615,0,3,3,1,"datasetName;canonicalName;decimalLatitude","gbif","atheriniformes",1995,"1995-11-04",NA,-45.4683,-72.8317,NA,NA,"shoa",NA,"Remove. Added to GBIF in June 1995. Could be removed because they are oceanographic stations.",NA,NA,NA,NA,NA,NA,NA,NA,NA,NA,NA,NA,NA
"4993",4827,NA,NA,"SUBPESCA.PecesContinentales2019.21644",NA,NA,"matched","3_core",9,0,1,69.2307692307692,0,3,3,1,"datasetName;canonicalName;decimalLatitude","subpesca-1","galaxias platei",2012,NA,NA,-47.015332,-72.831481,"CEA (NA) Monitoreo L","21644",NA,"0",NA,NA,NA,NA,NA,NA,NA,NA,NA,NA,NA,NA,NA,NA
"5007",4843,NA,NA,"SUBPESCA.PecesContinentales2019.16247",NA,NA,"matched","all_core_firlds",9,0,1,69.2307692307692,0,6,5,1,"datasetName;canonicalName;decimalLatitude;decimalLongitude;bibliographicCitation;catalogNumber","subpesca-1","percichthys trucha",2011,NA,NA,-46.95426,-72.83035,"CEA (NA) Monitoreo L","16247",NA,"0",NA,NA,NA,NA,NA,NA,NA,NA,NA,NA,NA,NA,NA,NA
"5008",4844,NA,NA,"SUBPESCA.PecesContinentales2019.21640",NA,NA,"matched","all_core_firlds",9,0,1,69.2307692307692,0,6,5,1,"datasetName;canonicalName;decimalLatitude;decimalLongitude;bibliographicCitation;catalogNumber","subpesca-1","percichthys trucha",2012,NA,NA,-46.95426,-72.83035,"CEA (NA) Monitoreo L","21640",NA,"0",NA,NA,NA,NA,NA,NA,NA,NA,NA,NA,NA,NA,NA,NA
"5018",4849,NA,NA,"http://n2t.net/ark:/65665/30950ccce-913b-4251-b197-cc3aec440e48","http://n2t.net/ark:/65665/30950ccce-913b-4251-b197-cc3aec440e48",TRUE,"matched","3_core",11,0,1.07918124604762,84.6153846153846,0,3,3,1,"datasetName;canonicalName;decimalLatitude","vert","eleginops maclovinus",1945,NA,"chile, puerto auchemo",-43.025,-72.83,"National Museum of N","176388","usnm","0",NA,NA,NA,NA,NA,NA,NA,NA,NA,NA,NA,NA,NA,NA
"5051",4884,NA,NA,"MAguilar.Lit.Review.990",NA,NA,"matched","3_core",8,0,0.954242509439325,61.5384615384615,0,3,3,1,"datasetName;canonicalName;decimalLatitude","agui","oncorhynchus tshawytscha",NA,NA,"río baker (chile)",-47.0233000002,-72.8297000001,"Narum, SR, Gallardo,","990",NA,"0","Remove. Wrong coordinates, plus it is already indexed in the CC database.",NA,NA,NA,NA,NA,NA,NA,NA,NA,NA,NA,NA,NA
"5071",4902,NA,"good","CIMAR1_2_sp16","cimar1_2_sp16",TRUE,"matched","3_core",8,0,0.954242509439325,61.5384615384615,0,3,3,1,"datasetName;canonicalName;decimalLatitude","gbif","atheriniformes",1995,"1995-10-18",NA,-41.635,-72.8283,NA,NA,"shoa",NA,"Remove. Added to GBIF in June 1995. Could be removed because they are oceanographic stations.",NA,NA,NA,NA,NA,NA,NA,NA,NA,NA,NA,NA,NA
"5078",4909,NA,NA,"MAguilar.Lit.Review.1025",NA,NA,"matched","3_core",9,0,1,69.2307692307692,0,3,3,1,"datasetName;canonicalName;decimalLatitude","agui","aplochiton zebra",2007,NA,"lago porteño",-51.3144859997,-72.8250620002,"Ortiz-Sandoval, J., ","1025",NA,"0",NA,NA,NA,NA,NA,NA,NA,NA,NA,NA,NA,NA,NA,NA
"5079",4910,NA,NA,"MAguilar.Lit.Review.1024",NA,NA,"matched","3_core",9,0,1,69.2307692307692,0,3,3,1,"datasetName;canonicalName;decimalLatitude","agui","galaxias maculatus",2007,NA,"lago porteño",-51.3144859997,-72.8250620002,"Ortiz-Sandoval, J., ","1024",NA,"0",NA,NA,NA,NA,NA,NA,NA,NA,NA,NA,NA,NA,NA,NA
"5080",4911,NA,NA,"MAguilar.Lit.Review.1023",NA,NA,"matched","3_core",10,0,1.04139268515823,76.9230769230769,0,3,3,1,"datasetName;canonicalName;decimalLatitude","agui","galaxias platei",2007,NA,"lago porteño",-51.3144859997,-72.8250620002,"Ortiz-Sandoval, J., ","1023",NA,"0",NA,NA,NA,NA,NA,NA,NA,NA,NA,NA,NA,NA,NA,NA
"5081",4912,NA,NA,"MAguilar.Lit.Review.1026",NA,NA,"matched","3_core",9,0,1,69.2307692307692,0,3,3,1,"datasetName;canonicalName;decimalLatitude","agui","geotria australis",2007,NA,"lago porteño",-51.3144859997,-72.8250620002,"Ortiz-Sandoval, J., ","1026",NA,"0","change canonicalName to Aplochiton taeniatus",NA,NA,NA,NA,NA,NA,NA,NA,"Aplochiton taeniatus",NA,NA,NA,NA
"5082",4913,NA,NA,"MAguilar.Lit.Review.784",NA,NA,"matched","all_core_firlds",9,0,1,69.2307692307692,0,5,5,1,"datasetName;canonicalName;decimalLatitude;decimalLongitude;bibliographicCitation","agui","salmo trutta",2006,NA,"lago porteño",-51.3144859997,-72.8250620002,"Habit, E., Gonzalez,","784",NA,"1","associatedReference: (Cussac et al., 2020) | (Ortiz-Sandoval et al., 2017)",NA,"Cussac et al., 2020) | (Ortiz-Sandoval et al., 2017",NA,NA,NA,NA,NA,NA,NA,NA,NA,NA,NA
"5084",4915,NA,NA,"MAguilar.Lit.Review.565",NA,NA,"matched","all_core_firlds",7,0,0.903089986991944,53.8461538461538,0,5,5,1,"datasetName;canonicalName;decimalLatitude;decimalLongitude;bibliographicCitation","agui","salmo trutta",NA,NA,"lago porteño",-51.3144859997,-72.8250620002,"Cussac, V.E.; Barran","565",NA,"0",NA,NA,NA,NA,NA,NA,NA,NA,NA,NA,NA,NA,NA,NA
"5213",5041,NA,NA,"MAguilar.Lit.Review.1361",NA,NA,"matched","all_core_firlds",8,0,0.954242509439325,61.5384615384615,0,6,5,1,"datasetName;canonicalName;decimalLatitude;decimalLongitude;bibliographicCitation;catalogNumber","agui","eleginops maclovinus",NA,NA,"ensenada baja",-45.4499999999,-72.816666667,"Zama A. y Cárdenas E","1361",NA,"0",NA,NA,NA,NA,NA,NA,NA,NA,NA,NA,NA,NA,NA,NA
"5214",5042,NA,NA,"MAguilar.Lit.Review.1368",NA,NA,"matched","4plus_core",8,0,0.954242509439325,61.5384615384615,0,4,4,1,"datasetName;canonicalName;decimalLatitude;decimalLongitude","agui","galaxias maculatus",NA,NA,"ensenada baja",-45.4499999999,-72.816666667,"Zama A. y Cárdenas E","1368",NA,"0",NA,NA,NA,NA,NA,NA,NA,NA,NA,NA,NA,NA,NA,NA
"5215",5043,NA,NA,"MAguilar.Lit.Review.1376",NA,NA,"matched","4plus_core",8,0,0.954242509439325,61.5384615384615,0,4,4,1,"datasetName;canonicalName;decimalLatitude;decimalLongitude","agui","geotria australis",NA,NA,"ensenada baja",-45.4499999999,-72.816666667,"Zama A. y Cárdenas E","1376",NA,"1","associatedReferences: (Rademacher 2007)",NA,"Rademacher 2007",NA,NA,NA,NA,NA,NA,NA,NA,NA,NA,NA
"5217",5045,NA,NA,"MAguilar.Lit.Review.1339",NA,NA,"matched","3_core",11,0,1.07918124604762,84.6153846153846,0,3,3,1,"datasetName;canonicalName;decimalLatitude","agui","salmo trutta",1979,"1979-11-25","ensenada baja",-45.4499999999,-72.816666667,"Zama A. y Cárdenas E","1339",NA,"0",NA,NA,NA,NA,NA,NA,NA,NA,NA,NA,NA,NA,NA,NA
"5324",5146,NA,NA,"SUBPESCA.PecesContinentales2019.4804",NA,NA,"matched","3_core",9,0,1,69.2307692307692,0,3,3,1,"datasetName;canonicalName;decimalLatitude","subpesca-1","hatcheria macraei",2009,NA,NA,-46.946219,-72.803723,"CEA (NA) Proyecto Hi","4804",NA,"0",NA,NA,NA,NA,NA,NA,NA,NA,NA,NA,NA,NA,NA,NA
"5335",5156,NA,NA,"SUBPESCA.PecesContinentales2019.14867",NA,NA,"matched","all_core_firlds",9,0,1,69.2307692307692,0,5,5,1,"datasetName;canonicalName;decimalLatitude;decimalLongitude;bibliographicCitation","subpesca-1","galaxias platei",2008,NA,NA,-47.468612,-72.80301,"CEA (NA) Linea Base ","14867",NA,"0",NA,NA,NA,NA,NA,NA,NA,NA,NA,NA,NA,NA,NA,NA
"5340",5161,NA,NA,"SUBPESCA.PecesContinentales2019.14875",NA,NA,"matched","all_core_firlds",9,0,1,69.2307692307692,0,5,5,1,"datasetName;canonicalName;decimalLatitude;decimalLongitude;bibliographicCitation","subpesca-1","hatcheria macraei",2008,NA,NA,-47.468612,-72.80301,"CEA (NA) Linea Base ","14875",NA,"0",NA,NA,NA,NA,NA,NA,NA,NA,NA,NA,NA,NA,NA,NA
"5343",5164,NA,NA,"SUBPESCA.PecesContinentales2019.14873",NA,NA,"matched","all_core_firlds",9,0,1,69.2307692307692,0,6,5,1,"datasetName;canonicalName;decimalLatitude;decimalLongitude;bibliographicCitation;catalogNumber","subpesca-1","hatcheria macraei",2008,NA,NA,-46.844486,-72.803008,"CEA (NA) Linea Base ","14873",NA,"0",NA,NA,NA,NA,NA,NA,NA,NA,NA,NA,NA,NA,NA,NA
"5345",5166,NA,NA,"SUBPESCA.PecesContinentales2019.4784",NA,NA,"matched","all_core_firlds",9,0,1,69.2307692307692,0,5,5,1,"datasetName;canonicalName;decimalLatitude;decimalLongitude;bibliographicCitation","subpesca-1","hatcheria macraei",2009,NA,NA,-46.844486,-72.803008,"CEA (NA) Proyecto Hi","4784",NA,"0",NA,NA,NA,NA,NA,NA,NA,NA,NA,NA,NA,NA,NA,NA
"5347",5168,NA,NA,"SUBPESCA.PecesContinentales2019.15889",NA,NA,"matched","all_core_firlds",9,0,1,69.2307692307692,0,6,5,1,"datasetName;canonicalName;decimalLatitude;decimalLongitude;bibliographicCitation;catalogNumber","subpesca-1","hatcheria macraei",2010,NA,NA,-46.844486,-72.803008,"CEA (NA) Linea Base ","15889",NA,"0",NA,NA,NA,NA,NA,NA,NA,NA,NA,NA,NA,NA,NA,NA
"5384",NA,NA,NA,NA,NA,NA,"no_match","no_match",NA,NA,NA,NA,NA,NA,NA,0,NA,"mma2","hatcheria macraei",NA,NA,"lago largo. rio baker entre rio de la colonia y rio de los ñadis",-47.469,-72.803,"FuenteReg: Unmack et",NA,NA,"0",NA,NA,NA,NA,NA,NA,NA,NA,NA,NA,NA,NA,NA,NA
"5413",5214,NA,NA,"SUBPESCA.PecesContinentales2019.16188",NA,NA,"matched","3_core",9,0,1,69.2307692307692,0,3,3,1,"datasetName;canonicalName;decimalLatitude","subpesca-1","galaxias platei",2011,NA,NA,-46.844778,-72.802747,"CEA (NA) Monitoreo L","16188",NA,"0",NA,NA,NA,NA,NA,NA,NA,NA,NA,NA,NA,NA,NA,NA
"5438",5239,NA,NA,"MAguilar.Lit.Review.1065",NA,NA,"matched","4plus_core",7,0,0.903089986991944,53.8461538461538,0,4,4,1,"datasetName;canonicalName;decimalLatitude;decimalLongitude","agui","eleginops maclovinus",NA,NA,"ensenada baja",-45.4499999999,-72.8000000001,"Rademacher K. 2007. ","1065",NA,"0",NA,NA,NA,NA,NA,NA,NA,NA,NA,NA,NA,NA,NA,NA
"5440",5241,NA,NA,"MAguilar.Lit.Review.1084",NA,NA,"matched","4plus_core",7,0,0.903089986991944,53.8461538461538,0,4,4,1,"datasetName;canonicalName;decimalLatitude;decimalLongitude","agui","galaxias maculatus",NA,NA,"ensenada baja",-45.4499999999,-72.8000000001,"Rademacher K. 2007. ","1084",NA,"0",NA,NA,NA,NA,NA,NA,NA,NA,NA,NA,NA,NA,NA,NA
"5442",5243,NA,NA,"MAguilar.Lit.Review.1089",NA,NA,"matched","4plus_core",7,0,0.903089986991944,53.8461538461538,0,4,4,1,"datasetName;canonicalName;decimalLatitude;decimalLongitude","agui","geotria australis",NA,NA,"ensenada baja",-45.4499999999,-72.8000000001,"Rademacher K. 2007. ","1089",NA,"0",NA,NA,NA,NA,NA,NA,NA,NA,NA,NA,NA,NA,NA,NA
"5443",5244,NA,NA,"MAguilar.Lit.Review.1066",NA,NA,"matched","4plus_core",7,0,0.903089986991944,53.8461538461538,0,4,4,1,"datasetName;canonicalName;decimalLatitude;decimalLongitude","agui","eleginops maclovinus",NA,NA,"río aysén",-45.4166666669,-72.8000000001,"Rademacher K. 2007. ","1066",NA,"0",NA,NA,NA,NA,NA,NA,NA,NA,NA,NA,NA,NA,NA,NA
"5444",5245,NA,NA,"MAguilar.Lit.Review.1078",NA,NA,"matched","4plus_core",7,0,0.903089986991944,53.8461538461538,0,4,4,1,"datasetName;canonicalName;decimalLatitude;decimalLongitude","agui","galaxias maculatus",NA,NA,"río aysén",-45.4166666669,-72.8000000001,"Rademacher K. 2007. ","1078",NA,"0",NA,NA,NA,NA,NA,NA,NA,NA,NA,NA,NA,NA,NA,NA
"5445",5246,NA,NA,"MMA:ICT:0001909",NA,NA,"matched","3_core",7,3,0.301029995663981,53.8461538461538,23.0769230769231,3,3,1,"datasetName;canonicalName;decimalLatitude","mma2","galaxias maculatus",2009,"2009-07-27","lago porteno. en orilla. lago del toro",-51.36,-72.8,"OrigenReg: Base Dato",NA,NA,NA,"associatedReferences: (Ortiz-Sandoval et al. 2017)",NA,"Ortiz-Sandoval et al. 2017",NA,NA,NA,NA,NA,NA,NA,NA,NA,NA,NA
"5455",5251,NA,NA,"MMA:ICT:0002649",NA,NA,"matched","3_core",5,2,0.301029995663981,38.4615384615385,15.3846153846154,3,3,1,"datasetName;canonicalName;decimalLatitude","mma2","geotria australis",NA,NA,"río santa barbara. costeras entre rio rayas y rio chaiten",-42.867,-72.8,"FuenteReg: Campos et",NA,NA,"0",NA,NA,NA,NA,NA,NA,NA,NA,NA,NA,NA,NA,NA,NA
"5458",5255,NA,NA,"MMA:ICT:0000015",NA,NA,"matched","3_core",7,3,0.301029995663981,53.8461538461538,23.0769230769231,3,3,1,"datasetName;canonicalName;decimalLatitude","mma2","aplochiton taeniatus",2009,"2009-02-05","lago porteno. en orilla. lago del toro",-51.36,-72.799,"OrigenReg: Base Dato",NA,NA,NA,"associatedReference: (Elgueta et al. 2013) | (Ortiz-Sandoval et al. 2017)",NA,"Elgueta et al. 2013) | (Ortiz-Sandoval et al. 2017",NA,NA,NA,NA,NA,NA,NA,NA,NA,NA,NA
"5462",NA,NA,"4964",NA,NA,NA,"no_match","no_match",NA,NA,NA,NA,NA,NA,NA,0,NA,"mma2","aplochiton zebra",2009,"2009-02-05","lago porteno. en orilla. lago del toro",-51.36,-72.799,"OrigenReg: Base Dato",NA,NA,NA,"associatedReference: (Elgueta et al. 2013) | (Ortiz-Sandoval et al. 2017)",NA,"Elgueta et al. 2013) | (Ortiz-Sandoval et al. 2017",NA,NA,NA,NA,NA,NA,NA,NA,NA,NA,NA
"5466",NA,NA,"4966",NA,NA,NA,"no_match","no_match",NA,NA,NA,NA,NA,NA,NA,0,NA,"mma2","aplochiton zebra",2009,"2009-02-06","lago porteno. lago del toro",-51.36,-72.799,"OrigenReg: Base Dato",NA,NA,NA,"associatedReference: (Elgueta et al. 2013)",NA,"Elgueta et al. 2013",NA,NA,NA,NA,NA,NA,NA,NA,NA,NA,NA
"5468",5260,NA,NA,"MMA:ICT:0002276",NA,NA,"matched","3_core",7,3,0.301029995663981,53.8461538461538,23.0769230769231,3,3,1,"datasetName;canonicalName;decimalLatitude","mma2","galaxias platei",2009,"2009-12-06","lago porteno. lago del toro",-51.36,-72.799,"OrigenReg: Base Dato",NA,NA,NA,"associatedReference: (Vera-Escalona et al. 2015) | (Ortiz-Sandoval et al. 2017)",NA,"Vera-Escalona et al. 2015) | (Ortiz-Sandoval et al. 2017",NA,NA,NA,NA,NA,NA,NA,NA,NA,NA,NA
"5489",5283,NA,NA,"MAguilar.Lit.Review.605",NA,NA,"matched","4plus_core",10,0,1.04139268515823,76.9230769230769,0,4,4,1,"datasetName;canonicalName;decimalLatitude;decimalLongitude","agui","aplochiton taeniatus",2009,NA,"lago porteño",-51.363055556,-72.7969444437,"Elgueta, A., Gonzále","605",NA,"0",NA,NA,NA,NA,NA,NA,NA,NA,NA,NA,NA,NA,NA,NA
"5490",5284,NA,NA,"MAguilar.Lit.Review.607",NA,NA,"matched","4plus_core",10,0,1.04139268515823,76.9230769230769,0,4,4,1,"datasetName;canonicalName;decimalLatitude;decimalLongitude","agui","aplochiton zebra",2009,NA,"lago porteño",-51.363055556,-72.7969444437,"Elgueta, A., Gonzále","607",NA,"0",NA,NA,NA,NA,NA,NA,NA,NA,NA,NA,NA,NA,NA,NA
"5503",5298,NA,NA,"SUBPESCA.PecesContinentales2019.15494",NA,NA,"matched","3_core",9,0,1,69.2307692307692,0,3,3,1,"datasetName;canonicalName;decimalLatitude","subpesca-1","galaxias platei",2009,NA,NA,-47.452742,-72.79522,"CEA (NA) Linea Base ","15494",NA,"0",NA,NA,NA,NA,NA,NA,NA,NA,NA,NA,NA,NA,NA,NA
"5505",5300,NA,NA,"SUBPESCA.PecesContinentales2019.15505",NA,NA,"matched","3_core",9,0,1,69.2307692307692,0,3,3,1,"datasetName;canonicalName;decimalLatitude","subpesca-1","hatcheria macraei",2009,NA,NA,-47.452742,-72.79522,"CEA (NA) Linea Base ","15505",NA,"0",NA,NA,NA,NA,NA,NA,NA,NA,NA,NA,NA,NA,NA,NA
"5532",5323,NA,NA,"SUBPESCA.PecesContinentales2019.23185",NA,NA,"matched","3_core",8,0,0.954242509439325,61.5384615384615,0,3,3,1,"datasetName;canonicalName;decimalLatitude","subpesca-1","trichomycterus areolatus",NA,NA,NA,-51.363056,-72.794444,"LOPEZ M, VARGAS A, L","23185",NA,NA,"Remove: Study from the rio Polcura",NA,NA,NA,NA,NA,NA,NA,NA,NA,NA,NA,NA,NA
"5641",5434,NA,NA,"SUBPESCA.PecesContinentales2019.4437",NA,NA,"matched","3_core",9,0,1,69.2307692307692,0,3,3,1,"datasetName;canonicalName;decimalLatitude","subpesca-1","hatcheria macraei",2007,NA,NA,-47.07099,-72.790473,"CEA (NA) Proyecto Hi","4437",NA,"0",NA,NA,NA,NA,NA,NA,NA,NA,NA,NA,NA,NA,NA,NA
"5711",5501,NA,NA,"MAguilar.Lit.Review.386",NA,NA,"matched","3_core",7,0,0.903089986991944,53.8461538461538,0,3,3,1,"datasetName;canonicalName;decimalLatitude","agui","galaxias globiceps",NA,NA,"alerce",-41.383333333,-72.7833333332,"Cussac, V., Ortubay,","386",NA,"1","from Eigenmann 1927, Eigenmann was not digitized, so keep the record","Eigenmann, C. H. (1927). The fresh-water fishes of Chile. Memoirs of the National Academy of Science, 22, 1–80. ",NA,NA,NA,NA,NA,NA,NA,NA,NA,NA,NA,NA
"5759",5547,NA,"good, just added eventDate and canonical name","CCorrea.Lit.Review.71",NA,NA,"matched","3_core",8,0,0.954242509439325,61.5384615384615,0,3,3,1,"datasetName;canonicalName;decimalLatitude","fishgis_metadatabase_ccorrea","geotria australis",1997,"1997","site 11: río ñanco",-41.43988,-72.77706,"Wood, Jonathan D. (1",NA,NA,NA,"check reference. From CCorrea Metadatabase",NA,NA,NA,NA,NA,NA,NA,NA,"Geotria australis","Geotria australis Gray, 1851",NA,NA,NA
"5763",5552,NA,NA,"SUBPESCA.PecesContinentales2019.31795",NA,NA,"matched","3_core",9,0,1,69.2307692307692,0,3,3,1,"datasetName;canonicalName;decimalLatitude","subpesca-1","trichomycterus areolatus",2017,NA,NA,-50.881724,-72.776146,"Colihueque N, Corral","31795",NA,NA,"Remove: Study from the rio Bueno",NA,NA,NA,NA,NA,NA,NA,NA,NA,NA,NA,NA,NA
"5828",5613,NA,NA,"SUBPESCA.PecesContinentales2019.14863",NA,NA,"matched","3_core",9,0,1,69.2307692307692,0,3,3,1,"datasetName;canonicalName;decimalLatitude","subpesca-1","galaxias platei",2008,NA,NA,-46.896265,-72.771196,"CEA (NA) Linea Base ","14863",NA,"0",NA,NA,NA,NA,NA,NA,NA,NA,NA,NA,NA,NA,NA,NA
"5829",5614,NA,NA,"SUBPESCA.PecesContinentales2019.14874",NA,NA,"matched","all_core_firlds",9,0,1,69.2307692307692,0,6,5,1,"datasetName;canonicalName;decimalLatitude;decimalLongitude;bibliographicCitation;catalogNumber","subpesca-1","hatcheria macraei",2008,NA,NA,-46.896265,-72.771196,"CEA (NA) Linea Base ","14874",NA,"0",NA,NA,NA,NA,NA,NA,NA,NA,NA,NA,NA,NA,NA,NA
"5831",5616,NA,NA,"SUBPESCA.PecesContinentales2019.15501",NA,NA,"matched","all_core_firlds",9,0,1,69.2307692307692,0,6,5,1,"datasetName;canonicalName;decimalLatitude;decimalLongitude;bibliographicCitation;catalogNumber","subpesca-1","hatcheria macraei",2009,NA,NA,-46.896265,-72.771196,"CEA (NA) Linea Base ","15501",NA,"0",NA,NA,NA,NA,NA,NA,NA,NA,NA,NA,NA,NA,NA,NA
"5858",5632,NA,NA,"http://n2t.net/ark:/65665/321061804-36be-4b57-905e-7475226b6fa1","http://n2t.net/ark:/65665/321061804-36be-4b57-905e-7475226b6fa1",TRUE,"matched","3_core",11,0,1.07918124604762,84.6153846153846,0,3,3,1,"datasetName;canonicalName;decimalLatitude","vert","odontesthes",1945,NA,"chile: castro",-42.48,-72.77,"National Museum of N","176559","usnm","0",NA,NA,NA,NA,NA,NA,NA,NA,NA,NA,NA,NA,NA,NA
"5863",5641,NA,NA,"MMA:ICT:0002277",NA,NA,"matched","3_core",7,3,0.301029995663981,53.8461538461538,23.0769230769231,3,3,1,"datasetName;canonicalName;decimalLatitude","mma2","galaxias platei",2009,"2009-12-06","lago sarmiento. bajo porteria",-51.037,-72.768,"OrigenReg: Base Dato",NA,NA,"1","associatedReference: (Ortiz-Sandoval et al. 2017)",NA,"Ortiz-Sandoval et al. 2017",NA,NA,NA,NA,NA,NA,NA,NA,NA,NA,NA
"5865",5642,NA,NA,"SUBPESCA.PecesContinentales2019.21518",NA,NA,"matched","3_core",9,0,1,69.2307692307692,0,3,3,1,"datasetName;canonicalName;decimalLatitude","subpesca-1","galaxias maculatus",2012,NA,NA,-45.283009,-72.764445,"ND (NA) Proyecto Sis","21518",NA,"0",NA,NA,NA,NA,NA,NA,NA,NA,NA,NA,NA,NA,NA,NA
"5885",5660,NA,NA,"MAguilar.Lit.Review.269",NA,NA,"matched","3_core",10,0,1.04139268515823,76.9230769230769,0,3,3,1,"datasetName;canonicalName;decimalLatitude","agui","oncorhynchus mykiss",2007,NA,"lleguimán",-41.9801000001,-72.7619999996,"Consuegra, S., Phill","269",NA,"0",NA,NA,NA,NA,NA,NA,NA,NA,NA,NA,NA,NA,NA,NA
"5892",5669,NA,NA,"dc52080a-1ed3-11e3-bfac-90b11c41863e","dc52080a-1ed3-11e3-bfac-90b11c41863e",TRUE,"matched","3_core",11,0,1.07918124604762,84.6153846153846,0,3,3,1,"datasetName;canonicalName;decimalLatitude","vert","diplomystes camposensis",1976,"1976-11-19","purey river",-42.298122,-72.759293,"University of Kansas","19210","ku",NA,"Change coordinate to -39.818333, -72.863889, extracted from Arratia y Quezada 2017",NA,"Arratia & Quezada-Romegialli, 2017","-39.818333","-72.863889",NA,NA,NA,NA,NA,NA,NA,NA,NA
"5912",5685,NA,NA,"SUBPESCA.PecesContinentales2019.15918",NA,NA,"matched","3_core",9,0,1,69.2307692307692,0,3,3,1,"datasetName;canonicalName;decimalLatitude","subpesca-1","percichthys trucha",2010,NA,NA,-47.276895,-72.755691,"CEA (NA) Linea Base ","15918",NA,"0",NA,NA,NA,NA,NA,NA,NA,NA,NA,NA,NA,NA,NA,NA
"5947",5720,NA,"good","CIMAR1_12_sp16","cimar1_12_sp16",TRUE,"matched","3_core",8,0,0.954242509439325,61.5384615384615,0,3,3,1,"datasetName;canonicalName;decimalLatitude","gbif","atheriniformes",1995,"1995-10-20",NA,-42.47,-72.7483,NA,NA,"shoa",NA,"Remove. Added to GBIF in June 1995. Could be removed because they are oceanographic stations.",NA,NA,NA,NA,NA,NA,NA,NA,NA,NA,NA,NA,NA
"5949",5722,NA,NA,"MAguilar.Lit.Review.1277",NA,NA,"matched","3_core",10,0,1.04139268515823,76.9230769230769,0,3,3,1,"datasetName;canonicalName;decimalLatitude","agui","galaxias platei",2009,NA,"lago azul",-50.8713888891,-72.7472222219,"Vera-Escalona, I., H","1277",NA,"0",NA,NA,NA,NA,NA,NA,NA,NA,NA,NA,NA,NA,NA,NA
"5950",5723,NA,NA,"MMA:ICT:0002328",NA,NA,"matched","3_core",7,3,0.301029995663981,53.8461538461538,23.0769230769231,3,3,1,"datasetName;canonicalName;decimalLatitude","mma2","galaxias platei",2011,"2011-08-14","laguna azul. rio paine en desembocadura lago nordenskjold",-50.872,-72.747,"OrigenReg: Base Dato",NA,NA,NA,"associatedReference: (Vera-Escalona et al., 2015) | (González, 2012)",NA,"Vera-Escalona et al., 2015) | (González, 2012",NA,NA,NA,NA,NA,NA,NA,NA,NA,NA,NA
"5958",5729,NA,NA,"SUBPESCA.PecesContinentales2019.21568",NA,NA,"matched","3_core",9,0,1,69.2307692307692,0,3,3,1,"datasetName;canonicalName;decimalLatitude","subpesca-1","galaxias platei",2012,NA,NA,-47.204216,-72.74541,"CEA (NA) Monitoreo L","21568",NA,"0",NA,NA,NA,NA,NA,NA,NA,NA,NA,NA,NA,NA,NA,NA
"5965",5735,NA,"good","CIMAR1_87_sp16","cimar1_87_sp16",TRUE,"matched","3_core",8,0,0.954242509439325,61.5384615384615,0,3,3,1,"datasetName;canonicalName;decimalLatitude","gbif","atheriniformes",1995,"1995-10-27",NA,-44.655,-72.7433,NA,NA,"shoa",NA,"Remove. Added to GBIF in June 1995. Could be removed because they are oceanographic stations.",NA,NA,NA,NA,NA,NA,NA,NA,NA,NA,NA,NA,NA
"5967",5737,NA,NA,"SUBPESCA.PecesContinentales2019.23187",NA,NA,"matched","3_core",8,0,0.954242509439325,61.5384615384615,0,3,3,1,"datasetName;canonicalName;decimalLatitude","subpesca-1","oncorhynchus mykiss",NA,NA,NA,-50.876667,-72.742778,"LOPEZ M, VARGAS A, L","23187",NA,NA,"Remove. change coordinates (rio Polcura), but located out of range.",NA,NA,NA,NA,NA,NA,NA,NA,NA,NA,NA,NA,NA
"5968",5738,NA,NA,"SUBPESCA.PecesContinentales2019.23188",NA,NA,"matched","3_core",8,0,0.954242509439325,61.5384615384615,0,3,3,1,"datasetName;canonicalName;decimalLatitude","subpesca-1","trichomycterus areolatus",NA,NA,NA,-50.876667,-72.742778,"LOPEZ M, VARGAS A, L","23188",NA,NA,"Remove: Study from the rio Polcura",NA,NA,NA,NA,NA,NA,NA,NA,NA,NA,NA,NA,NA
"5969",5739,NA,NA,"MAguilar.Lit.Review.604",NA,NA,"matched","all_core_firlds",10,0,1.04139268515823,76.9230769230769,0,5,5,1,"datasetName;canonicalName;decimalLatitude;decimalLongitude;bibliographicCitation","agui","aplochiton taeniatus",2009,NA,"lago azul",-50.8766666666,-72.7427777778,"Elgueta, A., Gonzále","604",NA,"0",NA,NA,NA,NA,NA,NA,NA,NA,NA,NA,NA,NA,NA,NA
"5970",5740,NA,NA,"MAguilar.Lit.Review.697",NA,NA,"matched","all_core_firlds",7,0,0.903089986991944,53.8461538461538,0,5,5,1,"datasetName;canonicalName;decimalLatitude;decimalLongitude;bibliographicCitation","agui","aplochiton taeniatus",NA,NA,"lago azul",-50.8766666666,-72.7427777778,"González J. 2012. Di","697",NA,"0",NA,NA,NA,NA,NA,NA,NA,NA,NA,NA,NA,NA,NA,NA
"5971",5741,NA,NA,"MAguilar.Lit.Review.606",NA,NA,"matched","all_core_firlds",10,0,1.04139268515823,76.9230769230769,0,5,5,1,"datasetName;canonicalName;decimalLatitude;decimalLongitude;bibliographicCitation","agui","aplochiton zebra",2009,NA,"lago azul",-50.8766666666,-72.7427777778,"Elgueta, A., Gonzále","606",NA,"0",NA,NA,NA,NA,NA,NA,NA,NA,NA,NA,NA,NA,NA,NA
"5972",5742,NA,NA,"MAguilar.Lit.Review.699",NA,NA,"matched","all_core_firlds",7,0,0.903089986991944,53.8461538461538,0,5,5,1,"datasetName;canonicalName;decimalLatitude;decimalLongitude;bibliographicCitation","agui","aplochiton zebra",NA,NA,"lago azul",-50.8766666666,-72.7427777778,"González J. 2012. Di","699",NA,"0",NA,NA,NA,NA,NA,NA,NA,NA,NA,NA,NA,NA,NA,NA
"5973",5743,NA,NA,"MAguilar.Lit.Review.702",NA,NA,"matched","3_core",7,0,0.903089986991944,53.8461538461538,0,3,3,1,"datasetName;canonicalName;decimalLatitude","agui","galaxias platei",NA,NA,"lago azul",-50.8766666666,-72.7427777778,"González J. 2012. Di","702",NA,"0",NA,NA,NA,NA,NA,NA,NA,NA,NA,NA,NA,NA,NA,NA
"5974",5744,NA,NA,"MAguilar.Lit.Review.608",NA,NA,"matched","3_core",9,0,1,69.2307692307692,0,3,3,1,"datasetName;canonicalName;decimalLatitude","agui","salmo trutta",2009,NA,"lago azul, cuenca río serrano",-50.8766666666,-72.7427777778,"Elgueta, A., Gonzále","608",NA,NA,"Remove: In Elgueta et al. 2013, there are no S. trutta en Lago Azul",NA,NA,NA,NA,NA,NA,NA,NA,NA,NA,NA,NA,NA
"5977",5749,NA,NA,"MMA:ICT:0000019",NA,NA,"matched","4plus_core",7,3,0.301029995663981,53.8461538461538,23.0769230769231,4,4,1,"datasetName;canonicalName;decimalLatitude;decimalLongitude","mma2","aplochiton taeniatus",2009,"2009-02-11","laguna azul. rio paine en desembocadura lago nordenskjold",-50.878,-72.742,"OrigenReg: Base Dato",NA,NA,NA,"associatedReference: (Elgueta et al. 2013) | (González, 2012)",NA,"Elgueta et al. 2013) | (González, 2012",NA,NA,NA,NA,NA,NA,NA,NA,NA,NA,NA
"5984",5755,NA,"good","CIMAR1_8_sp16","cimar1_8_sp16",TRUE,"matched","3_core",8,0,0.954242509439325,61.5384615384615,0,3,3,1,"datasetName;canonicalName;decimalLatitude","gbif","atheriniformes",1995,"1995-10-19",NA,-42.1317,-72.7417,NA,NA,"shoa",NA,"Remove. Added to GBIF in June 1995. Could be removed because they are oceanographic stations.",NA,NA,NA,NA,NA,NA,NA,NA,NA,NA,NA,NA,NA
"5986",5757,NA,NA,"MMA:ICT:0002283",NA,NA,"matched","4plus_core",7,3,0.301029995663981,53.8461538461538,23.0769230769231,4,4,1,"datasetName;canonicalName;decimalLatitude;decimalLongitude","mma2","galaxias platei",2009,"2009-12-06","laguna azul. rio paine en desembocadura lago nordenskjold",-50.879,-72.741,"OrigenReg: Base Dato",NA,NA,NA,"associatedReference: (Vera-Escalona et al. 2015) | (González, 2012)",NA,"Vera-Escalona et al. 2015) | (González, 2012",NA,NA,NA,NA,NA,NA,NA,NA,NA,NA,NA
"6145",5917,NA,NA,"MMA:ICT:0002282",NA,NA,"matched","4plus_core",7,3,0.301029995663981,53.8461538461538,23.0769230769231,4,4,1,"datasetName;canonicalName;decimalLatitude;decimalLongitude","mma2","galaxias platei",2009,"2009-12-06","laguna azul. rio paine en desembocadura lago nordenskjold",-50.879,-72.737,"OrigenReg: Base Dato",NA,NA,NA,"associatedReference: (Vera-Escalona et al. 2015) | (González, 2012)",NA,"Vera-Escalona et al. 2015) | (González, 2012",NA,NA,NA,NA,NA,NA,NA,NA,NA,NA,NA
"6147",5918,NA,"good","CIMAR1_3_sp16","cimar1_3_sp16",TRUE,"matched","3_core",8,0,0.954242509439325,61.5384615384615,0,3,3,1,"datasetName;canonicalName;decimalLatitude","gbif","atheriniformes",1995,"1995-10-19",NA,-41.68,-72.7367,NA,NA,"shoa",NA,"Remove. Added to GBIF in June 1995. Could be removed because they are oceanographic stations.",NA,NA,NA,NA,NA,NA,NA,NA,NA,NA,NA,NA,NA
"6151",5922,NA,NA,"MMA:ICT:0000018",NA,NA,"matched","4plus_core",7,3,0.301029995663981,53.8461538461538,23.0769230769231,4,4,1,"datasetName;canonicalName;decimalLatitude;decimalLongitude","mma2","aplochiton taeniatus",2009,"2009-01-27","laguna azul. rio paine en desembocadura lago nordenskjold",-50.878,-72.736,"OrigenReg: Base Dato",NA,NA,NA,"associatedReference: (Elgueta et al. 2013) | (González, 2012)",NA,"Elgueta et al. 2013) | (González, 2012",NA,NA,NA,NA,NA,NA,NA,NA,NA,NA,NA
"6153",5923,NA,NA,"MMA:ICT:0000092",NA,NA,"matched","3_core",7,3,0.301029995663981,53.8461538461538,23.0769230769231,3,3,1,"datasetName;canonicalName;decimalLatitude","mma2","aplochiton zebra",2009,"2009-01-27","laguna azul. rio paine en desembocadura lago nordenskjold",-50.878,-72.736,"OrigenReg: Base Dato",NA,NA,NA,"associatedReference: (Elgueta et al. 2013) | (González, 2012)",NA,"Elgueta et al. 2013) | (González, 2012",NA,NA,NA,NA,NA,NA,NA,NA,NA,NA,NA
"6254",6023,NA,NA,"MAguilar.Lit.Review.474",NA,NA,"matched","3_core",7,0,0.903089986991944,53.8461538461538,0,3,3,1,"datasetName;canonicalName;decimalLatitude","agui","galaxias platei",NA,NA,"lago azul",-51.0333333326,-72.7333333333,"Cussac, V., Ortubay,","474",NA,NA,"Change coordinates to -50.880367, -72.773318; also add another record for Lago Sarmiento from McDowall 1971",NA,NA,"-50.880367","-72.773318",NA,NA,NA,NA,NA,NA,NA,NA,NA
"6256",6025,NA,NA,"MAguilar.Lit.Review.1375",NA,NA,"matched","4plus_core",8,0,0.954242509439325,61.5384615384615,0,4,4,1,"datasetName;canonicalName;decimalLatitude;decimalLongitude","agui","geotria australis",NA,NA,"puerto piedra (río aysén)",-45.4,-72.7333333333,"Zama A. y Cárdenas E","1375",NA,"0",NA,NA,NA,NA,NA,NA,NA,NA,NA,NA,NA,NA,NA,NA
"6477",6241,NA,NA,"MAguilar.Lit.Review.799",NA,NA,"matched","all_core_firlds",9,0,1,69.2307692307692,0,5,5,1,"datasetName;canonicalName;decimalLatitude;decimalLongitude;bibliographicCitation","agui","oncorhynchus masou",2006,NA,"l.gral carrera",-46.4709722222,-72.7224166671,"Habit, E., Gonzalez,","799",NA,"1","associated reference: (Cussac et al., 2020)",NA,"Cussac et al., 2020",NA,NA,NA,NA,NA,NA,NA,NA,NA,NA,NA
"6478",6242,NA,NA,"MAguilar.Lit.Review.568",NA,NA,"matched","all_core_firlds",7,0,0.903089986991944,53.8461538461538,0,5,5,1,"datasetName;canonicalName;decimalLatitude;decimalLongitude;bibliographicCitation","agui","oncorhynchus masou",NA,NA,"l.gral carrera",-46.4709722222,-72.7224166671,"Cussac, V.E.; Barran","568",NA,"0",NA,NA,NA,NA,NA,NA,NA,NA,NA,NA,NA,NA,NA,NA
"6479",6243,NA,NA,"MAguilar.Lit.Review.800",NA,NA,"matched","all_core_firlds",9,0,1,69.2307692307692,0,5,5,1,"datasetName;canonicalName;decimalLatitude;decimalLongitude;bibliographicCitation","agui","salmo salar",2006,NA,"l.gral carrera",-46.4709722222,-72.7224166671,"Habit, E., Gonzalez,","800",NA,"1","associatedreference: (Cussac et al., 2020)",NA,"Cussac et al., 2020",NA,NA,NA,NA,NA,NA,NA,NA,NA,NA,NA
"6480",6244,NA,NA,"MAguilar.Lit.Review.569",NA,NA,"matched","all_core_firlds",7,0,0.903089986991944,53.8461538461538,0,5,5,1,"datasetName;canonicalName;decimalLatitude;decimalLongitude;bibliographicCitation","agui","salmo salar",NA,NA,"l.gral carrera",-46.4709722222,-72.7224166671,"Cussac, V.E.; Barran","569",NA,"0",NA,NA,NA,NA,NA,NA,NA,NA,NA,NA,NA,NA,NA,NA
"6481",6245,NA,NA,"MAguilar.Lit.Review.798",NA,NA,"matched","all_core_firlds",9,0,1,69.2307692307692,0,5,5,1,"datasetName;canonicalName;decimalLatitude;decimalLongitude;bibliographicCitation","agui","salmo trutta",2006,NA,"l.gral carrera",-46.4709722222,-72.7224166671,"Habit, E., Gonzalez,","798",NA,"1","associatedReference: (Cussac et al., 2020)",NA,"Cussac et al., 2020",NA,NA,NA,NA,NA,NA,NA,NA,NA,NA,NA
"6482",6246,NA,NA,"MAguilar.Lit.Review.567",NA,NA,"matched","all_core_firlds",7,0,0.903089986991944,53.8461538461538,0,5,5,1,"datasetName;canonicalName;decimalLatitude;decimalLongitude;bibliographicCitation","agui","salmo trutta",NA,NA,"l.gral carrera",-46.4709722222,-72.7224166671,"Cussac, V.E.; Barran","567",NA,"0",NA,NA,NA,NA,NA,NA,NA,NA,NA,NA,NA,NA,NA,NA
"6535",6293,NA,NA,"MAguilar.Lit.Review.1373",NA,NA,"matched","3_core",8,0,0.954242509439325,61.5384615384615,0,3,3,1,"datasetName;canonicalName;decimalLatitude","agui","galaxias platei",NA,NA,"lago riesco",-45.4666666668,-72.7166666672,"Zama A. y Cárdenas E","1373",NA,"0",NA,NA,NA,NA,NA,NA,NA,NA,NA,NA,NA,NA,NA,NA
"6537",6295,NA,NA,"MAguilar.Lit.Review.1090",NA,NA,"matched","3_core",7,0,0.903089986991944,53.8461538461538,0,3,3,1,"datasetName;canonicalName;decimalLatitude","agui","geotria australis",NA,NA,"puerto piedra",-42.3999999997,-72.7166666672,"Rademacher K. 2007. ","1090",NA,"0","change coordinates to -45.400000, -72.725000",NA,NA,"-45.4","-72.725",NA,NA,NA,NA,NA,NA,NA,NA,NA
"6538",6296,NA,NA,"MAguilar.Lit.Review.794",NA,NA,"matched","3_core",9,0,1,69.2307692307692,0,3,3,1,"datasetName;canonicalName;decimalLatitude","agui","oncorhynchus mykiss",2006,NA,"lago los palos",-44.9446111112,-72.716638889,"Habit, E., Gonzalez,","794",NA,NA,"change coordinates to : -45.323117, -72.694578

",NA,NA,"-45.323117","-72.694578",NA,NA,NA,NA,NA,NA,NA,NA,NA
"6539",6297,NA,NA,"MAguilar.Lit.Review.793",NA,NA,"matched","3_core",9,0,1,69.2307692307692,0,3,3,1,"datasetName;canonicalName;decimalLatitude","agui","salmo trutta",2006,NA,"lago los palos",-44.9446111112,-72.716638889,"Habit, E., Gonzalez,","793",NA,NA,"change coordinates to : -45.323117, -72.694578

",NA,NA,"-45.323117","-72.694578",NA,NA,NA,NA,NA,NA,NA,NA,NA
"6579",6324,NA,NA,"SUBPESCA.PecesContinentales2019.14866",NA,NA,"matched","all_core_firlds",9,0,1,69.2307692307692,0,5,5,1,"datasetName;canonicalName;decimalLatitude;decimalLongitude;bibliographicCitation","subpesca-1","galaxias platei",2008,NA,NA,-47.350022,-72.713941,"CEA (NA) Linea Base ","14866",NA,"0",NA,NA,NA,NA,NA,NA,NA,NA,NA,NA,NA,NA,NA,NA
"6582",6327,NA,NA,"SUBPESCA.PecesContinentales2019.15947",NA,NA,"matched","all_core_firlds",9,0,1,69.2307692307692,0,5,5,1,"datasetName;canonicalName;decimalLatitude;decimalLongitude;bibliographicCitation","subpesca-1","odontesthes hatcheri",2010,NA,NA,-47.350022,-72.713941,"CEA (NA) Linea Base ","15947",NA,"0",NA,NA,NA,NA,NA,NA,NA,NA,NA,NA,NA,NA,NA,NA
"6590",6335,NA,NA,"SUBPESCA.PecesContinentales2019.15968",NA,NA,"matched","all_core_firlds",9,0,1,69.2307692307692,0,5,5,1,"datasetName;canonicalName;decimalLatitude;decimalLongitude;bibliographicCitation","subpesca-1","percichthys trucha",2010,NA,NA,-47.350022,-72.713941,"CEA (NA) Linea Base ","15968",NA,"0",NA,NA,NA,NA,NA,NA,NA,NA,NA,NA,NA,NA,NA,NA
"6596",6341,NA,NA,"SUBPESCA.PecesContinentales2019.14862",NA,NA,"matched","all_core_firlds",9,0,1,69.2307692307692,0,5,5,1,"datasetName;canonicalName;decimalLatitude;decimalLongitude;bibliographicCitation","subpesca-1","galaxias platei",2008,NA,NA,-46.441502,-72.713738,"CEA (NA) Linea Base ","14862",NA,"0",NA,NA,NA,NA,NA,NA,NA,NA,NA,NA,NA,NA,NA,NA
"6598",6343,NA,NA,"SUBPESCA.PecesContinentales2019.4766",NA,NA,"matched","all_core_firlds",9,0,1,69.2307692307692,0,5,5,1,"datasetName;canonicalName;decimalLatitude;decimalLongitude;bibliographicCitation","subpesca-1","galaxias platei",2009,NA,NA,-46.441502,-72.713738,"CEA (NA) Proyecto Hi","4766",NA,"0",NA,NA,NA,NA,NA,NA,NA,NA,NA,NA,NA,NA,NA,NA
"6620",6365,NA,NA,"SUBPESCA.PecesContinentales2019.16200",NA,NA,"matched","all_core_firlds",9,0,1,69.2307692307692,0,6,5,1,"datasetName;canonicalName;decimalLatitude;decimalLongitude;bibliographicCitation;catalogNumber","subpesca-1","odontesthes hatcheri",2011,NA,NA,-47.349943,-72.713136,"CEA (NA) Monitoreo L","16200",NA,"0",NA,NA,NA,NA,NA,NA,NA,NA,NA,NA,NA,NA,NA,NA
"6621",6366,NA,NA,"SUBPESCA.PecesContinentales2019.21539",NA,NA,"matched","all_core_firlds",9,0,1,69.2307692307692,0,6,5,1,"datasetName;canonicalName;decimalLatitude;decimalLongitude;bibliographicCitation;catalogNumber","subpesca-1","odontesthes hatcheri",2012,NA,NA,-47.349943,-72.713136,"CEA (NA) Monitoreo L","21539",NA,"0",NA,NA,NA,NA,NA,NA,NA,NA,NA,NA,NA,NA,NA,NA
"6624",6369,NA,NA,"SUBPESCA.PecesContinentales2019.16248",NA,NA,"matched","all_core_firlds",9,0,1,69.2307692307692,0,6,5,1,"datasetName;canonicalName;decimalLatitude;decimalLongitude;bibliographicCitation;catalogNumber","subpesca-1","percichthys trucha",2011,NA,NA,-47.349943,-72.713136,"CEA (NA) Monitoreo L","16248",NA,"0",NA,NA,NA,NA,NA,NA,NA,NA,NA,NA,NA,NA,NA,NA
"6625",6370,NA,NA,"SUBPESCA.PecesContinentales2019.21541",NA,NA,"matched","all_core_firlds",9,0,1,69.2307692307692,0,6,5,1,"datasetName;canonicalName;decimalLatitude;decimalLongitude;bibliographicCitation;catalogNumber","subpesca-1","percichthys trucha",2012,NA,NA,-47.349943,-72.713136,"CEA (NA) Monitoreo L","21541",NA,"0",NA,NA,NA,NA,NA,NA,NA,NA,NA,NA,NA,NA,NA,NA
"6693",6436,NA,NA,"MAguilar.Lit.Review.306",NA,NA,"matched","3_core",10,0,1.04139268515823,76.9230769230769,0,3,3,1,"datasetName;canonicalName;decimalLatitude","agui","galaxias platei",2007,NA,"laguna alta",-45.5347000001,-72.7086000003,"CORREA, C., BRAVO, A","306",NA,"0",NA,NA,NA,NA,NA,NA,NA,NA,NA,NA,NA,NA,NA,NA
"6704",6445,NA,NA,"SUBPESCA.PecesContinentales2019.21530",NA,NA,"matched","all_core_firlds",9,0,1,69.2307692307692,0,6,5,1,"datasetName;canonicalName;decimalLatitude;decimalLongitude;bibliographicCitation;catalogNumber","subpesca-1","galaxias platei",2012,NA,NA,-47.133062,-72.708332,"CEA (NA) Monitoreo L","21530",NA,"0",NA,NA,NA,NA,NA,NA,NA,NA,NA,NA,NA,NA,NA,NA
"6738",6475,NA,NA,"MAguilar.Lit.Review.713",NA,NA,"matched","all_core_firlds",9,0,1,69.2307692307692,0,5,5,1,"datasetName;canonicalName;decimalLatitude;decimalLongitude;bibliographicCitation","agui","galaxias maculatus",2013,NA,"río cisnes",-44.7530555559,-72.7063888893,"Górski K, Habit EM a","713",NA,"0",NA,NA,NA,NA,NA,NA,NA,NA,NA,NA,NA,NA,NA,NA
"6857",6588,NA,NA,"SUBPESCA.PecesContinentales2019.4781",NA,NA,"matched","3_core",9,0,1,69.2307692307692,0,3,3,1,"datasetName;canonicalName;decimalLatitude","subpesca-1","eleginops maclovinus",2009,NA,NA,-46.842361,-72.703534,"CEA (NA) Proyecto Hi","4781",NA,NA,"Remove. There are no Eleginops maclovinus in General Carrera Lake.",NA,NA,NA,NA,NA,NA,NA,NA,NA,NA,NA,NA,NA
"6920",6647,NA,NA,"Correa.Boisjoly.collection.000355",NA,NA,"matched","3_core",9,1,0.698970004336019,69.2307692307692,7.69230769230769,3,3,1,"datasetName;canonicalName;decimalLatitude","fish database correa-boisjoly","animalia",2007,"2007-02-21","lago palos",-45.320933,-72.702733,"Correa, Cristián, Ma",NA,NA,NA,"Change canonicalName to Galaxias",NA,NA,NA,NA,NA,NA,NA,NA,"Galaxias",NA,NA,NA,NA
"6929",6656,NA,NA,"ANGBF22346-19","angbf22346-19",TRUE,"matched","3_core",8,0,0.954242509439325,61.5384615384615,0,3,3,1,"datasetName;canonicalName;decimalLatitude","gbif","aplochiton taeniatus",2007,"2007-01-01",NA,-45.3209,-72.7027,NA,NA,"mined from genbank, ncbi","0","Came from Alo et al. 2013",NA,NA,NA,NA,NA,NA,NA,NA,NA,NA,NA,NA,NA
"6933",6657,NA,NA,"MAguilar.Lit.Review.280",NA,NA,"matched","3_core",9,0,1,69.2307692307692,0,3,3,1,"datasetName;canonicalName;decimalLatitude","agui","aplochiton zebra",2007,NA,"lago los palos",-45.3208999999,-72.7026999998,"Correa, C. and Hendr","280",NA,"0",NA,NA,NA,NA,NA,NA,NA,NA,NA,NA,NA,NA,NA,NA
"6934",6658,NA,NA,"MAguilar.Lit.Review.281",NA,NA,"matched","3_core",9,0,1,69.2307692307692,0,3,3,1,"datasetName;canonicalName;decimalLatitude","agui","galaxias maculatus",2007,NA,"lago los palos",-45.3208999999,-72.7026999998,"Correa, C. and Hendr","281",NA,"0",NA,NA,NA,NA,NA,NA,NA,NA,NA,NA,NA,NA,NA,NA
"6935",6659,NA,NA,"MAguilar.Lit.Review.318",NA,NA,"matched","3_core",10,0,1.04139268515823,76.9230769230769,0,3,3,1,"datasetName;canonicalName;decimalLatitude","agui","galaxias platei",2007,NA,"lago los palos",-45.3208999999,-72.7026999998,"CORREA, C., BRAVO, A","318",NA,"0",NA,NA,NA,NA,NA,NA,NA,NA,NA,NA,NA,NA,NA,NA
"6936",6660,NA,NA,"MAguilar.Lit.Review.338",NA,NA,"matched","3_core",10,0,1.04139268515823,76.9230769230769,0,3,3,1,"datasetName;canonicalName;decimalLatitude","agui","salmo trutta",2007,NA,"lago los palos",-45.3208999999,-72.7026999998,"CORREA, C., BRAVO, A","338",NA,"0",NA,NA,NA,NA,NA,NA,NA,NA,NA,NA,NA,NA,NA,NA
"6950",6668,NA,NA,"MMA:ICT:0001976",NA,NA,"matched","3_core",7,3,0.301029995663981,53.8461538461538,23.0769230769231,3,3,1,"datasetName;canonicalName;decimalLatitude","mma2","galaxias maculatus",2013,"2013-09-26","rio cisnes. llanura aerodromo. rio cisnes entre rio grande esperanza y desembocadura",-44.756,-72.702,"OrigenReg: Base Dato",NA,NA,"1","associated References: (Górski et al. 2015)",NA,"Górski et al. 2015",NA,NA,NA,NA,NA,NA,NA,NA,NA,NA,NA
"6978",6693,NA,NA,"SUBPESCA.PecesContinentales2019.16170",NA,NA,"matched","3_core",9,0,1,69.2307692307692,0,3,3,1,"datasetName;canonicalName;decimalLatitude","subpesca-1","aplochiton zebra",2011,NA,NA,-47.280682,-72.701194,"CEA (NA) Monitoreo L","16170",NA,"0",NA,NA,NA,NA,NA,NA,NA,NA,NA,NA,NA,NA,NA,NA
"6979",6694,NA,NA,"SUBPESCA.PecesContinentales2019.16186",NA,NA,"matched","3_core",9,0,1,69.2307692307692,0,3,3,1,"datasetName;canonicalName;decimalLatitude","subpesca-1","galaxias platei",2011,NA,NA,-47.280682,-72.701194,"CEA (NA) Monitoreo L","16186",NA,"0",NA,NA,NA,NA,NA,NA,NA,NA,NA,NA,NA,NA,NA,NA
"6980",6695,NA,NA,"SUBPESCA.PecesContinentales2019.16198",NA,NA,"matched","3_core",9,0,1,69.2307692307692,0,3,3,1,"datasetName;canonicalName;decimalLatitude","subpesca-1","odontesthes hatcheri",2011,NA,NA,-47.280682,-72.701194,"CEA (NA) Monitoreo L","16198",NA,"0",NA,NA,NA,NA,NA,NA,NA,NA,NA,NA,NA,NA,NA,NA
"6983",6698,NA,NA,"SUBPESCA.PecesContinentales2019.21526",NA,NA,"matched","3_core",9,0,1,69.2307692307692,0,3,3,1,"datasetName;canonicalName;decimalLatitude","subpesca-1","percichthys trucha",2012,NA,NA,-47.280682,-72.701194,"CEA (NA) Monitoreo L","21526",NA,"0",NA,NA,NA,NA,NA,NA,NA,NA,NA,NA,NA,NA,NA,NA
"7000",6708,NA,"good","MMA:ICT:0001975",NA,NA,"matched","4plus_core",7,3,0.301029995663981,53.8461538461538,23.0769230769231,4,4,1,"datasetName;canonicalName;decimalLatitude;decimalLongitude","mma2","galaxias maculatus",2013,"2013-09-26","rio cisnes. estuario puerto cisnes. rio cisnes entre rio grande esperanza y desembocadura",-44.744,-72.701,"OrigenReg: Base Dato",NA,NA,"1","associated References: (Górski et al. 2015)",NA,"Górski et al. 2015",NA,NA,NA,NA,NA,NA,NA,NA,NA,NA,NA
"7002",6709,NA,NA,"SUBPESCA.PecesContinentales2019.4893",NA,NA,"matched","3_core",9,0,1,69.2307692307692,0,3,3,1,"datasetName;canonicalName;decimalLatitude","subpesca-1","galaxias platei",2009,NA,NA,-47.280144,-72.700821,"CEA (NA) Proyecto Hi","4893",NA,"0",NA,NA,NA,NA,NA,NA,NA,NA,NA,NA,NA,NA,NA,NA
"7006",6713,NA,NA,"SUBPESCA.PecesContinentales2019.15917",NA,NA,"matched","all_core_firlds",9,0,1,69.2307692307692,0,5,5,1,"datasetName;canonicalName;decimalLatitude;decimalLongitude;bibliographicCitation","subpesca-1","percichthys trucha",2010,NA,NA,-47.280144,-72.700821,"CEA (NA) Linea Base ","15917",NA,"0",NA,NA,NA,NA,NA,NA,NA,NA,NA,NA,NA,NA,NA,NA
"7018",6724,NA,NA,"MAguilar.Lit.Review.1058",NA,NA,"matched","3_core",7,0,0.903089986991944,53.8461538461538,0,3,3,1,"datasetName;canonicalName;decimalLatitude","agui","aplochiton zebra",NA,NA,"aysén",-45.4166666669,-72.7000000003,"Rademacher K. 2007. ","1058",NA,"0","From Zama and Cardenas.",NA,NA,NA,NA,NA,NA,NA,NA,NA,NA,NA,NA,NA
"7020",6726,NA,NA,"MAguilar.Lit.Review.1377",NA,NA,"matched","3_core",8,0,0.954242509439325,61.5384615384615,0,3,3,1,"datasetName;canonicalName;decimalLatitude","agui","geotria australis",NA,NA,"puerto aysén",-45.4166666669,-72.7000000003,"Zama A. y Cárdenas E","1377",NA,"1","associatedReference: (Rademacher 2007)",NA,"Rademacher 2007",NA,NA,NA,NA,NA,NA,NA,NA,NA,NA,NA
"7021",6727,NA,NA,"MAguilar.Lit.Review.1091",NA,NA,"matched","4plus_core",7,0,0.903089986991944,53.8461538461538,0,4,4,1,"datasetName;canonicalName;decimalLatitude;decimalLongitude","agui","geotria australis",NA,NA,"puerto aysén",-45.4,-72.7000000003,"Rademacher K. 2007. ","1091",NA,"0",NA,NA,NA,NA,NA,NA,NA,NA,NA,NA,NA,NA,NA,NA
"7022",6728,NA,NA,"MAguilar.Lit.Review.139",NA,NA,"matched","3_core",10,0,1.04139268515823,76.9230769230769,0,3,3,1,"datasetName;canonicalName;decimalLatitude","agui","aplochiton taeniatus",2007,NA,"aysén-palos",-45.3199999998,-72.7000000003,"Alò D, Correa C, Sam","139",NA,"0","Same reference as from Alo et al. 2013.",NA,NA,NA,NA,NA,NA,NA,NA,NA,NA,NA,NA,NA
"7023",6729,NA,NA,"MAguilar.Lit.Review.144",NA,NA,"matched","3_core",10,0,1.04139268515823,76.9230769230769,0,3,3,1,"datasetName;canonicalName;decimalLatitude","agui","galaxias platei",2007,NA,"aysén-palos",-45.3199999998,-72.7000000003,"Alò D, Correa C, Sam","144",NA,"0",NA,NA,NA,NA,NA,NA,NA,NA,NA,NA,NA,NA,NA,NA
"7024",6730,NA,NA,"MAguilar.Lit.Review.145",NA,NA,"matched","3_core",10,0,1.04139268515823,76.9230769230769,0,3,3,1,"datasetName;canonicalName;decimalLatitude","agui","salmo trutta",2007,NA,"aysén-palos",-45.3199999998,-72.7000000003,"Alò D, Correa C, Sam","145",NA,"0",NA,NA,NA,NA,NA,NA,NA,NA,NA,NA,NA,NA,NA,NA
"7026",NA,NA,"unlink, same colection diff batch",NA,"kc243101",NA,"no_match","no_match",NA,NA,NA,NA,NA,NA,NA,0,NA,"gbif","aplochiton taeniatus",2007,"2007",NA,-45.32,-72.7,NA,NA,NA,"0",NA,NA,NA,NA,NA,NA,NA,NA,NA,NA,NA,NA,NA,NA
"7031",NA,NA,NA,NA,"urn:catalog:cas:ich:78417",NA,"no_match","no_match",NA,NA,NA,NA,NA,NA,NA,0,NA,"gbif","aplochiton zebra",1919,"1919-03-10","into lago llanquihue; 74 m elev.",-41.716667,-72.7,NA,"78417","cas",NA,"Remove. out of range.",NA,NA,NA,NA,NA,NA,NA,NA,NA,NA,NA,NA,NA
"7032",NA,NA,"unlink, now out of range",NA,"urn:catalog:cas:ich:78437",NA,"no_match","no_match",NA,NA,NA,NA,NA,NA,NA,0,NA,"gbif","galaxias maculatus",1919,"1919-03-10","into lago llanquihue; 74 m elev.",-41.716667,-72.7,NA,"78437","cas",NA,"Remove. Change coordinates to -41.300000, -72.950000, out of range",NA,NA,"-41.3","-72.95",NA,NA,NA,NA,NA,NA,NA,NA,NA
"7033",NA,NA,NA,NA,"urn:catalog:cas:ich:78457",NA,"no_match","no_match",NA,NA,NA,NA,NA,NA,NA,0,NA,"gbif","galaxias platei",1919,"1919-03-10","into lago llanquihue; 74 m elev.",-41.716667,-72.7,NA,"78457","cas",NA,"Remove. out of range.",NA,NA,NA,NA,NA,NA,NA,NA,NA,NA,NA,NA,NA
"7034",NA,NA,"unlink, now out of range",NA,"urn:catalog:cas:ich:28566",NA,"no_match","no_match",NA,NA,NA,NA,NA,NA,NA,0,NA,"gbif","trichomycterus areolatus",1919,"1919-03-10","into lago llanquihue; 74 m elev.",-41.716667,-72.7,NA,"28566","cas",NA,"Locality: Ensenada, into Laog Llanquihue. Remove, out of range. From Eigenmann.",NA,NA,NA,NA,"Ensenada, into Laog Llanquihue",NA,NA,NA,NA,NA,NA,NA,NA
"7036",6734,NA,NA,"MAguilar.Lit.Review.297",NA,NA,"matched","3_core",9,0,1,69.2307692307692,0,3,3,1,"datasetName;canonicalName;decimalLatitude","agui","salmo trutta",2007,NA,"lago palos",-45.3186026458,-72.6997482612,"Correa, C. and Hendr","297",NA,"0",NA,NA,NA,NA,NA,NA,NA,NA,NA,NA,NA,NA,NA,NA
"7073",6764,NA,NA,"SUBPESCA.PecesContinentales2019.14939",NA,NA,"matched","all_core_firlds",9,0,1,69.2307692307692,0,5,5,1,"datasetName;canonicalName;decimalLatitude;decimalLongitude;bibliographicCitation","subpesca-1","galaxias platei",2008,NA,NA,-47.131512,-72.694776,"CEA (NA) Linea Base ","14939",NA,"0",NA,NA,NA,NA,NA,NA,NA,NA,NA,NA,NA,NA,NA,NA
"7074",6765,NA,NA,"SUBPESCA.PecesContinentales2019.4847",NA,NA,"matched","all_core_firlds",9,0,1,69.2307692307692,0,5,5,1,"datasetName;canonicalName;decimalLatitude;decimalLongitude;bibliographicCitation","subpesca-1","galaxias platei",2009,NA,NA,-47.131512,-72.694776,"CEA (NA) Proyecto Hi","4847",NA,"0",NA,NA,NA,NA,NA,NA,NA,NA,NA,NA,NA,NA,NA,NA
"7095",6782,NA,NA,"MMA:ICT:0002743",NA,NA,"matched","3_core",5,2,0.301029995663981,38.4615384615385,15.3846153846154,3,3,1,"datasetName;canonicalName;decimalLatitude","mma2","hatcheria macraei",NA,NA,"lago  general carrera. costeras entre rio avellano y rio murta",-46.468,-72.694,"OrigenReg: Publicaci",NA,NA,"0",NA,NA,NA,NA,NA,NA,NA,NA,NA,NA,NA,NA,NA,NA
"7149",6832,NA,NA,"MMA:ICT:0000214",NA,NA,"matched","3_core",4,2,0.221848749616356,30.7692307692308,15.3846153846154,3,3,1,"datasetName;canonicalName;decimalLatitude","mma2","aplochiton zebra",NA,NA,"laguna sofía. en pequeños arroyos que fluyen hacia la laguna sofía. costeras entre rio prat chico y puerto condor",-51.511,-72.686,"FuenteReg: McDowall ",NA,NA,"0",NA,NA,NA,NA,NA,NA,NA,NA,NA,NA,NA,NA,NA,NA
"7279",6961,NA,NA,"MAguilar.Lit.Review.1241",NA,NA,"matched","3_core",11,0,1.07918124604762,84.6153846153846,0,3,3,1,"datasetName;canonicalName;decimalLatitude","agui","aplochiton zebra",2009,"2009-04-14","lenca",-41.6049999998,-72.6820000003,"Vanhaecke D, Garcia ","1241",NA,"0",NA,NA,NA,NA,NA,NA,NA,NA,NA,NA,NA,NA,NA,NA
"7287",6970,NA,NA,"SUBPESCA.PecesContinentales2019.4627",NA,NA,"matched","all_core_firlds",9,0,1,69.2307692307692,0,6,5,1,"datasetName;canonicalName;decimalLatitude;decimalLongitude;bibliographicCitation;catalogNumber","subpesca-1","galaxias platei",2007,NA,NA,-47.314161,-72.681694,"CEA (NA) Proyecto Hi","4627",NA,"0",NA,NA,NA,NA,NA,NA,NA,NA,NA,NA,NA,NA,NA,NA
"7316",6999,NA,NA,"MAguilar.Lit.Review.1258",NA,NA,"matched","3_core",9,0,1,69.2307692307692,0,3,3,1,"datasetName;canonicalName;decimalLatitude","agui","aplochiton zebra",NA,NA,"lenca",-41.6100000002,-72.6799999998,"Vanhaecke, D., Garci","1258",NA,"0",NA,NA,NA,NA,NA,NA,NA,NA,NA,NA,NA,NA,NA,NA
"7317",7000,NA,NA,"MAguilar.Lit.Review.1264",NA,NA,"matched","3_core",8,0,0.954242509439325,61.5384615384615,0,3,3,1,"datasetName;canonicalName;decimalLatitude","agui","galaxias maculatus",NA,NA,"lenca",-41.6100000002,-72.6799999998,"Vanhaecke, D., Garci","1264",NA,"0",NA,NA,NA,NA,NA,NA,NA,NA,NA,NA,NA,NA,NA,NA
"7318",7001,NA,NA,"MAguilar.Lit.Review.1269",NA,NA,"matched","3_core",8,0,0.954242509439325,61.5384615384615,0,3,3,1,"datasetName;canonicalName;decimalLatitude","agui","oncorhynchus mykiss",NA,NA,"río lenca",-41.6100000002,-72.6799999998,"Vanhaecke, D., Garci","1269",NA,"0",NA,NA,NA,NA,NA,NA,NA,NA,NA,NA,NA,NA,NA,NA
"7319",7002,NA,NA,"MAguilar.Lit.Review.1271",NA,NA,"matched","3_core",8,0,0.954242509439325,61.5384615384615,0,3,3,1,"datasetName;canonicalName;decimalLatitude","agui","salmo trutta",NA,NA,"río lenca",-41.6100000002,-72.6799999998,"Vanhaecke, D., Garci","1271",NA,"0",NA,NA,NA,NA,NA,NA,NA,NA,NA,NA,NA,NA,NA,NA
"7323",7006,NA,NA,"MAguilar.Lit.Review.781",NA,NA,"matched","all_core_firlds",9,0,1,69.2307692307692,0,5,5,1,"datasetName;canonicalName;decimalLatitude;decimalLongitude;bibliographicCitation","agui","oncorhynchus mykiss",2006,NA,"lago toro",-51.2378459998,-72.6795190001,"Habit, E., Gonzalez,","781",NA,"1","associated Reference: (Cussac et al., 2020)",NA,"Cussac et al., 2020",NA,NA,NA,NA,NA,NA,NA,NA,NA,NA,NA
"7325",7008,NA,NA,"MAguilar.Lit.Review.561",NA,NA,"matched","all_core_firlds",7,0,0.903089986991944,53.8461538461538,0,5,5,1,"datasetName;canonicalName;decimalLatitude;decimalLongitude;bibliographicCitation","agui","oncorhynchus mykiss",NA,NA,"lago toro",-51.2378459998,-72.6795190001,"Cussac, V.E.; Barran","561",NA,"0",NA,NA,NA,NA,NA,NA,NA,NA,NA,NA,NA,NA,NA,NA
"7326",7009,NA,NA,"MAguilar.Lit.Review.782",NA,NA,"matched","all_core_firlds",9,0,1,69.2307692307692,0,5,5,1,"datasetName;canonicalName;decimalLatitude;decimalLongitude;bibliographicCitation","agui","oncorhynchus tshawytscha",2006,NA,"lago toro",-51.2378459998,-72.6795190001,"Habit, E., Gonzalez,","782",NA,"1","associatedReferences: (Cussac et al. 2020)",NA,"Cussac et al. 2020",NA,NA,NA,NA,NA,NA,NA,NA,NA,NA,NA
"7327",7010,NA,NA,"MAguilar.Lit.Review.562",NA,NA,"matched","all_core_firlds",7,0,0.903089986991944,53.8461538461538,0,5,5,1,"datasetName;canonicalName;decimalLatitude;decimalLongitude;bibliographicCitation","agui","oncorhynchus tshawytscha",NA,NA,"lago toro",-51.2378459998,-72.6795190001,"Cussac, V.E.; Barran","562",NA,"0",NA,NA,NA,NA,NA,NA,NA,NA,NA,NA,NA,NA,NA,NA
"7328",7011,NA,NA,"MAguilar.Lit.Review.780",NA,NA,"matched","all_core_firlds",9,0,1,69.2307692307692,0,5,5,1,"datasetName;canonicalName;decimalLatitude;decimalLongitude;bibliographicCitation","agui","salmo trutta",2006,NA,"lago toro",-51.2378459998,-72.6795190001,"Habit, E., Gonzalez,","780",NA,"1","associatedReferences: (Ortiz-Sandoval et al. 2017) | (Cussac et al. 2020)",NA,"Ortiz-Sandoval et al. 2017) | (Cussac et al. 2020",NA,NA,NA,NA,NA,NA,NA,NA,NA,NA,NA
"7329",7012,NA,NA,"MAguilar.Lit.Review.1015",NA,NA,"matched","all_core_firlds",10,0,1.04139268515823,76.9230769230769,0,5,5,1,"datasetName;canonicalName;decimalLatitude;decimalLongitude;bibliographicCitation","agui","salmo trutta",2007,NA,"lago toro",-51.2378459998,-72.6795190001,"Ortiz-Sandoval, J., ","1015",NA,"0","associatedReferences: (Cussac et al. 2020)",NA,"Cussac et al. 2020",NA,NA,NA,NA,NA,NA,NA,NA,NA,NA,NA
"7330",7013,NA,NA,"MAguilar.Lit.Review.563",NA,NA,"matched","all_core_firlds",7,0,0.903089986991944,53.8461538461538,0,5,5,1,"datasetName;canonicalName;decimalLatitude;decimalLongitude;bibliographicCitation","agui","salmo trutta",NA,NA,"lago toro",-51.2378459998,-72.6795190001,"Cussac, V.E.; Barran","563",NA,"0","associatedReferences: (Ortiz-Sandoval et al. 2017) | (Cussac et al. 2020)",NA,"Ortiz-Sandoval et al. 2017) | (Cussac et al. 2020",NA,NA,NA,NA,NA,NA,NA,NA,NA,NA,NA
"7333",7016,NA,NA,"SUBPESCA.PecesContinentales2019.7094",NA,NA,"matched","3_core",9,0,1,69.2307692307692,0,3,3,1,"datasetName;canonicalName;decimalLatitude","subpesca-1","mordacia lapicida",2009,NA,NA,-43.997104,-72.679487,"GESAM (NA) Sistema D","7094",NA,NA,"Only record in Aysén",NA,NA,NA,NA,NA,NA,NA,NA,NA,NA,NA,NA,NA
"7344",7025,NA,NA,"SUBPESCA.PecesContinentales2019.15158",NA,NA,"matched","3_core",9,0,1,69.2307692307692,0,3,3,1,"datasetName;canonicalName;decimalLatitude","subpesca-1","galaxias maculatus",2008,NA,NA,-45.497945,-72.677913,"CEA (NA) Linea De Ba","15158",NA,"0",NA,NA,NA,NA,NA,NA,NA,NA,NA,NA,NA,NA,NA,NA
"7412",7082,NA,NA,"SUBPESCA.PecesContinentales2019.14650",NA,NA,"matched","3_core",9,0,1,69.2307692307692,0,3,3,1,"datasetName;canonicalName;decimalLatitude","subpesca-1","galaxias platei",2007,NA,NA,-45.533424,-72.673302,"CEA (NA) Linea De Ba","14650",NA,"0",NA,NA,NA,NA,NA,NA,NA,NA,NA,NA,NA,NA,NA,NA
"7480",7148,NA,NA,"SUBPESCA.PecesContinentales2019.14649",NA,NA,"matched","3_core",9,0,1,69.2307692307692,0,3,3,1,"datasetName;canonicalName;decimalLatitude","subpesca-1","galaxias platei",2007,NA,NA,-45.539743,-72.667111,"CEA (NA) Linea De Ba","14649",NA,"0",NA,NA,NA,NA,NA,NA,NA,NA,NA,NA,NA,NA,NA,NA
"7523",7187,NA,NA,"MAguilar.Lit.Review.270",NA,NA,"matched","3_core",10,0,1.04139268515823,76.9230769230769,0,3,3,1,"datasetName;canonicalName;decimalLatitude","agui","oncorhynchus mykiss",2007,NA,"río pangal",-41.4800000001,-72.6602999996,"Consuegra, S., Phill","270",NA,"0",NA,NA,NA,NA,NA,NA,NA,NA,NA,NA,NA,NA,NA,NA
"7540",7203,NA,NA,"SUBPESCA.PescaInvestigacion2012-2023.014",NA,NA,"matched","3_core",10,0,1.04139268515823,76.9230769230769,0,3,3,1,"datasetName;canonicalName;decimalLatitude","subpesca-2","aplochiton zebra",2014,"2014-03-01","chaicas",-41.610767,-72.653978,"Gaman Limno Studies ",NA,NA,NA,"Change Locality to Río Lenca",NA,NA,NA,NA,"Río Lenca",NA,NA,NA,NA,NA,NA,NA,NA
"7541",7204,NA,NA,"SUBPESCA.PescaInvestigacion2012-2023.015",NA,NA,"matched","all_core_firlds",10,0,1.04139268515823,76.9230769230769,0,9,5,1,"datasetName;canonicalName;decimalLatitude;decimalLongitude;bibliographicCitation;year;locality;samplingProtocol;individualCount","subpesca-2","galaxias maculatus",2014,"2014-03-01","chaicas",-41.610767,-72.653978,"Gaman Limno Studies ",NA,NA,NA,"Change Locality to Río Lenca",NA,NA,NA,NA,"Río Lenca",NA,NA,NA,NA,NA,NA,NA,NA
"7542",7205,NA,NA,"SUBPESCA.PescaInvestigacion2012-2023.023",NA,NA,"matched","all_core_firlds",10,0,1.04139268515823,76.9230769230769,0,9,5,1,"datasetName;canonicalName;decimalLatitude;decimalLongitude;bibliographicCitation;year;locality;samplingProtocol;individualCount","subpesca-2","galaxias maculatus",2014,"2014-07-01","chaicas",-41.610767,-72.653978,"Gaman Limno Studies ",NA,NA,NA,"Change Locality to Río Lenca",NA,NA,NA,NA,"Río Lenca",NA,NA,NA,NA,NA,NA,NA,NA
"7543",7206,NA,NA,"SUBPESCA.PescaInvestigacion2012-2023.013",NA,NA,"matched","3_core",10,0,1.04139268515823,76.9230769230769,0,3,3,1,"datasetName;canonicalName;decimalLatitude","subpesca-2","salmo salar",2014,"2014-03-01","chaicas",-41.610767,-72.653978,"Gaman Limno Studies ",NA,NA,"1","Change Locality to Río Lenca",NA,NA,NA,NA,"Río Lenca",NA,NA,NA,NA,NA,NA,NA,NA
"7547",7210,NA,NA,"SUBPESCA.PecesContinentales2019.31201",NA,NA,"matched","3_core",9,0,1,69.2307692307692,0,3,3,1,"datasetName;canonicalName;decimalLatitude","subpesca-1","salmo salar",2014,NA,NA,-41.610766667,-72.653977778,"Gaman Limno Studies ","31201",NA,"0",NA,NA,NA,NA,NA,NA,NA,NA,NA,NA,NA,NA,NA,NA
"7550",7213,NA,"good","CIMAR1_88_sp16","cimar1_88_sp16",TRUE,"matched","3_core",8,0,0.954242509439325,61.5384615384615,0,3,3,1,"datasetName;canonicalName;decimalLatitude","gbif","atheriniformes",1995,"1995-10-27",NA,-44.51,-72.6533,NA,NA,"shoa",NA,"Remove. Added to GBIF in June 1995. Could be removed because they are oceanographic stations.",NA,NA,NA,NA,NA,NA,NA,NA,NA,NA,NA,NA,NA
"7552",7215,NA,NA,"SUBPESCA.PescaInvestigacion2012-2023.020",NA,NA,"matched","3_core",10,0,1.04139268515823,76.9230769230769,0,3,3,1,"datasetName;canonicalName;decimalLatitude","subpesca-2","salmo salar",2014,"2014-07-01","chaicas",-41.608119,-72.652683,"Gaman Limno Studies ",NA,NA,"1","Change Locality to Río Lenca",NA,NA,NA,NA,"Río Lenca",NA,NA,NA,NA,NA,NA,NA,NA
"7554",7217,NA,NA,"SUBPESCA.PescaInvestigacion2012-2023.012",NA,NA,"matched","all_core_firlds",10,0,1.04139268515823,76.9230769230769,0,10,5,1,"datasetName;canonicalName;decimalLatitude;decimalLongitude;bibliographicCitation;year;locality;samplingProtocol;individualCount;eventDate","subpesca-2","salmo trutta",2014,"2014-03-01","chaicas",-41.608119,-72.652683,"Gaman Limno Studies ",NA,NA,NA,"Change Locality to Río Lenca",NA,NA,NA,NA,"Río Lenca",NA,NA,NA,NA,NA,NA,NA,NA
"7555",7218,NA,NA,"SUBPESCA.PescaInvestigacion2012-2023.022",NA,NA,"matched","all_core_firlds",10,0,1.04139268515823,76.9230769230769,0,10,5,1,"datasetName;canonicalName;decimalLatitude;decimalLongitude;bibliographicCitation;year;locality;samplingProtocol;individualCount;eventDate","subpesca-2","salmo trutta",2014,"2014-07-01","chaicas",-41.608119,-72.652683,"Gaman Limno Studies ",NA,NA,NA,"Change Locality to Río Lenca",NA,NA,NA,NA,"Río Lenca",NA,NA,NA,NA,NA,NA,NA,NA
"7556",7219,NA,NA,"SUBPESCA.PecesContinentales2019.31203",NA,NA,"matched","3_core",9,0,1,69.2307692307692,0,3,3,1,"datasetName;canonicalName;decimalLatitude","subpesca-1","salmo salar",2014,NA,NA,-41.608119444,-72.652518333,"Gaman Limno Studies ","31203",NA,"0",NA,NA,NA,NA,NA,NA,NA,NA,NA,NA,NA,NA,NA,NA
"7560",7223,NA,NA,"SUBPESCA.PecesContinentales2019.21492",NA,NA,"matched","3_core",9,0,1,69.2307692307692,0,3,3,1,"datasetName;canonicalName;decimalLatitude","subpesca-1","galaxias platei",2012,NA,NA,-47.32774,-72.652074,"CEA (NA) Monitoreo L","21492",NA,"0",NA,NA,NA,NA,NA,NA,NA,NA,NA,NA,NA,NA,NA,NA
"7586",7247,NA,NA,"SUBPESCA.PecesContinentales2019.4902",NA,NA,"matched","all_core_firlds",9,0,1,69.2307692307692,0,6,5,1,"datasetName;canonicalName;decimalLatitude;decimalLongitude;bibliographicCitation;catalogNumber","subpesca-1","galaxias platei",2009,NA,NA,-47.327269,-72.651473,"CEA (NA) Proyecto Hi","4902",NA,"0",NA,NA,NA,NA,NA,NA,NA,NA,NA,NA,NA,NA,NA,NA
"7611",13086,NA,"unlink, current record via iDigBio","CENPAT-CONICET-CNPICT-CNPICT1983/105","urn:catalog:cas:ich:55141",FALSE,"matched","2_core",2,7,-0.425968732272281,15.3846153846154,53.8461538461538,2,2,1,"datasetName;canonicalName","gbif","aplochiton",1968,"1968-02-10","patagonian chile",-51.527707,-72.646889,NA,"55141","cas","0","change locality to Laguna Sofia",NA,NA,NA,NA,"Laguna Sofia",NA,NA,NA,NA,NA,NA,NA,NA
"7612",7272,NA,NA,"urn:catalog:CAS:ICH:55141","urn:catalog:cas:ich:55141",TRUE,"matched","3_core",11,0,1.07918124604762,84.6153846153846,0,3,3,1,"datasetName;canonicalName;decimalLatitude","idig","aplochiton zebra",1968,"1968-02-10","patagonian chile",-51.527707,-72.646889,NA,"55141","cas","1","change locality to Laguna Sofia",NA,NA,NA,NA,"Laguna Sofia",NA,NA,NA,NA,NA,NA,NA,NA
"7618",7280,NA,NA,"SUBPESCA.PecesContinentales2019.4881",NA,NA,"matched","3_core",9,0,1,69.2307692307692,0,3,3,1,"datasetName;canonicalName;decimalLatitude","subpesca-1","galaxias platei",2009,NA,NA,-47.228767,-72.64534,"CEA (NA) Proyecto Hi","4881",NA,"0",NA,NA,NA,NA,NA,NA,NA,NA,NA,NA,NA,NA,NA,NA
"7627",7289,NA,NA,"SUBPESCA.PecesContinentales2019.31199",NA,NA,"matched","3_core",9,0,1,69.2307692307692,0,3,3,1,"datasetName;canonicalName;decimalLatitude","subpesca-1","salmo salar",2014,NA,NA,-41.606275,-72.645333333,"Gaman Limno Studies ","31199",NA,"0",NA,NA,NA,NA,NA,NA,NA,NA,NA,NA,NA,NA,NA,NA
"7634",7296,NA,NA,"SUBPESCA.PescaInvestigacion2012-2023.018",NA,NA,"matched","all_core_firlds",10,0,1.04139268515823,76.9230769230769,0,10,5,1,"datasetName;canonicalName;decimalLatitude;decimalLongitude;bibliographicCitation;year;locality;samplingProtocol;individualCount;eventDate","subpesca-2","salmo salar",2014,"2014-07-01","chaicas",-41.606275,-72.645333,"Gaman Limno Studies ",NA,NA,"1","Change Locality to Río Lenca",NA,NA,NA,NA,"Río Lenca",NA,NA,NA,NA,NA,NA,NA,NA
"7635",7297,NA,NA,"SUBPESCA.PescaInvestigacion2012-2023.011",NA,NA,"matched","all_core_firlds",10,0,1.04139268515823,76.9230769230769,0,8,5,1,"datasetName;canonicalName;decimalLatitude;decimalLongitude;bibliographicCitation;year;locality;samplingProtocol","subpesca-2","salmo trutta",2014,"2014-03-01","chaicas",-41.606275,-72.645333,"Gaman Limno Studies ",NA,NA,NA,"Change Locality to Río Lenca",NA,NA,NA,NA,"Río Lenca",NA,NA,NA,NA,NA,NA,NA,NA
"7636",7298,NA,NA,"SUBPESCA.PescaInvestigacion2012-2023.019",NA,NA,"matched","all_core_firlds",10,0,1.04139268515823,76.9230769230769,0,8,5,1,"datasetName;canonicalName;decimalLatitude;decimalLongitude;bibliographicCitation;year;locality;samplingProtocol","subpesca-2","salmo trutta",2014,"2014-07-01","chaicas",-41.606275,-72.645333,"Gaman Limno Studies ",NA,NA,NA,"Change Locality to Río Lenca",NA,NA,NA,NA,"Río Lenca",NA,NA,NA,NA,NA,NA,NA,NA
"7659",7319,NA,NA,"SUBPESCA.PecesContinentales2019.21467",NA,NA,"matched","3_core",9,0,1,69.2307692307692,0,3,3,1,"datasetName;canonicalName;decimalLatitude","subpesca-1","galaxias platei",2012,NA,NA,-47.228932,-72.641568,"CEA (NA) Monitoreo L","21467",NA,"0",NA,NA,NA,NA,NA,NA,NA,NA,NA,NA,NA,NA,NA,NA
"7661",7321,NA,NA,"SUBPESCA.PecesContinentales2019.16195",NA,NA,"matched","3_core",9,0,1,69.2307692307692,0,3,3,1,"datasetName;canonicalName;decimalLatitude","subpesca-1","hatcheria macraei",2011,NA,NA,-47.228932,-72.641568,"CEA (NA) Monitoreo L","16195",NA,"0",NA,NA,NA,NA,NA,NA,NA,NA,NA,NA,NA,NA,NA,NA
"7665",7325,NA,NA,"SUBPESCA.PecesContinentales2019.21472",NA,NA,"matched","3_core",9,0,1,69.2307692307692,0,3,3,1,"datasetName;canonicalName;decimalLatitude","subpesca-1","percichthys trucha",2012,NA,NA,-47.228932,-72.641568,"CEA (NA) Monitoreo L","21472",NA,"0",NA,NA,NA,NA,NA,NA,NA,NA,NA,NA,NA,NA,NA,NA
"7671",7331,NA,NA,"MAguilar.Lit.Review.271",NA,NA,"matched","3_core",10,0,1.04139268515823,76.9230769230769,0,3,3,1,"datasetName;canonicalName;decimalLatitude","agui","oncorhynchus mykiss",2007,NA,"bco. correntoso",-41.3940000002,-72.6411000001,"Consuegra, S., Phill","271",NA,"0",NA,NA,NA,NA,NA,NA,NA,NA,NA,NA,NA,NA,NA,NA
"7689",7344,NA,NA,"MAguilar.Lit.Review.381",NA,NA,"matched","3_core",7,0,0.903089986991944,53.8461538461538,0,3,3,1,"datasetName;canonicalName;decimalLatitude","agui","aplochiton zebra",NA,NA,"lago sofía",-51.2666666669,-72.6333333326,"Cussac, V., Ortubay,","381",NA,"0",NA,NA,NA,NA,NA,NA,NA,NA,NA,NA,NA,NA,NA,NA
"7690",7345,NA,NA,"MAguilar.Lit.Review.477",NA,NA,"matched","3_core",7,0,0.903089986991944,53.8461538461538,0,3,3,1,"datasetName;canonicalName;decimalLatitude","agui","galaxias platei",NA,NA,"lago sofía",-51.2666666669,-72.6333333326,"Cussac, V., Ortubay,","477",NA,"0","Change coordinates to -51.526421, -72.655984",NA,NA,"-51.526421","-72.655984",NA,NA,NA,NA,NA,NA,NA,NA,NA
"7697",7348,NA,NA,"SUBPESCA.PecesContinentales2019.16185",NA,NA,"matched","3_core",9,0,1,69.2307692307692,0,3,3,1,"datasetName;canonicalName;decimalLatitude","subpesca-1","galaxias platei",2011,NA,NA,-47.211245,-72.632236,"CEA (NA) Monitoreo L","16185",NA,"0",NA,NA,NA,NA,NA,NA,NA,NA,NA,NA,NA,NA,NA,NA
"7698",7349,NA,NA,"SUBPESCA.PecesContinentales2019.16194",NA,NA,"matched","3_core",9,0,1,69.2307692307692,0,3,3,1,"datasetName;canonicalName;decimalLatitude","subpesca-1","hatcheria macraei",2011,NA,NA,-47.211245,-72.632236,"CEA (NA) Monitoreo L","16194",NA,"0",NA,NA,NA,NA,NA,NA,NA,NA,NA,NA,NA,NA,NA,NA
"7804",7443,NA,NA,"SUBPESCA.PecesContinentales2019.16169",NA,NA,"matched","3_core",9,0,1,69.2307692307692,0,3,3,1,"datasetName;canonicalName;decimalLatitude","subpesca-1","aplochiton zebra",2011,NA,NA,-47.198685,-72.628438,"CEA (NA) Monitoreo L","16169",NA,"0",NA,NA,NA,NA,NA,NA,NA,NA,NA,NA,NA,NA,NA,NA
"7805",7444,NA,NA,"SUBPESCA.PecesContinentales2019.21441",NA,NA,"matched","3_core",9,0,1,69.2307692307692,0,3,3,1,"datasetName;canonicalName;decimalLatitude","subpesca-1","galaxias platei",2012,NA,NA,-47.198685,-72.628438,"CEA (NA) Monitoreo L","21441",NA,"0",NA,NA,NA,NA,NA,NA,NA,NA,NA,NA,NA,NA,NA,NA
"7807",7446,NA,NA,"SUBPESCA.PecesContinentales2019.16193",NA,NA,"matched","all_core_firlds",9,0,1,69.2307692307692,0,6,5,1,"datasetName;canonicalName;decimalLatitude;decimalLongitude;bibliographicCitation;catalogNumber","subpesca-1","hatcheria macraei",2011,NA,NA,-47.198685,-72.628438,"CEA (NA) Monitoreo L","16193",NA,"0",NA,NA,NA,NA,NA,NA,NA,NA,NA,NA,NA,NA,NA,NA
"7808",7447,NA,NA,"SUBPESCA.PecesContinentales2019.21442",NA,NA,"matched","all_core_firlds",9,0,1,69.2307692307692,0,6,5,1,"datasetName;canonicalName;decimalLatitude;decimalLongitude;bibliographicCitation;catalogNumber","subpesca-1","hatcheria macraei",2012,NA,NA,-47.198685,-72.628438,"CEA (NA) Monitoreo L","21442",NA,"0",NA,NA,NA,NA,NA,NA,NA,NA,NA,NA,NA,NA,NA,NA
"7841",7476,NA,NA,"SUBPESCA.PecesContinentales2019.15201",NA,NA,"matched","3_core",9,0,1,69.2307692307692,0,3,3,1,"datasetName;canonicalName;decimalLatitude","subpesca-1","geotria australis",2008,NA,NA,-45.47078,-72.619375,"CEA (NA) Linea De Ba","15201",NA,"0",NA,NA,NA,NA,NA,NA,NA,NA,NA,NA,NA,NA,NA,NA
"7848",7482,NA,NA,"SUBPESCA.PecesContinentales2019.31198",NA,NA,"matched","3_core",9,0,1,69.2307692307692,0,3,3,1,"datasetName;canonicalName;decimalLatitude","subpesca-1","salmo salar",2014,NA,NA,-41.602375,-72.616436111,"Gaman Limno Studies ","31198",NA,"0",NA,NA,NA,NA,NA,NA,NA,NA,NA,NA,NA,NA,NA,NA
"7851",7485,NA,NA,"SUBPESCA.PescaInvestigacion2012-2023.017",NA,NA,"matched","3_core",10,0,1.04139268515823,76.9230769230769,0,3,3,1,"datasetName;canonicalName;decimalLatitude","subpesca-2","salmo trutta",2014,"2014-07-01","chaicas",-41.602375,-72.616436,"Gaman Limno Studies ",NA,NA,NA,"Change Locality to Río Lenca",NA,NA,NA,NA,"Río Lenca",NA,NA,NA,NA,NA,NA,NA,NA
"7985",7617,NA,NA,"SUBPESCA.PecesContinentales2019.15200",NA,NA,"matched","3_core",9,0,1,69.2307692307692,0,3,3,1,"datasetName;canonicalName;decimalLatitude","subpesca-1","geotria australis",2008,NA,NA,-45.463658,-72.610235,"CEA (NA) Linea De Ba","15200",NA,"0",NA,NA,NA,NA,NA,NA,NA,NA,NA,NA,NA,NA,NA,NA
"8271",7904,NA,"good","CIMAR1_89_sp16","cimar1_89_sp16",TRUE,"matched","3_core",8,0,0.954242509439325,61.5384615384615,0,3,3,1,"datasetName;canonicalName;decimalLatitude","gbif","atheriniformes",1995,"1995-10-27",NA,-44.415,-72.6033,NA,NA,"shoa",NA,"Remove. Added to GBIF in June 1995. Could be removed because they are oceanographic stations.",NA,NA,NA,NA,NA,NA,NA,NA,NA,NA,NA,NA,NA
"8454",8085,NA,NA,"SUBPESCA.PescaInvestigacion2012-2023.007",NA,NA,"matched","all_core_firlds",10,0,1.04139268515823,76.9230769230769,0,10,5,1,"datasetName;canonicalName;decimalLatitude;decimalLongitude;bibliographicCitation;year;locality;samplingProtocol;individualCount;eventDate","subpesca-2","salmo trutta",2014,"2014-03-01","chaicas",-41.598,-72.600556,"Gaman Limno Studies ",NA,NA,NA,"Change Locality to Río Lenca",NA,NA,NA,NA,"Río Lenca",NA,NA,NA,NA,NA,NA,NA,NA
"8455",8086,NA,NA,"SUBPESCA.PescaInvestigacion2012-2023.016",NA,NA,"matched","all_core_firlds",10,0,1.04139268515823,76.9230769230769,0,10,5,1,"datasetName;canonicalName;decimalLatitude;decimalLongitude;bibliographicCitation;year;locality;samplingProtocol;individualCount;eventDate","subpesca-2","salmo trutta",2014,"2014-07-01","chaicas",-41.598,-72.600556,"Gaman Limno Studies ",NA,NA,NA,"Change Locality to Río Lenca",NA,NA,NA,NA,"Río Lenca",NA,NA,NA,NA,NA,NA,NA,NA
"8456",8087,NA,NA,"SUBPESCA.PecesContinentales2019.31197",NA,NA,"matched","3_core",9,0,1,69.2307692307692,0,3,3,1,"datasetName;canonicalName;decimalLatitude","subpesca-1","salmo salar",2014,NA,NA,-41.598,-72.600555556,"Gaman Limno Studies ","31197",NA,"0",NA,NA,NA,NA,NA,NA,NA,NA,NA,NA,NA,NA,NA,NA
"8531",8164,NA,NA,"MAguilar.Lit.Review.778",NA,NA,"matched","all_core_firlds",9,0,1,69.2307692307692,0,5,5,1,"datasetName;canonicalName;decimalLatitude;decimalLongitude;bibliographicCitation","agui","oncorhynchus mykiss",2006,NA,"lago esmeralda",-47.3212260002,-72.5953940003,"Habit, E., Gonzalez,","778",NA,"1","associated references (Ortiz-Sandoval et al. 2017) | (Cussac et al. 2020)",NA,"Ortiz-Sandoval et al. 2017) | (Cussac et al. 2020",NA,NA,NA,NA,NA,NA,NA,NA,NA,NA,NA
"8533",8166,NA,NA,"MAguilar.Lit.Review.560",NA,NA,"matched","all_core_firlds",7,0,0.903089986991944,53.8461538461538,0,5,5,1,"datasetName;canonicalName;decimalLatitude;decimalLongitude;bibliographicCitation","agui","oncorhynchus mykiss",NA,NA,"lago esmeralda",-47.3212260002,-72.5953940003,"Cussac, V.E.; Barran","560",NA,"0",NA,NA,NA,NA,NA,NA,NA,NA,NA,NA,NA,NA,NA,NA
"8542",8175,NA,NA,"SUBPESCA.PecesContinentales2019.21347",NA,NA,"matched","3_core",9,0,1,69.2307692307692,0,3,3,1,"datasetName;canonicalName;decimalLatitude","subpesca-1","percichthys trucha",2012,NA,NA,-47.371452,-72.595028,"CEA (NA) Monitoreo L","21347",NA,"0",NA,NA,NA,NA,NA,NA,NA,NA,NA,NA,NA,NA,NA,NA
"8651",8234,NA,NA,"MAguilar.Lit.Review.320",NA,NA,"matched","3_core",10,0,1.04139268515823,76.9230769230769,0,3,3,1,"datasetName;canonicalName;decimalLatitude","agui","galaxias platei",2007,NA,"lago portales",-45.5352999999,-72.5904000003,"CORREA, C., BRAVO, A","320",NA,"0",NA,NA,NA,NA,NA,NA,NA,NA,NA,NA,NA,NA,NA,NA
"8652",8235,NA,NA,"MAguilar.Lit.Review.340",NA,NA,"matched","3_core",10,0,1.04139268515823,76.9230769230769,0,3,3,1,"datasetName;canonicalName;decimalLatitude","agui","salmo trutta",2007,NA,"lago portales",-45.5352999999,-72.5904000003,"CORREA, C., BRAVO, A","340",NA,"0",NA,NA,NA,NA,NA,NA,NA,NA,NA,NA,NA,NA,NA,NA
"8670",8255,NA,NA,"SUBPESCA.PecesContinentales2019.15054",NA,NA,"matched","3_core",9,0,1,69.2307692307692,0,3,3,1,"datasetName;canonicalName;decimalLatitude","subpesca-1","aplochiton zebra",2008,NA,NA,-45.422689,-72.589493,"CEA (NA) Linea De Ba","15054",NA,"0",NA,NA,NA,NA,NA,NA,NA,NA,NA,NA,NA,NA,NA,NA
"8672",8257,NA,NA,"SUBPESCA.PecesContinentales2019.15070",NA,NA,"matched","3_core",9,0,1,69.2307692307692,0,3,3,1,"datasetName;canonicalName;decimalLatitude","subpesca-1","galaxias platei",2008,NA,NA,-45.422689,-72.589493,"CEA (NA) Linea De Ba","15070",NA,"0",NA,NA,NA,NA,NA,NA,NA,NA,NA,NA,NA,NA,NA,NA
"8695",8277,NA,NA,"SUBPESCA.PecesContinentales2019.14646",NA,NA,"matched","3_core",9,0,1,69.2307692307692,0,3,3,1,"datasetName;canonicalName;decimalLatitude","subpesca-1","aplochiton zebra",2007,NA,NA,-45.423431,-72.588004,"CEA (NA) Linea De Ba","14646",NA,"0",NA,NA,NA,NA,NA,NA,NA,NA,NA,NA,NA,NA,NA,NA
"8706",8287,NA,NA,"MAguilar.Lit.Review.295",NA,NA,"matched","3_core",9,0,1,69.2307692307692,0,3,3,1,"datasetName;canonicalName;decimalLatitude","agui","salmo trutta",2007,NA,"lago portales",-45.5329912172,-72.5873954867,"Correa, C. and Hendr","295",NA,"0",NA,NA,NA,NA,NA,NA,NA,NA,NA,NA,NA,NA,NA,NA
"8723",8304,NA,NA,"SUBPESCA.PecesContinentales2019.15508",NA,NA,"matched","3_core",9,0,1,69.2307692307692,0,3,3,1,"datasetName;canonicalName;decimalLatitude","subpesca-1","odontesthes hatcheri",2009,NA,NA,-47.311907,-72.583495,"CEA (NA) Linea Base ","15508",NA,"0",NA,NA,NA,NA,NA,NA,NA,NA,NA,NA,NA,NA,NA,NA
"8725",8306,NA,NA,"SUBPESCA.PecesContinentales2019.15563",NA,NA,"matched","3_core",9,0,1,69.2307692307692,0,3,3,1,"datasetName;canonicalName;decimalLatitude","subpesca-1","percichthys trucha",2009,NA,NA,-47.311907,-72.583495,"CEA (NA) Linea Base ","15563",NA,"0",NA,NA,NA,NA,NA,NA,NA,NA,NA,NA,NA,NA,NA,NA
"8729",8310,NA,NA,"SUBPESCA.PecesContinentales2019.21327",NA,NA,"matched","3_core",9,0,1,69.2307692307692,0,3,3,1,"datasetName;canonicalName;decimalLatitude","subpesca-1","percichthys trucha",2012,NA,NA,-47.421039,-72.583249,"CEA (NA) Monitoreo L","21327",NA,"0",NA,NA,NA,NA,NA,NA,NA,NA,NA,NA,NA,NA,NA,NA
"8769",8330,NA,NA,"MMA:ICT:0002170",NA,NA,"matched","3_core",5,2,0.301029995663981,38.4615384615385,15.3846153846154,3,3,1,"datasetName;canonicalName;decimalLatitude","mma2","galaxias maculatus",NA,NA,"río pascua. costeras del fiordo coman",-42.333,-72.583,"FuenteReg: Campos et",NA,NA,"0",NA,NA,NA,NA,NA,NA,NA,NA,NA,NA,NA,NA,NA,NA
"8770",8332,NA,NA,"SUBPESCA.PecesContinentales2019.14865",NA,NA,"matched","all_core_firlds",9,0,1,69.2307692307692,0,5,5,1,"datasetName;canonicalName;decimalLatitude;decimalLongitude;bibliographicCitation","subpesca-1","galaxias platei",2008,NA,NA,-47.305839,-72.582951,"CEA (NA) Linea Base ","14865",NA,"0",NA,NA,NA,NA,NA,NA,NA,NA,NA,NA,NA,NA,NA,NA
"8772",8334,NA,NA,"SUBPESCA.PecesContinentales2019.14876",NA,NA,"matched","all_core_firlds",9,0,1,69.2307692307692,0,6,5,1,"datasetName;canonicalName;decimalLatitude;decimalLongitude;bibliographicCitation;catalogNumber","subpesca-1","odontesthes hatcheri",2008,NA,NA,-47.305839,-72.582951,"CEA (NA) Linea Base ","14876",NA,"0",NA,NA,NA,NA,NA,NA,NA,NA,NA,NA,NA,NA,NA,NA
"8775",8337,NA,NA,"SUBPESCA.PecesContinentales2019.15946",NA,NA,"matched","all_core_firlds",9,0,1,69.2307692307692,0,6,5,1,"datasetName;canonicalName;decimalLatitude;decimalLongitude;bibliographicCitation;catalogNumber","subpesca-1","odontesthes hatcheri",2010,NA,NA,-47.305839,-72.582951,"CEA (NA) Linea Base ","15946",NA,"0",NA,NA,NA,NA,NA,NA,NA,NA,NA,NA,NA,NA,NA,NA
"8784",8346,NA,NA,"SUBPESCA.PecesContinentales2019.14902",NA,NA,"matched","all_core_firlds",9,0,1,69.2307692307692,0,6,5,1,"datasetName;canonicalName;decimalLatitude;decimalLongitude;bibliographicCitation;catalogNumber","subpesca-1","percichthys trucha",2008,NA,NA,-47.305839,-72.582951,"CEA (NA) Linea Base ","14902",NA,"0",NA,NA,NA,NA,NA,NA,NA,NA,NA,NA,NA,NA,NA,NA
"8787",8349,NA,NA,"SUBPESCA.PecesContinentales2019.15967",NA,NA,"matched","all_core_firlds",9,0,1,69.2307692307692,0,6,5,1,"datasetName;canonicalName;decimalLatitude;decimalLongitude;bibliographicCitation;catalogNumber","subpesca-1","percichthys trucha",2010,NA,NA,-47.305839,-72.582951,"CEA (NA) Linea Base ","15967",NA,"0",NA,NA,NA,NA,NA,NA,NA,NA,NA,NA,NA,NA,NA,NA
"8792",8353,NA,NA,"SUBPESCA.PecesContinentales2019.15069",NA,NA,"matched","3_core",9,0,1,69.2307692307692,0,3,3,1,"datasetName;canonicalName;decimalLatitude","subpesca-1","galaxias platei",2008,NA,NA,-45.759718,-72.580929,"CEA (NA) Linea De Ba","15069",NA,"0",NA,NA,NA,NA,NA,NA,NA,NA,NA,NA,NA,NA,NA,NA
"8939",8509,NA,NA,"MAguilar.Lit.Review.788",NA,NA,"matched","3_core",9,0,1,69.2307692307692,0,3,3,1,"datasetName;canonicalName;decimalLatitude","agui","salmo trutta",2006,NA,"lago caro",-44.4548055562,-72.5641111108,"Habit, E., Gonzalez,","788",NA,NA,"change coordinates to -45.803026, -72.547405",NA,NA,"-45.803026","-72.547405",NA,NA,NA,NA,NA,NA,NA,NA,NA
"8958",8528,NA,NA,"SUBPESCA.PecesContinentales2019.15112",NA,NA,"matched","3_core",9,0,1,69.2307692307692,0,3,3,1,"datasetName;canonicalName;decimalLatitude","subpesca-1","geotria australis",2008,NA,NA,-45.392708,-72.560797,"CEA (NA) Linea De Ba","15112",NA,"0",NA,NA,NA,NA,NA,NA,NA,NA,NA,NA,NA,NA,NA,NA
"9327",8908,NA,NA,"MAguilar.Lit.Review.344",NA,NA,"matched","3_core",10,0,1.04139268515823,76.9230769230769,0,3,3,1,"datasetName;canonicalName;decimalLatitude","agui","salmo trutta",2007,NA,"lago zenteno",-45.5924368254,-72.5518577357,"CORREA, C., BRAVO, A","344",NA,"0",NA,NA,NA,NA,NA,NA,NA,NA,NA,NA,NA,NA,NA,NA
"9331",8912,NA,"good","JQ048547","jq048547",TRUE,"matched","4plus_core",8,0,0.954242509439325,61.5384615384615,0,7,4,1,"datasetName;canonicalName;decimalLatitude;decimalLongitude;catalogNumber;year;eventDate","gbif","aplochiton taeniatus",2009,"2009",NA,-45.8,-72.55,NA,"at3028",NA,"0",NA,NA,NA,NA,NA,NA,NA,NA,NA,NA,NA,NA,NA,NA
"9332",8913,NA,"good","GBGCA5905-13","gbgca5905-13",TRUE,"matched","4plus_core",9,0,1,69.2307692307692,0,7,4,1,"datasetName;canonicalName;decimalLatitude;decimalLongitude;catalogNumber;year;eventDate","gbif","aplochiton taeniatus",2009,"2009-07-15",NA,-45.8,-72.55,NA,"at3028","mined from genbank, ncbi","0","Bad date. EventDate: 2009-04-10 Locality: Lago Caro",NA,NA,NA,NA,NA,NA,NA,NA,NA,NA,NA,NA,NA
"9366",8942,NA,"good","CIMAR1_13_sp16","cimar1_13_sp16",TRUE,"matched","3_core",8,0,0.954242509439325,61.5384615384615,0,3,3,1,"datasetName;canonicalName;decimalLatitude","gbif","atheriniformes",1995,"1995-10-20",NA,-42.5683,-72.5483,NA,NA,"shoa",NA,"Remove. Added to GBIF in June 1995. Could be removed because they are oceanographic stations.",NA,NA,NA,NA,NA,NA,NA,NA,NA,NA,NA,NA,NA
"9372",8948,NA,NA,"MAguilar.Lit.Review.325",NA,NA,"matched","3_core",10,0,1.04139268515823,76.9230769230769,0,3,3,1,"datasetName;canonicalName;decimalLatitude","agui","galaxias platei",2007,NA,"lago zenteno",-45.5921000004,-72.5482000003,"CORREA, C., BRAVO, A","325",NA,"0",NA,NA,NA,NA,NA,NA,NA,NA,NA,NA,NA,NA,NA,NA
"9377",8951,NA,NA,"MAguilar.Lit.Review.300",NA,NA,"matched","3_core",9,0,1,69.2307692307692,0,3,3,1,"datasetName;canonicalName;decimalLatitude","agui","salmo trutta",2009,NA,"lago zenteno",-45.5896221377,-72.5474168822,"Correa, C. and Hendr","300",NA,"0",NA,NA,NA,NA,NA,NA,NA,NA,NA,NA,NA,NA,NA,NA
"9682",9262,NA,NA,"SUBPESCA.PecesContinentales2019.21271",NA,NA,"matched","3_core",9,0,1,69.2307692307692,0,3,3,1,"datasetName;canonicalName;decimalLatitude","subpesca-1","galaxias platei",2012,NA,NA,-47.477325,-72.53838,"CEA (NA) Monitoreo L","21271",NA,"0",NA,NA,NA,NA,NA,NA,NA,NA,NA,NA,NA,NA,NA,NA
"9693",9268,NA,NA,"SUBPESCA.PecesContinentales2019.14949",NA,NA,"matched","3_core",9,0,1,69.2307692307692,0,3,3,1,"datasetName;canonicalName;decimalLatitude","subpesca-1","hatcheria macraei",2008,NA,NA,-47.248651,-72.534834,"CEA (NA) Linea Base ","14949",NA,"0",NA,NA,NA,NA,NA,NA,NA,NA,NA,NA,NA,NA,NA,NA
"9829",9397,NA,NA,"CCorrea.Lit.Review.1300",NA,NA,"matched","3_core",7,0,0.903089986991944,53.8461538461538,0,3,3,1,"datasetName;canonicalName;decimalLatitude","fishgis_metadatabase_ccorrea","salmo trutta",1984,NA,"río cisnes bajo",-44.69697,-72.52794,"Campos, H., J. Arena",NA,NA,"1","Remove. imported from other dataset.",NA,NA,NA,NA,NA,NA,NA,NA,NA,NA,NA,NA,NA
"9856",9419,NA,NA,"MMA:ICT:0002648",NA,NA,"matched","3_core",5,2,0.301029995663981,38.4615384615385,15.3846153846154,3,3,1,"datasetName;canonicalName;decimalLatitude","mma2","geotria australis",NA,NA,"lago risopatrón. rio risopatron",-44.233,-72.517,"FuenteReg: Campos et",NA,NA,"0",NA,NA,NA,NA,NA,NA,NA,NA,NA,NA,NA,NA,NA,NA
"9861",9424,NA,NA,"MAguilar.Lit.Review.1394",NA,NA,"matched","3_core",8,0,0.954242509439325,61.5384615384615,0,3,3,1,"datasetName;canonicalName;decimalLatitude","agui","percichthys trucha",NA,NA,"lago maldonado",-47.233333333,-72.5166666667,"Zama A. y Cárdenas E","1394",NA,"0","Cambiar coordenadas a -47.257249, -72.516063",NA,NA,"-47.257249","-72.516063",NA,NA,NA,NA,NA,NA,NA,NA,NA
"9866",9428,NA,NA,"SUBPESCA.PecesContinentales2019.21238",NA,NA,"matched","3_core",9,0,1,69.2307692307692,0,3,3,1,"datasetName;canonicalName;decimalLatitude","subpesca-1","percichthys trucha",2012,NA,NA,-47.254925,-72.515747,"CEA (NA) Monitoreo L","21238",NA,"0",NA,NA,NA,NA,NA,NA,NA,NA,NA,NA,NA,NA,NA,NA
"9884",9444,NA,NA,"MAguilar.Lit.Review.544",NA,NA,"matched","3_core",7,0,0.903089986991944,53.8461538461538,0,3,3,1,"datasetName;canonicalName;decimalLatitude","agui","salmo trutta",NA,NA,"lago risopatrón",-44.2531199996,-72.5115540002,"Cussac, V.E.; Barran","544",NA,"0",NA,NA,NA,NA,NA,NA,NA,NA,NA,NA,NA,NA,NA,NA
"9888",9448,NA,NA,"MAguilar.Lit.Review.322",NA,NA,"matched","3_core",10,0,1.04139268515823,76.9230769230769,0,3,3,1,"datasetName;canonicalName;decimalLatitude","agui","galaxias platei",2007,NA,"lago rengifo",-45.6176,-72.5113000002,"CORREA, C., BRAVO, A","322",NA,"0",NA,NA,NA,NA,NA,NA,NA,NA,NA,NA,NA,NA,NA,NA
"9889",9449,NA,NA,"MAguilar.Lit.Review.342",NA,NA,"matched","3_core",10,0,1.04139268515823,76.9230769230769,0,3,3,1,"datasetName;canonicalName;decimalLatitude","agui","salmo trutta",2007,NA,"lago rengifo",-45.6176,-72.5113000002,"CORREA, C., BRAVO, A","342",NA,"0",NA,NA,NA,NA,NA,NA,NA,NA,NA,NA,NA,NA,NA,NA
"9966",9530,NA,NA,"MAguilar.Lit.Review.299",NA,NA,"matched","3_core",9,0,1,69.2307692307692,0,3,3,1,"datasetName;canonicalName;decimalLatitude","agui","salmo trutta",2009,NA,"lago rengifo",-45.6152647916,-72.5083219771,"Correa, C. and Hendr","299",NA,"0",NA,NA,NA,NA,NA,NA,NA,NA,NA,NA,NA,NA,NA,NA
"10033",9592,NA,NA,"CCorrea.Lit.Review.1290",NA,NA,"matched","3_core",7,0,0.903089986991944,53.8461538461538,0,3,3,1,"datasetName;canonicalName;decimalLatitude","fishgis_metadatabase_ccorrea","salmo trutta",1984,NA,"río los césares",-44.18894,-72.49877,"Campos, H., J. Arena",NA,NA,NA,"Remove. imported from other dataset.",NA,NA,NA,NA,NA,NA,NA,NA,NA,NA,NA,NA,NA
"10150",9711,NA,NA,"SUBPESCA.PecesContinentales2019.15068",NA,NA,"matched","all_core_firlds",9,0,1,69.2307692307692,0,6,5,1,"datasetName;canonicalName;decimalLatitude;decimalLongitude;bibliographicCitation;catalogNumber","subpesca-1","galaxias platei",2008,NA,NA,-45.77889,-72.483918,"CEA (NA) Linea De Ba","15068",NA,"0",NA,NA,NA,NA,NA,NA,NA,NA,NA,NA,NA,NA,NA,NA
"10173",9734,NA,NA,"MAguilar.Lit.Review.347",NA,NA,"matched","3_core",10,0,1.04139268515823,76.9230769230769,0,3,3,1,"datasetName;canonicalName;decimalLatitude","agui","oncorhynchus tshawytscha",2004,"2004-04-07","río huñu-hueñu",-41.2666666671,-72.4833333329,"Correa, C., Gross, M","347",NA,"0",NA,NA,NA,NA,NA,NA,NA,NA,NA,NA,NA,NA,NA,NA
"10175",9735,NA,NA,"MMA:ICT:0000192",NA,NA,"matched","3_core",5,2,0.301029995663981,38.4615384615385,15.3846153846154,3,3,1,"datasetName;canonicalName;decimalLatitude","mma2","aplochiton zebra",NA,NA,"río amarillo. rio amarillo",-43.017,-72.483,"FuenteReg: Campos et",NA,NA,"0",NA,NA,NA,NA,NA,NA,NA,NA,NA,NA,NA,NA,NA,NA
"10230",NA,NA,"good",NA,NA,NA,"ambiguous","ambiguous",NA,NA,NA,NA,NA,6,4,6,"datasetName;decimalLatitude;decimalLongitude;bibliographicCitation;year;locality","fishgis_metadatabase_ccorrea",NA,2000,NA,"río cuchildeo",-41.96528,-72.47477,"Doris Soto B.and Iva",NA,NA,NA,"check reference. From CCorrea Metadatabase",NA,NA,NA,NA,NA,NA,NA,NA,NA,NA,NA,NA,NA
"10264",9834,NA,NA,"MAguilar.Lit.Review.991",NA,NA,"matched","3_core",8,0,0.954242509439325,61.5384615384615,0,3,3,1,"datasetName;canonicalName;decimalLatitude","agui","oncorhynchus tshawytscha",NA,NA,"río petrohue (chile)",-41.2500000002,-72.4667000002,"Narum, SR, Gallardo,","991",NA,"0",NA,NA,NA,NA,NA,NA,NA,NA,NA,NA,NA,NA,NA,NA
"10265",9835,NA,NA,"MAguilar.Lit.Review.345",NA,NA,"matched","3_core",10,0,1.04139268515823,76.9230769230769,0,3,3,1,"datasetName;canonicalName;decimalLatitude","agui","oncorhynchus tshawytscha",2004,"2004-04-07","los patos (río petrohué)",-41.1833333334,-72.4666666668,"Correa, C., Gross, M","345",NA,"0",NA,NA,NA,NA,NA,NA,NA,NA,NA,NA,NA,NA,NA,NA
"10304",9879,NA,NA,"SUBPESCA.PecesContinentales2019.14645",NA,NA,"matched","3_core",9,0,1,69.2307692307692,0,3,3,1,"datasetName;canonicalName;decimalLatitude","subpesca-1","aplochiton zebra",2007,NA,NA,-45.776504,-72.457236,"CEA (NA) Linea De Ba","14645",NA,"0",NA,NA,NA,NA,NA,NA,NA,NA,NA,NA,NA,NA,NA,NA
"10310",9884,NA,NA,"MAguilar.Lit.Review.818",NA,NA,"matched","3_core",8,0,0.954242509439325,61.5384615384615,0,3,3,1,"datasetName;canonicalName;decimalLatitude","agui","oncorhynchus mykiss",NA,NA,"laguna los patos",-41.1777786303,-72.4566656751,"https://doi.org/10.1","818",NA,NA,"(Arismendi and Soto 2012. Are salmon-derived nutrients being incorporated in food webs of invaded streams? Evidence from southern Chile)",NA,"(Arismendi & Soto, 2012)",NA,NA,NA,NA,NA,NA,NA,NA,NA,NA,NA
"10311",9885,NA,NA,"MAguilar.Lit.Review.820",NA,NA,"matched","3_core",8,0,0.954242509439325,61.5384615384615,0,3,3,1,"datasetName;canonicalName;decimalLatitude","agui","oncorhynchus tshawytscha",NA,NA,"laguna los patos",-41.1777786303,-72.4566656751,"https://doi.org/10.1","820",NA,NA,"(Arismendi and Soto 2012. Are salmon-derived nutrients being incorporated in food webs of invaded streams? Evidence from southern Chile)",NA,"(Arismendi & Soto, 2012)",NA,NA,NA,NA,NA,NA,NA,NA,NA,NA,NA
"10312",9886,NA,NA,"MAguilar.Lit.Review.819",NA,NA,"matched","3_core",8,0,0.954242509439325,61.5384615384615,0,3,3,1,"datasetName;canonicalName;decimalLatitude","agui","salmo trutta",NA,NA,"laguna los patos",-41.1777786303,-72.4566656751,"https://doi.org/10.1","819",NA,NA,"(Arismendi and Soto 2012. Are salmon-derived nutrients being incorporated in food webs of invaded streams? Evidence from southern Chile)",NA,"(Arismendi & Soto, 2012)",NA,NA,NA,NA,NA,NA,NA,NA,NA,NA,NA
"10356",9931,NA,NA,"CCorrea.Lit.Review.437",NA,NA,"matched","3_core",7,0,0.903089986991944,53.8461538461538,0,3,3,1,"datasetName;canonicalName;decimalLatitude","fishgis_metadatabase_ccorrea","percichthys trucha",1983,NA,"lago maldonado",-47.28029,-72.45022,"Zama, Akira and Edua",NA,NA,"1","Cambiar coordenadas a -47.257249, -72.516063",NA,NA,NA,NA,NA,NA,NA,NA,NA,NA,NA,NA,NA
"11047",10627,NA,"good","CIMAR1_10_sp16","cimar1_10_sp16",TRUE,"matched","3_core",8,0,0.954242509439325,61.5384615384615,0,3,3,1,"datasetName;canonicalName;decimalLatitude","gbif","atheriniformes",1995,"1995-10-19",NA,-42.4617,-72.4283,NA,NA,"shoa",NA,"Remove. Added to GBIF in June 1995. Could be removed because they are oceanographic stations.",NA,NA,NA,NA,NA,NA,NA,NA,NA,NA,NA,NA,NA
"11062",10641,NA,NA,"CCorrea.Lit.Review.1298",NA,NA,"matched","3_core",7,0,0.903089986991944,53.8461538461538,0,3,3,1,"datasetName;canonicalName;decimalLatitude","fishgis_metadatabase_ccorrea","oncorhynchus mykiss",1984,NA,"río queulat",-44.56857,-72.42222,"Campos, H., J. Arena",NA,NA,"1","Remove. imported from other dataset.",NA,NA,NA,NA,NA,NA,NA,NA,NA,NA,NA,NA,NA
"11075",10654,NA,NA,"CCorrea.Lit.Review.1299",NA,NA,"matched","3_core",7,0,0.903089986991944,53.8461538461538,0,3,3,1,"datasetName;canonicalName;decimalLatitude","fishgis_metadatabase_ccorrea","salmo trutta",1984,NA,"río cascadas",-44.63582,-72.41754,"Campos, H., J. Arena",NA,NA,"1","Remove. imported from other dataset.",NA,NA,NA,NA,NA,NA,NA,NA,NA,NA,NA,NA,NA
"11090",10665,NA,NA,"MMA:ICT:0002486",NA,NA,"matched","3_core",5,2,0.301029995663981,38.4615384615385,15.3846153846154,3,3,1,"datasetName;canonicalName;decimalLatitude","mma2","galaxias platei",NA,NA,"lago yelcho. rio yelcho entre desague lago yelcho y rio amarillo",-43.167,-72.417,"FuenteReg: Campos et",NA,NA,"0",NA,NA,NA,NA,NA,NA,NA,NA,NA,NA,NA,NA,NA,NA
"11092",10666,NA,NA,"MMA:ICT:0000181",NA,NA,"matched","3_core",5,2,0.301029995663981,38.4615384615385,15.3846153846154,3,3,1,"datasetName;canonicalName;decimalLatitude","mma2","aplochiton zebra",1919,NA,"saltos del petrohue. lago todos los santos",-41.15,-72.417,"FuenteReg: Eigenmann",NA,NA,"0",NA,NA,NA,NA,NA,NA,NA,NA,NA,NA,NA,NA,NA,NA
"11094",10667,NA,NA,"MMA:ICT:0005229",NA,NA,"matched","3_core",5,2,0.301029995663981,38.4615384615385,15.3846153846154,3,3,1,"datasetName;canonicalName;decimalLatitude","mma2","trichomycterus areolatus",1919,NA,"cascada de petrohue. lago todos los santos",-41.15,-72.417,"FuenteReg: Eigenmann",NA,NA,"0",NA,NA,NA,NA,NA,NA,NA,NA,NA,NA,NA,NA,NA,NA
"11132",10707,NA,"good, locality was changed earlier in the code","CCorrea.Lit.Review.1307",NA,NA,"matched","3_core",6,1,0.544068044350276,46.1538461538462,7.69230769230769,3,3,1,"datasetName;canonicalName;decimalLatitude","fishgis_metadatabase_ccorrea","geotria australis",1984,NA,"lago risopatrón",-45.43213,-72.41295,"Campos, H., J. Arena",NA,NA,"0","Rio Simpson, not Risopatron",NA,NA,NA,NA,"río Simpson",NA,NA,NA,NA,NA,NA,NA,NA
"11184",10766,NA,NA,"MAguilar.Lit.Review.357",NA,NA,"matched","3_core",7,0,0.903089986991944,53.8461538461538,0,3,3,1,"datasetName;canonicalName;decimalLatitude","agui","aplochiton taeniatus",NA,NA,"lago saltos del petrohué",-41.1333333326,-72.3833333331,"Cussac, V., Ortubay,","357",NA,"0",NA,NA,NA,NA,NA,NA,NA,NA,NA,NA,NA,NA,NA,NA
"11185",10767,NA,NA,"MAguilar.Lit.Review.374",NA,NA,"matched","3_core",7,0,0.903089986991944,53.8461538461538,0,3,3,1,"datasetName;canonicalName;decimalLatitude","agui","aplochiton zebra",NA,NA,"lago saltos del petrohué",-41.1333333326,-72.3833333331,"Cussac, V., Ortubay,","374",NA,"0",NA,NA,NA,NA,NA,NA,NA,NA,NA,NA,NA,NA,NA,NA
"11201",10778,NA,NA,"MMA:ICT:0000180",NA,NA,"matched","3_core",5,2,0.301029995663981,38.4615384615385,15.3846153846154,3,3,1,"datasetName;canonicalName;decimalLatitude","mma2","aplochiton zebra",NA,NA,"río aura. rio palena entre rio frio y rio rosselot",-43.833,-72.367,"FuenteReg: Campos et",NA,NA,"0",NA,NA,NA,NA,NA,NA,NA,NA,NA,NA,NA,NA,NA,NA
"11259",10836,NA,NA,"CCorrea.Lit.Review.1277",NA,NA,"matched","3_core",7,0,0.903089986991944,53.8461538461538,0,3,3,1,"datasetName;canonicalName;decimalLatitude","fishgis_metadatabase_ccorrea","oncorhynchus mykiss",1984,NA,"río vuelta y vuelta",-42.9781,-72.34913,"Campos, H., J. Arena",NA,NA,NA,"Remove. imported from other dataset.",NA,NA,NA,NA,NA,NA,NA,NA,NA,NA,NA,NA,NA
"11272",10848,NA,NA,"MAguilar.Lit.Review.1032",NA,NA,"matched","3_core",9,0,1,69.2307692307692,0,3,3,1,"datasetName;canonicalName;decimalLatitude","agui","galaxias maculatus",2007,NA,"lago risopatron",-44.1501666667,-72.3452499996,"Ortiz-Sandoval, J., ","1032",NA,NA,"change coordinates to -44.258668, -72.514963",NA,NA,"-44.258668","-72.514963",NA,NA,NA,NA,NA,NA,NA,NA,NA
"11273",10849,NA,NA,"MAguilar.Lit.Review.1031",NA,NA,"matched","3_core",10,0,1.04139268515823,76.9230769230769,0,3,3,1,"datasetName;canonicalName;decimalLatitude","agui","galaxias platei",2007,NA,"lago risopatron",-44.1501666667,-72.3452499996,"Ortiz-Sandoval, J., ","1031",NA,NA,"change coordinates to -44.258668, -72.514963",NA,NA,"-44.258668","-72.514963",NA,NA,NA,NA,NA,NA,NA,NA,NA
"11274",10850,NA,NA,"MAguilar.Lit.Review.787",NA,NA,"matched","all_core_firlds",9,0,1,69.2307692307692,0,5,5,1,"datasetName;canonicalName;decimalLatitude;decimalLongitude;bibliographicCitation","agui","salmo trutta",2006,NA,"lago risopatron",-44.1501666667,-72.3452499996,"Habit, E., Gonzalez,","787",NA,"1","change coordinates to -44.258668, -72.514963",NA,NA,"-44.258668","-72.514963",NA,NA,NA,NA,NA,NA,NA,NA,NA
"11275",10851,NA,NA,"MAguilar.Lit.Review.1030",NA,NA,"matched","all_core_firlds",10,0,1.04139268515823,76.9230769230769,0,5,5,1,"datasetName;canonicalName;decimalLatitude;decimalLongitude;bibliographicCitation","agui","salmo trutta",2007,NA,"lago risopatron",-44.1501666667,-72.3452499996,"Ortiz-Sandoval, J., ","1030",NA,"0",NA,NA,NA,NA,NA,NA,NA,NA,NA,NA,NA,NA,NA,NA
"11308",10881,NA,NA,"MAguilar.Lit.Review.566",NA,NA,"matched","all_core_firlds",7,0,0.903089986991944,53.8461538461538,0,5,5,1,"datasetName;canonicalName;decimalLatitude;decimalLongitude;bibliographicCitation","agui","salmo trutta",NA,NA,"lago balmaceda",-51.8856790002,-72.336679,"Cussac, V.E.; Barran","566",NA,"0",NA,NA,NA,NA,NA,NA,NA,NA,NA,NA,NA,NA,NA,NA
"11314",10887,NA,NA,"CCorrea.Lit.Review.1286",NA,NA,"matched","3_core",7,0,0.903089986991944,53.8461538461538,0,3,3,1,"datasetName;canonicalName;decimalLatitude","fishgis_metadatabase_ccorrea","salvelinus fontinalis",1984,NA,"afluente río frío",-43.57939,-72.33433,"Campos, H., J. Arena",NA,NA,"1","Remove. imported from other dataset.",NA,NA,NA,NA,NA,NA,NA,NA,NA,NA,NA,NA,NA
"11317",10889,NA,NA,"MAguilar.Lit.Review.1314",NA,NA,"matched","3_core",10,0,1.04139268515823,76.9230769230769,0,3,3,1,"datasetName;canonicalName;decimalLatitude","agui","galaxias maculatus",2001,NA,"lago argentino",-52.3333333327,-72.3333333332,"Viozzi G. Semenas L.","1314",NA,NA,"change coordinates to -50.230760, -72.250660",NA,NA,"-50.23076","-72.25066",NA,NA,NA,NA,NA,NA,NA,NA,NA
"11318",10890,NA,NA,"MAguilar.Lit.Review.356",NA,NA,"matched","3_core",7,0,0.903089986991944,53.8461538461538,0,3,3,1,"datasetName;canonicalName;decimalLatitude","agui","aplochiton taeniatus",NA,NA,"río petrohué",-41.0833333327,-72.3333333332,"Cussac, V., Ortubay,","356",NA,"0",NA,NA,NA,NA,NA,NA,NA,NA,NA,NA,NA,NA,NA,NA
"11319",10891,NA,NA,"MAguilar.Lit.Review.373",NA,NA,"matched","3_core",7,0,0.903089986991944,53.8461538461538,0,3,3,1,"datasetName;canonicalName;decimalLatitude","agui","aplochiton zebra",NA,NA,"río petrohué",-41.0833333327,-72.3333333332,"Cussac, V., Ortubay,","373",NA,"0",NA,NA,NA,NA,NA,NA,NA,NA,NA,NA,NA,NA,NA,NA
"11320",10892,NA,NA,"MAguilar.Lit.Review.414",NA,NA,"matched","3_core",7,0,0.903089986991944,53.8461538461538,0,3,3,1,"datasetName;canonicalName;decimalLatitude","agui","galaxias platei",NA,NA,"río petrohué",-41.0833333327,-72.3333333332,"Cussac, V., Ortubay,","414",NA,NA,"Locality: Lago Todos los Santos y río Petrohue (current waypoint located in Lago Todos los Santos)",NA,NA,NA,NA,"Lago Todos los Santos y río Petrohue",NA,NA,NA,NA,NA,NA,NA,NA
"11327",10895,NA,NA,"MMA:ICT:0000179",NA,NA,"matched","3_core",5,2,0.301029995663981,38.4615384615385,15.3846153846154,3,3,1,"datasetName;canonicalName;decimalLatitude","mma2","aplochiton zebra",NA,NA,"río frio. rio frio",-43.583,-72.333,"FuenteReg: Campos et",NA,NA,"0",NA,NA,NA,NA,NA,NA,NA,NA,NA,NA,NA,NA,NA,NA
"11330",10898,NA,NA,"MCZ:Ich:98719","mcz:ich:98719",TRUE,"matched","3_core",11,0,1.07918124604762,84.6153846153846,0,3,3,1,"datasetName;canonicalName;decimalLatitude","idig","trichomycterus areolatus",1968,"1968-02-19","rio chacabuco, tributary of rio limay",-47.05381,-72.33268,NA,"98719","mcz",NA,"Change canonicalName to Trichomycteridae. Change scientificName to Trichomycteridae. Way out of range. Record from preserved speciment at MCZ.",NA,NA,NA,NA,NA,NA,NA,NA,NA,NA,NA,NA,NA
"11374",10936,NA,NA,"MAguilar.Lit.Review.748",NA,NA,"matched","all_core_firlds",9,0,1,69.2307692307692,0,5,5,1,"datasetName;canonicalName;decimalLatitude;decimalLongitude;bibliographicCitation","agui","oncorhynchus mykiss",2006,NA,"laguna candelaria",-41.6935860003,-72.3249220002,"Habit, E., Gonzalez,","748",NA,"1","associatedReference: (Cussac et al., 2020)",NA,"Cussac et al., 2020",NA,NA,NA,NA,NA,NA,NA,NA,NA,NA,NA
"11376",10938,NA,NA,"MAguilar.Lit.Review.493",NA,NA,"matched","all_core_firlds",7,0,0.903089986991944,53.8461538461538,0,5,5,1,"datasetName;canonicalName;decimalLatitude;decimalLongitude;bibliographicCitation","agui","oncorhynchus mykiss",NA,NA,"laguna candelaria",-41.6935860003,-72.3249220002,"Cussac, V.E.; Barran","493",NA,"0",NA,NA,NA,NA,NA,NA,NA,NA,NA,NA,NA,NA,NA,NA
"11378",10940,NA,NA,"MAguilar.Lit.Review.747",NA,NA,"matched","all_core_firlds",9,0,1,69.2307692307692,0,5,5,1,"datasetName;canonicalName;decimalLatitude;decimalLongitude;bibliographicCitation","agui","salmo trutta",2006,NA,"laguna candelaria",-41.6935860003,-72.3249220002,"Habit, E., Gonzalez,","747",NA,"1","associatedsReference: (Cussac et al., 2020) | (Ortiz-Sandoval et al., 2017)",NA,"Cussac et al., 2020) | (Ortiz-Sandoval et al., 2017",NA,NA,NA,NA,NA,NA,NA,NA,NA,NA,NA
"11379",10941,NA,NA,"MAguilar.Lit.Review.997",NA,NA,"matched","all_core_firlds",10,0,1.04139268515823,76.9230769230769,0,5,5,1,"datasetName;canonicalName;decimalLatitude;decimalLongitude;bibliographicCitation","agui","salmo trutta",2007,NA,"laguna candelaria",-41.6935860003,-72.3249220002,"Ortiz-Sandoval, J., ","997",NA,"0",NA,NA,NA,NA,NA,NA,NA,NA,NA,NA,NA,NA,NA,NA
"11380",10942,NA,NA,"MAguilar.Lit.Review.494",NA,NA,"matched","all_core_firlds",7,0,0.903089986991944,53.8461538461538,0,5,5,1,"datasetName;canonicalName;decimalLatitude;decimalLongitude;bibliographicCitation","agui","salmo trutta",NA,NA,"laguna candelaria",-41.6935860003,-72.3249220002,"Cussac, V.E.; Barran","494",NA,"0",NA,NA,NA,NA,NA,NA,NA,NA,NA,NA,NA,NA,NA,NA
"11384",10946,NA,NA,"MAguilar.Lit.Review.989",NA,NA,"matched","3_core",8,0,0.954242509439325,61.5384615384615,0,3,3,1,"datasetName;canonicalName;decimalLatitude","agui","oncorhynchus tshawytscha",NA,NA,"río aysen (chile)",-45.5576999996,-72.3245999997,"Narum, SR, Gallardo,","989",NA,"0",NA,NA,NA,NA,NA,NA,NA,NA,NA,NA,NA,NA,NA,NA
"11401",10958,NA,NA,"MAguilar.Lit.Review.795",NA,NA,"matched","3_core",9,0,1,69.2307692307692,0,3,3,1,"datasetName;canonicalName;decimalLatitude","agui","salmo trutta",2006,NA,"lago atravezado",-44.5520277778,-72.3170833329,"Habit, E., Gonzalez,","795",NA,NA,"change coordinates to -45.698800, -72.295470",NA,NA,"-45.6988","-72.29547",NA,NA,NA,NA,NA,NA,NA,NA,NA
"11408",10962,NA,NA,"MAguilar.Lit.Review.826",NA,NA,"matched","3_core",9,0,1,69.2307692307692,0,3,3,1,"datasetName;canonicalName;decimalLatitude","agui","salmo salar",2000,NA,"lago yelcho",-43.3,-72.316667,"https://www.tandfonl","826",NA,NA,"Change bibliographic reference to: Arismendi et al. (2011). Body condition indices as a rapid assessment of the abundance of introduced salmonids in oligotrophic lakes of southern Chile.",NA,NA,NA,NA,NA,NA,NA,"Arismendi, I., Penaluna, B., & Soto, D. (2011). Body condition indices as a rapid assessment of the abundance of introduced salmonids in oligotrophic lakes of southern Chile. Lake and Reservoir Management, 27(1), 61–69. https://doi.org/10.1080/07438141.2010.536617",NA,NA,NA,NA,NA
"11412",10965,NA,NA,"MAguilar.Lit.Review.824",NA,NA,"matched","all_core_firlds",9,0,1,69.2307692307692,0,5,5,1,"datasetName;canonicalName;decimalLatitude;decimalLongitude;bibliographicCitation","agui","salmo trutta",2000,NA,"lago yelcho",-43.2999999997,-72.3166666671,"https://www.tandfonl","824",NA,NA,"Change bibliographic reference to: Arismendi et al. (2011). Body condition indices as a rapid assessment of the abundance of introduced salmonids in oligotrophic lakes of southern Chile; Change species to O. mykiss",NA,NA,NA,NA,NA,NA,NA,"Arismendi, I., Penaluna, B., & Soto, D. (2011). Body condition indices as a rapid assessment of the abundance of introduced salmonids in oligotrophic lakes of southern Chile. Lake and Reservoir Management, 27(1), 61–69. https://doi.org/10.1080/07438141.2010.536617",NA,NA,NA,NA,NA
"11495",11041,NA,NA,"MAguilar.Lit.Review.774",NA,NA,"matched","all_core_firlds",9,0,1,69.2307692307692,0,5,5,1,"datasetName;canonicalName;decimalLatitude;decimalLongitude;bibliographicCitation","agui","oncorhynchus kisutch",2006,NA,"lago yelcho",-43.3063409998,-72.2874610002,"Habit, E., Gonzalez,","774",NA,"1","associated reference: (Cussac et al., 2020)",NA,"Cussac et al., 2020",NA,NA,NA,NA,NA,NA,NA,NA,NA,NA,NA
"11496",11042,NA,NA,"MAguilar.Lit.Review.539",NA,NA,"matched","all_core_firlds",7,0,0.903089986991944,53.8461538461538,0,5,5,1,"datasetName;canonicalName;decimalLatitude;decimalLongitude;bibliographicCitation","agui","oncorhynchus kisutch",NA,NA,"lago yelcho",-43.3063409998,-72.2874610002,"Cussac, V.E.; Barran","539",NA,"0",NA,NA,NA,NA,NA,NA,NA,NA,NA,NA,NA,NA,NA,NA
"11497",11043,NA,NA,"MAguilar.Lit.Review.772",NA,NA,"matched","all_core_firlds",9,0,1,69.2307692307692,0,5,5,1,"datasetName;canonicalName;decimalLatitude;decimalLongitude;bibliographicCitation","agui","oncorhynchus mykiss",2006,NA,"lago yelcho",-43.3063409998,-72.2874610002,"Habit, E., Gonzalez,","772",NA,"1","associatedReference: (Cussac et al., 2020)",NA,"Cussac et al., 2020",NA,NA,NA,NA,NA,NA,NA,NA,NA,NA,NA
"11498",11044,NA,NA,"MAguilar.Lit.Review.540",NA,NA,"matched","all_core_firlds",7,0,0.903089986991944,53.8461538461538,0,5,5,1,"datasetName;canonicalName;decimalLatitude;decimalLongitude;bibliographicCitation","agui","oncorhynchus mykiss",NA,NA,"lago yelcho",-43.3063409998,-72.2874610002,"Cussac, V.E.; Barran","540",NA,"0",NA,NA,NA,NA,NA,NA,NA,NA,NA,NA,NA,NA,NA,NA
"11499",11045,NA,NA,"MAguilar.Lit.Review.773",NA,NA,"matched","all_core_firlds",9,0,1,69.2307692307692,0,5,5,1,"datasetName;canonicalName;decimalLatitude;decimalLongitude;bibliographicCitation","agui","oncorhynchus tshawytscha",2006,NA,"lago yelcho",-43.3063409998,-72.2874610002,"Habit, E., Gonzalez,","773",NA,"1","associatedReferences: (Cussac et al., 2020)",NA,"Cussac et al., 2020",NA,NA,NA,NA,NA,NA,NA,NA,NA,NA,NA
"11500",11046,NA,NA,"MAguilar.Lit.Review.541",NA,NA,"matched","all_core_firlds",7,0,0.903089986991944,53.8461538461538,0,5,5,1,"datasetName;canonicalName;decimalLatitude;decimalLongitude;bibliographicCitation","agui","oncorhynchus tshawytscha",NA,NA,"lago yelcho",-43.3063409998,-72.2874610002,"Cussac, V.E.; Barran","541",NA,"0",NA,NA,NA,NA,NA,NA,NA,NA,NA,NA,NA,NA,NA,NA
"11501",11047,NA,NA,"MAguilar.Lit.Review.771",NA,NA,"matched","all_core_firlds",9,0,1,69.2307692307692,0,5,5,1,"datasetName;canonicalName;decimalLatitude;decimalLongitude;bibliographicCitation","agui","salmo trutta",2006,NA,"lago yelcho",-43.3063409998,-72.2874610002,"Habit, E., Gonzalez,","771",NA,"1","associatedreference: (Cussac et al., 2020)",NA,"Cussac et al., 2020",NA,NA,NA,NA,NA,NA,NA,NA,NA,NA,NA
"11502",11048,NA,NA,"MAguilar.Lit.Review.542",NA,NA,"matched","all_core_firlds",7,0,0.903089986991944,53.8461538461538,0,5,5,1,"datasetName;canonicalName;decimalLatitude;decimalLongitude;bibliographicCitation","agui","salmo trutta",NA,NA,"lago yelcho",-43.3063409998,-72.2874610002,"Cussac, V.E.; Barran","542",NA,"0",NA,NA,NA,NA,NA,NA,NA,NA,NA,NA,NA,NA,NA,NA
"11513",11066,NA,NA,"SUBPESCA.PecesContinentales2019.21138",NA,NA,"matched","3_core",9,0,1,69.2307692307692,0,3,3,1,"datasetName;canonicalName;decimalLatitude","subpesca-1","galaxias platei",2012,NA,NA,-47.399286,-72.28079,"CEA (NA) Monitoreo L","21138",NA,"0",NA,NA,NA,NA,NA,NA,NA,NA,NA,NA,NA,NA,NA,NA
"11514",11075,NA,NA,"MAguilar.Lit.Review.796",NA,NA,"matched","3_core",9,0,1,69.2307692307692,0,3,3,1,"datasetName;canonicalName;decimalLatitude","agui","salmo trutta",2006,NA,"laguna verde",-44.4416388888,-72.2801111109,"Habit, E., Gonzalez,","796",NA,NA,"change coordinates to -45.795960, -72.222054",NA,NA,"-45.79596","-72.222054",NA,NA,NA,NA,NA,NA,NA,NA,NA
"11539",11127,NA,NA,"CCorrea.Lit.Review.1358",NA,NA,"matched","3_core",7,0,0.903089986991944,53.8461538461538,0,3,3,1,"datasetName;canonicalName;decimalLatitude","fishgis_metadatabase_ccorrea","odontesthes hatcheri",1990,NA,"lago cochrane, approximately 1 km east of rancho 'la gauchita' (mondelo family) at pescadero de las truchas, a *",-47.25316,-72.25292,"Dyer, B. (1994) Spec",NA,NA,"0",NA,NA,NA,NA,NA,NA,NA,NA,NA,NA,NA,NA,NA,NA
"11542",11134,NA,NA,"0a4251aa-6afa-4a0d-ad62-6bc3df8b88ce","0a4251aa-6afa-4a0d-ad62-6bc3df8b88ce",TRUE,"matched","3_core",11,0,1.07918124604762,84.6153846153846,0,3,3,1,"datasetName;canonicalName;decimalLatitude","idig","animalia",1990,"1990-01-27","lago cochrane, prov. capitan prat, xi region; rio baker drainage",-47.25,-72.25,NA,"218451","ummz",NA,"Change canonicalName to Galaxias",NA,NA,NA,NA,NA,NA,NA,NA,NA,NA,NA,NA,NA
"11543",11136,NA,NA,"MMA:ICT:0002466",NA,NA,"matched","4plus_core",6,3,0.243038048686294,46.1538461538462,23.0769230769231,4,4,1,"datasetName;canonicalName;decimalLatitude;decimalLongitude","mma2","galaxias platei",1990,"1990-01-27","lago cochrane, prov. capitan prat, xi region; rio baker drainage. lago y rio cochrane",-47.25,-72.25,"OrigenReg: Fishnet2,",NA,NA,"0",NA,NA,NA,NA,NA,NA,NA,NA,NA,NA,NA,NA,NA,NA
"11567",11156,NA,NA,"MAguilar.Lit.Review.307",NA,NA,"matched","3_core",10,0,1.04139268515823,76.9230769230769,0,3,3,1,"datasetName;canonicalName;decimalLatitude","agui","galaxias platei",2007,NA,"lago barroso",-45.7395999999,-72.2451000001,"CORREA, C., BRAVO, A","307",NA,"0",NA,NA,NA,NA,NA,NA,NA,NA,NA,NA,NA,NA,NA,NA
"11568",11157,NA,NA,"MAguilar.Lit.Review.326",NA,NA,"matched","3_core",10,0,1.04139268515823,76.9230769230769,0,3,3,1,"datasetName;canonicalName;decimalLatitude","agui","salmo trutta",2007,NA,"lago barroso",-45.7395999999,-72.2451000001,"CORREA, C., BRAVO, A","326",NA,"0",NA,NA,NA,NA,NA,NA,NA,NA,NA,NA,NA,NA,NA,NA
"11581",11170,NA,NA,"MAguilar.Lit.Review.288",NA,NA,"matched","3_core",9,0,1,69.2307692307692,0,3,3,1,"datasetName;canonicalName;decimalLatitude","agui","salmo trutta",2007,NA,"lago barroso",-45.7372288223,-72.2420766646,"Correa, C. and Hendr","288",NA,"0",NA,NA,NA,NA,NA,NA,NA,NA,NA,NA,NA,NA,NA,NA
"11599",11186,NA,NA,"MAguilar.Lit.Review.309",NA,NA,"matched","3_core",10,0,1.04139268515823,76.9230769230769,0,3,3,1,"datasetName;canonicalName;decimalLatitude","agui","galaxias platei",2007,NA,"laguna cea",-45.6743999997,-72.2377999998,"CORREA, C., BRAVO, A","309",NA,"0",NA,NA,NA,NA,NA,NA,NA,NA,NA,NA,NA,NA,NA,NA
"11600",11187,NA,NA,"MAguilar.Lit.Review.331",NA,NA,"matched","3_core",10,0,1.04139268515823,76.9230769230769,0,3,3,1,"datasetName;canonicalName;decimalLatitude","agui","salmo trutta",2007,NA,"laguna cea",-45.6743999997,-72.2377999998,"CORREA, C., BRAVO, A","331",NA,"0",NA,NA,NA,NA,NA,NA,NA,NA,NA,NA,NA,NA,NA,NA
"11611",11198,NA,NA,"MAguilar.Lit.Review.789",NA,NA,"matched","3_core",9,0,1,69.2307692307692,0,3,3,1,"datasetName;canonicalName;decimalLatitude","agui","salmo trutta",2006,NA,"lago elizalde",-44.4637222219,-72.2366388887,"Habit, E., Gonzalez,","789",NA,NA,"change coordinates to -45.75545415215073, -72.31640773048119",NA,NA,"-45.7554541521507","-72.3164077304812",NA,NA,NA,NA,NA,NA,NA,NA,NA
"11618",11204,NA,NA,"MAguilar.Lit.Review.290",NA,NA,"matched","3_core",9,0,1,69.2307692307692,0,3,3,1,"datasetName;canonicalName;decimalLatitude","agui","salmo trutta",2007,NA,"laguna cea",-45.6720466708,-72.2347799576,"Correa, C. and Hendr","290",NA,"0",NA,NA,NA,NA,NA,NA,NA,NA,NA,NA,NA,NA,NA,NA
"11642",11229,NA,NA,"CCorrea.Lit.Review.1301",NA,NA,"matched","3_core",7,0,0.903089986991944,53.8461538461538,0,3,3,1,"datasetName;canonicalName;decimalLatitude","fishgis_metadatabase_ccorrea","salmo trutta",1984,NA,"río brigida",-44.83653,-72.21903,"Campos, H., J. Arena",NA,NA,NA,"Remove. imported from other dataset.",NA,NA,NA,NA,NA,NA,NA,NA,NA,NA,NA,NA,NA
"11644",11230,NA,NA,"MAguilar.Lit.Review.329",NA,NA,"matched","3_core",10,0,1.04139268515823,76.9230769230769,0,3,3,1,"datasetName;canonicalName;decimalLatitude","agui","oncorhynchus mykiss",2007,NA,"lago burgos",-45.7127999997,-72.2185000001,"CORREA, C., BRAVO, A","329",NA,"0",NA,NA,NA,NA,NA,NA,NA,NA,NA,NA,NA,NA,NA,NA
"11645",11231,NA,NA,"MAguilar.Lit.Review.328",NA,NA,"matched","3_core",10,0,1.04139268515823,76.9230769230769,0,3,3,1,"datasetName;canonicalName;decimalLatitude","agui","salmo trutta",2007,NA,"lago burgos",-45.7127999997,-72.2185000001,"CORREA, C., BRAVO, A","328",NA,"0",NA,NA,NA,NA,NA,NA,NA,NA,NA,NA,NA,NA,NA,NA
"11658",11239,NA,NA,"MAguilar.Lit.Review.335",NA,NA,"matched","3_core",10,0,1.04139268515823,76.9230769230769,0,3,3,1,"datasetName;canonicalName;decimalLatitude","agui","oncorhynchus mykiss",2007,NA,"lago mercedes",-45.7361000004,-72.2172999996,"CORREA, C., BRAVO, A","335",NA,"0",NA,NA,NA,NA,NA,NA,NA,NA,NA,NA,NA,NA,NA,NA
"11675",11249,NA,NA,"MAguilar.Lit.Review.285",NA,NA,"matched","3_core",9,0,1,69.2307692307692,0,3,3,1,"datasetName;canonicalName;decimalLatitude","agui","oncorhynchus mykiss",2009,NA,"lago burgos",-45.7104794503,-72.2154491364,"Correa, C. and Hendr","285",NA,"0",NA,NA,NA,NA,NA,NA,NA,NA,NA,NA,NA,NA,NA,NA
"11676",11250,NA,NA,"MAguilar.Lit.Review.296",NA,NA,"matched","3_core",9,0,1,69.2307692307692,0,3,3,1,"datasetName;canonicalName;decimalLatitude","agui","salmo trutta",2009,NA,"lago burgos",-45.7104794503,-72.2154491364,"Correa, C. and Hendr","296",NA,"0",NA,NA,NA,NA,NA,NA,NA,NA,NA,NA,NA,NA,NA,NA
"11677",11251,NA,NA,"MAguilar.Lit.Review.293",NA,NA,"matched","3_core",9,0,1,69.2307692307692,0,3,3,1,"datasetName;canonicalName;decimalLatitude","agui","salmo trutta",2009,NA,"lago mercedes",-45.7338079118,-72.2142505244,"Correa, C. and Hendr","293",NA,"0",NA,NA,NA,NA,NA,NA,NA,NA,NA,NA,NA,NA,NA,NA
"11694",11262,NA,NA,"MAguilar.Lit.Review.543",NA,NA,"matched","3_core",7,0,0.903089986991944,53.8461538461538,0,3,3,1,"datasetName;canonicalName;decimalLatitude","agui","salmo trutta",NA,NA,"lago las torres",-44.7960699998,-72.2103320002,"Cussac, V.E.; Barran","543",NA,"0",NA,NA,NA,NA,NA,NA,NA,NA,NA,NA,NA,NA,NA,NA
"11707",11272,NA,NA,"MAguilar.Lit.Review.571",NA,NA,"matched","3_core",9,0,1,69.2307692307692,0,3,3,1,"datasetName;canonicalName;decimalLatitude","agui","salmo trutta",2006,NA,"lago las torres",-44.751111111,-72.2061111113,"de Villalobos, Crist","571",NA,NA,"change coordinates to -44.807000, -72.213000",NA,NA,"-44.807","-72.213",NA,NA,NA,NA,NA,NA,NA,NA,NA
"11714",11280,NA,NA,"MAguilar.Lit.Review.786",NA,NA,"matched","all_core_firlds",9,0,1,69.2307692307692,0,5,5,1,"datasetName;canonicalName;decimalLatitude;decimalLongitude;bibliographicCitation","agui","salmo trutta",2006,NA,"lago las torres",-44.8014166672,-72.2041111108,"Habit, E., Gonzalez,","786",NA,"1","associatedReferences: (Cussac et al., 2020) | (Ortiz-Sandoval et al., 2017)",NA,"Cussac et al., 2020) | (Ortiz-Sandoval et al., 2017",NA,NA,NA,NA,NA,NA,NA,NA,NA,NA,NA
"11715",11281,NA,NA,"MAguilar.Lit.Review.1027",NA,NA,"matched","all_core_firlds",10,0,1.04139268515823,76.9230769230769,0,5,5,1,"datasetName;canonicalName;decimalLatitude;decimalLongitude;bibliographicCitation","agui","salmo trutta",2007,NA,"lago las torres",-44.8014166672,-72.2041111108,"Ortiz-Sandoval, J., ","1027",NA,"0",NA,NA,NA,NA,NA,NA,NA,NA,NA,NA,NA,NA,NA,NA
"11722",11284,NA,NA,"MAguilar.Lit.Review.334",NA,NA,"matched","3_core",10,0,1.04139268515823,76.9230769230769,0,3,3,1,"datasetName;canonicalName;decimalLatitude","agui","salmo trutta",2007,NA,"lago espejo",-45.7407000003,-72.2039999996,"CORREA, C., BRAVO, A","334",NA,"0",NA,NA,NA,NA,NA,NA,NA,NA,NA,NA,NA,NA,NA,NA
"11725",11287,NA,NA,"SUBPESCA.PecesContinentales2019.21060",NA,NA,"matched","3_core",9,0,1,69.2307692307692,0,3,3,1,"datasetName;canonicalName;decimalLatitude","subpesca-1","galaxias platei",2012,NA,NA,-47.217767,-72.203893,"CEA (NA) Monitoreo L","21060",NA,"0",NA,NA,NA,NA,NA,NA,NA,NA,NA,NA,NA,NA,NA,NA
"11726",11288,NA,NA,"SUBPESCA.PecesContinentales2019.21061",NA,NA,"matched","3_core",9,0,1,69.2307692307692,0,3,3,1,"datasetName;canonicalName;decimalLatitude","subpesca-1","percichthys trucha",2012,NA,NA,-47.217767,-72.203893,"CEA (NA) Monitoreo L","21061",NA,"0",NA,NA,NA,NA,NA,NA,NA,NA,NA,NA,NA,NA,NA,NA
"11733",11296,NA,NA,"MAguilar.Lit.Review.752",NA,NA,"matched","all_core_firlds",9,0,1,69.2307692307692,0,5,5,1,"datasetName;canonicalName;decimalLatitude;decimalLongitude;bibliographicCitation","agui","oncorhynchus kisutch",2006,NA,"lago victoria",-41.6167480002,-72.2031210004,"Habit, E., Gonzalez,","752",NA,"1","associates reference: (Cussac et al., 2020)",NA,"Cussac et al., 2020",NA,NA,NA,NA,NA,NA,NA,NA,NA,NA,NA
"11734",11297,NA,NA,"MAguilar.Lit.Review.495",NA,NA,"matched","all_core_firlds",7,0,0.903089986991944,53.8461538461538,0,5,5,1,"datasetName;canonicalName;decimalLatitude;decimalLongitude;bibliographicCitation","agui","oncorhynchus kisutch",NA,NA,"lago victoria",-41.6167480002,-72.2031210004,"Cussac, V.E.; Barran","495",NA,"0",NA,NA,NA,NA,NA,NA,NA,NA,NA,NA,NA,NA,NA,NA
"11735",11298,NA,NA,"MAguilar.Lit.Review.750",NA,NA,"matched","all_core_firlds",9,0,1,69.2307692307692,0,5,5,1,"datasetName;canonicalName;decimalLatitude;decimalLongitude;bibliographicCitation","agui","oncorhynchus mykiss",2006,NA,"lago victoria",-41.6167480002,-72.2031210004,"Habit, E., Gonzalez,","750",NA,"1","associatedReference: (Cussac et al., 2020)",NA,"Cussac et al., 2020",NA,NA,NA,NA,NA,NA,NA,NA,NA,NA,NA
"11736",11299,NA,NA,"MAguilar.Lit.Review.496",NA,NA,"matched","all_core_firlds",7,0,0.903089986991944,53.8461538461538,0,5,5,1,"datasetName;canonicalName;decimalLatitude;decimalLongitude;bibliographicCitation","agui","oncorhynchus mykiss",NA,NA,"lago victoria",-41.6167480002,-72.2031210004,"Cussac, V.E.; Barran","496",NA,"0",NA,NA,NA,NA,NA,NA,NA,NA,NA,NA,NA,NA,NA,NA
"11737",11300,NA,NA,"MAguilar.Lit.Review.751",NA,NA,"matched","all_core_firlds",9,0,1,69.2307692307692,0,5,5,1,"datasetName;canonicalName;decimalLatitude;decimalLongitude;bibliographicCitation","agui","oncorhynchus tshawytscha",2006,NA,"lago victoria",-41.6167480002,-72.2031210004,"Habit, E., Gonzalez,","751",NA,"1","associatedReference: (Cussac et al., 2020)",NA,"Cussac et al., 2020",NA,NA,NA,NA,NA,NA,NA,NA,NA,NA,NA
"11738",11301,NA,NA,"MAguilar.Lit.Review.497",NA,NA,"matched","all_core_firlds",7,0,0.903089986991944,53.8461538461538,0,5,5,1,"datasetName;canonicalName;decimalLatitude;decimalLongitude;bibliographicCitation","agui","oncorhynchus tshawytscha",NA,NA,"lago victoria",-41.6167480002,-72.2031210004,"Cussac, V.E.; Barran","497",NA,"0",NA,NA,NA,NA,NA,NA,NA,NA,NA,NA,NA,NA,NA,NA
"11739",11302,NA,NA,"MAguilar.Lit.Review.749",NA,NA,"matched","all_core_firlds",9,0,1,69.2307692307692,0,5,5,1,"datasetName;canonicalName;decimalLatitude;decimalLongitude;bibliographicCitation","agui","salmo trutta",2006,NA,"lago victoria",-41.6167480002,-72.2031210004,"Habit, E., Gonzalez,","749",NA,"1","associatedReferences: (Cussac et al., 2020)",NA,"Cussac et al., 2020",NA,NA,NA,NA,NA,NA,NA,NA,NA,NA,NA
"11740",11303,NA,NA,"MAguilar.Lit.Review.498",NA,NA,"matched","all_core_firlds",7,0,0.903089986991944,53.8461538461538,0,5,5,1,"datasetName;canonicalName;decimalLatitude;decimalLongitude;bibliographicCitation","agui","salmo trutta",NA,NA,"lago victoria",-41.6167480002,-72.2031210004,"Cussac, V.E.; Barran","498",NA,"0",NA,NA,NA,NA,NA,NA,NA,NA,NA,NA,NA,NA,NA,NA
"11749",11312,NA,NA,"MAguilar.Lit.Review.292",NA,NA,"matched","3_core",9,0,1,69.2307692307692,0,3,3,1,"datasetName;canonicalName;decimalLatitude","agui","salmo trutta",2009,NA,"lago espejo",-45.7384064296,-72.2009615681,"Correa, C. and Hendr","292",NA,"0",NA,NA,NA,NA,NA,NA,NA,NA,NA,NA,NA,NA,NA,NA
"11754",11317,NA,NA,"MAguilar.Lit.Review.825",NA,NA,"matched","all_core_firlds",9,0,1,69.2307692307692,0,5,5,1,"datasetName;canonicalName;decimalLatitude;decimalLongitude;bibliographicCitation","agui","salmo trutta",2000,NA,"lago todos los santos",-41.1333333326,-72.2000000004,"https://www.tandfonl","825",NA,NA,"Change bibliographic reference to: Arismendi et al. (2011). Body condition indices as a rapid assessment of the abundance of introduced salmonids in oligotrophic lakes of southern Chile; Change species to O. mykiss",NA,NA,NA,NA,NA,NA,NA,"Arismendi, I., Penaluna, B., & Soto, D. (2011). Body condition indices as a rapid assessment of the abundance of introduced salmonids in oligotrophic lakes of southern Chile. Lake and Reservoir Management, 27(1), 61–69. https://doi.org/10.1080/07438141.2010.536617",NA,NA,NA,NA,NA
"11765",11325,NA,NA,"MAguilar.Lit.Review.333",NA,NA,"matched","3_core",10,0,1.04139268515823,76.9230769230769,0,3,3,1,"datasetName;canonicalName;decimalLatitude","agui","oncorhynchus mykiss",2007,NA,"lago chacano",-46.1728000004,-72.1932999999,"CORREA, C., BRAVO, A","333",NA,"0",NA,NA,NA,NA,NA,NA,NA,NA,NA,NA,NA,NA,NA,NA
"11766",11326,NA,NA,"MAguilar.Lit.Review.332",NA,NA,"matched","3_core",10,0,1.04139268515823,76.9230769230769,0,3,3,1,"datasetName;canonicalName;decimalLatitude","agui","salmo trutta",2007,NA,"lago chacano",-46.1728000004,-72.1932999999,"CORREA, C., BRAVO, A","332",NA,"0",NA,NA,NA,NA,NA,NA,NA,NA,NA,NA,NA,NA,NA,NA
"11778",11339,NA,NA,"MAguilar.Lit.Review.287",NA,NA,"matched","3_core",9,0,1,69.2307692307692,0,3,3,1,"datasetName;canonicalName;decimalLatitude","agui","oncorhynchus mykiss",2009,NA,"lago chacano",-46.1705326216,-72.1903100985,"Correa, C. and Hendr","287",NA,"0",NA,NA,NA,NA,NA,NA,NA,NA,NA,NA,NA,NA,NA,NA
"11779",11340,NA,NA,"MAguilar.Lit.Review.291",NA,NA,"matched","3_core",9,0,1,69.2307692307692,0,3,3,1,"datasetName;canonicalName;decimalLatitude","agui","salmo trutta",2009,NA,"lago chacano",-46.1705326216,-72.1903100985,"Correa, C. and Hendr","291",NA,"0",NA,NA,NA,NA,NA,NA,NA,NA,NA,NA,NA,NA,NA,NA
"11963",11507,NA,NA,"MAguilar.Lit.Review.1424",NA,NA,"matched","3_core",10,0,1.04139268515823,76.9230769230769,0,3,3,1,"datasetName;canonicalName;decimalLatitude","agui","galaxias platei",1998,NA,"lago belgrano",-47.8694444439,-72.1461111107,"ZEMLAK, T.S., HABIT,","1424",NA,"1",NA,NA,"Ruzzante et al. 2008.","-47.869444","-72.146111",NA,NA,NA,NA,NA,NA,NA,NA,NA
"11974",11518,NA,NA,"MAguilar.Lit.Review.985",NA,NA,"matched","3_core",8,0,0.954242509439325,61.5384615384615,0,3,3,1,"datasetName;canonicalName;decimalLatitude","agui","salvelinus fontinalis",NA,NA,"los lagos laguna (chile)",-41.9180999999,-72.1421000004,"Narum, SR, Gallardo,","985",NA,"0","Coordenada imprecisa.",NA,NA,NA,NA,NA,NA,NA,NA,NA,NA,NA,NA,NA
"12024",11568,NA,NA,"MAguilar.Lit.Review.1379",NA,NA,"matched","4plus_core",8,0,0.954242509439325,61.5384615384615,0,4,4,1,"datasetName;canonicalName;decimalLatitude;decimalLongitude","agui","hatcheria macraei",NA,NA,"huichalao",-45.4999999998,-72.1333333327,"Zama A. y Cárdenas E","1379",NA,"0",NA,NA,NA,NA,NA,NA,NA,NA,NA,NA,NA,NA,NA,NA
"12026",11569,NA,NA,"MMA:ICT:0002748",NA,NA,"matched","3_core",5,2,0.301029995663981,38.4615384615385,15.3846153846154,3,3,1,"datasetName;canonicalName;decimalLatitude","mma2","hatcheria macraei",NA,NA,"río ñirehuao. rio nireguao entre rio norte y rio picaflor",-45.167,-72.133,"FuenteReg: Campos et",NA,NA,"0",NA,NA,NA,NA,NA,NA,NA,NA,NA,NA,NA,NA,NA,NA
"12028",11570,NA,NA,"MMA:ICT:0002485",NA,NA,"matched","3_core",5,2,0.301029995663981,38.4615384615385,15.3846153846154,3,3,1,"datasetName;canonicalName;decimalLatitude","mma2","galaxias platei",NA,NA,"lago pedro aguirre cerda. rio picaflor hasta rio turbio",-45.033,-72.133,"FuenteReg: Campos et",NA,NA,"0",NA,NA,NA,NA,NA,NA,NA,NA,NA,NA,NA,NA,NA,NA
"12058",11600,NA,NA,"MAguilar.Lit.Review.148",NA,NA,"matched","3_core",10,0,1.04139268515823,76.9230769230769,0,3,3,1,"datasetName;canonicalName;decimalLatitude","agui","oncorhynchus tshawytscha",2004,NA,"aysén-ñireguao",-45.1700000001,-72.1200000002,"Alò D, Correa C, Sam","148",NA,"0",NA,NA,NA,NA,NA,NA,NA,NA,NA,NA,NA,NA,NA,NA
"12067",11609,NA,NA,"MCZ:Ich:98722","mcz:ich:98722",TRUE,"matched","3_core",11,0,1.07918124604762,84.6153846153846,0,3,3,1,"datasetName;canonicalName;decimalLatitude","idig","trichomycterus areolatus",1968,"1968-02-17","stream entering lago buenos ayres.",-46.5263,-72.11705,NA,"98722","mcz",NA,"Change canonicalName to Trichomycteridae. Change scientificName to Trichomycteridae. Way out of range. Record from preserved speciment at MCZ.",NA,NA,NA,NA,NA,NA,NA,NA,NA,NA,NA,NA,NA
"12071",11613,NA,NA,"MAguilar.Lit.Review.350",NA,NA,"matched","3_core",9,0,1,69.2307692307692,0,3,3,1,"datasetName;canonicalName;decimalLatitude","agui","oncorhynchus tshawytscha",2004,NA,"río ñireguao",-45.1666666674,-72.1166666666,"Correa, C., Gross, M","350",NA,"0",NA,NA,NA,NA,NA,NA,NA,NA,NA,NA,NA,NA,NA,NA
"12157",11694,NA,NA,"MAguilar.Lit.Review.464",NA,NA,"matched","3_core",7,0,0.903089986991944,53.8461538461538,0,3,3,1,"datasetName;canonicalName;decimalLatitude","agui","galaxias platei",NA,NA,"lago don poli",-46.2166666671,-72.0833333328,"Cussac, V., Ortubay,","464",NA,NA,"Change coordinates to -46.241262, -71.964272",NA,NA,"-46.241262","-71.964272",NA,NA,NA,NA,NA,NA,NA,NA,NA
"12158",11695,NA,NA,"MAguilar.Lit.Review.348",NA,NA,"matched","3_core",9,0,1,69.2307692307692,0,3,3,1,"datasetName;canonicalName;decimalLatitude","agui","oncorhynchus tshawytscha",2004,NA,"río simpson",-45.7166666672,-72.0833333328,"Correa, C., Gross, M","348",NA,"0",NA,NA,NA,NA,NA,NA,NA,NA,NA,NA,NA,NA,NA,NA
"12159",11696,NA,NA,"MAguilar.Lit.Review.1059",NA,NA,"matched","4plus_core",7,0,0.903089986991944,53.8461538461538,0,4,4,1,"datasetName;canonicalName;decimalLatitude;decimalLongitude","agui","aplochiton zebra",NA,NA,"-",-45.5666666666,-72.0833333328,"Rademacher K. 2007. ","1059",NA,"0",NA,NA,NA,NA,NA,NA,NA,NA,NA,NA,NA,NA,NA,NA
"12191",11722,NA,NA,"MAguilar.Lit.Review.1355",NA,NA,"matched","4plus_core",8,0,0.954242509439325,61.5384615384615,0,4,4,1,"datasetName;canonicalName;decimalLatitude;decimalLongitude","agui","aplochiton zebra",NA,NA,"río claro",-45.5666666666,-72.0666666667,"Zama A. y Cárdenas E","1355",NA,"0",NA,NA,NA,NA,NA,NA,NA,NA,NA,NA,NA,NA,NA,NA
"12192",11723,NA,NA,"MAguilar.Lit.Review.1378",NA,NA,"matched","3_core",8,0,0.954242509439325,61.5384615384615,0,3,3,1,"datasetName;canonicalName;decimalLatitude","agui","hatcheria macraei",NA,NA,"coyhaique",-45.5666666666,-72.0666666667,"Zama A. y Cárdenas E","1378",NA,"0",NA,NA,NA,NA,NA,NA,NA,NA,NA,NA,NA,NA,NA,NA
"12269",11797,NA,NA,"urn:catalog:CAS:ICH:38644","urn:catalog:cas:ich:38644",TRUE,"matched","3_core",11,0,1.07918124604762,84.6153846153846,0,3,3,1,"datasetName;canonicalName;decimalLatitude","idig","percichthys trucha",1919,"1919-02-27","peulla; 190 m elev.",-41.083333,-72.033333,NA,"38644","cas","1","associatedReference: (Eigenmann 1928)",NA,"Eigenmann 1928",NA,NA,NA,NA,NA,NA,NA,NA,NA,NA,NA
"12273",11801,NA,NA,"baedec8c-c205-47f1-b65d-92ec0eaaf4d1","baedec8c-c205-47f1-b65d-92ec0eaaf4d1",TRUE,"matched","3_core",11,0,1.07918124604762,84.6153846153846,0,3,3,1,"datasetName;canonicalName;decimalLatitude","gbif","aplochiton taeniatus",1919,"1919","peulla, lago todos santos, 190 m. elev",-41.0833,-72.0333,NA,"89063","fmnh","0",NA,NA,NA,NA,NA,NA,NA,NA,NA,NA,NA,NA,NA,NA
"12275",NA,NA,"unlink, record via iDigBio",NA,"0a90e9cd-2ea0-4f05-8da1-02bf6d18db44",NA,"no_match","no_match",NA,NA,NA,NA,NA,NA,NA,0,NA,"gbif","aplochiton zebra",NA,NA,"peulla, lago todos santos, 190 m elev",-41.0833,-72.0333,NA,"78368","fmnh","0",NA,NA,NA,NA,NA,NA,NA,NA,NA,NA,NA,NA,NA,NA
"12276",11803,NA,NA,"0a90e9cd-2ea0-4f05-8da1-02bf6d18db44","0a90e9cd-2ea0-4f05-8da1-02bf6d18db44",TRUE,"matched","3_core",9,0,1,69.2307692307692,0,3,3,1,"datasetName;canonicalName;decimalLatitude","idig","aplochiton zebra",NA,NA,"peulla, lago todos santos, 190 m elev",-41.0833,-72.0333,NA,"78368","fmnh","1","year: 1919",NA,NA,NA,NA,NA,"1919",NA,NA,NA,NA,NA,NA,NA
"12277",11805,NA,NA,"394ca869-3888-439c-8d6e-881f19be9e13","394ca869-3888-439c-8d6e-881f19be9e13",TRUE,"matched","4plus_core",11,0,1.07918124604762,84.6153846153846,0,5,4,1,"datasetName;canonicalName;decimalLatitude;decimalLongitude;catalogNumber","gbif","galaxias maculatus",1919,"1919","peulla; lago todos santos, 190 m. elev",-41.0833,-72.0333,NA,"80322","fmnh","0",NA,NA,NA,NA,NA,NA,NA,NA,NA,NA,NA,NA,NA,NA
"12281",11809,NA,NA,"9c7a1d2f-5163-43cf-9c93-f64f12c7d280","9c7a1d2f-5163-43cf-9c93-f64f12c7d280",TRUE,"matched","3_core",11,0,1.07918124604762,84.6153846153846,0,3,3,1,"datasetName;canonicalName;decimalLatitude","gbif","galaxias platei",1919,"1919-02","peulla: lago tados santos 190 m. elev",-41.0833,-72.0333,NA,"78410","fmnh","0",NA,NA,NA,NA,NA,NA,NA,NA,NA,NA,NA,NA,NA,NA
"12286",NA,NA,NA,NA,NA,NA,"no_match","no_match",NA,NA,NA,NA,NA,NA,NA,0,NA,"mma2","aplochiton zebra",1919,NA,"lago todos los santos. en puella. lago todos los santos",-41.083,-72.033,"FuenteReg: Eigenmann",NA,NA,"0",NA,NA,NA,NA,NA,NA,NA,NA,NA,NA,NA,NA,NA,NA
"12292",11815,NA,NA,"MMA:ICT:0003748",NA,NA,"matched","3_core",5,2,0.301029995663981,38.4615384615385,15.3846153846154,3,3,1,"datasetName;canonicalName;decimalLatitude","mma2","percichthys trucha",1919,NA,"lago todos los santos. en puella. lago todos los santos",-41.083,-72.033,"FuenteReg: Eigenmann",NA,NA,"0",NA,NA,NA,NA,NA,NA,NA,NA,NA,NA,NA,NA,NA,NA
"12294",11816,NA,NA,"MMA:ICT:0005228",NA,NA,"matched","3_core",5,2,0.301029995663981,38.4615384615385,15.3846153846154,3,3,1,"datasetName;canonicalName;decimalLatitude","mma2","trichomycterus areolatus",1919,NA,"lago todos los santos. en peulla. lago todos los santos",-41.083,-72.033,"FuenteReg: Eigenmann",NA,NA,"0",NA,NA,NA,NA,NA,NA,NA,NA,NA,NA,NA,NA,NA,NA
"12311",11830,NA,NA,"MAguilar.Lit.Review.557",NA,NA,"matched","3_core",7,0,0.903089986991944,53.8461538461538,0,3,3,1,"datasetName;canonicalName;decimalLatitude","agui","salmo trutta",NA,NA,"lago jeinimeni",-46.8543800003,-72.0266579999,"Cussac, V.E.; Barran","557",NA,"0",NA,NA,NA,NA,NA,NA,NA,NA,NA,NA,NA,NA,NA,NA
"12319",11836,NA,NA,"MAguilar.Lit.Review.777",NA,NA,"matched","all_core_firlds",9,0,1,69.2307692307692,0,5,5,1,"datasetName;canonicalName;decimalLatitude;decimalLongitude;bibliographicCitation","agui","salmo trutta",2006,NA,"lago jeinimeni",-46.8532460002,-72.0258759998,"Habit, E., Gonzalez,","777",NA,"1","associatedReferences: (Cussac et al., 2020) | (Ortiz-Sandoval et al., 2017)",NA,"Cussac et al., 2020) | (Ortiz-Sandoval et al., 2017",NA,NA,NA,NA,NA,NA,NA,NA,NA,NA,NA
"12320",11837,NA,NA,"MAguilar.Lit.Review.1008",NA,NA,"matched","all_core_firlds",10,0,1.04139268515823,76.9230769230769,0,5,5,1,"datasetName;canonicalName;decimalLatitude;decimalLongitude;bibliographicCitation","agui","salmo trutta",2007,NA,"lago jeinimeni",-46.8532460002,-72.0258759998,"Ortiz-Sandoval, J., ","1008",NA,"0",NA,NA,NA,NA,NA,NA,NA,NA,NA,NA,NA,NA,NA,NA
"12328",13086,NA,"unlink, record via iDigBio","CENPAT-CONICET-CNPICT-CNPICT1983/105","urn:catalog:cas:ich:13511",FALSE,"matched","2_core",2,7,-0.425968732272281,15.3846153846154,53.8461538461538,2,2,1,"datasetName;canonicalName","gbif","aplochiton",1919,"1919-02","peulla",-41.085732,-72.021984,NA,"13511","cas","0",NA,NA,NA,NA,NA,NA,NA,NA,NA,NA,NA,NA,NA,NA
"12338",11852,NA,NA,"MAguilar.Lit.Review.317",NA,NA,"matched","3_core",10,0,1.04139268515823,76.9230769230769,0,3,3,1,"datasetName;canonicalName;decimalLatitude","agui","galaxias platei",2007,NA,"lago monreal2",-45.8724999998,-72.0208999996,"CORREA, C., BRAVO, A","317",NA,"0",NA,NA,NA,NA,NA,NA,NA,NA,NA,NA,NA,NA,NA,NA
"12339",11853,NA,NA,"MAguilar.Lit.Review.337",NA,NA,"matched","3_core",10,0,1.04139268515823,76.9230769230769,0,3,3,1,"datasetName;canonicalName;decimalLatitude","agui","oncorhynchus mykiss",2007,NA,"lago monreal 2",-45.8724999998,-72.0208999996,"CORREA, C., BRAVO, A","337",NA,"0",NA,NA,NA,NA,NA,NA,NA,NA,NA,NA,NA,NA,NA,NA
"12340",11854,NA,NA,"MAguilar.Lit.Review.336",NA,NA,"matched","3_core",10,0,1.04139268515823,76.9230769230769,0,3,3,1,"datasetName;canonicalName;decimalLatitude","agui","salmo trutta",2007,NA,"lago monreal 2",-45.8724999998,-72.0208999996,"CORREA, C., BRAVO, A","336",NA,"0",NA,NA,NA,NA,NA,NA,NA,NA,NA,NA,NA,NA,NA,NA
"12351",NA,NA,"5631",NA,NA,NA,"no_match","no_match",NA,NA,NA,NA,NA,NA,NA,0,NA,"fishgis_metadatabase_ccorrea","oncorhynchus keta",1986,NA,"río prat",-52.68588,-72.01994,"CORFO-IFOP (1990) Un",NA,NA,NA,"change coordinates to: -51.556418, -72.736240",NA,NA,"-51.556418","-72.73624",NA,NA,NA,NA,NA,NA,NA,NA,NA
"12355",11863,NA,NA,"MMA:ICT:0002747",NA,NA,"matched","3_core",5,2,0.301029995663981,38.4615384615385,15.3846153846154,3,3,1,"datasetName;canonicalName;decimalLatitude","mma2","hatcheria macraei",NA,NA,"río manso. rio manso entre rio steffen y rio puelo",-41.726,-72.019,"FuenteReg: Unmack et",NA,NA,"1","associatedReference: (Unmack et al. 2012)",NA,"Unmack et al. 2012",NA,NA,NA,NA,NA,NA,NA,NA,NA,NA,NA
"12356",11864,NA,NA,"MMA:ICT:0002766",NA,NA,"matched","3_core",5,2,0.301029995663981,38.4615384615385,15.3846153846154,3,3,1,"datasetName;canonicalName;decimalLatitude","mma2","hatcheria macraei",NA,NA,"río manso. puelo-pacific. rio manso entre rio steffen y rio puelo",-41.726389,-72.018694,"FuenteReg: Publicaci",NA,NA,NA,"bibliograph: Unmack et al. 2012. Phylogeography of the catfish Hatcheria macraei reveals a negligible role of drainage divides in structuring populations",NA,NA,NA,NA,NA,NA,NA,NA,NA,NA,NA,NA,NA
"12361",11868,NA,NA,"MAguilar.Lit.Review.283",NA,NA,"matched","3_core",9,0,1,69.2307692307692,0,3,3,1,"datasetName;canonicalName;decimalLatitude","agui","oncorhynchus mykiss",2009,NA,"lago monreal2",-45.8701981553,-72.0178639999,"Correa, C. and Hendr","283",NA,"0",NA,NA,NA,NA,NA,NA,NA,NA,NA,NA,NA,NA,NA,NA
"12362",11869,NA,NA,"MAguilar.Lit.Review.294",NA,NA,"matched","3_core",9,0,1,69.2307692307692,0,3,3,1,"datasetName;canonicalName;decimalLatitude","agui","salmo trutta",2009,NA,"lago monreal2",-45.8701981553,-72.0178639999,"Correa, C. and Hendr","294",NA,"0",NA,NA,NA,NA,NA,NA,NA,NA,NA,NA,NA,NA,NA,NA
"12402",NA,NA,"unlink, record via iDigBio",NA,"urn:catalog:cas:ich:76889",NA,"no_match","no_match",NA,NA,NA,NA,NA,NA,NA,0,NA,"gbif","hatcheria macraei",NA,NA,"argentina",-47,-72,NA,"76889","cas","0",NA,NA,NA,NA,NA,NA,NA,NA,NA,NA,NA,NA,NA,NA
"12405",11905,NA,NA,"MAguilar.Lit.Review.973",NA,NA,"matched","3_core",9,0,1,69.2307692307692,0,3,3,1,"datasetName;canonicalName;decimalLatitude","agui","oncorhynchus tshawytscha",2016,NA,"río ñireguao",-45.1700400001,-71.9972899999,"Muñoz, Nicolas J., R","973",NA,"0",NA,NA,NA,NA,NA,NA,NA,NA,NA,NA,NA,NA,NA,NA
"12406",11906,NA,NA,"MAguilar.Lit.Review.1034",NA,NA,"matched","3_core",10,0,1.04139268515823,76.9230769230769,0,3,3,1,"datasetName;canonicalName;decimalLatitude","agui","aplochiton zebra",2007,NA,"lago la paloma",-44.3486666672,-71.987944444,"Ortiz-Sandoval, J., ","1034",NA,NA,"change coordinates to -45.904804, -72.098064",NA,NA,"-45.904804","-72.098064",NA,NA,NA,NA,NA,NA,NA,NA,NA
"12407",11907,NA,NA,"MAguilar.Lit.Review.1035",NA,NA,"matched","3_core",10,0,1.04139268515823,76.9230769230769,0,3,3,1,"datasetName;canonicalName;decimalLatitude","agui","oncorhynchus mykiss",2007,NA,"lago la paloma",-44.3486666672,-71.987944444,"Ortiz-Sandoval, J., ","1035",NA,NA,"change coordinates to -45.904804, -72.098064",NA,NA,"-45.904804","-72.098064",NA,NA,NA,NA,NA,NA,NA,NA,NA
"12408",11908,NA,NA,"MAguilar.Lit.Review.790",NA,NA,"matched","all_core_firlds",9,0,1,69.2307692307692,0,5,5,1,"datasetName;canonicalName;decimalLatitude;decimalLongitude;bibliographicCitation","agui","salmo trutta",2006,NA,"lago la paloma",-44.3486666672,-71.987944444,"Habit, E., Gonzalez,","790",NA,"1","change coordinates to -45.912403, -72.107499; associatedReference: (Ortiz-Sandoval et al., 2017)",NA,"Ortiz-Sandoval et al., 2017","-45.912403","-72.107499",NA,NA,NA,NA,NA,NA,NA,NA,NA
"12409",11909,NA,NA,"MAguilar.Lit.Review.1033",NA,NA,"matched","all_core_firlds",10,0,1.04139268515823,76.9230769230769,0,5,5,1,"datasetName;canonicalName;decimalLatitude;decimalLongitude;bibliographicCitation","agui","salmo trutta",2007,NA,"lago la paloma",-44.3486666672,-71.987944444,"Ortiz-Sandoval, J., ","1033",NA,"0","change coordinates to -45.904804, -72.098064",NA,NA,"-45.904804","-72.098064",NA,NA,NA,NA,NA,NA,NA,NA,NA
"12432",11932,NA,NA,"dc526799-1ed3-11e3-bfac-90b11c41863e","dc526799-1ed3-11e3-bfac-90b11c41863e",TRUE,"matched","3_core",11,0,1.07918124604762,84.6153846153846,0,3,3,1,"datasetName;canonicalName;decimalLatitude","vert","diplomystes camposensis",1976,"1976-02-21","curalufu river",-43.30718,-71.971761,"University of Kansas","19257","ku",NA,"Change coordinates to -39.818333, -72.863889, extracted from Arratia y Quezada 2017",NA,NA,"-39.818333","-72.863889",NA,NA,NA,NA,NA,NA,NA,NA,NA
"12434",11933,NA,"good","dc528c2f-1ed3-11e3-bfac-90b11c41863e","dc528c2f-1ed3-11e3-bfac-90b11c41863e",TRUE,"matched","2_core",11,0,1.07918124604762,84.6153846153846,0,2,2,1,"datasetName;canonicalName","vert","percichthys trucha",1976,"1976-02-10","curalelfu river",-43.30718,-71.971761,"University of Kansas","19290","ku",NA,"Change coordinates to -39.818333, -72.863889, extracted from Arratia y Quezada 2017",NA,NA,"-39.818333","-72.863889",NA,NA,NA,NA,NA,NA,NA,NA,NA
"12438",11935,NA,"good","dc5211e2-1ed3-11e3-bfac-90b11c41863e","dc5211e2-1ed3-11e3-bfac-90b11c41863e",TRUE,"matched","2_core",11,0,1.07918124604762,84.6153846153846,0,2,2,1,"datasetName;canonicalName","vert","trichomycterus areolatus",1976,"1976-02-21","curalufu river",-43.30718,-71.971761,"University of Kansas","19217","ku",NA,"Change coordinates to -39.818333, -72.863889, extracted from Arratia y Quezada 2017",NA,NA,"-39.818333","-72.863889",NA,NA,NA,NA,NA,NA,NA,NA,NA
"12475",11971,NA,NA,"MAguilar.Lit.Review.972",NA,NA,"matched","3_core",9,0,1,69.2307692307692,0,3,3,1,"datasetName;canonicalName;decimalLatitude","agui","oncorhynchus tshawytscha",2016,NA,"río el toqui",-45.0272310002,-71.9504570004,"Muñoz, Nicolas J., R","972",NA,"0",NA,NA,NA,NA,NA,NA,NA,NA,NA,NA,NA,NA,NA,NA
"12480",11974,NA,NA,"MAguilar.Lit.Review.1374",NA,NA,"matched","3_core",8,0,0.954242509439325,61.5384615384615,0,3,3,1,"datasetName;canonicalName;decimalLatitude","agui","galaxias platei",NA,NA,"lago don poli",-46.2333333332,-71.95,"Zama A. y Cárdenas E","1374",NA,"0","Change coordinates to -46.241262, -71.964272",NA,NA,"-46.241262","-71.964272",NA,NA,NA,NA,NA,NA,NA,NA,NA
"12497",11992,NA,NA,"MAguilar.Lit.Review.311",NA,NA,"matched","3_core",10,0,1.04139268515823,76.9230769230769,0,3,3,1,"datasetName;canonicalName;decimalLatitude","agui","galaxias platei",2007,NA,"lago frío",-45.6674999998,-71.9438000001,"CORREA, C., BRAVO, A","311",NA,"0",NA,NA,NA,NA,NA,NA,NA,NA,NA,NA,NA,NA,NA,NA
"12498",11993,NA,NA,"MAguilar.Lit.Review.312",NA,NA,"matched","3_core",10,0,1.04139268515823,76.9230769230769,0,3,3,1,"datasetName;canonicalName;decimalLatitude","agui","oncorhynchus mykiss",2007,NA,"lago frío",-45.6674999998,-71.9438000001,"CORREA, C., BRAVO, A","312",NA,"0",NA,NA,NA,NA,NA,NA,NA,NA,NA,NA,NA,NA,NA,NA
"12506",11998,NA,NA,"MAguilar.Lit.Review.282",NA,NA,"matched","3_core",9,0,1,69.2307692307692,0,3,3,1,"datasetName;canonicalName;decimalLatitude","agui","oncorhynchus mykiss",2007,NA,"lago frío",-45.6652032195,-71.9407879088,"Correa, C. and Hendr","282",NA,"0",NA,NA,NA,NA,NA,NA,NA,NA,NA,NA,NA,NA,NA,NA
"12507",11999,NA,NA,"MAguilar.Lit.Review.301",NA,NA,"matched","3_core",9,0,1,69.2307692307692,0,3,3,1,"datasetName;canonicalName;decimalLatitude","agui","salmo trutta",2007,NA,"lago frío",-45.6652032195,-71.9407879088,"Correa, C. and Hendr","301",NA,"0",NA,NA,NA,NA,NA,NA,NA,NA,NA,NA,NA,NA,NA,NA
"12515",12007,NA,NA,"MAguilar.Lit.Review.770",NA,NA,"matched","all_core_firlds",9,0,1,69.2307692307692,0,5,5,1,"datasetName;canonicalName;decimalLatitude;decimalLongitude;bibliographicCitation","agui","salvelinus fontinalis",2006,NA,"lago lonconao",-43.2460749996,-71.9375519997,"Habit, E., Gonzalez,","770",NA,"1","associatedReference: (Cussac et al., 2020)",NA,"Cussac et al., 2020",NA,NA,NA,NA,NA,NA,NA,NA,NA,NA,NA
"12516",12008,NA,NA,"MAguilar.Lit.Review.538",NA,NA,"matched","all_core_firlds",7,0,0.903089986991944,53.8461538461538,0,5,5,1,"datasetName;canonicalName;decimalLatitude;decimalLongitude;bibliographicCitation","agui","salvelinus fontinalis",NA,NA,"lago lonconao",-43.2460749996,-71.9375519997,"Cussac, V.E.; Barran","538",NA,"0",NA,NA,NA,NA,NA,NA,NA,NA,NA,NA,NA,NA,NA,NA
"12550",12037,NA,NA,"MAguilar.Lit.Review.1393",NA,NA,"matched","3_core",8,0,0.954242509439325,61.5384615384615,0,3,3,1,"datasetName;canonicalName;decimalLatitude","agui","percichthys trucha",NA,NA,"puerto ibañez (lago gral carrera)",-46.2833333331,-71.9333333331,"Zama A. y Cárdenas E","1393",NA,"0",NA,NA,NA,NA,NA,NA,NA,NA,NA,NA,NA,NA,NA,NA
"12635",12117,NA,"good","MMA:ICT:0002772",NA,NA,"matched","3_core",5,2,0.301029995663981,38.4615384615385,15.3846153846154,3,3,1,"datasetName;canonicalName;decimalLatitude","mma2","hatcheria macraei",NA,NA,"río blanco. baker-pacific. rio blanco",-45.819538,-71.916997,"FuenteReg: Publicaci",NA,NA,NA,"bibliograph: Unmack et al. 2012. Phylogeography of the catfish Hatcheria macraei reveals a negligible role of drainage divides in structuring populations",NA,NA,NA,NA,NA,NA,NA,"Unmack, P. J., Barriga, J. P., Battini, M. A., Habit, E. M., & Johnson, J. B. (2012). Phylogeography of the catfish Hatcheria macraei reveals a negligible role of drainage divides in structuring populations. Molecular Ecology, 21(4), 942–959. https://doi.org/10.1111/j.1365-294X.2011.05408.x",NA,NA,NA,NA,NA
"12671",12160,NA,NA,"MAguilar.Lit.Review.321",NA,NA,"matched","3_core",10,0,1.04139268515823,76.9230769230769,0,3,3,1,"datasetName;canonicalName;decimalLatitude","agui","galaxias platei",2007,NA,"lago quijada",-45.7177,-71.9110000001,"CORREA, C., BRAVO, A","321",NA,"0",NA,NA,NA,NA,NA,NA,NA,NA,NA,NA,NA,NA,NA,NA
"12672",12161,NA,NA,"MAguilar.Lit.Review.341",NA,NA,"matched","3_core",10,0,1.04139268515823,76.9230769230769,0,3,3,1,"datasetName;canonicalName;decimalLatitude","agui","salmo trutta",2007,NA,"lago quijada",-45.7177,-71.9110000001,"CORREA, C., BRAVO, A","341",NA,"0",NA,NA,NA,NA,NA,NA,NA,NA,NA,NA,NA,NA,NA,NA
"12691",12177,NA,NA,"MAguilar.Lit.Review.298",NA,NA,"matched","3_core",9,0,1,69.2307692307692,0,3,3,1,"datasetName;canonicalName;decimalLatitude","agui","salmo trutta",2009,NA,"lago quijada",-45.7153470434,-71.9079960784,"Correa, C. and Hendr","298",NA,"0",NA,NA,NA,NA,NA,NA,NA,NA,NA,NA,NA,NA,NA,NA
"12701",12187,NA,NA,"SUBPESCA.PecesContinentales2019.20795",NA,NA,"matched","3_core",9,0,1,69.2307692307692,0,3,3,1,"datasetName;canonicalName;decimalLatitude","subpesca-1","galaxias maculatus",2012,NA,NA,-44.237694,-71.893648,"ND (NA) Proyecto Sis","20795",NA,"0",NA,NA,NA,NA,NA,NA,NA,NA,NA,NA,NA,NA,NA,NA
"12713",12198,NA,NA,"MAguilar.Lit.Review.759",NA,NA,"matched","all_core_firlds",9,0,1,69.2307692307692,0,5,5,1,"datasetName;canonicalName;decimalLatitude;decimalLongitude;bibliographicCitation","agui","oncorhynchus mykiss",2006,NA,"lago blanco",-41.9462019999,-71.8874749999,"Habit, E., Gonzalez,","759",NA,"1","associatedsReference: (Cussac et al., 2020)",NA,"Cussac et al., 2020",NA,NA,NA,NA,NA,NA,NA,NA,NA,NA,NA
"12714",12199,NA,NA,"MAguilar.Lit.Review.517",NA,NA,"matched","all_core_firlds",7,0,0.903089986991944,53.8461538461538,0,5,5,1,"datasetName;canonicalName;decimalLatitude;decimalLongitude;bibliographicCitation","agui","oncorhynchus mykiss",NA,NA,"lago blanco",-41.9462019999,-71.8874749999,"Cussac, V.E.; Barran","517",NA,"0",NA,NA,NA,NA,NA,NA,NA,NA,NA,NA,NA,NA,NA,NA
"12715",12200,NA,NA,"MAguilar.Lit.Review.760",NA,NA,"matched","all_core_firlds",9,0,1,69.2307692307692,0,5,5,1,"datasetName;canonicalName;decimalLatitude;decimalLongitude;bibliographicCitation","agui","oncorhynchus tshawytscha",2006,NA,"lago blanco",-41.9462019999,-71.8874749999,"Habit, E., Gonzalez,","760",NA,"1","associatedReference: (Cussac et al., 2020)",NA,"Cussac et al., 2020",NA,NA,NA,NA,NA,NA,NA,NA,NA,NA,NA
"12716",12201,NA,NA,"MAguilar.Lit.Review.518",NA,NA,"matched","all_core_firlds",7,0,0.903089986991944,53.8461538461538,0,5,5,1,"datasetName;canonicalName;decimalLatitude;decimalLongitude;bibliographicCitation","agui","oncorhynchus tshawytscha",NA,NA,"lago blanco",-41.9462019999,-71.8874749999,"Cussac, V.E.; Barran","518",NA,"0",NA,NA,NA,NA,NA,NA,NA,NA,NA,NA,NA,NA,NA,NA
"12726",12215,NA,"unlink, same colection diff batch","de80666b-7607-4ce4-b4ab-a9bcd9fcdd2d","urn:catalog:cas:ich:78424",FALSE,"matched","3_core",5,6,-0.0669467896306132,38.4615384615385,46.1538461538462,3,3,1,"datasetName;canonicalName;decimalLatitude","gbif","aplochiton zebra",1919,"1919","at mouth of creek near base of monte tronador, casa panque; 320 m elev.",-41.05,-71.883333,NA,"78424","cas","0",NA,NA,NA,NA,NA,NA,NA,NA,NA,NA,NA,NA,NA,NA
"12728",NA,NA,"unlink, record via iDigBio",NA,"urn:catalog:cas:ich:28570",NA,"no_match","no_match",NA,NA,NA,NA,NA,NA,NA,0,NA,"gbif","trichomycterus areolatus",1919,"1919-03","at mouth of creek near base of monte tronador, casa panque; 320 m elev.",-41.05,-71.883333,NA,"28570","cas","0",NA,NA,NA,NA,NA,NA,NA,NA,NA,NA,NA,NA,NA,NA
"12730",12215,NA,"good","de80666b-7607-4ce4-b4ab-a9bcd9fcdd2d","de80666b-7607-4ce4-b4ab-a9bcd9fcdd2d",TRUE,"matched","3_core",11,0,1.07918124604762,84.6153846153846,0,3,3,1,"datasetName;canonicalName;decimalLatitude","gbif","aplochiton zebra",1919,"1919","casa panque",-41.05,-71.8833,NA,"77399","fmnh","0",NA,NA,NA,NA,NA,NA,NA,NA,NA,NA,NA,NA,NA,NA
"12731",12216,NA,NA,"de80666b-7607-4ce4-b4ab-a9bcd9fcdd2d","de80666b-7607-4ce4-b4ab-a9bcd9fcdd2d",TRUE,"matched","4plus_core",9,0,1,69.2307692307692,0,4,4,1,"datasetName;canonicalName;decimalLatitude;decimalLongitude","idig","aplochiton zebra",1919,NA,"casa panque",-41.05,-71.8833,NA,"77399","fmnh","1","year: 1919",NA,NA,NA,NA,NA,"1919",NA,NA,NA,NA,NA,NA,NA
"12736",12219,NA,NA,"MMA:ICT:0005217",NA,NA,"matched","3_core",5,2,0.301029995663981,38.4615384615385,15.3846153846154,3,3,1,"datasetName;canonicalName;decimalLatitude","mma2","trichomycterus areolatus",1919,NA,"casa pangue. rio peulla",-41.05,-71.883,"FuenteReg: Eigenmann",NA,NA,"0",NA,NA,NA,NA,NA,NA,NA,NA,NA,NA,NA,NA,NA,NA
"12757",12239,NA,NA,"MMA:ICT:0002744",NA,NA,"matched","3_core",5,2,0.301029995663981,38.4615384615385,15.3846153846154,3,3,1,"datasetName;canonicalName;decimalLatitude","mma2","hatcheria macraei",NA,NA,"río manso. cuenca río puelo (argentina). rio manso entre frontera y rio de los morros",-41.521,-71.874,"FuenteReg: Unmack et",NA,NA,"1","associatedReference: (Unmack et al. 2012)",NA,"Unmack et al. 2012",NA,NA,NA,NA,NA,NA,NA,NA,NA,NA,NA
"12780",12261,NA,NA,"MAguilar.Lit.Review.316",NA,NA,"matched","3_core",10,0,1.04139268515823,76.9230769230769,0,3,3,1,"datasetName;canonicalName;decimalLatitude","agui","galaxias platei",2007,NA,"lago monreal1",-45.6368999997,-71.8696000002,"CORREA, C., BRAVO, A","316",NA,"0",NA,NA,NA,NA,NA,NA,NA,NA,NA,NA,NA,NA,NA,NA
"12795",12272,NA,NA,"MAguilar.Lit.Review.817",NA,NA,"matched","all_core_firlds",9,0,1,69.2307692307692,0,5,5,1,"datasetName;canonicalName;decimalLatitude;decimalLongitude;bibliographicCitation","agui","oncorhynchus tshawytscha",2007,NA,"río aysén",-45.8177500003,-71.8649166674,"https://doi.org/10.1","817",NA,NA,"Rio Huemules. (Montory et al. 2020. Biotransport of persistent organic pollutants in the southern Hemisphere by invasive Chinook salmon (<i>Oncorhynchus tshawytscha</i>) in the rivers of northern Chilean Patagonia, a UNESCO biosphere reserve)",NA,NA,NA,NA,"Rio Huemules",NA,NA,"Montory, M., Habit, E., Fernandez, P., Grimalt, J. O., Kolok, A. S., Barra, R. O., & Ferrer, J. (2020). Biotransport of persistent organic pollutants in the southern Hemisphere by invasive Chinook salmon (Oncorhynchus tshawytscha) in the rivers of northern Chilean Patagonia, a UNESCO biosphere reserve. Environment International, 142, 105803. https://doi.org/10.1016/j.envint.2020.105803",NA,NA,NA,NA,NA
"12807",12283,NA,NA,"MAguilar.Lit.Review.319",NA,NA,"matched","3_core",10,0,1.04139268515823,76.9230769230769,0,3,3,1,"datasetName;canonicalName;decimalLatitude","agui","galaxias platei",2007,NA,"lago pollux",-45.6763,-71.8627000004,"CORREA, C., BRAVO, A","319",NA,"0",NA,NA,NA,NA,NA,NA,NA,NA,NA,NA,NA,NA,NA,NA
"12808",12284,NA,NA,"MAguilar.Lit.Review.339",NA,NA,"matched","3_core",10,0,1.04139268515823,76.9230769230769,0,3,3,1,"datasetName;canonicalName;decimalLatitude","agui","oncorhynchus mykiss",2007,NA,"lago pollux",-45.6763,-71.8627000004,"CORREA, C., BRAVO, A","339",NA,"0",NA,NA,NA,NA,NA,NA,NA,NA,NA,NA,NA,NA,NA,NA
"12826",12300,NA,NA,"MAguilar.Lit.Review.284",NA,NA,"matched","3_core",9,0,1,69.2307692307692,0,3,3,1,"datasetName;canonicalName;decimalLatitude","agui","oncorhynchus mykiss",2007,NA,"lago pollux",-45.6739544117,-71.8596643523,"Correa, C. and Hendr","284",NA,"0",NA,NA,NA,NA,NA,NA,NA,NA,NA,NA,NA,NA,NA,NA
"12827",12301,NA,NA,"MAguilar.Lit.Review.302",NA,NA,"matched","3_core",9,0,1,69.2307692307692,0,3,3,1,"datasetName;canonicalName;decimalLatitude","agui","salmo trutta",2007,NA,"lago pollux",-45.6739544117,-71.8596643523,"Correa, C. and Hendr","302",NA,"0",NA,NA,NA,NA,NA,NA,NA,NA,NA,NA,NA,NA,NA,NA
"12830",12304,NA,NA,"MAguilar.Lit.Review.813",NA,NA,"matched","3_core",9,0,1,69.2307692307692,0,3,3,1,"datasetName;canonicalName;decimalLatitude","agui","oncorhynchus tshawytscha",2007,NA,"río huemules",-45.8167160002,-71.8579220004,"https://doi.org/10.1","813",NA,NA,"(Montory et al. 2020. Biotransport of persistent organic pollutants in the southern Hemisphere by invasive Chinook salmon (<i>Oncorhynchus tshawytscha</i>) in the rivers of northern Chilean Patagonia, a UNESCO biosphere reserve)",NA,NA,NA,NA,NA,NA,NA,"Montory, M., Habit, E., Fernandez, P., Grimalt, J. O., Kolok, A. S., Barra, R. O., & Ferrer, J. (2020). Biotransport of persistent organic pollutants in the southern Hemisphere by invasive Chinook salmon (Oncorhynchus tshawytscha) in the rivers of northern Chilean Patagonia, a UNESCO biosphere reserve. Environment International, 142, 105803. https://doi.org/10.1016/j.envint.2020.105803",NA,NA,NA,NA,NA
"12832",12306,NA,NA,"MAguilar.Lit.Review.974",NA,NA,"matched","3_core",9,0,1,69.2307692307692,0,3,3,1,"datasetName;canonicalName;decimalLatitude","agui","oncorhynchus tshawytscha",2016,NA,"río huemules",-45.8174649997,-71.8569919998,"Muñoz, Nicolas J., R","974",NA,"0",NA,NA,NA,NA,NA,NA,NA,NA,NA,NA,NA,NA,NA,NA
"12836",12310,NA,NA,"MAguilar.Lit.Review.323",NA,NA,"matched","3_core",10,0,1.04139268515823,76.9230769230769,0,3,3,1,"datasetName;canonicalName;decimalLatitude","agui","galaxias platei",2007,NA,"lago el toro",-45.5299,-71.8534999997,"CORREA, C., BRAVO, A","323",NA,"0",NA,NA,NA,NA,NA,NA,NA,NA,NA,NA,NA,NA,NA,NA
"12842",12313,NA,NA,"MAguilar.Lit.Review.314",NA,NA,"matched","3_core",10,0,1.04139268515823,76.9230769230769,0,3,3,1,"datasetName;canonicalName;decimalLatitude","agui","galaxias platei",2007,NA,"laguna juncos",-45.6336000004,-71.8509000003,"CORREA, C., BRAVO, A","314",NA,"0",NA,NA,NA,NA,NA,NA,NA,NA,NA,NA,NA,NA,NA,NA
"12846",12315,NA,NA,"MAguilar.Lit.Review.746",NA,NA,"matched","all_core_firlds",9,0,1,69.2307692307692,0,5,5,1,"datasetName;canonicalName;decimalLatitude;decimalLongitude;bibliographicCitation","agui","oncorhynchus mykiss",2006,NA,"lago azul",-41.949129,-71.8505280003,"Habit, E., Gonzalez,","746",NA,"1","associatedsReference: (Cussac et al., 2020)",NA,"Cussac et al., 2020",NA,NA,NA,NA,NA,NA,NA,NA,NA,NA,NA
"12849",12318,NA,NA,"MAguilar.Lit.Review.745",NA,NA,"matched","3_core",9,0,1,69.2307692307692,0,3,3,1,"datasetName;canonicalName;decimalLatitude","agui","salmo trutta",2006,NA,"lago azul",-41.949129,-71.8505280003,"Habit, E., Gonzalez,","745",NA,"1","associatedsReference: (Cussac et al., 2020)",NA,"Cussac et al., 2020",NA,NA,NA,NA,NA,NA,NA,NA,NA,NA,NA
"12850",12319,NA,NA,"MAguilar.Lit.Review.1372",NA,NA,"matched","3_core",8,0,0.954242509439325,61.5384615384615,0,3,3,1,"datasetName;canonicalName;decimalLatitude","agui","galaxias platei",NA,NA,"lago pollux",-45.6666666673,-71.8500000002,"Zama A. y Cárdenas E","1372",NA,"0",NA,NA,NA,NA,NA,NA,NA,NA,NA,NA,NA,NA,NA,NA
"12851",12320,NA,NA,"MAguilar.Lit.Review.491",NA,NA,"matched","3_core",7,0,0.903089986991944,53.8461538461538,0,3,3,1,"datasetName;canonicalName;decimalLatitude","agui","oncorhynchus mykiss",NA,NA,"lago azul",-41.9496440004,-71.8492919999,"Cussac, V.E.; Barran","491",NA,"0",NA,NA,NA,NA,NA,NA,NA,NA,NA,NA,NA,NA,NA,NA
"12852",12321,NA,NA,"MAguilar.Lit.Review.492",NA,NA,"matched","3_core",7,0,0.903089986991944,53.8461538461538,0,3,3,1,"datasetName;canonicalName;decimalLatitude","agui","salmo trutta",NA,NA,"lago azul",-41.9496440004,-71.8492919999,"Cussac, V.E.; Barran","492",NA,"0",NA,NA,NA,NA,NA,NA,NA,NA,NA,NA,NA,NA,NA,NA
"12885",12350,NA,NA,"MAguilar.Lit.Review.315",NA,NA,"matched","3_core",10,0,1.04139268515823,76.9230769230769,0,3,3,1,"datasetName;canonicalName;decimalLatitude","agui","galaxias platei",2007,NA,"lago leon",-45.6161000001,-71.8405000001,"CORREA, C., BRAVO, A","315",NA,"0",NA,NA,NA,NA,NA,NA,NA,NA,NA,NA,NA,NA,NA,NA
"12908",12369,NA,NA,"MAguilar.Lit.Review.754",NA,NA,"matched","all_core_firlds",9,0,1,69.2307692307692,0,5,5,1,"datasetName;canonicalName;decimalLatitude;decimalLongitude;bibliographicCitation","agui","oncorhynchus mykiss",2006,NA,"lago las rocas",-42.0357230003,-71.8315429998,"Habit, E., Gonzalez,","754",NA,"1","associatedReference: (Cussac et al., 2020)",NA,"Cussac et al., 2020",NA,NA,NA,NA,NA,NA,NA,NA,NA,NA,NA
"12910",12371,NA,NA,"MAguilar.Lit.Review.499",NA,NA,"matched","all_core_firlds",7,0,0.903089986991944,53.8461538461538,0,5,5,1,"datasetName;canonicalName;decimalLatitude;decimalLongitude;bibliographicCitation","agui","oncorhynchus mykiss",NA,NA,"lago las rocas",-42.0357230003,-71.8315429998,"Cussac, V.E.; Barran","499",NA,"0",NA,NA,NA,NA,NA,NA,NA,NA,NA,NA,NA,NA,NA,NA
"12911",12372,NA,NA,"MAguilar.Lit.Review.753",NA,NA,"matched","all_core_firlds",9,0,1,69.2307692307692,0,5,5,1,"datasetName;canonicalName;decimalLatitude;decimalLongitude;bibliographicCitation","agui","salmo trutta",2006,NA,"lago las rocas",-42.0357230003,-71.8315429998,"Habit, E., Gonzalez,","753",NA,"1","associatedsReference: (Cussac et al., 2020)",NA,"Cussac et al., 2020",NA,NA,NA,NA,NA,NA,NA,NA,NA,NA,NA
"12912",12373,NA,NA,"MAguilar.Lit.Review.501",NA,NA,"matched","all_core_firlds",7,0,0.903089986991944,53.8461538461538,0,5,5,1,"datasetName;canonicalName;decimalLatitude;decimalLongitude;bibliographicCitation","agui","salmo trutta",NA,NA,"lago las rocas",-42.0357230003,-71.8315429998,"Cussac, V.E.; Barran","501",NA,"0",NA,NA,NA,NA,NA,NA,NA,NA,NA,NA,NA,NA,NA,NA
"12913",12374,NA,NA,"MAguilar.Lit.Review.755",NA,NA,"matched","all_core_firlds",9,0,1,69.2307692307692,0,5,5,1,"datasetName;canonicalName;decimalLatitude;decimalLongitude;bibliographicCitation","agui","salvelinus fontinalis",2006,NA,"lago las rocas",-42.0357230003,-71.8315429998,"Habit, E., Gonzalez,","755",NA,"1","associatedReference: (Cussac et al., 2020)",NA,"Cussac et al., 2020",NA,NA,NA,NA,NA,NA,NA,NA,NA,NA,NA
"12914",12375,NA,NA,"MAguilar.Lit.Review.500",NA,NA,"matched","all_core_firlds",7,0,0.903089986991944,53.8461538461538,0,5,5,1,"datasetName;canonicalName;decimalLatitude;decimalLongitude;bibliographicCitation","agui","salvelinus fontinalis",NA,NA,"lago las rocas",-42.0357230003,-71.8315429998,"Cussac, V.E.; Barran","500",NA,"0",NA,NA,NA,NA,NA,NA,NA,NA,NA,NA,NA,NA,NA,NA
"12922",12381,NA,NA,"MAguilar.Lit.Review.327",NA,NA,"matched","3_core",10,0,1.04139268515823,76.9230769230769,0,3,3,1,"datasetName;canonicalName;decimalLatitude","agui","salmo trutta",2007,NA,"laguna brava",-45.0997000003,-71.8272000001,"CORREA, C., BRAVO, A","327",NA,"0",NA,NA,NA,NA,NA,NA,NA,NA,NA,NA,NA,NA,NA,NA
"12928",12385,NA,NA,"MAguilar.Lit.Review.310",NA,NA,"matched","3_core",10,0,1.04139268515823,76.9230769230769,0,3,3,1,"datasetName;canonicalName;decimalLatitude","agui","galaxias platei",2007,NA,"laguna escondida",-45.5324000002,-71.8259000004,"CORREA, C., BRAVO, A","310",NA,"0",NA,NA,NA,NA,NA,NA,NA,NA,NA,NA,NA,NA,NA,NA
"12930",12386,NA,NA,"MAguilar.Lit.Review.289",NA,NA,"matched","3_core",9,0,1,69.2307692307692,0,3,3,1,"datasetName;canonicalName;decimalLatitude","agui","salmo trutta",2009,NA,"laguna brava",-45.0973112237,-71.8242545198,"Correa, C. and Hendr","289",NA,"0",NA,NA,NA,NA,NA,NA,NA,NA,NA,NA,NA,NA,NA,NA
"12946",12395,NA,NA,"MAguilar.Lit.Review.346",NA,NA,"matched","3_core",10,0,1.04139268515823,76.9230769230769,0,3,3,1,"datasetName;canonicalName;decimalLatitude","agui","oncorhynchus tshawytscha",2004,NA,"río pico",-44.1999999997,-71.8166666672,"Correa, C., Gross, M","346",NA,"0",NA,NA,NA,NA,NA,NA,NA,NA,NA,NA,NA,NA,NA,NA
"12950",12400,NA,NA,"MAguilar.Lit.Review.313",NA,NA,"matched","3_core",10,0,1.04139268515823,76.9230769230769,0,3,3,1,"datasetName;canonicalName;decimalLatitude","agui","galaxias platei",2007,NA,"laguna gemela",-45.5462999999,-71.8162,"CORREA, C., BRAVO, A","313",NA,"0",NA,NA,NA,NA,NA,NA,NA,NA,NA,NA,NA,NA,NA,NA
"12979",12422,NA,NA,"MAguilar.Lit.Review.343",NA,NA,"matched","3_core",10,0,1.04139268515823,76.9230769230769,0,3,3,1,"datasetName;canonicalName;decimalLatitude","agui","oncorhynchus mykiss",2007,NA,"lago thompson",-45.6467000002,-71.7929000002,"CORREA, C., BRAVO, A","343",NA,"0",NA,NA,NA,NA,NA,NA,NA,NA,NA,NA,NA,NA,NA,NA
"12982",12423,NA,NA,"MAguilar.Lit.Review.550",NA,NA,"matched","3_core",7,0,0.903089986991944,53.8461538461538,0,3,3,1,"datasetName;canonicalName;decimalLatitude","agui","oncorhynchus mykiss",NA,NA,"lago thompson",-45.6466800002,-71.7925359996,"Cussac, V.E.; Barran","550",NA,"0",NA,NA,NA,NA,NA,NA,NA,NA,NA,NA,NA,NA,NA,NA
"12993",12429,NA,NA,"MAguilar.Lit.Review.305",NA,NA,"matched","3_core",9,0,1,69.2307692307692,0,3,3,1,"datasetName;canonicalName;decimalLatitude","agui","oncorhynchus mykiss",2007,NA,"lago thompson",-45.6475879027,-71.7909904562,"Correa, C. and Hendr","305",NA,"0",NA,NA,NA,NA,NA,NA,NA,NA,NA,NA,NA,NA,NA,NA
"12994",12430,NA,NA,"MAguilar.Lit.Review.304",NA,NA,"matched","3_core",9,0,1,69.2307692307692,0,3,3,1,"datasetName;canonicalName;decimalLatitude","agui","salmo trutta",2007,NA,"lago thompson",-45.6475879027,-71.7909904562,"Correa, C. and Hendr","304",NA,"0",NA,NA,NA,NA,NA,NA,NA,NA,NA,NA,NA,NA,NA,NA
"12996",NA,NA,"good",NA,"pbdb:occ:1186058",NA,"no_match","no_match",NA,NA,NA,NA,NA,NA,NA,0,NA,"vert","pterophyllum trichomatosum",NA,NA,"the fossil material described here occurs in the estancia el salitral, río chico  department, approximately 100 km south-east of perito moreno, along the road where the provincial routes 1209 and 2105 are joined. the site is located in the  north-west o",-47.316666,-71.790001,"Paleobiology Databas",NA,"pbdb",NA,"Remove Record - Fossil record from extinct species",NA,NA,NA,NA,NA,NA,NA,NA,NA,NA,NA,NA,NA
"13048",12466,NA,NA,"MAguilar.Lit.Review.308",NA,NA,"matched","3_core",10,0,1.04139268515823,76.9230769230769,0,3,3,1,"datasetName;canonicalName;decimalLatitude","agui","galaxias platei",2007,NA,"lago castor",-45.6002999999,-71.7814999997,"CORREA, C., BRAVO, A","308",NA,"0",NA,NA,NA,NA,NA,NA,NA,NA,NA,NA,NA,NA,NA,NA
"13049",12467,NA,NA,"MAguilar.Lit.Review.330",NA,NA,"matched","3_core",10,0,1.04139268515823,76.9230769230769,0,3,3,1,"datasetName;canonicalName;decimalLatitude","agui","oncorhynchus mykiss",2007,NA,"lago castor",-45.6002999999,-71.7814999997,"CORREA, C., BRAVO, A","330",NA,"0",NA,NA,NA,NA,NA,NA,NA,NA,NA,NA,NA,NA,NA,NA
"13051",12469,NA,NA,"MAguilar.Lit.Review.757",NA,NA,"matched","all_core_firlds",9,0,1,69.2307692307692,0,5,5,1,"datasetName;canonicalName;decimalLatitude;decimalLongitude;bibliographicCitation","agui","oncorhynchus mykiss",2006,NA,"lago inferior",-42.0964019999,-71.7814599997,"Habit, E., Gonzalez,","757",NA,"1","associatedReference:(Cussac et al., 2020)",NA,"Cussac et al., 2020",NA,NA,NA,NA,NA,NA,NA,NA,NA,NA,NA
"13053",12471,NA,NA,"MAguilar.Lit.Review.502",NA,NA,"matched","all_core_firlds",7,0,0.903089986991944,53.8461538461538,0,5,5,1,"datasetName;canonicalName;decimalLatitude;decimalLongitude;bibliographicCitation","agui","oncorhynchus mykiss",NA,NA,"lago inferior",-42.0964019999,-71.7814599997,"Cussac, V.E.; Barran","502",NA,"0",NA,NA,NA,NA,NA,NA,NA,NA,NA,NA,NA,NA,NA,NA
"13055",12473,NA,NA,"MAguilar.Lit.Review.756",NA,NA,"matched","all_core_firlds",9,0,1,69.2307692307692,0,5,5,1,"datasetName;canonicalName;decimalLatitude;decimalLongitude;bibliographicCitation","agui","salmo trutta",2006,NA,"lago inferior",-42.0964019999,-71.7814599997,"Habit, E., Gonzalez,","756",NA,"1","associatedsReference: (Cussac et al., 2020) | (Ortiz-Sandoval et al., 2017)",NA,"Cussac et al., 2020) | (Ortiz-Sandoval et al., 2017",NA,NA,NA,NA,NA,NA,NA,NA,NA,NA,NA
"13056",12474,NA,NA,"MAguilar.Lit.Review.1003",NA,NA,"matched","all_core_firlds",10,0,1.04139268515823,76.9230769230769,0,5,5,1,"datasetName;canonicalName;decimalLatitude;decimalLongitude;bibliographicCitation","agui","salmo trutta",2007,NA,"lago inferior",-42.0964019999,-71.7814599997,"Ortiz-Sandoval, J., ","1003",NA,"0",NA,NA,NA,NA,NA,NA,NA,NA,NA,NA,NA,NA,NA,NA
"13057",12475,NA,NA,"MAguilar.Lit.Review.504",NA,NA,"matched","all_core_firlds",7,0,0.903089986991944,53.8461538461538,0,5,5,1,"datasetName;canonicalName;decimalLatitude;decimalLongitude;bibliographicCitation","agui","salmo trutta",NA,NA,"lago inferior",-42.0964019999,-71.7814599997,"Cussac, V.E.; Barran","504",NA,"0",NA,NA,NA,NA,NA,NA,NA,NA,NA,NA,NA,NA,NA,NA
"13058",12476,NA,NA,"MAguilar.Lit.Review.758",NA,NA,"matched","all_core_firlds",9,0,1,69.2307692307692,0,5,5,1,"datasetName;canonicalName;decimalLatitude;decimalLongitude;bibliographicCitation","agui","salvelinus fontinalis",2006,NA,"lago inferior",-42.0964019999,-71.7814599997,"Habit, E., Gonzalez,","758",NA,"1","associatedReference: (Cussac et al., 2020)",NA,"Cussac et al., 2020",NA,NA,NA,NA,NA,NA,NA,NA,NA,NA,NA
"13059",12477,NA,NA,"MAguilar.Lit.Review.503",NA,NA,"matched","all_core_firlds",7,0,0.903089986991944,53.8461538461538,0,5,5,1,"datasetName;canonicalName;decimalLatitude;decimalLongitude;bibliographicCitation","agui","salvelinus fontinalis",NA,NA,"lago inferior",-42.0964019999,-71.7814599997,"Cussac, V.E.; Barran","503",NA,"0",NA,NA,NA,NA,NA,NA,NA,NA,NA,NA,NA,NA,NA,NA
"13060",12480,NA,NA,"MAguilar.Lit.Review.286",NA,NA,"matched","3_core",9,0,1,69.2307692307692,0,3,3,1,"datasetName;canonicalName;decimalLatitude","agui","oncorhynchus mykiss",2007,NA,"lago castor",-45.5979283735,-71.7785410422,"Correa, C. and Hendr","286",NA,"0",NA,NA,NA,NA,NA,NA,NA,NA,NA,NA,NA,NA,NA,NA
"13061",12481,NA,NA,"MAguilar.Lit.Review.303",NA,NA,"matched","3_core",9,0,1,69.2307692307692,0,3,3,1,"datasetName;canonicalName;decimalLatitude","agui","salmo trutta",2007,NA,"lago castor",-45.5979283735,-71.7785410422,"Correa, C. and Hendr","303",NA,"0",NA,NA,NA,NA,NA,NA,NA,NA,NA,NA,NA,NA,NA,NA
"13114",12530,NA,NA,"MAguilar.Lit.Review.792",NA,NA,"matched","3_core",9,0,1,69.2307692307692,0,3,3,1,"datasetName;canonicalName;decimalLatitude","agui","oncorhynchus mykiss",2006,NA,"lago thompson",-44.5955277783,-71.7400555562,"Habit, E., Gonzalez,","792",NA,NA,"change coordinates to: -45.645929, -71.791763, associated reference: (Cussac et al., 2020)",NA,"Cussac et al., 2020","-45.645929","-71.791763",NA,NA,NA,NA,NA,NA,NA,NA,NA
"13118",12533,NA,NA,"MAguilar.Lit.Review.814",NA,NA,"matched","3_core",9,0,1,69.2307692307692,0,3,3,1,"datasetName;canonicalName;decimalLatitude","agui","oncorhynchus tshawytscha",2007,NA,"río huemules",-45.8575510002,-71.7386450002,"https://doi.org/10.1","814",NA,NA,"(Montory et al. 2020. Biotransport of persistent organic pollutants in the southern Hemisphere by invasive Chinook salmon (<i>Oncorhynchus tshawytscha</i>) in the rivers of northern Chilean Patagonia, a UNESCO biosphere reserve)",NA,NA,NA,NA,NA,NA,NA,"Montory, M., Habit, E., Fernandez, P., Grimalt, J. O., Kolok, A. S., Barra, R. O., & Ferrer, J. (2020). Biotransport of persistent organic pollutants in the southern Hemisphere by invasive Chinook salmon (Oncorhynchus tshawytscha) in the rivers of northern Chilean Patagonia, a UNESCO biosphere reserve. Environment International, 142, 105803. https://doi.org/10.1016/j.envint.2020.105803",NA,NA,NA,NA,NA
"13120",12538,NA,NA,"MAguilar.Lit.Review.371",NA,NA,"matched","3_core",7,0,0.903089986991944,53.8461538461538,0,3,3,1,"datasetName;canonicalName;decimalLatitude","agui","aplochiton zebra",NA,NA,"lago futalaufquen",-42.7666666668,-71.7333333326,"Cussac, V., Ortubay,","371",NA,"0","also in Lattucca 2008",NA,NA,NA,NA,NA,NA,NA,NA,NA,NA,NA,NA,NA
"13176",12589,NA,NA,"MAguilar.Lit.Review.1304",NA,NA,"matched","4plus_core",10,0,1.04139268515823,76.9230769230769,0,4,4,1,"datasetName;canonicalName;decimalLatitude;decimalLongitude","agui","galaxias maculatus",2002,NA,"laguna los césares",-41.316666667,-71.7166666674,"Viozzi G. Semenas L.","1304",NA,NA,"change coordinates to -41.308042, -71.688649",NA,NA,"-41.308042","-71.688649",NA,NA,NA,NA,NA,NA,NA,NA,NA
"13177",12590,NA,NA,"MAguilar.Lit.Review.1306",NA,NA,"matched","3_core",10,0,1.04139268515823,76.9230769230769,0,3,3,1,"datasetName;canonicalName;decimalLatitude","agui","galaxias maculatus",1995,NA,"lago fonck",-41.3000000001,-71.7166666674,"Viozzi G. Semenas L.","1306",NA,NA,"change coordinates to -41.313347, -71.781624",NA,NA,"-41.313347","-71.781624",NA,NA,NA,NA,NA,NA,NA,NA,NA
"13186",12595,NA,NA,"MMA:ICT:0002742",NA,NA,"matched","3_core",5,2,0.301029995663981,38.4615384615385,15.3846153846154,3,3,1,"datasetName;canonicalName;decimalLatitude","mma2","hatcheria macraei",NA,NA,"río huemules. vertiente chilena del rio simpson en la frontera",-45.906,-71.712,"OrigenReg: Publicaci",NA,NA,"1","associated reference: (Unmack et al. 2012)",NA,"Unmack et al. 2012",NA,NA,NA,NA,NA,NA,NA,NA,NA,NA,NA
"13189",12598,NA,"good","MMA:ICT:0002768",NA,NA,"matched","3_core",5,2,0.301029995663981,38.4615384615385,15.3846153846154,3,3,1,"datasetName;canonicalName;decimalLatitude","mma2","hatcheria macraei",NA,NA,"río huemules. aysén-pacific. vertiente chilena del rio simpson en la frontera",-45.906333,-71.711722,"FuenteReg: Publicaci",NA,NA,"0","bibliograph: Unmack et al. 2012. Phylogeography of the catfish Hatcheria macraei reveals a negligible role of drainage divides in structuring populations",NA,NA,NA,NA,NA,NA,NA,"Unmack, P. J., Barriga, J. P., Battini, M. A., Habit, E. M., & Johnson, J. B. (2012). Phylogeography of the catfish Hatcheria macraei reveals a negligible role of drainage divides in structuring populations. Molecular Ecology, 21(4), 942–959. https://doi.org/10.1111/j.1365-294X.2011.05408.x",NA,NA,NA,NA,NA
"13246",12652,NA,NA,"daaaa010-2911-4dee-90d1-57bb6da0b964","daaaa010-2911-4dee-90d1-57bb6da0b964",TRUE,"matched","3_core",11,0,1.07918124604762,84.6153846153846,0,3,3,1,"datasetName;canonicalName;decimalLatitude","idig","odontesthes",1990,"1990-01-19","punta arenas, fish market (ex. coop. pescadores), prov. magallanes, xii region; straits of magellan",-53.0833333,-71.6833333,NA,"218448","ummz",NA,"Collected by Brian Dyer. Location says Punta Arenas, can ask him.",NA,NA,NA,NA,NA,NA,NA,NA,NA,NA,NA,NA,NA
"13258",12658,NA,NA,"MMA:ICT:0002467",NA,NA,"matched","3_core",6,3,0.243038048686294,46.1538461538462,23.0769230769231,3,3,1,"datasetName;canonicalName;decimalLatitude","mma2","galaxias platei",1990,"1990-01-24","lake general carrera, bahia jara, 17 km w of chile chico, at mouth of arroyo or estero bano, prov. general carrera,*. costeras entre rio jeinemeni y rio san jose",-46.533,-71.683,"OrigenReg: Fishnet2,",NA,NA,"0",NA,NA,NA,NA,NA,NA,NA,NA,NA,NA,NA,NA,NA,NA
"13260",12659,NA,NA,"MMA:ICT:0003123",NA,NA,"matched","3_core",6,3,0.243038048686294,46.1538461538462,23.0769230769231,3,3,1,"datasetName;canonicalName;decimalLatitude","mma2","odontesthes hatcheri",1990,"1990-01-24","lake general carrera, bahia jara, 17 km w of chile chico, at mouth of arroyo or estero bano, prov. general carrera,*. costeras entre rio jeinemeni y rio san jose",-46.533,-71.683,"OrigenReg: Fishnet2,",NA,NA,"0",NA,NA,NA,NA,NA,NA,NA,NA,NA,NA,NA,NA,NA,NA
"13262",12660,NA,NA,"MMA:ICT:0003733",NA,NA,"matched","3_core",6,3,0.243038048686294,46.1538461538462,23.0769230769231,3,3,1,"datasetName;canonicalName;decimalLatitude","mma2","percichthys trucha",1990,"1990-01-24","lake general carrera, bahia jara, 17 km w of chile chico, at mouth of arroyo or estero bano, prov. general carrera,*. costeras entre rio jeinemeni y rio san jose",-46.533,-71.683,"OrigenReg: Fishnet2,",NA,NA,"0",NA,NA,NA,NA,NA,NA,NA,NA,NA,NA,NA,NA,NA,NA
"13264",12662,NA,NA,"CCorrea.Lit.Review.1365",NA,NA,"matched","3_core",7,0,0.903089986991944,53.8461538461538,0,3,3,1,"datasetName;canonicalName;decimalLatitude","fishgis_metadatabase_ccorrea","odontesthes hatcheri",1990,NA,"lake general carrera, bahia jara, 17 km w of chile chico, at mouth of arroyo or estero bano, prov. general carrera,*",-46.53318,-71.68285,"Dyer, B. (1994) Spec",NA,NA,"0",NA,NA,NA,NA,NA,NA,NA,NA,NA,NA,NA,NA,NA,NA
"13350",12744,NA,NA,"MAguilar.Lit.Review.1303",NA,NA,"matched","4plus_core",10,0,1.04139268515823,76.9230769230769,0,4,4,1,"datasetName;canonicalName;decimalLatitude;decimalLongitude","agui","galaxias maculatus",2004,NA,"lago llum",-41.2666666671,-71.6666666666,"Viozzi G. Semenas L.","1303",NA,NA,"change coordinates to -41.306331, -71.531888",NA,NA,"-41.306331","-71.531888",NA,NA,NA,NA,NA,NA,NA,NA,NA
"13420",12819,NA,NA,"MAguilar.Lit.Review.370",NA,NA,"matched","3_core",7,0,0.903089986991944,53.8461538461538,0,3,3,1,"datasetName;canonicalName;decimalLatitude","agui","aplochiton zebra",NA,NA,"lago rivadavia",-42.5500000003,-71.6333333328,"Cussac, V., Ortubay,","370",NA,"0","also in Lattucca 2008",NA,NA,NA,NA,NA,NA,NA,NA,NA,NA,NA,NA,NA
"13426",12825,NA,NA,"MAguilar.Lit.Review.1305",NA,NA,"matched","all_core_firlds",10,0,1.04139268515823,76.9230769230769,0,5,5,1,"datasetName;canonicalName;decimalLatitude;decimalLongitude;bibliographicCitation","agui","galaxias maculatus",1997,NA,"lago mascardi",-41.2833333332,-71.6333333328,"Viozzi G. Semenas L.","1305",NA,NA,"change coordinates to -41.349959, -71.552160",NA,NA,"-41.349959","-71.55216",NA,NA,NA,NA,NA,NA,NA,NA,NA
"13461",12840,NA,NA,"MAguilar.Lit.Review.815",NA,NA,"matched","3_core",9,0,1,69.2307692307692,0,3,3,1,"datasetName;canonicalName;decimalLatitude","agui","oncorhynchus tshawytscha",2007,NA,"río huemules",-45.2739749997,-71.6298670003,"https://doi.org/10.1","815",NA,NA,"Ñirehuao (Montory et al. 2020. Biotransport of persistent organic pollutants in the southern Hemisphere by invasive Chinook salmon (<i>Oncorhynchus tshawytscha</i>) in the rivers of northern Chilean Patagonia, a UNESCO biosphere reserve)",NA,NA,NA,NA,"Ñirehuao",NA,NA,"Montory, M., Habit, E., Fernandez, P., Grimalt, J. O., Kolok, A. S., Barra, R. O., & Ferrer, J. (2020). Biotransport of persistent organic pollutants in the southern Hemisphere by invasive Chinook salmon (Oncorhynchus tshawytscha) in the rivers of northern Chilean Patagonia, a UNESCO biosphere reserve. Environment International, 142, 105803. https://doi.org/10.1016/j.envint.2020.105803",NA,NA,NA,NA,NA
"13586",12958,NA,NA,"MAguilar.Lit.Review.1308",NA,NA,"matched","all_core_firlds",10,0,1.04139268515823,76.9230769230769,0,5,5,1,"datasetName;canonicalName;decimalLatitude;decimalLongitude;bibliographicCitation","agui","galaxias maculatus",2003,NA,"laguna los moscos",-41.35,-71.5999999998,"Viozzi G. Semenas L.","1308",NA,NA,"change coordinates to -41.345645, -71.619084",NA,NA,"-41.345645","-71.619084",NA,NA,NA,NA,NA,NA,NA,NA,NA
"13604",12988,NA,NA,"MAguilar.Lit.Review.821",NA,NA,"matched","3_core",10,0,1.04139268515823,76.9230769230769,0,3,3,1,"datasetName;canonicalName;decimalLatitude","agui","oncorhynchus tshawytscha",1999,NA,"río futaleufú",-43.1333333331,-71.5833333329,"https://doi.org/10.1","821",NA,NA,"Change bibliographic to (Di Prinzio and Pascual 2008. The establishment of exotic Chinook salmon (Oncorhynchus tshawytscha) in Pacific rivers of Chubut, Patagonia, Argentina.)",NA,NA,NA,NA,NA,NA,NA,"Di Prinzio, C. Y., & Pascual, M. A. (2008). The establishment of exotic Chinook salmon (Oncorhynchus tshawytscha) in Pacific rivers of Chubut, Patagonia, Argentina. Annales de Limnologie - International Journal of Limnology, 44, 25–32.",NA,NA,NA,NA,NA
"13655",13055,NA,NA,"MAguilar.Lit.Review.1313",NA,NA,"matched","all_core_firlds",10,0,1.04139268515823,76.9230769230769,0,5,5,1,"datasetName;canonicalName;decimalLatitude;decimalLongitude;bibliographicCitation","agui","galaxias maculatus",1997,NA,"lago steffen",-41.5166666666,-71.5499999999,"Viozzi G. Semenas L.","1313",NA,NA,"change coordinates to -41.516816, -71.580105",NA,NA,"-41.516816","-71.580105",NA,NA,NA,NA,NA,NA,NA,NA,NA
"13679",NA,NA,NA,NA,"https://www.inaturalist.org/observations/72226604",NA,"no_match","no_match",NA,NA,NA,NA,NA,NA,NA,0,NA,"gbif","oncorhynchus",2021,"2021-03-25",NA,-41.35766,-71.546528,NA,"72226604","inaturalist",NA,"From lago Mascardi, Argentina. Maybe consider removing, as taxa is incomplete.",NA,NA,NA,NA,NA,NA,NA,NA,NA,NA,NA,NA,NA
"13689",13091,NA,NA,"MAguilar.Lit.Review.823",NA,NA,"matched","3_core",10,0,1.04139268515823,76.9230769230769,0,3,3,1,"datasetName;canonicalName;decimalLatitude","agui","oncorhynchus tshawytscha",1999,NA,"río pico",-44.3333333334,-71.533333333,"https://doi.org/10.1","823",NA,NA,"Change bibliographic to (Di Prinzio and Pascual 2008. The establishment of exotic Chinook salmon (Oncorhynchus tshawytscha) in Pacific rivers of Chubut, Patagonia, Argentina.)",NA,NA,NA,NA,NA,NA,NA,"Di Prinzio, C. Y., & Pascual, M. A. (2008). The establishment of exotic Chinook salmon (Oncorhynchus tshawytscha) in Pacific rivers of Chubut, Patagonia, Argentina. Annales de Limnologie - International Journal of Limnology, 44, 25–32.",NA,NA,NA,NA,NA
"13716",13112,NA,NA,"MAguilar.Lit.Review.816",NA,NA,"matched","3_core",9,0,1,69.2307692307692,0,3,3,1,"datasetName;canonicalName;decimalLatitude","agui","oncorhynchus tshawytscha",2007,NA,"río huemules",-45.3433409997,-71.5241219999,"https://doi.org/10.1","816",NA,NA,"Ñirehuao (Montory et al. 2020. Biotransport of persistent organic pollutants in the southern Hemisphere by invasive Chinook salmon (<i>Oncorhynchus tshawytscha</i>) in the rivers of northern Chilean Patagonia, a UNESCO biosphere reserve)",NA,NA,NA,NA,"Ñirehuao",NA,NA,"Montory, M., Habit, E., Fernandez, P., Grimalt, J. O., Kolok, A. S., Barra, R. O., & Ferrer, J. (2020). Biotransport of persistent organic pollutants in the southern Hemisphere by invasive Chinook salmon (Oncorhynchus tshawytscha) in the rivers of northern Chilean Patagonia, a UNESCO biosphere reserve. Environment International, 142, 105803. https://doi.org/10.1016/j.envint.2020.105803",NA,NA,NA,NA,NA
"13740",13133,NA,NA,"MAguilar.Lit.Review.1310",NA,NA,"matched","4plus_core",10,0,1.04139268515823,76.9230769230769,0,4,4,1,"datasetName;canonicalName;decimalLatitude;decimalLongitude","agui","galaxias maculatus",2003,NA,"laguna juventus",-41.3666666669,-71.5166666669,"Viozzi G. Semenas L.","1310",NA,NA,"change coordinates to -41.362980, -71.524557",NA,NA,"-41.36298","-71.524557",NA,NA,NA,NA,NA,NA,NA,NA,NA
"13741",13134,NA,NA,"MAguilar.Lit.Review.1307",NA,NA,"matched","3_core",10,0,1.04139268515823,76.9230769230769,0,3,3,1,"datasetName;canonicalName;decimalLatitude","agui","galaxias maculatus",2002,NA,"lago verde",-41.3333333331,-71.5166666669,"Viozzi G. Semenas L.","1307",NA,NA,"change coordinates to -41.359543, -71.508514",NA,NA,"-41.359543","-71.508514",NA,NA,NA,NA,NA,NA,NA,NA,NA
"13773",13170,NA,NA,"MAguilar.Lit.Review.1312",NA,NA,"matched","3_core",10,0,1.04139268515823,76.9230769230769,0,3,3,1,"datasetName;canonicalName;decimalLatitude","agui","galaxias maculatus",2003,NA,"lago huala hue",-41.4166666668,-71.5,"Viozzi G. Semenas L.","1312",NA,NA,"change coordinates to -41.511004, -71.506849",NA,NA,"-41.511004","-71.506849",NA,NA,NA,NA,NA,NA,NA,NA,NA
"13783",13191,NA,NA,"MAguilar.Lit.Review.822",NA,NA,"matched","3_core",10,0,1.04139268515823,76.9230769230769,0,3,3,1,"datasetName;canonicalName;decimalLatitude","agui","oncorhynchus tshawytscha",1999,NA,"río corcovado",-43.5500000001,-71.4833333331,"https://doi.org/10.1","822",NA,NA,"Change bibliographic to (Di Prinzio and Pascual 2008. The establishment of exotic Chinook salmon (Oncorhynchus tshawytscha) in Pacific rivers of Chubut, Patagonia, Argentina.)",NA,NA,NA,NA,NA,NA,NA,"Di Prinzio, C. Y., & Pascual, M. A. (2008). The establishment of exotic Chinook salmon (Oncorhynchus tshawytscha) in Pacific rivers of Chubut, Patagonia, Argentina. Annales de Limnologie - International Journal of Limnology, 44, 25–32.",NA,NA,NA,NA,NA
"13835",13223,NA,NA,"MAguilar.Lit.Review.986",NA,NA,"matched","3_core",8,0,0.954242509439325,61.5384615384615,0,3,3,1,"datasetName;canonicalName;decimalLatitude","agui","salvelinus fontinalis",NA,NA,"parrillar laguna (chile)",-53.4223999999,-71.4547000001,"Narum, SR, Gallardo,","986",NA,"0",NA,NA,NA,NA,NA,NA,NA,NA,NA,NA,NA,NA,NA,NA
"13867",13252,NA,NA,"MAguilar.Lit.Review.369",NA,NA,"matched","all_core_firlds",7,0,0.903089986991944,53.8461538461538,0,5,5,1,"datasetName;canonicalName;decimalLatitude;decimalLongitude;bibliographicCitation","agui","aplochiton zebra",NA,NA,"lago epuyén",-42.25,-71.4166666671,"Cussac, V., Ortubay,","369",NA,"0","also in Lattucca 2008",NA,NA,NA,NA,NA,NA,NA,NA,NA,NA,NA,NA,NA
"13916",13288,NA,NA,"MAguilar.Lit.Review.43",NA,NA,"matched","3_core",7,0,0.903089986991944,53.8461538461538,0,3,3,1,"datasetName;canonicalName;decimalLatitude","agui","hatcheria macraei",NA,NA,"lago rosario",-43.2499999998,-71.3333333334,"Aigo, J., Cussac, V.","43",NA,"0",NA,NA,NA,NA,NA,NA,NA,NA,NA,NA,NA,NA,NA,NA
"13926",13301,NA,NA,"FFPAT042-11","ffpat042-11",TRUE,"matched","3_core",9,0,1,69.2307692307692,0,3,3,1,"datasetName;canonicalName;decimalLatitude","gbif","hatcheria macraei",2007,"2007-05-09","lago rosario",-43.25,-71.33333,NA,NA,"universidad nacional de la plata, facultad de ciencias naturales y museo","1",NA,NA,"(Aigo et al., 2008)",NA,NA,NA,NA,NA,NA,NA,NA,NA,NA,NA
"13985",13352,NA,NA,"MAguilar.Lit.Review.1075",NA,NA,"matched","3_core",7,0,0.903089986991944,53.8461538461538,0,3,3,1,"datasetName;canonicalName;decimalLatitude","agui","eleginops maclovinus",NA,NA,"estrecho de magallanes",-53.9999999999,-71.0000000001,"Rademacher K. 2007. ","1075",NA,"0",NA,NA,NA,NA,NA,NA,NA,NA,NA,NA,NA,NA,NA,NA
"13997",NA,NA,NA,NA,"urn:catalog:cas:ich:97399",NA,"no_match","no_match",NA,NA,NA,NA,NA,NA,NA,0,NA,"gbif","aplochiton taeniatus",1919,"1919-03-10","r. pescado.",-52.969273,-70.985811,NA,"97399","cas",NA,"Remove. out of range.",NA,NA,NA,NA,NA,NA,NA,NA,NA,NA,NA,NA,NA
"14016",13382,NA,NA,"MAguilar.Lit.Review.389",NA,NA,"matched","3_core",7,0,0.903089986991944,53.8461538461538,0,3,3,1,"datasetName;canonicalName;decimalLatitude","agui","galaxias maculatus",NA,NA,"río rogeles",-52.7666666666,-70.9500000002,"Cussac, V., Ortubay,","389",NA,NA,"Precise location unknown",NA,NA,NA,NA,NA,NA,NA,NA,NA,NA,NA,NA,NA
"14021",13385,NA,"good","MMA:ICT:0002795",NA,NA,"matched","2_core",6,1,0.544068044350276,46.1538461538462,7.69230769230769,2,2,1,"datasetName;canonicalName","mma2","mordacia lapicida",1976,NA,"rio san juan , peninsula de brunswick. costeras entre rio de genner y rio san juan",-53.707,-70.933,NA,NA,NA,"1","change coordinates to -53.656160, -70.954762",NA,NA,"-53.65616","-70.954762",NA,NA,NA,NA,NA,NA,NA,NA,NA
"14024",NA,NA,"unlink, record via iDigBio",NA,"http://n2t.net/ark:/65665/3225edb47-0971-4128-aeb8-fab3b924940b",NA,"no_match","no_match",NA,NA,NA,NA,NA,NA,NA,0,NA,"gbif","eleginops maclovinus",1888,"1888","sandy pt. (punta arenas), str. magellan",-53.17,-70.92,NA,"usnm 77319","usnm","0",NA,NA,NA,NA,NA,NA,NA,NA,NA,NA,NA,NA,NA,NA
"14026",13388,NA,NA,"http://n2t.net/ark:/65665/3225edb47-0971-4128-aeb8-fab3b924940b","http://n2t.net/ark:/65665/3225edb47-0971-4128-aeb8-fab3b924940b",TRUE,"matched","3_core",11,0,1.07918124604762,84.6153846153846,0,3,3,1,"datasetName;canonicalName;decimalLatitude","vert","eleginops maclovinus",1888,NA,"sandy pt. (punta arenas), str. magellan",-53.17,-70.92,"National Museum of N","77319","usnm","0",NA,NA,NA,NA,NA,NA,NA,NA,NA,NA,NA,NA,NA,NA
"14029",13391,NA,NA,"MAguilar.Lit.Review.1092",NA,NA,"matched","3_core",7,0,0.903089986991944,53.8461538461538,0,3,3,1,"datasetName;canonicalName;decimalLatitude","agui","geotria australis",NA,NA,"georgia del sur",-53.5833333329,-70.9166666672,"Rademacher K. 2007. ","1092",NA,"0","Remove record: Georgia del sur",NA,NA,NA,NA,NA,NA,NA,NA,NA,NA,NA,NA,NA
"14035",13397,NA,NA,"URI:catalog:ROM:Ichthyology:81200","uri:catalog:rom:ichthyology:81200",TRUE,"matched","3_core",11,0,1.07918124604762,84.6153846153846,0,3,3,1,"datasetName;canonicalName;decimalLatitude","idig","animalia",1995,"1995-02-15","punta arenas, rio pescado",-52.91667,-70.9,NA,"81200","rom",NA,"Change canonicalName to Galaxias",NA,NA,NA,NA,NA,NA,NA,NA,NA,NA,NA,NA,NA
"14068",13429,NA,"good","MCZ:Ich:18133","mcz:ich:18133",TRUE,"matched","2_core",11,0,1.07918124604762,84.6153846153846,0,2,2,1,"datasetName;canonicalName","idig","odontesthes humensis",1872,"1872-03-16","off straits of magellan, sandy point",-53.16117,-70.87788,NA,"18133","mcz",NA,"Most likely O. smitti. Check with Brian if he reviewed specimens from MCZ. If marine record, Remove from database.",NA,NA,NA,NA,NA,NA,NA,NA,NA,NA,NA,NA,NA
"14070",NA,NA,"unlink, record via iDigBio",NA,"urn:catalog:cas:ich:78462",NA,"no_match","no_match",NA,NA,NA,NA,NA,NA,NA,0,NA,"gbif","galaxias platei",NA,NA,"punta arenas",-53.161165,-70.877879,NA,"78462","cas","0",NA,NA,NA,NA,NA,NA,NA,NA,NA,NA,NA,NA,NA,NA
"14072",NA,NA,"unlink, record via iDigBio",NA,"urn:catalog:cas:su(ich):22733",NA,"no_match","no_match",NA,NA,NA,NA,NA,NA,NA,0,NA,"gbif","menidia",NA,NA,"straits of magellan; sandy point.",-53.161165,-70.877879,NA,"22733","cas","0",NA,NA,NA,NA,NA,NA,NA,NA,NA,NA,NA,NA,NA,NA
"14074",NA,NA,"unlink, record via iDigBio",NA,"http://n2t.net/ark:/65665/30c2d52d4-36f2-4cb3-b139-dfdd240873bd",NA,"no_match","no_match",NA,NA,NA,NA,NA,NA,NA,0,NA,"gbif","eleginops maclovinus",1888,"1888","laredo bay",-53,-70.87,NA,"usnm 77320","usnm","0",NA,NA,NA,NA,NA,NA,NA,NA,NA,NA,NA,NA,NA,NA
"14076",13435,NA,NA,"http://n2t.net/ark:/65665/30c2d52d4-36f2-4cb3-b139-dfdd240873bd","http://n2t.net/ark:/65665/30c2d52d4-36f2-4cb3-b139-dfdd240873bd",TRUE,"matched","3_core",11,0,1.07918124604762,84.6153846153846,0,3,3,1,"datasetName;canonicalName;decimalLatitude","vert","eleginops maclovinus",1888,NA,"laredo bay",-53,-70.87,"National Museum of N","77320","usnm","0",NA,NA,NA,NA,NA,NA,NA,NA,NA,NA,NA,NA,NA,NA
"14127",13488,NA,NA,"MAguilar.Lit.Review.1061",NA,NA,"matched","3_core",7,0,0.903089986991944,53.8461538461538,0,3,3,1,"datasetName;canonicalName;decimalLatitude","agui","aplochiton zebra",NA,NA,"tierra del fuego",-53.9999999999,-70.0000000003,"Rademacher K. 2007. ","1061",NA,"0","Remove. Vague locality from McDowall 1971",NA,NA,NA,NA,NA,NA,NA,NA,NA,NA,NA,NA,NA
"14130",13491,NA,NA,"MMA:ICT:0002154",NA,NA,"matched","3_core",4,2,0.221848749616356,30.7692307692308,15.3846153846154,3,3,1,"datasetName;canonicalName;decimalLatitude","mma2","galaxias maculatus",NA,NA,"río cóndor en desembocadura. rio condor",-53.987,-69.915,"OrigenReg: Publicaci",NA,NA,"0",NA,NA,NA,NA,NA,NA,NA,NA,NA,NA,NA,NA,NA,NA
"14145",13520,NA,"good","http://n2t.net/ark:/65665/360d8aa28-6917-4968-9d21-d9555c637d8f","http://n2t.net/ark:/65665/360d8aa28-6917-4968-9d21-d9555c637d8f",TRUE,"matched","2_core",11,0,1.07918124604762,84.6153846153846,0,2,2,1,"datasetName;canonicalName","vert","galaxiidae",1971,NA,"puerto celular, bahia york, isla de los estados, argentina",-54.7875,-69.3183,"National Museum of N","340197","usnm",NA,"Change coordinates to -54.787500, -64.318300, obtained from USNM",NA,NA,"-54.7875","-64.3183",NA,NA,NA,NA,NA,NA,NA,NA,NA
"14189",13563,NA,NA,"MAguilar.Lit.Review.988",NA,NA,"matched","3_core",8,0,0.954242509439325,61.5384615384615,0,3,3,1,"datasetName;canonicalName;decimalLatitude","agui","salvelinus fontinalis",NA,NA,"río alonso (chile)",-54.5083000003,-68.7393000004,"Narum, SR, Gallardo,","988",NA,"0",NA,NA,NA,NA,NA,NA,NA,NA,NA,NA,NA,NA,NA,NA
"14190",13564,NA,NA,"MAguilar.Lit.Review.987",NA,NA,"matched","3_core",7,0,0.903089986991944,53.8461538461538,0,3,3,1,"datasetName;canonicalName;decimalLatitude","agui","salvelinus fontinalis",NA,NA,"lago fagnano (chile)",-54.4997999996,-68.7319,"Narum, SR, Gallardo,","987",NA,"0",NA,NA,NA,NA,NA,NA,NA,NA,NA,NA,NA,NA,NA,NA
"14198",NA,NA,"12957",NA,"http://coldb.mnhn.fr/catalognumber/mnhn/ic/1884-0807",NA,"no_match","no_match",NA,NA,NA,NA,NA,NA,NA,0,NA,"gbif","eleginops maclovinus",1884,"1884","orange",-55.167,-68.667,NA,"1884-0807","mnhn",NA,"change coordinates to -55.515400, -68.060900",NA,NA,"-55.5154","-68.0609",NA,NA,NA,NA,NA,NA,NA,NA,NA
"14199",NA,NA,"12958",NA,"http://coldb.mnhn.fr/catalognumber/mnhn/ic/1884-0847",NA,"no_match","no_match",NA,NA,NA,NA,NA,NA,NA,0,NA,"gbif","galaxias maculatus",1884,"1884","orange",-55.167,-68.667,NA,"1884-0847","mnhn",NA,"change coordinates to -55.515400, -68.060900",NA,NA,"-55.5154","-68.0609",NA,NA,NA,NA,NA,NA,NA,NA,NA
"14207",13578,NA,NA,"12A7BF27-D06E-4DFF-B666-98AEB5C14877","12a7bf27-d06e-4dff-b666-98aeb5c14877",TRUE,"matched","3_core",11,0,1.07918124604762,84.6153846153846,0,3,3,1,"datasetName;canonicalName;decimalLatitude","gbif","galaxias maculatus",2006,"2006-02-21","[large river (name unknown)], near estancia canasaca, [península dumas], [isla hoste], [ca. 15.7 air miles sw center ushuaia, argentina], [communa de cabo de hornos], [see remarks]",-54.942501,-68.593201,NA,"50899","ncsm","0",NA,NA,NA,NA,NA,NA,NA,NA,NA,NA,NA,NA,NA,NA
"14214",13585,NA,NA,"6869AEBF-06CF-4E41-A2DB-52F5AD28066F","6869aebf-06cf-4e41-a2db-52f5ad28066f",TRUE,"matched","3_core",11,0,1.07918124604762,84.6153846153846,0,3,3,1,"datasetName;canonicalName;decimalLatitude","gbif","galaxias maculatus",2006,"2006-02-21","[river (name unknown)], 50 meters upstream of [canal beagle], near estancia canasaca, [península dumas], [isla hoste], [ca. 15.7 air miles sw center ushuaia, argentina], [communa de cabo de hornos], [see remarks]",-54.945099,-68.588203,NA,"50894","ncsm","0",NA,NA,NA,NA,NA,NA,NA,NA,NA,NA,NA,NA,NA,NA
"14232",13604,NA,NA,"3D31FFF0-AF4F-4941-B2A6-4014D06DF148","3d31fff0-af4f-4941-b2a6-4014d06df148",TRUE,"matched","3_core",12,0,1.11394335230684,92.3076923076923,0,3,3,1,"datasetName;canonicalName;decimalLatitude","vert","galaxias maculatus",2006,"2006-02-22","small stream [name unknown] beside estancia canasaca, [península dumas], [isla hoste], [ca. 14.9 air miles sw center ushuaia, argentina], [communa de cabo de hornos], [see remarks]",-54.9416,-68.5656,"North Carolina Museu","50900","ncsm","0",NA,NA,NA,NA,NA,NA,NA,NA,NA,NA,NA,NA,NA,NA
"14235",13607,NA,NA,"MAguilar.Lit.Review.984",NA,NA,"matched","3_core",8,0,0.954242509439325,61.5384615384615,0,3,3,1,"datasetName;canonicalName;decimalLatitude","agui","geotria australis",NA,NA,"río lapataia",-54.8422222223,-68.5641666673,"Nardi, C.F., Sánchez","984",NA,NA,"Remove. eDNA",NA,NA,NA,NA,NA,NA,NA,NA,NA,NA,NA,NA,NA
"14249",13619,NA,NA,"MAguilar.Lit.Review.391",NA,NA,"matched","3_core",7,0,0.903089986991944,53.8461538461538,0,3,3,1,"datasetName;canonicalName;decimalLatitude","agui","galaxias maculatus",NA,NA,"lago roca",-54.7166666672,-68.5499999996,"Cussac, V., Ortubay,","391",NA,NA,"Change coordinates to -54.822721, -68.581895",NA,NA,"-54.822721","-68.581895",NA,NA,NA,NA,NA,NA,NA,NA,NA
"14254",13624,NA,NA,"MAguilar.Lit.Review.393",NA,NA,"matched","4plus_core",7,0,0.903089986991944,53.8461538461538,0,4,4,1,"datasetName;canonicalName;decimalLatitude;decimalLongitude","agui","galaxias maculatus",NA,NA,"río olivia",-54.8333333331,-68.383333333,"Cussac, V., Ortubay,","393",NA,NA,"change coordinates to -54.792556, -68.225792",NA,NA,"-54.792556","-68.225792",NA,NA,NA,NA,NA,NA,NA,NA,NA
"14256",13627,NA,NA,"225AE3DF-A258-44CF-B359-F2E8DD606C1F","225ae3df-a258-44cf-b359-f2e8dd606c1f",TRUE,"matched","3_core",12,0,1.11394335230684,92.3076923076923,0,3,3,1,"datasetName;canonicalName;decimalLatitude","vert","galaxias maculatus",2006,"2006-02-20","[river (name unknown) flowing into canal murray], [península dumas], [isla hoste], [ca. 13.4 air miles ssw center ushuaia, argentina], [communa de cabo de hornos]",-54.9811,-68.3736,"North Carolina Museu","50898","ncsm","0",NA,NA,NA,NA,NA,NA,NA,NA,NA,NA,NA,NA,NA,NA
"14262",13631,NA,NA,"FO:Peces:4891","4552605",FALSE,"matched","3_core",4,2,0.221848749616356,30.7692307692308,15.3846153846154,3,3,1,"datasetName;canonicalName;decimalLatitude","data","aplochiton taeniatus",NA,NA,NA,-54.55,-68.3333,NA,NA,"fo",NA,"Only known record of A. taeniatus in Lago Fagnano. Could be an ancient record.",NA,NA,NA,NA,NA,NA,NA,NA,NA,NA,NA,NA,NA
"14264",NA,NA,NA,NA,"4552617",NA,"no_match","no_match",NA,NA,NA,NA,NA,NA,NA,0,NA,"data","aplochiton zebra",NA,NA,NA,-54.55,-68.3333,NA,NA,"fo",NA,"No other record of A. zebra in Fagnano lake. Is this an old record, or an error?",NA,NA,NA,NA,NA,NA,NA,NA,NA,NA,NA,NA,NA
"14277",13641,NA,NA,"urn:uuid:3c4b70c6-2c5f-4460-a53b-797b766b15ed","urn:uuid:3c4b70c6-2c5f-4460-a53b-797b766b15ed",TRUE,"matched","3_core",9,1,0.698970004336019,69.2307692307692,7.69230769230769,3,3,1,"datasetName;canonicalName;decimalLatitude","idig","eleginops maclovinus",1996,"1996-07-01",NA,-54.8,-68.3,NA,"ypm ich 031851","ypm","0",NA,NA,NA,NA,NA,NA,NA,NA,NA,NA,NA,NA,NA,NA
"14278",NA,NA,"unlink, out of range",NA,"«5afc7c45-7327-4602-915d-5ef8f7f02291",NA,"no_match","no_match",NA,NA,NA,NA,NA,NA,NA,0,NA,"idig","odontesthes",NA,NA,"cabo irigoyen, near mouth of rio lainez, tierra del fuego",-54.5,-68.3,NA,"218611","ummz",NA,"Remove. Marine. Change coordinates to -54.293499, -66.691502",NA,NA,"-54.293499","-66.691502",NA,NA,NA,NA,NA,NA,NA,NA,NA
"14293",13656,NA,NA,"MAguilar.Lit.Review.1088",NA,NA,"matched","3_core",7,0,0.903089986991944,53.8461538461538,0,3,3,1,"datasetName;canonicalName;decimalLatitude","agui","galaxias maculatus",NA,NA,"canal beagle",-54.883333333,-68.1666666673,"Rademacher K. 2007. ","1088",NA,"0",NA,NA,NA,NA,NA,NA,NA,NA,NA,NA,NA,NA,NA,NA
"14299",13666,NA,NA,"F2AD33C6-559A-42F5-9D92-AB02CAB18208","f2ad33c6-559a-42f5-9d92-ab02cab18208",TRUE,"matched","3_core",11,0,1.07918124604762,84.6153846153846,0,3,3,1,"datasetName;canonicalName;decimalLatitude","gbif","galaxias maculatus",2006,"2006-02-06","río lum, 50 meters upstream from road [y-905], [isla navarino], [ca. 11.0 air miles se center ushuaia, argentina], [comuna de cabo de hornos]",-54.908798,-68.109001,NA,"50906","ncsm","0",NA,NA,NA,NA,NA,NA,NA,NA,NA,NA,NA,NA,NA,NA
"14302",13669,NA,NA,"84540718-5B65-4607-95C5-954E53A121D8","84540718-5b65-4607-95c5-954e53a121d8",TRUE,"matched","3_core",9,0,1,69.2307692307692,0,3,3,1,"datasetName;canonicalName;decimalLatitude","idig","galaxias maculatus",2006,NA,"small stream [name unknown], outflowing from beaver lagoon into caleta douglas [douglas bay], [isla navarino], [ca. 25.4 air miles sw center puerto williams], [communa de cabo de hornos]",-55.1707000732422,-68.1059036254883,NA,"50897","ncsm","0",NA,NA,NA,NA,NA,NA,NA,NA,NA,NA,NA,NA,NA,NA
"14311",13686,NA,NA,"MAguilar.Lit.Review.1077",NA,NA,"matched","3_core",7,0,0.903089986991944,53.8461538461538,0,3,3,1,"datasetName;canonicalName;decimalLatitude","agui","galaxias maculatus",NA,NA,"bahía orange",-55.5166666674,-68.0499999997,"Rademacher K. 2007. ","1077",NA,"0",NA,NA,NA,NA,NA,NA,NA,NA,NA,NA,NA,NA,NA,NA
"14315",NA,NA,"unlink",NA,"dd822e94-38a7-8a74-609e-62ce94d045ff",NA,"no_match","no_match",NA,NA,NA,NA,NA,NA,NA,0,NA,"gbif","galaxias maculatus",NA,NA,"bahia thetis, on tierra del fuego island, southern tip of argentina; salinity: salt",-54.5167,-68,NA,"cmnfi 1986-0684.1","cmn",NA,"change coordinates to: -54.642979, -65.244715",NA,NA,"-54.642979","-65.244715",NA,NA,NA,NA,NA,NA,NA,NA,NA
"14316",13690,NA,NA,"094DA0DA-D12E-47DD-8623-D47A757260A7","094da0da-d12e-47dd-8623-d47a757260a7",TRUE,"matched","3_core",12,0,1.11394335230684,92.3076923076923,0,3,3,1,"datasetName;canonicalName;decimalLatitude","vert","galaxias maculatus",2006,"2006-01-09","río mejillones, [isla navarino], [ca. 15.3 air miles wnw center puerto williams], [comuna de cabo de hornos]",-54.9053,-67.9985,"North Carolina Museu","50905","ncsm","0",NA,NA,NA,NA,NA,NA,NA,NA,NA,NA,NA,NA,NA,NA
"14324",13701,NA,NA,"2D506E35-3B58-45CD-8165-FCDB05C981D5","2d506e35-3b58-45cd-8165-fcdb05c981d5",TRUE,"matched","3_core",9,0,1,69.2307692307692,0,3,3,1,"datasetName;canonicalName;decimalLatitude","idig","galaxias maculatus",2006,NA,"lago mejillones [lake mejillones], [isla navarino], [ca. 15.5 air miles se center ushuaia, argentina], [communa de cabo de hornos]",-54.9291000366211,-67.9904022216797,NA,"50903","ncsm","0",NA,NA,NA,NA,NA,NA,NA,NA,NA,NA,NA,NA,NA,NA
"14331",13709,NA,NA,"MAguilar.Lit.Review.365",NA,NA,"matched","3_core",7,0,0.903089986991944,53.8461538461538,0,3,3,1,"datasetName;canonicalName;decimalLatitude","agui","aplochiton taeniatus",NA,NA,"canal beagle",-54.8999999999,-67.9833333329,"Cussac, V., Ortubay,","365",NA,"0",NA,NA,NA,NA,NA,NA,NA,NA,NA,NA,NA,NA,NA,NA
"14339",13715,NA,NA,"857286B1-F621-4B9B-A31D-992B387F68D8","857286b1-f621-4b9b-a31d-992b387f68d8",TRUE,"matched","3_core",12,0,1.11394335230684,92.3076923076923,0,3,3,1,"datasetName;canonicalName;decimalLatitude","vert","galaxias maculatus",2006,"2006-02-13","[río] guerrico, 50 meters upstream bridge [y-905], [isla navarino], [ca. 9.3 air miles ene center puerto williams], [communa de cabo de hornos]",-54.9128,-67.8484,"North Carolina Museu","50901","ncsm","0",NA,NA,NA,NA,NA,NA,NA,NA,NA,NA,NA,NA,NA,NA
"14378",13757,NA,NA,"DD419071-DDDA-4AFD-9D6B-11A823E877BE","dd419071-ddda-4afd-9d6b-11a823e877be",TRUE,"matched","3_core",12,0,1.11394335230684,92.3076923076923,0,3,3,1,"datasetName;canonicalName;decimalLatitude","vert","galaxias maculatus",2006,"2006-02-18","[river (name unknown)], at [cascada] los bronces [los bronces falls], 50 meters upstream from road [y-905], [isla navarino], [ca. 3.5 air miles wsw center puerto williams], [comuna de cabo de hornos]",-54.9411,-67.7027,"North Carolina Museu","50902","ncsm","0",NA,NA,NA,NA,NA,NA,NA,NA,NA,NA,NA,NA,NA,NA
"14383",NA,NA,NA,NA,"190547959",NA,"no_match","no_match",NA,NA,NA,NA,NA,NA,NA,0,NA,"data","galaxias maculatus",NA,NA,NA,-54.4167,-67.6833,NA,NA,"ku","0",NA,NA,NA,NA,NA,NA,NA,NA,NA,NA,NA,NA,NA,NA
"14389",13767,NA,NA,"84404C90-9E88-4807-81ED-51793AA2122A","84404c90-9e88-4807-81ed-51793aa2122a",TRUE,"matched","3_core",12,0,1.11394335230684,92.3076923076923,0,3,3,1,"datasetName;canonicalName;decimalLatitude","vert","galaxias maculatus",2006,"2006-02-10","[río] robalo, 50 meters upstream of bridge [y-905], [isla navarino], [ca. 1.7 air miles wsw center puerto williams], [communa de cabo de hornos]",-54.9417,-67.6576,"North Carolina Museu","50896","ncsm","0",NA,NA,NA,NA,NA,NA,NA,NA,NA,NA,NA,NA,NA,NA
"14391",13769,NA,NA,"95182BB7-D902-451D-89A8-284AC437AA63","95182bb7-d902-451d-89a8-284ac437aa63",TRUE,"matched","3_core",12,0,1.11394335230684,92.3076923076923,0,3,3,1,"datasetName;canonicalName;decimalLatitude","vert","salmo trutta",2006,"2006-02-10","[río] robalo, 50 meters upstream of bridge [y-905], [isla navarino], [ca. 1.7 air miles wsw center puerto williams], [communa de cabo de hornos]",-54.9417,-67.6576,"North Carolina Museu","50895","ncsm","0",NA,NA,NA,NA,NA,NA,NA,NA,NA,NA,NA,NA,NA,NA
"14400",13778,NA,NA,"6225B365-9F73-427D-B9F5-16FAC397C47F","6225b365-9f73-427d-b9f5-16fac397c47f",TRUE,"matched","3_core",12,0,1.11394335230684,92.3076923076923,0,3,3,1,"datasetName;canonicalName;decimalLatitude","vert","galaxias maculatus",2006,"2006-02-24","[stream (name unknown) entering seno lauro inlet], 50 meters upstream of bridge [y-905/avenida costanera juan pablo segundo], [isla navarino], [ca. 0.5 air miles sw center puerto williams], [communa de cabo de hornos], [see remarks]",-54.9387,-67.6234,"North Carolina Museu","50907","ncsm","0",NA,NA,NA,NA,NA,NA,NA,NA,NA,NA,NA,NA,NA,NA
"14403",13781,NA,NA,"MAguilar.Lit.Review.364",NA,NA,"matched","3_core",7,0,0.903089986991944,53.8461538461538,0,3,3,1,"datasetName;canonicalName;decimalLatitude","agui","aplochiton taeniatus",NA,NA,"tierra del fuego",-54.366666667,-67.6166666666,"Cussac, V., Ortubay,","364",NA,"0","Comes from Dollo 1904",NA,NA,"-54.8318","-68.561",NA,"1897","1897-12-26",NA,NA,NA,"3013","Louis Dollo","https://darwin.naturalsciences.be/uri/object/680031a4-6461-41bf-b224-9f34ae0d05de"
"14404",13782,NA,NA,"MAguilar.Lit.Review.382",NA,NA,"matched","3_core",7,0,0.903089986991944,53.8461538461538,0,3,3,1,"datasetName;canonicalName;decimalLatitude","agui","aplochiton zebra",NA,NA,"tierra del fuego",-54.366666667,-67.6166666666,"Cussac, V., Ortubay,","382",NA,NA,"From Ringuelet el al.: lago al norte del lago Lapataia, Tierra del fuego. Change coordinates to -54.831142, -68.566078","(Lahille, 1923) | (Ringuelet et al., 1967)",NA,"-54.831142","-68.566078","lago al norte del lago Lapataia, Tierra del fuego","1898","1898-02",NA,NA,NA,NA,"Lahille",NA
"14405",13783,NA,NA,"MAguilar.Lit.Review.411",NA,NA,"matched","3_core",7,0,0.903089986991944,53.8461538461538,0,3,3,1,"datasetName;canonicalName;decimalLatitude","agui","galaxias maculatus",NA,NA,"tierra del fuego",-54.366666667,-67.6166666666,"Cussac, V., Ortubay,","411",NA,NA,"Remove: imprecise, Tierra de Fuego",NA,NA,NA,NA,NA,NA,NA,NA,NA,NA,NA,NA,NA
"14407",13786,NA,NA,"297C262E-2145-45BC-B639-A75F3F6AC783","297c262e-2145-45bc-b639-a75f3f6ac783",TRUE,"matched","3_core",12,0,1.11394335230684,92.3076923076923,0,3,3,1,"datasetName;canonicalName;decimalLatitude","vert","salmo trutta",2006,"2006-02-02","río ukika, [isla navarino], [ca. 0.7 air miles se center puerto williams], [communa de cabo de hornos]",-54.9391,-67.6012,"North Carolina Museu","50904","ncsm","0",NA,NA,NA,NA,NA,NA,NA,NA,NA,NA,NA,NA,NA,NA
"14410",13789,NA,NA,"86a82ee0-587f-87f4-bdb0-b1235207414e","86a82ee0-587f-87f4-bdb0-b1235207414e",TRUE,"matched","3_core",11,0,1.07918124604762,84.6153846153846,0,3,3,1,"datasetName;canonicalName;decimalLatitude","idig","animalia",1970,"1970-01-30","e of puerto williams, villa ukika, stream above road bridge",-54.9336,-67.5925,NA,"cmnfi 1970-0446.1","cmn",NA,"Change canonicalName to Galaxias",NA,NA,NA,NA,NA,NA,NA,NA,NA,NA,NA,NA,NA
"14417",13795,NA,NA,"MAguilar.Lit.Review.354",NA,NA,"matched","3_core",7,0,0.903089986991944,53.8461538461538,0,3,3,1,"datasetName;canonicalName;decimalLatitude","agui","aplochiton taeniatus",NA,NA,"canal beagle",-54.8333333331,-67.483333333,"Cussac, V., Ortubay,","354",NA,NA,"year= 1904. from McDowall 1971, From Dollo 1904 (cited in Ringuelet 1967), Locality= Lapataia, Tierra del Fuego, Beagle Channel, Coordinates : -54.83215932353935, -68.56136280498983","Dollo et al., 1904 | Ringuelet et al., 1967 | McDowall, 1971",NA,"-54.8318","-68.561","Lapataia, Tierra del Fuego, Beagle Channel","1904","1897-12-26",NA,NA,NA,"3013","Louis Dollo","https://darwin.naturalsciences.be/uri/object/680031a4-6461-41bf-b224-9f34ae0d05de"
"14420",13800,NA,NA,"MAguilar.Lit.Review.983",NA,NA,"matched","3_core",8,0,0.954242509439325,61.5384615384615,0,3,3,1,"datasetName;canonicalName;decimalLatitude","agui","geotria australis",NA,NA,"río lasifashaj",-54.8727777779,-67.3938888892,"Nardi, C.F., Sánchez","983",NA,NA,"Remove. eDNA",NA,NA,NA,NA,NA,NA,NA,NA,NA,NA,NA,NA,NA
"14427",13806,NA,NA,"MAguilar.Lit.Review.982",NA,NA,"matched","3_core",8,0,0.954242509439325,61.5384615384615,0,3,3,1,"datasetName;canonicalName;decimalLatitude","agui","geotria australis",NA,NA,"río varela",-54.875277778,-67.3022222224,"Nardi, C.F., Sánchez","982",NA,NA,"Remove. eDNA",NA,NA,NA,NA,NA,NA,NA,NA,NA,NA,NA,NA,NA
"14434",13813,NA,NA,"B9779608-F120-48AF-BC02-6FDA19053356","b9779608-f120-48af-bc02-6fda19053356",TRUE,"matched","3_core",9,0,1,69.2307692307692,0,3,3,1,"datasetName;canonicalName;decimalLatitude","idig","aplochiton zebra",2006,NA,"lago pollollo [lake pollollo], [isla navarino], [ca. 14.8 air miles ese center puerto williams], [communa de cabo de hornos]",-55.0177993774414,-67.2753982543945,NA,"50893","ncsm","0",NA,NA,NA,NA,NA,NA,NA,NA,NA,NA,NA,NA,NA,NA
"14445",NA,NA,"unlink, record via iDigBio",NA,"mcz:ich:27612",NA,"no_match","no_match",NA,NA,NA,NA,NA,NA,NA,0,NA,"gbif","galaxias maculatus",1884,"1884","cabo de hornos, orange bay",-56.01,-67.26,NA,"27612","mcz","0",NA,NA,NA,NA,NA,NA,NA,NA,NA,NA,NA,NA,NA,NA
"14448",13825,NA,NA,"MAguilar.Lit.Review.981",NA,NA,"matched","3_core",8,0,0.954242509439325,61.5384615384615,0,3,3,1,"datasetName;canonicalName;decimalLatitude","agui","geotria australis",NA,NA,"río cambaceres",-54.8816666671,-67.2388888891,"Nardi, C.F., Sánchez","981",NA,NA,"Remove. eDNA",NA,NA,NA,NA,NA,NA,NA,NA,NA,NA,NA,NA,NA
"14452",13828,NA,NA,"MAguilar.Lit.Review.366",NA,NA,"matched","3_core",7,0,0.903089986991944,53.8461538461538,0,3,3,1,"datasetName;canonicalName;decimalLatitude","agui","aplochiton taeniatus",NA,NA,"lapataia",-54.9166666668,-66.8333333334,"Cussac, V., Ortubay,","366",NA,NA,"year= 1893. Change coordinate to -49,42337, -74,29629  Specimen actually comes from Puerto Grappler, but Campos 1969, citing Lonnberg 1907, says it comes from Lapataia.","(Lönnberg, 1907)",NA,"-49.42337","-74.29629","Puerto Grappler","1893",NA,NA,NA,NA,NA,NA,NA
"14454",13830,NA,NA,"MAguilar.Lit.Review.980",NA,NA,"matched","3_core",8,0,0.954242509439325,61.5384615384615,0,3,3,1,"datasetName;canonicalName;decimalLatitude","agui","geotria australis",NA,NA,"río moat",-54.9677777782,-66.7411111113,"Nardi, C.F., Sánchez","980",NA,NA,"Remove. eDNA",NA,NA,NA,NA,NA,NA,NA,NA,NA,NA,NA,NA,NA
"14457",13833,NA,NA,"MAguilar.Lit.Review.392",NA,NA,"matched","3_core",7,0,0.903089986991944,53.8461538461538,0,3,3,1,"datasetName;canonicalName;decimalLatitude","agui","galaxias maculatus",NA,NA,"río bompland",-54.816666667,-65.4333333326,"Cussac, V., Ortubay,","392",NA,NA,"could be wrong.",NA,NA,NA,NA,NA,NA,NA,NA,NA,NA,NA,NA,NA
"99992",10880,NA,"good","MAguilar.Lit.Review.785",NA,NA,"matched","all_core_firlds",9,0,1,69.2307692307692,0,5,5,1,"datasetName;canonicalName;decimalLatitude;decimalLongitude;bibliographicCitation","agui","salmo trutta",2006,NA,"lago balmaceda",-51.8856790002,-72.336679,"Habit, E., Gonzalez,","785",NA,"1","associatedReferences: (Cussac et al. 2020)",NA,"Cussac et al. 2020",NA,NA,NA,NA,NA,NA,NA,NA,NA,NA,NA
"99993",NA,NA,"unlink",NA,NA,NA,"no_match","no_match",NA,NA,NA,NA,NA,NA,NA,0,NA,"agui","galaxias platei",1998,NA,"lago belgrano",-47.9166793127,-72.1493652392,"RUZZANTE, D.E., WALD","1162",NA,"0","change coordinated to:-47.869444, -72.146111; associatedReferences (Zemlak et al. 2008)",NA,"Zemlak et al. 2008","-47.869444","-72.146111",NA,NA,NA,NA,NA,NA,NA,NA,NA
