"locality","decimalLatitude","decimalLongitude","year","eventDate","scientificName","individualCount","samplingProtocol","locationRemarks","recordedBy","associatedReferences","license","rightsHolder","accessRights","bibliographicCitation","datasetName","basisOfRecord"
"Arrollo Chiloe 1",-42.66093303,-74.11884704,2017,2017-02-25,"Eleginops maclovinus",2,"Casting Net","Arroyo Chiloe","Cristian Correa, Maryse Boisjoly, Camila Sola, Consuelo Guevara","","CC BY-NC 4.0","Cristián Correa, orcid.org/0000-0002-8608-6858","not-for-profit use only","Correa, Cristián, Maryse Boisjoly (2023) Base de datos empírica de peces de Chile. Valdivia, Chile.","Fish Database Correa-Boisjoly","Ocurrence"
"Arroyo 1, Río Caleta",-53.19982099,-71.60488503,2015,2015-03-01,"Galaxias maculatus",8,"Casting Net","Río Caleta","Cristian Correa","","CC BY-NC 4.0","Cristián Correa, orcid.org/0000-0002-8608-6858","not-for-profit use only","Correa, Cristián, Maryse Boisjoly (2023) Base de datos empírica de peces de Chile. Valdivia, Chile.","Fish Database Correa-Boisjoly","Ocurrence"
"Arroyo 1, Río Caleta",-53.19982099,-71.60488503,2015,2015-03-01,"Oncorhynchus kisutch",44,"Casting Net","Río Caleta","Cristian Correa","","CC BY-NC 4.0","Cristián Correa, orcid.org/0000-0002-8608-6858","not-for-profit use only","Correa, Cristián, Maryse Boisjoly (2023) Base de datos empírica de peces de Chile. Valdivia, Chile.","Fish Database Correa-Boisjoly","Ocurrence"
"Arroyo 1, Río Caleta",-53.19982099,-71.60488503,2015,2015-03-01,"Salmo trutta",6,"Casting Net","Río Caleta","Cristian Correa","","CC BY-NC 4.0","Cristián Correa, orcid.org/0000-0002-8608-6858","not-for-profit use only","Correa, Cristián, Maryse Boisjoly (2023) Base de datos empírica de peces de Chile. Valdivia, Chile.","Fish Database Correa-Boisjoly","Ocurrence"
"Caleta Gonzalo",-42.559286,-72.604811,2023,2023-11-13,"Galaxias maculatus",1,"Visual Evaluation","Caleta Gonzalo","CC BD","","CC BY-NC 4.0","Cristián Correa, orcid.org/0000-0002-8608-6858","not-for-profit use only","Correa, Cristián, Maryse Boisjoly (2023) Base de datos empírica de peces de Chile. Valdivia, Chile.","Fish Database Correa-Boisjoly","Ocurrence"
"Cameron",-53.646562,-69.651453,2015,2015-02-17,"Oncorhynchus mykiss",6,"Electric fishing","Cameron","Cristian Correa, Maryse Boisjoly, Jonathan Poblete","","CC BY-NC 4.0","Cristián Correa, orcid.org/0000-0002-8608-6858","not-for-profit use only","Correa, Cristián, Maryse Boisjoly (2023) Base de datos empírica de peces de Chile. Valdivia, Chile.","Fish Database Correa-Boisjoly","Ocurrence"
"Cameron",-53.646562,-69.651453,2015,2015-02-17,"Salmo trutta",7,"Electric fishing","Cameron","Cristian Correa, Maryse Boisjoly, Jonathan Poblete","","CC BY-NC 4.0","Cristián Correa, orcid.org/0000-0002-8608-6858","not-for-profit use only","Correa, Cristián, Maryse Boisjoly (2023) Base de datos empírica de peces de Chile. Valdivia, Chile.","Fish Database Correa-Boisjoly","Ocurrence"
"Chaiten",-42.920813,-72.714867,2007,2007-01-24,"Eleginops maclovinus",1,"Dip net","Chaiten","Cristian Correa","","CC BY-NC 4.0","Cristián Correa, orcid.org/0000-0002-8608-6858","not-for-profit use only","Correa, Cristián, Maryse Boisjoly (2023) Base de datos empírica de peces de Chile. Valdivia, Chile.","Fish Database Correa-Boisjoly","Ocurrence"
"Chaiten",-42.920813,-72.714867,2007,2007-01-24,"Galaxias maculatus",30,"Dip net","Chaiten","Cristian Correa","","CC BY-NC 4.0","Cristián Correa, orcid.org/0000-0002-8608-6858","not-for-profit use only","Correa, Cristián, Maryse Boisjoly (2023) Base de datos empírica de peces de Chile. Valdivia, Chile.","Fish Database Correa-Boisjoly","Ocurrence"
"Chorillo, Lago Porteño",-51.330744,-72.80935,2015,2015-03-15,"Aplochiton zebra",39,"Electric fishing","Lago Porteño","Cristian Correa, Jonathan Poblete","","CC BY-NC 4.0","Cristián Correa, orcid.org/0000-0002-8608-6858","not-for-profit use only","Correa, Cristián, Maryse Boisjoly (2023) Base de datos empírica de peces de Chile. Valdivia, Chile.","Fish Database Correa-Boisjoly","Ocurrence"
"Chorillo, Lago Porteño",-51.330744,-72.80935,2015,2015-03-15,"Salmo trutta",3,"Electric fishing","Lago Porteño","Cristian Correa, Jonathan Poblete","","CC BY-NC 4.0","Cristián Correa, orcid.org/0000-0002-8608-6858","not-for-profit use only","Correa, Cristián, Maryse Boisjoly (2023) Base de datos empírica de peces de Chile. Valdivia, Chile.","Fish Database Correa-Boisjoly","Ocurrence"
"Curaco de Velez",-42.442669,-73.600094,2017,2017-03-02,"Oncorhynchus mykiss",14,"Casting Net","Curaco de Velez","Cristian Correa, Maryse Boisjoly","","CC BY-NC 4.0","Cristián Correa, orcid.org/0000-0002-8608-6858","not-for-profit use only","Correa, Cristián, Maryse Boisjoly (2023) Base de datos empírica de peces de Chile. Valdivia, Chile.","Fish Database Correa-Boisjoly","Ocurrence"
"Curaco de Velez",-42.440608,-73.603339,2017,2017-03-02,"Galaxias maculatus",4,"Casting Net","Curaco de Velez","Cristian Correa, Maryse Boisjoly","","CC BY-NC 4.0","Cristián Correa, orcid.org/0000-0002-8608-6858","not-for-profit use only","Correa, Cristián, Maryse Boisjoly (2023) Base de datos empírica de peces de Chile. Valdivia, Chile.","Fish Database Correa-Boisjoly","Ocurrence"
"Estero Anguai, Chepu",-42.046985,-73.972036,2017,2017-02-18,"Aplochiton marinus",7,"Trolling","Estero Anguai (Chepu)","Cristian Correa","","CC BY-NC 4.0","Cristián Correa, orcid.org/0000-0002-8608-6858","not-for-profit use only","Correa, Cristián, Maryse Boisjoly (2023) Base de datos empírica de peces de Chile. Valdivia, Chile.","Fish Database Correa-Boisjoly","Ocurrence"
"Estero Anguai, Chepu",-42.04687203,-73.97126704,2017,2017-02-18,"Aplochiton marinus",18,"Gill Net Aplochitonera 3mX5m  X2","Estero Anguai (Chepu)","Cristian Correa, Camila Sola, Consuelo Guevara, Maryse Boisjoly","","CC BY-NC 4.0","Cristián Correa, orcid.org/0000-0002-8608-6858","not-for-profit use only","Correa, Cristián, Maryse Boisjoly (2023) Base de datos empírica de peces de Chile. Valdivia, Chile.","Fish Database Correa-Boisjoly","Ocurrence"
"Estero Anguai, Chepu",-42.04670498,-73.97106503,2017,2017-02-18,"Aplochiton marinus",4,"Gill Net Aplochitonera 1.5mX7m","Estero Anguai (Chepu)","Cristian Correa, Camila Sola, Consuelo Guevara, Maryse Boisjoly","","CC BY-NC 4.0","Cristián Correa, orcid.org/0000-0002-8608-6858","not-for-profit use only","Correa, Cristián, Maryse Boisjoly (2023) Base de datos empírica de peces de Chile. Valdivia, Chile.","Fish Database Correa-Boisjoly","Ocurrence"
"Estero Anguai, Chepu",-42.04620902,-73.97086102,2017,2017-02-18,"Aplochiton marinus",4,"Fyke net","Estero Anguai (Chepu)","Cristian Correa, Camila Sola, Consuelo Guevara, Maryse Boisjoly","","CC BY-NC 4.0","Cristián Correa, orcid.org/0000-0002-8608-6858","not-for-profit use only","Correa, Cristián, Maryse Boisjoly (2023) Base de datos empírica de peces de Chile. Valdivia, Chile.","Fish Database Correa-Boisjoly","Ocurrence"
"Estero Anguai, Chepu",-42.04620902,-73.97086102,2017,2017-02-18,"Eleginops maclovinus",5,"Fyke net","Estero Anguai (Chepu)","Cristian Correa, Camila Sola, Consuelo Guevara, Maryse Boisjoly","","CC BY-NC 4.0","Cristián Correa, orcid.org/0000-0002-8608-6858","not-for-profit use only","Correa, Cristián, Maryse Boisjoly (2023) Base de datos empírica de peces de Chile. Valdivia, Chile.","Fish Database Correa-Boisjoly","Ocurrence"
"Estero Mallín, Estación U de Chile",-46.296692,-73.407726,2023,2023-01-27,"Galaxias maculatus",7,"Minnow Trap","Valle Exploradores","Cristian Correa","","CC BY-NC 4.0","Cristián Correa, orcid.org/0000-0002-8608-6858","not-for-profit use only","Correa, Cristián, Maryse Boisjoly (2023) Base de datos empírica de peces de Chile. Valdivia, Chile.","Fish Database Correa-Boisjoly","Ocurrence"
"Estrecho de Magallanes",-53.68112102,-70.97443499,2015,2015-02-22,"Galaxias maculatus",80,"Gill Net","Río Santa María","Fishermen","","CC BY-NC 4.0","Cristián Correa, orcid.org/0000-0002-8608-6858","not-for-profit use only","Correa, Cristián, Maryse Boisjoly (2023) Base de datos empírica de peces de Chile. Valdivia, Chile.","Fish Database Correa-Boisjoly","Ocurrence"
"Estrecho de Magallanes",-53.68112102,-70.97443499,2015,2015-02-22,"Oncorhynchus kisutch",10,"Gill Net","Río Santa María","Fishermen","","CC BY-NC 4.0","Cristián Correa, orcid.org/0000-0002-8608-6858","not-for-profit use only","Correa, Cristián, Maryse Boisjoly (2023) Base de datos empírica de peces de Chile. Valdivia, Chile.","Fish Database Correa-Boisjoly","Ocurrence"
"Estrecho de Magallanes",-53.68112102,-70.97443499,2015,2015-02-23,"Oncorhynchus kisutch",16,"Gill Net","Río Santa María","Fishermen","","CC BY-NC 4.0","Cristián Correa, orcid.org/0000-0002-8608-6858","not-for-profit use only","Correa, Cristián, Maryse Boisjoly (2023) Base de datos empírica de peces de Chile. Valdivia, Chile.","Fish Database Correa-Boisjoly","Ocurrence"
"Fiordo Esteffen",-47.971891,-73.209556,2007,2007-03-25,"Galaxias maculatus",9,"Electric fishing","Fiordo Esteffen","Cristian Correa","","CC BY-NC 4.0","Cristián Correa, orcid.org/0000-0002-8608-6858","not-for-profit use only","Correa, Cristián, Maryse Boisjoly (2023) Base de datos empírica de peces de Chile. Valdivia, Chile.","Fish Database Correa-Boisjoly","Ocurrence"
"Fjordo Quitralco",-45.591076,-73.256494,2023,2023-01-30,"Patagonotothen",3,"Minnow Trap","Quitralco","Cristian Correa, Maryse Boisjoly, Gael Correa Boisjoly, Brian Reid","","CC BY-NC 4.0","Cristián Correa, orcid.org/0000-0002-8608-6858","not-for-profit use only","Correa, Cristián, Maryse Boisjoly (2023) Base de datos empírica de peces de Chile. Valdivia, Chile.","Fish Database Correa-Boisjoly","Ocurrence"
"Fjordo Quitralco",-45.591076,-73.256494,2023,2023-01-30,"Sebastes",1,"Minnow Trap","Quitralco","Cristian Correa, Maryse Boisjoly, Gael Correa Boisjoly, Brian Reid","","CC BY-NC 4.0","Cristián Correa, orcid.org/0000-0002-8608-6858","not-for-profit use only","Correa, Cristián, Maryse Boisjoly (2023) Base de datos empírica de peces de Chile. Valdivia, Chile.","Fish Database Correa-Boisjoly","Ocurrence"
"Fjordo de Alarcón",-51.563762,-72.754988,2015,2015-04-17,"Oncorhynchus kisutch",6,"Gill Net","Seno de Última Esperanza","Fisherman","","CC BY-NC 4.0","Cristián Correa, orcid.org/0000-0002-8608-6858","not-for-profit use only","Correa, Cristián, Maryse Boisjoly (2023) Base de datos empírica de peces de Chile. Valdivia, Chile.","Fish Database Correa-Boisjoly","Ocurrence"
"Fjordo de Alarcón",-51.563762,-72.754988,2015,2015-04-17,"Oncorhynchus tshawytscha",14,"Gill Net","Seno de Última Esperanza","Fisherman","","CC BY-NC 4.0","Cristián Correa, orcid.org/0000-0002-8608-6858","not-for-profit use only","Correa, Cristián, Maryse Boisjoly (2023) Base de datos empírica de peces de Chile. Valdivia, Chile.","Fish Database Correa-Boisjoly","Ocurrence"
"Fjordo de Alarcón",-51.563762,-72.754988,2015,2015-04-17,"Salmo salar",1,"Gill Net","Seno de Última Esperanza","Fisherman","","CC BY-NC 4.0","Cristián Correa, orcid.org/0000-0002-8608-6858","not-for-profit use only","Correa, Cristián, Maryse Boisjoly (2023) Base de datos empírica de peces de Chile. Valdivia, Chile.","Fish Database Correa-Boisjoly","Ocurrence"
"Fjordo de Alarcón",-51.563762,-72.754988,2015,2015-04-17,"Salmo trutta",2,"Gill Net","Seno de Última Esperanza","Fisherman","","CC BY-NC 4.0","Cristián Correa, orcid.org/0000-0002-8608-6858","not-for-profit use only","Correa, Cristián, Maryse Boisjoly (2023) Base de datos empírica de peces de Chile. Valdivia, Chile.","Fish Database Correa-Boisjoly","Ocurrence"
"Futaleufu",-43.19055,-71.842697,2023,2023-11-11,"Oncorhynchus mykiss",24,"Electric fishing","Rio Futaleufu","CC BD","","CC BY-NC 4.0","Cristián Correa, orcid.org/0000-0002-8608-6858","not-for-profit use only","Correa, Cristián, Maryse Boisjoly (2023) Base de datos empírica de peces de Chile. Valdivia, Chile.","Fish Database Correa-Boisjoly","Ocurrence"
"Hueñuhueñu, Petrohue",-41.260111,-72.477917,2004,2004-04-14,"Oncorhynchus tshawytscha",10,"Hooks/Poaching","Hueñuhueñu (Petrohue)","Cristian Correa","(Correa and Moran 2017) | (Narum et al. 2017)","CC BY-NC 4.0","Cristián Correa, orcid.org/0000-0002-8608-6858","not-for-profit use only","Correa, Cristián, Maryse Boisjoly (2023) Base de datos empírica de peces de Chile. Valdivia, Chile.","Fish Database Correa-Boisjoly","Ocurrence"
"Lago Aislado",-46.376777,-73.250979,2019,2019-01-15,"Galaxias platei",1,"Gill Net Experimental","Valle Exploradores","Cristian Correa","","CC BY-NC 4.0","Cristián Correa, orcid.org/0000-0002-8608-6858","not-for-profit use only","Correa, Cristián, Maryse Boisjoly (2023) Base de datos empírica de peces de Chile. Valdivia, Chile.","Fish Database Correa-Boisjoly","Ocurrence"
"Lago Aislado",-46.376777,-73.250979,2019,2019-01-15,"Salmo trutta",1,"Gill Net Experimental","Valle Exploradores","Cristian Correa","","CC BY-NC 4.0","Cristián Correa, orcid.org/0000-0002-8608-6858","not-for-profit use only","Correa, Cristián, Maryse Boisjoly (2023) Base de datos empírica de peces de Chile. Valdivia, Chile.","Fish Database Correa-Boisjoly","Ocurrence"
"Lago Aislado",-46.376454,-73.247836,2023,2023-01-11,"Salmo trutta",7,"Angling","Valle Exploradores","Cristian Correa, Julien Cucherousset, Simon Blanchet","","CC BY-NC 4.0","Cristián Correa, orcid.org/0000-0002-8608-6858","not-for-profit use only","Correa, Cristián, Maryse Boisjoly (2023) Base de datos empírica de peces de Chile. Valdivia, Chile.","Fish Database Correa-Boisjoly","Ocurrence"
"Lago Aislado",-46.376363,-73.247718,2019,2019-01-14,"Oncorhynchus tshawytscha",3,"Minnow Trap","Valle Exploradores","Cristian Correa","","CC BY-NC 4.0","Cristián Correa, orcid.org/0000-0002-8608-6858","not-for-profit use only","Correa, Cristián, Maryse Boisjoly (2023) Base de datos empírica de peces de Chile. Valdivia, Chile.","Fish Database Correa-Boisjoly","Ocurrence"
"Lago Aislado",-46.376035,-73.24722298,2014,2014-03-20,"Oncorhynchus tshawytscha",1,"Gill Net Aplochitonera 3mX5m  X2","Valle Exploradores","Cristian Correa, Maryse Boisjoly","","CC BY-NC 4.0","Cristián Correa, orcid.org/0000-0002-8608-6858","not-for-profit use only","Correa, Cristián, Maryse Boisjoly (2023) Base de datos empírica de peces de Chile. Valdivia, Chile.","Fish Database Correa-Boisjoly","Ocurrence"
"Lago Aislado",-46.375956,-73.246697,2019,2019-01-15,"Galaxias platei",1,"Seine net","Valle Exploradores","Cristian Correa, Julien Cucherousset, Simon Blanchet, Jaime Schienfeldt","","CC BY-NC 4.0","Cristián Correa, orcid.org/0000-0002-8608-6858","not-for-profit use only","Correa, Cristián, Maryse Boisjoly (2023) Base de datos empírica de peces de Chile. Valdivia, Chile.","Fish Database Correa-Boisjoly","Ocurrence"
"Lago Aislado",-46.375956,-73.246697,2019,2019-01-15,"Oncorhynchus tshawytscha",102,"Seine net","Valle Exploradores","Cristian Correa, Julien Cucherousset, Simon Blanchet, Jaime Schienfeldt","","CC BY-NC 4.0","Cristián Correa, orcid.org/0000-0002-8608-6858","not-for-profit use only","Correa, Cristián, Maryse Boisjoly (2023) Base de datos empírica de peces de Chile. Valdivia, Chile.","Fish Database Correa-Boisjoly","Ocurrence"
"Lago Aislado",-46.375956,-73.246697,2019,2019-01-18,"Oncorhynchus tshawytscha",3,"Electric fishing","Valle Exploradores","Cristian Correa, Julien Cucherousset, Simon Blanchet, Didier Galop","","CC BY-NC 4.0","Cristián Correa, orcid.org/0000-0002-8608-6858","not-for-profit use only","Correa, Cristián, Maryse Boisjoly (2023) Base de datos empírica de peces de Chile. Valdivia, Chile.","Fish Database Correa-Boisjoly","Ocurrence"
"Lago Aislado",-46.375956,-73.246697,2019,2019-01-18,"Salmo trutta",3,"Electric fishing","Valle Exploradores","Cristian Correa, Julien Cucherousset, Simon Blanchet, Didier Galop","","CC BY-NC 4.0","Cristián Correa, orcid.org/0000-0002-8608-6858","not-for-profit use only","Correa, Cristián, Maryse Boisjoly (2023) Base de datos empírica de peces de Chile. Valdivia, Chile.","Fish Database Correa-Boisjoly","Ocurrence"
"Lago Aislado",-46.37539102,-73.246047,2014,2014-03-19,"Galaxias platei",6,"Seine net","Valle Exploradores","Cristian Correa, Maryse Boisjoly","","CC BY-NC 4.0","Cristián Correa, orcid.org/0000-0002-8608-6858","not-for-profit use only","Correa, Cristián, Maryse Boisjoly (2023) Base de datos empírica de peces de Chile. Valdivia, Chile.","Fish Database Correa-Boisjoly","Ocurrence"
"Lago Aislado",-46.37539102,-73.246047,2014,2014-03-19,"Oncorhynchus tshawytscha",2,"Seine net","Valle Exploradores","Cristian Correa, Maryse Boisjoly","","CC BY-NC 4.0","Cristián Correa, orcid.org/0000-0002-8608-6858","not-for-profit use only","Correa, Cristián, Maryse Boisjoly (2023) Base de datos empírica de peces de Chile. Valdivia, Chile.","Fish Database Correa-Boisjoly","Ocurrence"
"Lago Aislado",-46.37539102,-73.246047,2014,2014-03-19,"Salmo trutta",6,"Seine net","Valle Exploradores","Cristian Correa, Maryse Boisjoly","","CC BY-NC 4.0","Cristián Correa, orcid.org/0000-0002-8608-6858","not-for-profit use only","Correa, Cristián, Maryse Boisjoly (2023) Base de datos empírica de peces de Chile. Valdivia, Chile.","Fish Database Correa-Boisjoly","Ocurrence"
"Lago Aislado",-46.37539102,-73.246047,2014,2014-03-20,"Galaxias platei",2,"Hand Collected, Minnow Trap","Valle Exploradores","Cristian Correa, Maryse Boisjoly","","CC BY-NC 4.0","Cristián Correa, orcid.org/0000-0002-8608-6858","not-for-profit use only","Correa, Cristián, Maryse Boisjoly (2023) Base de datos empírica de peces de Chile. Valdivia, Chile.","Fish Database Correa-Boisjoly","Ocurrence"
"Lago Aislado",-46.37539102,-73.246047,2014,2014-03-20,"Oncorhynchus tshawytscha",1,"Hand Collected","Valle Exploradores","Cristian Correa, Maryse Boisjoly","","CC BY-NC 4.0","Cristián Correa, orcid.org/0000-0002-8608-6858","not-for-profit use only","Correa, Cristián, Maryse Boisjoly (2023) Base de datos empírica de peces de Chile. Valdivia, Chile.","Fish Database Correa-Boisjoly","Ocurrence"
"Lago Aislado",-46.37539102,-73.246047,2014,2014-03-20,"Salmo trutta",4,"Gill Net Experimental","Valle Exploradores","Cristian Correa, Maryse Boisjoly","","CC BY-NC 4.0","Cristián Correa, orcid.org/0000-0002-8608-6858","not-for-profit use only","Correa, Cristián, Maryse Boisjoly (2023) Base de datos empírica de peces de Chile. Valdivia, Chile.","Fish Database Correa-Boisjoly","Ocurrence"
"Lago Aislado",-46.375313,-73.257109,2019,2019-01-19,"Oncorhynchus tshawytscha",7,"Angling","Valle Exploradores","Jaime Schienfeldt","","CC BY-NC 4.0","Cristián Correa, orcid.org/0000-0002-8608-6858","not-for-profit use only","Correa, Cristián, Maryse Boisjoly (2023) Base de datos empírica de peces de Chile. Valdivia, Chile.","Fish Database Correa-Boisjoly","Ocurrence"
"Lago Aislado",-46.375313,-73.257109,2019,2019-01-19,"Salmo trutta",42,"Angling","Valle Exploradores","Jaime Schienfeldt","","CC BY-NC 4.0","Cristián Correa, orcid.org/0000-0002-8608-6858","not-for-profit use only","Correa, Cristián, Maryse Boisjoly (2023) Base de datos empírica de peces de Chile. Valdivia, Chile.","Fish Database Correa-Boisjoly","Ocurrence"
"Lago Aislado",-46.37491602,-73.24579496,2014,2014-03-20,"Aplochiton marinus",1,"Gill Net Aplochitonera 3mX10m","Valle Exploradores","Cristian Correa, Maryse Boisjoly","","CC BY-NC 4.0","Cristián Correa, orcid.org/0000-0002-8608-6858","not-for-profit use only","Correa, Cristián, Maryse Boisjoly (2023) Base de datos empírica de peces de Chile. Valdivia, Chile.","Fish Database Correa-Boisjoly","Ocurrence"
"Lago Aislado",-46.373227,-73.2364699999999,2023,2023-01-11,"Salmo trutta",1,"Angling","Valle Exploradores","Cristian Correa, Julien Cucherousset, Simon Blanchet","","CC BY-NC 4.0","Cristián Correa, orcid.org/0000-0002-8608-6858","not-for-profit use only","Correa, Cristián, Maryse Boisjoly (2023) Base de datos empírica de peces de Chile. Valdivia, Chile.","Fish Database Correa-Boisjoly","Ocurrence"
"Lago Aislado",-46.372943,-73.261209,2019,2019-01-18,"Oncorhynchus tshawytscha",2,"Angling","Valle Exploradores","Cristian Correa, Julien Cucherousset, Simon Blanchet, Didier Galop","","CC BY-NC 4.0","Cristián Correa, orcid.org/0000-0002-8608-6858","not-for-profit use only","Correa, Cristián, Maryse Boisjoly (2023) Base de datos empírica de peces de Chile. Valdivia, Chile.","Fish Database Correa-Boisjoly","Ocurrence"
"Lago Aislado",-46.372943,-73.261209,2019,2019-01-18,"Salmo trutta",4,"Angling","Valle Exploradores","Cristian Correa, Julien Cucherousset, Simon Blanchet, Didier Galop","","CC BY-NC 4.0","Cristián Correa, orcid.org/0000-0002-8608-6858","not-for-profit use only","Correa, Cristián, Maryse Boisjoly (2023) Base de datos empírica de peces de Chile. Valdivia, Chile.","Fish Database Correa-Boisjoly","Ocurrence"
"Lago Aislado",-46.367221,-73.2371959999999,2023,2023-01-11,"Salmo trutta",15,"Angling","Valle Exploradores","Cristian Correa, Simon Blanchet, Julien Cucherousset","","CC BY-NC 4.0","Cristián Correa, orcid.org/0000-0002-8608-6858","not-for-profit use only","Correa, Cristián, Maryse Boisjoly (2023) Base de datos empírica de peces de Chile. Valdivia, Chile.","Fish Database Correa-Boisjoly","Ocurrence"
"Lago Aislado",-46.36571604,-73.27051998,2014,2014-03-21,"Oncorhynchus tshawytscha",1,"Harpoon","Valle Exploradores","Cristian Correa, Maryse Boisjoly","","CC BY-NC 4.0","Cristián Correa, orcid.org/0000-0002-8608-6858","not-for-profit use only","Correa, Cristián, Maryse Boisjoly (2023) Base de datos empírica de peces de Chile. Valdivia, Chile.","Fish Database Correa-Boisjoly","Ocurrence"
"Lago Aislado",-46.35968199,-73.287767,2014,2014-03-22,"Oncorhynchus tshawytscha",1,"Minnow Trap","Valle Exploradores","Cristian Correa, Maryse Boisjoly","","CC BY-NC 4.0","Cristián Correa, orcid.org/0000-0002-8608-6858","not-for-profit use only","Correa, Cristián, Maryse Boisjoly (2023) Base de datos empírica de peces de Chile. Valdivia, Chile.","Fish Database Correa-Boisjoly","Ocurrence"
"Lago Aislado",-46.358849,-73.28902697,2014,2014-03-18,"Oncorhynchus tshawytscha",2,"Harpoon","Valle Exploradores","Cristian Correa, Maryse Boisjoly","","CC BY-NC 4.0","Cristián Correa, orcid.org/0000-0002-8608-6858","not-for-profit use only","Correa, Cristián, Maryse Boisjoly (2023) Base de datos empírica de peces de Chile. Valdivia, Chile.","Fish Database Correa-Boisjoly","Ocurrence"
"Lago Aislado",-46.358849,-73.28902697,2014,2014-03-22,"Oncorhynchus tshawytscha",7,"Harpoon","Valle Exploradores","Cristian Correa, Maryse Boisjoly","","CC BY-NC 4.0","Cristián Correa, orcid.org/0000-0002-8608-6858","not-for-profit use only","Correa, Cristián, Maryse Boisjoly (2023) Base de datos empírica de peces de Chile. Valdivia, Chile.","Fish Database Correa-Boisjoly","Ocurrence"
"Lago Atravesado",-45.700192,-72.297064,2016,2016-12-23,"Salmo trutta",3,"Seine net","Lago Atravesado","Cristian Correa, Gabriel Orrellana","","CC BY-NC 4.0","Cristián Correa, orcid.org/0000-0002-8608-6858","not-for-profit use only","Correa, Cristián, Maryse Boisjoly (2023) Base de datos empírica de peces de Chile. Valdivia, Chile.","Fish Database Correa-Boisjoly","Ocurrence"
"Lago Balmaceda",-51.93363997,-72.35920636,2015,2015-04-19,"Salmo trutta",49,"Electric fishing","Lago Balmaceda","Cristian Correa, Maryse Boisjoly, Jonathan Poblete","","CC BY-NC 4.0","Cristián Correa, orcid.org/0000-0002-8608-6858","not-for-profit use only","Correa, Cristián, Maryse Boisjoly (2023) Base de datos empírica de peces de Chile. Valdivia, Chile.","Fish Database Correa-Boisjoly","Ocurrence"
"Lago Balmaceda",-51.927723,-72.355777,2015,2015-04-19,"Galaxias maculatus",7,"Seine net","Lago Balmaceda","Cristian Correa, Jonathan Poblete","","CC BY-NC 4.0","Cristián Correa, orcid.org/0000-0002-8608-6858","not-for-profit use only","Correa, Cristián, Maryse Boisjoly (2023) Base de datos empírica de peces de Chile. Valdivia, Chile.","Fish Database Correa-Boisjoly","Ocurrence"
"Lago Balmaceda",-51.927058,-72.3627,2015,2015-04-18,"Galaxias maculatus",30,"Seine net","Lago Balmaceda","Maryse Boisjoly, Cristian Correa","","CC BY-NC 4.0","Cristián Correa, orcid.org/0000-0002-8608-6858","not-for-profit use only","Correa, Cristián, Maryse Boisjoly (2023) Base de datos empírica de peces de Chile. Valdivia, Chile.","Fish Database Correa-Boisjoly","Ocurrence"
"Lago Balmaceda",-51.926961,-72.361106,2015,2015-04-19,"Aplochiton taeniatus",1,"Gill Net","Lago Balmaceda","Cristian Correa","","CC BY-NC 4.0","Cristián Correa, orcid.org/0000-0002-8608-6858","not-for-profit use only","Correa, Cristián, Maryse Boisjoly (2023) Base de datos empírica de peces de Chile. Valdivia, Chile.","Fish Database Correa-Boisjoly","Ocurrence"
"Lago Balmaceda",-51.926961,-72.361106,2015,2015-04-19,"Salmo trutta",2,"Gill Net","Lago Balmaceda","Cristian Correa","","CC BY-NC 4.0","Cristián Correa, orcid.org/0000-0002-8608-6858","not-for-profit use only","Correa, Cristián, Maryse Boisjoly (2023) Base de datos empírica de peces de Chile. Valdivia, Chile.","Fish Database Correa-Boisjoly","Ocurrence"
"Lago Barroso",-45.739552,-72.245082,2007,2007-03-08,"Galaxias platei",31,"Trapping","Barroso","Cristian Correa","(Correa et al. 2012)","CC BY-NC 4.0","Cristián Correa, orcid.org/0000-0002-8608-6858","not-for-profit use only","Correa, Cristián, Maryse Boisjoly (2023) Base de datos empírica de peces de Chile. Valdivia, Chile.","Fish Database Correa-Boisjoly","Ocurrence"
"Lago Barroso",-45.739552,-72.245082,2007,2007-03-08,"Salmo trutta",11,"Bottom gillnet L, Bottom gillnet S","Barroso","Cristian Correa","(Correa et al. 2012)","CC BY-NC 4.0","Cristián Correa, orcid.org/0000-0002-8608-6858","not-for-profit use only","Correa, Cristián, Maryse Boisjoly (2023) Base de datos empírica de peces de Chile. Valdivia, Chile.","Fish Database Correa-Boisjoly","Ocurrence"
"Lago Barroso",-45.739552,-72.245082,2007,2007-03-09,"Galaxias platei",15,"Electric fishing","Barroso","Cristian Correa","","CC BY-NC 4.0","Cristián Correa, orcid.org/0000-0002-8608-6858","not-for-profit use only","Correa, Cristián, Maryse Boisjoly (2023) Base de datos empírica de peces de Chile. Valdivia, Chile.","Fish Database Correa-Boisjoly","Ocurrence"
"Lago Barroso",-45.739552,-72.245082,2007,2007-03-09,"Salmo trutta",56,"Electric fishing","Barroso","Cristian Correa","","CC BY-NC 4.0","Cristián Correa, orcid.org/0000-0002-8608-6858","not-for-profit use only","Correa, Cristián, Maryse Boisjoly (2023) Base de datos empírica de peces de Chile. Valdivia, Chile.","Fish Database Correa-Boisjoly","Ocurrence"
"Lago Barroso",-45.739552,-72.245082,2009,2009-03-26,"Galaxias platei",26,"Electric fishing","Barroso","Cristian Correa","(Correa et al. 2012)","CC BY-NC 4.0","Cristián Correa, orcid.org/0000-0002-8608-6858","not-for-profit use only","Correa, Cristián, Maryse Boisjoly (2023) Base de datos empírica de peces de Chile. Valdivia, Chile.","Fish Database Correa-Boisjoly","Ocurrence"
"Lago Barroso",-45.739552,-72.245082,2009,2009-03-26,"Salmo trutta",6,"Electric fishing","Barroso","Cristian Correa","","CC BY-NC 4.0","Cristián Correa, orcid.org/0000-0002-8608-6858","not-for-profit use only","Correa, Cristián, Maryse Boisjoly (2023) Base de datos empírica de peces de Chile. Valdivia, Chile.","Fish Database Correa-Boisjoly","Ocurrence"
"Lago Barroso",-45.739552,-72.245082,2009,2009-11-03,"Galaxias platei",8,"Electric fishing","Barroso","Cristian Correa","(Correa et al. 2012)","CC BY-NC 4.0","Cristián Correa, orcid.org/0000-0002-8608-6858","not-for-profit use only","Correa, Cristián, Maryse Boisjoly (2023) Base de datos empírica de peces de Chile. Valdivia, Chile.","Fish Database Correa-Boisjoly","Ocurrence"
"Lago Barroso",-45.739552,-72.245082,2009,2009-11-03,"Salmo trutta",7,"Electric fishing","Barroso","Cristian Correa","(Correa et al. 2012)","CC BY-NC 4.0","Cristián Correa, orcid.org/0000-0002-8608-6858","not-for-profit use only","Correa, Cristián, Maryse Boisjoly (2023) Base de datos empírica de peces de Chile. Valdivia, Chile.","Fish Database Correa-Boisjoly","Ocurrence"
"Lago Bayo",-46.491536,-73.121668,2023,2023-01-15,"Salmo trutta",11,"Angling","Valle Exploradores","Cristian Correa, Simon Blanchet, Julien Cucherousset","","CC BY-NC 4.0","Cristián Correa, orcid.org/0000-0002-8608-6858","not-for-profit use only","Correa, Cristián, Maryse Boisjoly (2023) Base de datos empírica de peces de Chile. Valdivia, Chile.","Fish Database Correa-Boisjoly","Ocurrence"
"Lago Blanco",-42.752964,-72.604903,2014,2014-03-03,"Galaxias maculatus",30,"Minnow Trap","Lago Blanco","Cristian Correa, Maryse Boisjoly","","CC BY-NC 4.0","Cristián Correa, orcid.org/0000-0002-8608-6858","not-for-profit use only","Correa, Cristián, Maryse Boisjoly (2023) Base de datos empírica de peces de Chile. Valdivia, Chile.","Fish Database Correa-Boisjoly","Ocurrence"
"Lago Blanco",-42.752964,-72.604903,2014,2014-03-03,"Geotria australis",1,"Minnow Trap","Lago Blanco","Cristian Correa, Maryse Boisjoly","","CC BY-NC 4.0","Cristián Correa, orcid.org/0000-0002-8608-6858","not-for-profit use only","Correa, Cristián, Maryse Boisjoly (2023) Base de datos empírica de peces de Chile. Valdivia, Chile.","Fish Database Correa-Boisjoly","Ocurrence"
"Lago Blanco",-42.752964,-72.604903,2014,2014-03-03,"Oncorhynchus mykiss",4,"Gill Net Aplochitonera 3mX5m","Lago Blanco","Cristian Correa, Maryse Boisjoly","","CC BY-NC 4.0","Cristián Correa, orcid.org/0000-0002-8608-6858","not-for-profit use only","Correa, Cristián, Maryse Boisjoly (2023) Base de datos empírica de peces de Chile. Valdivia, Chile.","Fish Database Correa-Boisjoly","Ocurrence"
"Lago Burgos",-45.712804,-72.218462,2009,2009-02-21,"Oncorhynchus mykiss",8,"Bottom gillnet S","Burgos","Cristian Correa","(Correa et al. 2012)","CC BY-NC 4.0","Cristián Correa, orcid.org/0000-0002-8608-6858","not-for-profit use only","Correa, Cristián, Maryse Boisjoly (2023) Base de datos empírica de peces de Chile. Valdivia, Chile.","Fish Database Correa-Boisjoly","Ocurrence"
"Lago Burgos",-45.712804,-72.218462,2009,2009-02-21,"Salmo trutta",2,"Bottom gillnet S","Burgos","Cristian Correa","(Correa et al. 2012)","CC BY-NC 4.0","Cristián Correa, orcid.org/0000-0002-8608-6858","not-for-profit use only","Correa, Cristián, Maryse Boisjoly (2023) Base de datos empírica de peces de Chile. Valdivia, Chile.","Fish Database Correa-Boisjoly","Ocurrence"
"Lago Caro",-45.80969101,-72.591674,2014,2014-04-22,"Aplochiton sp.",6,"Seine net","Caro","Cristian Correa, Maryse Boisjoly","","CC BY-NC 4.0","Cristián Correa, orcid.org/0000-0002-8608-6858","not-for-profit use only","Correa, Cristián, Maryse Boisjoly (2023) Base de datos empírica de peces de Chile. Valdivia, Chile.","Fish Database Correa-Boisjoly","Ocurrence"
"Lago Caro",-45.804111,-72.54898,2009,2009-04-12,"Aplochiton sp.",10,"Seine net","Caro","Cristian Correa","","CC BY-NC 4.0","Cristián Correa, orcid.org/0000-0002-8608-6858","not-for-profit use only","Correa, Cristián, Maryse Boisjoly (2023) Base de datos empírica de peces de Chile. Valdivia, Chile.","Fish Database Correa-Boisjoly","Ocurrence"
"Lago Caro",-45.804111,-72.54898,2009,2009-04-12,"Aplochiton taeniatus",218,"Bottom gillnet S, Seine net","Caro","Cristian Correa","(Alò et al. 2019) | (Alò et al. 2013) | (Correa et al. 2012)","CC BY-NC 4.0","Cristián Correa, orcid.org/0000-0002-8608-6858","not-for-profit use only","Correa, Cristián, Maryse Boisjoly (2023) Base de datos empírica de peces de Chile. Valdivia, Chile.","Fish Database Correa-Boisjoly","Ocurrence"
"Lago Caro",-45.804111,-72.54898,2009,2009-04-12,"Aplochiton zebra",58,"Seine net","Caro","Cristian Correa","(Alò et al. 2013) | (Correa et al. 2012) | (Alò et al. 2019)","CC BY-NC 4.0","Cristián Correa, orcid.org/0000-0002-8608-6858","not-for-profit use only","Correa, Cristián, Maryse Boisjoly (2023) Base de datos empírica de peces de Chile. Valdivia, Chile.","Fish Database Correa-Boisjoly","Ocurrence"
"Lago Caro",-45.804111,-72.54898,2009,2009-04-12,"Oncorhynchus mykiss",1,"Bottom gillnet S","Caro","Cristian Correa","(Alò et al. 2019) | (Correa et al. 2012)","CC BY-NC 4.0","Cristián Correa, orcid.org/0000-0002-8608-6858","not-for-profit use only","Correa, Cristián, Maryse Boisjoly (2023) Base de datos empírica de peces de Chile. Valdivia, Chile.","Fish Database Correa-Boisjoly","Ocurrence"
"Lago Caro",-45.804111,-72.54898,2009,2009-04-12,"Salmo trutta",5,"Bottom gillnet S, Superficial gillnet tip, Seine net","Caro","Cristian Correa","(Alò et al. 2019) | (Correa et al. 2012)","CC BY-NC 4.0","Cristián Correa, orcid.org/0000-0002-8608-6858","not-for-profit use only","Correa, Cristián, Maryse Boisjoly (2023) Base de datos empírica de peces de Chile. Valdivia, Chile.","Fish Database Correa-Boisjoly","Ocurrence"
"Lago Caro",-45.804111,-72.54898,2009,2009-04-13,"Aplochiton taeniatus",15,"Bottom gillnet S","Caro","Cristian Correa","(Correa et al. 2012)","CC BY-NC 4.0","Cristián Correa, orcid.org/0000-0002-8608-6858","not-for-profit use only","Correa, Cristián, Maryse Boisjoly (2023) Base de datos empírica de peces de Chile. Valdivia, Chile.","Fish Database Correa-Boisjoly","Ocurrence"
"Lago Caro",-45.804111,-72.54898,2009,2009-04-13,"Galaxias platei",1,"Bottom gillnet S","Caro","Cristian Correa","(Correa et al. 2012)","CC BY-NC 4.0","Cristián Correa, orcid.org/0000-0002-8608-6858","not-for-profit use only","Correa, Cristián, Maryse Boisjoly (2023) Base de datos empírica de peces de Chile. Valdivia, Chile.","Fish Database Correa-Boisjoly","Ocurrence"
"Lago Caro",-45.804111,-72.54898,2009,2009-04-13,"Oncorhynchus mykiss",2,"Bottom gillnet S","Caro","Cristian Correa","(Alò et al. 2019) | (Correa et al. 2012)","CC BY-NC 4.0","Cristián Correa, orcid.org/0000-0002-8608-6858","not-for-profit use only","Correa, Cristián, Maryse Boisjoly (2023) Base de datos empírica de peces de Chile. Valdivia, Chile.","Fish Database Correa-Boisjoly","Ocurrence"
"Lago Caro",-45.804111,-72.54898,2009,2009-04-13,"Salmo trutta",9,"Bottom gillnet S","Caro","Cristian Correa","(Alò et al. 2019) | (Correa et al. 2012)","CC BY-NC 4.0","Cristián Correa, orcid.org/0000-0002-8608-6858","not-for-profit use only","Correa, Cristián, Maryse Boisjoly (2023) Base de datos empírica de peces de Chile. Valdivia, Chile.","Fish Database Correa-Boisjoly","Ocurrence"
"Lago Caro",-45.80169501,-72.60385098,2014,2014-04-22,"Aplochiton taeniatus",1,"Gill Net Experimental","Caro","Cristian Correa, Maryse Boisjoly","","CC BY-NC 4.0","Cristián Correa, orcid.org/0000-0002-8608-6858","not-for-profit use only","Correa, Cristián, Maryse Boisjoly (2023) Base de datos empírica de peces de Chile. Valdivia, Chile.","Fish Database Correa-Boisjoly","Ocurrence"
"Lago Caro",-45.80169501,-72.60385098,2014,2014-04-22,"Salmo trutta",22,"Gill Net Experimental","Caro","Cristian Correa, Maryse Boisjoly","","CC BY-NC 4.0","Cristián Correa, orcid.org/0000-0002-8608-6858","not-for-profit use only","Correa, Cristián, Maryse Boisjoly (2023) Base de datos empírica de peces de Chile. Valdivia, Chile.","Fish Database Correa-Boisjoly","Ocurrence"
"Lago Caro",-45.80085103,-72.60413102,2014,2014-04-22,"Aplochiton taeniatus",3,"Gill Net Experimental","Caro","Cristian Correa, Maryse Boisjoly","","CC BY-NC 4.0","Cristián Correa, orcid.org/0000-0002-8608-6858","not-for-profit use only","Correa, Cristián, Maryse Boisjoly (2023) Base de datos empírica de peces de Chile. Valdivia, Chile.","Fish Database Correa-Boisjoly","Ocurrence"
"Lago Caro",-45.80085103,-72.60413102,2014,2014-04-22,"Aplochiton zebra",1,"Gill Net Experimental","Caro","Cristian Correa, Maryse Boisjoly","","CC BY-NC 4.0","Cristián Correa, orcid.org/0000-0002-8608-6858","not-for-profit use only","Correa, Cristián, Maryse Boisjoly (2023) Base de datos empírica de peces de Chile. Valdivia, Chile.","Fish Database Correa-Boisjoly","Ocurrence"
"Lago Caro",-45.80085103,-72.60413102,2014,2014-04-22,"Oncorhynchus mykiss",1,"Gill Net Experimental","Caro","Cristian Correa, Maryse Boisjoly","","CC BY-NC 4.0","Cristián Correa, orcid.org/0000-0002-8608-6858","not-for-profit use only","Correa, Cristián, Maryse Boisjoly (2023) Base de datos empírica de peces de Chile. Valdivia, Chile.","Fish Database Correa-Boisjoly","Ocurrence"
"Lago Caro",-45.80085103,-72.60413102,2014,2014-04-22,"Salmo trutta",4,"Gill Net Experimental","Caro","Cristian Correa, Maryse Boisjoly","","CC BY-NC 4.0","Cristián Correa, orcid.org/0000-0002-8608-6858","not-for-profit use only","Correa, Cristián, Maryse Boisjoly (2023) Base de datos empírica de peces de Chile. Valdivia, Chile.","Fish Database Correa-Boisjoly","Ocurrence"
"Lago Caro",-45.79946098,-72.60446797,2014,2014-04-22,"Salmo trutta",1,"Gill Net Aplochitonera","Caro","Cristian Correa, Maryse Boisjoly","","CC BY-NC 4.0","Cristián Correa, orcid.org/0000-0002-8608-6858","not-for-profit use only","Correa, Cristián, Maryse Boisjoly (2023) Base de datos empírica de peces de Chile. Valdivia, Chile.","Fish Database Correa-Boisjoly","Ocurrence"
"Lago Caro",-45.799191,-72.50379704,2014,2014-04-20,"Galaxias platei",1,"Minnow Trap","Caro","Cristian Correa, Maryse Boisjoly","","CC BY-NC 4.0","Cristián Correa, orcid.org/0000-0002-8608-6858","not-for-profit use only","Correa, Cristián, Maryse Boisjoly (2023) Base de datos empírica de peces de Chile. Valdivia, Chile.","Fish Database Correa-Boisjoly","Ocurrence"
"Lago Caro",-45.799191,-72.50379704,2014,2014-04-20,"Salmo trutta",1,"Minnow Trap","Caro","Cristian Correa, Maryse Boisjoly","","CC BY-NC 4.0","Cristián Correa, orcid.org/0000-0002-8608-6858","not-for-profit use only","Correa, Cristián, Maryse Boisjoly (2023) Base de datos empírica de peces de Chile. Valdivia, Chile.","Fish Database Correa-Boisjoly","Ocurrence"
"Lago Caro",-45.79884499,-72.50694402,2014,2014-04-21,"Salmo trutta",1,"Gill Net Aplochitonera","Caro","Cristian Correa, Maryse Boisjoly","","CC BY-NC 4.0","Cristián Correa, orcid.org/0000-0002-8608-6858","not-for-profit use only","Correa, Cristián, Maryse Boisjoly (2023) Base de datos empírica de peces de Chile. Valdivia, Chile.","Fish Database Correa-Boisjoly","Ocurrence"
"Lago Caro",-45.798832,-72.50708099,2014,2014-04-20,"Galaxias platei",1,"Minnow Trap","Caro","Cristian Correa, Maryse Boisjoly","","CC BY-NC 4.0","Cristián Correa, orcid.org/0000-0002-8608-6858","not-for-profit use only","Correa, Cristián, Maryse Boisjoly (2023) Base de datos empírica de peces de Chile. Valdivia, Chile.","Fish Database Correa-Boisjoly","Ocurrence"
"Lago Caro",-45.79865003,-72.50746798,2014,2014-04-22,"Aplochiton sp.",556,"Seine net","Caro","Cristian Correa, Maryse Boisjoly","","CC BY-NC 4.0","Cristián Correa, orcid.org/0000-0002-8608-6858","not-for-profit use only","Correa, Cristián, Maryse Boisjoly (2023) Base de datos empírica de peces de Chile. Valdivia, Chile.","Fish Database Correa-Boisjoly","Ocurrence"
"Lago Caro",-45.79865003,-72.50746798,2014,2014-04-22,"Aplochiton taeniatus",3,"Seine net","Caro","Cristian Correa, Maryse Boisjoly","","CC BY-NC 4.0","Cristián Correa, orcid.org/0000-0002-8608-6858","not-for-profit use only","Correa, Cristián, Maryse Boisjoly (2023) Base de datos empírica de peces de Chile. Valdivia, Chile.","Fish Database Correa-Boisjoly","Ocurrence"
"Lago Caro",-45.79865003,-72.50746798,2014,2014-04-22,"Aplochiton zebra",59,"Seine net","Caro","Cristian Correa, Maryse Boisjoly","","CC BY-NC 4.0","Cristián Correa, orcid.org/0000-0002-8608-6858","not-for-profit use only","Correa, Cristián, Maryse Boisjoly (2023) Base de datos empírica de peces de Chile. Valdivia, Chile.","Fish Database Correa-Boisjoly","Ocurrence"
"Lago Caro",-45.79865003,-72.50746798,2014,2014-04-22,"Oncorhynchus mykiss",3,"Seine net","Caro","Cristian Correa, Maryse Boisjoly","","CC BY-NC 4.0","Cristián Correa, orcid.org/0000-0002-8608-6858","not-for-profit use only","Correa, Cristián, Maryse Boisjoly (2023) Base de datos empírica de peces de Chile. Valdivia, Chile.","Fish Database Correa-Boisjoly","Ocurrence"
"Lago Caro",-45.79865003,-72.50746798,2014,2014-04-22,"Salmo trutta",1,"Seine net","Caro","Cristian Correa, Maryse Boisjoly","","CC BY-NC 4.0","Cristián Correa, orcid.org/0000-0002-8608-6858","not-for-profit use only","Correa, Cristián, Maryse Boisjoly (2023) Base de datos empírica de peces de Chile. Valdivia, Chile.","Fish Database Correa-Boisjoly","Ocurrence"
"Lago Caro",-45.79781796,-72.50800702,2014,2014-04-21,"Aplochiton taeniatus",1,"Gill Net Experimental","Caro","Cristian Correa, Maryse Boisjoly","","CC BY-NC 4.0","Cristián Correa, orcid.org/0000-0002-8608-6858","not-for-profit use only","Correa, Cristián, Maryse Boisjoly (2023) Base de datos empírica de peces de Chile. Valdivia, Chile.","Fish Database Correa-Boisjoly","Ocurrence"
"Lago Caro",-45.79781796,-72.50800702,2014,2014-04-21,"Oncorhynchus mykiss",2,"Gill Net Experimental","Caro","Cristian Correa, Maryse Boisjoly","","CC BY-NC 4.0","Cristián Correa, orcid.org/0000-0002-8608-6858","not-for-profit use only","Correa, Cristián, Maryse Boisjoly (2023) Base de datos empírica de peces de Chile. Valdivia, Chile.","Fish Database Correa-Boisjoly","Ocurrence"
"Lago Caro",-45.79781796,-72.50800702,2014,2014-04-21,"Salmo trutta",7,"Gill Net Experimental","Caro","Cristian Correa, Maryse Boisjoly","","CC BY-NC 4.0","Cristián Correa, orcid.org/0000-0002-8608-6858","not-for-profit use only","Correa, Cristián, Maryse Boisjoly (2023) Base de datos empírica de peces de Chile. Valdivia, Chile.","Fish Database Correa-Boisjoly","Ocurrence"
"Lago Castor",-45.600278,-71.781556,2007,2007-02-09,"Galaxias platei",1,"Fly fishing","Castor","Cristian Correa","","CC BY-NC 4.0","Cristián Correa, orcid.org/0000-0002-8608-6858","not-for-profit use only","Correa, Cristián, Maryse Boisjoly (2023) Base de datos empírica de peces de Chile. Valdivia, Chile.","Fish Database Correa-Boisjoly","Ocurrence"
"Lago Castor",-45.600278,-71.781556,2007,2007-02-10,"Galaxias platei",7,"Trapping, Bottom gillnet S, Bottom gillnet L","Castor","Cristian Correa","(Alò et al. 2019) | (Correa et al. 2012)","CC BY-NC 4.0","Cristián Correa, orcid.org/0000-0002-8608-6858","not-for-profit use only","Correa, Cristián, Maryse Boisjoly (2023) Base de datos empírica de peces de Chile. Valdivia, Chile.","Fish Database Correa-Boisjoly","Ocurrence"
"Lago Castor",-45.600278,-71.781556,2007,2007-02-10,"Oncorhynchus mykiss",2,"Bottom gillnet S, Bottom gillnet L","Castor","Cristian Correa","(Correa et al. 2012)","CC BY-NC 4.0","Cristián Correa, orcid.org/0000-0002-8608-6858","not-for-profit use only","Correa, Cristián, Maryse Boisjoly (2023) Base de datos empírica de peces de Chile. Valdivia, Chile.","Fish Database Correa-Boisjoly","Ocurrence"
"Lago Castor",-45.600278,-71.781556,2007,2007-02-12,"Galaxias platei",25,"Electric fishing","Castor","Cristian Correa","","CC BY-NC 4.0","Cristián Correa, orcid.org/0000-0002-8608-6858","not-for-profit use only","Correa, Cristián, Maryse Boisjoly (2023) Base de datos empírica de peces de Chile. Valdivia, Chile.","Fish Database Correa-Boisjoly","Ocurrence"
"Lago Castor",-45.600278,-71.781556,2007,2007-04-08,"Galaxias platei",27,"Electric fishing, Electric fishing (off records)","Castor","Cristian Correa","","CC BY-NC 4.0","Cristián Correa, orcid.org/0000-0002-8608-6858","not-for-profit use only","Correa, Cristián, Maryse Boisjoly (2023) Base de datos empírica de peces de Chile. Valdivia, Chile.","Fish Database Correa-Boisjoly","Ocurrence"
"Lago Castor",-45.600278,-71.781556,2007,2007-04-08,"Oncorhynchus mykiss",37,"Electric fishing","Castor","Cristian Correa","","CC BY-NC 4.0","Cristián Correa, orcid.org/0000-0002-8608-6858","not-for-profit use only","Correa, Cristián, Maryse Boisjoly (2023) Base de datos empírica de peces de Chile. Valdivia, Chile.","Fish Database Correa-Boisjoly","Ocurrence"
"Lago Castor",-45.600278,-71.781556,2009,2009-01-29,"Galaxias platei",17,"Bottom gillnet S, Superficial gillnet","Castor","Cristian Correa","(Correa et al. 2012)","CC BY-NC 4.0","Cristián Correa, orcid.org/0000-0002-8608-6858","not-for-profit use only","Correa, Cristián, Maryse Boisjoly (2023) Base de datos empírica de peces de Chile. Valdivia, Chile.","Fish Database Correa-Boisjoly","Ocurrence"
"Lago Castor",-45.600278,-71.781556,2009,2009-01-29,"Oncorhynchus mykiss",8,"Bottom gillnet S, Superficial gillnet","Castor","Cristian Correa","(Correa et al. 2012)","CC BY-NC 4.0","Cristián Correa, orcid.org/0000-0002-8608-6858","not-for-profit use only","Correa, Cristián, Maryse Boisjoly (2023) Base de datos empírica de peces de Chile. Valdivia, Chile.","Fish Database Correa-Boisjoly","Ocurrence"
"Lago Castor",-45.600278,-71.781556,2009,2009-01-31,"Galaxias platei",21,"Electric fishing","Castor","Cristian Correa","(Correa et al. 2012)","CC BY-NC 4.0","Cristián Correa, orcid.org/0000-0002-8608-6858","not-for-profit use only","Correa, Cristián, Maryse Boisjoly (2023) Base de datos empírica de peces de Chile. Valdivia, Chile.","Fish Database Correa-Boisjoly","Ocurrence"
"Lago Chacano",-46.172833,-72.193347,2007,2007-03-16,"Salmo trutta",3,"Fly fishing","Chacano","Cristian Correa","(Correa et al. 2012)","CC BY-NC 4.0","Cristián Correa, orcid.org/0000-0002-8608-6858","not-for-profit use only","Correa, Cristián, Maryse Boisjoly (2023) Base de datos empírica de peces de Chile. Valdivia, Chile.","Fish Database Correa-Boisjoly","Ocurrence"
"Lago Chacano",-46.172833,-72.193347,2009,2009-02-08,"Oncorhynchus mykiss",6,"Bottom gillnet S, Electric fishing","Chacano","Cristian Correa","(Correa et al. 2012)","CC BY-NC 4.0","Cristián Correa, orcid.org/0000-0002-8608-6858","not-for-profit use only","Correa, Cristián, Maryse Boisjoly (2023) Base de datos empírica de peces de Chile. Valdivia, Chile.","Fish Database Correa-Boisjoly","Ocurrence"
"Lago Chacano",-46.172833,-72.193347,2009,2009-02-08,"Salmo trutta",41,"Bottom gillnet S, Electric fishing","Chacano","Cristian Correa","(Correa et al. 2012)","CC BY-NC 4.0","Cristián Correa, orcid.org/0000-0002-8608-6858","not-for-profit use only","Correa, Cristián, Maryse Boisjoly (2023) Base de datos empírica de peces de Chile. Valdivia, Chile.","Fish Database Correa-Boisjoly","Ocurrence"
"Lago Cucao",-42.66522498,-74.02201703,2017,2017-02-24,"Aplochiton marinus",1,"Seine net","Lago Cucao","Cristian Correa, Camila Sola, Consuelo Guevara, Maryse Boisjoly","","CC BY-NC 4.0","Cristián Correa, orcid.org/0000-0002-8608-6858","not-for-profit use only","Correa, Cristián, Maryse Boisjoly (2023) Base de datos empírica de peces de Chile. Valdivia, Chile.","Fish Database Correa-Boisjoly","Ocurrence"
"Lago Cucao",-42.66522498,-74.02201703,2017,2017-02-24,"Eleginops maclovinus",3,"Seine net","Lago Cucao","Cristian Correa, Camila Sola, Consuelo Guevara, Maryse Boisjoly","","CC BY-NC 4.0","Cristián Correa, orcid.org/0000-0002-8608-6858","not-for-profit use only","Correa, Cristián, Maryse Boisjoly (2023) Base de datos empírica de peces de Chile. Valdivia, Chile.","Fish Database Correa-Boisjoly","Ocurrence"
"Lago Cucao",-42.66522498,-74.02201703,2017,2017-02-24,"Galaxias maculatus",500,"Seine net","Lago Cucao","Cristian Correa, Camila Sola, Consuelo Guevara, Maryse Boisjoly","","CC BY-NC 4.0","Cristián Correa, orcid.org/0000-0002-8608-6858","not-for-profit use only","Correa, Cristián, Maryse Boisjoly (2023) Base de datos empírica de peces de Chile. Valdivia, Chile.","Fish Database Correa-Boisjoly","Ocurrence"
"Lago Cucao",-42.66522498,-74.02201703,2017,2017-02-24,"Odontesthes brevianalis",4,"Seine net","Lago Cucao","Cristian Correa, Camila Sola, Consuelo Guevara, Maryse Boisjoly","","CC BY-NC 4.0","Cristián Correa, orcid.org/0000-0002-8608-6858","not-for-profit use only","Correa, Cristián, Maryse Boisjoly (2023) Base de datos empírica de peces de Chile. Valdivia, Chile.","Fish Database Correa-Boisjoly","Ocurrence"
"Lago Cucao",-42.641472,-74.0865,2017,2017-03-23,"Aplochiton marinus",5,"Trolling","Lago Cucao","Jonathan Poblete","","CC BY-NC 4.0","Cristián Correa, orcid.org/0000-0002-8608-6858","not-for-profit use only","Correa, Cristián, Maryse Boisjoly (2023) Base de datos empírica de peces de Chile. Valdivia, Chile.","Fish Database Correa-Boisjoly","Ocurrence"
"Lago Cucao",-42.64146497,-74.08650496,2017,2017-02-24,"Aplochiton marinus",3,"Seine net","Lago Cucao","Cristian Correa, Camila Sola","","CC BY-NC 4.0","Cristián Correa, orcid.org/0000-0002-8608-6858","not-for-profit use only","Correa, Cristián, Maryse Boisjoly (2023) Base de datos empírica de peces de Chile. Valdivia, Chile.","Fish Database Correa-Boisjoly","Ocurrence"
"Lago Cucao",-42.64146497,-74.08650496,2017,2017-02-24,"Eleginops maclovinus",10,"Seine net","Lago Cucao","Cristian Correa, Camila Sola","","CC BY-NC 4.0","Cristián Correa, orcid.org/0000-0002-8608-6858","not-for-profit use only","Correa, Cristián, Maryse Boisjoly (2023) Base de datos empírica de peces de Chile. Valdivia, Chile.","Fish Database Correa-Boisjoly","Ocurrence"
"Lago Cucao",-42.64146497,-74.08650496,2017,2017-02-24,"Galaxias maculatus",500,"Seine net","Lago Cucao","Cristian Correa, Camila Sola","","CC BY-NC 4.0","Cristián Correa, orcid.org/0000-0002-8608-6858","not-for-profit use only","Correa, Cristián, Maryse Boisjoly (2023) Base de datos empírica de peces de Chile. Valdivia, Chile.","Fish Database Correa-Boisjoly","Ocurrence"
"Lago Escondido",-51.40280399,-73.08640201,2015,2015-04-07,"Salmo trutta",2,"Mist Net","Lago Escondido","Cristian Correa, Maryse Boisjoly","","CC BY-NC 4.0","Cristián Correa, orcid.org/0000-0002-8608-6858","not-for-profit use only","Correa, Cristián, Maryse Boisjoly (2023) Base de datos empírica de peces de Chile. Valdivia, Chile.","Fish Database Correa-Boisjoly","Ocurrence"
"Lago Espejo",-45.740731,-72.203969,2009,2009-02-10,"Salmo trutta",10,"Bottom gillnet L","Espejo","Cristian Correa","(Correa et al. 2012)","CC BY-NC 4.0","Cristián Correa, orcid.org/0000-0002-8608-6858","not-for-profit use only","Correa, Cristián, Maryse Boisjoly (2023) Base de datos empírica de peces de Chile. Valdivia, Chile.","Fish Database Correa-Boisjoly","Ocurrence"
"Lago Espejo",-45.740731,-72.203969,2009,2009-02-12,"Salmo trutta",10,"Electric fishing","Espejo","Cristian Correa","(Correa et al. 2012)","CC BY-NC 4.0","Cristián Correa, orcid.org/0000-0002-8608-6858","not-for-profit use only","Correa, Cristián, Maryse Boisjoly (2023) Base de datos empírica de peces de Chile. Valdivia, Chile.","Fish Database Correa-Boisjoly","Ocurrence"
"Lago Espejo",-43.184165,-71.859983,2023,2023-11-11,"Percichthys trucha",8,"Fyke net","Rio Futaleufu","CC BD","","CC BY-NC 4.0","Cristián Correa, orcid.org/0000-0002-8608-6858","not-for-profit use only","Correa, Cristián, Maryse Boisjoly (2023) Base de datos empírica de peces de Chile. Valdivia, Chile.","Fish Database Correa-Boisjoly","Ocurrence"
"Lago Espolón",-43.215153,-71.949925,2023,2023-11-12,"Aplochiton zebra",12,"Seine net","Rio Futaleufu","CC BD","","CC BY-NC 4.0","Cristián Correa, orcid.org/0000-0002-8608-6858","not-for-profit use only","Correa, Cristián, Maryse Boisjoly (2023) Base de datos empírica de peces de Chile. Valdivia, Chile.","Fish Database Correa-Boisjoly","Ocurrence"
"Lago Fagnano",-54.506051,-68.811551,2015,2015-02-05,"Oncorhynchus mykiss",6,"Electric fishing","Lago Fagnano","Cristian Correa, Maryse Boisjoly, Jonathan Poblete","","CC BY-NC 4.0","Cristián Correa, orcid.org/0000-0002-8608-6858","not-for-profit use only","Correa, Cristián, Maryse Boisjoly (2023) Base de datos empírica de peces de Chile. Valdivia, Chile.","Fish Database Correa-Boisjoly","Ocurrence"
"Lago Fagnano",-54.506051,-68.811551,2015,2015-02-05,"Salmo trutta",2,"Electric fishing","Lago Fagnano","Cristian Correa, Maryse Boisjoly, Jonathan Poblete","","CC BY-NC 4.0","Cristián Correa, orcid.org/0000-0002-8608-6858","not-for-profit use only","Correa, Cristián, Maryse Boisjoly (2023) Base de datos empírica de peces de Chile. Valdivia, Chile.","Fish Database Correa-Boisjoly","Ocurrence"
"Lago Fagnano",-54.506051,-68.811551,2015,2015-02-05,"Salvelinus fontinalis",26,"Electric fishing","Lago Fagnano","Cristian Correa, Maryse Boisjoly, Jonathan Poblete","","CC BY-NC 4.0","Cristián Correa, orcid.org/0000-0002-8608-6858","not-for-profit use only","Correa, Cristián, Maryse Boisjoly (2023) Base de datos empírica de peces de Chile. Valdivia, Chile.","Fish Database Correa-Boisjoly","Ocurrence"
"Lago Fagnano",-54.50502799,-68.80484004,2015,2015-02-06,"Salmo trutta",2,"Gill Net Experimental","Lago Fagnano","Cristian Correa, Maryse Boisjoly","","CC BY-NC 4.0","Cristián Correa, orcid.org/0000-0002-8608-6858","not-for-profit use only","Correa, Cristián, Maryse Boisjoly (2023) Base de datos empírica de peces de Chile. Valdivia, Chile.","Fish Database Correa-Boisjoly","Ocurrence"
"Lago Fagnano",-54.50502799,-68.80484004,2015,2015-02-06,"Salvelinus fontinalis",1,"Gill Net Experimental","Lago Fagnano","Cristian Correa, Maryse Boisjoly","","CC BY-NC 4.0","Cristián Correa, orcid.org/0000-0002-8608-6858","not-for-profit use only","Correa, Cristián, Maryse Boisjoly (2023) Base de datos empírica de peces de Chile. Valdivia, Chile.","Fish Database Correa-Boisjoly","Ocurrence"
"Lago Fagnano",-54.50396198,-68.80416404,2015,2015-02-05,"Oncorhynchus mykiss",2,"Gill Net Experimental","Lago Fagnano","Cristian Correa, Maryse Boisjoly, Jonathan Poblete","","CC BY-NC 4.0","Cristián Correa, orcid.org/0000-0002-8608-6858","not-for-profit use only","Correa, Cristián, Maryse Boisjoly (2023) Base de datos empírica de peces de Chile. Valdivia, Chile.","Fish Database Correa-Boisjoly","Ocurrence"
"Lago Fagnano",-54.50396198,-68.80416404,2015,2015-02-05,"Salmo trutta",2,"Gill Net Experimental","Lago Fagnano","Cristian Correa, Maryse Boisjoly, Jonathan Poblete","","CC BY-NC 4.0","Cristián Correa, orcid.org/0000-0002-8608-6858","not-for-profit use only","Correa, Cristián, Maryse Boisjoly (2023) Base de datos empírica de peces de Chile. Valdivia, Chile.","Fish Database Correa-Boisjoly","Ocurrence"
"Lago Fagnano",-54.50396198,-68.80416404,2015,2015-02-05,"Salvelinus fontinalis",3,"Gill Net Experimental","Lago Fagnano","Cristian Correa, Maryse Boisjoly, Jonathan Poblete","","CC BY-NC 4.0","Cristián Correa, orcid.org/0000-0002-8608-6858","not-for-profit use only","Correa, Cristián, Maryse Boisjoly (2023) Base de datos empírica de peces de Chile. Valdivia, Chile.","Fish Database Correa-Boisjoly","Ocurrence"
"Lago Fagnano",-54.50390699,-68.80638901,2015,2015-02-05,"Salvelinus fontinalis",1,"Gill Net Aplochitonera 3mX10m","Lago Fagnano","Cristian Correa, Maryse Boisjoly, Jonathan Poblete","","CC BY-NC 4.0","Cristián Correa, orcid.org/0000-0002-8608-6858","not-for-profit use only","Correa, Cristián, Maryse Boisjoly (2023) Base de datos empírica de peces de Chile. Valdivia, Chile.","Fish Database Correa-Boisjoly","Ocurrence"
"Lago Fagnano",-54.50390699,-68.80638901,2015,2015-02-06,"Galaxias platei",12,"Minnow Trap, Electric fishing","Lago Fagnano","Maryse Boisjoly, Cristian Correa","","CC BY-NC 4.0","Cristián Correa, orcid.org/0000-0002-8608-6858","not-for-profit use only","Correa, Cristián, Maryse Boisjoly (2023) Base de datos empírica de peces de Chile. Valdivia, Chile.","Fish Database Correa-Boisjoly","Ocurrence"
"Lago Fagnano",-54.50390699,-68.80638901,2015,2015-02-06,"Oncorhynchus mykiss",2,"Electric fishing","Lago Fagnano","Cristian Correa","","CC BY-NC 4.0","Cristián Correa, orcid.org/0000-0002-8608-6858","not-for-profit use only","Correa, Cristián, Maryse Boisjoly (2023) Base de datos empírica de peces de Chile. Valdivia, Chile.","Fish Database Correa-Boisjoly","Ocurrence"
"Lago Fagnano",-54.50390699,-68.80638901,2015,2015-02-06,"Salmo trutta",1,"Electric fishing","Lago Fagnano","Cristian Correa","","CC BY-NC 4.0","Cristián Correa, orcid.org/0000-0002-8608-6858","not-for-profit use only","Correa, Cristián, Maryse Boisjoly (2023) Base de datos empírica de peces de Chile. Valdivia, Chile.","Fish Database Correa-Boisjoly","Ocurrence"
"Lago Fagnano",-54.50390699,-68.80638901,2015,2015-02-06,"Salvelinus fontinalis",8,"Electric fishing","Lago Fagnano","Cristian Correa","","CC BY-NC 4.0","Cristián Correa, orcid.org/0000-0002-8608-6858","not-for-profit use only","Correa, Cristián, Maryse Boisjoly (2023) Base de datos empírica de peces de Chile. Valdivia, Chile.","Fish Database Correa-Boisjoly","Ocurrence"
"Lago Fagnano",-54.50338203,-68.80394502,2015,2015-02-05,"Oncorhynchus mykiss",2,"Gill Net Aplochitonera 3mX5m  X2","Lago Fagnano","Cristian Correa, Maryse Boisjoly, Jonathan Poblete","","CC BY-NC 4.0","Cristián Correa, orcid.org/0000-0002-8608-6858","not-for-profit use only","Correa, Cristián, Maryse Boisjoly (2023) Base de datos empírica de peces de Chile. Valdivia, Chile.","Fish Database Correa-Boisjoly","Ocurrence"
"Lago Frío",-45.667534,-71.943801,2007,2007-02-15,"Galaxias platei",1,"Trapping","Frío","Cristian Correa","","CC BY-NC 4.0","Cristián Correa, orcid.org/0000-0002-8608-6858","not-for-profit use only","Correa, Cristián, Maryse Boisjoly (2023) Base de datos empírica de peces de Chile. Valdivia, Chile.","Fish Database Correa-Boisjoly","Ocurrence"
"Lago Frío",-45.667534,-71.943801,2007,2007-02-16,"Galaxias platei",7,"Trapping, Bottom gillnet S, Bottom gillnet L","Frío","Cristian Correa","(Correa et al. 2012)","CC BY-NC 4.0","Cristián Correa, orcid.org/0000-0002-8608-6858","not-for-profit use only","Correa, Cristián, Maryse Boisjoly (2023) Base de datos empírica de peces de Chile. Valdivia, Chile.","Fish Database Correa-Boisjoly","Ocurrence"
"Lago Frío",-45.667534,-71.943801,2007,2007-02-16,"Oncorhynchus mykiss",26,"Bottom gillnet S, Bottom gillnet L","Frío","Cristian Correa","(Correa et al. 2012)","CC BY-NC 4.0","Cristián Correa, orcid.org/0000-0002-8608-6858","not-for-profit use only","Correa, Cristián, Maryse Boisjoly (2023) Base de datos empírica de peces de Chile. Valdivia, Chile.","Fish Database Correa-Boisjoly","Ocurrence"
"Lago Frío",-45.667534,-71.943801,2007,2007-04-10,"Oncorhynchus mykiss",6,"Electric fishing","Frío","Cristian Correa","","CC BY-NC 4.0","Cristián Correa, orcid.org/0000-0002-8608-6858","not-for-profit use only","Correa, Cristián, Maryse Boisjoly (2023) Base de datos empírica de peces de Chile. Valdivia, Chile.","Fish Database Correa-Boisjoly","Ocurrence"
"Lago Frío",-45.667534,-71.943801,2009,2009-04-02,"Galaxias platei",2,"Electric fishing","Frío","Cristian Correa","(Correa et al. 2012)","CC BY-NC 4.0","Cristián Correa, orcid.org/0000-0002-8608-6858","not-for-profit use only","Correa, Cristián, Maryse Boisjoly (2023) Base de datos empírica de peces de Chile. Valdivia, Chile.","Fish Database Correa-Boisjoly","Ocurrence"
"Lago Frío",-45.667534,-71.943801,2009,2009-04-02,"Oncorhynchus mykiss",1,"Electric fishing","Frío","Cristian Correa","(Correa et al. 2012)","CC BY-NC 4.0","Cristián Correa, orcid.org/0000-0002-8608-6858","not-for-profit use only","Correa, Cristián, Maryse Boisjoly (2023) Base de datos empírica de peces de Chile. Valdivia, Chile.","Fish Database Correa-Boisjoly","Ocurrence"
"Lago Frío",-45.667534,-71.943801,2009,2009-04-03,"Oncorhynchus mykiss",7,"Bottom gillnet S (tip)","Frío","Cristian Correa","(Correa et al. 2012)","CC BY-NC 4.0","Cristián Correa, orcid.org/0000-0002-8608-6858","not-for-profit use only","Correa, Cristián, Maryse Boisjoly (2023) Base de datos empírica de peces de Chile. Valdivia, Chile.","Fish Database Correa-Boisjoly","Ocurrence"
"Lago Huelde",-42.59660502,-74.11639198,2017,2017-02-21,"Eleginops maclovinus",1,"Minnow Trap","Huelde","Cristian Correa, Maryse Boisjoly, Camila Sola, Consuelo Guevara","","CC BY-NC 4.0","Cristián Correa, orcid.org/0000-0002-8608-6858","not-for-profit use only","Correa, Cristián, Maryse Boisjoly (2023) Base de datos empírica de peces de Chile. Valdivia, Chile.","Fish Database Correa-Boisjoly","Ocurrence"
"Lago Huelde",-42.59547103,-74.11670596,2017,2017-02-21,"Cheirodon",4,"Minnow Trap","Huelde","Cristian Correa, Maryse Boisjoly, Camila Sola, Consuelo Guevara","","CC BY-NC 4.0","Cristián Correa, orcid.org/0000-0002-8608-6858","not-for-profit use only","Correa, Cristián, Maryse Boisjoly (2023) Base de datos empírica de peces de Chile. Valdivia, Chile.","Fish Database Correa-Boisjoly","Ocurrence"
"Lago Huelde",-42.59547103,-74.11670596,2017,2017-02-21,"Eleginops maclovinus",2,"Minnow Trap","Huelde","Cristian Correa, Maryse Boisjoly, Camila Sola, Consuelo Guevara","","CC BY-NC 4.0","Cristián Correa, orcid.org/0000-0002-8608-6858","not-for-profit use only","Correa, Cristián, Maryse Boisjoly (2023) Base de datos empírica de peces de Chile. Valdivia, Chile.","Fish Database Correa-Boisjoly","Ocurrence"
"Lago Huelde",-42.595107,-74.117177,2017,2017-02-21,"Cheirodon",20,"Minnow Trap","Huelde","Cristian Correa, Maryse Boisjoly, Camila Sola, Consuelo Guevara","","CC BY-NC 4.0","Cristián Correa, orcid.org/0000-0002-8608-6858","not-for-profit use only","Correa, Cristián, Maryse Boisjoly (2023) Base de datos empírica de peces de Chile. Valdivia, Chile.","Fish Database Correa-Boisjoly","Ocurrence"
"Lago Huelde",-42.595107,-74.117177,2017,2017-02-21,"Galaxias platei",2,"Minnow Trap","Huelde","Cristian Correa, Maryse Boisjoly, Camila Sola, Consuelo Guevara","","CC BY-NC 4.0","Cristián Correa, orcid.org/0000-0002-8608-6858","not-for-profit use only","Correa, Cristián, Maryse Boisjoly (2023) Base de datos empírica de peces de Chile. Valdivia, Chile.","Fish Database Correa-Boisjoly","Ocurrence"
"Lago Huelde",-42.594972,-74.116972,2011,2011-01-25,"Cheirodon",1,"Trapping","Huelde","Cristian Correa","","CC BY-NC 4.0","Cristián Correa, orcid.org/0000-0002-8608-6858","not-for-profit use only","Correa, Cristián, Maryse Boisjoly (2023) Base de datos empírica de peces de Chile. Valdivia, Chile.","Fish Database Correa-Boisjoly","Ocurrence"
"Lago Huelde",-42.594972,-74.116972,2011,2011-01-25,"Eleginops maclovinus",1,"Trapping","Huelde","Cristian Correa","","CC BY-NC 4.0","Cristián Correa, orcid.org/0000-0002-8608-6858","not-for-profit use only","Correa, Cristián, Maryse Boisjoly (2023) Base de datos empírica de peces de Chile. Valdivia, Chile.","Fish Database Correa-Boisjoly","Ocurrence"
"Lago Huelde",-42.594972,-74.116972,2011,2011-01-25,"Galaxias maculatus",15,"Trapping","Huelde","Cristian Correa","","CC BY-NC 4.0","Cristián Correa, orcid.org/0000-0002-8608-6858","not-for-profit use only","Correa, Cristián, Maryse Boisjoly (2023) Base de datos empírica de peces de Chile. Valdivia, Chile.","Fish Database Correa-Boisjoly","Ocurrence"
"Lago Huelde",-42.594972,-74.116972,2013,2013-02-26,"Salmo trutta",2,"Gill Net","Huelde","Cristian Correa, Maryse Boisjoly","","CC BY-NC 4.0","Cristián Correa, orcid.org/0000-0002-8608-6858","not-for-profit use only","Correa, Cristián, Maryse Boisjoly (2023) Base de datos empírica de peces de Chile. Valdivia, Chile.","Fish Database Correa-Boisjoly","Ocurrence"
"Lago Huelde",-42.594972,-74.116972,2013,2013-02-28,"Salmo trutta",2,"Gill Net","Huelde","Cristian Correa, Maryse Boisjoly","","CC BY-NC 4.0","Cristián Correa, orcid.org/0000-0002-8608-6858","not-for-profit use only","Correa, Cristián, Maryse Boisjoly (2023) Base de datos empírica de peces de Chile. Valdivia, Chile.","Fish Database Correa-Boisjoly","Ocurrence"
"Lago Huelde",-42.594972,-74.116972,2013,2013-03-01,"Aplochiton marinus",1,"Trolling","Huelde","Cristian Correa, Maryse Boisjoly","","CC BY-NC 4.0","Cristián Correa, orcid.org/0000-0002-8608-6858","not-for-profit use only","Correa, Cristián, Maryse Boisjoly (2023) Base de datos empírica de peces de Chile. Valdivia, Chile.","Fish Database Correa-Boisjoly","Ocurrence"
"Lago Huelde",-42.594972,-74.116972,2013,2013-03-01,"Salmo trutta",2,"Trolling","Huelde","Cristian Correa, Maryse Boisjoly","","CC BY-NC 4.0","Cristián Correa, orcid.org/0000-0002-8608-6858","not-for-profit use only","Correa, Cristián, Maryse Boisjoly (2023) Base de datos empírica de peces de Chile. Valdivia, Chile.","Fish Database Correa-Boisjoly","Ocurrence"
"Lago Huelde",-42.594972,-74.116972,2013,2013-03-02,"Aplochiton marinus",2,"Gill Net","Huelde","Cristian Correa, Maryse Boisjoly","","CC BY-NC 4.0","Cristián Correa, orcid.org/0000-0002-8608-6858","not-for-profit use only","Correa, Cristián, Maryse Boisjoly (2023) Base de datos empírica de peces de Chile. Valdivia, Chile.","Fish Database Correa-Boisjoly","Ocurrence"
"Lago Huelde",-42.594972,-74.116972,2013,2013-03-02,"Odontesthes brevianalis",1,"Gill Net","Huelde","Cristian Correa, Maryse Boisjoly","","CC BY-NC 4.0","Cristián Correa, orcid.org/0000-0002-8608-6858","not-for-profit use only","Correa, Cristián, Maryse Boisjoly (2023) Base de datos empírica de peces de Chile. Valdivia, Chile.","Fish Database Correa-Boisjoly","Ocurrence"
"Lago Huelde",-42.594972,-74.116972,2013,2013-03-02,"Salmo trutta",3,"Gill Net","Huelde","Cristian Correa, Maryse Boisjoly","","CC BY-NC 4.0","Cristián Correa, orcid.org/0000-0002-8608-6858","not-for-profit use only","Correa, Cristián, Maryse Boisjoly (2023) Base de datos empírica de peces de Chile. Valdivia, Chile.","Fish Database Correa-Boisjoly","Ocurrence"
"Lago Huelde",-42.594972,-74.116972,2014,2014-02-24,"Aplochiton marinus",1,"Gill Net","Huelde","Cristian Correa, Maryse Boisjoly","","CC BY-NC 4.0","Cristián Correa, orcid.org/0000-0002-8608-6858","not-for-profit use only","Correa, Cristián, Maryse Boisjoly (2023) Base de datos empírica de peces de Chile. Valdivia, Chile.","Fish Database Correa-Boisjoly","Ocurrence"
"Lago Huelde",-42.594961,-74.116986,2011,2011-01-25,"Aplochiton marinus",5,"Bottom gillnet S","Huelde","Cristian Correa","","CC BY-NC 4.0","Cristián Correa, orcid.org/0000-0002-8608-6858","not-for-profit use only","Correa, Cristián, Maryse Boisjoly (2023) Base de datos empírica de peces de Chile. Valdivia, Chile.","Fish Database Correa-Boisjoly","Ocurrence"
"Lago Huelde",-42.594961,-74.116986,2011,2011-01-25,"Odontesthes brevianalis",6,"Bottom gillnet S","Huelde","Cristian Correa","","CC BY-NC 4.0","Cristián Correa, orcid.org/0000-0002-8608-6858","not-for-profit use only","Correa, Cristián, Maryse Boisjoly (2023) Base de datos empírica de peces de Chile. Valdivia, Chile.","Fish Database Correa-Boisjoly","Ocurrence"
"Lago Huelde",-42.594961,-74.116986,2011,2011-01-25,"Salmo trutta",1,"Bottom gillnet S","Huelde","Cristian Correa","","CC BY-NC 4.0","Cristián Correa, orcid.org/0000-0002-8608-6858","not-for-profit use only","Correa, Cristián, Maryse Boisjoly (2023) Base de datos empírica de peces de Chile. Valdivia, Chile.","Fish Database Correa-Boisjoly","Ocurrence"
"Lago Huelde",-42.59489402,-74.117057,2017,2017-02-21,"Aplochiton marinus",1,"Fyke net","Huelde","Cristian Correa, Maryse Boisjoly, Camila Sola, Consuelo Guevara","","CC BY-NC 4.0","Cristián Correa, orcid.org/0000-0002-8608-6858","not-for-profit use only","Correa, Cristián, Maryse Boisjoly (2023) Base de datos empírica de peces de Chile. Valdivia, Chile.","Fish Database Correa-Boisjoly","Ocurrence"
"Lago Huelde",-42.59384796,-74.11419097,2014,2014-02-28,"Galaxias maculatus",10,"Seine net","Huelde","Cristian Correa, Maryse Boisjoly","","CC BY-NC 4.0","Cristián Correa, orcid.org/0000-0002-8608-6858","not-for-profit use only","Correa, Cristián, Maryse Boisjoly (2023) Base de datos empírica de peces de Chile. Valdivia, Chile.","Fish Database Correa-Boisjoly","Ocurrence"
"Lago Huelde",-42.59384796,-74.11419097,2014,2014-02-28,"Galaxias platei",1,"Seine net","Huelde","Cristian Correa, Maryse Boisjoly","","CC BY-NC 4.0","Cristián Correa, orcid.org/0000-0002-8608-6858","not-for-profit use only","Correa, Cristián, Maryse Boisjoly (2023) Base de datos empírica de peces de Chile. Valdivia, Chile.","Fish Database Correa-Boisjoly","Ocurrence"
"Lago Huelde",-42.59267097,-74.11498197,2014,2014-02-26,"Cheirodon",13,"Seine net","Huelde","Cristian Correa, Maryse Boisjoly","","CC BY-NC 4.0","Cristián Correa, orcid.org/0000-0002-8608-6858","not-for-profit use only","Correa, Cristián, Maryse Boisjoly (2023) Base de datos empírica de peces de Chile. Valdivia, Chile.","Fish Database Correa-Boisjoly","Ocurrence"
"Lago Huelde",-42.59267097,-74.11498197,2014,2014-02-26,"Eleginops maclovinus",3,"Seine net","Huelde","Cristian Correa, Maryse Boisjoly","","CC BY-NC 4.0","Cristián Correa, orcid.org/0000-0002-8608-6858","not-for-profit use only","Correa, Cristián, Maryse Boisjoly (2023) Base de datos empírica de peces de Chile. Valdivia, Chile.","Fish Database Correa-Boisjoly","Ocurrence"
"Lago Huelde",-42.59267097,-74.11498197,2014,2014-02-26,"Galaxias maculatus",1005,"Seine net","Huelde","Cristian Correa, Maryse Boisjoly","","CC BY-NC 4.0","Cristián Correa, orcid.org/0000-0002-8608-6858","not-for-profit use only","Correa, Cristián, Maryse Boisjoly (2023) Base de datos empírica de peces de Chile. Valdivia, Chile.","Fish Database Correa-Boisjoly","Ocurrence"
"Lago Huelde",-42.59223302,-74.114498,2017,2017-02-21,"Aplochiton marinus",5,"Gill Net Aplochitonera 3mX5m  X2","Huelde","Cristian Correa, Maryse Boisjoly, Camila Sola, Consuelo Guevara","","CC BY-NC 4.0","Cristián Correa, orcid.org/0000-0002-8608-6858","not-for-profit use only","Correa, Cristián, Maryse Boisjoly (2023) Base de datos empírica de peces de Chile. Valdivia, Chile.","Fish Database Correa-Boisjoly","Ocurrence"
"Lago Huelde",-42.58984099,-74.11244301,2017,2017-02-21,"Aplochiton marinus",6,"Gill Net Aplochitonera 3mX10m","Huelde","Cristian Correa, Maryse Boisjoly, Camila Sola, Consuelo Guevara","","CC BY-NC 4.0","Cristián Correa, orcid.org/0000-0002-8608-6858","not-for-profit use only","Correa, Cristián, Maryse Boisjoly (2023) Base de datos empírica de peces de Chile. Valdivia, Chile.","Fish Database Correa-Boisjoly","Ocurrence"
"Lago Huelde",-42.58984099,-74.11244301,2017,2017-02-21,"Eleginops maclovinus",1,"Gill Net Aplochitonera 3mX10m","Huelde","Cristian Correa, Maryse Boisjoly, Camila Sola, Consuelo Guevara","","CC BY-NC 4.0","Cristián Correa, orcid.org/0000-0002-8608-6858","not-for-profit use only","Correa, Cristián, Maryse Boisjoly (2023) Base de datos empírica de peces de Chile. Valdivia, Chile.","Fish Database Correa-Boisjoly","Ocurrence"
"Lago Huelde",-42.58984099,-74.11244301,2017,2017-02-21,"Galaxias platei",1,"Gill Net Aplochitonera 3mX10m","Huelde","Cristian Correa, Maryse Boisjoly, Camila Sola, Consuelo Guevara","","CC BY-NC 4.0","Cristián Correa, orcid.org/0000-0002-8608-6858","not-for-profit use only","Correa, Cristián, Maryse Boisjoly (2023) Base de datos empírica de peces de Chile. Valdivia, Chile.","Fish Database Correa-Boisjoly","Ocurrence"
"Lago Huelde",-42.58977603,-74.11237696,2017,2017-02-26,"Salmo trutta",6,"Gill Net Experimental","Huelde","Camila Sola, Consuelo Guevara, Cristian Correa, Maryse Boisjoly","","CC BY-NC 4.0","Cristián Correa, orcid.org/0000-0002-8608-6858","not-for-profit use only","Correa, Cristián, Maryse Boisjoly (2023) Base de datos empírica de peces de Chile. Valdivia, Chile.","Fish Database Correa-Boisjoly","Ocurrence"
"Lago Huelde",-42.58850802,-74.11076303,2017,2017-02-21,"Galaxias platei",2,"NA","Huelde","Cristian Correa, Maryse Boisjoly, Camila Sola, Consuelo Guevara","","CC BY-NC 4.0","Cristián Correa, orcid.org/0000-0002-8608-6858","not-for-profit use only","Correa, Cristián, Maryse Boisjoly (2023) Base de datos empírica de peces de Chile. Valdivia, Chile.","Fish Database Correa-Boisjoly","Ocurrence"
"Lago Huelde, Río Cipresales",-42.59312603,-74.10311898,2017,2017-02-26,"Galaxias maculatus",8,"Fyke net","Huelde","Cristian Correa, Maryse Boisjoly, Consuelo Guevara, Camila Sola","","CC BY-NC 4.0","Cristián Correa, orcid.org/0000-0002-8608-6858","not-for-profit use only","Correa, Cristián, Maryse Boisjoly (2023) Base de datos empírica de peces de Chile. Valdivia, Chile.","Fish Database Correa-Boisjoly","Ocurrence"
"Lago Huelde, Río Cipresales",-42.59312603,-74.10311898,2017,2017-02-26,"Galaxias platei",15,"Fyke net","Huelde","Cristian Correa, Maryse Boisjoly, Consuelo Guevara, Camila Sola","","CC BY-NC 4.0","Cristián Correa, orcid.org/0000-0002-8608-6858","not-for-profit use only","Correa, Cristián, Maryse Boisjoly (2023) Base de datos empírica de peces de Chile. Valdivia, Chile.","Fish Database Correa-Boisjoly","Ocurrence"
"Lago Huelde, Río Cipresales",-42.59275001,-74.10274004,2014,2014-02-27,"Galaxias platei",1,"Minnow Trap","Huelde","Cristian Correa, Maryse Boisjoly","","CC BY-NC 4.0","Cristián Correa, orcid.org/0000-0002-8608-6858","not-for-profit use only","Correa, Cristián, Maryse Boisjoly (2023) Base de datos empírica de peces de Chile. Valdivia, Chile.","Fish Database Correa-Boisjoly","Ocurrence"
"Lago Huelde, Río Cipresales",-42.59159298,-74.10339198,2014,2014-02-25,"Aplochiton marinus",0,"Gill Net Aplochitonera 3mX5m","Huelde","Cristian Correa, Maryse Boisjoly","","CC BY-NC 4.0","Cristián Correa, orcid.org/0000-0002-8608-6858","not-for-profit use only","Correa, Cristián, Maryse Boisjoly (2023) Base de datos empírica de peces de Chile. Valdivia, Chile.","Fish Database Correa-Boisjoly","Ocurrence"
"Lago Huelde, Río Cipresales",-42.59159298,-74.10339198,2014,2014-02-25,"Odontesthes brevianalis",1,"Gill Net Aplochitonera 3mX5m","Huelde","Cristian Correa, Maryse Boisjoly","","CC BY-NC 4.0","Cristián Correa, orcid.org/0000-0002-8608-6858","not-for-profit use only","Correa, Cristián, Maryse Boisjoly (2023) Base de datos empírica de peces de Chile. Valdivia, Chile.","Fish Database Correa-Boisjoly","Ocurrence"
"Lago Huelde, Río Cipresales",-42.58925501,-74.10024198,2014,2014-02-24,"Aplochiton marinus",0,"Gill Net Aplochitonera 3mX5m","Huelde","Cristian Correa, Maryse Boisjoly","","CC BY-NC 4.0","Cristián Correa, orcid.org/0000-0002-8608-6858","not-for-profit use only","Correa, Cristián, Maryse Boisjoly (2023) Base de datos empírica de peces de Chile. Valdivia, Chile.","Fish Database Correa-Boisjoly","Ocurrence"
"Lago Huelde, Río Cipresales",-42.58837298,-74.09985197,2014,2014-02-27,"Salmo trutta",5,"Gill Net Experimental","Huelde","Cristian Correa, Maryse Boisjoly","","CC BY-NC 4.0","Cristián Correa, orcid.org/0000-0002-8608-6858","not-for-profit use only","Correa, Cristián, Maryse Boisjoly (2023) Base de datos empírica de peces de Chile. Valdivia, Chile.","Fish Database Correa-Boisjoly","Ocurrence"
"Lago Huelde, Río Cipresales",-42.58799002,-74.09973001,2014,2014-02-25,"Aplochiton taeniatus",0,"Gill Net Aplochitonera 3mX5m","Huelde","Cristian Correa, Maryse Boisjoly","","CC BY-NC 4.0","Cristián Correa, orcid.org/0000-0002-8608-6858","not-for-profit use only","Correa, Cristián, Maryse Boisjoly (2023) Base de datos empírica de peces de Chile. Valdivia, Chile.","Fish Database Correa-Boisjoly","Ocurrence"
"Lago Huelde, Río Cipresales",-42.58799002,-74.09973001,2014,2014-02-25,"Galaxias platei",0,"Gill Net Aplochitonera 3mX5m","Huelde","Cristian Correa, Maryse Boisjoly","","CC BY-NC 4.0","Cristián Correa, orcid.org/0000-0002-8608-6858","not-for-profit use only","Correa, Cristián, Maryse Boisjoly (2023) Base de datos empírica de peces de Chile. Valdivia, Chile.","Fish Database Correa-Boisjoly","Ocurrence"
"Lago Huelde, Río Cipresales",-42.58783604,-74.09967503,2017,2017-02-26,"Aplochiton taeniatus",1,"Gill Net Aplochitonera 3mX10m","Huelde","Cristian Correa, Maryse Boisjoly, Camila Sola, Consuelo Guevara","","CC BY-NC 4.0","Cristián Correa, orcid.org/0000-0002-8608-6858","not-for-profit use only","Correa, Cristián, Maryse Boisjoly (2023) Base de datos empírica de peces de Chile. Valdivia, Chile.","Fish Database Correa-Boisjoly","Ocurrence"
"Lago Huelde, Río Cipresales",-42.58777603,-74.09943597,2014,2014-02-27,"Galaxias maculatus",1,"Minnow Trap","Huelde","Cristian Correa, Maryse Boisjoly","","CC BY-NC 4.0","Cristián Correa, orcid.org/0000-0002-8608-6858","not-for-profit use only","Correa, Cristián, Maryse Boisjoly (2023) Base de datos empírica de peces de Chile. Valdivia, Chile.","Fish Database Correa-Boisjoly","Ocurrence"
"Lago Huelde, Río Cipresales",-42.587053,-74.09770402,2017,2017-02-26,"Aplochiton taeniatus",1,"Gill Net Aplochitonera 3mX5m  X2","Huelde","Cristian Correa, Maryse Boisjoly, Consuelo Guevara, Camila Sola","","CC BY-NC 4.0","Cristián Correa, orcid.org/0000-0002-8608-6858","not-for-profit use only","Correa, Cristián, Maryse Boisjoly (2023) Base de datos empírica de peces de Chile. Valdivia, Chile.","Fish Database Correa-Boisjoly","Ocurrence"
"Lago Huelde, Río Cipresales",-42.58641598,-74.09600099,2014,2014-02-27,"Galaxias maculatus",2,"Minnow Trap","Huelde","Cristian Correa, Maryse Boisjoly","","CC BY-NC 4.0","Cristián Correa, orcid.org/0000-0002-8608-6858","not-for-profit use only","Correa, Cristián, Maryse Boisjoly (2023) Base de datos empírica de peces de Chile. Valdivia, Chile.","Fish Database Correa-Boisjoly","Ocurrence"
"Lago Huelde, Río Cipresales",-42.58623803,-74.09595799,2017,2017-02-26,"Geotria australis",1,"Snorkeling","Huelde","Cristian Correa, Maryse Boisjoly, Consuelo Guevara, Camila Sola","","CC BY-NC 4.0","Cristián Correa, orcid.org/0000-0002-8608-6858","not-for-profit use only","Correa, Cristián, Maryse Boisjoly (2023) Base de datos empírica de peces de Chile. Valdivia, Chile.","Fish Database Correa-Boisjoly","Ocurrence"
"Lago Huelde, Río Cipresales",-42.58606302,-74.09559103,2017,2017-02-26,"Salmo trutta",1,"Gill Net Aplochitonera 1.5mX7m","Huelde","Cristian Correa, Maryse Boisjoly, Consuelo Guevara, Camila Sola","","CC BY-NC 4.0","Cristián Correa, orcid.org/0000-0002-8608-6858","not-for-profit use only","Correa, Cristián, Maryse Boisjoly (2023) Base de datos empírica de peces de Chile. Valdivia, Chile.","Fish Database Correa-Boisjoly","Ocurrence"
"Lago Huelde, Río Cipresales",-42.58599697,-74.091143,2014,2014-02-27,"Galaxias platei",1,"Minnow Trap","Huelde","Cristian Correa, Maryse Boisjoly","","CC BY-NC 4.0","Cristián Correa, orcid.org/0000-0002-8608-6858","not-for-profit use only","Correa, Cristián, Maryse Boisjoly (2023) Base de datos empírica de peces de Chile. Valdivia, Chile.","Fish Database Correa-Boisjoly","Ocurrence"
"Lago Huelde, Río Cipresales",-42.58597098,-74.09176201,2014,2014-02-27,"Galaxias maculatus",1,"Minnow Trap","Huelde","Cristian Correa, Maryse Boisjoly","","CC BY-NC 4.0","Cristián Correa, orcid.org/0000-0002-8608-6858","not-for-profit use only","Correa, Cristián, Maryse Boisjoly (2023) Base de datos empírica de peces de Chile. Valdivia, Chile.","Fish Database Correa-Boisjoly","Ocurrence"
"Lago Huelde, Río Cipresales",-42.58584903,-74.09068904,2014,2014-02-27,"Galaxias maculatus",1,"Minnow Trap","Huelde","Cristian Correa, Maryse Boisjoly","","CC BY-NC 4.0","Cristián Correa, orcid.org/0000-0002-8608-6858","not-for-profit use only","Correa, Cristián, Maryse Boisjoly (2023) Base de datos empírica de peces de Chile. Valdivia, Chile.","Fish Database Correa-Boisjoly","Ocurrence"
"Lago Huelde, Río Cipresales",-42.58573797,-74.09019903,2014,2014-02-27,"Galaxias maculatus",1,"Minnow Trap","Huelde","Cristian Correa, Maryse Boisjoly","","CC BY-NC 4.0","Cristián Correa, orcid.org/0000-0002-8608-6858","not-for-profit use only","Correa, Cristián, Maryse Boisjoly (2023) Base de datos empírica de peces de Chile. Valdivia, Chile.","Fish Database Correa-Boisjoly","Ocurrence"
"Lago Huelde, Río Cipresales",-42.58573797,-74.09019903,2014,2014-02-27,"Galaxias platei",1,"Minnow Trap","Huelde","Cristian Correa, Maryse Boisjoly","","CC BY-NC 4.0","Cristián Correa, orcid.org/0000-0002-8608-6858","not-for-profit use only","Correa, Cristián, Maryse Boisjoly (2023) Base de datos empírica de peces de Chile. Valdivia, Chile.","Fish Database Correa-Boisjoly","Ocurrence"
"Lago Huelde, Río Cipresales",-42.58571902,-74.09263599,2017,2017-02-26,"Galaxias platei",1,"Gill Net Aplochitonera 3mX5m  X2","Huelde","Cristian Correa, Maryse Boisjoly, Consuelo Guevara, Camila Sola","","CC BY-NC 4.0","Cristián Correa, orcid.org/0000-0002-8608-6858","not-for-profit use only","Correa, Cristián, Maryse Boisjoly (2023) Base de datos empírica de peces de Chile. Valdivia, Chile.","Fish Database Correa-Boisjoly","Ocurrence"
"Lago Huelde, Río Cipresales",-42.58565901,-74.09313404,2014,2014-02-27,"Galaxias maculatus",1,"Minnow Trap","Huelde","Cristian Correa, Maryse Boisjoly","","CC BY-NC 4.0","Cristián Correa, orcid.org/0000-0002-8608-6858","not-for-profit use only","Correa, Cristián, Maryse Boisjoly (2023) Base de datos empírica de peces de Chile. Valdivia, Chile.","Fish Database Correa-Boisjoly","Ocurrence"
"Lago Huelde, Río Cipresales",-42.58564099,-74.09356202,2014,2014-02-27,"Galaxias maculatus",1,"Minnow Trap","Huelde","Cristian Correa, Maryse Boisjoly","","CC BY-NC 4.0","Cristián Correa, orcid.org/0000-0002-8608-6858","not-for-profit use only","Correa, Cristián, Maryse Boisjoly (2023) Base de datos empírica de peces de Chile. Valdivia, Chile.","Fish Database Correa-Boisjoly","Ocurrence"
"Lago Huelde, Río Cipresales",-42.58549699,-74.08962999,2014,2014-02-27,"Aplochiton taeniatus",2,"Gill Net Aplochitonera 3mX10m","Huelde","Cristian Correa, Maryse Boisjoly","","CC BY-NC 4.0","Cristián Correa, orcid.org/0000-0002-8608-6858","not-for-profit use only","Correa, Cristián, Maryse Boisjoly (2023) Base de datos empírica de peces de Chile. Valdivia, Chile.","Fish Database Correa-Boisjoly","Ocurrence"
"Lago Huelde, Río Cipresales",-42.584349,-74.08922204,2017,2017-02-22,"Galaxias maculatus",4,"Fyke net","Huelde","Cristian Correa, Maryse Boisjoly, Camila Sola, Consuelo Guevara","","CC BY-NC 4.0","Cristián Correa, orcid.org/0000-0002-8608-6858","not-for-profit use only","Correa, Cristián, Maryse Boisjoly (2023) Base de datos empírica de peces de Chile. Valdivia, Chile.","Fish Database Correa-Boisjoly","Ocurrence"
"Lago Huelde, Río Cipresales",-42.584349,-74.08922204,2017,2017-02-22,"Galaxias platei",17,"Fyke net","Huelde","Cristian Correa, Maryse Boisjoly, Camila Sola, Consuelo Guevara","","CC BY-NC 4.0","Cristián Correa, orcid.org/0000-0002-8608-6858","not-for-profit use only","Correa, Cristián, Maryse Boisjoly (2023) Base de datos empírica de peces de Chile. Valdivia, Chile.","Fish Database Correa-Boisjoly","Ocurrence"
"Lago Huelde, desagüe",-42.60365202,-74.12336899,2014,2014-02-26,"Aplochiton marinus",1,"Gill Net Aplochitonera 3mX5m","Huelde","Cristian Correa, Maryse Boisjoly","","CC BY-NC 4.0","Cristián Correa, orcid.org/0000-0002-8608-6858","not-for-profit use only","Correa, Cristián, Maryse Boisjoly (2023) Base de datos empírica de peces de Chile. Valdivia, Chile.","Fish Database Correa-Boisjoly","Ocurrence"
"Lago Huelde, desagüe",-42.60365202,-74.12336899,2014,2014-02-26,"Odontesthes brevianalis",2,"Gill Net Aplochitonera 3mX5m","Huelde","Cristian Correa, Maryse Boisjoly","","CC BY-NC 4.0","Cristián Correa, orcid.org/0000-0002-8608-6858","not-for-profit use only","Correa, Cristián, Maryse Boisjoly (2023) Base de datos empírica de peces de Chile. Valdivia, Chile.","Fish Database Correa-Boisjoly","Ocurrence"
"Lago Huelde, desagüe",-42.60056597,-74.11889104,2014,2014-02-26,"Aplochiton marinus",7,"Gill Net Aplochitonera 3mX10m","Huelde","Cristian Correa, Maryse Boisjoly","","CC BY-NC 4.0","Cristián Correa, orcid.org/0000-0002-8608-6858","not-for-profit use only","Correa, Cristián, Maryse Boisjoly (2023) Base de datos empírica de peces de Chile. Valdivia, Chile.","Fish Database Correa-Boisjoly","Ocurrence"
"Lago Huelde, desagüe",-42.60056597,-74.11889104,2014,2014-02-26,"Eleginops maclovinus",3,"Gill Net Aplochitonera 3mX10m","Huelde","Cristian Correa, Maryse Boisjoly","","CC BY-NC 4.0","Cristián Correa, orcid.org/0000-0002-8608-6858","not-for-profit use only","Correa, Cristián, Maryse Boisjoly (2023) Base de datos empírica de peces de Chile. Valdivia, Chile.","Fish Database Correa-Boisjoly","Ocurrence"
"Lago Huelde, desagüe",-42.60056597,-74.11889104,2014,2014-02-26,"Odontesthes brevianalis",5,"Gill Net Aplochitonera 3mX10m","Huelde","Cristian Correa, Maryse Boisjoly","","CC BY-NC 4.0","Cristián Correa, orcid.org/0000-0002-8608-6858","not-for-profit use only","Correa, Cristián, Maryse Boisjoly (2023) Base de datos empírica de peces de Chile. Valdivia, Chile.","Fish Database Correa-Boisjoly","Ocurrence"
"Lago Huelde, desagüe",-42.60056597,-74.11889104,2014,2014-02-28,"Galaxias platei",1,"Hand Collected","Huelde","Cristian Correa, Maryse Boisjoly","","CC BY-NC 4.0","Cristián Correa, orcid.org/0000-0002-8608-6858","not-for-profit use only","Correa, Cristián, Maryse Boisjoly (2023) Base de datos empírica de peces de Chile. Valdivia, Chile.","Fish Database Correa-Boisjoly","Ocurrence"
"Lago La Paloma",-45.87618,-72.07065,2019,2019-11-24,"Aplochiton zebra",33,"Casting Net","Lago La Paloma","Cristian Correa","","CC BY-NC 4.0","Cristián Correa, orcid.org/0000-0002-8608-6858","not-for-profit use only","Correa, Cristián, Maryse Boisjoly (2023) Base de datos empírica de peces de Chile. Valdivia, Chile.","Fish Database Correa-Boisjoly","Ocurrence"
"Lago La Paloma",-45.87618,-72.07065,2019,2019-11-24,"Oncorhynchus mykiss",1,"Casting Net","Lago La Paloma","Cristian Correa","","CC BY-NC 4.0","Cristián Correa, orcid.org/0000-0002-8608-6858","not-for-profit use only","Correa, Cristián, Maryse Boisjoly (2023) Base de datos empírica de peces de Chile. Valdivia, Chile.","Fish Database Correa-Boisjoly","Ocurrence"
"Lago Leon",-45.616146,-71.840491,2009,2009-01-31,"Galaxias platei",79,"Electric fishing, Trapping, Dip net","Leon","Cristian Correa","(Correa et al. 2012)","CC BY-NC 4.0","Cristián Correa, orcid.org/0000-0002-8608-6858","not-for-profit use only","Correa, Cristián, Maryse Boisjoly (2023) Base de datos empírica de peces de Chile. Valdivia, Chile.","Fish Database Correa-Boisjoly","Ocurrence"
"Lago Leon",-45.616146,-71.840491,2009,2009-02-01,"Galaxias platei",3,"Bottom gillnet S","Leon","Cristian Correa","","CC BY-NC 4.0","Cristián Correa, orcid.org/0000-0002-8608-6858","not-for-profit use only","Correa, Cristián, Maryse Boisjoly (2023) Base de datos empírica de peces de Chile. Valdivia, Chile.","Fish Database Correa-Boisjoly","Ocurrence"
"Lago Lonconao",-43.231353,-71.93025,2023,2023-11-12,"Cheirodon interruptus",16,"Fyke net","Rio Futaleufu","CC BD","","CC BY-NC 4.0","Cristián Correa, orcid.org/0000-0002-8608-6858","not-for-profit use only","Correa, Cristián, Maryse Boisjoly (2023) Base de datos empírica de peces de Chile. Valdivia, Chile.","Fish Database Correa-Boisjoly","Ocurrence"
"Lago Mercedes",-45.73613,-72.217254,2009,2009-02-13,"Salmo trutta",8,"Bottom gillnet S","Mercedes","Cristian Correa","(Correa et al. 2012)","CC BY-NC 4.0","Cristián Correa, orcid.org/0000-0002-8608-6858","not-for-profit use only","Correa, Cristián, Maryse Boisjoly (2023) Base de datos empírica de peces de Chile. Valdivia, Chile.","Fish Database Correa-Boisjoly","Ocurrence"
"Lago Mercedes",-45.73613,-72.217254,2009,2009-02-14,"Salmo trutta",18,"Electric fishing","Mercedes","Cristian Correa","(Correa et al. 2012)","CC BY-NC 4.0","Cristián Correa, orcid.org/0000-0002-8608-6858","not-for-profit use only","Correa, Cristián, Maryse Boisjoly (2023) Base de datos empírica de peces de Chile. Valdivia, Chile.","Fish Database Correa-Boisjoly","Ocurrence"
"Lago Palos",-45.320933,-72.702733,2007,2007-02-21,"Aplochiton taeniatus",5,"Bottom gillnet S","Palos","Cristian Correa","(Alò et al. 2013) | (Correa et al. 2012) | (Alò et al. 2019)","CC BY-NC 4.0","Cristián Correa, orcid.org/0000-0002-8608-6858","not-for-profit use only","Correa, Cristián, Maryse Boisjoly (2023) Base de datos empírica de peces de Chile. Valdivia, Chile.","Fish Database Correa-Boisjoly","Ocurrence"
"Lago Palos",-45.320933,-72.702733,2007,2007-02-21,"Galaxias maculatus",191,"Trapping","Palos","Cristian Correa","","CC BY-NC 4.0","Cristián Correa, orcid.org/0000-0002-8608-6858","not-for-profit use only","Correa, Cristián, Maryse Boisjoly (2023) Base de datos empírica de peces de Chile. Valdivia, Chile.","Fish Database Correa-Boisjoly","Ocurrence"
"Lago Palos",-45.320933,-72.702733,2007,2007-02-21,"Galaxias platei",2,"Bottom gillnet S","Palos","Cristian Correa","(Alò et al. 2019) | (Correa et al. 2012)","CC BY-NC 4.0","Cristián Correa, orcid.org/0000-0002-8608-6858","not-for-profit use only","Correa, Cristián, Maryse Boisjoly (2023) Base de datos empírica de peces de Chile. Valdivia, Chile.","Fish Database Correa-Boisjoly","Ocurrence"
"Lago Palos",-45.320933,-72.702733,2007,2007-02-21,"Salmo trutta",3,"Bottom gillnet S","Palos","Cristian Correa","(Alò et al. 2019) | (Correa et al. 2012)","CC BY-NC 4.0","Cristián Correa, orcid.org/0000-0002-8608-6858","not-for-profit use only","Correa, Cristián, Maryse Boisjoly (2023) Base de datos empírica de peces de Chile. Valdivia, Chile.","Fish Database Correa-Boisjoly","Ocurrence"
"Lago Palos",-45.320933,-72.702733,2007,2007-02-22,"Galaxias maculatus",270,"Trapping, Electric fishing","Palos","Cristian Correa","","CC BY-NC 4.0","Cristián Correa, orcid.org/0000-0002-8608-6858","not-for-profit use only","Correa, Cristián, Maryse Boisjoly (2023) Base de datos empírica de peces de Chile. Valdivia, Chile.","Fish Database Correa-Boisjoly","Ocurrence"
"Lago Palos",-45.320933,-72.702733,2007,2007-02-22,"Galaxias platei",6,"Trapping, Electric fishing","Palos","Cristian Correa","(Correa et al. 2012) | (Alò et al. 2019)","CC BY-NC 4.0","Cristián Correa, orcid.org/0000-0002-8608-6858","not-for-profit use only","Correa, Cristián, Maryse Boisjoly (2023) Base de datos empírica de peces de Chile. Valdivia, Chile.","Fish Database Correa-Boisjoly","Ocurrence"
"Lago Palos",-45.320933,-72.702733,2007,2007-02-22,"Salmo trutta",1,"Bottom gillnet L","Palos","Cristian Correa","(Alò et al. 2019) | (Correa et al. 2012)","CC BY-NC 4.0","Cristián Correa, orcid.org/0000-0002-8608-6858","not-for-profit use only","Correa, Cristián, Maryse Boisjoly (2023) Base de datos empírica de peces de Chile. Valdivia, Chile.","Fish Database Correa-Boisjoly","Ocurrence"
"Lago Palos",-45.320933,-72.702733,2007,2007-02-23,"Galaxias maculatus",31,"Electric fishing","Palos","Cristian Correa","","CC BY-NC 4.0","Cristián Correa, orcid.org/0000-0002-8608-6858","not-for-profit use only","Correa, Cristián, Maryse Boisjoly (2023) Base de datos empírica de peces de Chile. Valdivia, Chile.","Fish Database Correa-Boisjoly","Ocurrence"
"Lago Palos",-45.320933,-72.702733,2007,2007-02-23,"Galaxias sp.",89,"Dip net","Palos","Cristian Correa","(Correa et al. 2012)","CC BY-NC 4.0","Cristián Correa, orcid.org/0000-0002-8608-6858","not-for-profit use only","Correa, Cristián, Maryse Boisjoly (2023) Base de datos empírica de peces de Chile. Valdivia, Chile.","Fish Database Correa-Boisjoly","Ocurrence"
"Lago Pollux",-45.67629,-71.862678,2007,2007-02-13,"Galaxias platei",1,"Electric fishing","Pollux","Cristian Correa","","CC BY-NC 4.0","Cristián Correa, orcid.org/0000-0002-8608-6858","not-for-profit use only","Correa, Cristián, Maryse Boisjoly (2023) Base de datos empírica de peces de Chile. Valdivia, Chile.","Fish Database Correa-Boisjoly","Ocurrence"
"Lago Pollux",-45.67629,-71.862678,2007,2007-02-13,"Oncorhynchus mykiss",113,"Electric fishing","Pollux","Cristian Correa","","CC BY-NC 4.0","Cristián Correa, orcid.org/0000-0002-8608-6858","not-for-profit use only","Correa, Cristián, Maryse Boisjoly (2023) Base de datos empírica de peces de Chile. Valdivia, Chile.","Fish Database Correa-Boisjoly","Ocurrence"
"Lago Pollux",-45.67629,-71.862678,2007,2007-02-14,"Oncorhynchus mykiss",15,"Bottom gillnet S","Pollux","Cristian Correa","(Correa et al. 2012)","CC BY-NC 4.0","Cristián Correa, orcid.org/0000-0002-8608-6858","not-for-profit use only","Correa, Cristián, Maryse Boisjoly (2023) Base de datos empírica de peces de Chile. Valdivia, Chile.","Fish Database Correa-Boisjoly","Ocurrence"
"Lago Pollux",-45.67629,-71.862678,2007,2007-04-11,"Galaxias platei",2,"Electric fishing","Pollux","Cristian Correa","","CC BY-NC 4.0","Cristián Correa, orcid.org/0000-0002-8608-6858","not-for-profit use only","Correa, Cristián, Maryse Boisjoly (2023) Base de datos empírica de peces de Chile. Valdivia, Chile.","Fish Database Correa-Boisjoly","Ocurrence"
"Lago Pollux",-45.67629,-71.862678,2009,2009-03-29,"Galaxias platei",19,"Electric fishing, Electric fishing (off records)","Pollux","Cristian Correa","(Correa et al. 2012)","CC BY-NC 4.0","Cristián Correa, orcid.org/0000-0002-8608-6858","not-for-profit use only","Correa, Cristián, Maryse Boisjoly (2023) Base de datos empírica de peces de Chile. Valdivia, Chile.","Fish Database Correa-Boisjoly","Ocurrence"
"Lago Pollux",-45.67629,-71.862678,2009,2009-03-29,"Oncorhynchus mykiss",15,"Electric fishing, Electric fishing (off records)","Pollux","Cristian Correa","(Correa et al. 2012)","CC BY-NC 4.0","Cristián Correa, orcid.org/0000-0002-8608-6858","not-for-profit use only","Correa, Cristián, Maryse Boisjoly (2023) Base de datos empírica de peces de Chile. Valdivia, Chile.","Fish Database Correa-Boisjoly","Ocurrence"
"Lago Pollux",-45.67629,-71.862678,2009,2009-11-03,"Galaxias platei",6,"Electric fishing","Pollux","Cristian Correa","(Correa et al. 2012)","CC BY-NC 4.0","Cristián Correa, orcid.org/0000-0002-8608-6858","not-for-profit use only","Correa, Cristián, Maryse Boisjoly (2023) Base de datos empírica de peces de Chile. Valdivia, Chile.","Fish Database Correa-Boisjoly","Ocurrence"
"Lago Pollux",-45.67629,-71.862678,2009,2009-11-05,"Oncorhynchus mykiss",9,"Electric fishing","Pollux","Cristian Correa","(Correa et al. 2012)","CC BY-NC 4.0","Cristián Correa, orcid.org/0000-0002-8608-6858","not-for-profit use only","Correa, Cristián, Maryse Boisjoly (2023) Base de datos empírica de peces de Chile. Valdivia, Chile.","Fish Database Correa-Boisjoly","Ocurrence"
"Lago Portales",-45.535313,-72.590396,2007,2007-02-25,"Galaxias platei",2,"Trapping","Portales","Cristian Correa","","CC BY-NC 4.0","Cristián Correa, orcid.org/0000-0002-8608-6858","not-for-profit use only","Correa, Cristián, Maryse Boisjoly (2023) Base de datos empírica de peces de Chile. Valdivia, Chile.","Fish Database Correa-Boisjoly","Ocurrence"
"Lago Portales",-45.535313,-72.590396,2007,2007-02-25,"Salmo trutta",12,"Bottom gillnet S","Portales","Cristian Correa","(Correa et al. 2012)","CC BY-NC 4.0","Cristián Correa, orcid.org/0000-0002-8608-6858","not-for-profit use only","Correa, Cristián, Maryse Boisjoly (2023) Base de datos empírica de peces de Chile. Valdivia, Chile.","Fish Database Correa-Boisjoly","Ocurrence"
"Lago Portales",-45.535313,-72.590396,2007,2007-03-04,"Galaxias platei",3,"Electric fishing","Portales","Cristian Correa","","CC BY-NC 4.0","Cristián Correa, orcid.org/0000-0002-8608-6858","not-for-profit use only","Correa, Cristián, Maryse Boisjoly (2023) Base de datos empírica de peces de Chile. Valdivia, Chile.","Fish Database Correa-Boisjoly","Ocurrence"
"Lago Portales",-45.535313,-72.590396,2007,2007-03-04,"Oncorhynchus mykiss",4,"Electric fishing","Portales","Cristian Correa","","CC BY-NC 4.0","Cristián Correa, orcid.org/0000-0002-8608-6858","not-for-profit use only","Correa, Cristián, Maryse Boisjoly (2023) Base de datos empírica de peces de Chile. Valdivia, Chile.","Fish Database Correa-Boisjoly","Ocurrence"
"Lago Portales",-45.535313,-72.590396,2007,2007-03-04,"Salmo trutta",20,"Electric fishing","Portales","Cristian Correa","","CC BY-NC 4.0","Cristián Correa, orcid.org/0000-0002-8608-6858","not-for-profit use only","Correa, Cristián, Maryse Boisjoly (2023) Base de datos empírica de peces de Chile. Valdivia, Chile.","Fish Database Correa-Boisjoly","Ocurrence"
"Lago Portales",-45.535313,-72.590396,2009,2009-03-23,"Galaxias platei",1,"Electric fishing","Portales","Cristian Correa","(Correa et al. 2012)","CC BY-NC 4.0","Cristián Correa, orcid.org/0000-0002-8608-6858","not-for-profit use only","Correa, Cristián, Maryse Boisjoly (2023) Base de datos empírica de peces de Chile. Valdivia, Chile.","Fish Database Correa-Boisjoly","Ocurrence"
"Lago Portales",-45.535313,-72.590396,2009,2009-03-24,"Galaxias platei",18,"Electric fishing","Portales","Cristian Correa","(Correa et al. 2012)","CC BY-NC 4.0","Cristián Correa, orcid.org/0000-0002-8608-6858","not-for-profit use only","Correa, Cristián, Maryse Boisjoly (2023) Base de datos empírica de peces de Chile. Valdivia, Chile.","Fish Database Correa-Boisjoly","Ocurrence"
"Lago Portales",-45.535313,-72.590396,2009,2009-03-24,"Salmo trutta",7,"Electric fishing","Portales","Cristian Correa","","CC BY-NC 4.0","Cristián Correa, orcid.org/0000-0002-8608-6858","not-for-profit use only","Correa, Cristián, Maryse Boisjoly (2023) Base de datos empírica de peces de Chile. Valdivia, Chile.","Fish Database Correa-Boisjoly","Ocurrence"
"Lago Porteño",-51.3342,-72.804373,2015,2015-03-13,"Galaxias maculatus",55,"Seine net","Lago Porteño","Maryse Boisjoly, Jonathan Poblete","","CC BY-NC 4.0","Cristián Correa, orcid.org/0000-0002-8608-6858","not-for-profit use only","Correa, Cristián, Maryse Boisjoly (2023) Base de datos empírica de peces de Chile. Valdivia, Chile.","Fish Database Correa-Boisjoly","Ocurrence"
"Lago Porteño",-51.333003,-72.80633,2015,2015-03-13,"Aplochiton zebra",2,"Electric fishing","Lago Porteño","Jonathan Poblete","","CC BY-NC 4.0","Cristián Correa, orcid.org/0000-0002-8608-6858","not-for-profit use only","Correa, Cristián, Maryse Boisjoly (2023) Base de datos empírica de peces de Chile. Valdivia, Chile.","Fish Database Correa-Boisjoly","Ocurrence"
"Lago Porteño",-51.333003,-72.80633,2015,2015-03-15,"Galaxias maculatus",3,"Electric fishing","Lago Porteño","Cristian Correa, Jonathan Poblete","","CC BY-NC 4.0","Cristián Correa, orcid.org/0000-0002-8608-6858","not-for-profit use only","Correa, Cristián, Maryse Boisjoly (2023) Base de datos empírica de peces de Chile. Valdivia, Chile.","Fish Database Correa-Boisjoly","Ocurrence"
"Lago Porteño",-51.32971304,-72.80755998,2015,2015-03-14,"Salmo trutta",4,"Gill Net Experimental","Lago Porteño","Cristian Correa, Maryse Boisjoly, Jonathan Poblete","","CC BY-NC 4.0","Cristián Correa, orcid.org/0000-0002-8608-6858","not-for-profit use only","Correa, Cristián, Maryse Boisjoly (2023) Base de datos empírica de peces de Chile. Valdivia, Chile.","Fish Database Correa-Boisjoly","Ocurrence"
"Lago Porteño",-51.32859103,-72.80887904,2015,2015-03-14,"Salmo trutta",1,"Gill Net Experimental","Lago Porteño","Cristian Correa, Jonathan Poblete, Maryse Boisjoly","","CC BY-NC 4.0","Cristián Correa, orcid.org/0000-0002-8608-6858","not-for-profit use only","Correa, Cristián, Maryse Boisjoly (2023) Base de datos empírica de peces de Chile. Valdivia, Chile.","Fish Database Correa-Boisjoly","Ocurrence"
"Lago Porteño",-51.314033,-72.829773,2015,2015-03-15,"Galaxias maculatus",39,"Seine net","Lago Porteño","Maryse Boisjoly, Jonathan Poblete","","CC BY-NC 4.0","Cristián Correa, orcid.org/0000-0002-8608-6858","not-for-profit use only","Correa, Cristián, Maryse Boisjoly (2023) Base de datos empírica de peces de Chile. Valdivia, Chile.","Fish Database Correa-Boisjoly","Ocurrence"
"Lago Porteño",-51.31258302,-72.82599002,2015,2015-03-15,"Salmo trutta",2,"Gill Net","Lago Porteño","Cristian Correa, Jonathan Poblete, Maryse Boisjoly","","CC BY-NC 4.0","Cristián Correa, orcid.org/0000-0002-8608-6858","not-for-profit use only","Correa, Cristián, Maryse Boisjoly (2023) Base de datos empírica de peces de Chile. Valdivia, Chile.","Fish Database Correa-Boisjoly","Ocurrence"
"Lago Porteño",-51.31235202,-72.82588701,2015,2015-03-16,"Salmo trutta",10,"Gill Net Experimental","Lago Porteño","Cristian Correa","","CC BY-NC 4.0","Cristián Correa, orcid.org/0000-0002-8608-6858","not-for-profit use only","Correa, Cristián, Maryse Boisjoly (2023) Base de datos empírica de peces de Chile. Valdivia, Chile.","Fish Database Correa-Boisjoly","Ocurrence"
"Lago Porteño",-51.312211,-72.8296,2015,2015-03-15,"Aplochiton zebra",2,"Electric fishing","Lago Porteño","Cristian Correa, Jonathan Poblete","","CC BY-NC 4.0","Cristián Correa, orcid.org/0000-0002-8608-6858","not-for-profit use only","Correa, Cristián, Maryse Boisjoly (2023) Base de datos empírica de peces de Chile. Valdivia, Chile.","Fish Database Correa-Boisjoly","Ocurrence"
"Lago Porteño",-51.312211,-72.8296,2015,2015-03-15,"Galaxias maculatus",5,"Electric fishing","Lago Porteño","Cristian Correa, Jonathan Poblete","","CC BY-NC 4.0","Cristián Correa, orcid.org/0000-0002-8608-6858","not-for-profit use only","Correa, Cristián, Maryse Boisjoly (2023) Base de datos empírica de peces de Chile. Valdivia, Chile.","Fish Database Correa-Boisjoly","Ocurrence"
"Lago Porteño",-51.312211,-72.8296,2015,2015-03-15,"Salmo trutta",1,"Electric fishing","Lago Porteño","Cristian Correa, Jonathan Poblete","","CC BY-NC 4.0","Cristián Correa, orcid.org/0000-0002-8608-6858","not-for-profit use only","Correa, Cristián, Maryse Boisjoly (2023) Base de datos empírica de peces de Chile. Valdivia, Chile.","Fish Database Correa-Boisjoly","Ocurrence"
"Lago Porteño",-51.312062,-72.825396,2015,2015-03-16,"Salmo trutta",1,"Gill Net","Lago Porteño","Cristian Correa","","CC BY-NC 4.0","Cristián Correa, orcid.org/0000-0002-8608-6858","not-for-profit use only","Correa, Cristián, Maryse Boisjoly (2023) Base de datos empírica de peces de Chile. Valdivia, Chile.","Fish Database Correa-Boisjoly","Ocurrence"
"Lago Presidente Ríos",-46.36179096,-74.14079304,2014,2014-03-31,"Aplochiton marinus",8,"Gill Net Aplochitonera 3mX10m","Lago Presidente Ríos","Cristian Correa, Maryse Boisjoly","","CC BY-NC 4.0","Cristián Correa, orcid.org/0000-0002-8608-6858","not-for-profit use only","Correa, Cristián, Maryse Boisjoly (2023) Base de datos empírica de peces de Chile. Valdivia, Chile.","Fish Database Correa-Boisjoly","Ocurrence"
"Lago Presidente Ríos",-46.36179096,-74.14079304,2014,2014-03-31,"Aplochiton taeniatus",3,"Gill Net Aplochitonera 3mX10m","Lago Presidente Ríos","Cristian Correa, Maryse Boisjoly","","CC BY-NC 4.0","Cristián Correa, orcid.org/0000-0002-8608-6858","not-for-profit use only","Correa, Cristián, Maryse Boisjoly (2023) Base de datos empírica de peces de Chile. Valdivia, Chile.","Fish Database Correa-Boisjoly","Ocurrence"
"Lago Presidente Ríos",-46.36179096,-74.14079304,2014,2014-03-31,"Galaxias platei",2,"Gill Net Aplochitonera 3mX10m","Lago Presidente Ríos","Cristian Correa, Maryse Boisjoly","","CC BY-NC 4.0","Cristián Correa, orcid.org/0000-0002-8608-6858","not-for-profit use only","Correa, Cristián, Maryse Boisjoly (2023) Base de datos empírica de peces de Chile. Valdivia, Chile.","Fish Database Correa-Boisjoly","Ocurrence"
"Lago Presidente Ríos",-46.36045597,-74.13521304,2014,2014-03-30,"Aplochiton taeniatus",1,"Gill Net Experimental","Lago Presidente Ríos","Cristian Correa, Maryse Boisjoly","","CC BY-NC 4.0","Cristián Correa, orcid.org/0000-0002-8608-6858","not-for-profit use only","Correa, Cristián, Maryse Boisjoly (2023) Base de datos empírica de peces de Chile. Valdivia, Chile.","Fish Database Correa-Boisjoly","Ocurrence"
"Lago Presidente Ríos",-46.36045597,-74.13521304,2014,2014-03-30,"Galaxias platei",1,"Gill Net Experimental","Lago Presidente Ríos","Cristian Correa, Maryse Boisjoly","","CC BY-NC 4.0","Cristián Correa, orcid.org/0000-0002-8608-6858","not-for-profit use only","Correa, Cristián, Maryse Boisjoly (2023) Base de datos empírica de peces de Chile. Valdivia, Chile.","Fish Database Correa-Boisjoly","Ocurrence"
"Lago Presidente Ríos",-46.36045597,-74.13521304,2014,2014-03-30,"Oncorhynchus tshawytscha",1,"Gill Net Experimental","Lago Presidente Ríos","Cristian Correa, Maryse Boisjoly","","CC BY-NC 4.0","Cristián Correa, orcid.org/0000-0002-8608-6858","not-for-profit use only","Correa, Cristián, Maryse Boisjoly (2023) Base de datos empírica de peces de Chile. Valdivia, Chile.","Fish Database Correa-Boisjoly","Ocurrence"
"Lago Presidente Ríos",-46.35865697,-74.12655604,2014,2014-03-30,"Aplochiton taeniatus",1,"Gill Net Aplochitonera 3mX5m","Lago Presidente Ríos","Cristian Correa, Maryse Boisjoly","","CC BY-NC 4.0","Cristián Correa, orcid.org/0000-0002-8608-6858","not-for-profit use only","Correa, Cristián, Maryse Boisjoly (2023) Base de datos empírica de peces de Chile. Valdivia, Chile.","Fish Database Correa-Boisjoly","Ocurrence"
"Lago Presidente Ríos",-46.35755299,-74.131511,2014,2014-04-01,"Galaxias maculatus",13,"Minnow Trap","Lago Presidente Ríos","Cristian Correa, Maryse Boisjoly","","CC BY-NC 4.0","Cristián Correa, orcid.org/0000-0002-8608-6858","not-for-profit use only","Correa, Cristián, Maryse Boisjoly (2023) Base de datos empírica de peces de Chile. Valdivia, Chile.","Fish Database Correa-Boisjoly","Ocurrence"
"Lago Quetru",-48.117876,-73.110422,2007,2007-03-22,"Galaxias maculatus",1,"Trapping","Quetru","Cristian Correa","","CC BY-NC 4.0","Cristián Correa, orcid.org/0000-0002-8608-6858","not-for-profit use only","Correa, Cristián, Maryse Boisjoly (2023) Base de datos empírica de peces de Chile. Valdivia, Chile.","Fish Database Correa-Boisjoly","Ocurrence"
"Lago Quetru",-48.100923,-73.116373,2007,2007-03-22,"Aplochiton taeniatus",1,"Bottom gillnet S","Quetru","Cristian Correa","","CC BY-NC 4.0","Cristián Correa, orcid.org/0000-0002-8608-6858","not-for-profit use only","Correa, Cristián, Maryse Boisjoly (2023) Base de datos empírica de peces de Chile. Valdivia, Chile.","Fish Database Correa-Boisjoly","Ocurrence"
"Lago Quetru",-48.100923,-73.116373,2007,2007-03-22,"Oncorhynchus mykiss",1,"Bottom gillnet S","Quetru","Cristian Correa","","CC BY-NC 4.0","Cristián Correa, orcid.org/0000-0002-8608-6858","not-for-profit use only","Correa, Cristián, Maryse Boisjoly (2023) Base de datos empírica de peces de Chile. Valdivia, Chile.","Fish Database Correa-Boisjoly","Ocurrence"
"Lago Quetru",-48.100923,-73.116373,2007,2007-03-22,"Salmo trutta",5,"Bottom gillnet S","Quetru","Cristian Correa","","CC BY-NC 4.0","Cristián Correa, orcid.org/0000-0002-8608-6858","not-for-profit use only","Correa, Cristián, Maryse Boisjoly (2023) Base de datos empírica de peces de Chile. Valdivia, Chile.","Fish Database Correa-Boisjoly","Ocurrence"
"Lago Rengifo",-45.617587,-72.511324,2009,2009-03-17,"Galaxias platei",15,"Trapping, Electric fishing","Rengifo","Cristian Correa","(Correa et al. 2012)","CC BY-NC 4.0","Cristián Correa, orcid.org/0000-0002-8608-6858","not-for-profit use only","Correa, Cristián, Maryse Boisjoly (2023) Base de datos empírica de peces de Chile. Valdivia, Chile.","Fish Database Correa-Boisjoly","Ocurrence"
"Lago Rengifo",-45.617587,-72.511324,2009,2009-03-17,"Salmo trutta",13,"Bottom gillnet S","Rengifo","Cristian Correa","(Correa et al. 2012)","CC BY-NC 4.0","Cristián Correa, orcid.org/0000-0002-8608-6858","not-for-profit use only","Correa, Cristián, Maryse Boisjoly (2023) Base de datos empírica de peces de Chile. Valdivia, Chile.","Fish Database Correa-Boisjoly","Ocurrence"
"Lago Rengifo",-45.617587,-72.511324,2009,2009-03-20,"Salmo trutta",2,"Bottom gillnet L","Rengifo","Cristian Correa","","CC BY-NC 4.0","Cristián Correa, orcid.org/0000-0002-8608-6858","not-for-profit use only","Correa, Cristián, Maryse Boisjoly (2023) Base de datos empírica de peces de Chile. Valdivia, Chile.","Fish Database Correa-Boisjoly","Ocurrence"
"Lago Riesco",-45.499861,-72.67575,2007,2007-02-24,"Galaxias maculatus",30,"Trapping","Riesco","Cristian Correa","","CC BY-NC 4.0","Cristián Correa, orcid.org/0000-0002-8608-6858","not-for-profit use only","Correa, Cristián, Maryse Boisjoly (2023) Base de datos empírica de peces de Chile. Valdivia, Chile.","Fish Database Correa-Boisjoly","Ocurrence"
"Lago Riesco",-45.499861,-72.67575,2007,2007-02-24,"Galaxias platei",14,"Trapping","Riesco","Cristian Correa","","CC BY-NC 4.0","Cristián Correa, orcid.org/0000-0002-8608-6858","not-for-profit use only","Correa, Cristián, Maryse Boisjoly (2023) Base de datos empírica de peces de Chile. Valdivia, Chile.","Fish Database Correa-Boisjoly","Ocurrence"
"Lago Riesco, desagüe",-45.499861,-72.67575,2016,2016-12-22,"Galaxias maculatus",34,"Electric fishing","Riesco","Cristian Correa, Gabriel Orrellana","","CC BY-NC 4.0","Cristián Correa, orcid.org/0000-0002-8608-6858","not-for-profit use only","Correa, Cristián, Maryse Boisjoly (2023) Base de datos empírica de peces de Chile. Valdivia, Chile.","Fish Database Correa-Boisjoly","Ocurrence"
"Lago Riesco, desagüe",-45.499861,-72.67575,2016,2016-12-22,"Oncorhynchus tshawytscha",29,"Casting Net","Riesco","Cristian Correa, Gabriel Orrellana","","CC BY-NC 4.0","Cristián Correa, orcid.org/0000-0002-8608-6858","not-for-profit use only","Correa, Cristián, Maryse Boisjoly (2023) Base de datos empírica de peces de Chile. Valdivia, Chile.","Fish Database Correa-Boisjoly","Ocurrence"
"Lago Thompson",-45.642942,-71.789019,2007,2007-01-29,"Galaxias platei",12,"Bottom gillnet S, Trapping","Thompson","Cristian Correa","(Correa et al. 2012)","CC BY-NC 4.0","Cristián Correa, orcid.org/0000-0002-8608-6858","not-for-profit use only","Correa, Cristián, Maryse Boisjoly (2023) Base de datos empírica de peces de Chile. Valdivia, Chile.","Fish Database Correa-Boisjoly","Ocurrence"
"Lago Thompson",-45.642942,-71.789019,2007,2007-01-30,"Galaxias platei",24,"Bottom gillnet S, Trapping","Thompson","Cristian Correa","(Correa et al. 2012)","CC BY-NC 4.0","Cristián Correa, orcid.org/0000-0002-8608-6858","not-for-profit use only","Correa, Cristián, Maryse Boisjoly (2023) Base de datos empírica de peces de Chile. Valdivia, Chile.","Fish Database Correa-Boisjoly","Ocurrence"
"Lago Thompson",-45.642942,-71.789019,2007,2007-01-30,"Oncorhynchus mykiss",6,"Bottom gillnet S","Thompson","Cristian Correa","(Correa et al. 2012)","CC BY-NC 4.0","Cristián Correa, orcid.org/0000-0002-8608-6858","not-for-profit use only","Correa, Cristián, Maryse Boisjoly (2023) Base de datos empírica de peces de Chile. Valdivia, Chile.","Fish Database Correa-Boisjoly","Ocurrence"
"Lago Thompson",-45.642942,-71.789019,2007,2007-04-09,"Galaxias platei",48,"Electric fishing, Dip net","Thompson","Cristian Correa","","CC BY-NC 4.0","Cristián Correa, orcid.org/0000-0002-8608-6858","not-for-profit use only","Correa, Cristián, Maryse Boisjoly (2023) Base de datos empírica de peces de Chile. Valdivia, Chile.","Fish Database Correa-Boisjoly","Ocurrence"
"Lago Thompson",-45.642942,-71.789019,2007,2007-04-09,"Oncorhynchus mykiss",62,"Electric fishing","Thompson","Cristian Correa","","CC BY-NC 4.0","Cristián Correa, orcid.org/0000-0002-8608-6858","not-for-profit use only","Correa, Cristián, Maryse Boisjoly (2023) Base de datos empírica de peces de Chile. Valdivia, Chile.","Fish Database Correa-Boisjoly","Ocurrence"
"Lago Toro",-45.529818,-71.853242,2009,2009-11-01,"Galaxias platei",13,"Electric fishing","Toro","Cristian Correa","(Correa et al. 2012)","CC BY-NC 4.0","Cristián Correa, orcid.org/0000-0002-8608-6858","not-for-profit use only","Correa, Cristián, Maryse Boisjoly (2023) Base de datos empírica de peces de Chile. Valdivia, Chile.","Fish Database Correa-Boisjoly","Ocurrence"
"Lago Yelcho",-43.176216,-72.430558,2009,2009-04-16,"Galaxias maculatus",30,"Trapping","Lago Yelcho","Cristian Correa","","CC BY-NC 4.0","Cristián Correa, orcid.org/0000-0002-8608-6858","not-for-profit use only","Correa, Cristián, Maryse Boisjoly (2023) Base de datos empírica de peces de Chile. Valdivia, Chile.","Fish Database Correa-Boisjoly","Ocurrence"
"Lago Yulton",-45.118043,-72.902243,2009,2009-02-27,"Galaxias platei",7,"Electric fishing","Yulton","Cristian Correa","","CC BY-NC 4.0","Cristián Correa, orcid.org/0000-0002-8608-6858","not-for-profit use only","Correa, Cristián, Maryse Boisjoly (2023) Base de datos empírica de peces de Chile. Valdivia, Chile.","Fish Database Correa-Boisjoly","Ocurrence"
"Lago Yulton",-45.118043,-72.902243,2009,2009-02-28,"Galaxias platei",158,"Trapping, Bottom gillnet S, Dip net, Seine net","Yulton","Cristian Correa","(Correa et al. 2012)","CC BY-NC 4.0","Cristián Correa, orcid.org/0000-0002-8608-6858","not-for-profit use only","Correa, Cristián, Maryse Boisjoly (2023) Base de datos empírica de peces de Chile. Valdivia, Chile.","Fish Database Correa-Boisjoly","Ocurrence"
"Lago Zenteno",-45.592058,-72.548246,2009,2009-03-13,"Galaxias platei",32,"Trapping","Zenteno","Cristian Correa","(Correa et al. 2012)","CC BY-NC 4.0","Cristián Correa, orcid.org/0000-0002-8608-6858","not-for-profit use only","Correa, Cristián, Maryse Boisjoly (2023) Base de datos empírica de peces de Chile. Valdivia, Chile.","Fish Database Correa-Boisjoly","Ocurrence"
"Lago Zenteno",-45.592058,-72.548246,2009,2009-03-13,"Salmo trutta",7,"Bottom gillnet L, Bottom gillnet S","Zenteno","Cristian Correa","(Correa et al. 2012)","CC BY-NC 4.0","Cristián Correa, orcid.org/0000-0002-8608-6858","not-for-profit use only","Correa, Cristián, Maryse Boisjoly (2023) Base de datos empírica de peces de Chile. Valdivia, Chile.","Fish Database Correa-Boisjoly","Ocurrence"
"Lago Zenteno",-45.592058,-72.548246,2009,2009-03-21,"Galaxias platei",4,"Electric fishing","Zenteno","Cristian Correa","(Correa et al. 2012)","CC BY-NC 4.0","Cristián Correa, orcid.org/0000-0002-8608-6858","not-for-profit use only","Correa, Cristián, Maryse Boisjoly (2023) Base de datos empírica de peces de Chile. Valdivia, Chile.","Fish Database Correa-Boisjoly","Ocurrence"
"Lago Zenteno",-45.592058,-72.548246,2009,2009-03-21,"Salmo trutta",5,"Electric fishing","Zenteno","Cristian Correa","","CC BY-NC 4.0","Cristián Correa, orcid.org/0000-0002-8608-6858","not-for-profit use only","Correa, Cristián, Maryse Boisjoly (2023) Base de datos empírica de peces de Chile. Valdivia, Chile.","Fish Database Correa-Boisjoly","Ocurrence"
"Lago Zenteno",-45.592058,-72.548246,2009,2009-03-22,"Galaxias platei",2,"Electric fishing","Zenteno","Cristian Correa","","CC BY-NC 4.0","Cristián Correa, orcid.org/0000-0002-8608-6858","not-for-profit use only","Correa, Cristián, Maryse Boisjoly (2023) Base de datos empírica de peces de Chile. Valdivia, Chile.","Fish Database Correa-Boisjoly","Ocurrence"
"Laguna Alta",-45.534734,-72.708574,2007,2007-02-28,"Galaxias maculatus",3,"Trapping","Alta","Cristian Correa","","CC BY-NC 4.0","Cristián Correa, orcid.org/0000-0002-8608-6858","not-for-profit use only","Correa, Cristián, Maryse Boisjoly (2023) Base de datos empírica de peces de Chile. Valdivia, Chile.","Fish Database Correa-Boisjoly","Ocurrence"
"Laguna Alta",-45.534734,-72.708574,2007,2007-02-28,"Galaxias platei",82,"Trapping, Bottom gillnet L","Alta","Cristian Correa","(Correa et al. 2012)","CC BY-NC 4.0","Cristián Correa, orcid.org/0000-0002-8608-6858","not-for-profit use only","Correa, Cristián, Maryse Boisjoly (2023) Base de datos empírica de peces de Chile. Valdivia, Chile.","Fish Database Correa-Boisjoly","Ocurrence"
"Laguna Alta",-45.534734,-72.708574,2007,2007-03-01,"Galaxias maculatus",106,"Trapping, Electric fishing","Alta","Cristian Correa","","CC BY-NC 4.0","Cristián Correa, orcid.org/0000-0002-8608-6858","not-for-profit use only","Correa, Cristián, Maryse Boisjoly (2023) Base de datos empírica de peces de Chile. Valdivia, Chile.","Fish Database Correa-Boisjoly","Ocurrence"
"Laguna Alta",-45.534734,-72.708574,2007,2007-03-01,"Galaxias platei",11,"Electric fishing, Trapping","Alta","Cristian Correa","","CC BY-NC 4.0","Cristián Correa, orcid.org/0000-0002-8608-6858","not-for-profit use only","Correa, Cristián, Maryse Boisjoly (2023) Base de datos empírica de peces de Chile. Valdivia, Chile.","Fish Database Correa-Boisjoly","Ocurrence"
"Laguna Alta",-45.534734,-72.708574,2009,2009-04-05,"Galaxias maculatus",44,"Electric fishing, Trapping","Alta","Cristian Correa","(Correa et al. 2012)","CC BY-NC 4.0","Cristián Correa, orcid.org/0000-0002-8608-6858","not-for-profit use only","Correa, Cristián, Maryse Boisjoly (2023) Base de datos empírica de peces de Chile. Valdivia, Chile.","Fish Database Correa-Boisjoly","Ocurrence"
"Laguna Alta",-45.534734,-72.708574,2009,2009-04-05,"Galaxias platei",8,"Bottom gillnet S, Bottom gillnet L, Trapping","Alta","Cristian Correa","(Correa et al. 2012)","CC BY-NC 4.0","Cristián Correa, orcid.org/0000-0002-8608-6858","not-for-profit use only","Correa, Cristián, Maryse Boisjoly (2023) Base de datos empírica de peces de Chile. Valdivia, Chile.","Fish Database Correa-Boisjoly","Ocurrence"
"Laguna Azul",-50.903076,-72.81536,2015,2015-03-24,"Aplochiton zebra",1,"Electric fishing","Laguna Azul","Maryse Boisjoly, Jonathan Poblete","","CC BY-NC 4.0","Cristián Correa, orcid.org/0000-0002-8608-6858","not-for-profit use only","Correa, Cristián, Maryse Boisjoly (2023) Base de datos empírica de peces de Chile. Valdivia, Chile.","Fish Database Correa-Boisjoly","Ocurrence"
"Laguna Azul",-50.90140298,-72.81336201,2015,2015-03-24,"Galaxias platei",7,"Mist Net","Laguna Azul","Cristian Correa","","CC BY-NC 4.0","Cristián Correa, orcid.org/0000-0002-8608-6858","not-for-profit use only","Correa, Cristián, Maryse Boisjoly (2023) Base de datos empírica de peces de Chile. Valdivia, Chile.","Fish Database Correa-Boisjoly","Ocurrence"
"Laguna Azul",-50.900802,-72.81197196,2015,2015-03-24,"Galaxias platei",3,"Gill Net Aplochitonera","Laguna Azul","Cristian Correa","","CC BY-NC 4.0","Cristián Correa, orcid.org/0000-0002-8608-6858","not-for-profit use only","Correa, Cristián, Maryse Boisjoly (2023) Base de datos empírica de peces de Chile. Valdivia, Chile.","Fish Database Correa-Boisjoly","Ocurrence"
"Laguna Azul",-50.90023597,-72.81047101,2015,2015-03-24,"Galaxias platei",2,"Gill Net Experimental","Laguna Azul","Cristian Correa","","CC BY-NC 4.0","Cristián Correa, orcid.org/0000-0002-8608-6858","not-for-profit use only","Correa, Cristián, Maryse Boisjoly (2023) Base de datos empírica de peces de Chile. Valdivia, Chile.","Fish Database Correa-Boisjoly","Ocurrence"
"Laguna Azul",-50.90002801,-72.81307996,2015,2015-03-24,"Galaxias platei",2,"Gill Net Experimental","Laguna Azul","Cristian Correa","","CC BY-NC 4.0","Cristián Correa, orcid.org/0000-0002-8608-6858","not-for-profit use only","Correa, Cristián, Maryse Boisjoly (2023) Base de datos empírica de peces de Chile. Valdivia, Chile.","Fish Database Correa-Boisjoly","Ocurrence"
"Laguna Azul",-50.87411896,-72.73654397,2015,2015-03-22,"Aplochiton zebra",39,"Seine net","Laguna Azul","Maryse Boisjoly, Jonathan Poblete","","CC BY-NC 4.0","Cristián Correa, orcid.org/0000-0002-8608-6858","not-for-profit use only","Correa, Cristián, Maryse Boisjoly (2023) Base de datos empírica de peces de Chile. Valdivia, Chile.","Fish Database Correa-Boisjoly","Ocurrence"
"Laguna Azul",-50.87411896,-72.73654397,2015,2015-03-22,"Galaxias platei",5,"Mist Net","Laguna Azul","Jonathan Poblete, Cristian Correa","","CC BY-NC 4.0","Cristián Correa, orcid.org/0000-0002-8608-6858","not-for-profit use only","Correa, Cristián, Maryse Boisjoly (2023) Base de datos empírica de peces de Chile. Valdivia, Chile.","Fish Database Correa-Boisjoly","Ocurrence"
"Laguna Azul",-50.8740759,-72.738465,2015,2015-03-21,"Galaxias platei",2,"Minnow Trap","Laguna Azul","Maryse Boisjoly","","CC BY-NC 4.0","Cristián Correa, orcid.org/0000-0002-8608-6858","not-for-profit use only","Correa, Cristián, Maryse Boisjoly (2023) Base de datos empírica de peces de Chile. Valdivia, Chile.","Fish Database Correa-Boisjoly","Ocurrence"
"Laguna Azul",-50.87387396,-72.73845999,2015,2015-03-22,"Galaxias platei",2,"Gill Net Experimental","Laguna Azul","Jonathan Poblete","","CC BY-NC 4.0","Cristián Correa, orcid.org/0000-0002-8608-6858","not-for-profit use only","Correa, Cristián, Maryse Boisjoly (2023) Base de datos empírica de peces de Chile. Valdivia, Chile.","Fish Database Correa-Boisjoly","Ocurrence"
"Laguna Brava",-45.099678,-71.82723,2009,2009-01-20,"Salmo trutta",37,"Bottom gillnet S, Bottom gillnet L","Brava","Cristian Correa","(Correa et al. 2012)","CC BY-NC 4.0","Cristián Correa, orcid.org/0000-0002-8608-6858","not-for-profit use only","Correa, Cristián, Maryse Boisjoly (2023) Base de datos empírica de peces de Chile. Valdivia, Chile.","Fish Database Correa-Boisjoly","Ocurrence"
"Laguna Brava",-45.099678,-71.82723,2009,2009-01-21,"Salmo trutta",39,"Electric fishing","Brava","Cristian Correa","","CC BY-NC 4.0","Cristián Correa, orcid.org/0000-0002-8608-6858","not-for-profit use only","Correa, Cristián, Maryse Boisjoly (2023) Base de datos empírica de peces de Chile. Valdivia, Chile.","Fish Database Correa-Boisjoly","Ocurrence"
"Laguna Cea",-45.674374,-72.237782,2007,2007-03-05,"Galaxias platei",6,"Electric fishing","Cea","Cristian Correa","","CC BY-NC 4.0","Cristián Correa, orcid.org/0000-0002-8608-6858","not-for-profit use only","Correa, Cristián, Maryse Boisjoly (2023) Base de datos empírica de peces de Chile. Valdivia, Chile.","Fish Database Correa-Boisjoly","Ocurrence"
"Laguna Cea",-45.674374,-72.237782,2007,2007-03-05,"Salmo trutta",53,"Electric fishing","Cea","Cristian Correa","(Correa et al. 2012)","CC BY-NC 4.0","Cristián Correa, orcid.org/0000-0002-8608-6858","not-for-profit use only","Correa, Cristián, Maryse Boisjoly (2023) Base de datos empírica de peces de Chile. Valdivia, Chile.","Fish Database Correa-Boisjoly","Ocurrence"
"Laguna Cea",-45.674374,-72.237782,2007,2007-03-06,"Galaxias platei",8,"Trapping","Cea","Cristian Correa","","CC BY-NC 4.0","Cristián Correa, orcid.org/0000-0002-8608-6858","not-for-profit use only","Correa, Cristián, Maryse Boisjoly (2023) Base de datos empírica de peces de Chile. Valdivia, Chile.","Fish Database Correa-Boisjoly","Ocurrence"
"Laguna Cea",-45.674374,-72.237782,2007,2007-03-10,"Galaxias platei",9,"Trapping","Cea","Cristian Correa","","CC BY-NC 4.0","Cristián Correa, orcid.org/0000-0002-8608-6858","not-for-profit use only","Correa, Cristián, Maryse Boisjoly (2023) Base de datos empírica de peces de Chile. Valdivia, Chile.","Fish Database Correa-Boisjoly","Ocurrence"
"Laguna Cea",-45.674374,-72.237782,2007,2007-03-10,"Salmo trutta",13,"Bottom gillnet L, Bottom gillnet S","Cea","Cristian Correa","(Correa et al. 2012)","CC BY-NC 4.0","Cristián Correa, orcid.org/0000-0002-8608-6858","not-for-profit use only","Correa, Cristián, Maryse Boisjoly (2023) Base de datos empírica de peces de Chile. Valdivia, Chile.","Fish Database Correa-Boisjoly","Ocurrence"
"Laguna Cea",-45.674374,-72.237782,2009,2009-03-25,"Galaxias platei",28,"Electric fishing","Cea","Cristian Correa","(Correa et al. 2012)","CC BY-NC 4.0","Cristián Correa, orcid.org/0000-0002-8608-6858","not-for-profit use only","Correa, Cristián, Maryse Boisjoly (2023) Base de datos empírica de peces de Chile. Valdivia, Chile.","Fish Database Correa-Boisjoly","Ocurrence"
"Laguna Cea",-45.674374,-72.237782,2009,2009-03-25,"Salmo trutta",5,"Electric fishing","Cea","Cristian Correa","","CC BY-NC 4.0","Cristián Correa, orcid.org/0000-0002-8608-6858","not-for-profit use only","Correa, Cristián, Maryse Boisjoly (2023) Base de datos empírica de peces de Chile. Valdivia, Chile.","Fish Database Correa-Boisjoly","Ocurrence"
"Laguna Encantado",-53.87066804,-70.15209904,2015,2015-02-17,"Galaxias maculatus",60,"Electric fishing","Laguna Encantado","Cristian Correa","","CC BY-NC 4.0","Cristián Correa, orcid.org/0000-0002-8608-6858","not-for-profit use only","Correa, Cristián, Maryse Boisjoly (2023) Base de datos empírica de peces de Chile. Valdivia, Chile.","Fish Database Correa-Boisjoly","Ocurrence"
"Laguna Encantado",-53.87041398,-70.15078501,2015,2015-02-17,"Galaxias maculatus",11,"Electric fishing","Laguna Encantado","Cristian Correa","","CC BY-NC 4.0","Cristián Correa, orcid.org/0000-0002-8608-6858","not-for-profit use only","Correa, Cristián, Maryse Boisjoly (2023) Base de datos empírica de peces de Chile. Valdivia, Chile.","Fish Database Correa-Boisjoly","Ocurrence"
"Laguna Escondida",-45.532393,-71.825923,2007,2007-02-07,"Galaxias platei",19,"Trapping, Bottom gillnet S, Bottom gillnet L","Escondida","Cristian Correa","(Correa et al. 2012)","CC BY-NC 4.0","Cristián Correa, orcid.org/0000-0002-8608-6858","not-for-profit use only","Correa, Cristián, Maryse Boisjoly (2023) Base de datos empírica de peces de Chile. Valdivia, Chile.","Fish Database Correa-Boisjoly","Ocurrence"
"Laguna Escondida",-45.532393,-71.825923,2007,2007-04-12,"Galaxias platei",14,"Electric fishing","Escondida","Cristian Correa","","CC BY-NC 4.0","Cristián Correa, orcid.org/0000-0002-8608-6858","not-for-profit use only","Correa, Cristián, Maryse Boisjoly (2023) Base de datos empírica de peces de Chile. Valdivia, Chile.","Fish Database Correa-Boisjoly","Ocurrence"
"Laguna Esmeralda",-47.316361,-72.595744,2007,2007-04-02,"Odontesthes hatcheri",11,"Bottom gillnet S","Esmeralda","Cristian Correa","","CC BY-NC 4.0","Cristián Correa, orcid.org/0000-0002-8608-6858","not-for-profit use only","Correa, Cristián, Maryse Boisjoly (2023) Base de datos empírica de peces de Chile. Valdivia, Chile.","Fish Database Correa-Boisjoly","Ocurrence"
"Laguna Esmeralda",-47.316361,-72.595744,2007,2007-04-02,"Oncorhynchus mykiss",3,"Bottom gillnet S","Esmeralda","Cristian Correa","","CC BY-NC 4.0","Cristián Correa, orcid.org/0000-0002-8608-6858","not-for-profit use only","Correa, Cristián, Maryse Boisjoly (2023) Base de datos empírica de peces de Chile. Valdivia, Chile.","Fish Database Correa-Boisjoly","Ocurrence"
"Laguna Esmeralda",-47.316361,-72.595744,2007,2007-04-02,"Percichthys trucha",29,"Bottom gillnet S","Esmeralda","Cristian Correa","","CC BY-NC 4.0","Cristián Correa, orcid.org/0000-0002-8608-6858","not-for-profit use only","Correa, Cristián, Maryse Boisjoly (2023) Base de datos empírica de peces de Chile. Valdivia, Chile.","Fish Database Correa-Boisjoly","Ocurrence"
"Laguna Esmeralda",-47.316361,-72.595744,2007,2007-04-03,"Galaxias platei",129,"Electric fishing, Seine net","Esmeralda","Cristian Correa","","CC BY-NC 4.0","Cristián Correa, orcid.org/0000-0002-8608-6858","not-for-profit use only","Correa, Cristián, Maryse Boisjoly (2023) Base de datos empírica de peces de Chile. Valdivia, Chile.","Fish Database Correa-Boisjoly","Ocurrence"
"Laguna Esmeralda",-47.316361,-72.595744,2007,2007-04-03,"Odontesthes hatcheri",2,"Seine net","Esmeralda","Cristian Correa","","CC BY-NC 4.0","Cristián Correa, orcid.org/0000-0002-8608-6858","not-for-profit use only","Correa, Cristián, Maryse Boisjoly (2023) Base de datos empírica de peces de Chile. Valdivia, Chile.","Fish Database Correa-Boisjoly","Ocurrence"
"Laguna Esmeralda",-47.316361,-72.595744,2007,2007-04-03,"Oncorhynchus mykiss",1,"Electric fishing","Esmeralda","Cristian Correa","","CC BY-NC 4.0","Cristián Correa, orcid.org/0000-0002-8608-6858","not-for-profit use only","Correa, Cristián, Maryse Boisjoly (2023) Base de datos empírica de peces de Chile. Valdivia, Chile.","Fish Database Correa-Boisjoly","Ocurrence"
"Laguna Esmeralda",-47.316361,-72.595744,2007,2007-04-03,"Percichthys trucha",1,"Electric fishing","Esmeralda","Cristian Correa","","CC BY-NC 4.0","Cristián Correa, orcid.org/0000-0002-8608-6858","not-for-profit use only","Correa, Cristián, Maryse Boisjoly (2023) Base de datos empírica de peces de Chile. Valdivia, Chile.","Fish Database Correa-Boisjoly","Ocurrence"
"Laguna Gemela",-45.546267,-71.816242,2009,2009-02-25,"Galaxias platei",28,"Trapping","Gemela","Cristian Correa","(Correa et al. 2012)","CC BY-NC 4.0","Cristián Correa, orcid.org/0000-0002-8608-6858","not-for-profit use only","Correa, Cristián, Maryse Boisjoly (2023) Base de datos empírica de peces de Chile. Valdivia, Chile.","Fish Database Correa-Boisjoly","Ocurrence"
"Laguna Gemela",-45.546267,-71.816242,2009,2009-03-03,"Galaxias platei",35,"Electric fishing, Seine net","Gemela","Cristian Correa","(Correa et al. 2012)","CC BY-NC 4.0","Cristián Correa, orcid.org/0000-0002-8608-6858","not-for-profit use only","Correa, Cristián, Maryse Boisjoly (2023) Base de datos empírica de peces de Chile. Valdivia, Chile.","Fish Database Correa-Boisjoly","Ocurrence"
"Laguna Gemela",-45.546267,-71.816242,2009,2009-03-04,"Galaxias platei",9,"Dip net","Gemela","Cristian Correa","","CC BY-NC 4.0","Cristián Correa, orcid.org/0000-0002-8608-6858","not-for-profit use only","Correa, Cristián, Maryse Boisjoly (2023) Base de datos empírica de peces de Chile. Valdivia, Chile.","Fish Database Correa-Boisjoly","Ocurrence"
"Laguna Juncos",-45.630398,-71.847436,2007,2007-02-02,"Galaxias platei",11,"Bottom gillnet S, Trapping","Juncos","Cristian Correa","(Correa et al. 2012)","CC BY-NC 4.0","Cristián Correa, orcid.org/0000-0002-8608-6858","not-for-profit use only","Correa, Cristián, Maryse Boisjoly (2023) Base de datos empírica de peces de Chile. Valdivia, Chile.","Fish Database Correa-Boisjoly","Ocurrence"
"Laguna Juncos",-45.630398,-71.847436,2007,2007-02-03,"Galaxias platei",2,"Trapping","Juncos","Cristian Correa","","CC BY-NC 4.0","Cristián Correa, orcid.org/0000-0002-8608-6858","not-for-profit use only","Correa, Cristián, Maryse Boisjoly (2023) Base de datos empírica de peces de Chile. Valdivia, Chile.","Fish Database Correa-Boisjoly","Ocurrence"
"Laguna Juncos",-45.630398,-71.847436,2007,2007-04-09,"Galaxias platei",3,"Electric fishing","Juncos","Cristian Correa","","CC BY-NC 4.0","Cristián Correa, orcid.org/0000-0002-8608-6858","not-for-profit use only","Correa, Cristián, Maryse Boisjoly (2023) Base de datos empírica de peces de Chile. Valdivia, Chile.","Fish Database Correa-Boisjoly","Ocurrence"
"Laguna Juncos",-45.630398,-71.847436,2009,2009-04-01,"Galaxias platei",24,"Electric fishing","Juncos","Cristian Correa","(Correa et al. 2012)","CC BY-NC 4.0","Cristián Correa, orcid.org/0000-0002-8608-6858","not-for-profit use only","Correa, Cristián, Maryse Boisjoly (2023) Base de datos empírica de peces de Chile. Valdivia, Chile.","Fish Database Correa-Boisjoly","Ocurrence"
"Laguna Monreal1",-45.63368,-71.868385,2007,2007-02-04,"Galaxias platei",27,"Trapping, Bottom gillnet S","Monreal1","Cristian Correa","(Correa et al. 2012)","CC BY-NC 4.0","Cristián Correa, orcid.org/0000-0002-8608-6858","not-for-profit use only","Correa, Cristián, Maryse Boisjoly (2023) Base de datos empírica de peces de Chile. Valdivia, Chile.","Fish Database Correa-Boisjoly","Ocurrence"
"Laguna Monreal1",-45.63368,-71.868385,2007,2007-02-05,"Galaxias platei",5,"NA","Monreal1","Cristian Correa","","CC BY-NC 4.0","Cristián Correa, orcid.org/0000-0002-8608-6858","not-for-profit use only","Correa, Cristián, Maryse Boisjoly (2023) Base de datos empírica de peces de Chile. Valdivia, Chile.","Fish Database Correa-Boisjoly","Ocurrence"
"Laguna Monreal1",-45.63368,-71.868385,2007,2007-04-10,"Galaxias platei",31,"Electric fishing","Monreal1","Cristian Correa","","CC BY-NC 4.0","Cristián Correa, orcid.org/0000-0002-8608-6858","not-for-profit use only","Correa, Cristián, Maryse Boisjoly (2023) Base de datos empírica de peces de Chile. Valdivia, Chile.","Fish Database Correa-Boisjoly","Ocurrence"
"Laguna Monreal2",-45.872521,-72.020888,2009,2009-03-08,"Galaxias platei",3,"Bottom gillnet S, Bottom gillnet L, Trapping","Monreal2","Cristian Correa","(Correa et al. 2012)","CC BY-NC 4.0","Cristián Correa, orcid.org/0000-0002-8608-6858","not-for-profit use only","Correa, Cristián, Maryse Boisjoly (2023) Base de datos empírica de peces de Chile. Valdivia, Chile.","Fish Database Correa-Boisjoly","Ocurrence"
"Laguna Monreal2",-45.872521,-72.020888,2009,2009-03-08,"Oncorhynchus mykiss",7,"Bottom gillnet S, Trapping","Monreal2","Cristian Correa","(Correa et al. 2012)","CC BY-NC 4.0","Cristián Correa, orcid.org/0000-0002-8608-6858","not-for-profit use only","Correa, Cristián, Maryse Boisjoly (2023) Base de datos empírica de peces de Chile. Valdivia, Chile.","Fish Database Correa-Boisjoly","Ocurrence"
"Laguna Monreal2",-45.872521,-72.020888,2009,2009-03-08,"Salmo trutta",16,"Bottom gillnet S","Monreal2","Cristian Correa","(Correa et al. 2012)","CC BY-NC 4.0","Cristián Correa, orcid.org/0000-0002-8608-6858","not-for-profit use only","Correa, Cristián, Maryse Boisjoly (2023) Base de datos empírica de peces de Chile. Valdivia, Chile.","Fish Database Correa-Boisjoly","Ocurrence"
"Laguna Monreal2",-45.872521,-72.020888,2009,2009-03-10,"Oncorhynchus mykiss",34,"Electric fishing","Monreal2","Cristian Correa","(Correa et al. 2012)","CC BY-NC 4.0","Cristián Correa, orcid.org/0000-0002-8608-6858","not-for-profit use only","Correa, Cristián, Maryse Boisjoly (2023) Base de datos empírica de peces de Chile. Valdivia, Chile.","Fish Database Correa-Boisjoly","Ocurrence"
"Laguna Monreal2",-45.872521,-72.020888,2009,2009-03-10,"Salmo trutta",18,"Electric fishing","Monreal2","Cristian Correa","(Correa et al. 2012)","CC BY-NC 4.0","Cristián Correa, orcid.org/0000-0002-8608-6858","not-for-profit use only","Correa, Cristián, Maryse Boisjoly (2023) Base de datos empírica de peces de Chile. Valdivia, Chile.","Fish Database Correa-Boisjoly","Ocurrence"
"Laguna Monreal2",-45.872521,-72.020888,2009,2009-03-11,"Galaxias platei",24,"Seine net, Electric fishing","Monreal2","Cristian Correa","(Correa et al. 2012)","CC BY-NC 4.0","Cristián Correa, orcid.org/0000-0002-8608-6858","not-for-profit use only","Correa, Cristián, Maryse Boisjoly (2023) Base de datos empírica de peces de Chile. Valdivia, Chile.","Fish Database Correa-Boisjoly","Ocurrence"
"Laguna Monreal2",-45.872521,-72.020888,2009,2009-03-11,"Salmo trutta",2,"Bottom gillnet S (tip), Seine net","Monreal2","Cristian Correa","(Correa et al. 2012)","CC BY-NC 4.0","Cristián Correa, orcid.org/0000-0002-8608-6858","not-for-profit use only","Correa, Cristián, Maryse Boisjoly (2023) Base de datos empírica de peces de Chile. Valdivia, Chile.","Fish Database Correa-Boisjoly","Ocurrence"
"Laguna Nodales",-53.869721,-71.188261,2020,2020-03-06,"Galaxias maculatus",135,"Seine net","Rio Nodales","Cristian Correa, Benjamin Caceres","","CC BY-NC 4.0","Cristián Correa, orcid.org/0000-0002-8608-6858","not-for-profit use only","Correa, Cristián, Maryse Boisjoly (2023) Base de datos empírica de peces de Chile. Valdivia, Chile.","Fish Database Correa-Boisjoly","Ocurrence"
"Laguna Oscura",-53.96341396,-70.06615201,2015,2015-02-14,"Galaxias maculatus",179,"Minnow Trap","Laguna Feliz (Oscura)","Cristian Correa, Maryse Boisjoly","","CC BY-NC 4.0","Cristián Correa, orcid.org/0000-0002-8608-6858","not-for-profit use only","Correa, Cristián, Maryse Boisjoly (2023) Base de datos empírica de peces de Chile. Valdivia, Chile.","Fish Database Correa-Boisjoly","Ocurrence"
"Laguna Oscura",-53.96283997,-70.06674796,2015,2015-02-14,"Galaxias maculatus",42,"Minnow Trap","Laguna Feliz (Oscura)","Cristian Correa, Maryse Boisjoly","","CC BY-NC 4.0","Cristián Correa, orcid.org/0000-0002-8608-6858","not-for-profit use only","Correa, Cristián, Maryse Boisjoly (2023) Base de datos empírica de peces de Chile. Valdivia, Chile.","Fish Database Correa-Boisjoly","Ocurrence"
"Laguna Oscura",-53.96282103,-70.06645602,2015,2015-02-14,"Galaxias maculatus",15,"Minnow Trap","Laguna Feliz (Oscura)","Cristian Correa, Maryse Boisjoly","","CC BY-NC 4.0","Cristián Correa, orcid.org/0000-0002-8608-6858","not-for-profit use only","Correa, Cristián, Maryse Boisjoly (2023) Base de datos empírica de peces de Chile. Valdivia, Chile.","Fish Database Correa-Boisjoly","Ocurrence"
"Laguna Quijada",-45.714497,-71.908777,2009,2009-01-24,"Galaxias platei",7,"Bottom gillnet L","Quijada","Cristian Correa","(Correa et al. 2012)","CC BY-NC 4.0","Cristián Correa, orcid.org/0000-0002-8608-6858","not-for-profit use only","Correa, Cristián, Maryse Boisjoly (2023) Base de datos empírica de peces de Chile. Valdivia, Chile.","Fish Database Correa-Boisjoly","Ocurrence"
"Laguna Quijada",-45.714497,-71.908777,2009,2009-01-24,"Salmo trutta",2,"Bottom gillnet L","Quijada","Cristian Correa","(Correa et al. 2012)","CC BY-NC 4.0","Cristián Correa, orcid.org/0000-0002-8608-6858","not-for-profit use only","Correa, Cristián, Maryse Boisjoly (2023) Base de datos empírica de peces de Chile. Valdivia, Chile.","Fish Database Correa-Boisjoly","Ocurrence"
"Laguna Quijada",-45.714497,-71.908777,2009,2009-01-25,"Galaxias platei",16,"Trapping","Quijada","Cristian Correa","(Correa et al. 2012)","CC BY-NC 4.0","Cristián Correa, orcid.org/0000-0002-8608-6858","not-for-profit use only","Correa, Cristián, Maryse Boisjoly (2023) Base de datos empírica de peces de Chile. Valdivia, Chile.","Fish Database Correa-Boisjoly","Ocurrence"
"Laguna Quijada",-45.714497,-71.908777,2009,2009-01-26,"Galaxias platei",22,"Electric fishing","Quijada","Cristian Correa","","CC BY-NC 4.0","Cristián Correa, orcid.org/0000-0002-8608-6858","not-for-profit use only","Correa, Cristián, Maryse Boisjoly (2023) Base de datos empírica de peces de Chile. Valdivia, Chile.","Fish Database Correa-Boisjoly","Ocurrence"
"Laguna Quijada",-45.714497,-71.908777,2009,2009-04-26,"Galaxias platei",68,"Dip net","Quijada","Cristian Correa","","CC BY-NC 4.0","Cristián Correa, orcid.org/0000-0002-8608-6858","not-for-profit use only","Correa, Cristián, Maryse Boisjoly (2023) Base de datos empírica de peces de Chile. Valdivia, Chile.","Fish Database Correa-Boisjoly","Ocurrence"
"Laguna San Nicolas",-53.815614,-71.093611,2020,2020-03-07,"Galaxias platei",60,"Fyke net, Gill Net","Laguna San Nicolas SN","Cristian Correa, Benjamin Caceres, Cristian Correa, Benjamin Caceres","","CC BY-NC 4.0","Cristián Correa, orcid.org/0000-0002-8608-6858","not-for-profit use only","Correa, Cristián, Maryse Boisjoly (2023) Base de datos empírica de peces de Chile. Valdivia, Chile.","Fish Database Correa-Boisjoly","Ocurrence"
"Laguna San Nicolas",-53.815614,-71.093611,2020,2020-03-08,"Galaxias platei",12,"Seine net","Laguna San Nicolas SN","Cristian Correa, Benjamin Caceres","","CC BY-NC 4.0","Cristián Correa, orcid.org/0000-0002-8608-6858","not-for-profit use only","Correa, Cristián, Maryse Boisjoly (2023) Base de datos empírica de peces de Chile. Valdivia, Chile.","Fish Database Correa-Boisjoly","Ocurrence"
"Laguna Sepulveda",-46.244304,-71.966764,2009,2009-02-04,"Galaxias platei",90,"Bottom gillnet S, Trapping","Sepulveda","Cristian Correa","(Correa et al. 2012)","CC BY-NC 4.0","Cristián Correa, orcid.org/0000-0002-8608-6858","not-for-profit use only","Correa, Cristián, Maryse Boisjoly (2023) Base de datos empírica de peces de Chile. Valdivia, Chile.","Fish Database Correa-Boisjoly","Ocurrence"
"Laguna Sepulveda",-46.244304,-71.966764,2009,2009-02-06,"Galaxias platei",49,"Seine net, Electric fishing","Sepulveda","Cristian Correa","(Correa et al. 2012)","CC BY-NC 4.0","Cristián Correa, orcid.org/0000-0002-8608-6858","not-for-profit use only","Correa, Cristián, Maryse Boisjoly (2023) Base de datos empírica de peces de Chile. Valdivia, Chile.","Fish Database Correa-Boisjoly","Ocurrence"
"Laguna Verde",-51.12430704,-72.835565,2015,2015-03-27,"Galaxias platei",21,"Electric fishing","Laguna Verde","Cristian Correa","","CC BY-NC 4.0","Cristián Correa, orcid.org/0000-0002-8608-6858","not-for-profit use only","Correa, Cristián, Maryse Boisjoly (2023) Base de datos empírica de peces de Chile. Valdivia, Chile.","Fish Database Correa-Boisjoly","Ocurrence"
"Laguna Verde",-51.12411702,-72.83344598,2015,2015-03-27,"Galaxias platei",4,"Mist Net","Laguna Verde","Cristian Correa","","CC BY-NC 4.0","Cristián Correa, orcid.org/0000-0002-8608-6858","not-for-profit use only","Correa, Cristián, Maryse Boisjoly (2023) Base de datos empírica de peces de Chile. Valdivia, Chile.","Fish Database Correa-Boisjoly","Ocurrence"
"Laguna Verde",-51.12385903,-72.832256,2015,2015-03-27,"Galaxias platei",5,"Mist Net","Laguna Verde","Cristian Correa","","CC BY-NC 4.0","Cristián Correa, orcid.org/0000-0002-8608-6858","not-for-profit use only","Correa, Cristián, Maryse Boisjoly (2023) Base de datos empírica de peces de Chile. Valdivia, Chile.","Fish Database Correa-Boisjoly","Ocurrence"
"Laguna Verde",-51.12382097,-72.83102796,2015,2015-03-27,"Galaxias platei",2,"Electric fishing","Laguna Verde","Cristian Correa","","CC BY-NC 4.0","Cristián Correa, orcid.org/0000-0002-8608-6858","not-for-profit use only","Correa, Cristián, Maryse Boisjoly (2023) Base de datos empírica de peces de Chile. Valdivia, Chile.","Fish Database Correa-Boisjoly","Ocurrence"
"Laguna Verde",-51.12376498,-72.82832799,2015,2015-03-26,"Galaxias platei",3,"Mist Net, Hand Collected","Laguna Verde","Cristian Correa, Maryse Boisjoly, Cristian Correa","","CC BY-NC 4.0","Cristián Correa, orcid.org/0000-0002-8608-6858","not-for-profit use only","Correa, Cristián, Maryse Boisjoly (2023) Base de datos empírica de peces de Chile. Valdivia, Chile.","Fish Database Correa-Boisjoly","Ocurrence"
"Laguna Verde",-51.12015297,-72.82609002,2015,2015-03-26,"Galaxias platei",1,"Seine net","Laguna Verde","Cristian Correa","","CC BY-NC 4.0","Cristián Correa, orcid.org/0000-0002-8608-6858","not-for-profit use only","Correa, Cristián, Maryse Boisjoly (2023) Base de datos empírica de peces de Chile. Valdivia, Chile.","Fish Database Correa-Boisjoly","Ocurrence"
"Los Patos (Petrohue)",-41.17882797,-72.45939198,2014,2014-04-29,"Oncorhynchus tshawytscha",10,"Hand Collected","Los Patos (Petrohue)","Cristian Correa, Maryse Boisjoly","","CC BY-NC 4.0","Cristián Correa, orcid.org/0000-0002-8608-6858","not-for-profit use only","Correa, Cristián, Maryse Boisjoly (2023) Base de datos empírica de peces de Chile. Valdivia, Chile.","Fish Database Correa-Boisjoly","Ocurrence"
"Los Patos (Petrohue)",-41.17882797,-72.45939198,2014,2014-04-30,"Oncorhynchus tshawytscha",21,"Hook","Los Patos (Petrohue)","Cristian Correa, Maryse Boisjoly","","CC BY-NC 4.0","Cristián Correa, orcid.org/0000-0002-8608-6858","not-for-profit use only","Correa, Cristián, Maryse Boisjoly (2023) Base de datos empírica de peces de Chile. Valdivia, Chile.","Fish Database Correa-Boisjoly","Ocurrence"
"Los Patos (Petrohue)",-41.178694,-72.459111,2004,2004-04-10,"Oncorhynchus tshawytscha",18,"Gillnet","Los Patos (Petrohue)","Cristian Correa","(Correa and Moran 2017) | (Narum et al. 2017)","CC BY-NC 4.0","Cristián Correa, orcid.org/0000-0002-8608-6858","not-for-profit use only","Correa, Cristián, Maryse Boisjoly (2023) Base de datos empírica de peces de Chile. Valdivia, Chile.","Fish Database Correa-Boisjoly","Ocurrence"
"Los Patos (Petrohue)",-41.178694,-72.459111,2004,2004-04-13,"Oncorhynchus tshawytscha",21,"Hooks/Poaching","Los Patos (Petrohue)","Cristian Correa","(Correa and Moran 2017)","CC BY-NC 4.0","Cristián Correa, orcid.org/0000-0002-8608-6858","not-for-profit use only","Correa, Cristián, Maryse Boisjoly (2023) Base de datos empírica de peces de Chile. Valdivia, Chile.","Fish Database Correa-Boisjoly","Ocurrence"
"Pto. Puyuhuapi",-44.326186,-72.55547,2007,2007-01-24,"Galaxias maculatus",32,"Dip net","Pto. Puyuhuapi","Cristian Correa","","CC BY-NC 4.0","Cristián Correa, orcid.org/0000-0002-8608-6858","not-for-profit use only","Correa, Cristián, Maryse Boisjoly (2023) Base de datos empírica de peces de Chile. Valdivia, Chile.","Fish Database Correa-Boisjoly","Ocurrence"
"Puente Astillero",-42.39841701,-73.67413402,2017,2017-03-01,"Aplochiton zebra",22,"Casting Net","Astillero","Cristian Correa, Maryse Boisjoly","","CC BY-NC 4.0","Cristián Correa, orcid.org/0000-0002-8608-6858","not-for-profit use only","Correa, Cristián, Maryse Boisjoly (2023) Base de datos empírica de peces de Chile. Valdivia, Chile.","Fish Database Correa-Boisjoly","Ocurrence"
"Puente Hueñocoihue",-42.37926504,-73.67461497,2017,2017-03-01,"Aplochiton zebra",36,"Casting Net","Hueñocoihue","Cristian Correa, Maryse Boisjoly","","CC BY-NC 4.0","Cristián Correa, orcid.org/0000-0002-8608-6858","not-for-profit use only","Correa, Cristián, Maryse Boisjoly (2023) Base de datos empírica de peces de Chile. Valdivia, Chile.","Fish Database Correa-Boisjoly","Ocurrence"
"Puente Hueñocoihue",-42.37926504,-73.67461497,2017,2017-03-01,"Oncorhynchus mykiss",19,"Casting Net","Hueñocoihue","Cristian Correa, Maryse Boisjoly","","CC BY-NC 4.0","Cristián Correa, orcid.org/0000-0002-8608-6858","not-for-profit use only","Correa, Cristián, Maryse Boisjoly (2023) Base de datos empírica de peces de Chile. Valdivia, Chile.","Fish Database Correa-Boisjoly","Ocurrence"
"Punta Entrada, Río Exploradores",-46.29584399,-73.53409102,2014,2014-03-23,"Eleginops maclovinus",17,"Gill Net Aplochitonera 3mX10m","Punta Entrada","Cristian Correa, Maryse Boisjoly","","CC BY-NC 4.0","Cristián Correa, orcid.org/0000-0002-8608-6858","not-for-profit use only","Correa, Cristián, Maryse Boisjoly (2023) Base de datos empírica de peces de Chile. Valdivia, Chile.","Fish Database Correa-Boisjoly","Ocurrence"
"Punta Entrada, Río Exploradores",-46.29584399,-73.53409102,2014,2014-03-23,"Odontesthes regia",5,"Gill Net Aplochitonera 3mX10m","Punta Entrada","Cristian Correa, Maryse Boisjoly","","CC BY-NC 4.0","Cristián Correa, orcid.org/0000-0002-8608-6858","not-for-profit use only","Correa, Cristián, Maryse Boisjoly (2023) Base de datos empírica de peces de Chile. Valdivia, Chile.","Fish Database Correa-Boisjoly","Ocurrence"
"Punta Entrada, Río Exploradores",-46.29584399,-73.53409102,2014,2014-03-23,"Patagonotothen sp",2,"Gill Net Aplochitonera 3mX10m","Punta Entrada","Cristian Correa, Maryse Boisjoly","","CC BY-NC 4.0","Cristián Correa, orcid.org/0000-0002-8608-6858","not-for-profit use only","Correa, Cristián, Maryse Boisjoly (2023) Base de datos empírica de peces de Chile. Valdivia, Chile.","Fish Database Correa-Boisjoly","Ocurrence"
"Rio Espolón",-43.204535,-71.912228,2023,2023-11-12,"Oncorhynchus mykiss",3,"Electric fishing","Rio Futaleufu","CC BD","","CC BY-NC 4.0","Cristián Correa, orcid.org/0000-0002-8608-6858","not-for-profit use only","Correa, Cristián, Maryse Boisjoly (2023) Base de datos empírica de peces de Chile. Valdivia, Chile.","Fish Database Correa-Boisjoly","Ocurrence"
"Rio Espolón",-43.204535,-71.912228,2023,2023-11-12,"Oncorhynchus tshawytscha",1,"Electric fishing","Rio Futaleufu","CC BD","","CC BY-NC 4.0","Cristián Correa, orcid.org/0000-0002-8608-6858","not-for-profit use only","Correa, Cristián, Maryse Boisjoly (2023) Base de datos empírica de peces de Chile. Valdivia, Chile.","Fish Database Correa-Boisjoly","Ocurrence"
"Rio Espolón",-43.204535,-71.912228,2023,2023-11-12,"Salmo trutta",7,"Electric fishing","Rio Futaleufu","CC BD","","CC BY-NC 4.0","Cristián Correa, orcid.org/0000-0002-8608-6858","not-for-profit use only","Correa, Cristián, Maryse Boisjoly (2023) Base de datos empírica de peces de Chile. Valdivia, Chile.","Fish Database Correa-Boisjoly","Ocurrence"
"Rio Mallín",-45.57549,-73.214296,2023,2023-01-28,"Oncorhynchus mykiss",2,"Spinning","Quitralco","Cristian Correa, Brian Reid","","CC BY-NC 4.0","Cristián Correa, orcid.org/0000-0002-8608-6858","not-for-profit use only","Correa, Cristián, Maryse Boisjoly (2023) Base de datos empírica de peces de Chile. Valdivia, Chile.","Fish Database Correa-Boisjoly","Ocurrence"
"Rio Mallín",-45.57549,-73.214296,2023,2023-01-28,"Oncorhynchus tshawytscha",1,"Spinning","Quitralco","Cristian Correa, Brian Reid","","CC BY-NC 4.0","Cristián Correa, orcid.org/0000-0002-8608-6858","not-for-profit use only","Correa, Cristián, Maryse Boisjoly (2023) Base de datos empírica de peces de Chile. Valdivia, Chile.","Fish Database Correa-Boisjoly","Ocurrence"
"Rio Mallín",-45.57549,-73.214296,2023,2023-01-28,"Salmo trutta",9,"Spinning","Quitralco","Cristian Correa, Brian Reid","","CC BY-NC 4.0","Cristián Correa, orcid.org/0000-0002-8608-6858","not-for-profit use only","Correa, Cristián, Maryse Boisjoly (2023) Base de datos empírica de peces de Chile. Valdivia, Chile.","Fish Database Correa-Boisjoly","Ocurrence"
"Rio Mallín",-45.575,-73.2147,2023,2023-01-28,"Oncorhynchus tshawytscha",30,"Casting Net","Quitralco","Cristian Correa, Brian Reid","","CC BY-NC 4.0","Cristián Correa, orcid.org/0000-0002-8608-6858","not-for-profit use only","Correa, Cristián, Maryse Boisjoly (2023) Base de datos empírica de peces de Chile. Valdivia, Chile.","Fish Database Correa-Boisjoly","Ocurrence"
"Rio Pampa, El Bayo",-46.479339,-73.1977349999999,2023,2023-01-15,"Salmo trutta",13,"Angling","Valle Exploradores","Cristian Correa, Simon Blanchet, Julien Cucherousset","","CC BY-NC 4.0","Cristián Correa, orcid.org/0000-0002-8608-6858","not-for-profit use only","Correa, Cristián, Maryse Boisjoly (2023) Base de datos empírica de peces de Chile. Valdivia, Chile.","Fish Database Correa-Boisjoly","Ocurrence"
"Rio Pampa, El Bayo",-46.4789159999999,-73.1976719999999,2023,2023-01-15,"Salmo trutta",8,"Angling","Valle Exploradores","Cristian Correa, Julien Cucherousset, Simon Blanchet","","CC BY-NC 4.0","Cristián Correa, orcid.org/0000-0002-8608-6858","not-for-profit use only","Correa, Cristián, Maryse Boisjoly (2023) Base de datos empírica de peces de Chile. Valdivia, Chile.","Fish Database Correa-Boisjoly","Ocurrence"
"Rio Pelu",-45.768625,-73.450667,2023,2023-01-30,"Aplochiton marinus",2,"Spinning","Quitralco","Cristian Correa, Brian Reid","","CC BY-NC 4.0","Cristián Correa, orcid.org/0000-0002-8608-6858","not-for-profit use only","Correa, Cristián, Maryse Boisjoly (2023) Base de datos empírica de peces de Chile. Valdivia, Chile.","Fish Database Correa-Boisjoly","Ocurrence"
"Rio Pelu",-45.768625,-73.450667,2023,2023-01-30,"Oncorhynchus tshawytscha",1,"Spinning","Quitralco","Cristian Correa, Brian Reid","","CC BY-NC 4.0","Cristián Correa, orcid.org/0000-0002-8608-6858","not-for-profit use only","Correa, Cristián, Maryse Boisjoly (2023) Base de datos empírica de peces de Chile. Valdivia, Chile.","Fish Database Correa-Boisjoly","Ocurrence"
"Rio Pelu",-45.768625,-73.450667,2023,2023-01-30,"Salmo trutta",1,"Spinning","Quitralco","Cristian Correa, Brian Reid","","CC BY-NC 4.0","Cristián Correa, orcid.org/0000-0002-8608-6858","not-for-profit use only","Correa, Cristián, Maryse Boisjoly (2023) Base de datos empírica de peces de Chile. Valdivia, Chile.","Fish Database Correa-Boisjoly","Ocurrence"
"Rio San Luis",-44.730576,-72.681724,2019,2019-11-27,"Galaxias maculatus",10,"Casting Net","Puerto Cisnes","CC","","CC BY-NC 4.0","Cristián Correa, orcid.org/0000-0002-8608-6858","not-for-profit use only","Correa, Cristián, Maryse Boisjoly (2023) Base de datos empírica de peces de Chile. Valdivia, Chile.","Fish Database Correa-Boisjoly","Ocurrence"
"Rio San Luis",-44.730576,-72.681724,2019,2019-11-27,"Oncorhynchus mykiss",1,"Casting Net","Puerto Cisnes","CC","","CC BY-NC 4.0","Cristián Correa, orcid.org/0000-0002-8608-6858","not-for-profit use only","Correa, Cristián, Maryse Boisjoly (2023) Base de datos empírica de peces de Chile. Valdivia, Chile.","Fish Database Correa-Boisjoly","Ocurrence"
"Río Aysen",-45.403619,-72.720564,2009,2009-02-16,"Aplochiton taeniatus",1,"Hand line","Aysen","Cristian Correa","","CC BY-NC 4.0","Cristián Correa, orcid.org/0000-0002-8608-6858","not-for-profit use only","Correa, Cristián, Maryse Boisjoly (2023) Base de datos empírica de peces de Chile. Valdivia, Chile.","Fish Database Correa-Boisjoly","Ocurrence"
"Río Azul",-51.47835402,-73.26908902,2015,2015-04-08,"Odontesthes smitti",1,"Mist Net","Lago Azul","Cristian Correa","","CC BY-NC 4.0","Cristián Correa, orcid.org/0000-0002-8608-6858","not-for-profit use only","Correa, Cristián, Maryse Boisjoly (2023) Base de datos empírica de peces de Chile. Valdivia, Chile.","Fish Database Correa-Boisjoly","Ocurrence"
"Río Azul",-51.47835402,-73.26908902,2015,2015-04-08,"Patagonotothen sp",3,"Mist Net","Lago Azul","Cristian Correa","","CC BY-NC 4.0","Cristián Correa, orcid.org/0000-0002-8608-6858","not-for-profit use only","Correa, Cristián, Maryse Boisjoly (2023) Base de datos empírica de peces de Chile. Valdivia, Chile.","Fish Database Correa-Boisjoly","Ocurrence"
"Río Azul",-51.47503604,-73.27209997,2015,2015-04-09,"Patagonotothen sp",1,"Mist Net","Lago Azul","Cristian Correa","","CC BY-NC 4.0","Cristián Correa, orcid.org/0000-0002-8608-6858","not-for-profit use only","Correa, Cristián, Maryse Boisjoly (2023) Base de datos empírica de peces de Chile. Valdivia, Chile.","Fish Database Correa-Boisjoly","Ocurrence"
"Río Azul",-51.47503604,-73.27209997,2015,2015-04-09,"Sardinops sagax",1,"Mist Net","Lago Azul","Cristian Correa","","CC BY-NC 4.0","Cristián Correa, orcid.org/0000-0002-8608-6858","not-for-profit use only","Correa, Cristián, Maryse Boisjoly (2023) Base de datos empírica de peces de Chile. Valdivia, Chile.","Fish Database Correa-Boisjoly","Ocurrence"
"Río Azul",-51.47403901,-73.27389202,2015,2015-04-09,"Odontesthes smitti",4,"Gill Net Aplochitonera","Lago Azul","Cristian Correa","","CC BY-NC 4.0","Cristián Correa, orcid.org/0000-0002-8608-6858","not-for-profit use only","Correa, Cristián, Maryse Boisjoly (2023) Base de datos empírica de peces de Chile. Valdivia, Chile.","Fish Database Correa-Boisjoly","Ocurrence"
"Río Azul",-51.47403901,-73.27389202,2015,2015-04-09,"Oncorhynchus tshawytscha",1,"Gill Net Aplochitonera","Lago Azul","Cristian Correa","","CC BY-NC 4.0","Cristián Correa, orcid.org/0000-0002-8608-6858","not-for-profit use only","Correa, Cristián, Maryse Boisjoly (2023) Base de datos empírica de peces de Chile. Valdivia, Chile.","Fish Database Correa-Boisjoly","Ocurrence"
"Río Azul",-51.46634703,-73.28476704,2015,2015-04-10,"Odontesthes smitti",1,"Gill Net Aplochitonera","Lago Azul","Cristian Correa, Maryse Boisjoly","","CC BY-NC 4.0","Cristián Correa, orcid.org/0000-0002-8608-6858","not-for-profit use only","Correa, Cristián, Maryse Boisjoly (2023) Base de datos empírica de peces de Chile. Valdivia, Chile.","Fish Database Correa-Boisjoly","Ocurrence"
"Río Azul",-51.46613002,-73.28453997,2015,2015-04-10,"Patagonotothen sp",7,"Mist Net","Lago Azul","Cristian Correa, Maryse Boisjoly","","CC BY-NC 4.0","Cristián Correa, orcid.org/0000-0002-8608-6858","not-for-profit use only","Correa, Cristián, Maryse Boisjoly (2023) Base de datos empírica de peces de Chile. Valdivia, Chile.","Fish Database Correa-Boisjoly","Ocurrence"
"Río Azul",-51.46542803,-73.28403002,2015,2015-04-10,"Oncorhynchus mykiss",1,"Mist Net","Lago Azul","NA","","CC BY-NC 4.0","Cristián Correa, orcid.org/0000-0002-8608-6858","not-for-profit use only","Correa, Cristián, Maryse Boisjoly (2023) Base de datos empírica de peces de Chile. Valdivia, Chile.","Fish Database Correa-Boisjoly","Ocurrence"
"Río Azul",-51.46542803,-73.28403002,2015,2015-04-10,"Oncorhynchus tshawytscha",2,"Mist Net","Lago Azul","NA","","CC BY-NC 4.0","Cristián Correa, orcid.org/0000-0002-8608-6858","not-for-profit use only","Correa, Cristián, Maryse Boisjoly (2023) Base de datos empírica de peces de Chile. Valdivia, Chile.","Fish Database Correa-Boisjoly","Ocurrence"
"Río Azul",-51.46542803,-73.28403002,2015,2015-04-10,"Patagonotothen sp",2,"Mist Net","Lago Azul","NA","","CC BY-NC 4.0","Cristián Correa, orcid.org/0000-0002-8608-6858","not-for-profit use only","Correa, Cristián, Maryse Boisjoly (2023) Base de datos empírica de peces de Chile. Valdivia, Chile.","Fish Database Correa-Boisjoly","Ocurrence"
"Río Azul",-51.46535503,-73.28390102,2015,2015-04-10,"Galaxias maculatus",224,"Seine net","Lago Azul","Cristian Correa, Maryse Boisjoly","","CC BY-NC 4.0","Cristián Correa, orcid.org/0000-0002-8608-6858","not-for-profit use only","Correa, Cristián, Maryse Boisjoly (2023) Base de datos empírica de peces de Chile. Valdivia, Chile.","Fish Database Correa-Boisjoly","Ocurrence"
"Río Azul",-51.46535503,-73.28390102,2015,2015-04-10,"Salmo trutta",14,"Seine net","Lago Azul","Cristian Correa, Maryse Boisjoly","","CC BY-NC 4.0","Cristián Correa, orcid.org/0000-0002-8608-6858","not-for-profit use only","Correa, Cristián, Maryse Boisjoly (2023) Base de datos empírica de peces de Chile. Valdivia, Chile.","Fish Database Correa-Boisjoly","Ocurrence"
"Río Baker",-47.79075298,-73.51677401,2014,2014-04-13,"Aplochiton marinus",10,"Gill Net Experimental","Baker","Cristian Correa, Maryse Boisjoly","","CC BY-NC 4.0","Cristián Correa, orcid.org/0000-0002-8608-6858","not-for-profit use only","Correa, Cristián, Maryse Boisjoly (2023) Base de datos empírica de peces de Chile. Valdivia, Chile.","Fish Database Correa-Boisjoly","Ocurrence"
"Río Baker",-47.79075298,-73.51677401,2014,2014-04-13,"Oncorhynchus tshawytscha",1,"Gill Net Experimental","Baker","Cristian Correa, Maryse Boisjoly","","CC BY-NC 4.0","Cristián Correa, orcid.org/0000-0002-8608-6858","not-for-profit use only","Correa, Cristián, Maryse Boisjoly (2023) Base de datos empírica de peces de Chile. Valdivia, Chile.","Fish Database Correa-Boisjoly","Ocurrence"
"Río Baker",-47.79075298,-73.51677401,2014,2014-04-13,"Salmo trutta",1,"Gill Net Experimental","Baker","Cristian Correa, Maryse Boisjoly","","CC BY-NC 4.0","Cristián Correa, orcid.org/0000-0002-8608-6858","not-for-profit use only","Correa, Cristián, Maryse Boisjoly (2023) Base de datos empírica de peces de Chile. Valdivia, Chile.","Fish Database Correa-Boisjoly","Ocurrence"
"Río Baker",-47.79012199,-73.51798402,2014,2014-04-14,"Galaxias maculatus",18,"Minnow Trap","Baker","Cristian Correa, Maryse Boisjoly","","CC BY-NC 4.0","Cristián Correa, orcid.org/0000-0002-8608-6858","not-for-profit use only","Correa, Cristián, Maryse Boisjoly (2023) Base de datos empírica de peces de Chile. Valdivia, Chile.","Fish Database Correa-Boisjoly","Ocurrence"
"Río Baker",-47.789964,-73.517026,2004,2004-03-24,"Aplochiton marinus",5,"Superficial gillnet S","Baker","Cristian Correa","(Alò et al. 2013) | (Alò et al. 2019)","CC BY-NC 4.0","Cristián Correa, orcid.org/0000-0002-8608-6858","not-for-profit use only","Correa, Cristián, Maryse Boisjoly (2023) Base de datos empírica de peces de Chile. Valdivia, Chile.","Fish Database Correa-Boisjoly","Ocurrence"
"Río Baker",-47.789964,-73.517026,2004,2004-03-24,"Aplochiton taeniatus",1,"Superficial gillnet S","Baker","Cristian Correa","","CC BY-NC 4.0","Cristián Correa, orcid.org/0000-0002-8608-6858","not-for-profit use only","Correa, Cristián, Maryse Boisjoly (2023) Base de datos empírica de peces de Chile. Valdivia, Chile.","Fish Database Correa-Boisjoly","Ocurrence"
"Río Baker",-47.789964,-73.517026,2007,2007-03-27,"Aplochiton marinus",43,"Superficial gillnet","Baker","Cristian Correa","(Alò et al. 2013) | (Alò et al. 2019)","CC BY-NC 4.0","Cristián Correa, orcid.org/0000-0002-8608-6858","not-for-profit use only","Correa, Cristián, Maryse Boisjoly (2023) Base de datos empírica de peces de Chile. Valdivia, Chile.","Fish Database Correa-Boisjoly","Ocurrence"
"Río Baker",-47.789964,-73.517026,2007,2007-03-27,"Salmo trutta",1,"Superficial gillnet","Baker","Cristian Correa","(Alò et al. 2019)","CC BY-NC 4.0","Cristián Correa, orcid.org/0000-0002-8608-6858","not-for-profit use only","Correa, Cristián, Maryse Boisjoly (2023) Base de datos empírica de peces de Chile. Valdivia, Chile.","Fish Database Correa-Boisjoly","Ocurrence"
"Río Baker",-47.789964,-73.517026,2007,2007-03-28,"Aplochiton marinus",1,"Electric fishing","Baker","Cristian Correa","","CC BY-NC 4.0","Cristián Correa, orcid.org/0000-0002-8608-6858","not-for-profit use only","Correa, Cristián, Maryse Boisjoly (2023) Base de datos empírica de peces de Chile. Valdivia, Chile.","Fish Database Correa-Boisjoly","Ocurrence"
"Río Baker",-47.789964,-73.517026,2007,2007-03-28,"Eleginops maclovinus",1,"Electric fishing","Baker","Cristian Correa","","CC BY-NC 4.0","Cristián Correa, orcid.org/0000-0002-8608-6858","not-for-profit use only","Correa, Cristián, Maryse Boisjoly (2023) Base de datos empírica de peces de Chile. Valdivia, Chile.","Fish Database Correa-Boisjoly","Ocurrence"
"Río Baker",-47.789964,-73.517026,2007,2007-03-28,"Galaxias maculatus",15,"Electric fishing","Baker","Cristian Correa","","CC BY-NC 4.0","Cristián Correa, orcid.org/0000-0002-8608-6858","not-for-profit use only","Correa, Cristián, Maryse Boisjoly (2023) Base de datos empírica de peces de Chile. Valdivia, Chile.","Fish Database Correa-Boisjoly","Ocurrence"
"Río Baker",-47.789964,-73.517026,2007,2007-03-28,"Oncorhynchus tshawytscha",1,"Electric fishing","Baker","Cristian Correa","","CC BY-NC 4.0","Cristián Correa, orcid.org/0000-0002-8608-6858","not-for-profit use only","Correa, Cristián, Maryse Boisjoly (2023) Base de datos empírica de peces de Chile. Valdivia, Chile.","Fish Database Correa-Boisjoly","Ocurrence"
"Río Baker",-47.789964,-73.517026,2007,2007-03-28,"Salmo trutta",5,"Electric fishing","Baker","Cristian Correa","","CC BY-NC 4.0","Cristián Correa, orcid.org/0000-0002-8608-6858","not-for-profit use only","Correa, Cristián, Maryse Boisjoly (2023) Base de datos empírica de peces de Chile. Valdivia, Chile.","Fish Database Correa-Boisjoly","Ocurrence"
"Río Baker",-47.789964,-73.517026,2014,2014-04-14,"Aplochiton sp.",1,"Seine net","Baker","Cristian Correa, Maryse Boisjoly","","CC BY-NC 4.0","Cristián Correa, orcid.org/0000-0002-8608-6858","not-for-profit use only","Correa, Cristián, Maryse Boisjoly (2023) Base de datos empírica de peces de Chile. Valdivia, Chile.","Fish Database Correa-Boisjoly","Ocurrence"
"Río Baker",-47.789964,-73.517026,2014,2014-04-14,"Aplochiton taeniatus",1,"Seine net","Baker","Cristian Correa, Maryse Boisjoly","","CC BY-NC 4.0","Cristián Correa, orcid.org/0000-0002-8608-6858","not-for-profit use only","Correa, Cristián, Maryse Boisjoly (2023) Base de datos empírica de peces de Chile. Valdivia, Chile.","Fish Database Correa-Boisjoly","Ocurrence"
"Río Baker",-47.789964,-73.517026,2014,2014-04-14,"Aplochiton zebra",32,"Seine net","Baker","Cristian Correa, Maryse Boisjoly","","CC BY-NC 4.0","Cristián Correa, orcid.org/0000-0002-8608-6858","not-for-profit use only","Correa, Cristián, Maryse Boisjoly (2023) Base de datos empírica de peces de Chile. Valdivia, Chile.","Fish Database Correa-Boisjoly","Ocurrence"
"Río Baker",-47.789964,-73.517026,2014,2014-04-14,"Eleginops maclovinus",4,"Seine net","Baker","Cristian Correa, Maryse Boisjoly","","CC BY-NC 4.0","Cristián Correa, orcid.org/0000-0002-8608-6858","not-for-profit use only","Correa, Cristián, Maryse Boisjoly (2023) Base de datos empírica de peces de Chile. Valdivia, Chile.","Fish Database Correa-Boisjoly","Ocurrence"
"Río Baker",-47.789964,-73.517026,2014,2014-04-14,"Galaxias maculatus",4,"Seine net","Baker","Cristian Correa, Maryse Boisjoly","","CC BY-NC 4.0","Cristián Correa, orcid.org/0000-0002-8608-6858","not-for-profit use only","Correa, Cristián, Maryse Boisjoly (2023) Base de datos empírica de peces de Chile. Valdivia, Chile.","Fish Database Correa-Boisjoly","Ocurrence"
"Río Baker",-47.789964,-73.517026,2014,2014-04-14,"Oncorhynchus tshawytscha",2,"Seine net","Baker","Cristian Correa, Maryse Boisjoly","","CC BY-NC 4.0","Cristián Correa, orcid.org/0000-0002-8608-6858","not-for-profit use only","Correa, Cristián, Maryse Boisjoly (2023) Base de datos empírica de peces de Chile. Valdivia, Chile.","Fish Database Correa-Boisjoly","Ocurrence"
"Río Baker",-47.789964,-73.517026,2014,2014-04-14,"Salmo trutta",7,"Seine net","Baker","Cristian Correa, Maryse Boisjoly","","CC BY-NC 4.0","Cristián Correa, orcid.org/0000-0002-8608-6858","not-for-profit use only","Correa, Cristián, Maryse Boisjoly (2023) Base de datos empírica de peces de Chile. Valdivia, Chile.","Fish Database Correa-Boisjoly","Ocurrence"
"Río Baker",-47.789964,-73.51702597,2014,2014-04-13,"Aplochiton marinus",15,"Gill Net Aplochitonera 3mX5m, Gill Net Aplochitonera 3mX10m","Baker","Cristian Correa, Maryse Boisjoly","","CC BY-NC 4.0","Cristián Correa, orcid.org/0000-0002-8608-6858","not-for-profit use only","Correa, Cristián, Maryse Boisjoly (2023) Base de datos empírica de peces de Chile. Valdivia, Chile.","Fish Database Correa-Boisjoly","Ocurrence"
"Río Baker",-47.789964,-73.51702597,2014,2014-04-14,"Aplochiton marinus",17,"Gill Net Aplochitonera 3mX10m","Baker","Cristian Correa, Maryse Boisjoly","","CC BY-NC 4.0","Cristián Correa, orcid.org/0000-0002-8608-6858","not-for-profit use only","Correa, Cristián, Maryse Boisjoly (2023) Base de datos empírica de peces de Chile. Valdivia, Chile.","Fish Database Correa-Boisjoly","Ocurrence"
"Río Baker",-47.789964,-73.51702597,2014,2014-04-15,"Eleginops maclovinus",1,"Casting Net","Baker","Cristian Correa, Maryse Boisjoly","","CC BY-NC 4.0","Cristián Correa, orcid.org/0000-0002-8608-6858","not-for-profit use only","Correa, Cristián, Maryse Boisjoly (2023) Base de datos empírica de peces de Chile. Valdivia, Chile.","Fish Database Correa-Boisjoly","Ocurrence"
"Río Baker",-47.78994103,-73.51805401,2014,2014-04-13,"Aplochiton marinus",6,"Gill Net Aplochitonera 3mX10m","Baker","Cristian Correa, Maryse Boisjoly","","CC BY-NC 4.0","Cristián Correa, orcid.org/0000-0002-8608-6858","not-for-profit use only","Correa, Cristián, Maryse Boisjoly (2023) Base de datos empírica de peces de Chile. Valdivia, Chile.","Fish Database Correa-Boisjoly","Ocurrence"
"Río Baker",-47.78994103,-73.51805401,2014,2014-04-13,"Aplochiton taeniatus",2,"Gill Net Aplochitonera 3mX10m","Baker","Cristian Correa, Maryse Boisjoly","","CC BY-NC 4.0","Cristián Correa, orcid.org/0000-0002-8608-6858","not-for-profit use only","Correa, Cristián, Maryse Boisjoly (2023) Base de datos empírica de peces de Chile. Valdivia, Chile.","Fish Database Correa-Boisjoly","Ocurrence"
"Río Baker",-47.78994103,-73.51805401,2014,2014-04-13,"Eleginops maclovinus",4,"Gill Net Aplochitonera 3mX10m","Baker","Cristian Correa, Maryse Boisjoly","","CC BY-NC 4.0","Cristián Correa, orcid.org/0000-0002-8608-6858","not-for-profit use only","Correa, Cristián, Maryse Boisjoly (2023) Base de datos empírica de peces de Chile. Valdivia, Chile.","Fish Database Correa-Boisjoly","Ocurrence"
"Río Baker",-47.73266296,-73.23440303,2014,2014-04-15,"Aplochiton taeniatus",3,"Casting Net","Baker","Cristian Correa, Maryse Boisjoly","","CC BY-NC 4.0","Cristián Correa, orcid.org/0000-0002-8608-6858","not-for-profit use only","Correa, Cristián, Maryse Boisjoly (2023) Base de datos empírica de peces de Chile. Valdivia, Chile.","Fish Database Correa-Boisjoly","Ocurrence"
"Río Baker",-47.73266296,-73.23440303,2014,2014-04-15,"Oncorhynchus mykiss",2,"Casting Net","Baker","Cristian Correa, Maryse Boisjoly","","CC BY-NC 4.0","Cristián Correa, orcid.org/0000-0002-8608-6858","not-for-profit use only","Correa, Cristián, Maryse Boisjoly (2023) Base de datos empírica de peces de Chile. Valdivia, Chile.","Fish Database Correa-Boisjoly","Ocurrence"
"Río Baker",-47.73266296,-73.23440303,2014,2014-04-15,"Oncorhynchus tshawytscha",7,"Casting Net","Baker","Cristian Correa, Maryse Boisjoly","","CC BY-NC 4.0","Cristián Correa, orcid.org/0000-0002-8608-6858","not-for-profit use only","Correa, Cristián, Maryse Boisjoly (2023) Base de datos empírica de peces de Chile. Valdivia, Chile.","Fish Database Correa-Boisjoly","Ocurrence"
"Río Blanco",-53.96981296,-68.95179399,2015,2015-02-09,"Oncorhynchus tshawytscha",23,"Casting Net","Río Blanco","Cristian Correa","","CC BY-NC 4.0","Cristián Correa, orcid.org/0000-0002-8608-6858","not-for-profit use only","Correa, Cristián, Maryse Boisjoly (2023) Base de datos empírica de peces de Chile. Valdivia, Chile.","Fish Database Correa-Boisjoly","Ocurrence"
"Río Blanco",-53.96981296,-68.95179399,2015,2015-02-09,"Salmo trutta",4,"Casting Net","Río Blanco","Cristian Correa","","CC BY-NC 4.0","Cristián Correa, orcid.org/0000-0002-8608-6858","not-for-profit use only","Correa, Cristián, Maryse Boisjoly (2023) Base de datos empírica de peces de Chile. Valdivia, Chile.","Fish Database Correa-Boisjoly","Ocurrence"
"Río Blanco",-53.96979804,-68.95417001,2015,2015-02-09,"Oncorhynchus tshawytscha",26,"Gill Net Salmonera, NA","Río Blanco","Cristian Correa, Cristian Correa, Maryse Boisjoly, Jonathan Poblete","","CC BY-NC 4.0","Cristián Correa, orcid.org/0000-0002-8608-6858","not-for-profit use only","Correa, Cristián, Maryse Boisjoly (2023) Base de datos empírica de peces de Chile. Valdivia, Chile.","Fish Database Correa-Boisjoly","Ocurrence"
"Río Blanco",-53.96979804,-68.95417001,2015,2015-02-09,"Salmo trutta",2,"Gill Net Salmonera, NA","Río Blanco","Cristian Correa, Cristian Correa, Maryse Boisjoly, Jonathan Poblete","","CC BY-NC 4.0","Cristián Correa, orcid.org/0000-0002-8608-6858","not-for-profit use only","Correa, Cristián, Maryse Boisjoly (2023) Base de datos empírica de peces de Chile. Valdivia, Chile.","Fish Database Correa-Boisjoly","Ocurrence"
"Río Blas",-46.5335,-72.7107,2022,2022-12-05,"Oncorhynchus masou",4,"Casting Net","Lago General Carrera","Cristian Correa","","CC BY-NC 4.0","Cristián Correa, orcid.org/0000-0002-8608-6858","not-for-profit use only","Correa, Cristián, Maryse Boisjoly (2023) Base de datos empírica de peces de Chile. Valdivia, Chile.","Fish Database Correa-Boisjoly","Ocurrence"
"Río Blas",-46.5335,-72.7107,2022,2022-12-05,"Oncorhynchus mykiss",5,"Casting Net","Lago General Carrera","Cristian Correa","","CC BY-NC 4.0","Cristián Correa, orcid.org/0000-0002-8608-6858","not-for-profit use only","Correa, Cristián, Maryse Boisjoly (2023) Base de datos empírica de peces de Chile. Valdivia, Chile.","Fish Database Correa-Boisjoly","Ocurrence"
"Río Blas",-46.5335,-72.7107,2022,2022-12-05,"Salmo trutta",2,"Casting Net","Lago General Carrera","Cristian Correa","","CC BY-NC 4.0","Cristián Correa, orcid.org/0000-0002-8608-6858","not-for-profit use only","Correa, Cristián, Maryse Boisjoly (2023) Base de datos empírica de peces de Chile. Valdivia, Chile.","Fish Database Correa-Boisjoly","Ocurrence"
"Río Blas",-46.5335,-72.7107,2022,2023-01-16,"Salmo trutta",13,"Casting Net","Lago General Carrera","Cristian Correa","","CC BY-NC 4.0","Cristián Correa, orcid.org/0000-0002-8608-6858","not-for-profit use only","Correa, Cristián, Maryse Boisjoly (2023) Base de datos empírica de peces de Chile. Valdivia, Chile.","Fish Database Correa-Boisjoly","Ocurrence"
"Río Blas",-46.5335,-72.7107,2023,2023-01-16,"Galaxias platei",12,"Electric fishing","Lago General Carrera","Cristian Correa, Julien Cucherousset, Simon Blanchet, Didier Galop","","CC BY-NC 4.0","Cristián Correa, orcid.org/0000-0002-8608-6858","not-for-profit use only","Correa, Cristián, Maryse Boisjoly (2023) Base de datos empírica de peces de Chile. Valdivia, Chile.","Fish Database Correa-Boisjoly","Ocurrence"
"Río Blas",-46.5335,-72.7107,2023,2023-01-16,"Oncorhynchus masou",14,"Electric fishing, Casting Net","Lago General Carrera","Cristian Correa, Julien Cucherousset, Simon Blanchet, Didier Galop, Cristian Correa","","CC BY-NC 4.0","Cristián Correa, orcid.org/0000-0002-8608-6858","not-for-profit use only","Correa, Cristián, Maryse Boisjoly (2023) Base de datos empírica de peces de Chile. Valdivia, Chile.","Fish Database Correa-Boisjoly","Ocurrence"
"Río Calavera",-53.94727897,-70.12674403,2015,2015-02-15,"Galaxias maculatus",1,"Gill Net Aplochitonera 3mX10m","Río Calavera","Cristian Correa, Jonathan Poblete","","CC BY-NC 4.0","Cristián Correa, orcid.org/0000-0002-8608-6858","not-for-profit use only","Correa, Cristián, Maryse Boisjoly (2023) Base de datos empírica de peces de Chile. Valdivia, Chile.","Fish Database Correa-Boisjoly","Ocurrence"
"Río Calavera",-53.94727897,-70.12674403,2015,2015-02-15,"Salmo trutta",2,"Gill Net Aplochitonera 3mX10m","Río Calavera","Cristian Correa, Jonathan Poblete","","CC BY-NC 4.0","Cristián Correa, orcid.org/0000-0002-8608-6858","not-for-profit use only","Correa, Cristián, Maryse Boisjoly (2023) Base de datos empírica de peces de Chile. Valdivia, Chile.","Fish Database Correa-Boisjoly","Ocurrence"
"Río Calavera",-53.946366,-70.127541,2015,2015-02-14,"Galaxias maculatus",16,"Dip net","Río Calavera","Cristian Correa","","CC BY-NC 4.0","Cristián Correa, orcid.org/0000-0002-8608-6858","not-for-profit use only","Correa, Cristián, Maryse Boisjoly (2023) Base de datos empírica de peces de Chile. Valdivia, Chile.","Fish Database Correa-Boisjoly","Ocurrence"
"Río Caleta",-53.20771,-71.614839,2015,2015-02-27,"Galaxias maculatus",15,"Electric fishing","Río Caleta","Maryse Boisjoly, Jonathan Poblete","","CC BY-NC 4.0","Cristián Correa, orcid.org/0000-0002-8608-6858","not-for-profit use only","Correa, Cristián, Maryse Boisjoly (2023) Base de datos empírica de peces de Chile. Valdivia, Chile.","Fish Database Correa-Boisjoly","Ocurrence"
"Río Caleta",-53.20771,-71.614839,2015,2015-02-27,"Oncorhynchus kisutch",23,"Electric fishing","Río Caleta","Maryse Boisjoly, Jonathan Poblete","","CC BY-NC 4.0","Cristián Correa, orcid.org/0000-0002-8608-6858","not-for-profit use only","Correa, Cristián, Maryse Boisjoly (2023) Base de datos empírica de peces de Chile. Valdivia, Chile.","Fish Database Correa-Boisjoly","Ocurrence"
"Río Caleta",-53.20771,-71.614839,2015,2015-02-27,"Salmo trutta",1,"Electric fishing","Río Caleta","Maryse Boisjoly, Jonathan Poblete","","CC BY-NC 4.0","Cristián Correa, orcid.org/0000-0002-8608-6858","not-for-profit use only","Correa, Cristián, Maryse Boisjoly (2023) Base de datos empírica de peces de Chile. Valdivia, Chile.","Fish Database Correa-Boisjoly","Ocurrence"
"Río Caleta",-53.206915,-71.61602,2015,2015-02-27,"Oncorhynchus kisutch",1,"Electric fishing","Río Caleta","Maryse Boisjoly, Jonathan Poblete","","CC BY-NC 4.0","Cristián Correa, orcid.org/0000-0002-8608-6858","not-for-profit use only","Correa, Cristián, Maryse Boisjoly (2023) Base de datos empírica de peces de Chile. Valdivia, Chile.","Fish Database Correa-Boisjoly","Ocurrence"
"Río Caleta",-53.206915,-71.61602,2015,2015-02-27,"Salmo trutta",1,"Electric fishing","Río Caleta","Maryse Boisjoly, Jonathan Poblete","","CC BY-NC 4.0","Cristián Correa, orcid.org/0000-0002-8608-6858","not-for-profit use only","Correa, Cristián, Maryse Boisjoly (2023) Base de datos empírica de peces de Chile. Valdivia, Chile.","Fish Database Correa-Boisjoly","Ocurrence"
"Río Caleta",-53.206176,-71.618395,2015,2015-02-27,"Galaxias maculatus",4,"Casting Net","Río Caleta","Cristian Correa","","CC BY-NC 4.0","Cristián Correa, orcid.org/0000-0002-8608-6858","not-for-profit use only","Correa, Cristián, Maryse Boisjoly (2023) Base de datos empírica de peces de Chile. Valdivia, Chile.","Fish Database Correa-Boisjoly","Ocurrence"
"Río Caleta",-53.206176,-71.618395,2015,2015-02-27,"Oncorhynchus kisutch",12,"Casting Net","Río Caleta","Cristian Correa","","CC BY-NC 4.0","Cristián Correa, orcid.org/0000-0002-8608-6858","not-for-profit use only","Correa, Cristián, Maryse Boisjoly (2023) Base de datos empírica de peces de Chile. Valdivia, Chile.","Fish Database Correa-Boisjoly","Ocurrence"
"Río Caleta",-53.206176,-71.618395,2015,2015-02-27,"Salmo trutta",4,"Casting Net","Río Caleta","Cristian Correa","","CC BY-NC 4.0","Cristián Correa, orcid.org/0000-0002-8608-6858","not-for-profit use only","Correa, Cristián, Maryse Boisjoly (2023) Base de datos empírica de peces de Chile. Valdivia, Chile.","Fish Database Correa-Boisjoly","Ocurrence"
"Río Caleta",-53.205409,-71.619296,2015,2015-02-27,"Oncorhynchus kisutch",9,"Electric fishing","Río Caleta","Maryse Boisjoly, Jonathan Poblete","","CC BY-NC 4.0","Cristián Correa, orcid.org/0000-0002-8608-6858","not-for-profit use only","Correa, Cristián, Maryse Boisjoly (2023) Base de datos empírica de peces de Chile. Valdivia, Chile.","Fish Database Correa-Boisjoly","Ocurrence"
"Río Caleta",-53.205409,-71.619296,2015,2015-02-27,"Salmo trutta",1,"Electric fishing","Río Caleta","Maryse Boisjoly, Jonathan Poblete","","CC BY-NC 4.0","Cristián Correa, orcid.org/0000-0002-8608-6858","not-for-profit use only","Correa, Cristián, Maryse Boisjoly (2023) Base de datos empírica de peces de Chile. Valdivia, Chile.","Fish Database Correa-Boisjoly","Ocurrence"
"Río Caleta",-53.205073,-71.619746,2015,2015-02-28,"Patagonotothen sp",2,"Spinning","Río Caleta","Jonathan Poblete","","CC BY-NC 4.0","Cristián Correa, orcid.org/0000-0002-8608-6858","not-for-profit use only","Correa, Cristián, Maryse Boisjoly (2023) Base de datos empírica de peces de Chile. Valdivia, Chile.","Fish Database Correa-Boisjoly","Ocurrence"
"Río Caleta",-53.204079,-71.62220296,2015,2015-02-28,"Eleginops maclovinus",1,"Gill Net Aplochitonera 1.5mX7m","Río Caleta","Cristian Correa, Jonathan Poblete","","CC BY-NC 4.0","Cristián Correa, orcid.org/0000-0002-8608-6858","not-for-profit use only","Correa, Cristián, Maryse Boisjoly (2023) Base de datos empírica de peces de Chile. Valdivia, Chile.","Fish Database Correa-Boisjoly","Ocurrence"
"Río Caleta",-53.204079,-71.62220296,2015,2015-02-28,"Odontesthes smitti",1,"Gill Net Aplochitonera 1.5mX7m","Río Caleta","Cristian Correa, Jonathan Poblete","","CC BY-NC 4.0","Cristián Correa, orcid.org/0000-0002-8608-6858","not-for-profit use only","Correa, Cristián, Maryse Boisjoly (2023) Base de datos empírica de peces de Chile. Valdivia, Chile.","Fish Database Correa-Boisjoly","Ocurrence"
"Río Caleta",-53.204079,-71.62220296,2015,2015-02-28,"Oncorhynchus mykiss",1,"Gill Net Aplochitonera 1.5mX7m","Río Caleta","Cristian Correa, Jonathan Poblete","","CC BY-NC 4.0","Cristián Correa, orcid.org/0000-0002-8608-6858","not-for-profit use only","Correa, Cristián, Maryse Boisjoly (2023) Base de datos empírica de peces de Chile. Valdivia, Chile.","Fish Database Correa-Boisjoly","Ocurrence"
"Río Caleta",-53.204079,-71.62220296,2015,2015-02-28,"Patagonotothen sp",1,"Gill Net Aplochitonera 1.5mX7m","Río Caleta","Cristian Correa, Jonathan Poblete","","CC BY-NC 4.0","Cristián Correa, orcid.org/0000-0002-8608-6858","not-for-profit use only","Correa, Cristián, Maryse Boisjoly (2023) Base de datos empírica de peces de Chile. Valdivia, Chile.","Fish Database Correa-Boisjoly","Ocurrence"
"Río Caleta",-53.204079,-71.62220296,2015,2015-02-28,"Salmo trutta",3,"Gill Net Salmonera","Río Caleta","Cristian Correa, Jonathan Poblete","","CC BY-NC 4.0","Cristián Correa, orcid.org/0000-0002-8608-6858","not-for-profit use only","Correa, Cristián, Maryse Boisjoly (2023) Base de datos empírica de peces de Chile. Valdivia, Chile.","Fish Database Correa-Boisjoly","Ocurrence"
"Río Caleta, Tierra del Fuego",-53.81792198,-70.17164002,2015,2015-02-17,"Galaxias maculatus",1,"Electric fishing","Río Caleta Tierra del Fuego","Cristian Correa, Maryse Boisjoly, Jonathan Poblete","","CC BY-NC 4.0","Cristián Correa, orcid.org/0000-0002-8608-6858","not-for-profit use only","Correa, Cristián, Maryse Boisjoly (2023) Base de datos empírica de peces de Chile. Valdivia, Chile.","Fish Database Correa-Boisjoly","Ocurrence"
"Río Caleta, Tierra del Fuego",-53.81792198,-70.17164002,2015,2015-02-17,"Salmo trutta",9,"Electric fishing","Río Caleta Tierra del Fuego","Cristian Correa, Maryse Boisjoly, Jonathan Poblete","","CC BY-NC 4.0","Cristián Correa, orcid.org/0000-0002-8608-6858","not-for-profit use only","Correa, Cristián, Maryse Boisjoly (2023) Base de datos empírica de peces de Chile. Valdivia, Chile.","Fish Database Correa-Boisjoly","Ocurrence"
"Río Caleta, Tierra del Fuego",-53.81682,-70.16735,2015,2015-02-17,"Galaxias maculatus",1,"Electric fishing","Río Caleta Tierra del Fuego","Cristian Correa, Maryse Boisjoly, Jonathan Poblete","","CC BY-NC 4.0","Cristián Correa, orcid.org/0000-0002-8608-6858","not-for-profit use only","Correa, Cristián, Maryse Boisjoly (2023) Base de datos empírica de peces de Chile. Valdivia, Chile.","Fish Database Correa-Boisjoly","Ocurrence"
"Río Caleta, Tierra del Fuego",-53.81682,-70.16735,2015,2015-02-17,"Salmo trutta",22,"Electric fishing","Río Caleta Tierra del Fuego","Cristian Correa, Maryse Boisjoly, Jonathan Poblete","","CC BY-NC 4.0","Cristián Correa, orcid.org/0000-0002-8608-6858","not-for-profit use only","Correa, Cristián, Maryse Boisjoly (2023) Base de datos empírica de peces de Chile. Valdivia, Chile.","Fish Database Correa-Boisjoly","Ocurrence"
"Río Canelo",-53.166558,-71.521693,2015,2015-02-25,"Oncorhynchus kisutch",1,"Electric fishing","Río Canelo","Maryse Boisjoly, Jonathan Poblete","","CC BY-NC 4.0","Cristián Correa, orcid.org/0000-0002-8608-6858","not-for-profit use only","Correa, Cristián, Maryse Boisjoly (2023) Base de datos empírica de peces de Chile. Valdivia, Chile.","Fish Database Correa-Boisjoly","Ocurrence"
"Río Canelo",-53.166558,-71.521693,2015,2015-02-25,"Oncorhynchus mykiss",4,"Electric fishing","Río Canelo","Maryse Boisjoly, Jonathan Poblete","","CC BY-NC 4.0","Cristián Correa, orcid.org/0000-0002-8608-6858","not-for-profit use only","Correa, Cristián, Maryse Boisjoly (2023) Base de datos empírica de peces de Chile. Valdivia, Chile.","Fish Database Correa-Boisjoly","Ocurrence"
"Río Canelo",-53.166558,-71.521693,2015,2015-02-25,"Salmo trutta",5,"Electric fishing","Río Canelo","Maryse Boisjoly, Jonathan Poblete","","CC BY-NC 4.0","Cristián Correa, orcid.org/0000-0002-8608-6858","not-for-profit use only","Correa, Cristián, Maryse Boisjoly (2023) Base de datos empírica de peces de Chile. Valdivia, Chile.","Fish Database Correa-Boisjoly","Ocurrence"
"Río Canelo",-53.164272,-71.525845,2015,2015-02-25,"Salmo trutta",15,"Electric fishing","Río Canelo","Maryse Boisjoly, Jonathan Poblete","","CC BY-NC 4.0","Cristián Correa, orcid.org/0000-0002-8608-6858","not-for-profit use only","Correa, Cristián, Maryse Boisjoly (2023) Base de datos empírica de peces de Chile. Valdivia, Chile.","Fish Database Correa-Boisjoly","Ocurrence"
"Río Canelo",-53.16270702,-71.52549097,2015,2015-02-25,"Oncorhynchus kisutch",3,"Mist Net","Río Canelo","Cristian Correa, Maryse Boisjoly, Jonathan Poblete","","CC BY-NC 4.0","Cristián Correa, orcid.org/0000-0002-8608-6858","not-for-profit use only","Correa, Cristián, Maryse Boisjoly (2023) Base de datos empírica de peces de Chile. Valdivia, Chile.","Fish Database Correa-Boisjoly","Ocurrence"
"Río Canelo",-53.16270702,-71.52549097,2015,2015-02-25,"Oncorhynchus mykiss",4,"Mist Net","Río Canelo","Cristian Correa, Maryse Boisjoly, Jonathan Poblete","","CC BY-NC 4.0","Cristián Correa, orcid.org/0000-0002-8608-6858","not-for-profit use only","Correa, Cristián, Maryse Boisjoly (2023) Base de datos empírica de peces de Chile. Valdivia, Chile.","Fish Database Correa-Boisjoly","Ocurrence"
"Río Canelo",-53.16270702,-71.52549097,2015,2015-02-25,"Salmo trutta",7,"Mist Net","Río Canelo","Cristian Correa, Maryse Boisjoly, Jonathan Poblete","","CC BY-NC 4.0","Cristián Correa, orcid.org/0000-0002-8608-6858","not-for-profit use only","Correa, Cristián, Maryse Boisjoly (2023) Base de datos empírica de peces de Chile. Valdivia, Chile.","Fish Database Correa-Boisjoly","Ocurrence"
"Río Canelo",-53.16270702,-71.52549097,2015,2015-03-01,"Oncorhynchus kisutch",3,"Casting Net","Río Canelo","Cristian Correa","","CC BY-NC 4.0","Cristián Correa, orcid.org/0000-0002-8608-6858","not-for-profit use only","Correa, Cristián, Maryse Boisjoly (2023) Base de datos empírica de peces de Chile. Valdivia, Chile.","Fish Database Correa-Boisjoly","Ocurrence"
"Río Canelo",-53.16270702,-71.52549097,2015,2015-03-01,"Salmo trutta",2,"Casting Net","Río Canelo","Cristian Correa","","CC BY-NC 4.0","Cristián Correa, orcid.org/0000-0002-8608-6858","not-for-profit use only","Correa, Cristián, Maryse Boisjoly (2023) Base de datos empírica de peces de Chile. Valdivia, Chile.","Fish Database Correa-Boisjoly","Ocurrence"
"Río Canelo",-53.162707,-71.525491,2015,2015-02-25,"Oncorhynchus kisutch",5,"Casting Net","Río Canelo","Cristian Correa","","CC BY-NC 4.0","Cristián Correa, orcid.org/0000-0002-8608-6858","not-for-profit use only","Correa, Cristián, Maryse Boisjoly (2023) Base de datos empírica de peces de Chile. Valdivia, Chile.","Fish Database Correa-Boisjoly","Ocurrence"
"Río Canelo",-53.162707,-71.525491,2015,2015-02-25,"Oncorhynchus mykiss",16,"Casting Net","Río Canelo","Cristian Correa","","CC BY-NC 4.0","Cristián Correa, orcid.org/0000-0002-8608-6858","not-for-profit use only","Correa, Cristián, Maryse Boisjoly (2023) Base de datos empírica de peces de Chile. Valdivia, Chile.","Fish Database Correa-Boisjoly","Ocurrence"
"Río Canelo",-53.162707,-71.525491,2015,2015-02-25,"Salmo trutta",11,"Casting Net","Río Canelo","Cristian Correa","","CC BY-NC 4.0","Cristián Correa, orcid.org/0000-0002-8608-6858","not-for-profit use only","Correa, Cristián, Maryse Boisjoly (2023) Base de datos empírica de peces de Chile. Valdivia, Chile.","Fish Database Correa-Boisjoly","Ocurrence"
"Río Canelo",-53.16203,-71.526775,2015,2015-02-25,"Eleginops maclovinus",1,"Casting Net","Río Canelo","Cristian Correa","","CC BY-NC 4.0","Cristián Correa, orcid.org/0000-0002-8608-6858","not-for-profit use only","Correa, Cristián, Maryse Boisjoly (2023) Base de datos empírica de peces de Chile. Valdivia, Chile.","Fish Database Correa-Boisjoly","Ocurrence"
"Río Canelo",-53.16203,-71.526775,2015,2015-02-25,"Galaxias maculatus",1,"Casting Net","Río Canelo","Cristian Correa","","CC BY-NC 4.0","Cristián Correa, orcid.org/0000-0002-8608-6858","not-for-profit use only","Correa, Cristián, Maryse Boisjoly (2023) Base de datos empírica de peces de Chile. Valdivia, Chile.","Fish Database Correa-Boisjoly","Ocurrence"
"Río Canelo",-53.16203,-71.526775,2015,2015-02-25,"Oncorhynchus kisutch",7,"Casting Net","Río Canelo","Cristian Correa","","CC BY-NC 4.0","Cristián Correa, orcid.org/0000-0002-8608-6858","not-for-profit use only","Correa, Cristián, Maryse Boisjoly (2023) Base de datos empírica de peces de Chile. Valdivia, Chile.","Fish Database Correa-Boisjoly","Ocurrence"
"Río Canelo",-53.16203,-71.526775,2015,2015-02-25,"Salmo trutta",8,"Casting Net","Río Canelo","Cristian Correa","","CC BY-NC 4.0","Cristián Correa, orcid.org/0000-0002-8608-6858","not-for-profit use only","Correa, Cristián, Maryse Boisjoly (2023) Base de datos empírica de peces de Chile. Valdivia, Chile.","Fish Database Correa-Boisjoly","Ocurrence"
"Río Chingao",-46.45036303,-73.23168796,2019,2019-01-14,"Oncorhynchus tshawytscha",6,"Casting Net, Angling","Valle Exploradores","Cristian Correa, Julien Cucherousset, Simon Blanchet, Cristian Correa","","CC BY-NC 4.0","Cristián Correa, orcid.org/0000-0002-8608-6858","not-for-profit use only","Correa, Cristián, Maryse Boisjoly (2023) Base de datos empírica de peces de Chile. Valdivia, Chile.","Fish Database Correa-Boisjoly","Ocurrence"
"Río Chingao",-46.45036303,-73.23168796,2019,2019-01-14,"Salmo trutta",25,"Electric fishing, Casting Net, Angling","Valle Exploradores","Cristian Correa, Julien Cucherousset, Simon Blanchet, Cristian Correa","","CC BY-NC 4.0","Cristián Correa, orcid.org/0000-0002-8608-6858","not-for-profit use only","Correa, Cristián, Maryse Boisjoly (2023) Base de datos empírica de peces de Chile. Valdivia, Chile.","Fish Database Correa-Boisjoly","Ocurrence"
"Río Chingao",-46.45036,-73.23169,2019,2019-11-23,"Salmo trutta",0,"Angling","Valle Exploradores","Cristian Correa, Simon Blanchet, Julien Cucherousset","","CC BY-NC 4.0","Cristián Correa, orcid.org/0000-0002-8608-6858","not-for-profit use only","Correa, Cristián, Maryse Boisjoly (2023) Base de datos empírica de peces de Chile. Valdivia, Chile.","Fish Database Correa-Boisjoly","Ocurrence"
"Río Chingao",-46.4499939999999,-73.2317199999999,2023,2023-01-14,"Salmo trutta",13,"Angling","Valle Exploradores","Cristian Correa","","CC BY-NC 4.0","Cristián Correa, orcid.org/0000-0002-8608-6858","not-for-profit use only","Correa, Cristián, Maryse Boisjoly (2023) Base de datos empírica de peces de Chile. Valdivia, Chile.","Fish Database Correa-Boisjoly","Ocurrence"
"Río Chirifo",-46.6237,-72.6716,2023,2023-01-17,"Oncorhynchus mykiss",1,"Electric fishing","Lago General Carrera","Cristian Correa, Jaime Schienfeldt, Simon Blanchet","","CC BY-NC 4.0","Cristián Correa, orcid.org/0000-0002-8608-6858","not-for-profit use only","Correa, Cristián, Maryse Boisjoly (2023) Base de datos empírica de peces de Chile. Valdivia, Chile.","Fish Database Correa-Boisjoly","Ocurrence"
"Río Chirifo",-46.6237,-72.6716,2023,2023-01-17,"Salmo trutta",35,"Electric fishing","Lago General Carrera","Cristian Correa, Jaime Schienfeldt, Simon Blanchet","","CC BY-NC 4.0","Cristián Correa, orcid.org/0000-0002-8608-6858","not-for-profit use only","Correa, Cristián, Maryse Boisjoly (2023) Base de datos empírica de peces de Chile. Valdivia, Chile.","Fish Database Correa-Boisjoly","Ocurrence"
"Río Cisnes",-48.423623,-72.617085,2007,2007-03-24,"Galaxias platei",9,"Electric fishing","Cisnes","Cristian Correa","","CC BY-NC 4.0","Cristián Correa, orcid.org/0000-0002-8608-6858","not-for-profit use only","Correa, Cristián, Maryse Boisjoly (2023) Base de datos empírica de peces de Chile. Valdivia, Chile.","Fish Database Correa-Boisjoly","Ocurrence"
"Río Cisnes",-48.423623,-72.617085,2007,2007-03-24,"Salmo trutta",2,"Fly fishing","Cisnes","Cristian Correa","","CC BY-NC 4.0","Cristián Correa, orcid.org/0000-0002-8608-6858","not-for-profit use only","Correa, Cristián, Maryse Boisjoly (2023) Base de datos empírica de peces de Chile. Valdivia, Chile.","Fish Database Correa-Boisjoly","Ocurrence"
"Río Claro",-46.259192,-72.017419,2007,2007-04-06,"Oncorhynchus masou",2,"Bottom gillnet L","Rio Claro","Cristian Correa","","CC BY-NC 4.0","Cristián Correa, orcid.org/0000-0002-8608-6858","not-for-profit use only","Correa, Cristián, Maryse Boisjoly (2023) Base de datos empírica de peces de Chile. Valdivia, Chile.","Fish Database Correa-Boisjoly","Ocurrence"
"Río Claro",-46.259192,-72.017419,2007,2007-04-06,"Oncorhynchus mykiss",4,"Bottom gillnet L","Rio Claro","Cristian Correa","","CC BY-NC 4.0","Cristián Correa, orcid.org/0000-0002-8608-6858","not-for-profit use only","Correa, Cristián, Maryse Boisjoly (2023) Base de datos empírica de peces de Chile. Valdivia, Chile.","Fish Database Correa-Boisjoly","Ocurrence"
"Río Claro",-46.259192,-72.017419,2007,2007-04-06,"Salmo trutta",17,"Bottom gillnet L","Rio Claro","Cristian Correa","","CC BY-NC 4.0","Cristián Correa, orcid.org/0000-0002-8608-6858","not-for-profit use only","Correa, Cristián, Maryse Boisjoly (2023) Base de datos empírica de peces de Chile. Valdivia, Chile.","Fish Database Correa-Boisjoly","Ocurrence"
"Río Cole Cole",-42.507139,-74.183083,2016,2016-09-18,"Aplochiton marinus",11,"Trolling","Cole Cole","Jonathan Poblete","","CC BY-NC 4.0","Cristián Correa, orcid.org/0000-0002-8608-6858","not-for-profit use only","Correa, Cristián, Maryse Boisjoly (2023) Base de datos empírica de peces de Chile. Valdivia, Chile.","Fish Database Correa-Boisjoly","Ocurrence"
"Río Condor",-53.97042098,-70.09540896,2015,2015-02-14,"Oncorhynchus mykiss",1,"Gill Net Aplochitonera 3mX5m  X2","Río Condor","Cristian Correa, Maryse Boisjoly, Jonathan Poblete","","CC BY-NC 4.0","Cristián Correa, orcid.org/0000-0002-8608-6858","not-for-profit use only","Correa, Cristián, Maryse Boisjoly (2023) Base de datos empírica de peces de Chile. Valdivia, Chile.","Fish Database Correa-Boisjoly","Ocurrence"
"Río Condor",-53.97010298,-70.09418503,2015,2015-02-14,"Salmo trutta",2,"Gill Net Salmonera","Río Condor","Cristian Correa, Jonathan Poblete","","CC BY-NC 4.0","Cristián Correa, orcid.org/0000-0002-8608-6858","not-for-profit use only","Correa, Cristián, Maryse Boisjoly (2023) Base de datos empírica de peces de Chile. Valdivia, Chile.","Fish Database Correa-Boisjoly","Ocurrence"
"Río Condor",-53.96025399,-70.06476698,2015,2015-02-14,"Galaxias maculatus",11,"Electric fishing","Río Condor","Cristian Correa","","CC BY-NC 4.0","Cristián Correa, orcid.org/0000-0002-8608-6858","not-for-profit use only","Correa, Cristián, Maryse Boisjoly (2023) Base de datos empírica de peces de Chile. Valdivia, Chile.","Fish Database Correa-Boisjoly","Ocurrence"
"Río Condor",-53.96025399,-70.06476698,2015,2015-02-14,"Oncorhynchus mykiss",3,"Casting Net, Electric fishing","Río Condor","Cristian Correa, Jonathan Poblete, Cristian Correa","","CC BY-NC 4.0","Cristián Correa, orcid.org/0000-0002-8608-6858","not-for-profit use only","Correa, Cristián, Maryse Boisjoly (2023) Base de datos empírica de peces de Chile. Valdivia, Chile.","Fish Database Correa-Boisjoly","Ocurrence"
"Río Condor",-53.96025399,-70.06476698,2015,2015-02-14,"Oncorhynchus tshawytscha",1,"Casting Net","Río Condor","Cristian Correa, Jonathan Poblete","","CC BY-NC 4.0","Cristián Correa, orcid.org/0000-0002-8608-6858","not-for-profit use only","Correa, Cristián, Maryse Boisjoly (2023) Base de datos empírica de peces de Chile. Valdivia, Chile.","Fish Database Correa-Boisjoly","Ocurrence"
"Río Condor",-53.96025399,-70.06476698,2015,2015-02-14,"Salmo trutta",14,"Casting Net, Electric fishing","Río Condor","Cristian Correa, Jonathan Poblete, Cristian Correa","","CC BY-NC 4.0","Cristián Correa, orcid.org/0000-0002-8608-6858","not-for-profit use only","Correa, Cristián, Maryse Boisjoly (2023) Base de datos empírica de peces de Chile. Valdivia, Chile.","Fish Database Correa-Boisjoly","Ocurrence"
"Río Deñal",-42.56202397,-74.13270199,2017,2017-02-25,"Salmo trutta",3,"Gill Net Experimental","Río Deñal","Cristian Correa, Maryse Boisjoly, Camila Sola, Consuelo Guevara","","CC BY-NC 4.0","Cristián Correa, orcid.org/0000-0002-8608-6858","not-for-profit use only","Correa, Cristián, Maryse Boisjoly (2023) Base de datos empírica de peces de Chile. Valdivia, Chile.","Fish Database Correa-Boisjoly","Ocurrence"
"Río Deñal",-42.56160999,-74.13243896,2017,2017-02-25,"Aplochiton marinus",1,"Gill Net Aplochitonera 3mX10m","Río Deñal","Cristian Correa, Maryse Boisjoly, Camila Sola, Consuelo Guevara","","CC BY-NC 4.0","Cristián Correa, orcid.org/0000-0002-8608-6858","not-for-profit use only","Correa, Cristián, Maryse Boisjoly (2023) Base de datos empírica de peces de Chile. Valdivia, Chile.","Fish Database Correa-Boisjoly","Ocurrence"
"Río Deñal",-42.56160999,-74.13243896,2017,2017-02-25,"Aplochiton taeniatus",1,"Gill Net Aplochitonera 3mX10m","Río Deñal","Cristian Correa, Maryse Boisjoly, Camila Sola, Consuelo Guevara","","CC BY-NC 4.0","Cristián Correa, orcid.org/0000-0002-8608-6858","not-for-profit use only","Correa, Cristián, Maryse Boisjoly (2023) Base de datos empírica de peces de Chile. Valdivia, Chile.","Fish Database Correa-Boisjoly","Ocurrence"
"Río Deñal",-42.560533,-74.13144697,2017,2017-02-25,"Aplochiton marinus",1,"Gill Net Aplochitonera 3mX5m  X2","Río Deñal","Cristian Correa, Maryse Boisjoly, Camila Sola, Consuelo Guevara","","CC BY-NC 4.0","Cristián Correa, orcid.org/0000-0002-8608-6858","not-for-profit use only","Correa, Cristián, Maryse Boisjoly (2023) Base de datos empírica de peces de Chile. Valdivia, Chile.","Fish Database Correa-Boisjoly","Ocurrence"
"Río Deñal",-42.55987996,-74.12955701,2017,2017-02-25,"Aplochiton marinus",1,"Gill Net Aplochitonera 1.5mX7m","Río Deñal","Cristian Correa, Maryse Boisjoly, Camila Sola, Consuelo Guevara","","CC BY-NC 4.0","Cristián Correa, orcid.org/0000-0002-8608-6858","not-for-profit use only","Correa, Cristián, Maryse Boisjoly (2023) Base de datos empírica de peces de Chile. Valdivia, Chile.","Fish Database Correa-Boisjoly","Ocurrence"
"Río Deñal",-42.55921704,-74.12840802,2017,2017-02-25,"Galaxias maculatus",2,"Fyke net","Río Deñal","Cristian Correa, Maryse Boisjoly, Camila Sola, Consuelo Guevara","","CC BY-NC 4.0","Cristián Correa, orcid.org/0000-0002-8608-6858","not-for-profit use only","Correa, Cristián, Maryse Boisjoly (2023) Base de datos empírica de peces de Chile. Valdivia, Chile.","Fish Database Correa-Boisjoly","Ocurrence"
"Río Escondido",-51.41319897,-73.09226297,2015,2015-04-07,"Galaxias maculatus",2,"Visual Evaluation","Lago Escondido","Cristian Correa, Maryse Boisjoly","","CC BY-NC 4.0","Cristián Correa, orcid.org/0000-0002-8608-6858","not-for-profit use only","Correa, Cristián, Maryse Boisjoly (2023) Base de datos empírica de peces de Chile. Valdivia, Chile.","Fish Database Correa-Boisjoly","Ocurrence"
"Río Escondido",-51.41046798,-73.08863402,2015,2015-04-07,"Salmo trutta",7,"Mist Net","Lago Escondido","Cristian Correa, Maryse Boisjoly","","CC BY-NC 4.0","Cristián Correa, orcid.org/0000-0002-8608-6858","not-for-profit use only","Correa, Cristián, Maryse Boisjoly (2023) Base de datos empírica de peces de Chile. Valdivia, Chile.","Fish Database Correa-Boisjoly","Ocurrence"
"Río Ester",-46.3148259999999,-73.396842,2023,2023-01-12,"Oncorhynchus mykiss",1,"Angling","Valle Exploradores","Cristian Correa, Julien Cucherousset, Simon Blanchet","","CC BY-NC 4.0","Cristián Correa, orcid.org/0000-0002-8608-6858","not-for-profit use only","Correa, Cristián, Maryse Boisjoly (2023) Base de datos empírica de peces de Chile. Valdivia, Chile.","Fish Database Correa-Boisjoly","Ocurrence"
"Río Ester",-46.3148259999999,-73.396842,2023,2023-01-12,"Salmo trutta",18,"Angling","Valle Exploradores","Cristian Correa, Julien Cucherousset, Simon Blanchet","","CC BY-NC 4.0","Cristián Correa, orcid.org/0000-0002-8608-6858","not-for-profit use only","Correa, Cristián, Maryse Boisjoly (2023) Base de datos empírica de peces de Chile. Valdivia, Chile.","Fish Database Correa-Boisjoly","Ocurrence"
"Río Ester",-46.314784,-73.396989,2019,2019-01-20,"Salmo trutta",12,"Angling","Valle Exploradores","Cristian Correa, Julien Cucherousset, Simon Blanchet, Didier Galop, Jaime Schienfeldt","","CC BY-NC 4.0","Cristián Correa, orcid.org/0000-0002-8608-6858","not-for-profit use only","Correa, Cristián, Maryse Boisjoly (2023) Base de datos empírica de peces de Chile. Valdivia, Chile.","Fish Database Correa-Boisjoly","Ocurrence"
"Río Ester",-46.307724,-73.39932804,2019,2019-01-19,"Salmo trutta",1,"Angling","Valle Exploradores","Cristian Correa, Julien Cucherousset, Simon Blanchet, Jaime Schienfeldt","","CC BY-NC 4.0","Cristián Correa, orcid.org/0000-0002-8608-6858","not-for-profit use only","Correa, Cristián, Maryse Boisjoly (2023) Base de datos empírica de peces de Chile. Valdivia, Chile.","Fish Database Correa-Boisjoly","Ocurrence"
"Río Exploradores",-46.322833,-73.414824,2014,2014-04-07,"Oncorhynchus tshawytscha",16,"Casting Net","Valle Exploradores","Cristian Correa, Maryse Boisjoly","","CC BY-NC 4.0","Cristián Correa, orcid.org/0000-0002-8608-6858","not-for-profit use only","Correa, Cristián, Maryse Boisjoly (2023) Base de datos empírica de peces de Chile. Valdivia, Chile.","Fish Database Correa-Boisjoly","Ocurrence"
"Río Exploradores, Estación U de Chile",-46.296321,-73.407935,2019,2019-01-19,"Galaxias maculatus",1,"Electric fishing","Valle Exploradores","Cristian Correa","","CC BY-NC 4.0","Cristián Correa, orcid.org/0000-0002-8608-6858","not-for-profit use only","Correa, Cristián, Maryse Boisjoly (2023) Base de datos empírica de peces de Chile. Valdivia, Chile.","Fish Database Correa-Boisjoly","Ocurrence"
"Río Golondrina",-52.186377,-72.508772,2015,2015-03-08,"Galaxias maculatus",3,"Seine net","Río Golondrina","Maryse Boisjoly, Jonathan Poblete","","CC BY-NC 4.0","Cristián Correa, orcid.org/0000-0002-8608-6858","not-for-profit use only","Correa, Cristián, Maryse Boisjoly (2023) Base de datos empírica de peces de Chile. Valdivia, Chile.","Fish Database Correa-Boisjoly","Ocurrence"
"Río Golondrina",-52.186377,-72.508772,2015,2015-03-08,"Patagonotothen sp",61,"Seine net","Río Golondrina","Maryse Boisjoly, Jonathan Poblete","","CC BY-NC 4.0","Cristián Correa, orcid.org/0000-0002-8608-6858","not-for-profit use only","Correa, Cristián, Maryse Boisjoly (2023) Base de datos empírica de peces de Chile. Valdivia, Chile.","Fish Database Correa-Boisjoly","Ocurrence"
"Río Golondrina",-52.18593903,-72.51503399,2015,2015-03-09,"Oncorhynchus kisutch",6,"Casting Net","Río Golondrina","Cristian Correa","","CC BY-NC 4.0","Cristián Correa, orcid.org/0000-0002-8608-6858","not-for-profit use only","Correa, Cristián, Maryse Boisjoly (2023) Base de datos empírica de peces de Chile. Valdivia, Chile.","Fish Database Correa-Boisjoly","Ocurrence"
"Río Golondrina",-52.18593903,-72.51503399,2015,2015-03-10,"Oncorhynchus kisutch",23,"Gill Net Salmonera, Casting Net","Río Golondrina","Cristian Correa","","CC BY-NC 4.0","Cristián Correa, orcid.org/0000-0002-8608-6858","not-for-profit use only","Correa, Cristián, Maryse Boisjoly (2023) Base de datos empírica de peces de Chile. Valdivia, Chile.","Fish Database Correa-Boisjoly","Ocurrence"
"Río Golondrina",-52.18593903,-72.51503399,2015,2015-03-11,"Oncorhynchus kisutch",5,"Gill Net Salmonera","Río Golondrina","Cristian Correa, Maryse Boisjoly, Jonathan Poblete","","CC BY-NC 4.0","Cristián Correa, orcid.org/0000-0002-8608-6858","not-for-profit use only","Correa, Cristián, Maryse Boisjoly (2023) Base de datos empírica de peces de Chile. Valdivia, Chile.","Fish Database Correa-Boisjoly","Ocurrence"
"Río Golondrina",-52.18593903,-72.51503399,2015,2015-03-11,"Salmo trutta",1,"Gill Net Salmonera","Río Golondrina","Cristian Correa, Maryse Boisjoly, Jonathan Poblete","","CC BY-NC 4.0","Cristián Correa, orcid.org/0000-0002-8608-6858","not-for-profit use only","Correa, Cristián, Maryse Boisjoly (2023) Base de datos empírica de peces de Chile. Valdivia, Chile.","Fish Database Correa-Boisjoly","Ocurrence"
"Río Golondrina",-52.185849,-72.509879,2015,2015-03-08,"Galaxias maculatus",7,"Seine net","Río Golondrina","Maryse Boisjoly, Jonathan Poblete","","CC BY-NC 4.0","Cristián Correa, orcid.org/0000-0002-8608-6858","not-for-profit use only","Correa, Cristián, Maryse Boisjoly (2023) Base de datos empírica de peces de Chile. Valdivia, Chile.","Fish Database Correa-Boisjoly","Ocurrence"
"Río Golondrina",-52.18561096,-72.51529802,2015,2015-03-09,"Salmo trutta",1,"Mist Net","Río Golondrina","Cristian Correa","","CC BY-NC 4.0","Cristián Correa, orcid.org/0000-0002-8608-6858","not-for-profit use only","Correa, Cristián, Maryse Boisjoly (2023) Base de datos empírica de peces de Chile. Valdivia, Chile.","Fish Database Correa-Boisjoly","Ocurrence"
"Río Golondrina",-52.17796801,-72.51681003,2015,2015-03-09,"Salmo trutta",3,"Gill Net Aplochitonera 3mX10m","Río Golondrina","Cristian Correa","","CC BY-NC 4.0","Cristián Correa, orcid.org/0000-0002-8608-6858","not-for-profit use only","Correa, Cristián, Maryse Boisjoly (2023) Base de datos empírica de peces de Chile. Valdivia, Chile.","Fish Database Correa-Boisjoly","Ocurrence"
"Río Grande, Isla Riesco",-53.051483,-71.86795,2015,2015-03-03,"Eleginops maclovinus",5,"Gill Net","Río Grande Isla Riesco","Cristian Correa","","CC BY-NC 4.0","Cristián Correa, orcid.org/0000-0002-8608-6858","not-for-profit use only","Correa, Cristián, Maryse Boisjoly (2023) Base de datos empírica de peces de Chile. Valdivia, Chile.","Fish Database Correa-Boisjoly","Ocurrence"
"Río Grande, Isla Riesco",-53.00520301,-71.86775501,2015,2015-03-04,"Eleginops maclovinus",1,"Gill Net Salmonera","Río Grande Isla Riesco","Jonathan Poblete, Maryse Boisjoly, Cristian Correa","","CC BY-NC 4.0","Cristián Correa, orcid.org/0000-0002-8608-6858","not-for-profit use only","Correa, Cristián, Maryse Boisjoly (2023) Base de datos empírica de peces de Chile. Valdivia, Chile.","Fish Database Correa-Boisjoly","Ocurrence"
"Río Grande, Isla Riesco",-53.00520301,-71.86775501,2015,2015-03-04,"Salmo trutta",1,"Gill Net Salmonera","Río Grande Isla Riesco","Jonathan Poblete, Maryse Boisjoly, Cristian Correa","","CC BY-NC 4.0","Cristián Correa, orcid.org/0000-0002-8608-6858","not-for-profit use only","Correa, Cristián, Maryse Boisjoly (2023) Base de datos empírica de peces de Chile. Valdivia, Chile.","Fish Database Correa-Boisjoly","Ocurrence"
"Río Grande, Isla Riesco",-53.003727,-71.870513,2015,2015-03-03,"Eleginops maclovinus",4,"Gill Net Aplochitonera 1.5mX7m","Río Grande Isla Riesco","Cristian Correa","","CC BY-NC 4.0","Cristián Correa, orcid.org/0000-0002-8608-6858","not-for-profit use only","Correa, Cristián, Maryse Boisjoly (2023) Base de datos empírica de peces de Chile. Valdivia, Chile.","Fish Database Correa-Boisjoly","Ocurrence"
"Río Grande, Isla Riesco",-53.003727,-71.870513,2015,2015-03-03,"Salmo trutta",2,"Gill Net Aplochitonera 1.5mX7m","Río Grande Isla Riesco","Cristian Correa","","CC BY-NC 4.0","Cristián Correa, orcid.org/0000-0002-8608-6858","not-for-profit use only","Correa, Cristián, Maryse Boisjoly (2023) Base de datos empírica de peces de Chile. Valdivia, Chile.","Fish Database Correa-Boisjoly","Ocurrence"
"Río Grande, Isla Riesco",-53.002867,-71.869685,2015,2015-03-03,"Eleginops maclovinus",23,"Gill Net Salmonera, Gill Net Aplochitonera 1.5mX7m","Río Grande Isla Riesco","Cristian Correa","","CC BY-NC 4.0","Cristián Correa, orcid.org/0000-0002-8608-6858","not-for-profit use only","Correa, Cristián, Maryse Boisjoly (2023) Base de datos empírica de peces de Chile. Valdivia, Chile.","Fish Database Correa-Boisjoly","Ocurrence"
"Río Grande, Isla Riesco",-53.002867,-71.869685,2015,2015-03-03,"Oncorhynchus kisutch",2,"Gill Net Salmonera","Río Grande Isla Riesco","Cristian Correa","","CC BY-NC 4.0","Cristián Correa, orcid.org/0000-0002-8608-6858","not-for-profit use only","Correa, Cristián, Maryse Boisjoly (2023) Base de datos empírica de peces de Chile. Valdivia, Chile.","Fish Database Correa-Boisjoly","Ocurrence"
"Río Grande, Isla Riesco",-53.001574,-71.870626,2015,2015-03-05,"Galaxias maculatus",30,"Seine net","Río Grande Isla Riesco","Maryse Boisjoly, Jonathan Poblete","","CC BY-NC 4.0","Cristián Correa, orcid.org/0000-0002-8608-6858","not-for-profit use only","Correa, Cristián, Maryse Boisjoly (2023) Base de datos empírica de peces de Chile. Valdivia, Chile.","Fish Database Correa-Boisjoly","Ocurrence"
"Río Grande, Isla Riesco",-53.001574,-71.870626,2015,2015-03-05,"Oncorhynchus kisutch",9,"Seine net","Río Grande Isla Riesco","Maryse Boisjoly, Jonathan Poblete","","CC BY-NC 4.0","Cristián Correa, orcid.org/0000-0002-8608-6858","not-for-profit use only","Correa, Cristián, Maryse Boisjoly (2023) Base de datos empírica de peces de Chile. Valdivia, Chile.","Fish Database Correa-Boisjoly","Ocurrence"
"Río Grande, Isla Riesco",-53.001574,-71.870626,2015,2015-03-05,"Oncorhynchus mykiss",60,"Seine net","Río Grande Isla Riesco","Maryse Boisjoly, Jonathan Poblete","","CC BY-NC 4.0","Cristián Correa, orcid.org/0000-0002-8608-6858","not-for-profit use only","Correa, Cristián, Maryse Boisjoly (2023) Base de datos empírica de peces de Chile. Valdivia, Chile.","Fish Database Correa-Boisjoly","Ocurrence"
"Río Grande, Isla Riesco",-53.001574,-71.870626,2015,2015-03-05,"Oncorhynchus tshawytscha",3,"Seine net","Río Grande Isla Riesco","Maryse Boisjoly, Jonathan Poblete","","CC BY-NC 4.0","Cristián Correa, orcid.org/0000-0002-8608-6858","not-for-profit use only","Correa, Cristián, Maryse Boisjoly (2023) Base de datos empírica de peces de Chile. Valdivia, Chile.","Fish Database Correa-Boisjoly","Ocurrence"
"Río Grande, Isla Riesco",-53.00157398,-71.87062598,2015,2015-03-05,"Oncorhynchus mykiss",1,"Casting Net","Río Grande Isla Riesco","Cristian Correa, Maryse Boisjoly","","CC BY-NC 4.0","Cristián Correa, orcid.org/0000-0002-8608-6858","not-for-profit use only","Correa, Cristián, Maryse Boisjoly (2023) Base de datos empírica de peces de Chile. Valdivia, Chile.","Fish Database Correa-Boisjoly","Ocurrence"
"Río Grande, Isla Riesco",-53.00157398,-71.87062598,2015,2015-03-05,"Oncorhynchus tshawytscha",3,"Casting Net","Río Grande Isla Riesco","Cristian Correa, Maryse Boisjoly","","CC BY-NC 4.0","Cristián Correa, orcid.org/0000-0002-8608-6858","not-for-profit use only","Correa, Cristián, Maryse Boisjoly (2023) Base de datos empírica de peces de Chile. Valdivia, Chile.","Fish Database Correa-Boisjoly","Ocurrence"
"Río Grande, Isla Riesco",-53.00157398,-71.87062598,2015,2015-03-06,"Oncorhynchus tshawytscha",3,"Casting Net","Río Grande Isla Riesco","Cristian Correa","","CC BY-NC 4.0","Cristián Correa, orcid.org/0000-0002-8608-6858","not-for-profit use only","Correa, Cristián, Maryse Boisjoly (2023) Base de datos empírica de peces de Chile. Valdivia, Chile.","Fish Database Correa-Boisjoly","Ocurrence"
"Río Grande, Isla Riesco",-52.999012,-71.874612,2015,2015-03-04,"Aplochiton taeniatus",6,"Casting Net","Río Grande Isla Riesco","Cristian Correa","","CC BY-NC 4.0","Cristián Correa, orcid.org/0000-0002-8608-6858","not-for-profit use only","Correa, Cristián, Maryse Boisjoly (2023) Base de datos empírica de peces de Chile. Valdivia, Chile.","Fish Database Correa-Boisjoly","Ocurrence"
"Río Grande, Isla Riesco",-52.999012,-71.874612,2015,2015-03-04,"Galaxias maculatus",11,"Casting Net","Río Grande Isla Riesco","Cristian Correa","","CC BY-NC 4.0","Cristián Correa, orcid.org/0000-0002-8608-6858","not-for-profit use only","Correa, Cristián, Maryse Boisjoly (2023) Base de datos empírica de peces de Chile. Valdivia, Chile.","Fish Database Correa-Boisjoly","Ocurrence"
"Río Grande, Isla Riesco",-52.999012,-71.874612,2015,2015-03-04,"Oncorhynchus kisutch",9,"Casting Net","Río Grande Isla Riesco","Cristian Correa","","CC BY-NC 4.0","Cristián Correa, orcid.org/0000-0002-8608-6858","not-for-profit use only","Correa, Cristián, Maryse Boisjoly (2023) Base de datos empírica de peces de Chile. Valdivia, Chile.","Fish Database Correa-Boisjoly","Ocurrence"
"Río Grande, Isla Riesco",-52.999012,-71.874612,2015,2015-03-04,"Oncorhynchus mykiss",1,"Casting Net","Río Grande Isla Riesco","Cristian Correa","","CC BY-NC 4.0","Cristián Correa, orcid.org/0000-0002-8608-6858","not-for-profit use only","Correa, Cristián, Maryse Boisjoly (2023) Base de datos empírica de peces de Chile. Valdivia, Chile.","Fish Database Correa-Boisjoly","Ocurrence"
"Río Grande, Isla Riesco",-52.999012,-71.874612,2015,2015-03-04,"Oncorhynchus tshawytscha",4,"Casting Net","Río Grande Isla Riesco","Cristian Correa","","CC BY-NC 4.0","Cristián Correa, orcid.org/0000-0002-8608-6858","not-for-profit use only","Correa, Cristián, Maryse Boisjoly (2023) Base de datos empírica de peces de Chile. Valdivia, Chile.","Fish Database Correa-Boisjoly","Ocurrence"
"Río Grande, Isla Riesco",-52.999012,-71.874612,2015,2015-03-04,"Salmo trutta",18,"Casting Net, Spinning","Río Grande Isla Riesco","Cristian Correa, Jonathan Poblete","","CC BY-NC 4.0","Cristián Correa, orcid.org/0000-0002-8608-6858","not-for-profit use only","Correa, Cristián, Maryse Boisjoly (2023) Base de datos empírica de peces de Chile. Valdivia, Chile.","Fish Database Correa-Boisjoly","Ocurrence"
"Río Grande, Isla Riesco",-52.997123,-71.869048,2015,2015-03-02,"Oncorhynchus kisutch",1,"Electric fishing","Río Grande Isla Riesco","Cristian Correa","","CC BY-NC 4.0","Cristián Correa, orcid.org/0000-0002-8608-6858","not-for-profit use only","Correa, Cristián, Maryse Boisjoly (2023) Base de datos empírica de peces de Chile. Valdivia, Chile.","Fish Database Correa-Boisjoly","Ocurrence"
"Río Grande, Isla Riesco",-52.996775,-71.869758,2015,2015-03-04,"Oncorhynchus kisutch",1,"Electric fishing","Río Grande Isla Riesco","Cristian Correa","","CC BY-NC 4.0","Cristián Correa, orcid.org/0000-0002-8608-6858","not-for-profit use only","Correa, Cristián, Maryse Boisjoly (2023) Base de datos empírica de peces de Chile. Valdivia, Chile.","Fish Database Correa-Boisjoly","Ocurrence"
"Río Grande, Isla Riesco",-52.996775,-71.869758,2015,2015-03-04,"Salmo trutta",7,"Electric fishing","Río Grande Isla Riesco","Cristian Correa","","CC BY-NC 4.0","Cristián Correa, orcid.org/0000-0002-8608-6858","not-for-profit use only","Correa, Cristián, Maryse Boisjoly (2023) Base de datos empírica de peces de Chile. Valdivia, Chile.","Fish Database Correa-Boisjoly","Ocurrence"
"Río Grande, Isla Riesco",-52.996527,-71.870467,2015,2015-03-05,"Oncorhynchus kisutch",4,"Casting Net","Río Grande Isla Riesco","Cristian Correa","","CC BY-NC 4.0","Cristián Correa, orcid.org/0000-0002-8608-6858","not-for-profit use only","Correa, Cristián, Maryse Boisjoly (2023) Base de datos empírica de peces de Chile. Valdivia, Chile.","Fish Database Correa-Boisjoly","Ocurrence"
"Río Grande, Isla Riesco",-52.996527,-71.870467,2015,2015-03-05,"Oncorhynchus tshawytscha",1,"Casting Net","Río Grande Isla Riesco","Cristian Correa","","CC BY-NC 4.0","Cristián Correa, orcid.org/0000-0002-8608-6858","not-for-profit use only","Correa, Cristián, Maryse Boisjoly (2023) Base de datos empírica de peces de Chile. Valdivia, Chile.","Fish Database Correa-Boisjoly","Ocurrence"
"Río Grande, Isla Riesco",-52.996527,-71.870467,2015,2015-03-05,"Salmo trutta",1,"Casting Net","Río Grande Isla Riesco","Cristian Correa","","CC BY-NC 4.0","Cristián Correa, orcid.org/0000-0002-8608-6858","not-for-profit use only","Correa, Cristián, Maryse Boisjoly (2023) Base de datos empírica de peces de Chile. Valdivia, Chile.","Fish Database Correa-Boisjoly","Ocurrence"
"Río Grande, Isla Riesco",-52.99171,-71.87125,2015,2015-03-02,"Oncorhynchus kisutch",28,"Casting Net, Electric fishing","Río Grande Isla Riesco","Cristian Correa","","CC BY-NC 4.0","Cristián Correa, orcid.org/0000-0002-8608-6858","not-for-profit use only","Correa, Cristián, Maryse Boisjoly (2023) Base de datos empírica de peces de Chile. Valdivia, Chile.","Fish Database Correa-Boisjoly","Ocurrence"
"Río Grande, Isla Riesco",-52.99171,-71.87125,2015,2015-03-02,"Oncorhynchus tshawytscha",6,"Casting Net","Río Grande Isla Riesco","Cristian Correa","","CC BY-NC 4.0","Cristián Correa, orcid.org/0000-0002-8608-6858","not-for-profit use only","Correa, Cristián, Maryse Boisjoly (2023) Base de datos empírica de peces de Chile. Valdivia, Chile.","Fish Database Correa-Boisjoly","Ocurrence"
"Río Grande, Isla Riesco",-52.99171,-71.87125,2015,2015-03-02,"Salmo trutta",16,"Electric fishing, Casting Net","Río Grande Isla Riesco","Cristian Correa","","CC BY-NC 4.0","Cristián Correa, orcid.org/0000-0002-8608-6858","not-for-profit use only","Correa, Cristián, Maryse Boisjoly (2023) Base de datos empírica de peces de Chile. Valdivia, Chile.","Fish Database Correa-Boisjoly","Ocurrence"
"Río Grande, Isla Riesco",-52.98596,-71.88448,2015,2015-03-03,"Oncorhynchus kisutch",14,"Casting Net","Río Grande Isla Riesco","Cristian Correa, Jonathan Poblete","","CC BY-NC 4.0","Cristián Correa, orcid.org/0000-0002-8608-6858","not-for-profit use only","Correa, Cristián, Maryse Boisjoly (2023) Base de datos empírica de peces de Chile. Valdivia, Chile.","Fish Database Correa-Boisjoly","Ocurrence"
"Río Grande, Isla Riesco",-52.98596,-71.88448,2015,2015-03-03,"Oncorhynchus tshawytscha",4,"Casting Net","Río Grande Isla Riesco","Jonathan Poblete, Cristian Correa","","CC BY-NC 4.0","Cristián Correa, orcid.org/0000-0002-8608-6858","not-for-profit use only","Correa, Cristián, Maryse Boisjoly (2023) Base de datos empírica de peces de Chile. Valdivia, Chile.","Fish Database Correa-Boisjoly","Ocurrence"
"Río Grande, Isla Riesco",-52.98596,-71.88448,2015,2015-03-03,"Salmo trutta",5,"Casting Net","Río Grande Isla Riesco","Cristian Correa","","CC BY-NC 4.0","Cristián Correa, orcid.org/0000-0002-8608-6858","not-for-profit use only","Correa, Cristián, Maryse Boisjoly (2023) Base de datos empírica de peces de Chile. Valdivia, Chile.","Fish Database Correa-Boisjoly","Ocurrence"
"Río Huemules",-45.82125,-71.868028,2018,2018-03-18,"Oncorhynchus tshawytscha",4,"Gill Net","Rio Huemules","Nico Muñoz","","CC BY-NC 4.0","Cristián Correa, orcid.org/0000-0002-8608-6858","not-for-profit use only","Correa, Cristián, Maryse Boisjoly (2023) Base de datos empírica de peces de Chile. Valdivia, Chile.","Fish Database Correa-Boisjoly","Ocurrence"
"Río Huicha",-41.88564797,-73.62790396,2017,2017-02-15,"Brachygalaxias bulloki",50,"Casting Net","Río Huicha","Cristian Correa, Camila Sola","","CC BY-NC 4.0","Cristián Correa, orcid.org/0000-0002-8608-6858","not-for-profit use only","Correa, Cristián, Maryse Boisjoly (2023) Base de datos empírica de peces de Chile. Valdivia, Chile.","Fish Database Correa-Boisjoly","Ocurrence"
"Río Huicha",-41.88564797,-73.62790396,2017,2017-02-15,"Galaxias sp.",1,"Dip net","Río Huicha","Maryse Boisjoly, Consuelo Guevara","","CC BY-NC 4.0","Cristián Correa, orcid.org/0000-0002-8608-6858","not-for-profit use only","Correa, Cristián, Maryse Boisjoly (2023) Base de datos empírica de peces de Chile. Valdivia, Chile.","Fish Database Correa-Boisjoly","Ocurrence"
"Río Huicha",-41.88564797,-73.62790396,2017,2017-02-15,"Oncorhynchus mykiss",1,"Casting Net","Río Huicha","Cristian Correa, Camila Sola","","CC BY-NC 4.0","Cristián Correa, orcid.org/0000-0002-8608-6858","not-for-profit use only","Correa, Cristián, Maryse Boisjoly (2023) Base de datos empírica de peces de Chile. Valdivia, Chile.","Fish Database Correa-Boisjoly","Ocurrence"
"Río Huicha",-41.879786,-73.65320097,2017,2017-02-14,"Aplochiton taeniatus",17,"Casting Net, Fly fishing","Río Huicha","Cristian Correa, Camila Sola, Consuelo Guevara, Maryse Boisjoly","","CC BY-NC 4.0","Cristián Correa, orcid.org/0000-0002-8608-6858","not-for-profit use only","Correa, Cristián, Maryse Boisjoly (2023) Base de datos empírica de peces de Chile. Valdivia, Chile.","Fish Database Correa-Boisjoly","Ocurrence"
"Río Huicha",-41.879786,-73.65320097,2017,2017-02-14,"Oncorhynchus mykiss",2,"Casting Net","Río Huicha","Cristian Correa, Camila Sola, Consuelo Guevara, Maryse Boisjoly","","CC BY-NC 4.0","Cristián Correa, orcid.org/0000-0002-8608-6858","not-for-profit use only","Correa, Cristián, Maryse Boisjoly (2023) Base de datos empírica de peces de Chile. Valdivia, Chile.","Fish Database Correa-Boisjoly","Ocurrence"
"Río Huicha",-41.879786,-73.65320097,2017,2017-02-15,"Brachygalaxias bulloki",30,"Hand Collected","Río Huicha","Cristian Correa, Maryse Boisjoly, Camila Sola, Consuelo Guevara","","CC BY-NC 4.0","Cristián Correa, orcid.org/0000-0002-8608-6858","not-for-profit use only","Correa, Cristián, Maryse Boisjoly (2023) Base de datos empírica de peces de Chile. Valdivia, Chile.","Fish Database Correa-Boisjoly","Ocurrence"
"Río Jaramillo",-47.699606,-73.049292,2007,2007-03-19,"Oncorhynchus mykiss",1,"Electric fishing","Jaramillo River","Cristian Correa","","CC BY-NC 4.0","Cristián Correa, orcid.org/0000-0002-8608-6858","not-for-profit use only","Correa, Cristián, Maryse Boisjoly (2023) Base de datos empírica de peces de Chile. Valdivia, Chile.","Fish Database Correa-Boisjoly","Ocurrence"
"Río Jaramillo",-47.699606,-73.049292,2007,2007-03-19,"Oncorhynchus tshawytscha",7,"Electric fishing","Jaramillo River","Cristian Correa","","CC BY-NC 4.0","Cristián Correa, orcid.org/0000-0002-8608-6858","not-for-profit use only","Correa, Cristián, Maryse Boisjoly (2023) Base de datos empírica de peces de Chile. Valdivia, Chile.","Fish Database Correa-Boisjoly","Ocurrence"
"Río Jaramillo",-47.699606,-73.049292,2007,2007-03-19,"Salmo trutta",20,"Electric fishing","Jaramillo River","Cristian Correa","","CC BY-NC 4.0","Cristián Correa, orcid.org/0000-0002-8608-6858","not-for-profit use only","Correa, Cristián, Maryse Boisjoly (2023) Base de datos empírica de peces de Chile. Valdivia, Chile.","Fish Database Correa-Boisjoly","Ocurrence"
"Río Jaramillo",-47.699606,-73.049292,2007,2007-03-31,"Oncorhynchus tshawytscha",8,"Fly fishing","Jaramillo River","Cristian Correa","","CC BY-NC 4.0","Cristián Correa, orcid.org/0000-0002-8608-6858","not-for-profit use only","Correa, Cristián, Maryse Boisjoly (2023) Base de datos empírica de peces de Chile. Valdivia, Chile.","Fish Database Correa-Boisjoly","Ocurrence"
"Río Jaramillo",-47.699606,-73.049292,2007,2007-03-31,"Salmo trutta",1,"Fly fishing","Jaramillo River","Cristian Correa","","CC BY-NC 4.0","Cristián Correa, orcid.org/0000-0002-8608-6858","not-for-profit use only","Correa, Cristián, Maryse Boisjoly (2023) Base de datos empírica de peces de Chile. Valdivia, Chile.","Fish Database Correa-Boisjoly","Ocurrence"
"Río Jaramillo",-47.699606,-73.049292,2014,2014-04-11,"Oncorhynchus mykiss",1,"Hook","Jaramillo River","Cristian Correa, Maryse Boisjoly","","CC BY-NC 4.0","Cristián Correa, orcid.org/0000-0002-8608-6858","not-for-profit use only","Correa, Cristián, Maryse Boisjoly (2023) Base de datos empírica de peces de Chile. Valdivia, Chile.","Fish Database Correa-Boisjoly","Ocurrence"
"Río Jaramillo",-47.699606,-73.049292,2014,2014-04-11,"Oncorhynchus tshawytscha",7,"Hook","Jaramillo River","Cristian Correa, Maryse Boisjoly","","CC BY-NC 4.0","Cristián Correa, orcid.org/0000-0002-8608-6858","not-for-profit use only","Correa, Cristián, Maryse Boisjoly (2023) Base de datos empírica de peces de Chile. Valdivia, Chile.","Fish Database Correa-Boisjoly","Ocurrence"
"Río Jaramillo",-47.69917902,-73.04933304,2014,2014-04-11,"Oncorhynchus tshawytscha",7,"Gill Net Salmonera","Jaramillo River","Cristian Correa, Maryse Boisjoly","","CC BY-NC 4.0","Cristián Correa, orcid.org/0000-0002-8608-6858","not-for-profit use only","Correa, Cristián, Maryse Boisjoly (2023) Base de datos empírica de peces de Chile. Valdivia, Chile.","Fish Database Correa-Boisjoly","Ocurrence"
"Río Jaramillo",-47.699167,-73.049333,2004,2004-03-18,"Oncorhynchus tshawytscha",8,"Angling","Jaramillo (Baker)","Cristian Correa","(Correa and Moran 2017) | (Narum et al. 2017)","CC BY-NC 4.0","Cristián Correa, orcid.org/0000-0002-8608-6858","not-for-profit use only","Correa, Cristián, Maryse Boisjoly (2023) Base de datos empírica de peces de Chile. Valdivia, Chile.","Fish Database Correa-Boisjoly","Ocurrence"
"Río Jaramillo",-47.699167,-73.049333,2004,2004-03-26,"Oncorhynchus tshawytscha",43,"Gillnet","Jaramillo (Baker)","Cristian Correa","(Correa and Moran 2017) | (Narum et al. 2017)","CC BY-NC 4.0","Cristián Correa, orcid.org/0000-0002-8608-6858","not-for-profit use only","Correa, Cristián, Maryse Boisjoly (2023) Base de datos empírica de peces de Chile. Valdivia, Chile.","Fish Database Correa-Boisjoly","Ocurrence"
"Río Jaramillo",-47.697824,-73.07629603,2014,2014-04-12,"Oncorhynchus tshawytscha",1,"Gill Net Salmonera","Jaramillo River","Cristian Correa, Maryse Boisjoly","","CC BY-NC 4.0","Cristián Correa, orcid.org/0000-0002-8608-6858","not-for-profit use only","Correa, Cristián, Maryse Boisjoly (2023) Base de datos empírica de peces de Chile. Valdivia, Chile.","Fish Database Correa-Boisjoly","Ocurrence"
"Río Jaramillo",-47.697824,-73.07629603,2014,2014-04-12,"Salmo trutta",2,"Gill Net Salmonera","Jaramillo River","Cristian Correa, Maryse Boisjoly","","CC BY-NC 4.0","Cristián Correa, orcid.org/0000-0002-8608-6858","not-for-profit use only","Correa, Cristián, Maryse Boisjoly (2023) Base de datos empírica de peces de Chile. Valdivia, Chile.","Fish Database Correa-Boisjoly","Ocurrence"
"Río Los Patos",-41.86186398,-73.52425704,2017,2017-02-13,"Eleginops maclovinus",100,"Dip net","Río Los Patos","Cristian Correa, Camila Sola, Consuelo Guevara, Maryse Boisjoly","","CC BY-NC 4.0","Cristián Correa, orcid.org/0000-0002-8608-6858","not-for-profit use only","Correa, Cristián, Maryse Boisjoly (2023) Base de datos empírica de peces de Chile. Valdivia, Chile.","Fish Database Correa-Boisjoly","Ocurrence"
"Río Los Patos",-41.86186398,-73.52425704,2017,2017-02-13,"Galaxias maculatus",1,"Dip net","Río Los Patos","Cristian Correa, Camila Sola, Consuelo Guevara, Maryse Boisjoly","","CC BY-NC 4.0","Cristián Correa, orcid.org/0000-0002-8608-6858","not-for-profit use only","Correa, Cristián, Maryse Boisjoly (2023) Base de datos empírica de peces de Chile. Valdivia, Chile.","Fish Database Correa-Boisjoly","Ocurrence"
"Río Los Patos",-41.861861,-73.52425,2017,2017-02-13,"Aplochiton zebra",64,"Dip net","Río Los Patos","Cristian Correa, Camila Sola, Consuelo Guevara, Maryse Boisjoly","","CC BY-NC 4.0","Cristián Correa, orcid.org/0000-0002-8608-6858","not-for-profit use only","Correa, Cristián, Maryse Boisjoly (2023) Base de datos empírica de peces de Chile. Valdivia, Chile.","Fish Database Correa-Boisjoly","Ocurrence"
"Río Los Patos",-41.861861,-73.52425,2017,2017-02-13,"Brachygalaxias bulloki",8,"Dip net","Río Los Patos","Cristian Correa, Camila Sola, Consuelo Guevara, Maryse Boisjoly","","CC BY-NC 4.0","Cristián Correa, orcid.org/0000-0002-8608-6858","not-for-profit use only","Correa, Cristián, Maryse Boisjoly (2023) Base de datos empírica de peces de Chile. Valdivia, Chile.","Fish Database Correa-Boisjoly","Ocurrence"
"Río Los Patos",-41.861861,-73.52425,2017,2017-02-13,"Galaxias maculatus",22,"Dip net","Río Los Patos","Cristian Correa, Camila Sola, Consuelo Guevara, Maryse Boisjoly","","CC BY-NC 4.0","Cristián Correa, orcid.org/0000-0002-8608-6858","not-for-profit use only","Correa, Cristián, Maryse Boisjoly (2023) Base de datos empírica de peces de Chile. Valdivia, Chile.","Fish Database Correa-Boisjoly","Ocurrence"
"Río Los Patos",-41.86115102,-73.52625503,2017,2017-02-13,"Aplochiton zebra",20,"NA","Río Los Patos","Cristian Correa, Camila Sola, Consuelo Guevara, Maryse Boisjoly","","CC BY-NC 4.0","Cristián Correa, orcid.org/0000-0002-8608-6858","not-for-profit use only","Correa, Cristián, Maryse Boisjoly (2023) Base de datos empírica de peces de Chile. Valdivia, Chile.","Fish Database Correa-Boisjoly","Ocurrence"
"Río Manihuales",-45.21675,-72.207222,2018,2018-01-26,"Oncorhynchus tshawytscha",3,"Rod","Rio Manihuales","Nico Muñoz","","CC BY-NC 4.0","Cristián Correa, orcid.org/0000-0002-8608-6858","not-for-profit use only","Correa, Cristián, Maryse Boisjoly (2023) Base de datos empírica de peces de Chile. Valdivia, Chile.","Fish Database Correa-Boisjoly","Ocurrence"
"Río Maqui",-46.82154,-72.66475,2009,2009-04-10,"Salmo trutta",3,"Bottom gillnet L","Maqui River","Cristian Correa","","CC BY-NC 4.0","Cristián Correa, orcid.org/0000-0002-8608-6858","not-for-profit use only","Correa, Cristián, Maryse Boisjoly (2023) Base de datos empírica de peces de Chile. Valdivia, Chile.","Fish Database Correa-Boisjoly","Ocurrence"
"Río Marazzi",-53.48407,-69.26484,2015,2015-02-18,"Salmo trutta",39,"Electric fishing","Río Marazzi (Pingüino)","Cristian Correa, Maryse Boisjoly, Jonathan Poblete","","CC BY-NC 4.0","Cristián Correa, orcid.org/0000-0002-8608-6858","not-for-profit use only","Correa, Cristián, Maryse Boisjoly (2023) Base de datos empírica de peces de Chile. Valdivia, Chile.","Fish Database Correa-Boisjoly","Ocurrence"
"Río Marazzi",-53.47042596,-69.30268896,2015,2015-02-19,"Salmo trutta",1,"Gill Net Aplochitonera 3mX10m","Río Marazzi (Pingüino)","Cristian Correa, Maryse Boisjoly, Jonathan Poblete","","CC BY-NC 4.0","Cristián Correa, orcid.org/0000-0002-8608-6858","not-for-profit use only","Correa, Cristián, Maryse Boisjoly (2023) Base de datos empírica de peces de Chile. Valdivia, Chile.","Fish Database Correa-Boisjoly","Ocurrence"
"Río Marazzi",-53.47009202,-69.301316,2015,2015-02-19,"Salmo trutta",1,"Mist Net","Río Marazzi (Pingüino)","Cristian Correa, Maryse Boisjoly, Jonathan Poblete","","CC BY-NC 4.0","Cristián Correa, orcid.org/0000-0002-8608-6858","not-for-profit use only","Correa, Cristián, Maryse Boisjoly (2023) Base de datos empírica de peces de Chile. Valdivia, Chile.","Fish Database Correa-Boisjoly","Ocurrence"
"Río Marazzi",-53.46436,-69.3087,2015,2015-02-19,"Galaxias maculatus",32,"Electric fishing","Río Marazzi (Pingüino)","Cristian Correa, Maryse Boisjoly, Jonathan Poblete","","CC BY-NC 4.0","Cristián Correa, orcid.org/0000-0002-8608-6858","not-for-profit use only","Correa, Cristián, Maryse Boisjoly (2023) Base de datos empírica de peces de Chile. Valdivia, Chile.","Fish Database Correa-Boisjoly","Ocurrence"
"Río Marazzi",-53.46436,-69.3087,2015,2015-02-19,"Geotria macrostoma",1,"Electric fishing","Río Marazzi (Pingüino)","Cristian Correa, Maryse Boisjoly, Jonathan Poblete","","CC BY-NC 4.0","Cristián Correa, orcid.org/0000-0002-8608-6858","not-for-profit use only","Correa, Cristián, Maryse Boisjoly (2023) Base de datos empírica de peces de Chile. Valdivia, Chile.","Fish Database Correa-Boisjoly","Ocurrence"
"Río Marazzi",-53.45418,-69.31177,2015,2015-02-19,"Galaxias maculatus",73,"Electric fishing","Río Marazzi (Pingüino)","Cristian Correa, Maryse Boisjoly, Jonathan Poblete","","CC BY-NC 4.0","Cristián Correa, orcid.org/0000-0002-8608-6858","not-for-profit use only","Correa, Cristián, Maryse Boisjoly (2023) Base de datos empírica de peces de Chile. Valdivia, Chile.","Fish Database Correa-Boisjoly","Ocurrence"
"Río Marazzi",-53.45418,-69.31177,2015,2015-02-19,"Salmo trutta",1,"Electric fishing","Río Marazzi (Pingüino)","Cristian Correa, Maryse Boisjoly, Jonathan Poblete","","CC BY-NC 4.0","Cristián Correa, orcid.org/0000-0002-8608-6858","not-for-profit use only","Correa, Cristián, Maryse Boisjoly (2023) Base de datos empírica de peces de Chile. Valdivia, Chile.","Fish Database Correa-Boisjoly","Ocurrence"
"Río Mayer",-53.68736898,-69.924035,2015,2015-02-17,"Oncorhynchus mykiss",5,"Casting Net","Río Mayer","Cristian Correa, Maryse Boisjoly","","CC BY-NC 4.0","Cristián Correa, orcid.org/0000-0002-8608-6858","not-for-profit use only","Correa, Cristián, Maryse Boisjoly (2023) Base de datos empírica de peces de Chile. Valdivia, Chile.","Fish Database Correa-Boisjoly","Ocurrence"
"Río Negro, Chepu",-42.05422699,-73.92578901,2017,2017-02-17,"Brachygalaxias bulloki",1,"Fyke net","Río Negro (Chepu)","Cristian Correa, Camila Sola, Consuelo Guevara, Maryse Boisjoly","","CC BY-NC 4.0","Cristián Correa, orcid.org/0000-0002-8608-6858","not-for-profit use only","Correa, Cristián, Maryse Boisjoly (2023) Base de datos empírica de peces de Chile. Valdivia, Chile.","Fish Database Correa-Boisjoly","Ocurrence"
"Río Negro, Chepu",-42.05422699,-73.92578901,2017,2017-02-17,"Galaxias maculatus",20,"Fyke net","Río Negro (Chepu)","Cristian Correa, Camila Sola, Consuelo Guevara, Maryse Boisjoly","","CC BY-NC 4.0","Cristián Correa, orcid.org/0000-0002-8608-6858","not-for-profit use only","Correa, Cristián, Maryse Boisjoly (2023) Base de datos empírica de peces de Chile. Valdivia, Chile.","Fish Database Correa-Boisjoly","Ocurrence"
"Río Negro, Chepu",-42.04928904,-73.91704299,2017,2017-02-17,"Cheirodon",20,"Minnow Trap","Río Negro (Chepu)","Cristian Correa, Camila Sola, Consuelo Guevara, Maryse Boisjoly","","CC BY-NC 4.0","Cristián Correa, orcid.org/0000-0002-8608-6858","not-for-profit use only","Correa, Cristián, Maryse Boisjoly (2023) Base de datos empírica de peces de Chile. Valdivia, Chile.","Fish Database Correa-Boisjoly","Ocurrence"
"Río Nodales",-53.86857,-71.183041,2020,2020-03-06,"Oncorhynchus kisutch",55,"Electric fishing, Casting Net","Rio Nodales","Cristian Correa, Benjamin Caceres","","CC BY-NC 4.0","Cristián Correa, orcid.org/0000-0002-8608-6858","not-for-profit use only","Correa, Cristián, Maryse Boisjoly (2023) Base de datos empírica de peces de Chile. Valdivia, Chile.","Fish Database Correa-Boisjoly","Ocurrence"
"Río Norte, Exploradores",-46.595225,-72.890685,2019,2019-01-21,"Salmo trutta",50,"Electric fishing","Valle Exploradores","Cristian Correa","","CC BY-NC 4.0","Cristián Correa, orcid.org/0000-0002-8608-6858","not-for-profit use only","Correa, Cristián, Maryse Boisjoly (2023) Base de datos empírica de peces de Chile. Valdivia, Chile.","Fish Database Correa-Boisjoly","Ocurrence"
"Río Oscuro",-46.360878,-73.277997,2019,2019-01-19,"Oncorhynchus tshawytscha",4,"Angling","Valle Exploradores","Cristian Correa, Julien Cucherousset, Simon Blanchet, Didier Galop, Jaime Schienfeldt","","CC BY-NC 4.0","Cristián Correa, orcid.org/0000-0002-8608-6858","not-for-profit use only","Correa, Cristián, Maryse Boisjoly (2023) Base de datos empírica de peces de Chile. Valdivia, Chile.","Fish Database Correa-Boisjoly","Ocurrence"
"Río Oscuro",-46.360878,-73.277997,2019,2019-01-19,"Salmo trutta",60,"Angling","Valle Exploradores","Cristian Correa, Julien Cucherousset, Simon Blanchet, Didier Galop, Jaime Schienfeldt","","CC BY-NC 4.0","Cristián Correa, orcid.org/0000-0002-8608-6858","not-for-profit use only","Correa, Cristián, Maryse Boisjoly (2023) Base de datos empírica de peces de Chile. Valdivia, Chile.","Fish Database Correa-Boisjoly","Ocurrence"
"Río Oscuro",-46.3605939999999,-73.27795,2023,2023-01-11,"Salmo trutta",5,"Angling","Valle Exploradores","Cristian Correa, Julien Cucherousset, Simon Blanchet","","CC BY-NC 4.0","Cristián Correa, orcid.org/0000-0002-8608-6858","not-for-profit use only","Correa, Cristián, Maryse Boisjoly (2023) Base de datos empírica de peces de Chile. Valdivia, Chile.","Fish Database Correa-Boisjoly","Ocurrence"
"Río Oscuro",-46.355767,-73.295443,2019,2019-01-17,"Oncorhynchus tshawytscha",12,"Casting Net","Valle Exploradores","Cristian Correa, Julien Cucherousset, Simon Blanchet","","CC BY-NC 4.0","Cristián Correa, orcid.org/0000-0002-8608-6858","not-for-profit use only","Correa, Cristián, Maryse Boisjoly (2023) Base de datos empírica de peces de Chile. Valdivia, Chile.","Fish Database Correa-Boisjoly","Ocurrence"
"Río Oscuro",-46.355767,-73.295443,2019,2019-01-17,"Salmo trutta",2,"Casting Net","Valle Exploradores","Cristian Correa, Julien Cucherousset, Simon Blanchet","","CC BY-NC 4.0","Cristián Correa, orcid.org/0000-0002-8608-6858","not-for-profit use only","Correa, Cristián, Maryse Boisjoly (2023) Base de datos empírica de peces de Chile. Valdivia, Chile.","Fish Database Correa-Boisjoly","Ocurrence"
"Río Oscuro",-46.3551539999999,-73.294573,2023,2023-01-11,"Salmo trutta",11,"Angling","Valle Exploradores","Cristian Correa, Simon Blanchet, Julien Cucherousset","","CC BY-NC 4.0","Cristián Correa, orcid.org/0000-0002-8608-6858","not-for-profit use only","Correa, Cristián, Maryse Boisjoly (2023) Base de datos empírica de peces de Chile. Valdivia, Chile.","Fish Database Correa-Boisjoly","Ocurrence"
"Río Oscuro",-46.3546899999999,-73.292792,2023,2023-01-11,"Salmo trutta",1,"Angling","Valle Exploradores","Cristian Correa, Julien Cucherousset, Simon Blanchet","","CC BY-NC 4.0","Cristián Correa, orcid.org/0000-0002-8608-6858","not-for-profit use only","Correa, Cristián, Maryse Boisjoly (2023) Base de datos empírica de peces de Chile. Valdivia, Chile.","Fish Database Correa-Boisjoly","Ocurrence"
"Río Oscuro",-46.352131,-73.319928,2023,2023-01-11,"Oncorhynchus tshawytscha",1,"Angling","Valle Exploradores","Cristian Correa, Simon Blanchet, Julien Cucherousset","","CC BY-NC 4.0","Cristián Correa, orcid.org/0000-0002-8608-6858","not-for-profit use only","Correa, Cristián, Maryse Boisjoly (2023) Base de datos empírica de peces de Chile. Valdivia, Chile.","Fish Database Correa-Boisjoly","Ocurrence"
"Río Oscuro",-46.352003,-73.320371,2019,2019-01-14,"Oncorhynchus tshawytscha",4,"Angling","Valle Exploradores","Jaime Schienfeldt","","CC BY-NC 4.0","Cristián Correa, orcid.org/0000-0002-8608-6858","not-for-profit use only","Correa, Cristián, Maryse Boisjoly (2023) Base de datos empírica de peces de Chile. Valdivia, Chile.","Fish Database Correa-Boisjoly","Ocurrence"
"Río Palena",-44.014403,-72.575678,2023,2023-02-03,"Aplochiton taeniatus",1,"Spinning","Palena","Cristian Correa, Gael Correa Boisjoly","","CC BY-NC 4.0","Cristián Correa, orcid.org/0000-0002-8608-6858","not-for-profit use only","Correa, Cristián, Maryse Boisjoly (2023) Base de datos empírica de peces de Chile. Valdivia, Chile.","Fish Database Correa-Boisjoly","Ocurrence"
"Río Palena",-44.014403,-72.575678,2023,2023-02-03,"Oncorhynchus mykiss",5,"Casting Net","Palena","Cristian Correa","","CC BY-NC 4.0","Cristián Correa, orcid.org/0000-0002-8608-6858","not-for-profit use only","Correa, Cristián, Maryse Boisjoly (2023) Base de datos empírica de peces de Chile. Valdivia, Chile.","Fish Database Correa-Boisjoly","Ocurrence"
"Río Palena",-44.014403,-72.575678,2023,2023-02-03,"Oncorhynchus tshawytscha",4,"Spinning, Casting Net","Palena","Cristian Correa, Gael Correa Boisjoly, Cristian Correa","","CC BY-NC 4.0","Cristián Correa, orcid.org/0000-0002-8608-6858","not-for-profit use only","Correa, Cristián, Maryse Boisjoly (2023) Base de datos empírica de peces de Chile. Valdivia, Chile.","Fish Database Correa-Boisjoly","Ocurrence"
"Río Palena",-44.014403,-72.575678,2023,2023-02-03,"Salmo trutta",3,"Spinning","Palena","Cristian Correa, Gael Correa Boisjoly","","CC BY-NC 4.0","Cristián Correa, orcid.org/0000-0002-8608-6858","not-for-profit use only","Correa, Cristián, Maryse Boisjoly (2023) Base de datos empírica de peces de Chile. Valdivia, Chile.","Fish Database Correa-Boisjoly","Ocurrence"
"Río Pico",-44.201712,-71.832959,2004,2004-04-05,"Oncorhynchus tshawytscha",1,"NA","Pico (Palena)","Cristian Correa","","CC BY-NC 4.0","Cristián Correa, orcid.org/0000-0002-8608-6858","not-for-profit use only","Correa, Cristián, Maryse Boisjoly (2023) Base de datos empírica de peces de Chile. Valdivia, Chile.","Fish Database Correa-Boisjoly","Ocurrence"
"Río Pico",-44.20171198,-71.83295896,2014,2014-03-06,"Oncorhynchus mykiss",5,"Multiple","Pico (Palena)","Cristian Correa, Maryse Boisjoly","","CC BY-NC 4.0","Cristián Correa, orcid.org/0000-0002-8608-6858","not-for-profit use only","Correa, Cristián, Maryse Boisjoly (2023) Base de datos empírica de peces de Chile. Valdivia, Chile.","Fish Database Correa-Boisjoly","Ocurrence"
"Río Pico",-44.20171198,-71.83295896,2014,2014-03-06,"Oncorhynchus tshawytscha",8,"Multiple","Pico (Palena)","Cristian Correa, Maryse Boisjoly","","CC BY-NC 4.0","Cristián Correa, orcid.org/0000-0002-8608-6858","not-for-profit use only","Correa, Cristián, Maryse Boisjoly (2023) Base de datos empírica de peces de Chile. Valdivia, Chile.","Fish Database Correa-Boisjoly","Ocurrence"
"Río Pistelli",-45.6935,-73.1974,2023,2023-01-30,"Salmo trutta",1,"Angling","Quitralco","Cristian Correa, Brian Reid","","CC BY-NC 4.0","Cristián Correa, orcid.org/0000-0002-8608-6858","not-for-profit use only","Correa, Cristián, Maryse Boisjoly (2023) Base de datos empírica de peces de Chile. Valdivia, Chile.","Fish Database Correa-Boisjoly","Ocurrence"
"Río Prat",-51.564765,-72.73449,2015,2015-04-16,"Oncorhynchus kisutch",8,"Casting Net","Río Prat","Cristian Correa, Maryse Boisjoly","","CC BY-NC 4.0","Cristián Correa, orcid.org/0000-0002-8608-6858","not-for-profit use only","Correa, Cristián, Maryse Boisjoly (2023) Base de datos empírica de peces de Chile. Valdivia, Chile.","Fish Database Correa-Boisjoly","Ocurrence"
"Río Prat",-51.564765,-72.73449,2015,2015-04-16,"Oncorhynchus tshawytscha",8,"Casting Net","Río Prat","Cristian Correa, Maryse Boisjoly","","CC BY-NC 4.0","Cristián Correa, orcid.org/0000-0002-8608-6858","not-for-profit use only","Correa, Cristián, Maryse Boisjoly (2023) Base de datos empírica de peces de Chile. Valdivia, Chile.","Fish Database Correa-Boisjoly","Ocurrence"
"Río Prat",-51.564765,-72.73449,2015,2015-04-16,"Salmo trutta",1,"Casting Net","Río Prat","Cristian Correa, Maryse Boisjoly","","CC BY-NC 4.0","Cristián Correa, orcid.org/0000-0002-8608-6858","not-for-profit use only","Correa, Cristián, Maryse Boisjoly (2023) Base de datos empírica de peces de Chile. Valdivia, Chile.","Fish Database Correa-Boisjoly","Ocurrence"
"Río Prat",-51.558266,-72.734854,2015,2015-04-15,"Oncorhynchus kisutch",14,"Electric fishing","Río Prat","Cristian Correa, Maryse Boisjoly, Jonathan Poblete","","CC BY-NC 4.0","Cristián Correa, orcid.org/0000-0002-8608-6858","not-for-profit use only","Correa, Cristián, Maryse Boisjoly (2023) Base de datos empírica de peces de Chile. Valdivia, Chile.","Fish Database Correa-Boisjoly","Ocurrence"
"Río Prat",-51.558266,-72.734854,2015,2015-04-15,"Oncorhynchus tshawytscha",17,"Electric fishing","Río Prat","Cristian Correa, Maryse Boisjoly, Jonathan Poblete","","CC BY-NC 4.0","Cristián Correa, orcid.org/0000-0002-8608-6858","not-for-profit use only","Correa, Cristián, Maryse Boisjoly (2023) Base de datos empírica de peces de Chile. Valdivia, Chile.","Fish Database Correa-Boisjoly","Ocurrence"
"Río Prat",-51.558266,-72.734854,2015,2015-04-15,"Salmo trutta",17,"Electric fishing","Río Prat","Cristian Correa, Maryse Boisjoly, Jonathan Poblete","","CC BY-NC 4.0","Cristián Correa, orcid.org/0000-0002-8608-6858","not-for-profit use only","Correa, Cristián, Maryse Boisjoly (2023) Base de datos empírica de peces de Chile. Valdivia, Chile.","Fish Database Correa-Boisjoly","Ocurrence"
"Río Prat",-51.55826599,-72.73485401,2015,2015-04-15,"Oncorhynchus kisutch",1,"Fishing line","Río Prat","Jonathan Poblete","","CC BY-NC 4.0","Cristián Correa, orcid.org/0000-0002-8608-6858","not-for-profit use only","Correa, Cristián, Maryse Boisjoly (2023) Base de datos empírica de peces de Chile. Valdivia, Chile.","Fish Database Correa-Boisjoly","Ocurrence"
"Río Prat",-51.55826599,-72.73485401,2015,2015-04-15,"Oncorhynchus tshawytscha",4,"Fishing line","Río Prat","Jonathan Poblete","","CC BY-NC 4.0","Cristián Correa, orcid.org/0000-0002-8608-6858","not-for-profit use only","Correa, Cristián, Maryse Boisjoly (2023) Base de datos empírica de peces de Chile. Valdivia, Chile.","Fish Database Correa-Boisjoly","Ocurrence"
"Río Prat",-51.55743803,-72.73782397,2015,2015-04-15,"Galaxias maculatus",31,"Electric fishing","Río Prat","Maryse Boisjoly","","CC BY-NC 4.0","Cristián Correa, orcid.org/0000-0002-8608-6858","not-for-profit use only","Correa, Cristián, Maryse Boisjoly (2023) Base de datos empírica de peces de Chile. Valdivia, Chile.","Fish Database Correa-Boisjoly","Ocurrence"
"Río Prat",-51.557438,-72.737824,2015,2015-04-16,"Oncorhynchus kisutch",13,"Electric fishing","Río Prat","Jonathan Poblete","","CC BY-NC 4.0","Cristián Correa, orcid.org/0000-0002-8608-6858","not-for-profit use only","Correa, Cristián, Maryse Boisjoly (2023) Base de datos empírica de peces de Chile. Valdivia, Chile.","Fish Database Correa-Boisjoly","Ocurrence"
"Río Prat",-51.557438,-72.737824,2015,2015-04-16,"Oncorhynchus tshawytscha",3,"Electric fishing, Casting Net","Río Prat","Jonathan Poblete","","CC BY-NC 4.0","Cristián Correa, orcid.org/0000-0002-8608-6858","not-for-profit use only","Correa, Cristián, Maryse Boisjoly (2023) Base de datos empírica de peces de Chile. Valdivia, Chile.","Fish Database Correa-Boisjoly","Ocurrence"
"Río Prat",-51.557438,-72.737824,2015,2015-04-16,"Salmo trutta",1,"Electric fishing","Río Prat","Jonathan Poblete","","CC BY-NC 4.0","Cristián Correa, orcid.org/0000-0002-8608-6858","not-for-profit use only","Correa, Cristián, Maryse Boisjoly (2023) Base de datos empírica de peces de Chile. Valdivia, Chile.","Fish Database Correa-Boisjoly","Ocurrence"
"Río Presidente Río",-46.35258101,-74.09578297,2014,2014-04-01,"Galaxias maculatus",25,"Seine net","Lago Presidente Ríos","Cristian Correa, Maryse Boisjoly","","CC BY-NC 4.0","Cristián Correa, orcid.org/0000-0002-8608-6858","not-for-profit use only","Correa, Cristián, Maryse Boisjoly (2023) Base de datos empírica de peces de Chile. Valdivia, Chile.","Fish Database Correa-Boisjoly","Ocurrence"
"Río Presidente Río",-46.34229801,-74.07488999,2014,2014-03-28,"Galaxias maculatus",1,"Minnow Trap","Lago Presidente Ríos","Cristian Correa, Maryse Boisjoly","","CC BY-NC 4.0","Cristián Correa, orcid.org/0000-0002-8608-6858","not-for-profit use only","Correa, Cristián, Maryse Boisjoly (2023) Base de datos empírica de peces de Chile. Valdivia, Chile.","Fish Database Correa-Boisjoly","Ocurrence"
"Río Presidente Río",-46.34229801,-74.07488999,2014,2014-03-28,"Galaxias platei",1,"Minnow Trap","Lago Presidente Ríos","Cristian Correa, Maryse Boisjoly","","CC BY-NC 4.0","Cristián Correa, orcid.org/0000-0002-8608-6858","not-for-profit use only","Correa, Cristián, Maryse Boisjoly (2023) Base de datos empírica de peces de Chile. Valdivia, Chile.","Fish Database Correa-Boisjoly","Ocurrence"
"Río Presidente Río",-46.27725301,-73.99606104,2014,2014-04-02,"Aplochiton marinus",1,"Gill Net Aplochitonera 3mX10m","Lago Presidente Ríos","Cristian Correa, Maryse Boisjoly","","CC BY-NC 4.0","Cristián Correa, orcid.org/0000-0002-8608-6858","not-for-profit use only","Correa, Cristián, Maryse Boisjoly (2023) Base de datos empírica de peces de Chile. Valdivia, Chile.","Fish Database Correa-Boisjoly","Ocurrence"
"Río Presidente Río",-46.27725301,-73.99606104,2014,2014-04-02,"Galaxias platei",2,"Gill Net Aplochitonera 3mX10m","Lago Presidente Ríos","Cristian Correa, Maryse Boisjoly","","CC BY-NC 4.0","Cristián Correa, orcid.org/0000-0002-8608-6858","not-for-profit use only","Correa, Cristián, Maryse Boisjoly (2023) Base de datos empírica de peces de Chile. Valdivia, Chile.","Fish Database Correa-Boisjoly","Ocurrence"
"Río Presidente Río",-46.27533699,-73.99421501,2014,2014-04-02,"Aplochiton marinus",7,"Gill Net Aplochitonera 3mX5m","Lago Presidente Ríos","Cristian Correa, Maryse Boisjoly","","CC BY-NC 4.0","Cristián Correa, orcid.org/0000-0002-8608-6858","not-for-profit use only","Correa, Cristián, Maryse Boisjoly (2023) Base de datos empírica de peces de Chile. Valdivia, Chile.","Fish Database Correa-Boisjoly","Ocurrence"
"Río Quempillen",-41.897728,-73.707035,2017,2017-02-14,"Aplochiton marinus",1,"Gill Net Aplochitonera 1.5mX7m","Quempillen","Cristian Correa, Camila Sola, Consuelo Guevara, Maryse Boisjoly","","CC BY-NC 4.0","Cristián Correa, orcid.org/0000-0002-8608-6858","not-for-profit use only","Correa, Cristián, Maryse Boisjoly (2023) Base de datos empírica de peces de Chile. Valdivia, Chile.","Fish Database Correa-Boisjoly","Ocurrence"
"Río Quempillen",-41.897728,-73.707035,2017,2017-02-14,"Aplochiton taeniatus",5,"Gill Net Aplochitonera 1.5mX7m, Fyke net","Quempillen","Cristian Correa, Camila Sola, Consuelo Guevara, Maryse Boisjoly","","CC BY-NC 4.0","Cristián Correa, orcid.org/0000-0002-8608-6858","not-for-profit use only","Correa, Cristián, Maryse Boisjoly (2023) Base de datos empírica de peces de Chile. Valdivia, Chile.","Fish Database Correa-Boisjoly","Ocurrence"
"Río Quempillen",-41.897728,-73.707035,2017,2017-02-14,"Eleginops maclovinus",1,"Fyke net","Quempillen","Cristian Correa, Camila Sola, Consuelo Guevara, Maryse Boisjoly","","CC BY-NC 4.0","Cristián Correa, orcid.org/0000-0002-8608-6858","not-for-profit use only","Correa, Cristián, Maryse Boisjoly (2023) Base de datos empírica de peces de Chile. Valdivia, Chile.","Fish Database Correa-Boisjoly","Ocurrence"
"Río Quempillen",-41.897728,-73.707035,2017,2017-02-14,"Galaxias maculatus",55,"Fyke net, Minnow Trap","Quempillen","Cristian Correa, Camila Sola, Consuelo Guevara, Maryse Boisjoly","","CC BY-NC 4.0","Cristián Correa, orcid.org/0000-0002-8608-6858","not-for-profit use only","Correa, Cristián, Maryse Boisjoly (2023) Base de datos empírica de peces de Chile. Valdivia, Chile.","Fish Database Correa-Boisjoly","Ocurrence"
"Río Quempillen",-41.897728,-73.707035,2017,2017-02-14,"Odontesthes brevianalis",1,"Fyke net","Quempillen","Cristian Correa, Camila Sola, Consuelo Guevara, Maryse Boisjoly","","CC BY-NC 4.0","Cristián Correa, orcid.org/0000-0002-8608-6858","not-for-profit use only","Correa, Cristián, Maryse Boisjoly (2023) Base de datos empírica de peces de Chile. Valdivia, Chile.","Fish Database Correa-Boisjoly","Ocurrence"
"Río Risopatron",-44.0148,-72.575,2023,2023-02-02,"Galaxias maculatus",9,"Seine net","Palena","Cristian Correa, Maryse Boisjoly","","CC BY-NC 4.0","Cristián Correa, orcid.org/0000-0002-8608-6858","not-for-profit use only","Correa, Cristián, Maryse Boisjoly (2023) Base de datos empírica de peces de Chile. Valdivia, Chile.","Fish Database Correa-Boisjoly","Ocurrence"
"Río Risopatron",-44.0148,-72.575,2023,2023-02-02,"Oncorhynchus mykiss",21,"Seine net","Palena","Cristian Correa, Maryse Boisjoly","","CC BY-NC 4.0","Cristián Correa, orcid.org/0000-0002-8608-6858","not-for-profit use only","Correa, Cristián, Maryse Boisjoly (2023) Base de datos empírica de peces de Chile. Valdivia, Chile.","Fish Database Correa-Boisjoly","Ocurrence"
"Río San Juan",-53.650197,-70.95960497,2015,2015-02-21,"Cottoperca trigloides",1,"Gill Net Aplochitonera 3mX10m","Río San Juan","Cristian Correa, Maryse Boisjoly, Jonathan Poblete","","CC BY-NC 4.0","Cristián Correa, orcid.org/0000-0002-8608-6858","not-for-profit use only","Correa, Cristián, Maryse Boisjoly (2023) Base de datos empírica de peces de Chile. Valdivia, Chile.","Fish Database Correa-Boisjoly","Ocurrence"
"Río San Juan",-53.650197,-70.95960497,2015,2015-02-21,"Eleginops maclovinus",26,"Gill Net Aplochitonera 3mX10m","Río San Juan","Cristian Correa, Maryse Boisjoly, Jonathan Poblete","","CC BY-NC 4.0","Cristián Correa, orcid.org/0000-0002-8608-6858","not-for-profit use only","Correa, Cristián, Maryse Boisjoly (2023) Base de datos empírica de peces de Chile. Valdivia, Chile.","Fish Database Correa-Boisjoly","Ocurrence"
"Río San Juan",-53.650197,-70.95960497,2015,2015-02-21,"Oncorhynchus mykiss",2,"Gill Net Aplochitonera 3mX10m","Río San Juan","Cristian Correa, Maryse Boisjoly, Jonathan Poblete","","CC BY-NC 4.0","Cristián Correa, orcid.org/0000-0002-8608-6858","not-for-profit use only","Correa, Cristián, Maryse Boisjoly (2023) Base de datos empírica de peces de Chile. Valdivia, Chile.","Fish Database Correa-Boisjoly","Ocurrence"
"Río San Juan",-53.650197,-70.95960497,2015,2015-02-21,"Salmo trutta",2,"Gill Net Aplochitonera 3mX10m","Río San Juan","Cristian Correa, Maryse Boisjoly, Jonathan Poblete","","CC BY-NC 4.0","Cristián Correa, orcid.org/0000-0002-8608-6858","not-for-profit use only","Correa, Cristián, Maryse Boisjoly (2023) Base de datos empírica de peces de Chile. Valdivia, Chile.","Fish Database Correa-Boisjoly","Ocurrence"
"Río San Juan",-53.64753096,-70.98136003,2015,2015-02-22,"Galaxias maculatus",26,"Seine net, Casting Net","Río San Juan","Maryse Boisjoly, Jonathan Poblete, Cristian Correa","","CC BY-NC 4.0","Cristián Correa, orcid.org/0000-0002-8608-6858","not-for-profit use only","Correa, Cristián, Maryse Boisjoly (2023) Base de datos empírica de peces de Chile. Valdivia, Chile.","Fish Database Correa-Boisjoly","Ocurrence"
"Río San Juan",-53.64602499,-70.96704299,2015,2015-02-22,"Salmo trutta",1,"Casting Net","Río San Juan","Cristian Correa","","CC BY-NC 4.0","Cristián Correa, orcid.org/0000-0002-8608-6858","not-for-profit use only","Correa, Cristián, Maryse Boisjoly (2023) Base de datos empírica de peces de Chile. Valdivia, Chile.","Fish Database Correa-Boisjoly","Ocurrence"
"Río San Juan",-53.64597403,-70.97132497,2015,2015-02-22,"Oncorhynchus mykiss",30,"Seine net","Río San Juan","Maryse Boisjoly, Jonathan Poblete","","CC BY-NC 4.0","Cristián Correa, orcid.org/0000-0002-8608-6858","not-for-profit use only","Correa, Cristián, Maryse Boisjoly (2023) Base de datos empírica de peces de Chile. Valdivia, Chile.","Fish Database Correa-Boisjoly","Ocurrence"
"Río San Juan",-53.64571,-70.954077,2015,2015-02-22,"Eleginops maclovinus",1,"Seine net","Río San Juan","Maryse Boisjoly, Jonathan Poblete","","CC BY-NC 4.0","Cristián Correa, orcid.org/0000-0002-8608-6858","not-for-profit use only","Correa, Cristián, Maryse Boisjoly (2023) Base de datos empírica de peces de Chile. Valdivia, Chile.","Fish Database Correa-Boisjoly","Ocurrence"
"Río San Juan",-53.64571,-70.954077,2015,2015-02-22,"Galaxias maculatus",40,"Seine net","Río San Juan","Maryse Boisjoly, Jonathan Poblete","","CC BY-NC 4.0","Cristián Correa, orcid.org/0000-0002-8608-6858","not-for-profit use only","Correa, Cristián, Maryse Boisjoly (2023) Base de datos empírica de peces de Chile. Valdivia, Chile.","Fish Database Correa-Boisjoly","Ocurrence"
"Río San Juan",-46.370005,-73.215932,2019,2019-01-16,"Oncorhynchus tshawytscha",2,"Angling","Valle Exploradores","Cristian Correa, Julien Cucherousset, Simon Blanchet, Didier Galop, Jaime Schienfeldt","","CC BY-NC 4.0","Cristián Correa, orcid.org/0000-0002-8608-6858","not-for-profit use only","Correa, Cristián, Maryse Boisjoly (2023) Base de datos empírica de peces de Chile. Valdivia, Chile.","Fish Database Correa-Boisjoly","Ocurrence"
"Río San Juan",-46.370005,-73.215932,2019,2019-01-16,"Salmo trutta",42,"Angling","Valle Exploradores","Cristian Correa, Julien Cucherousset, Simon Blanchet, Didier Galop, Jaime Schienfeldt","","CC BY-NC 4.0","Cristián Correa, orcid.org/0000-0002-8608-6858","not-for-profit use only","Correa, Cristián, Maryse Boisjoly (2023) Base de datos empírica de peces de Chile. Valdivia, Chile.","Fish Database Correa-Boisjoly","Ocurrence"
"Río San Juan",-46.369945,-73.216154,2023,2023-01-13,"Salmo trutta",15,"Angling","Valle Exploradores","Cristian Correa, Simon Blanchet, Julien Cucherousset","","CC BY-NC 4.0","Cristián Correa, orcid.org/0000-0002-8608-6858","not-for-profit use only","Correa, Cristián, Maryse Boisjoly (2023) Base de datos empírica de peces de Chile. Valdivia, Chile.","Fish Database Correa-Boisjoly","Ocurrence"
"Río San Juan",-46.369308,-73.225753,2019,2019-01-14,"Oncorhynchus tshawytscha",3,"Casting Net","Valle Exploradores","Cristian Correa","","CC BY-NC 4.0","Cristián Correa, orcid.org/0000-0002-8608-6858","not-for-profit use only","Correa, Cristián, Maryse Boisjoly (2023) Base de datos empírica de peces de Chile. Valdivia, Chile.","Fish Database Correa-Boisjoly","Ocurrence"
"Río San Juan",-46.3685559999999,-73.226594,2023,2023-01-13,"Salmo trutta",12,"Angling","Valle Exploradores","Cristian Correa, Julien Cucherousset, Simon Blanchet","","CC BY-NC 4.0","Cristián Correa, orcid.org/0000-0002-8608-6858","not-for-profit use only","Correa, Cristián, Maryse Boisjoly (2023) Base de datos empírica de peces de Chile. Valdivia, Chile.","Fish Database Correa-Boisjoly","Ocurrence"
"Río San Nicolas",-53.83056,-71.110348,2020,2020-03-07,"Eleginops maclovinus",15,"Gill Net Experimental","Rio San Nicolas","Cristian Correa, Benjamin Caceres, Cristian Correa, Benjamin Caceres","","CC BY-NC 4.0","Cristián Correa, orcid.org/0000-0002-8608-6858","not-for-profit use only","Correa, Cristián, Maryse Boisjoly (2023) Base de datos empírica de peces de Chile. Valdivia, Chile.","Fish Database Correa-Boisjoly","Ocurrence"
"Río San Nicolas",-53.83056,-71.110348,2020,2020-03-07,"Oncorhynchus kisutch",9,"Fyke net, Gill Net Experimental","Rio San Nicolas","Cristian Correa, Benjamin Caceres, Cristian Correa, Benjamin Caceres","","CC BY-NC 4.0","Cristián Correa, orcid.org/0000-0002-8608-6858","not-for-profit use only","Correa, Cristián, Maryse Boisjoly (2023) Base de datos empírica de peces de Chile. Valdivia, Chile.","Fish Database Correa-Boisjoly","Ocurrence"
"Río San Nicolas",-53.83056,-71.110348,2020,2020-03-07,"Salmo trutta",1,"Gill Net Experimental","Rio San Nicolas","Cristian Correa, Benjamin Caceres","","CC BY-NC 4.0","Cristián Correa, orcid.org/0000-0002-8608-6858","not-for-profit use only","Correa, Cristián, Maryse Boisjoly (2023) Base de datos empírica de peces de Chile. Valdivia, Chile.","Fish Database Correa-Boisjoly","Ocurrence"
"Río San Pedro, Magallanes",-53.6982,-70.969089,2020,2020-03-04,"Oncorhynchus kisutch",61,"Electric fishing, Minnow Trap","Rio San Pedro Magallanes","Cristian Correa, Benjamin Caceres, Cristian Correa, Maryse Boisjoly","","CC BY-NC 4.0","Cristián Correa, orcid.org/0000-0002-8608-6858","not-for-profit use only","Correa, Cristián, Maryse Boisjoly (2023) Base de datos empírica de peces de Chile. Valdivia, Chile.","Fish Database Correa-Boisjoly","Ocurrence"
"Río San Pedro, Magallanes",-53.6982,-70.969089,2020,2020-03-04,"Salmo trutta",12,"Electric fishing","Rio San Pedro Magallanes","Cristian Correa, Benjamin Caceres","","CC BY-NC 4.0","Cristián Correa, orcid.org/0000-0002-8608-6858","not-for-profit use only","Correa, Cristián, Maryse Boisjoly (2023) Base de datos empírica de peces de Chile. Valdivia, Chile.","Fish Database Correa-Boisjoly","Ocurrence"
"Río Santa María",-53.67451,-70.99068,2015,2015-02-21,"Oncorhynchus kisutch",13,"Casting Net","Río Santa María","Cristian Correa, Maryse Boisjoly, Jonathan Poblete","","CC BY-NC 4.0","Cristián Correa, orcid.org/0000-0002-8608-6858","not-for-profit use only","Correa, Cristián, Maryse Boisjoly (2023) Base de datos empírica de peces de Chile. Valdivia, Chile.","Fish Database Correa-Boisjoly","Ocurrence"
"Río Santa María",-53.67451,-70.99068,2015,2015-02-21,"Oncorhynchus mykiss",1,"Casting Net","Río Santa María","Cristian Correa, Maryse Boisjoly, Jonathan Poblete","","CC BY-NC 4.0","Cristián Correa, orcid.org/0000-0002-8608-6858","not-for-profit use only","Correa, Cristián, Maryse Boisjoly (2023) Base de datos empírica de peces de Chile. Valdivia, Chile.","Fish Database Correa-Boisjoly","Ocurrence"
"Río Santa María",-53.67451,-70.99068,2015,2015-02-21,"Salmo trutta",9,"Casting Net","Río Santa María","Cristian Correa, Maryse Boisjoly, Jonathan Poblete","","CC BY-NC 4.0","Cristián Correa, orcid.org/0000-0002-8608-6858","not-for-profit use only","Correa, Cristián, Maryse Boisjoly (2023) Base de datos empírica de peces de Chile. Valdivia, Chile.","Fish Database Correa-Boisjoly","Ocurrence"
"Río Santa María",-53.674301,-70.99034199,2015,2015-02-22,"Oncorhynchus kisutch",1,"Gill Net Aplochitonera 3mX10m","Río Santa María","Jonathan Poblete","","CC BY-NC 4.0","Cristián Correa, orcid.org/0000-0002-8608-6858","not-for-profit use only","Correa, Cristián, Maryse Boisjoly (2023) Base de datos empírica de peces de Chile. Valdivia, Chile.","Fish Database Correa-Boisjoly","Ocurrence"
"Río Santa María",-53.674301,-70.99034199,2015,2015-02-22,"Salmo trutta",1,"Gill Net Aplochitonera 3mX10m","Río Santa María","Jonathan Poblete","","CC BY-NC 4.0","Cristián Correa, orcid.org/0000-0002-8608-6858","not-for-profit use only","Correa, Cristián, Maryse Boisjoly (2023) Base de datos empírica de peces de Chile. Valdivia, Chile.","Fish Database Correa-Boisjoly","Ocurrence"
"Río Santa María",-53.673942,-70.989748,2015,2015-02-23,"Oncorhynchus kisutch",17,"Electric fishing","Río Santa María","Cristian Correa, Maryse Boisjoly","","CC BY-NC 4.0","Cristián Correa, orcid.org/0000-0002-8608-6858","not-for-profit use only","Correa, Cristián, Maryse Boisjoly (2023) Base de datos empírica de peces de Chile. Valdivia, Chile.","Fish Database Correa-Boisjoly","Ocurrence"
"Río Santa María",-53.673942,-70.989748,2015,2015-02-23,"Oncorhynchus mykiss",1,"Electric fishing","Río Santa María","Cristian Correa, Maryse Boisjoly","","CC BY-NC 4.0","Cristián Correa, orcid.org/0000-0002-8608-6858","not-for-profit use only","Correa, Cristián, Maryse Boisjoly (2023) Base de datos empírica de peces de Chile. Valdivia, Chile.","Fish Database Correa-Boisjoly","Ocurrence"
"Río Santa María",-53.673942,-70.989748,2015,2015-02-23,"Salmo trutta",15,"Electric fishing","Río Santa María","Cristian Correa, Maryse Boisjoly","","CC BY-NC 4.0","Cristián Correa, orcid.org/0000-0002-8608-6858","not-for-profit use only","Correa, Cristián, Maryse Boisjoly (2023) Base de datos empírica de peces de Chile. Valdivia, Chile.","Fish Database Correa-Boisjoly","Ocurrence"
"Río Santa María",-53.67364,-70.98554,2015,2015-02-23,"Oncorhynchus mykiss",2,"Electric fishing","Río Santa María","Cristian Correa, Maryse Boisjoly","","CC BY-NC 4.0","Cristián Correa, orcid.org/0000-0002-8608-6858","not-for-profit use only","Correa, Cristián, Maryse Boisjoly (2023) Base de datos empírica de peces de Chile. Valdivia, Chile.","Fish Database Correa-Boisjoly","Ocurrence"
"Río Santa María",-53.67364,-70.98554,2015,2015-02-23,"Salmo trutta",13,"Electric fishing","Río Santa María","Cristian Correa, Maryse Boisjoly","","CC BY-NC 4.0","Cristián Correa, orcid.org/0000-0002-8608-6858","not-for-profit use only","Correa, Cristián, Maryse Boisjoly (2023) Base de datos empírica de peces de Chile. Valdivia, Chile.","Fish Database Correa-Boisjoly","Ocurrence"
"Río Santa María",-53.67295302,-70.98883099,2015,2015-02-21,"Galaxias maculatus",2,"Seine net","Río Santa María","Cristian Correa, Maryse Boisjoly, Jonathan Poblete","","CC BY-NC 4.0","Cristián Correa, orcid.org/0000-0002-8608-6858","not-for-profit use only","Correa, Cristián, Maryse Boisjoly (2023) Base de datos empírica de peces de Chile. Valdivia, Chile.","Fish Database Correa-Boisjoly","Ocurrence"
"Río Santa María",-53.67295302,-70.98883099,2015,2015-02-21,"Oncorhynchus kisutch",4,"Seine net","Río Santa María","Cristian Correa, Maryse Boisjoly, Jonathan Poblete","","CC BY-NC 4.0","Cristián Correa, orcid.org/0000-0002-8608-6858","not-for-profit use only","Correa, Cristián, Maryse Boisjoly (2023) Base de datos empírica de peces de Chile. Valdivia, Chile.","Fish Database Correa-Boisjoly","Ocurrence"
"Río Santa María",-53.67295302,-70.98883099,2015,2015-02-21,"Oncorhynchus mykiss",8,"Seine net","Río Santa María","Cristian Correa, Maryse Boisjoly, Jonathan Poblete","","CC BY-NC 4.0","Cristián Correa, orcid.org/0000-0002-8608-6858","not-for-profit use only","Correa, Cristián, Maryse Boisjoly (2023) Base de datos empírica de peces de Chile. Valdivia, Chile.","Fish Database Correa-Boisjoly","Ocurrence"
"Río Santana",-41.912194,-73.959581,2017,2017-02-16,"Brachygalaxias bulloki",10,"Dip net","Rio Santana","Cristian Correa, Maryse Boisjoly, Camila Sola, Consuelo Guevara","","CC BY-NC 4.0","Cristián Correa, orcid.org/0000-0002-8608-6858","not-for-profit use only","Correa, Cristián, Maryse Boisjoly (2023) Base de datos empírica de peces de Chile. Valdivia, Chile.","Fish Database Correa-Boisjoly","Ocurrence"
"Río Serrano",-51.34011598,-73.10747,2015,2015-04-04,"Oncorhynchus tshawytscha",8,"Casting Net","Río Serrano","Cristian Correa","","CC BY-NC 4.0","Cristián Correa, orcid.org/0000-0002-8608-6858","not-for-profit use only","Correa, Cristián, Maryse Boisjoly (2023) Base de datos empírica de peces de Chile. Valdivia, Chile.","Fish Database Correa-Boisjoly","Ocurrence"
"Río Serrano",-51.33961801,-73.10779598,2015,2015-04-04,"Oncorhynchus tshawytscha",2,"Mist Net","Río Serrano","Cristian Correa","","CC BY-NC 4.0","Cristián Correa, orcid.org/0000-0002-8608-6858","not-for-profit use only","Correa, Cristián, Maryse Boisjoly (2023) Base de datos empírica de peces de Chile. Valdivia, Chile.","Fish Database Correa-Boisjoly","Ocurrence"
"Río Serrano",-51.33961801,-73.10779598,2015,2015-04-04,"Salmo trutta",11,"Mist Net","Río Serrano","Cristian Correa","","CC BY-NC 4.0","Cristián Correa, orcid.org/0000-0002-8608-6858","not-for-profit use only","Correa, Cristián, Maryse Boisjoly (2023) Base de datos empírica de peces de Chile. Valdivia, Chile.","Fish Database Correa-Boisjoly","Ocurrence"
"Río Serrano",-51.23201399,-73.04027002,2015,2015-04-03,"Oncorhynchus tshawytscha",10,"Casting Net","Río Serrano","Cristian Correa","","CC BY-NC 4.0","Cristián Correa, orcid.org/0000-0002-8608-6858","not-for-profit use only","Correa, Cristián, Maryse Boisjoly (2023) Base de datos empírica de peces de Chile. Valdivia, Chile.","Fish Database Correa-Boisjoly","Ocurrence"
"Río Serrano",-51.23109399,-72.99517103,2015,2015-03-30,"Galaxias maculatus",11,"Electric fishing","Río Serrano","Cristian Correa","","CC BY-NC 4.0","Cristián Correa, orcid.org/0000-0002-8608-6858","not-for-profit use only","Correa, Cristián, Maryse Boisjoly (2023) Base de datos empírica de peces de Chile. Valdivia, Chile.","Fish Database Correa-Boisjoly","Ocurrence"
"Río Serrano",-51.202404,-72.966083,2015,2015-04-01,"Oncorhynchus tshawytscha",11,"Harpoon","Río Serrano","Cristian Correa","","CC BY-NC 4.0","Cristián Correa, orcid.org/0000-0002-8608-6858","not-for-profit use only","Correa, Cristián, Maryse Boisjoly (2023) Base de datos empírica de peces de Chile. Valdivia, Chile.","Fish Database Correa-Boisjoly","Ocurrence"
"Río Serrano",-51.202404,-72.96608297,2015,2015-03-31,"Oncorhynchus tshawytscha",27,"Gill Net Salmonera, Treble hooks, Hook, Harpoon","Río Serrano","Cristian Correa","","CC BY-NC 4.0","Cristián Correa, orcid.org/0000-0002-8608-6858","not-for-profit use only","Correa, Cristián, Maryse Boisjoly (2023) Base de datos empírica de peces de Chile. Valdivia, Chile.","Fish Database Correa-Boisjoly","Ocurrence"
"Río Serrano",-51.202404,-72.96608297,2015,2015-03-31,"Salmo trutta",3,"Gill Net Salmonera","Río Serrano","Cristian Correa","","CC BY-NC 4.0","Cristián Correa, orcid.org/0000-0002-8608-6858","not-for-profit use only","Correa, Cristián, Maryse Boisjoly (2023) Base de datos empírica de peces de Chile. Valdivia, Chile.","Fish Database Correa-Boisjoly","Ocurrence"
"Río Simpson",-45.727472,-72.080778,2007,2007-01-27,"Hatcheria macraei",3,"Electric fishing","Simpson River","Cristian Correa","","CC BY-NC 4.0","Cristián Correa, orcid.org/0000-0002-8608-6858","not-for-profit use only","Correa, Cristián, Maryse Boisjoly (2023) Base de datos empírica de peces de Chile. Valdivia, Chile.","Fish Database Correa-Boisjoly","Ocurrence"
"Río Simpson",-45.727472,-72.080778,2007,2007-01-27,"Oncorhynchus mykiss",1,"Electric fishing","Simpson River","Cristian Correa","","CC BY-NC 4.0","Cristián Correa, orcid.org/0000-0002-8608-6858","not-for-profit use only","Correa, Cristián, Maryse Boisjoly (2023) Base de datos empírica de peces de Chile. Valdivia, Chile.","Fish Database Correa-Boisjoly","Ocurrence"
"Río Simpson",-45.727472,-72.080778,2007,2007-01-27,"Oncorhynchus tshawytscha",7,"Electric fishing","Simpson River","Cristian Correa","","CC BY-NC 4.0","Cristián Correa, orcid.org/0000-0002-8608-6858","not-for-profit use only","Correa, Cristián, Maryse Boisjoly (2023) Base de datos empírica de peces de Chile. Valdivia, Chile.","Fish Database Correa-Boisjoly","Ocurrence"
"Río Simpson",-45.727472,-72.080778,2008,2008-12-25,"Oncorhynchus tshawytscha",10,"Fly fishing","Simpson River","Cristian Correa","(Alò et al. 2019) | (Narum et al. 2017) | (Alò et al. 2013)","CC BY-NC 4.0","Cristián Correa, orcid.org/0000-0002-8608-6858","not-for-profit use only","Correa, Cristián, Maryse Boisjoly (2023) Base de datos empírica de peces de Chile. Valdivia, Chile.","Fish Database Correa-Boisjoly","Ocurrence"
"Río Simpson",-45.7271111,-72.080556,2004,2004-03-11,"Oncorhynchus tshawytscha",14,"Angling","Simpson 4 (Aysen)","Cristian Correa","(Correa and Moran 2017) | (Narum et al. 2017)","CC BY-NC 4.0","Cristián Correa, orcid.org/0000-0002-8608-6858","not-for-profit use only","Correa, Cristián, Maryse Boisjoly (2023) Base de datos empírica de peces de Chile. Valdivia, Chile.","Fish Database Correa-Boisjoly","Ocurrence"
"Río Simpson",-45.726503,-72.081283,2016,2016-12-24,"Oncorhynchus tshawytscha",3,"Casting Net","Simpson River","Cristian Correa, Gabriel Orrellana","","CC BY-NC 4.0","Cristián Correa, orcid.org/0000-0002-8608-6858","not-for-profit use only","Correa, Cristián, Maryse Boisjoly (2023) Base de datos empírica de peces de Chile. Valdivia, Chile.","Fish Database Correa-Boisjoly","Ocurrence"
"Río Simpson",-45.726167,-72.163917,2004,2004-03-01,"Oncorhynchus tshawytscha",10,"Angling","Simpson 1 (Aysen)","Cristian Correa","","CC BY-NC 4.0","Cristián Correa, orcid.org/0000-0002-8608-6858","not-for-profit use only","Correa, Cristián, Maryse Boisjoly (2023) Base de datos empírica de peces de Chile. Valdivia, Chile.","Fish Database Correa-Boisjoly","Ocurrence"
"Río Simpson",-45.726167,-72.163917,2004,2004-03-11,"Oncorhynchus tshawytscha",7,"Gillnet","Simpson 5 (Aysen)","Cristian Correa","(Correa and Moran 2017) | (Narum et al. 2017)","CC BY-NC 4.0","Cristián Correa, orcid.org/0000-0002-8608-6858","not-for-profit use only","Correa, Cristián, Maryse Boisjoly (2023) Base de datos empírica de peces de Chile. Valdivia, Chile.","Fish Database Correa-Boisjoly","Ocurrence"
"Río Simpson",-45.723389,-72.097222,2004,2004-03-02,"Oncorhynchus tshawytscha",2,"Angling","Simpson 2 (Aysen)","Cristian Correa","","CC BY-NC 4.0","Cristián Correa, orcid.org/0000-0002-8608-6858","not-for-profit use only","Correa, Cristián, Maryse Boisjoly (2023) Base de datos empírica de peces de Chile. Valdivia, Chile.","Fish Database Correa-Boisjoly","Ocurrence"
"Río Simpson",-45.721972,-72.107194,2004,2004-03-02,"Oncorhynchus tshawytscha",6,"Gillnet","Simpson 3 (Aysen)","Cristian Correa","(Narum et al. 2017)","CC BY-NC 4.0","Cristián Correa, orcid.org/0000-0002-8608-6858","not-for-profit use only","Correa, Cristián, Maryse Boisjoly (2023) Base de datos empírica de peces de Chile. Valdivia, Chile.","Fish Database Correa-Boisjoly","Ocurrence"
"Río Simpson",-45.721972,-72.107194,2004,2004-03-03,"Oncorhynchus tshawytscha",3,"Angling","Simpson 3 (Aysen)","Cristian Correa","","CC BY-NC 4.0","Cristián Correa, orcid.org/0000-0002-8608-6858","not-for-profit use only","Correa, Cristián, Maryse Boisjoly (2023) Base de datos empírica de peces de Chile. Valdivia, Chile.","Fish Database Correa-Boisjoly","Ocurrence"
"Río Simpson",-45.721972,-72.107194,2004,2004-03-05,"Oncorhynchus tshawytscha",6,"Gillnet","Simpson 3 (Aysen)","Cristian Correa","(Narum et al. 2017) | (Correa and Moran 2017)","CC BY-NC 4.0","Cristián Correa, orcid.org/0000-0002-8608-6858","not-for-profit use only","Correa, Cristián, Maryse Boisjoly (2023) Base de datos empírica de peces de Chile. Valdivia, Chile.","Fish Database Correa-Boisjoly","Ocurrence"
"Río Simpson",-45.66872802,-72.17910298,2014,2014-03-13,"Oncorhynchus mykiss",4,"Casting Net","Simpson River 2014","Cristian Correa, Maryse Boisjoly","","CC BY-NC 4.0","Cristián Correa, orcid.org/0000-0002-8608-6858","not-for-profit use only","Correa, Cristián, Maryse Boisjoly (2023) Base de datos empírica de peces de Chile. Valdivia, Chile.","Fish Database Correa-Boisjoly","Ocurrence"
"Río Simpson",-45.66872802,-72.17910298,2014,2014-03-13,"Oncorhynchus tshawytscha",7,"Casting Net","Simpson River 2014","Cristian Correa, Maryse Boisjoly","","CC BY-NC 4.0","Cristián Correa, orcid.org/0000-0002-8608-6858","not-for-profit use only","Correa, Cristián, Maryse Boisjoly (2023) Base de datos empírica de peces de Chile. Valdivia, Chile.","Fish Database Correa-Boisjoly","Ocurrence"
"Río Simpson",-45.66872802,-72.17910298,2014,2014-03-13,"Salmo trutta",6,"Casting Net","Simpson River 2014","Cristian Correa, Maryse Boisjoly","","CC BY-NC 4.0","Cristián Correa, orcid.org/0000-0002-8608-6858","not-for-profit use only","Correa, Cristián, Maryse Boisjoly (2023) Base de datos empírica de peces de Chile. Valdivia, Chile.","Fish Database Correa-Boisjoly","Ocurrence"
"Río Simpson",-45.661606,-72.196208,2016,2016-12-23,"Oncorhynchus tshawytscha",65,"Casting Net","Simpson river","Cristian Correa, Gabriel Orrellana","","CC BY-NC 4.0","Cristián Correa, orcid.org/0000-0002-8608-6858","not-for-profit use only","Correa, Cristián, Maryse Boisjoly (2023) Base de datos empírica de peces de Chile. Valdivia, Chile.","Fish Database Correa-Boisjoly","Ocurrence"
"Río Sin Nombre, Río Exploradores",-46.29747301,-73.40664502,2019,2019-01-19,"Oncorhynchus tshawytscha",1,"Casting Net","Valle Exploradores","Cristian Correa","","CC BY-NC 4.0","Cristián Correa, orcid.org/0000-0002-8608-6858","not-for-profit use only","Correa, Cristián, Maryse Boisjoly (2023) Base de datos empírica de peces de Chile. Valdivia, Chile.","Fish Database Correa-Boisjoly","Ocurrence"
"Río Sin Nombre, Río Exploradores",-46.29747301,-73.40664502,2019,2019-01-19,"Salmo trutta",4,"Casting Net","Valle Exploradores","Cristian Correa","","CC BY-NC 4.0","Cristián Correa, orcid.org/0000-0002-8608-6858","not-for-profit use only","Correa, Cristián, Maryse Boisjoly (2023) Base de datos empírica de peces de Chile. Valdivia, Chile.","Fish Database Correa-Boisjoly","Ocurrence"
"Río Sin Nombre, Seno de Última Esperanza",-51.59699902,-72.76209997,2015,2015-04-11,"Salmo trutta",1,"Casting Net","Seno de Última Esperanza","Cristian Correa, Maryse Boisjoly","","CC BY-NC 4.0","Cristián Correa, orcid.org/0000-0002-8608-6858","not-for-profit use only","Correa, Cristián, Maryse Boisjoly (2023) Base de datos empírica de peces de Chile. Valdivia, Chile.","Fish Database Correa-Boisjoly","Ocurrence"
"Río Sur",-46.335926,-73.421745,2019,2019-01-20,"Salmo trutta",10,"Angling","Valle Exploradores","Cristian Correa, Julien Cucherousset, Simon Blanchet, Didier Galop, Jaime Schienfeldt","","CC BY-NC 4.0","Cristián Correa, orcid.org/0000-0002-8608-6858","not-for-profit use only","Correa, Cristián, Maryse Boisjoly (2023) Base de datos empírica de peces de Chile. Valdivia, Chile.","Fish Database Correa-Boisjoly","Ocurrence"
"Río Sur",-46.334628,-73.4220399999999,2023,2023-01-12,"Oncorhynchus tshawytscha",1,"Angling","Valle Exploradores","Cristian Correa, Simon Blanchet, Julien Cucherousset","","CC BY-NC 4.0","Cristián Correa, orcid.org/0000-0002-8608-6858","not-for-profit use only","Correa, Cristián, Maryse Boisjoly (2023) Base de datos empírica de peces de Chile. Valdivia, Chile.","Fish Database Correa-Boisjoly","Ocurrence"
"Río Sur",-46.334628,-73.4220399999999,2023,2023-01-12,"Salmo trutta",8,"Angling","Valle Exploradores","Cristian Correa, Simon Blanchet, Julien Cucherousset","","CC BY-NC 4.0","Cristián Correa, orcid.org/0000-0002-8608-6858","not-for-profit use only","Correa, Cristián, Maryse Boisjoly (2023) Base de datos empírica de peces de Chile. Valdivia, Chile.","Fish Database Correa-Boisjoly","Ocurrence"
"Río Sur",-46.33180998,-73.42449797,2019,2019-01-19,"Aplochiton taeniatus",1,"Fly fishing","Valle Exploradores","Cristian Correa","","CC BY-NC 4.0","Cristián Correa, orcid.org/0000-0002-8608-6858","not-for-profit use only","Correa, Cristián, Maryse Boisjoly (2023) Base de datos empírica de peces de Chile. Valdivia, Chile.","Fish Database Correa-Boisjoly","Ocurrence"
"Río Sur",-46.33180998,-73.42449797,2019,2019-01-19,"Oncorhynchus kisutch",1,"Fly fishing","Valle Exploradores","Cristian Correa","","CC BY-NC 4.0","Cristián Correa, orcid.org/0000-0002-8608-6858","not-for-profit use only","Correa, Cristián, Maryse Boisjoly (2023) Base de datos empírica de peces de Chile. Valdivia, Chile.","Fish Database Correa-Boisjoly","Ocurrence"
"Río Sur",-46.33180998,-73.42449797,2019,2019-01-19,"Oncorhynchus tshawytscha",3,"Fly fishing","Valle Exploradores","Cristian Correa","","CC BY-NC 4.0","Cristián Correa, orcid.org/0000-0002-8608-6858","not-for-profit use only","Correa, Cristián, Maryse Boisjoly (2023) Base de datos empírica de peces de Chile. Valdivia, Chile.","Fish Database Correa-Boisjoly","Ocurrence"
"Río Sur",-46.33180998,-73.42449797,2019,2019-01-19,"Salmo trutta",10,"Fly fishing","Valle Exploradores","Cristian Correa","","CC BY-NC 4.0","Cristián Correa, orcid.org/0000-0002-8608-6858","not-for-profit use only","Correa, Cristián, Maryse Boisjoly (2023) Base de datos empírica de peces de Chile. Valdivia, Chile.","Fish Database Correa-Boisjoly","Ocurrence"
"Río Teresa",-46.352131,-73.319928,2023,2023-01-13,"Oncorhynchus tshawytscha",2,"Angling","Valle Exploradores","Cristian Correa, Simon Blanchet, Julien Cucherousset","","CC BY-NC 4.0","Cristián Correa, orcid.org/0000-0002-8608-6858","not-for-profit use only","Correa, Cristián, Maryse Boisjoly (2023) Base de datos empírica de peces de Chile. Valdivia, Chile.","Fish Database Correa-Boisjoly","Ocurrence"
"Río Teresa",-46.3458919999999,-73.3155119999999,2023,2023-01-13,"Oncorhynchus tshawytscha",4,"Angling","Valle Exploradores","Cristian Correa, Julien Cucherousset, Simon Blanchet","","CC BY-NC 4.0","Cristián Correa, orcid.org/0000-0002-8608-6858","not-for-profit use only","Correa, Cristián, Maryse Boisjoly (2023) Base de datos empírica de peces de Chile. Valdivia, Chile.","Fish Database Correa-Boisjoly","Ocurrence"
"Río Teresa",-46.3458919999999,-73.3155119999999,2023,2023-01-13,"Salmo trutta",15,"Angling","Valle Exploradores","Cristian Correa, Julien Cucherousset, Simon Blanchet","","CC BY-NC 4.0","Cristián Correa, orcid.org/0000-0002-8608-6858","not-for-profit use only","Correa, Cristián, Maryse Boisjoly (2023) Base de datos empírica de peces de Chile. Valdivia, Chile.","Fish Database Correa-Boisjoly","Ocurrence"
"Río Trainel",-42.65423999,-73.84798299,2017,2017-02-24,"Salmo trutta",15,"Casting Net, Dip net","Rio Trainel","Cristian Correa, Maryse Boisjoly","","CC BY-NC 4.0","Cristián Correa, orcid.org/0000-0002-8608-6858","not-for-profit use only","Correa, Cristián, Maryse Boisjoly (2023) Base de datos empírica de peces de Chile. Valdivia, Chile.","Fish Database Correa-Boisjoly","Ocurrence"
"Río Tranquilo",-46.6243,-72.682061,2022,2022-12-05,"Oncorhynchus mykiss",8,"Casting Net","Lago General Carrera","Cristian Correa","","CC BY-NC 4.0","Cristián Correa, orcid.org/0000-0002-8608-6858","not-for-profit use only","Correa, Cristián, Maryse Boisjoly (2023) Base de datos empírica de peces de Chile. Valdivia, Chile.","Fish Database Correa-Boisjoly","Ocurrence"
"Río Tranquilo",-46.6243,-72.682061,2022,2022-12-05,"Salmo trutta",11,"Casting Net","Lago General Carrera","Cristian Correa","","CC BY-NC 4.0","Cristián Correa, orcid.org/0000-0002-8608-6858","not-for-profit use only","Correa, Cristián, Maryse Boisjoly (2023) Base de datos empírica de peces de Chile. Valdivia, Chile.","Fish Database Correa-Boisjoly","Ocurrence"
"Río Tranquilo",-46.6226,-72.6781,2023,2023-01-16,"Salmo trutta",14,"Electric fishing","Lago General Carrera","Cristian Correa, Julien Cucherousset, Simon Blanchet","","CC BY-NC 4.0","Cristián Correa, orcid.org/0000-0002-8608-6858","not-for-profit use only","Correa, Cristián, Maryse Boisjoly (2023) Base de datos empírica de peces de Chile. Valdivia, Chile.","Fish Database Correa-Boisjoly","Ocurrence"
"Río Tranquilo",-46.6103,-72.7552,2023,2023-01-16,"Oncorhynchus mykiss",1,"Electric fishing","Lago General Carrera","Cristian Correa, Julien Cucherousset, Simon Blanchet","","CC BY-NC 4.0","Cristián Correa, orcid.org/0000-0002-8608-6858","not-for-profit use only","Correa, Cristián, Maryse Boisjoly (2023) Base de datos empírica de peces de Chile. Valdivia, Chile.","Fish Database Correa-Boisjoly","Ocurrence"
"Río Tranquilo",-46.6103,-72.7552,2023,2023-01-16,"Salmo trutta",22,"Electric fishing","Lago General Carrera","Cristian Correa, Julien Cucherousset, Simon Blanchet","","CC BY-NC 4.0","Cristián Correa, orcid.org/0000-0002-8608-6858","not-for-profit use only","Correa, Cristián, Maryse Boisjoly (2023) Base de datos empírica de peces de Chile. Valdivia, Chile.","Fish Database Correa-Boisjoly","Ocurrence"
"Río Vargas",-47.698278,-73.076278,2004,2004-03-20,"Oncorhynchus tshawytscha",9,"Gillnet","Vargas (Baker)","Cristian Correa","(Correa and Moran 2017) | (Narum et al. 2017)","CC BY-NC 4.0","Cristián Correa, orcid.org/0000-0002-8608-6858","not-for-profit use only","Correa, Cristián, Maryse Boisjoly (2023) Base de datos empírica de peces de Chile. Valdivia, Chile.","Fish Database Correa-Boisjoly","Ocurrence"
"Río Vargas",-47.683056,-73.036781,2007,2007-03-30,"Galaxias maculatus",40,"Electric fishing","Vargas","Cristian Correa","","CC BY-NC 4.0","Cristián Correa, orcid.org/0000-0002-8608-6858","not-for-profit use only","Correa, Cristián, Maryse Boisjoly (2023) Base de datos empírica de peces de Chile. Valdivia, Chile.","Fish Database Correa-Boisjoly","Ocurrence"
"Río Vargas",-47.683056,-73.036781,2007,2007-03-30,"Oncorhynchus kisutch",27,"Electric fishing","Vargas","Cristian Correa","(Alò et al. 2013) | (Alò et al. 2019) | (Correa and Moran 2017)","CC BY-NC 4.0","Cristián Correa, orcid.org/0000-0002-8608-6858","not-for-profit use only","Correa, Cristián, Maryse Boisjoly (2023) Base de datos empírica de peces de Chile. Valdivia, Chile.","Fish Database Correa-Boisjoly","Ocurrence"
"Río Vargas",-47.683056,-73.036781,2007,2007-03-30,"Salmo trutta",17,"Electric fishing","Vargas","Cristian Correa","","CC BY-NC 4.0","Cristián Correa, orcid.org/0000-0002-8608-6858","not-for-profit use only","Correa, Cristián, Maryse Boisjoly (2023) Base de datos empírica de peces de Chile. Valdivia, Chile.","Fish Database Correa-Boisjoly","Ocurrence"
"Río Verde",-46.39449799,-73.29423901,2019,2019-01-14,"Oncorhynchus tshawytscha",14,"Casting Net","Valle Exploradores","Cristian Correa, Julien Cucherousset, Simon Blanchet","","CC BY-NC 4.0","Cristián Correa, orcid.org/0000-0002-8608-6858","not-for-profit use only","Correa, Cristián, Maryse Boisjoly (2023) Base de datos empírica de peces de Chile. Valdivia, Chile.","Fish Database Correa-Boisjoly","Ocurrence"
"Río Verde",-46.39449799,-73.29423901,2019,2019-01-14,"Salmo trutta",9,"Casting Net","Valle Exploradores","Cristian Correa, Julien Cucherousset, Simon Blanchet","","CC BY-NC 4.0","Cristián Correa, orcid.org/0000-0002-8608-6858","not-for-profit use only","Correa, Cristián, Maryse Boisjoly (2023) Base de datos empírica de peces de Chile. Valdivia, Chile.","Fish Database Correa-Boisjoly","Ocurrence"
"Río Verde",-46.39344396,-73.29302103,2019,2019-01-14,"Oncorhynchus tshawytscha",4,"Electric fishing","Valle Exploradores","Cristian Correa, Julien Cucherousset, Simon Blanchet","","CC BY-NC 4.0","Cristián Correa, orcid.org/0000-0002-8608-6858","not-for-profit use only","Correa, Cristián, Maryse Boisjoly (2023) Base de datos empírica de peces de Chile. Valdivia, Chile.","Fish Database Correa-Boisjoly","Ocurrence"
"Río Verde",-46.39233,-73.291341,2019,2019-01-14,"Oncorhynchus tshawytscha",3,"Electric fishing","Valle Exploradores","Cristian Correa","","CC BY-NC 4.0","Cristián Correa, orcid.org/0000-0002-8608-6858","not-for-profit use only","Correa, Cristián, Maryse Boisjoly (2023) Base de datos empírica de peces de Chile. Valdivia, Chile.","Fish Database Correa-Boisjoly","Ocurrence"
"Río Verde",-46.39233,-73.291341,2019,2019-01-14,"Salmo trutta",9,"Electric fishing","Valle Exploradores","Cristian Correa","","CC BY-NC 4.0","Cristián Correa, orcid.org/0000-0002-8608-6858","not-for-profit use only","Correa, Cristián, Maryse Boisjoly (2023) Base de datos empírica de peces de Chile. Valdivia, Chile.","Fish Database Correa-Boisjoly","Ocurrence"
"Río Verde",-46.39083,-73.28973,2019,2019-11-22,"Oncorhynchus tshawytscha",54,"Casting Net","Valle Exploradores","Cristian Correa, Simon Blanchet, Julien Cucherousset","","CC BY-NC 4.0","Cristián Correa, orcid.org/0000-0002-8608-6858","not-for-profit use only","Correa, Cristián, Maryse Boisjoly (2023) Base de datos empírica de peces de Chile. Valdivia, Chile.","Fish Database Correa-Boisjoly","Ocurrence"
"Río Verde",-46.39083,-73.28973,2019,2019-11-22,"Salmo trutta",0,"Casting Net","Valle Exploradores","Cristian Correa, Simon Blanchet, Julien Cucherousset","","CC BY-NC 4.0","Cristián Correa, orcid.org/0000-0002-8608-6858","not-for-profit use only","Correa, Cristián, Maryse Boisjoly (2023) Base de datos empírica de peces de Chile. Valdivia, Chile.","Fish Database Correa-Boisjoly","Ocurrence"
"Río Verde",-46.3890439999999,-73.2902639999999,2023,2023-01-14,"Oncorhynchus tshawytscha",11,"Angling","Valle Exploradores","Cristian Correa, Simon Blanchet, Julien Cucherousset","","CC BY-NC 4.0","Cristián Correa, orcid.org/0000-0002-8608-6858","not-for-profit use only","Correa, Cristián, Maryse Boisjoly (2023) Base de datos empírica de peces de Chile. Valdivia, Chile.","Fish Database Correa-Boisjoly","Ocurrence"
"Río Verde",-46.3890439999999,-73.2902639999999,2023,2023-01-14,"Salmo trutta",12,"Angling","Valle Exploradores","Cristian Correa, Simon Blanchet, Julien Cucherousset","","CC BY-NC 4.0","Cristián Correa, orcid.org/0000-0002-8608-6858","not-for-profit use only","Correa, Cristián, Maryse Boisjoly (2023) Base de datos empírica de peces de Chile. Valdivia, Chile.","Fish Database Correa-Boisjoly","Ocurrence"
"Río Yumbel",-53.802172,-71.029881,2020,2020-03-05,"Galaxias maculatus",35,"Casting Net","Rio Yumbel","Cristian Correa, Benjamin Caceres","","CC BY-NC 4.0","Cristián Correa, orcid.org/0000-0002-8608-6858","not-for-profit use only","Correa, Cristián, Maryse Boisjoly (2023) Base de datos empírica de peces de Chile. Valdivia, Chile.","Fish Database Correa-Boisjoly","Ocurrence"
"Río Yumbel",-53.802172,-71.029881,2020,2020-03-05,"Oncorhynchus mykiss",3,"Electric fishing","Rio Yumbel","Cristian Correa, Benjamin Caceres","","CC BY-NC 4.0","Cristián Correa, orcid.org/0000-0002-8608-6858","not-for-profit use only","Correa, Cristián, Maryse Boisjoly (2023) Base de datos empírica de peces de Chile. Valdivia, Chile.","Fish Database Correa-Boisjoly","Ocurrence"
"Río Yumbel",-53.802172,-71.029881,2020,2020-03-05,"Salmo trutta",16,"Casting Net, Electric fishing","Rio Yumbel","Cristian Correa, Benjamin Caceres","","CC BY-NC 4.0","Cristián Correa, orcid.org/0000-0002-8608-6858","not-for-profit use only","Correa, Cristián, Maryse Boisjoly (2023) Base de datos empírica de peces de Chile. Valdivia, Chile.","Fish Database Correa-Boisjoly","Ocurrence"
"Río Ñireguao",-45.165414,-72.106689,2007,2007-01-26,"Oncorhynchus tshawytscha",1,"Fly fishing","Ñireguao River","Cristian Correa","","CC BY-NC 4.0","Cristián Correa, orcid.org/0000-0002-8608-6858","not-for-profit use only","Correa, Cristián, Maryse Boisjoly (2023) Base de datos empírica de peces de Chile. Valdivia, Chile.","Fish Database Correa-Boisjoly","Ocurrence"
"Río Ñireguao",-45.165333,-72.1215,2004,2004-04-01,"Oncorhynchus tshawytscha",11,"Harpoon/Poaching","Ñireguao (Aysen)","Cristian Correa","(Correa and Moran 2017) | (Narum et al. 2017)","CC BY-NC 4.0","Cristián Correa, orcid.org/0000-0002-8608-6858","not-for-profit use only","Correa, Cristián, Maryse Boisjoly (2023) Base de datos empírica de peces de Chile. Valdivia, Chile.","Fish Database Correa-Boisjoly","Ocurrence"
"Río Ñireguao",-45.16493004,-72.10584397,2014,2014-03-09,"Oncorhynchus mykiss",1,"Gill Net Salmonera","Ñireguao River","Cristian Correa, Maryse Boisjoly","","CC BY-NC 4.0","Cristián Correa, orcid.org/0000-0002-8608-6858","not-for-profit use only","Correa, Cristián, Maryse Boisjoly (2023) Base de datos empírica de peces de Chile. Valdivia, Chile.","Fish Database Correa-Boisjoly","Ocurrence"
"Río Ñireguao",-45.16493004,-72.10584397,2014,2014-03-09,"Oncorhynchus tshawytscha",13,"Gill Net Salmonera","Ñireguao River","Cristian Correa, Maryse Boisjoly","","CC BY-NC 4.0","Cristián Correa, orcid.org/0000-0002-8608-6858","not-for-profit use only","Correa, Cristián, Maryse Boisjoly (2023) Base de datos empírica de peces de Chile. Valdivia, Chile.","Fish Database Correa-Boisjoly","Ocurrence"
"Río Ñireguao",-45.16493004,-72.10584397,2014,2014-03-09,"Salmo trutta",1,"Gill Net Salmonera","Ñireguao River","Cristian Correa, Maryse Boisjoly","","CC BY-NC 4.0","Cristián Correa, orcid.org/0000-0002-8608-6858","not-for-profit use only","Correa, Cristián, Maryse Boisjoly (2023) Base de datos empírica de peces de Chile. Valdivia, Chile.","Fish Database Correa-Boisjoly","Ocurrence"
"Rîo Puelo",-41.635971,-72.250799,2023,2023-11-14,"Cheirodon",13,"Seine net","Río Puelo","CC BD","","CC BY-NC 4.0","Cristián Correa, orcid.org/0000-0002-8608-6858","not-for-profit use only","Correa, Cristián, Maryse Boisjoly (2023) Base de datos empírica de peces de Chile. Valdivia, Chile.","Fish Database Correa-Boisjoly","Ocurrence"
"Rîo Puelo",-41.635971,-72.250799,2023,2023-11-14,"Galaxias maculatus",2,"Seine net","Río Puelo","CC BD","","CC BY-NC 4.0","Cristián Correa, orcid.org/0000-0002-8608-6858","not-for-profit use only","Correa, Cristián, Maryse Boisjoly (2023) Base de datos empírica de peces de Chile. Valdivia, Chile.","Fish Database Correa-Boisjoly","Ocurrence"
"Rîo Puelo",-41.635971,-72.250799,2023,2023-11-14,"Oncorhynchus tshawytscha",1,"Seine net","Río Puelo","CC BD","","CC BY-NC 4.0","Cristián Correa, orcid.org/0000-0002-8608-6858","not-for-profit use only","Correa, Cristián, Maryse Boisjoly (2023) Base de datos empírica de peces de Chile. Valdivia, Chile.","Fish Database Correa-Boisjoly","Ocurrence"
"Seno de Última Esperanza",-51.59132699,-72.78386601,2015,2015-04-11,"Eleginops maclovinus",3,"Gill Net Aplochitonera","Seno de Última Esperanza","Cristian Correa, Maryse Boisjoly","","CC BY-NC 4.0","Cristián Correa, orcid.org/0000-0002-8608-6858","not-for-profit use only","Correa, Cristián, Maryse Boisjoly (2023) Base de datos empírica de peces de Chile. Valdivia, Chile.","Fish Database Correa-Boisjoly","Ocurrence"
"Seno de Última Esperanza",-51.59132699,-72.78386601,2015,2015-04-11,"Odontesthes smitti",130,"Gill Net Aplochitonera","Seno de Última Esperanza","Cristian Correa, Maryse Boisjoly","","CC BY-NC 4.0","Cristián Correa, orcid.org/0000-0002-8608-6858","not-for-profit use only","Correa, Cristián, Maryse Boisjoly (2023) Base de datos empírica de peces de Chile. Valdivia, Chile.","Fish Database Correa-Boisjoly","Ocurrence"
"Seno de Última Esperanza",-51.59132699,-72.78386601,2015,2015-04-11,"Patagonotothen sp",5,"Gill Net Aplochitonera","Seno de Última Esperanza","Cristian Correa, Maryse Boisjoly","","CC BY-NC 4.0","Cristián Correa, orcid.org/0000-0002-8608-6858","not-for-profit use only","Correa, Cristián, Maryse Boisjoly (2023) Base de datos empírica de peces de Chile. Valdivia, Chile.","Fish Database Correa-Boisjoly","Ocurrence"
"Seno de Última Esperanza",-51.41491801,-73.09617296,2015,2015-04-08,"Champsocephalus esox",3,"Gill Net Aplochitonera","Seno de Última Esperanza","Cristian Correa, Maryse Boisjoly","","CC BY-NC 4.0","Cristián Correa, orcid.org/0000-0002-8608-6858","not-for-profit use only","Correa, Cristián, Maryse Boisjoly (2023) Base de datos empírica de peces de Chile. Valdivia, Chile.","Fish Database Correa-Boisjoly","Ocurrence"
"Seno de Última Esperanza",-51.41491801,-73.09617296,2015,2015-04-08,"Eleginops maclovinus",2,"Gill Net Aplochitonera","Seno de Última Esperanza","Cristian Correa, Maryse Boisjoly","","CC BY-NC 4.0","Cristián Correa, orcid.org/0000-0002-8608-6858","not-for-profit use only","Correa, Cristián, Maryse Boisjoly (2023) Base de datos empírica de peces de Chile. Valdivia, Chile.","Fish Database Correa-Boisjoly","Ocurrence"
"Seno de Última Esperanza",-51.41491801,-73.09617296,2015,2015-04-08,"Patagonotothen sp",2,"Gill Net Aplochitonera","Seno de Última Esperanza","Cristian Correa, Maryse Boisjoly","","CC BY-NC 4.0","Cristián Correa, orcid.org/0000-0002-8608-6858","not-for-profit use only","Correa, Cristián, Maryse Boisjoly (2023) Base de datos empírica de peces de Chile. Valdivia, Chile.","Fish Database Correa-Boisjoly","Ocurrence"
"Seno de Última Esperanza",-51.41491801,-73.09617296,2015,2015-04-08,"Salmo trutta",1,"Gill Net Aplochitonera","Seno de Última Esperanza","Cristian Correa, Maryse Boisjoly","","CC BY-NC 4.0","Cristián Correa, orcid.org/0000-0002-8608-6858","not-for-profit use only","Correa, Cristián, Maryse Boisjoly (2023) Base de datos empírica de peces de Chile. Valdivia, Chile.","Fish Database Correa-Boisjoly","Ocurrence"
"Tocoihue",-42.304794,-73.437125,2011,2011-01-23,"Aplochiton zebra",46,"Dip net","Tocoihue","Cristian Correa","(Alò et al. 2019)","CC BY-NC 4.0","Cristián Correa, orcid.org/0000-0002-8608-6858","not-for-profit use only","Correa, Cristián, Maryse Boisjoly (2023) Base de datos empírica de peces de Chile. Valdivia, Chile.","Fish Database Correa-Boisjoly","Ocurrence"
"Tocoihue",-42.304794,-73.437125,2011,2011-01-23,"Galaxias maculatus",39,"Dip net","Tocoihue","Cristian Correa","(Alò et al. 2019)","CC BY-NC 4.0","Cristián Correa, orcid.org/0000-0002-8608-6858","not-for-profit use only","Correa, Cristián, Maryse Boisjoly (2023) Base de datos empírica de peces de Chile. Valdivia, Chile.","Fish Database Correa-Boisjoly","Ocurrence"
"Tortel",-47.806583,-73.548194,2004,2004-03-22,"Oncorhynchus tshawytscha",1,"Hand","Tortel (Coastal)","Cristian Correa","","CC BY-NC 4.0","Cristián Correa, orcid.org/0000-0002-8608-6858","not-for-profit use only","Correa, Cristián, Maryse Boisjoly (2023) Base de datos empírica de peces de Chile. Valdivia, Chile.","Fish Database Correa-Boisjoly","Ocurrence"
"Tortel",-47.805979,-73.548009,2007,2007-03-26,"Eleginops maclovinus",1,"Electric fishing","Tortel","Cristian Correa","","CC BY-NC 4.0","Cristián Correa, orcid.org/0000-0002-8608-6858","not-for-profit use only","Correa, Cristián, Maryse Boisjoly (2023) Base de datos empírica de peces de Chile. Valdivia, Chile.","Fish Database Correa-Boisjoly","Ocurrence"
"Tortel",-47.805979,-73.548009,2007,2007-03-26,"Galaxias maculatus",54,"Electric fishing","Tortel","Cristian Correa","","CC BY-NC 4.0","Cristián Correa, orcid.org/0000-0002-8608-6858","not-for-profit use only","Correa, Cristián, Maryse Boisjoly (2023) Base de datos empírica de peces de Chile. Valdivia, Chile.","Fish Database Correa-Boisjoly","Ocurrence"
"Tortel",-47.805979,-73.548009,2007,2007-03-26,"Oncorhynchus tshawytscha",1,"Electric fishing","Tortel","Cristian Correa","(Narum et al. 2017)","CC BY-NC 4.0","Cristián Correa, orcid.org/0000-0002-8608-6858","not-for-profit use only","Correa, Cristián, Maryse Boisjoly (2023) Base de datos empírica de peces de Chile. Valdivia, Chile.","Fish Database Correa-Boisjoly","Ocurrence"
