id,latitude,longitude,cntry_code,country,obs_date,t_kingdom,t_phylum,t_class,t_order,t_family,t_genus,t_species,database,inst,collection,provider,records,year,month
"4559241","-40.4333","-63.6833","AR","ARGENTINA"," ","Animalia","Chordata","Actinopterygii","Atheriniformes","Atherinopsidae","Odontesthes","Odontesthes bonariensis","SSTN","FO","Peces","Fundación Óga","1","",""
"4559249","-50.0833","-69.5833","AR","ARGENTINA"," ","Animalia","Chordata","Actinopterygii","Atheriniformes","Atherinopsidae","Odontesthes","Odontesthes hatcheri","SSTN","FO","Peces","Fundación Óga","1","",""
"4559311","-48.9167","-71.25","AR","ARGENTINA"," ","Animalia","Chordata","Actinopterygii","Atheriniformes","Atherinopsidae","Odontesthes","Odontesthes hatcheri","SSTN","FO","Peces","Fundación Óga","1","",""
"4559310","-47.5167","-71.8","AR","ARGENTINA"," ","Animalia","Chordata","Actinopterygii","Atheriniformes","Atherinopsidae","Odontesthes","Odontesthes hatcheri","SSTN","FO","Peces","Fundación Óga","1","",""
"4559252","-47.35","-71.95","AR","ARGENTINA"," ","Animalia","Chordata","Actinopterygii","Atheriniformes","Atherinopsidae","Odontesthes","Odontesthes hatcheri","SSTN","FO","Peces","Fundación Óga","1","",""
"4559248","-47.3167","-71.4833","AR","ARGENTINA"," ","Animalia","Chordata","Actinopterygii","Atheriniformes","Atherinopsidae","Odontesthes","Odontesthes hatcheri","SSTN","FO","Peces","Fundación Óga","1","",""
"4559309","-46.5333","-71.6167","AR","ARGENTINA"," ","Animalia","Chordata","Actinopterygii","Atheriniformes","Atherinopsidae","Odontesthes","Odontesthes hatcheri","SSTN","FO","Peces","Fundación Óga","1","",""
"4559254","-45.75","-69.7167","AR","ARGENTINA"," ","Animalia","Chordata","Actinopterygii","Atheriniformes","Atherinopsidae","Odontesthes","Odontesthes hatcheri","SSTN","FO","Peces","Fundación Óga","1","",""
"4559300","-45.5","-68.7667","AR","ARGENTINA"," ","Animalia","Chordata","Actinopterygii","Atheriniformes","Atherinopsidae","Odontesthes","Odontesthes hatcheri","SSTN","FO","Peces","Fundación Óga","1","",""
"4559299","-45.4333","-69.1667","AR","ARGENTINA"," ","Animalia","Chordata","Actinopterygii","Atheriniformes","Atherinopsidae","Odontesthes","Odontesthes hatcheri","SSTN","FO","Peces","Fundación Óga","1","",""
"4559301","-44.9333","-71.5","AR","ARGENTINA"," ","Animalia","Chordata","Actinopterygii","Atheriniformes","Atherinopsidae","Odontesthes","Odontesthes hatcheri","SSTN","FO","Peces","Fundación Óga","1","",""
"4559247","-43.7333","-67.4167","AR","ARGENTINA"," ","Animalia","Chordata","Actinopterygii","Atheriniformes","Atherinopsidae","Odontesthes","Odontesthes hatcheri","SSTN","FO","Peces","Fundación Óga","1","",""
"4559306","-43.7167","-66.5","AR","ARGENTINA"," ","Animalia","Chordata","Actinopterygii","Atheriniformes","Atherinopsidae","Odontesthes","Odontesthes hatcheri","SSTN","FO","Peces","Fundación Óga","1","",""
"4559256","-43.6833","-66.4","AR","ARGENTINA"," ","Animalia","Chordata","Actinopterygii","Atheriniformes","Atherinopsidae","Odontesthes","Odontesthes hatcheri","SSTN","FO","Peces","Fundación Óga","1","",""
"4559257","-43.4","-65.8167","AR","ARGENTINA"," ","Animalia","Chordata","Actinopterygii","Atheriniformes","Atherinopsidae","Odontesthes","Odontesthes hatcheri","SSTN","FO","Peces","Fundación Óga","1","",""
"4559298","-43.2667","-71.3333","AR","ARGENTINA"," ","Animalia","Chordata","Actinopterygii","Atheriniformes","Atherinopsidae","Odontesthes","Odontesthes hatcheri","SSTN","FO","Peces","Fundación Óga","1","",""
"4559327","-43.1333","-71.6","AR","ARGENTINA"," ","Animalia","Chordata","Actinopterygii","Atheriniformes","Atherinopsidae","Odontesthes","Odontesthes hatcheri","SSTN","FO","Peces","Fundación Óga","1","",""
"4559315","-42.9833","-71.5167","AR","ARGENTINA"," ","Animalia","Chordata","Actinopterygii","Atheriniformes","Atherinopsidae","Odontesthes","Odontesthes hatcheri","SSTN","FO","Peces","Fundación Óga","1","",""
"4559303","-42.8333","-71.6333","AR","ARGENTINA"," ","Animalia","Chordata","Actinopterygii","Atheriniformes","Atherinopsidae","Odontesthes","Odontesthes hatcheri","SSTN","FO","Peces","Fundación Óga","1","",""
"4559297","-42.8333","-71.2667","AR","ARGENTINA"," ","Animalia","Chordata","Actinopterygii","Atheriniformes","Atherinopsidae","Odontesthes","Odontesthes hatcheri","SSTN","FO","Peces","Fundación Óga","1","",""
"4559296","-42.45","-71.4833","AR","ARGENTINA"," ","Animalia","Chordata","Actinopterygii","Atheriniformes","Atherinopsidae","Odontesthes","Odontesthes hatcheri","SSTN","FO","Peces","Fundación Óga","1","",""
"4559312","-42.4333","-71.5","AR","ARGENTINA"," ","Animalia","Chordata","Actinopterygii","Atheriniformes","Atherinopsidae","Odontesthes","Odontesthes hatcheri","SSTN","FO","Peces","Fundación Óga","1","",""
"4559308","-42.4333","-71.4","AR","ARGENTINA"," ","Animalia","Chordata","Actinopterygii","Atheriniformes","Atherinopsidae","Odontesthes","Odontesthes hatcheri","SSTN","FO","Peces","Fundación Óga","1","",""
"4559295","-42.2","-71.5","AR","ARGENTINA"," ","Animalia","Chordata","Actinopterygii","Atheriniformes","Atherinopsidae","Odontesthes","Odontesthes hatcheri","SSTN","FO","Peces","Fundación Óga","1","",""
"4559302","-42.1167","-71.6333","AR","ARGENTINA"," ","Animalia","Chordata","Actinopterygii","Atheriniformes","Atherinopsidae","Odontesthes","Odontesthes hatcheri","SSTN","FO","Peces","Fundación Óga","1","",""
"4559291","-41.4","-68.2833","AR","ARGENTINA"," ","Animalia","Chordata","Actinopterygii","Atheriniformes","Atherinopsidae","Odontesthes","Odontesthes hatcheri","SSTN","FO","Peces","Fundación Óga","1","",""
"4559313","-41.3667","-71.55","AR","ARGENTINA"," ","Animalia","Chordata","Actinopterygii","Atheriniformes","Atherinopsidae","Odontesthes","Odontesthes hatcheri","SSTN","FO","Peces","Fundación Óga","1","",""
"4559292","-41.2167","-69.4333","AR","ARGENTINA"," ","Animalia","Chordata","Actinopterygii","Atheriniformes","Atherinopsidae","Odontesthes","Odontesthes hatcheri","SSTN","FO","Peces","Fundación Óga","1","",""
"4559283","-41.2","-71.4333","AR","ARGENTINA"," ","Animalia","Chordata","Actinopterygii","Atheriniformes","Atherinopsidae","Odontesthes","Odontesthes hatcheri","SSTN","FO","Peces","Fundación Óga","1","",""
"4559272","-41.0667","-71.8","AR","ARGENTINA"," ","Animalia","Chordata","Actinopterygii","Atheriniformes","Atherinopsidae","Odontesthes","Odontesthes hatcheri","SSTN","FO","Peces","Fundación Óga","1","",""
"4559326","-41.0667","-71.55","AR","ARGENTINA"," ","Animalia","Chordata","Actinopterygii","Atheriniformes","Atherinopsidae","Odontesthes","Odontesthes hatcheri","SSTN","FO","Peces","Fundación Óga","2","",""
"4559319","-41.0667","-71.4833","AR","ARGENTINA"," ","Animalia","Chordata","Actinopterygii","Atheriniformes","Atherinopsidae","Odontesthes","Odontesthes hatcheri","SSTN","FO","Peces","Fundación Óga","3","",""
"4559285","-41.05","-71.5","AR","ARGENTINA"," ","Animalia","Chordata","Actinopterygii","Atheriniformes","Atherinopsidae","Odontesthes","Odontesthes hatcheri","SSTN","FO","Peces","Fundación Óga","1","",""
"4559290","-40.8167","-63","AR","ARGENTINA"," ","Animalia","Chordata","Actinopterygii","Atheriniformes","Atherinopsidae","Odontesthes","Odontesthes hatcheri","SSTN","FO","Peces","Fundación Óga","1","",""
"4559246","-40.75","-71","AR","ARGENTINA"," ","Animalia","Chordata","Actinopterygii","Atheriniformes","Atherinopsidae","Odontesthes","Odontesthes hatcheri","SSTN","FO","Peces","Fundación Óga","1","",""
"4559255","-40.75","-63.1167","AR","ARGENTINA"," ","Animalia","Chordata","Actinopterygii","Atheriniformes","Atherinopsidae","Odontesthes","Odontesthes hatcheri","SSTN","FO","Peces","Fundación Óga","1","",""
"4559268","-40.6833","-71.6667","AR","ARGENTINA"," ","Animalia","Chordata","Actinopterygii","Atheriniformes","Atherinopsidae","Odontesthes","Odontesthes hatcheri","SSTN","FO","Peces","Fundación Óga","1","",""
"4559276","-40.65","-71.4","AR","ARGENTINA"," ","Animalia","Chordata","Actinopterygii","Atheriniformes","Atherinopsidae","Odontesthes","Odontesthes hatcheri","SSTN","FO","Peces","Fundación Óga","1","",""
"4559277","-40.6333","-71.75","AR","ARGENTINA"," ","Animalia","Chordata","Actinopterygii","Atheriniformes","Atherinopsidae","Odontesthes","Odontesthes hatcheri","SSTN","FO","Peces","Fundación Óga","1","",""
"4559278","-40.6333","-70.7833","AR","ARGENTINA"," ","Animalia","Chordata","Actinopterygii","Atheriniformes","Atherinopsidae","Odontesthes","Odontesthes hatcheri","SSTN","FO","Peces","Fundación Óga","1","",""
"4559243","-40.5636","-70.6167","AR","ARGENTINA"," ","Animalia","Chordata","Actinopterygii","Atheriniformes","Atherinopsidae","Odontesthes","Odontesthes hatcheri","SSTN","FO","Peces","Fundación Óga","1","",""
"4559293","-40.5167","-70.35","AR","ARGENTINA"," ","Animalia","Chordata","Actinopterygii","Atheriniformes","Atherinopsidae","Odontesthes","Odontesthes hatcheri","SSTN","FO","Peces","Fundación Óga","1","",""
"4559269","-40.5","-71.35","AR","ARGENTINA"," ","Animalia","Chordata","Actinopterygii","Atheriniformes","Atherinopsidae","Odontesthes","Odontesthes hatcheri","SSTN","FO","Peces","Fundación Óga","1","",""
"4559270","-40.4667","-71.5","AR","ARGENTINA"," ","Animalia","Chordata","Actinopterygii","Atheriniformes","Atherinopsidae","Odontesthes","Odontesthes hatcheri","SSTN","FO","Peces","Fundación Óga","1","",""
"4559271","-40.45","-71.5833","AR","ARGENTINA"," ","Animalia","Chordata","Actinopterygii","Atheriniformes","Atherinopsidae","Odontesthes","Odontesthes hatcheri","SSTN","FO","Peces","Fundación Óga","1","",""
"4559325","-40.4333","-63.6833","AR","ARGENTINA"," ","Animalia","Chordata","Actinopterygii","Atheriniformes","Atherinopsidae","Odontesthes","Odontesthes hatcheri","SSTN","FO","Peces","Fundación Óga","1","",""
"4559264","-40.3","-70.6667","AR","ARGENTINA"," ","Animalia","Chordata","Actinopterygii","Atheriniformes","Atherinopsidae","Odontesthes","Odontesthes hatcheri","SSTN","FO","Peces","Fundación Óga","1","",""
"4554700","-40.4333","-63.6833","AR","ARGENTINA"," ","Animalia","Chordata","Actinopterygii","Characiformes","Characidae","Cheirodon","Cheirodon interruptus","SSTN","FO","Peces","Fundación Óga","1","",""
"4556432","-40.9833","-66.6667","AR","ARGENTINA"," ","Animalia","Chordata","Actinopterygii","Characiformes","Characidae","Gymnocharacinus","Gymnocharacinus bergii","SSTN","FO","Peces","Fundación Óga","2","",""
"4556430","-40.9833","-66.6667","AR","ARGENTINA"," ","Animalia","Chordata","Actinopterygii","Characiformes","Characidae","Gymnocharacinus","Gymnocharacinus bergii","SSTN","MLP","Peces","Fundación Óga","1","",""
"4558752","-40.8167","-63","AR","ARGENTINA"," ","Animalia","Chordata","Actinopterygii","Clupeiformes","Engraulidae","Lycengraulis","Lycengraulis grossidens","SSTN","MLP","Peces","Fundación Óga","2","",""
"4555945","-40.4333","-63.6833","AR","ARGENTINA"," ","Animalia","Chordata","Actinopterygii","Cypriniformes","Cyprinidae","Cyprinus","Cyprinus carpio","SSTN","FO","Peces","Fundación Óga","1","",""
"4558147","-42.7667","-65.05","AR","ARGENTINA"," ","Animalia","Chordata","Actinopterygii","Cyprinodontiformes","Anablepidae","Jenynsia","Jenynsia multidentata","SSTN","MLP","Peces","Fundación Óga","1","",""
"4558119","-40.8167","-63","AR","ARGENTINA"," ","Animalia","Chordata","Actinopterygii","Cyprinodontiformes","Anablepidae","Jenynsia","Jenynsia multidentata","SSTN","FO","Peces","Fundación Óga","1","",""
"4558118","-40.6667","-62.3333","AR","ARGENTINA"," ","Animalia","Chordata","Actinopterygii","Cyprinodontiformes","Anablepidae","Jenynsia","Jenynsia multidentata","SSTN","MLP","Peces","Fundación Óga","1","",""
"4558146","-40.5833","-63.5667","AR","ARGENTINA"," ","Animalia","Chordata","Actinopterygii","Cyprinodontiformes","Anablepidae","Jenynsia","Jenynsia multidentata","SSTN","MLP","Peces","Fundación Óga","1","",""
"4558199","-40.4333","-63.6833","AR","ARGENTINA"," ","Animalia","Chordata","Actinopterygii","Cyprinodontiformes","Anablepidae","Jenynsia","Jenynsia multidentata","SSTN","FO","Peces","Fundación Óga","1","",""
"4556148","-54.5833","-66.9167","AR","ARGENTINA"," ","Animalia","Chordata","Actinopterygii","Osmeriformes","Galaxiidae","Galaxias","Galaxias maculatus","SSTN","FO","Peces","Fundación Óga","1","",""
"4556182","-50.5258","-72.6989","AR","ARGENTINA"," ","Animalia","Chordata","Actinopterygii","Osmeriformes","Galaxiidae","Galaxias","Galaxias maculatus","SSTN","FO","Peces","Fundación Óga","1","",""
"4556139","-50.3167","-72.2833","AR","ARGENTINA"," ","Animalia","Chordata","Actinopterygii","Osmeriformes","Galaxiidae","Galaxias","Galaxias maculatus","SSTN","FO","Peces","Fundación Óga","1","",""
"4556153","-50.25","-72.4167","AR","ARGENTINA"," ","Animalia","Chordata","Actinopterygii","Osmeriformes","Galaxiidae","Galaxias","Galaxias maculatus","SSTN","FO","Peces","Fundación Óga","2","",""
"4556108","-50.25","-71.7333","AR","ARGENTINA"," ","Animalia","Chordata","Actinopterygii","Osmeriformes","Galaxiidae","Galaxias","Galaxias maculatus","SSTN","FO","Peces","Fundación Óga","1","",""
"4556114","-50.0833","-69.5833","AR","ARGENTINA"," ","Animalia","Chordata","Actinopterygii","Osmeriformes","Galaxiidae","Galaxias","Galaxias maculatus","SSTN","FO","Peces","Fundación Óga","1","",""
"4556181","-50.0347","-72.0667","AR","ARGENTINA"," ","Animalia","Chordata","Actinopterygii","Osmeriformes","Galaxiidae","Galaxias","Galaxias maculatus","SSTN","FO","Peces","Fundación Óga","1","",""
"4556180","-49.7833","-68.6333","AR","ARGENTINA"," ","Animalia","Chordata","Actinopterygii","Osmeriformes","Galaxiidae","Galaxias","Galaxias maculatus","SSTN","FO","Peces","Fundación Óga","1","",""
"4556144","-49.6667","-72.3333","AR","ARGENTINA"," ","Animalia","Chordata","Actinopterygii","Osmeriformes","Galaxiidae","Galaxias","Galaxias maculatus","SSTN","FO","Peces","Fundación Óga","1","",""
"4556146","-49.3333","-72","AR","ARGENTINA"," ","Animalia","Chordata","Actinopterygii","Osmeriformes","Galaxiidae","Galaxias","Galaxias maculatus","SSTN","FO","Peces","Fundación Óga","1","",""
"4556141","-49.3333","-69.75","AR","ARGENTINA"," ","Animalia","Chordata","Actinopterygii","Osmeriformes","Galaxiidae","Galaxias","Galaxias maculatus","SSTN","FO","Peces","Fundación Óga","1","",""
"4556140","-47.75","-65.9","AR","ARGENTINA"," ","Animalia","Chordata","Actinopterygii","Osmeriformes","Galaxiidae","Galaxias","Galaxias maculatus","SSTN","FO","Peces","Fundación Óga","1","",""
"4556173","-46.5","-71.35","AR","ARGENTINA"," ","Animalia","Chordata","Actinopterygii","Osmeriformes","Galaxiidae","Galaxias","Galaxias maculatus","SSTN","FO","Peces","Fundación Óga","1","",""
"4556150","-44.6667","-70.5833","AR","ARGENTINA"," ","Animalia","Chordata","Actinopterygii","Osmeriformes","Galaxiidae","Galaxias","Galaxias maculatus","SSTN","FO","Peces","Fundación Óga","1","",""
"4556111","-43.8333","-68.8","AR","ARGENTINA"," ","Animalia","Chordata","Actinopterygii","Osmeriformes","Galaxiidae","Galaxias","Galaxias maculatus","SSTN","FO","Peces","Fundación Óga","1","",""
"4556113","-43.4","-65.9","AR","ARGENTINA"," ","Animalia","Chordata","Actinopterygii","Osmeriformes","Galaxiidae","Galaxias","Galaxias maculatus","SSTN","FO","Peces","Fundación Óga","1","",""
"4556149","-42.6833","-70.0833","AR","ARGENTINA"," ","Animalia","Chordata","Actinopterygii","Osmeriformes","Galaxiidae","Galaxias","Galaxias maculatus","SSTN","FO","Peces","Fundación Óga","1","",""
"4556133","-41.7","-71.6833","AR","ARGENTINA"," ","Animalia","Chordata","Actinopterygii","Osmeriformes","Galaxiidae","Galaxias","Galaxias maculatus","SSTN","FO","Peces","Fundación Óga","1","",""
"4556191","-41.5667","-71.4833","AR","ARGENTINA"," ","Animalia","Chordata","Actinopterygii","Osmeriformes","Galaxiidae","Galaxias","Galaxias maculatus","SSTN","FO","Peces","Fundación Óga","1","",""
"4556132","-41.5167","-71.5833","AR","ARGENTINA"," ","Animalia","Chordata","Actinopterygii","Osmeriformes","Galaxiidae","Galaxias","Galaxias maculatus","SSTN","FO","Peces","Fundación Óga","1","",""
"4556179","-41.5167","-71.55","AR","ARGENTINA"," ","Animalia","Chordata","Actinopterygii","Osmeriformes","Galaxiidae","Galaxias","Galaxias maculatus","SSTN","FO","Peces","Fundación Óga","1","",""
"4556178","-41.5","-71.6667","AR","ARGENTINA"," ","Animalia","Chordata","Actinopterygii","Osmeriformes","Galaxiidae","Galaxias","Galaxias maculatus","SSTN","FO","Peces","Fundación Óga","1","",""
"4556189","-41.4981","-71.6919","AR","ARGENTINA"," ","Animalia","Chordata","Actinopterygii","Osmeriformes","Galaxiidae","Galaxias","Galaxias maculatus","SSTN","FO","Peces","Fundación Óga","1","",""
"4556131","-41.3833","-71.7833","AR","ARGENTINA"," ","Animalia","Chordata","Actinopterygii","Osmeriformes","Galaxiidae","Galaxias","Galaxias maculatus","SSTN","FO","Peces","Fundación Óga","1","",""
"4556177","-41.3672","-71.7397","AR","ARGENTINA"," ","Animalia","Chordata","Actinopterygii","Osmeriformes","Galaxiidae","Galaxias","Galaxias maculatus","SSTN","FO","Peces","Fundación Óga","1","",""
"4556172","-41.35","-71.7333","AR","ARGENTINA"," ","Animalia","Chordata","Actinopterygii","Osmeriformes","Galaxiidae","Galaxias","Galaxias maculatus","SSTN","FO","Peces","Fundación Óga","1","",""
"4556190","-41.35","-71.55","AR","ARGENTINA"," ","Animalia","Chordata","Actinopterygii","Osmeriformes","Galaxiidae","Galaxias","Galaxias maculatus","SSTN","FO","Peces","Fundación Óga","3","",""
"4556188","-41.3333","-71.6","AR","ARGENTINA"," ","Animalia","Chordata","Actinopterygii","Osmeriformes","Galaxiidae","Galaxias","Galaxias maculatus","SSTN","FO","Peces","Fundación Óga","2","",""
"4556187","-41.3167","-71.7833","AR","ARGENTINA"," ","Animalia","Chordata","Actinopterygii","Osmeriformes","Galaxiidae","Galaxias","Galaxias maculatus","SSTN","FO","Peces","Fundación Óga","2","",""
"4556170","-41.2667","-71.6333","AR","ARGENTINA"," ","Animalia","Chordata","Actinopterygii","Osmeriformes","Galaxiidae","Galaxias","Galaxias maculatus","SSTN","FO","Peces","Fundación Óga","1","",""
"4556171","-41.25","-71.6667","AR","ARGENTINA"," ","Animalia","Chordata","Actinopterygii","Osmeriformes","Galaxiidae","Galaxias","Galaxias maculatus","SSTN","FO","Peces","Fundación Óga","1","",""
"4556185","-41.2","-71.4167","AR","ARGENTINA"," ","Animalia","Chordata","Actinopterygii","Osmeriformes","Galaxiidae","Galaxias","Galaxias maculatus","SSTN","FO","Peces","Fundación Óga","1","",""
"4556169","-41.1833","-71.4167","AR","ARGENTINA"," ","Animalia","Chordata","Actinopterygii","Osmeriformes","Galaxiidae","Galaxias","Galaxias maculatus","SSTN","FO","Peces","Fundación Óga","1","",""
"4556162","-41.1833","-71.4","AR","ARGENTINA"," ","Animalia","Chordata","Actinopterygii","Osmeriformes","Galaxiidae","Galaxias","Galaxias maculatus","SSTN","FO","Peces","Fundación Óga","1","",""
"4556124","-41.1","-71.15","AR","ARGENTINA"," ","Animalia","Chordata","Actinopterygii","Osmeriformes","Galaxiidae","Galaxias","Galaxias maculatus","SSTN","FO","Peces","Fundación Óga","1","",""
"4556176","-41.0833","-71.5333","AR","ARGENTINA"," ","Animalia","Chordata","Actinopterygii","Osmeriformes","Galaxiidae","Galaxias","Galaxias maculatus","SSTN","FO","Peces","Fundación Óga","1","",""
"4556186","-41.0667","-71.55","AR","ARGENTINA"," ","Animalia","Chordata","Actinopterygii","Osmeriformes","Galaxiidae","Galaxias","Galaxias maculatus","SSTN","FO","Peces","Fundación Óga","2","",""
"4556161","-41.0667","-71.5","AR","ARGENTINA"," ","Animalia","Chordata","Actinopterygii","Osmeriformes","Galaxiidae","Galaxias","Galaxias maculatus","SSTN","FO","Peces","Fundación Óga","1","",""
"4556155","-41.0667","-71.4833","AR","ARGENTINA"," ","Animalia","Chordata","Actinopterygii","Osmeriformes","Galaxiidae","Galaxias","Galaxias maculatus","SSTN","FO","Peces","Fundación Óga","2","",""
"4556168","-41.05","-71.5167","AR","ARGENTINA"," ","Animalia","Chordata","Actinopterygii","Osmeriformes","Galaxiidae","Galaxias","Galaxias maculatus","SSTN","FO","Peces","Fundación Óga","1","",""
"4556152","-41.05","-71.5","AR","ARGENTINA"," ","Animalia","Chordata","Actinopterygii","Osmeriformes","Galaxiidae","Galaxias","Galaxias maculatus","SSTN","FO","Peces","Fundación Óga","1","",""
"4556109","-41.05","-71.1833","AR","ARGENTINA"," ","Animalia","Chordata","Actinopterygii","Osmeriformes","Galaxiidae","Galaxias","Galaxias maculatus","SSTN","FO","Peces","Fundación Óga","1","",""
"4556167","-40.9667","-71.35","AR","ARGENTINA"," ","Animalia","Chordata","Actinopterygii","Osmeriformes","Galaxiidae","Galaxias","Galaxias maculatus","SSTN","FO","Peces","Fundación Óga","1","",""
"4556134","-40.95","-71.55","AR","ARGENTINA"," ","Animalia","Chordata","Actinopterygii","Osmeriformes","Galaxiidae","Galaxias","Galaxias maculatus","SSTN","FO","Peces","Fundación Óga","1","",""
"4556102","-40.8167","-63","AR","ARGENTINA"," ","Animalia","Chordata","Actinopterygii","Osmeriformes","Galaxiidae","Galaxias","Galaxias maculatus","SSTN","FO","Peces","Fundación Óga","1","",""
"4556160","-40.7667","-71.65","AR","ARGENTINA"," ","Animalia","Chordata","Actinopterygii","Osmeriformes","Galaxiidae","Galaxias","Galaxias maculatus","SSTN","FO","Peces","Fundación Óga","1","",""
"4556112","-40.75","-71","AR","ARGENTINA"," ","Animalia","Chordata","Actinopterygii","Osmeriformes","Galaxiidae","Galaxias","Galaxias maculatus","SSTN","FO","Peces","Fundación Óga","1","",""
"4556166","-40.7167","-71.8","AR","ARGENTINA"," ","Animalia","Chordata","Actinopterygii","Osmeriformes","Galaxiidae","Galaxias","Galaxias maculatus","SSTN","FO","Peces","Fundación Óga","1","",""
"4556137","-40.7167","-71.0333","AR","ARGENTINA"," ","Animalia","Chordata","Actinopterygii","Osmeriformes","Galaxiidae","Galaxias","Galaxias maculatus","SSTN","FO","Peces","Fundación Óga","1","",""
"4556175","-40.6833","-71.6667","AR","ARGENTINA"," ","Animalia","Chordata","Actinopterygii","Osmeriformes","Galaxiidae","Galaxias","Galaxias maculatus","SSTN","FO","Peces","Fundación Óga","2","",""
"4556117","-40.65","-71.4","AR","ARGENTINA"," ","Animalia","Chordata","Actinopterygii","Osmeriformes","Galaxiidae","Galaxias","Galaxias maculatus","SSTN","FO","Peces","Fundación Óga","1","",""
"4556184","-40.6333","-71.75","AR","ARGENTINA"," ","Animalia","Chordata","Actinopterygii","Osmeriformes","Galaxiidae","Galaxias","Galaxias maculatus","SSTN","FO","Peces","Fundación Óga","2","",""
"4556165","-40.5667","-71.5333","AR","ARGENTINA"," ","Animalia","Chordata","Actinopterygii","Osmeriformes","Galaxiidae","Galaxias","Galaxias maculatus","SSTN","FO","Peces","Fundación Óga","1","",""
"4556136","-40.5167","-70.35","AR","ARGENTINA"," ","Animalia","Chordata","Actinopterygii","Osmeriformes","Galaxiidae","Galaxias","Galaxias maculatus","SSTN","FO","Peces","Fundación Óga","1","",""
"4556164","-40.4833","-71.3167","AR","ARGENTINA"," ","Animalia","Chordata","Actinopterygii","Osmeriformes","Galaxiidae","Galaxias","Galaxias maculatus","SSTN","FO","Peces","Fundación Óga","1","",""
"4556121","-40.4667","-71.5167","AR","ARGENTINA"," ","Animalia","Chordata","Actinopterygii","Osmeriformes","Galaxiidae","Galaxias","Galaxias maculatus","SSTN","FO","Peces","Fundación Óga","1","",""
"4556116","-40.3667","-71.3","AR","ARGENTINA"," ","Animalia","Chordata","Actinopterygii","Osmeriformes","Galaxiidae","Galaxias","Galaxias maculatus","SSTN","FO","Peces","Fundación Óga","1","",""
"4556304","-54.6667","-67.8333","AR","ARGENTINA"," ","Animalia","Chordata","Actinopterygii","Osmeriformes","Galaxiidae","Galaxias","Galaxias platei","SSTN","FO","Peces","Fundación Óga","1","",""
"4556303","-54.55","-67.8833","AR","ARGENTINA"," ","Animalia","Chordata","Actinopterygii","Osmeriformes","Galaxiidae","Galaxias","Galaxias platei","SSTN","FO","Peces","Fundación Óga","1","",""
"4556265","-54.4167","-67.75","AR","ARGENTINA"," ","Animalia","Chordata","Actinopterygii","Osmeriformes","Galaxiidae","Galaxias","Galaxias platei","SSTN","FO","Peces","Fundación Óga","1","",""
"4556264","-53.7667","-67.7833","AR","ARGENTINA"," ","Animalia","Chordata","Actinopterygii","Osmeriformes","Galaxiidae","Galaxias","Galaxias platei","SSTN","FO","Peces","Fundación Óga","1","",""
"4556302","-50.25","-72.4167","AR","ARGENTINA"," ","Animalia","Chordata","Actinopterygii","Osmeriformes","Galaxiidae","Galaxias","Galaxias platei","SSTN","FO","Peces","Fundación Óga","1","",""
"4556262","-50.2","-71.55","AR","ARGENTINA"," ","Animalia","Chordata","Actinopterygii","Osmeriformes","Galaxiidae","Galaxias","Galaxias platei","SSTN","FO","Peces","Fundación Óga","1","",""
"4556260","-48.5167","-71.7833","AR","ARGENTINA"," ","Animalia","Chordata","Actinopterygii","Osmeriformes","Galaxiidae","Galaxias","Galaxias platei","SSTN","FO","Peces","Fundación Óga","1","",""
"4556301","-47.9667","-72.0333","AR","ARGENTINA"," ","Animalia","Chordata","Actinopterygii","Osmeriformes","Galaxiidae","Galaxias","Galaxias platei","SSTN","FO","Peces","Fundación Óga","1","",""
"4556300","-47.9","-72.0333","AR","ARGENTINA"," ","Animalia","Chordata","Actinopterygii","Osmeriformes","Galaxiidae","Galaxias","Galaxias platei","SSTN","FO","Peces","Fundación Óga","1","",""
"4556299","-47.8167","-72.15","AR","ARGENTINA"," ","Animalia","Chordata","Actinopterygii","Osmeriformes","Galaxiidae","Galaxias","Galaxias platei","SSTN","FO","Peces","Fundación Óga","1","",""
"4556298","-47.8167","-72.0833","AR","ARGENTINA"," ","Animalia","Chordata","Actinopterygii","Osmeriformes","Galaxiidae","Galaxias","Galaxias platei","SSTN","FO","Peces","Fundación Óga","1","",""
"4556297","-47.7667","-72.2167","AR","ARGENTINA"," ","Animalia","Chordata","Actinopterygii","Osmeriformes","Galaxiidae","Galaxias","Galaxias platei","SSTN","FO","Peces","Fundación Óga","1","",""
"4556259","-47.35","-71.95","AR","ARGENTINA"," ","Animalia","Chordata","Actinopterygii","Osmeriformes","Galaxiidae","Galaxias","Galaxias platei","SSTN","FO","Peces","Fundación Óga","1","",""
"4556206","-46.8","-70.9833","AR","ARGENTINA"," ","Animalia","Chordata","Actinopterygii","Osmeriformes","Galaxiidae","Galaxias","Galaxias platei","SSTN","FO","Peces","Fundación Óga","1","",""
"4556258","-46.5333","-71.6167","AR","ARGENTINA"," ","Animalia","Chordata","Actinopterygii","Osmeriformes","Galaxiidae","Galaxias","Galaxias platei","SSTN","FO","Peces","Fundación Óga","1","",""
"4556232","-45.9","-71.25","AR","ARGENTINA"," ","Animalia","Chordata","Actinopterygii","Osmeriformes","Galaxiidae","Galaxias","Galaxias platei","SSTN","FO","Peces","Fundación Óga","1","",""
"4556205","-45.5","-68.7667","AR","ARGENTINA"," ","Animalia","Chordata","Actinopterygii","Osmeriformes","Galaxiidae","Galaxias","Galaxias platei","SSTN","FO","Peces","Fundación Óga","1","",""
"4556296","-45.4333","-69.1667","AR","ARGENTINA"," ","Animalia","Chordata","Actinopterygii","Osmeriformes","Galaxiidae","Galaxias","Galaxias platei","SSTN","FO","Peces","Fundación Óga","1","",""
"4556309","-45.2667","-71.2167","AR","ARGENTINA"," ","Animalia","Chordata","Actinopterygii","Osmeriformes","Galaxiidae","Galaxias","Galaxias platei","SSTN","FO","Peces","Fundación Óga","2","",""
"4556207","-45.0167","-70.5333","AR","ARGENTINA"," ","Animalia","Chordata","Actinopterygii","Osmeriformes","Galaxiidae","Galaxias","Galaxias platei","SSTN","FO","Peces","Fundación Óga","1","",""
"4556233","-44.85","-71.75","AR","ARGENTINA"," ","Animalia","Chordata","Actinopterygii","Osmeriformes","Galaxiidae","Galaxias","Galaxias platei","SSTN","FO","Peces","Fundación Óga","1","",""
"4556295","-44.6167","-70.2","AR","ARGENTINA"," ","Animalia","Chordata","Actinopterygii","Osmeriformes","Galaxiidae","Galaxias","Galaxias platei","SSTN","FO","Peces","Fundación Óga","1","",""
"4556294","-44.4167","-71.2833","AR","ARGENTINA"," ","Animalia","Chordata","Actinopterygii","Osmeriformes","Galaxiidae","Galaxias","Galaxias platei","SSTN","FO","Peces","Fundación Óga","1","",""
"4556293","-44.3167","-71.4167","AR","ARGENTINA"," ","Animalia","Chordata","Actinopterygii","Osmeriformes","Galaxiidae","Galaxias","Galaxias platei","SSTN","FO","Peces","Fundación Óga","1","",""
"4556253","-44.2333","-71.1333","AR","ARGENTINA"," ","Animalia","Chordata","Actinopterygii","Osmeriformes","Galaxiidae","Galaxias","Galaxias platei","SSTN","FO","Peces","Fundación Óga","1","",""
"4556244","-44.2167","-71.4","AR","ARGENTINA"," ","Animalia","Chordata","Actinopterygii","Osmeriformes","Galaxiidae","Galaxias","Galaxias platei","SSTN","FO","Peces","Fundación Óga","1","",""
"4556229","-44.2","-71.6","AR","ARGENTINA"," ","Animalia","Chordata","Actinopterygii","Osmeriformes","Galaxiidae","Galaxias","Galaxias platei","SSTN","FO","Peces","Fundación Óga","1","",""
"4556231","-44.2","-71.3667","AR","ARGENTINA"," ","Animalia","Chordata","Actinopterygii","Osmeriformes","Galaxiidae","Galaxias","Galaxias platei","SSTN","FO","Peces","Fundación Óga","1","",""
"4556243","-44.1667","-71.35","AR","ARGENTINA"," ","Animalia","Chordata","Actinopterygii","Osmeriformes","Galaxiidae","Galaxias","Galaxias platei","SSTN","FO","Peces","Fundación Óga","1","",""
"4556292","-44.1667","-71.3","AR","ARGENTINA"," ","Animalia","Chordata","Actinopterygii","Osmeriformes","Galaxiidae","Galaxias","Galaxias platei","SSTN","FO","Peces","Fundación Óga","1","",""
"4556291","-44.1333","-71.6333","AR","ARGENTINA"," ","Animalia","Chordata","Actinopterygii","Osmeriformes","Galaxiidae","Galaxias","Galaxias platei","SSTN","FO","Peces","Fundación Óga","1","",""
"4556290","-44.1333","-71.4333","AR","ARGENTINA"," ","Animalia","Chordata","Actinopterygii","Osmeriformes","Galaxiidae","Galaxias","Galaxias platei","SSTN","FO","Peces","Fundación Óga","1","",""
"4556228","-44.1167","-71.3667","AR","ARGENTINA"," ","Animalia","Chordata","Actinopterygii","Osmeriformes","Galaxiidae","Galaxias","Galaxias platei","SSTN","FO","Peces","Fundación Óga","1","",""
"4556252","-43.9667","-71.1333","AR","ARGENTINA"," ","Animalia","Chordata","Actinopterygii","Osmeriformes","Galaxiidae","Galaxias","Galaxias platei","SSTN","FO","Peces","Fundación Óga","1","",""
"4556230","-43.9333","-71.5333","AR","ARGENTINA"," ","Animalia","Chordata","Actinopterygii","Osmeriformes","Galaxiidae","Galaxias","Galaxias platei","SSTN","FO","Peces","Fundación Óga","1","",""
"4556289","-43.8167","-71.5","AR","ARGENTINA"," ","Animalia","Chordata","Actinopterygii","Osmeriformes","Galaxiidae","Galaxias","Galaxias platei","SSTN","FO","Peces","Fundación Óga","1","",""
"4556287","-43.7833","-71.35","AR","ARGENTINA"," ","Animalia","Chordata","Actinopterygii","Osmeriformes","Galaxiidae","Galaxias","Galaxias platei","SSTN","FO","Peces","Fundación Óga","1","",""
"4556288","-43.7167","-66.5","AR","ARGENTINA"," ","Animalia","Chordata","Actinopterygii","Osmeriformes","Galaxiidae","Galaxias","Galaxias platei","SSTN","FO","Peces","Fundación Óga","1","",""
"4556284","-43.4167","-71.65","AR","ARGENTINA"," ","Animalia","Chordata","Actinopterygii","Osmeriformes","Galaxiidae","Galaxias","Galaxias platei","SSTN","FO","Peces","Fundación Óga","1","",""
"4556218","-43.3833","-70.9667","AR","ARGENTINA"," ","Animalia","Chordata","Actinopterygii","Osmeriformes","Galaxiidae","Galaxias","Galaxias platei","SSTN","FO","Peces","Fundación Óga","1","",""
"4556238","-43.35","-70.9667","AR","ARGENTINA"," ","Animalia","Chordata","Actinopterygii","Osmeriformes","Galaxiidae","Galaxias","Galaxias platei","SSTN","FO","Peces","Fundación Óga","1","",""
"4556247","-43.3333","-71.2167","AR","ARGENTINA"," ","Animalia","Chordata","Actinopterygii","Osmeriformes","Galaxiidae","Galaxias","Galaxias platei","SSTN","FO","Peces","Fundación Óga","1","",""
"4556283","-43.3333","-70.95","AR","ARGENTINA"," ","Animalia","Chordata","Actinopterygii","Osmeriformes","Galaxiidae","Galaxias","Galaxias platei","SSTN","FO","Peces","Fundación Óga","1","",""
"4556286","-43.3167","-71.1667","AR","ARGENTINA"," ","Animalia","Chordata","Actinopterygii","Osmeriformes","Galaxiidae","Galaxias","Galaxias platei","SSTN","FO","Peces","Fundación Óga","1","",""
"4556285","-43.3167","-71.0333","AR","ARGENTINA"," ","Animalia","Chordata","Actinopterygii","Osmeriformes","Galaxiidae","Galaxias","Galaxias platei","SSTN","FO","Peces","Fundación Óga","1","",""
"4556245","-43.2333","-71.1","AR","ARGENTINA"," ","Animalia","Chordata","Actinopterygii","Osmeriformes","Galaxiidae","Galaxias","Galaxias platei","SSTN","FO","Peces","Fundación Óga","1","",""
"4556254","-43.2","-71.5667","AR","ARGENTINA"," ","Animalia","Chordata","Actinopterygii","Osmeriformes","Galaxiidae","Galaxias","Galaxias platei","SSTN","FO","Peces","Fundación Óga","1","",""
"4556250","-43.1833","-71.65","AR","ARGENTINA"," ","Animalia","Chordata","Actinopterygii","Osmeriformes","Galaxiidae","Galaxias","Galaxias platei","SSTN","FO","Peces","Fundación Óga","1","",""
"4556315","-43.1333","-71.6","AR","ARGENTINA"," ","Animalia","Chordata","Actinopterygii","Osmeriformes","Galaxiidae","Galaxias","Galaxias platei","SSTN","FO","Peces","Fundación Óga","1","",""
"4556227","-43.0833","-71.6833","AR","ARGENTINA"," ","Animalia","Chordata","Actinopterygii","Osmeriformes","Galaxiidae","Galaxias","Galaxias platei","SSTN","FO","Peces","Fundación Óga","1","",""
"4556251","-43","-71.4667","AR","ARGENTINA"," ","Animalia","Chordata","Actinopterygii","Osmeriformes","Galaxiidae","Galaxias","Galaxias platei","SSTN","FO","Peces","Fundación Óga","1","",""
"4556234","-42.9833","-71.5167","AR","ARGENTINA"," ","Animalia","Chordata","Actinopterygii","Osmeriformes","Galaxiidae","Galaxias","Galaxias platei","SSTN","FO","Peces","Fundación Óga","1","",""
"4556256","-42.9833","-71.2","AR","ARGENTINA"," ","Animalia","Chordata","Actinopterygii","Osmeriformes","Galaxiidae","Galaxias","Galaxias platei","SSTN","FO","Peces","Fundación Óga","1","",""
"4556242","-42.9333","-70.9","AR","ARGENTINA"," ","Animalia","Chordata","Actinopterygii","Osmeriformes","Galaxiidae","Galaxias","Galaxias platei","SSTN","FO","Peces","Fundación Óga","1","",""
"4556282","-42.9333","-70.75","AR","ARGENTINA"," ","Animalia","Chordata","Actinopterygii","Osmeriformes","Galaxiidae","Galaxias","Galaxias platei","SSTN","FO","Peces","Fundación Óga","1","",""
"4556246","-42.9","-70.9667","AR","ARGENTINA"," ","Animalia","Chordata","Actinopterygii","Osmeriformes","Galaxiidae","Galaxias","Galaxias platei","SSTN","FO","Peces","Fundación Óga","1","",""
"4556226","-42.8833","-71.75","AR","ARGENTINA"," ","Animalia","Chordata","Actinopterygii","Osmeriformes","Galaxiidae","Galaxias","Galaxias platei","SSTN","FO","Peces","Fundación Óga","1","",""
"4556281","-42.8833","-70.7333","AR","ARGENTINA"," ","Animalia","Chordata","Actinopterygii","Osmeriformes","Galaxiidae","Galaxias","Galaxias platei","SSTN","FO","Peces","Fundación Óga","2","",""
"4556223","-42.8333","-71.6333","AR","ARGENTINA"," ","Animalia","Chordata","Actinopterygii","Osmeriformes","Galaxiidae","Galaxias","Galaxias platei","SSTN","FO","Peces","Fundación Óga","1","",""
"4556279","-42.8","-70.7333","AR","ARGENTINA"," ","Animalia","Chordata","Actinopterygii","Osmeriformes","Galaxiidae","Galaxias","Galaxias platei","SSTN","FO","Peces","Fundación Óga","1","",""
"4556257","-42.7833","-71.0333","AR","ARGENTINA"," ","Animalia","Chordata","Actinopterygii","Osmeriformes","Galaxiidae","Galaxias","Galaxias platei","SSTN","FO","Peces","Fundación Óga","1","",""
"4556236","-42.7667","-71.7333","AR","ARGENTINA"," ","Animalia","Chordata","Actinopterygii","Osmeriformes","Galaxiidae","Galaxias","Galaxias platei","SSTN","FO","Peces","Fundación Óga","1","",""
"4556239","-42.7667","-70.9","AR","ARGENTINA"," ","Animalia","Chordata","Actinopterygii","Osmeriformes","Galaxiidae","Galaxias","Galaxias platei","SSTN","FO","Peces","Fundación Óga","1","",""
"4556249","-42.7333","-71.75","AR","ARGENTINA"," ","Animalia","Chordata","Actinopterygii","Osmeriformes","Galaxiidae","Galaxias","Galaxias platei","SSTN","FO","Peces","Fundación Óga","1","",""
"4556224","-42.7167","-71.7333","AR","ARGENTINA"," ","Animalia","Chordata","Actinopterygii","Osmeriformes","Galaxiidae","Galaxias","Galaxias platei","SSTN","FO","Peces","Fundación Óga","1","",""
"4556240","-42.7167","-70.9667","AR","ARGENTINA"," ","Animalia","Chordata","Actinopterygii","Osmeriformes","Galaxiidae","Galaxias","Galaxias platei","SSTN","FO","Peces","Fundación Óga","1","",""
"4556225","-42.7","-71.8167","AR","ARGENTINA"," ","Animalia","Chordata","Actinopterygii","Osmeriformes","Galaxiidae","Galaxias","Galaxias platei","SSTN","FO","Peces","Fundación Óga","1","",""
"4556278","-42.6833","-71.45","AR","ARGENTINA"," ","Animalia","Chordata","Actinopterygii","Osmeriformes","Galaxiidae","Galaxias","Galaxias platei","SSTN","FO","Peces","Fundación Óga","1","",""
"4556222","-42.6333","-71.6833","AR","ARGENTINA"," ","Animalia","Chordata","Actinopterygii","Osmeriformes","Galaxiidae","Galaxias","Galaxias platei","SSTN","FO","Peces","Fundación Óga","1","",""
"4556204","-42.6333","-70.25","AR","ARGENTINA"," ","Animalia","Chordata","Actinopterygii","Osmeriformes","Galaxiidae","Galaxias","Galaxias platei","SSTN","FO","Peces","Fundación Óga","1","",""
"4556277","-42.6","-71.9167","AR","ARGENTINA"," ","Animalia","Chordata","Actinopterygii","Osmeriformes","Galaxiidae","Galaxias","Galaxias platei","SSTN","FO","Peces","Fundación Óga","1","",""
"4556241","-42.6","-70.6167","AR","ARGENTINA"," ","Animalia","Chordata","Actinopterygii","Osmeriformes","Galaxiidae","Galaxias","Galaxias platei","SSTN","FO","Peces","Fundación Óga","1","",""
"4556201","-42.4833","-70.5167","AR","ARGENTINA"," ","Animalia","Chordata","Actinopterygii","Osmeriformes","Galaxiidae","Galaxias","Galaxias platei","SSTN","FO","Peces","Fundación Óga","1","",""
"4556221","-42.45","-71.6667","AR","ARGENTINA"," ","Animalia","Chordata","Actinopterygii","Osmeriformes","Galaxiidae","Galaxias","Galaxias platei","SSTN","FO","Peces","Fundación Óga","1","",""
"4556248","-42.45","-71.6","AR","ARGENTINA"," ","Animalia","Chordata","Actinopterygii","Osmeriformes","Galaxiidae","Galaxias","Galaxias platei","SSTN","FO","Peces","Fundación Óga","1","",""
"4556219","-42.45","-71.4833","AR","ARGENTINA"," ","Animalia","Chordata","Actinopterygii","Osmeriformes","Galaxiidae","Galaxias","Galaxias platei","SSTN","FO","Peces","Fundación Óga","1","",""
"4556255","-42.45","-71.4333","AR","ARGENTINA"," ","Animalia","Chordata","Actinopterygii","Osmeriformes","Galaxiidae","Galaxias","Galaxias platei","SSTN","FO","Peces","Fundación Óga","1","",""
"4556237","-42.4333","-71.4","AR","ARGENTINA"," ","Animalia","Chordata","Actinopterygii","Osmeriformes","Galaxiidae","Galaxias","Galaxias platei","SSTN","FO","Peces","Fundación Óga","1","",""
"4556276","-42.4167","-71.7667","AR","ARGENTINA"," ","Animalia","Chordata","Actinopterygii","Osmeriformes","Galaxiidae","Galaxias","Galaxias platei","SSTN","FO","Peces","Fundación Óga","1","",""
"4556275","-42.3333","-71.6667","AR","ARGENTINA"," ","Animalia","Chordata","Actinopterygii","Osmeriformes","Galaxiidae","Galaxias","Galaxias platei","SSTN","FO","Peces","Fundación Óga","1","",""
"4556217","-42.2333","-71.7667","AR","ARGENTINA"," ","Animalia","Chordata","Actinopterygii","Osmeriformes","Galaxiidae","Galaxias","Galaxias platei","SSTN","FO","Peces","Fundación Óga","1","",""
"4556220","-42.1167","-71.6333","AR","ARGENTINA"," ","Animalia","Chordata","Actinopterygii","Osmeriformes","Galaxiidae","Galaxias","Galaxias platei","SSTN","FO","Peces","Fundación Óga","1","",""
"4556314","-41.5667","-71.4833","AR","ARGENTINA"," ","Animalia","Chordata","Actinopterygii","Osmeriformes","Galaxiidae","Galaxias","Galaxias platei","SSTN","FO","Peces","Fundación Óga","2","",""
"4556273","-41.5167","-71.6167","AR","ARGENTINA"," ","Animalia","Chordata","Actinopterygii","Osmeriformes","Galaxiidae","Galaxias","Galaxias platei","SSTN","FO","Peces","Fundación Óga","1","",""
"4556312","-41.4981","-71.6919","AR","ARGENTINA"," ","Animalia","Chordata","Actinopterygii","Osmeriformes","Galaxiidae","Galaxias","Galaxias platei","SSTN","FO","Peces","Fundación Óga","1","",""
"4556197","-41.35","-71.6167","AR","ARGENTINA"," ","Animalia","Chordata","Actinopterygii","Osmeriformes","Galaxiidae","Galaxias","Galaxias platei","SSTN","FO","Peces","Fundación Óga","1","",""
"4556313","-41.35","-71.55","AR","ARGENTINA"," ","Animalia","Chordata","Actinopterygii","Osmeriformes","Galaxiidae","Galaxias","Galaxias platei","SSTN","FO","Peces","Fundación Óga","1","",""
"4556311","-41.3333","-71.6","AR","ARGENTINA"," ","Animalia","Chordata","Actinopterygii","Osmeriformes","Galaxiidae","Galaxias","Galaxias platei","SSTN","FO","Peces","Fundación Óga","1","",""
"4556310","-41.3167","-71.7833","AR","ARGENTINA"," ","Animalia","Chordata","Actinopterygii","Osmeriformes","Galaxiidae","Galaxias","Galaxias platei","SSTN","FO","Peces","Fundación Óga","2","",""
"4556216","-41.3083","-71.6917","AR","ARGENTINA"," ","Animalia","Chordata","Actinopterygii","Osmeriformes","Galaxiidae","Galaxias","Galaxias platei","SSTN","FO","Peces","Fundación Óga","1","",""
"4556199","-41.2667","-71.6333","AR","ARGENTINA"," ","Animalia","Chordata","Actinopterygii","Osmeriformes","Galaxiidae","Galaxias","Galaxias platei","SSTN","FO","Peces","Fundación Óga","1","",""
"4556307","-41.2","-71.4167","AR","ARGENTINA"," ","Animalia","Chordata","Actinopterygii","Osmeriformes","Galaxiidae","Galaxias","Galaxias platei","SSTN","FO","Peces","Fundación Óga","1","",""
"4556196","-41.2","-71.4167","AR","ARGENTINA"," ","Animalia","Chordata","Actinopterygii","Osmeriformes","Galaxiidae","Galaxias","Galaxias platei","SSTN","MLP","Peces","Fundación Óga","1","",""
"4556272","-41.0833","-71.4833","AR","ARGENTINA"," ","Animalia","Chordata","Actinopterygii","Osmeriformes","Galaxiidae","Galaxias","Galaxias platei","SSTN","FO","Peces","Fundación Óga","1","",""
"4556214","-41.0667","-71.8","AR","ARGENTINA"," ","Animalia","Chordata","Actinopterygii","Osmeriformes","Galaxiidae","Galaxias","Galaxias platei","SSTN","FO","Peces","Fundación Óga","1","",""
"4556308","-41.0667","-71.55","AR","ARGENTINA"," ","Animalia","Chordata","Actinopterygii","Osmeriformes","Galaxiidae","Galaxias","Galaxias platei","SSTN","FO","Peces","Fundación Óga","1","",""
"4556266","-41.0667","-71.4833","AR","ARGENTINA"," ","Animalia","Chordata","Actinopterygii","Osmeriformes","Galaxiidae","Galaxias","Galaxias platei","SSTN","FO","Peces","Fundación Óga","1","",""
"4556215","-41.05","-71.5","AR","ARGENTINA"," ","Animalia","Chordata","Actinopterygii","Osmeriformes","Galaxiidae","Galaxias","Galaxias platei","SSTN","FO","Peces","Fundación Óga","1","",""
"4556203","-41.0333","-71.1167","AR","ARGENTINA"," ","Animalia","Chordata","Actinopterygii","Osmeriformes","Galaxiidae","Galaxias","Galaxias platei","SSTN","FO","Peces","Fundación Óga","1","",""
"4556271","-40.7167","-71.5333","AR","ARGENTINA"," ","Animalia","Chordata","Actinopterygii","Osmeriformes","Galaxiidae","Galaxias","Galaxias platei","SSTN","FO","Peces","Fundación Óga","1","",""
"4556200","-40.6667","-71.2","AR","ARGENTINA"," ","Animalia","Chordata","Actinopterygii","Osmeriformes","Galaxiidae","Galaxias","Galaxias platei","SSTN","FO","Peces","Fundación Óga","1","",""
"4556306","-40.6333","-71.75","AR","ARGENTINA"," ","Animalia","Chordata","Actinopterygii","Osmeriformes","Galaxiidae","Galaxias","Galaxias platei","SSTN","FO","Peces","Fundación Óga","1","",""
"4556193","-40.6167","-71.7667","AR","ARGENTINA"," ","Animalia","Chordata","Actinopterygii","Osmeriformes","Galaxiidae","Galaxias","Galaxias platei","SSTN","FO","Peces","Fundación Óga","1","",""
"4556270","-40.5","-71.3333","AR","ARGENTINA"," ","Animalia","Chordata","Actinopterygii","Osmeriformes","Galaxiidae","Galaxias","Galaxias platei","SSTN","FO","Peces","Fundación Óga","1","",""
"4556195","-40.4667","-71.5","AR","ARGENTINA"," ","Animalia","Chordata","Actinopterygii","Osmeriformes","Galaxiidae","Galaxias","Galaxias platei","SSTN","FO","Peces","Fundación Óga","1","",""
"4556269","-40.45","-71.5333","AR","ARGENTINA"," ","Animalia","Chordata","Actinopterygii","Osmeriformes","Galaxiidae","Galaxias","Galaxias platei","SSTN","FO","Peces","Fundación Óga","1","",""
"4556268","-40.4333","-71.55","AR","ARGENTINA"," ","Animalia","Chordata","Actinopterygii","Osmeriformes","Galaxiidae","Galaxias","Galaxias platei","SSTN","FO","Peces","Fundación Óga","1","",""
"4555268","-40.8","-62.9833","AR","ARGENTINA"," ","Animalia","Chordata","Actinopterygii","Perciformes","Cichlidae","Crenicichla","Crenicichla lacustris","SSTN","FO","Peces","Fundación Óga","1","",""
"4560247","-45.75","-69.7167","AR","ARGENTINA"," ","Animalia","Chordata","Actinopterygii","Perciformes","Percichthyidae","Percichthys","Percichthys colhuapiensis","SSTN","FO","Peces","Fundación Óga","1","",""
"4560263","-45.5","-68.7667","AR","ARGENTINA"," ","Animalia","Chordata","Actinopterygii","Perciformes","Percichthyidae","Percichthys","Percichthys colhuapiensis","SSTN","MLP","Peces","Fundación Óga","2","",""
"4560237","-45.4167","-69.1667","AR","ARGENTINA"," ","Animalia","Chordata","Actinopterygii","Perciformes","Percichthyidae","Percichthys","Percichthys colhuapiensis","SSTN","FO","Peces","Fundación Óga","1","",""
"4560260","-40.8167","-63","AR","ARGENTINA"," ","Animalia","Chordata","Actinopterygii","Perciformes","Percichthyidae","Percichthys","Percichthys colhuapiensis","SSTN","FO","Peces","Fundación Óga","1","",""
"4560248","-40.75","-63.1167","AR","ARGENTINA"," ","Animalia","Chordata","Actinopterygii","Perciformes","Percichthyidae","Percichthys","Percichthys colhuapiensis","SSTN","FO","Peces","Fundación Óga","1","",""
"4560268","-40.4333","-63.6833","AR","ARGENTINA"," ","Animalia","Chordata","Actinopterygii","Perciformes","Percichthyidae","Percichthys","Percichthys colhuapiensis","SSTN","FO","Peces","Fundación Óga","1","",""
"4560282","-54.2167","-67.2333","AR","ARGENTINA"," ","Animalia","Chordata","Actinopterygii","Perciformes","Percichthyidae","Percichthys","Percichthys trucha","SSTN","FO","Peces","Fundación Óga","1","",""
"4560309","-53.8333","-67.8","AR","ARGENTINA"," ","Animalia","Chordata","Actinopterygii","Perciformes","Percichthyidae","Percichthys","Percichthys trucha","SSTN","FO","Peces","Fundación Óga","1","",""
"4560325","-50.25","-72.4167","AR","ARGENTINA"," ","Animalia","Chordata","Actinopterygii","Perciformes","Percichthyidae","Percichthys","Percichthys trucha","SSTN","FO","Peces","Fundación Óga","2","",""
"4560281","-50.0833","-69.5833","AR","ARGENTINA"," ","Animalia","Chordata","Actinopterygii","Perciformes","Percichthyidae","Percichthys","Percichthys trucha","SSTN","FO","Peces","Fundación Óga","2","",""
"4560307","-49.5","-72.4167","AR","ARGENTINA"," ","Animalia","Chordata","Actinopterygii","Perciformes","Percichthyidae","Percichthys","Percichthys trucha","SSTN","FO","Peces","Fundación Óga","1","",""
"4560296","-45.75","-69.7167","AR","ARGENTINA"," ","Animalia","Chordata","Actinopterygii","Perciformes","Percichthyidae","Percichthys","Percichthys trucha","SSTN","FO","Peces","Fundación Óga","1","",""
"4560291","-45.5","-68.7667","AR","ARGENTINA"," ","Animalia","Chordata","Actinopterygii","Perciformes","Percichthyidae","Percichthys","Percichthys trucha","SSTN","FO","Peces","Fundación Óga","1","",""
"4560279","-43.5","-71.25","AR","ARGENTINA"," ","Animalia","Chordata","Actinopterygii","Perciformes","Percichthyidae","Percichthys","Percichthys trucha","SSTN","FO","Peces","Fundación Óga","1","",""
"4560301","-43.4","-65.8167","AR","ARGENTINA"," ","Animalia","Chordata","Actinopterygii","Perciformes","Percichthyidae","Percichthys","Percichthys trucha","SSTN","FO","Peces","Fundación Óga","1","",""
"4560302","-43.3333","-65.05","AR","ARGENTINA"," ","Animalia","Chordata","Actinopterygii","Perciformes","Percichthyidae","Percichthys","Percichthys trucha","SSTN","FO","Peces","Fundación Óga","1","",""
"4560344","-43.1333","-71.6","AR","ARGENTINA"," ","Animalia","Chordata","Actinopterygii","Perciformes","Percichthyidae","Percichthys","Percichthys trucha","SSTN","FO","Peces","Fundación Óga","1","",""
"4560320","-42.9833","-71.5167","AR","ARGENTINA"," ","Animalia","Chordata","Actinopterygii","Perciformes","Percichthyidae","Percichthys","Percichthys trucha","SSTN","FO","Peces","Fundación Óga","1","",""
"4560318","-42.8833","-71.0667","AR","ARGENTINA"," ","Animalia","Chordata","Actinopterygii","Perciformes","Percichthyidae","Percichthys","Percichthys trucha","SSTN","FO","Peces","Fundación Óga","1","",""
"4560317","-42.45","-71.4833","AR","ARGENTINA"," ","Animalia","Chordata","Actinopterygii","Perciformes","Percichthyidae","Percichthys","Percichthys trucha","SSTN","FO","Peces","Fundación Óga","1","",""
"4560310","-41.3667","-71.55","AR","ARGENTINA"," ","Animalia","Chordata","Actinopterygii","Perciformes","Percichthyidae","Percichthys","Percichthys trucha","SSTN","FO","Peces","Fundación Óga","1","",""
"4560333","-41.1333","-70.85","AR","ARGENTINA"," ","Animalia","Chordata","Actinopterygii","Perciformes","Percichthyidae","Percichthys","Percichthys trucha","SSTN","MFA","ZV-I","Fundación Óga","1","",""
"4560343","-41.0667","-71.55","AR","ARGENTINA"," ","Animalia","Chordata","Actinopterygii","Perciformes","Percichthyidae","Percichthys","Percichthys trucha","SSTN","FO","Peces","Fundación Óga","1","",""
"4560327","-41.0667","-71.4833","AR","ARGENTINA"," ","Animalia","Chordata","Actinopterygii","Perciformes","Percichthyidae","Percichthys","Percichthys trucha","SSTN","FO","Peces","Fundación Óga","3","",""
"4560312","-40.8333","-66.6667","AR","ARGENTINA"," ","Animalia","Chordata","Actinopterygii","Perciformes","Percichthyidae","Percichthys","Percichthys trucha","SSTN","FO","Peces","Fundación Óga","1","",""
"4560293","-40.8167","-63","AR","ARGENTINA"," ","Animalia","Chordata","Actinopterygii","Perciformes","Percichthyidae","Percichthys","Percichthys trucha","SSTN","FO","Peces","Fundación Óga","2","",""
"4560295","-40.8","-62.9833","AR","ARGENTINA"," ","Animalia","Chordata","Actinopterygii","Perciformes","Percichthyidae","Percichthys","Percichthys trucha","SSTN","FO","Peces","Fundación Óga","1","",""
"4560277","-40.75","-71.0833","AR","ARGENTINA"," ","Animalia","Chordata","Actinopterygii","Perciformes","Percichthyidae","Percichthys","Percichthys trucha","SSTN","FO","Peces","Fundación Óga","1","",""
"4560297","-40.75","-63.1167","AR","ARGENTINA"," ","Animalia","Chordata","Actinopterygii","Perciformes","Percichthyidae","Percichthys","Percichthys trucha","SSTN","FO","Peces","Fundación Óga","1","",""
"4560342","-40.6333","-71.75","AR","ARGENTINA"," ","Animalia","Chordata","Actinopterygii","Perciformes","Percichthyidae","Percichthys","Percichthys trucha","SSTN","FO","Peces","Fundación Óga","1","",""
"4560269","-40.5636","-70.6167","AR","ARGENTINA"," ","Animalia","Chordata","Actinopterygii","Perciformes","Percichthyidae","Percichthys","Percichthys trucha","SSTN","FO","Peces","Fundación Óga","1","",""
"4560341","-40.4333","-63.6833","AR","ARGENTINA"," ","Animalia","Chordata","Actinopterygii","Perciformes","Percichthyidae","Percichthys","Percichthys trucha","SSTN","FO","Peces","Fundación Óga","1","",""
"4555226","-40.4333","-63.6833","AR","ARGENTINA"," ","Animalia","Chordata","Actinopterygii","Siluriformes","Callichthyidae","Corydoras","Corydoras paleatus","SSTN","FO","Peces","Fundación Óga","1","",""
"4556630","-47.5","-71.5833","AR","ARGENTINA"," ","Animalia","Chordata","Actinopterygii","Siluriformes","Trichomycteridae","Hatcheria","Hatcheria macraei","SSTN","FO","Peces","Fundación Óga","1","",""
"4556665","-47.35","-71","AR","ARGENTINA"," ","Animalia","Chordata","Actinopterygii","Siluriformes","Trichomycteridae","Hatcheria","Hatcheria macraei","SSTN","FO","Peces","Fundación Óga","1","",""
"4556666","-46.6","-70.9333","AR","ARGENTINA"," ","Animalia","Chordata","Actinopterygii","Siluriformes","Trichomycteridae","Hatcheria","Hatcheria macraei","SSTN","FO","Peces","Fundación Óga","1","",""
"4556647","-46.5333","-71.6167","AR","ARGENTINA"," ","Animalia","Chordata","Actinopterygii","Siluriformes","Trichomycteridae","Hatcheria","Hatcheria macraei","SSTN","FO","Peces","Fundación Óga","1","",""
"4556639","-45.9333","-71.2667","AR","ARGENTINA"," ","Animalia","Chordata","Actinopterygii","Siluriformes","Trichomycteridae","Hatcheria","Hatcheria macraei","SSTN","FO","Peces","Fundación Óga","1","",""
"4556648","-45.75","-69.7167","AR","ARGENTINA"," ","Animalia","Chordata","Actinopterygii","Siluriformes","Trichomycteridae","Hatcheria","Hatcheria macraei","SSTN","FO","Peces","Fundación Óga","1","",""
"4556629","-44.9333","-71.5","AR","ARGENTINA"," ","Animalia","Chordata","Actinopterygii","Siluriformes","Trichomycteridae","Hatcheria","Hatcheria macraei","SSTN","FO","Peces","Fundación Óga","1","",""
"4556640","-44.9333","-71.4833","AR","ARGENTINA"," ","Animalia","Chordata","Actinopterygii","Siluriformes","Trichomycteridae","Hatcheria","Hatcheria macraei","SSTN","MACN","ict","Fundación Óga","1","",""
"4556651","-43.4","-65.8167","AR","ARGENTINA"," ","Animalia","Chordata","Actinopterygii","Siluriformes","Trichomycteridae","Hatcheria","Hatcheria macraei","SSTN","FO","Peces","Fundación Óga","1","",""
"4556652","-43.3333","-65.05","AR","ARGENTINA"," ","Animalia","Chordata","Actinopterygii","Siluriformes","Trichomycteridae","Hatcheria","Hatcheria macraei","SSTN","FO","Peces","Fundación Óga","1","",""
"4556664","-43.2667","-71.3333","AR","ARGENTINA"," ","Animalia","Chordata","Actinopterygii","Siluriformes","Trichomycteridae","Hatcheria","Hatcheria macraei","SSTN","FO","Peces","Fundación Óga","1","",""
"4556663","-42.2167","-71.3833","AR","ARGENTINA"," ","Animalia","Chordata","Actinopterygii","Siluriformes","Trichomycteridae","Hatcheria","Hatcheria macraei","SSTN","FO","Peces","Fundación Óga","1","",""
"4556662","-41.9667","-71.5333","AR","ARGENTINA"," ","Animalia","Chordata","Actinopterygii","Siluriformes","Trichomycteridae","Hatcheria","Hatcheria macraei","SSTN","FO","Peces","Fundación Óga","1","",""
"4556660","-41.5","-71.6667","AR","ARGENTINA"," ","Animalia","Chordata","Actinopterygii","Siluriformes","Trichomycteridae","Hatcheria","Hatcheria macraei","SSTN","FO","Peces","Fundación Óga","1","",""
"4556659","-41.15","-71.3","AR","ARGENTINA"," ","Animalia","Chordata","Actinopterygii","Siluriformes","Trichomycteridae","Hatcheria","Hatcheria macraei","SSTN","FO","Peces","Fundación Óga","1","",""
"4556686","-41.0667","-71.4833","AR","ARGENTINA"," ","Animalia","Chordata","Actinopterygii","Siluriformes","Trichomycteridae","Hatcheria","Hatcheria macraei","SSTN","FO","Peces","Fundación Óga","1","",""
"4556649","-40.75","-63.1167","AR","ARGENTINA"," ","Animalia","Chordata","Actinopterygii","Siluriformes","Trichomycteridae","Hatcheria","Hatcheria macraei","SSTN","FO","Peces","Fundación Óga","1","",""
"4556661","-40.7167","-71.0333","AR","ARGENTINA"," ","Animalia","Chordata","Actinopterygii","Siluriformes","Trichomycteridae","Hatcheria","Hatcheria macraei","SSTN","FO","Peces","Fundación Óga","1","",""
"4556646","-40.6667","-71.2833","AR","ARGENTINA"," ","Animalia","Chordata","Actinopterygii","Siluriformes","Trichomycteridae","Hatcheria","Hatcheria macraei","SSTN","FO","Peces","Fundación Óga","1","",""
"4552605","-54.55","-68.3333","AR","ARGENTINA"," ","Animalia","Chordata","Actinopterygii","Osmeriformes","Galaxiidae","Aplochiton","Aplochiton taeniatus","SSTN","FO","Peces","Fundación Óga","1","",""
"4552604","-51.8333","-70.5","AR","ARGENTINA"," ","Animalia","Chordata","Actinopterygii","Osmeriformes","Galaxiidae","Aplochiton","Aplochiton taeniatus","SSTN","FO","Peces","Fundación Óga","1","",""
"4552596","-47","-68","AR","ARGENTINA"," ","Animalia","Chordata","Actinopterygii","Osmeriformes","Galaxiidae","Aplochiton","Aplochiton taeniatus","SSTN","FO","Peces","Fundación Óga","1","",""
"4552595","-44.8333","-67.25","AR","ARGENTINA"," ","Animalia","Chordata","Actinopterygii","Osmeriformes","Galaxiidae","Aplochiton","Aplochiton taeniatus","SSTN","FO","Peces","Fundación Óga","1","",""
"4552600","-42.45","-71.6667","AR","ARGENTINA"," ","Animalia","Chordata","Actinopterygii","Osmeriformes","Galaxiidae","Aplochiton","Aplochiton taeniatus","SSTN","FO","Peces","Fundación Óga","1","",""
"4552599","-42.2","-71.5","AR","ARGENTINA"," ","Animalia","Chordata","Actinopterygii","Osmeriformes","Galaxiidae","Aplochiton","Aplochiton taeniatus","SSTN","FO","Peces","Fundación Óga","1","",""
"4552591","-42.1167","-71.6333","AR","ARGENTINA"," ","Animalia","Chordata","Actinopterygii","Osmeriformes","Galaxiidae","Aplochiton","Aplochiton taeniatus","SSTN","FO","Peces","Fundación Óga","1","",""
"4552598","-41.0667","-71.4833","AR","ARGENTINA"," ","Animalia","Chordata","Actinopterygii","Osmeriformes","Galaxiidae","Aplochiton","Aplochiton taeniatus","SSTN","FO","Peces","Fundación Óga","1","",""
"4552607","-40.4667","-71.7667","AR","ARGENTINA"," ","Animalia","Chordata","Actinopterygii","Osmeriformes","Galaxiidae","Aplochiton","Aplochiton taeniatus","SSTN","FO","Peces","Fundación Óga","1","",""
"4552597","-40.2","-71.6833","AR","ARGENTINA"," ","Animalia","Chordata","Actinopterygii","Osmeriformes","Galaxiidae","Aplochiton","Aplochiton taeniatus","SSTN","FO","Peces","Fundación Óga","1","",""
"4552617","-54.55","-68.3333","AR","ARGENTINA"," ","Animalia","Chordata","Actinopterygii","Osmeriformes","Galaxiidae","Aplochiton","Aplochiton zebra","SSTN","FO","Peces","Fundación Óga","1","",""
"4552615","-54.55","-67.8833","AR","ARGENTINA"," ","Animalia","Chordata","Actinopterygii","Osmeriformes","Galaxiidae","Aplochiton","Aplochiton zebra","SSTN","FO","Peces","Fundación Óga","1","",""
"4552612","-43.6167","-71.1333","AR","ARGENTINA"," ","Animalia","Chordata","Actinopterygii","Osmeriformes","Galaxiidae","Aplochiton","Aplochiton zebra","SSTN","FO","Peces","Fundación Óga","1","",""
"4552622","-43.1333","-71.6","AR","ARGENTINA"," ","Animalia","Chordata","Actinopterygii","Osmeriformes","Galaxiidae","Aplochiton","Aplochiton zebra","SSTN","FO","Peces","Fundación Óga","1","",""
"4552614","-42.8333","-71.6333","AR","ARGENTINA"," ","Animalia","Chordata","Actinopterygii","Osmeriformes","Galaxiidae","Aplochiton","Aplochiton zebra","SSTN","FO","Peces","Fundación Óga","1","",""
"4552620","-42.55","-71.6333","AR","ARGENTINA"," ","Animalia","Chordata","Actinopterygii","Osmeriformes","Galaxiidae","Aplochiton","Aplochiton zebra","SSTN","FO","Peces","Fundación Óga","1","",""
"4552619","-42.45","-71.6667","AR","ARGENTINA"," ","Animalia","Chordata","Actinopterygii","Osmeriformes","Galaxiidae","Aplochiton","Aplochiton zebra","SSTN","FO","Peces","Fundación Óga","1","",""
"4552613","-42.2","-71.5","AR","ARGENTINA"," ","Animalia","Chordata","Actinopterygii","Osmeriformes","Galaxiidae","Aplochiton","Aplochiton zebra","SSTN","FO","Peces","Fundación Óga","1","",""
"4552618","-42.1","-71.6167","AR","ARGENTINA"," ","Animalia","Chordata","Actinopterygii","Osmeriformes","Galaxiidae","Aplochiton","Aplochiton zebra","SSTN","FO","Peces","Fundación Óga","1","",""
"4552610","-41.3667","-71.55","AR","ARGENTINA"," ","Animalia","Chordata","Actinopterygii","Osmeriformes","Galaxiidae","Aplochiton","Aplochiton zebra","SSTN","FO","Peces","Fundación Óga","1","",""
"4559854","-50.25","-72.4167","AR","ARGENTINA"," ","Animalia","Chordata","Actinopterygii","Salmoniformes","Salmonidae","Oncorhynchus","Oncorhynchus mykiss","SSTN","FO","Peces","Fundación Óga","1","",""
"4559844","-45.75","-69.7167","AR","ARGENTINA"," ","Animalia","Chordata","Actinopterygii","Salmoniformes","Salmonidae","Oncorhynchus","Oncorhynchus mykiss","SSTN","FO","Peces","Fundación Óga","1","",""
"4559845","-43.4","-65.8167","AR","ARGENTINA"," ","Animalia","Chordata","Actinopterygii","Salmoniformes","Salmonidae","Oncorhynchus","Oncorhynchus mykiss","SSTN","FO","Peces","Fundación Óga","1","",""
"4559876","-43.1333","-71.6","AR","ARGENTINA"," ","Animalia","Chordata","Actinopterygii","Salmoniformes","Salmonidae","Oncorhynchus","Oncorhynchus mykiss","SSTN","FO","Peces","Fundación Óga","1","",""
"4559847","-42.9833","-71.5167","AR","ARGENTINA"," ","Animalia","Chordata","Actinopterygii","Salmoniformes","Salmonidae","Oncorhynchus","Oncorhynchus mykiss","SSTN","FO","Peces","Fundación Óga","1","",""
"4559846","-42.45","-71.4833","AR","ARGENTINA"," ","Animalia","Chordata","Actinopterygii","Salmoniformes","Salmonidae","Oncorhynchus","Oncorhynchus mykiss","SSTN","FO","Peces","Fundación Óga","1","",""
"4559875","-41.5667","-71.4833","AR","ARGENTINA"," ","Animalia","Chordata","Actinopterygii","Salmoniformes","Salmonidae","Oncorhynchus","Oncorhynchus mykiss","SSTN","FO","Peces","Fundación Óga","1","",""
"4559873","-41.4981","-71.6919","AR","ARGENTINA"," ","Animalia","Chordata","Actinopterygii","Salmoniformes","Salmonidae","Oncorhynchus","Oncorhynchus mykiss","SSTN","FO","Peces","Fundación Óga","1","",""
"4559874","-41.35","-71.55","AR","ARGENTINA"," ","Animalia","Chordata","Actinopterygii","Salmoniformes","Salmonidae","Oncorhynchus","Oncorhynchus mykiss","SSTN","FO","Peces","Fundación Óga","1","",""
"4559872","-41.3333","-71.6","AR","ARGENTINA"," ","Animalia","Chordata","Actinopterygii","Salmoniformes","Salmonidae","Oncorhynchus","Oncorhynchus mykiss","SSTN","FO","Peces","Fundación Óga","1","",""
"4559871","-41.3167","-71.7833","AR","ARGENTINA"," ","Animalia","Chordata","Actinopterygii","Salmoniformes","Salmonidae","Oncorhynchus","Oncorhynchus mykiss","SSTN","FO","Peces","Fundación Óga","1","",""
"4559869","-41.2","-71.4167","AR","ARGENTINA"," ","Animalia","Chordata","Actinopterygii","Salmoniformes","Salmonidae","Oncorhynchus","Oncorhynchus mykiss","SSTN","FO","Peces","Fundación Óga","1","",""
"4559870","-41.0667","-71.55","AR","ARGENTINA"," ","Animalia","Chordata","Actinopterygii","Salmoniformes","Salmonidae","Oncorhynchus","Oncorhynchus mykiss","SSTN","FO","Peces","Fundación Óga","1","",""
"4559856","-41.0667","-71.4833","AR","ARGENTINA"," ","Animalia","Chordata","Actinopterygii","Salmoniformes","Salmonidae","Oncorhynchus","Oncorhynchus mykiss","SSTN","FO","Peces","Fundación Óga","1","",""
"4559868","-40.6333","-71.75","AR","ARGENTINA"," ","Animalia","Chordata","Actinopterygii","Salmoniformes","Salmonidae","Oncorhynchus","Oncorhynchus mykiss","SSTN","FO","Peces","Fundación Óga","1","",""
"4559841","-40.5636","-70.6167","AR","ARGENTINA"," ","Animalia","Chordata","Actinopterygii","Salmoniformes","Salmonidae","Oncorhynchus","Oncorhynchus mykiss","SSTN","FO","Peces","Fundación Óga","1","",""
"4559866","-40.4333","-63.6833","AR","ARGENTINA"," ","Animalia","Chordata","Actinopterygii","Salmoniformes","Salmonidae","Oncorhynchus","Oncorhynchus mykiss","SSTN","FO","Peces","Fundación Óga","1","",""
"4562536","-45.75","-69.7167","AR","ARGENTINA"," ","Animalia","Chordata","Actinopterygii","Salmoniformes","Salmonidae","Salmo","Salmo salar","SSTN","FO","Peces","Fundación Óga","1","",""
"4562542","-41.0667","-71.4833","AR","ARGENTINA"," ","Animalia","Chordata","Actinopterygii","Salmoniformes","Salmonidae","Salmo","Salmo salar","SSTN","FO","Peces","Fundación Óga","1","",""
"4562537","-40.6667","-71.2833","AR","ARGENTINA"," ","Animalia","Chordata","Actinopterygii","Salmoniformes","Salmonidae","Salmo","Salmo salar","SSTN","FO","Peces","Fundación Óga","1","",""
"4562541","-40.6667","-70.8333","AR","ARGENTINA"," ","Animalia","Chordata","Actinopterygii","Salmoniformes","Salmonidae","Salmo","Salmo salar","SSTN","FO","Peces","Fundación Óga","1","",""
"4562546","-43.4","-65.8167","AR","ARGENTINA"," ","Animalia","Chordata","Actinopterygii","Salmoniformes","Salmonidae","Salmo","Salmo trutta","SSTN","FO","Peces","Fundación Óga","1","",""
"4562558","-43.1333","-71.6","AR","ARGENTINA"," ","Animalia","Chordata","Actinopterygii","Salmoniformes","Salmonidae","Salmo","Salmo trutta","SSTN","FO","Peces","Fundación Óga","1","",""
"4562557","-41.5667","-71.4833","AR","ARGENTINA"," ","Animalia","Chordata","Actinopterygii","Salmoniformes","Salmonidae","Salmo","Salmo trutta","SSTN","FO","Peces","Fundación Óga","1","",""
"4562555","-41.4981","-71.6919","AR","ARGENTINA"," ","Animalia","Chordata","Actinopterygii","Salmoniformes","Salmonidae","Salmo","Salmo trutta","SSTN","FO","Peces","Fundación Óga","1","",""
"4562556","-41.35","-71.55","AR","ARGENTINA"," ","Animalia","Chordata","Actinopterygii","Salmoniformes","Salmonidae","Salmo","Salmo trutta","SSTN","FO","Peces","Fundación Óga","1","",""
"4562554","-41.3333","-71.6","AR","ARGENTINA"," ","Animalia","Chordata","Actinopterygii","Salmoniformes","Salmonidae","Salmo","Salmo trutta","SSTN","FO","Peces","Fundación Óga","1","",""
"4562553","-41.3167","-71.7833","AR","ARGENTINA"," ","Animalia","Chordata","Actinopterygii","Salmoniformes","Salmonidae","Salmo","Salmo trutta","SSTN","FO","Peces","Fundación Óga","1","",""
"4562551","-41.2","-71.4167","AR","ARGENTINA"," ","Animalia","Chordata","Actinopterygii","Salmoniformes","Salmonidae","Salmo","Salmo trutta","SSTN","FO","Peces","Fundación Óga","1","",""
"4562552","-41.0667","-71.55","AR","ARGENTINA"," ","Animalia","Chordata","Actinopterygii","Salmoniformes","Salmonidae","Salmo","Salmo trutta","SSTN","FO","Peces","Fundación Óga","1","",""
"4562549","-41.0667","-71.4833","AR","ARGENTINA"," ","Animalia","Chordata","Actinopterygii","Salmoniformes","Salmonidae","Salmo","Salmo trutta","SSTN","FO","Peces","Fundación Óga","1","",""
"4562550","-40.6333","-71.75","AR","ARGENTINA"," ","Animalia","Chordata","Actinopterygii","Salmoniformes","Salmonidae","Salmo","Salmo trutta","SSTN","FO","Peces","Fundación Óga","1","",""
"4562544","-40.5636","-70.6167","AR","ARGENTINA"," ","Animalia","Chordata","Actinopterygii","Salmoniformes","Salmonidae","Salmo","Salmo trutta","SSTN","FO","Peces","Fundación Óga","1","",""
"4562559","-45.75","-69.7167","AR","ARGENTINA"," ","Animalia","Chordata","Actinopterygii","Salmoniformes","Salmonidae","Salvelinus","Salvelinus fontinalis","SSTN","FO","Peces","Fundación Óga","1","",""
"4562562","-43.9667","-71.1333","AR","ARGENTINA"," ","Animalia","Chordata","Actinopterygii","Salmoniformes","Salmonidae","Salvelinus","Salvelinus fontinalis","SSTN","FO","Peces","Fundación Óga","1","",""
"4562561","-43.9333","-71.5333","AR","ARGENTINA"," ","Animalia","Chordata","Actinopterygii","Salmoniformes","Salmonidae","Salvelinus","Salvelinus fontinalis","SSTN","FO","Peces","Fundación Óga","1","",""
"4562573","-43.1333","-71.6","AR","ARGENTINA"," ","Animalia","Chordata","Actinopterygii","Salmoniformes","Salmonidae","Salvelinus","Salvelinus fontinalis","SSTN","FO","Peces","Fundación Óga","1","",""
"4562563","-42.9833","-71.5167","AR","ARGENTINA"," ","Animalia","Chordata","Actinopterygii","Salmoniformes","Salmonidae","Salvelinus","Salvelinus fontinalis","SSTN","FO","Peces","Fundación Óga","1","",""
"4562572","-41.5667","-71.4833","AR","ARGENTINA"," ","Animalia","Chordata","Actinopterygii","Salmoniformes","Salmonidae","Salvelinus","Salvelinus fontinalis","SSTN","FO","Peces","Fundación Óga","1","",""
"4562570","-41.4981","-71.6919","AR","ARGENTINA"," ","Animalia","Chordata","Actinopterygii","Salmoniformes","Salmonidae","Salvelinus","Salvelinus fontinalis","SSTN","FO","Peces","Fundación Óga","1","",""
"4562571","-41.35","-71.55","AR","ARGENTINA"," ","Animalia","Chordata","Actinopterygii","Salmoniformes","Salmonidae","Salvelinus","Salvelinus fontinalis","SSTN","FO","Peces","Fundación Óga","1","",""
"4562569","-41.3333","-71.6","AR","ARGENTINA"," ","Animalia","Chordata","Actinopterygii","Salmoniformes","Salmonidae","Salvelinus","Salvelinus fontinalis","SSTN","FO","Peces","Fundación Óga","1","",""
"4562568","-41.3167","-71.7833","AR","ARGENTINA"," ","Animalia","Chordata","Actinopterygii","Salmoniformes","Salmonidae","Salvelinus","Salvelinus fontinalis","SSTN","FO","Peces","Fundación Óga","1","",""
"4562566","-41.2","-71.4167","AR","ARGENTINA"," ","Animalia","Chordata","Actinopterygii","Salmoniformes","Salmonidae","Salvelinus","Salvelinus fontinalis","SSTN","FO","Peces","Fundación Óga","1","",""
"4562567","-41.0667","-71.55","AR","ARGENTINA"," ","Animalia","Chordata","Actinopterygii","Salmoniformes","Salmonidae","Salvelinus","Salvelinus fontinalis","SSTN","FO","Peces","Fundación Óga","1","",""
"4562564","-41.0667","-71.4833","AR","ARGENTINA"," ","Animalia","Chordata","Actinopterygii","Salmoniformes","Salmonidae","Salvelinus","Salvelinus fontinalis","SSTN","FO","Peces","Fundación Óga","1","",""
"4562565","-40.6333","-71.75","AR","ARGENTINA"," ","Animalia","Chordata","Actinopterygii","Salmoniformes","Salmonidae","Salvelinus","Salvelinus fontinalis","SSTN","FO","Peces","Fundación Óga","1","",""
"4562574","-50.25","-72.4167","AR","ARGENTINA"," ","Animalia","Chordata","Actinopterygii","Salmoniformes","Salmonidae","Salvelinus","Salvelinus namaycush","SSTN","FO","Peces","Fundación Óga","1","",""
"4559798","-45.9","-71.25","AR","ARGENTINA"," ","Animalia","Chordata","Actinopterygii","Siluriformes","Diplomystidae","Olivaichthys","Olivaichthys viedmensis","SSTN","FO","Peces","Fundación Óga","1","",""
"4559833","-43.8333","-68.8","AR","ARGENTINA"," ","Animalia","Chordata","Actinopterygii","Siluriformes","Diplomystidae","Olivaichthys","Olivaichthys viedmensis","SSTN","FO","Peces","Fundación Óga","1","",""
"4559832","-42.85","-71.8667","AR","ARGENTINA"," ","Animalia","Chordata","Actinopterygii","Siluriformes","Diplomystidae","Olivaichthys","Olivaichthys viedmensis","SSTN","FO","Peces","Fundación Óga","1","",""
"4559831","-42.1167","-71.65","AR","ARGENTINA"," ","Animalia","Chordata","Actinopterygii","Siluriformes","Diplomystidae","Olivaichthys","Olivaichthys viedmensis","SSTN","FO","Peces","Fundación Óga","1","",""
"4559837","-41.0667","-71.4833","AR","ARGENTINA"," ","Animalia","Chordata","Actinopterygii","Siluriformes","Diplomystidae","Olivaichthys","Olivaichthys viedmensis","SSTN","FO","Peces","Fundación Óga","2","",""
"4559804","-41.05","-71.15","AR","ARGENTINA"," ","Animalia","Chordata","Actinopterygii","Siluriformes","Diplomystidae","Olivaichthys","Olivaichthys viedmensis","SSTN","FO","Peces","Fundación Óga","1","",""
"4559799","-40.8167","-63","AR","ARGENTINA"," ","Animalia","Chordata","Actinopterygii","Siluriformes","Diplomystidae","Olivaichthys","Olivaichthys viedmensis","SSTN","FO","Peces","Fundación Óga","1","",""
"4559821","-40.8","-62.9833","AR","ARGENTINA"," ","Animalia","Chordata","Actinopterygii","Siluriformes","Diplomystidae","Olivaichthys","Olivaichthys viedmensis","SSTN","FO","Peces","Fundación Óga","1","",""
"4559818","-40.6667","-71.2833","AR","ARGENTINA"," ","Animalia","Chordata","Actinopterygii","Siluriformes","Diplomystidae","Olivaichthys","Olivaichthys viedmensis","SSTN","FO","Peces","Fundación Óga","1","",""
"4559812","-40.6333","-70.7833","AR","ARGENTINA"," ","Animalia","Chordata","Actinopterygii","Siluriformes","Diplomystidae","Olivaichthys","Olivaichthys viedmensis","SSTN","FO","Peces","Fundación Óga","1","",""
"4559813","-40.5","-71.35","AR","ARGENTINA"," ","Animalia","Chordata","Actinopterygii","Siluriformes","Diplomystidae","Olivaichthys","Olivaichthys viedmensis","SSTN","FO","Peces","Fundación Óga","1","",""
"4559825","-40.3","-70.6667","AR","ARGENTINA"," ","Animalia","Chordata","Actinopterygii","Siluriformes","Diplomystidae","Olivaichthys","Olivaichthys viedmensis","SSTN","FO","Peces","Fundación Óga","1","",""
"4563556","-40.75","-71.0833","AR","ARGENTINA"," ","Animalia","Chordata","Actinopterygii","Siluriformes","Trichomycteridae","Trichomycterus","Trichomycterus areolatus","SSTN","FO","Peces","Fundación Óga","1","",""
"4563553","-40.65","-71.4","AR","ARGENTINA"," ","Animalia","Chordata","Actinopterygii","Siluriformes","Trichomycteridae","Trichomycterus","Trichomycterus areolatus","SSTN","FO","Peces","Fundación Óga","1","",""
"4595644","-41.0238","-71.8131","AR","ARGENTINA","2008-02-19","Animalia","Chordata","Actinopterygii","Siluriformes","Diplomystidae","Diplomystes","Diplomystes viedmensis","SSTN","APN-AR","PI-IABIN","Administración de Parques Nacionales - APN","1","2008","2"
"4595646","-41.0234","-71.8169","AR","ARGENTINA","2009-01-16","Animalia","Chordata","Actinopterygii","Siluriformes","Diplomystidae","Diplomystes","Diplomystes viedmensis","SSTN","APN-AR","PI-IABIN","Administración de Parques Nacionales - APN","1","2009","1"
"4595645","-41.1795","-71.4125","AR","ARGENTINA","2009-04-24","Animalia","Chordata","Actinopterygii","Siluriformes","Diplomystidae","Diplomystes","Diplomystes viedmensis","SSTN","APN-AR","PI-IABIN","Administración de Parques Nacionales - APN","1","2009","4"
"4559793","-45.75","-69.7167","AR","ARGENTINA"," ","Animalia","Chordata","Actinopterygii","Siluriformes","Diplomystidae","Olivaichthys","Olivaichthys mesembrinus","SSTN","FO","Peces","Fundación Óga","1","",""
"4559797","-45.6833","-68.8","AR","ARGENTINA"," ","Animalia","Chordata","Actinopterygii","Siluriformes","Diplomystidae","Olivaichthys","Olivaichthys mesembrinus","SSTN","FO","Peces","Fundación Óga","1","",""
"4559791","-45.5667","-69.2","AR","ARGENTINA"," ","Animalia","Chordata","Actinopterygii","Siluriformes","Diplomystidae","Olivaichthys","Olivaichthys mesembrinus","SSTN","FO","Peces","Fundación Óga","1","",""
"4559794","-43.85","-68.4667","AR","ARGENTINA"," ","Animalia","Chordata","Actinopterygii","Siluriformes","Diplomystidae","Olivaichthys","Olivaichthys mesembrinus","SSTN","FO","Peces","Fundación Óga","1","",""
"4559795","-43.8167","-67.8833","AR","ARGENTINA"," ","Animalia","Chordata","Actinopterygii","Siluriformes","Diplomystidae","Olivaichthys","Olivaichthys mesembrinus","SSTN","FO","Peces","Fundación Óga","1","",""
"4559792","-43.5833","-66.25","AR","ARGENTINA"," ","Animalia","Chordata","Actinopterygii","Siluriformes","Diplomystidae","Olivaichthys","Olivaichthys mesembrinus","SSTN","FO","Peces","Fundación Óga","1","",""
"4559796","-43.3167","-69.1333","AR","ARGENTINA"," ","Animalia","Chordata","Actinopterygii","Siluriformes","Diplomystidae","Olivaichthys","Olivaichthys mesembrinus","SSTN","FO","Peces","Fundación Óga","1","",""
"52686912","-47.7515","-65.935","AR","ARGENTINA","1968-12-03","Animalia","Chordata","Actinopterygii","Atheriniformes","Atherinopsidae","Odontesthes"," ","GBIF","CENPAT-CONICET","CNPICT","Centro Nacional Patagonico - CONICET","1","1968","12"
"197952984","-54.8833","-67.1333","AR","ARGENTINA"," ","Animalia","Chordata","Actinopterygii","Perciformes","Nototheniidae","Patagonotothen"," ","GBIF","IIPB","1000157","Ocean Biogeographic Information System","2","",""
"24778610","-40.9","-62.4667","AR","ARGENTINA","1976-11-15","Animalia","Chordata","Actinopterygii","Perciformes","Nototheniidae","Patagonotothen"," ","GBIF","CENPAT-CONICET","CNP-PECES","Ocean Biogeographic Information System","1","1976","11"
"197752417","-41","-71","AR","ARGENTINA"," ","Animalia","Chordata","Actinopterygii","Osmeriformes","Galaxiidae","Galaxias","Galaxias maculatus","GBIF","CAS","196209","Ocean Biogeographic Information System","2","",""
"219057066","-41.0167","-71.8333","AR","ARGENTINA","1919-02-01","Animalia","Chordata","Actinopterygii","Osmeriformes","Galaxiidae","Galaxias","Galaxias maculatus","GBIF","FishBase","Occurrence","FishBase","2","1919","2"
"52687015","-47.7533","-65.944","AR","ARGENTINA","1970-09-04","Animalia","Chordata","Actinopterygii","Osmeriformes","Galaxiidae","Galaxias","Galaxias maculatus","GBIF","CENPAT-CONICET","CNPICT","Centro Nacional Patagonico - CONICET","1","1970","9"
"24773513","-47.75","-65.8833","AR","ARGENTINA","1970-09-04","Animalia","Chordata","Actinopterygii","Osmeriformes","Galaxiidae","Galaxias","Galaxias maculatus","GBIF","CENPAT-CONICET","CNPICTIO","Ocean Biogeographic Information System","2","1970","9"
"24773604","-47.75","-65.8833","AR","ARGENTINA","1972-12-21","Animalia","Chordata","Actinopterygii","Osmeriformes","Galaxiidae","Galaxias","Galaxias maculatus","GBIF","CENPAT-CONICET","CNPICTIO","Ocean Biogeographic Information System","2","1972","12"
"52687073","-47.75","-65.883","AR","ARGENTINA","1972-12-21","Animalia","Chordata","Actinopterygii","Osmeriformes","Galaxiidae","Galaxias","Galaxias maculatus","GBIF","CENPAT-CONICET","CNPICT","Centro Nacional Patagonico - CONICET","1","1972","12"
"24773605","-47.75","-65.8833","AR","ARGENTINA","1972-12-23","Animalia","Chordata","Actinopterygii","Osmeriformes","Galaxiidae","Galaxias","Galaxias maculatus","GBIF","CENPAT-CONICET","CNPICTIO","Ocean Biogeographic Information System","2","1972","12"
"52687074","-47.75","-65.883","AR","ARGENTINA","1972-12-23","Animalia","Chordata","Actinopterygii","Osmeriformes","Galaxiidae","Galaxias","Galaxias maculatus","GBIF","CENPAT-CONICET","CNPICT","Centro Nacional Patagonico - CONICET","1","1972","12"
"24773606","-47.75","-65.8833","AR","ARGENTINA","1972-12-30","Animalia","Chordata","Actinopterygii","Osmeriformes","Galaxiidae","Galaxias","Galaxias maculatus","GBIF","CENPAT-CONICET","CNPICTIO","Ocean Biogeographic Information System","2","1972","12"
"52687075","-47.75","-65.883","AR","ARGENTINA","1972-12-30","Animalia","Chordata","Actinopterygii","Osmeriformes","Galaxiidae","Galaxias","Galaxias maculatus","GBIF","CENPAT-CONICET","CNPICT","Centro Nacional Patagonico - CONICET","1","1972","12"
"24773641","-47.75","-65.8833","AR","ARGENTINA","1973-01-01","Animalia","Chordata","Actinopterygii","Osmeriformes","Galaxiidae","Galaxias","Galaxias maculatus","GBIF","CENPAT-CONICET","CNPICTIO","Ocean Biogeographic Information System","2","1973","1"
"52687117","-47.75","-65.883","AR","ARGENTINA","1973-01-01","Animalia","Chordata","Actinopterygii","Osmeriformes","Galaxiidae","Galaxias","Galaxias maculatus","GBIF","CENPAT-CONICET","CNPICT","Centro Nacional Patagonico - CONICET","1","1973","1"
"24773642","-47.75","-65.8833","AR","ARGENTINA","1973-01-02","Animalia","Chordata","Actinopterygii","Osmeriformes","Galaxiidae","Galaxias","Galaxias maculatus","GBIF","CENPAT-CONICET","CNPICTIO","Ocean Biogeographic Information System","2","1973","1"
"52687118","-47.75","-65.883","AR","ARGENTINA","1973-01-02","Animalia","Chordata","Actinopterygii","Osmeriformes","Galaxiidae","Galaxias","Galaxias maculatus","GBIF","CENPAT-CONICET","CNPICT","Centro Nacional Patagonico - CONICET","1","1973","1"
"24773643","-47.75","-65.8833","AR","ARGENTINA","1973-01-03","Animalia","Chordata","Actinopterygii","Osmeriformes","Galaxiidae","Galaxias","Galaxias maculatus","GBIF","CENPAT-CONICET","CNPICTIO","Ocean Biogeographic Information System","2","1973","1"
"52687119","-47.75","-65.883","AR","ARGENTINA","1973-01-03","Animalia","Chordata","Actinopterygii","Osmeriformes","Galaxiidae","Galaxias","Galaxias maculatus","GBIF","CENPAT-CONICET","CNPICT","Centro Nacional Patagonico - CONICET","1","1973","1"
"233825316","-41.0676","-71.5729","AR","ARGENTINA","2002-11-30","Animalia","Chordata","Actinopterygii","Osmeriformes","Galaxiidae","Galaxias","Galaxias maculatus","GBIF","APN-AR","FUENTES","Administración de Parques Nacionales, Argentina","1","2002","11"
"233825379","-40.7707","-71.6577","AR","ARGENTINA","2002-11-30","Animalia","Chordata","Actinopterygii","Osmeriformes","Galaxiidae","Galaxias","Galaxias maculatus","GBIF","APN-AR","FUENTES","Administración de Parques Nacionales, Argentina","1","2002","11"
"197782928","-54.8833","-67.2333","AR","ARGENTINA"," ","Animalia","Chordata","Actinopterygii","Perciformes","Harpagiferidae","Harpagifer","Harpagifer bispinis","GBIF","IIPB","997877","Ocean Biogeographic Information System","4","",""
"197782921","-54.8833","-67.1333","AR","ARGENTINA"," ","Animalia","Chordata","Actinopterygii","Perciformes","Harpagiferidae","Harpagifer","Harpagifer bispinis","GBIF","IIPB","997100","Ocean Biogeographic Information System","1","",""
"24773372","-54.7833","-68.25","AR","ARGENTINA"," ","Animalia","Chordata","Actinopterygii","Perciformes","Harpagiferidae","Harpagifer","Harpagifer bispinis","GBIF","CENPAT-CONICET","CNPICTIO","Ocean Biogeographic Information System","4","1967","3"
"188964111","-54.8833","-67.35","AR","ARGENTINA","1896-05-11","Animalia","Chordata","Actinopterygii","Perciformes","Harpagiferidae","Harpagifer","Harpagifer bispinis","GBIF","FishBase","Occurrence","FishBase","1","1896","5"
"24773370","-54.7833","-68.25","AR","ARGENTINA","1967-12-13","Animalia","Chordata","Actinopterygii","Perciformes","Harpagiferidae","Harpagifer","Harpagifer bispinis","GBIF","CENPAT-CONICET","CNPICTIO","Ocean Biogeographic Information System","2","1967","12"
"24773390","-54.7833","-68.25","AR","ARGENTINA","1968-11-23","Animalia","Chordata","Actinopterygii","Perciformes","Harpagiferidae","Harpagifer","Harpagifer bispinis","GBIF","CENPAT-CONICET","CNPICTIO","Ocean Biogeographic Information System","4","1968","11"
"52687057","-47.7548","-65.899","AR","ARGENTINA","1972-07-20","Animalia","Chordata","Actinopterygii","Perciformes","Harpagiferidae","Harpagifer","Harpagifer bispinis","GBIF","CENPAT-CONICET","CNPICT","Centro Nacional Patagonico - CONICET","1","1972","7"
"24773590","-47.75","-65.8833","AR","ARGENTINA","1972-07-20","Animalia","Chordata","Actinopterygii","Perciformes","Harpagiferidae","Harpagifer","Harpagifer bispinis","GBIF","CENPAT-CONICET","CNPICTIO","Ocean Biogeographic Information System","2","1972","7"
"24773486","-47.75","-65.8833","AR","ARGENTINA","1970-12-12","Animalia","Chordata","Actinopterygii","Atheriniformes","Notocheiridae","Notocheirus","Notocheirus hubbsi","GBIF","CENPAT-CONICET","CNPICTIO","Ocean Biogeographic Information System","2","1970","12"
"52686981","-47.75","-65.883","AR","ARGENTINA","1970-12-12","Animalia","Chordata","Actinopterygii","Perciformes","Nototheniidae","Notocheirus","Notocheirus hubbsi","GBIF","CENPAT-CONICET","CNPICT","Centro Nacional Patagonico - CONICET","1","1970","12"
"150013530","-54.7","-65.2","AR","ARGENTINA","1971-04-24","Animalia","Chordata","Actinopterygii","Atheriniformes","Notocheiridae","Notocheirus","Notocheirus hubbsi","GBIF","USNM","Vertebrate Zoology; Fishes","National Museum of Natural History","1","1971","4"
"241339072","-54.667","-65.233","AR","ARGENTINA","1971-04-24","Animalia","Chordata","Actinopterygii","Atheriniformes","Notocheiridae","Notocheirus","Notocheirus hubbsi","GBIF","USNM","Vertebrate Zoology; Fishes","National Museum of Natural History","1","1971","4"
"24773578","-47.75","-65.8833","AR","ARGENTINA","1972-05-15","Animalia","Chordata","Actinopterygii","Atheriniformes","Notocheiridae","Notocheirus","Notocheirus hubbsi","GBIF","CENPAT-CONICET","CNPICTIO","Ocean Biogeographic Information System","2","1972","5"
"52687058","-47.75","-65.883","AR","ARGENTINA","1972-05-15","Animalia","Chordata","Actinopterygii","Atheriniformes","Notocheiridae","Notocheirus","Notocheirus hubbsi","GBIF","CENPAT-CONICET","CNPICT","Centro Nacional Patagonico - CONICET","1","1972","5"
"52687192","-42.3394","-63.625","AR","ARGENTINA"," ","Animalia","Chordata","Actinopterygii","Atheriniformes","Atherinopsidae","Odontesthes","Odontesthes smitti","GBIF","CENPAT-CONICET","CNPICT","Centro Nacional Patagonico - CONICET","1","1982","10"
"24773724","-42.3","-63.6333","AR","ARGENTINA"," ","Animalia","Chordata","Actinopterygii","Atheriniformes","Atherinopsidae","Odontesthes","Odontesthes smitti","GBIF","CENPAT-CONICET","CNPICTIO","Ocean Biogeographic Information System","2","1982","10"
"52687477","-42.2532","-64.112","AR","ARGENTINA"," ","Animalia","Chordata","Actinopterygii","Atheriniformes","Atherinopsidae","Odontesthes","Odontesthes smitti","GBIF","CENPAT-CONICET","CNPICT","Centro Nacional Patagonico - CONICET","1","1991","5"
"216053043","-42.2434","-64.1343","AR","ARGENTINA"," ","Animalia","Chordata","Actinopterygii","Atheriniformes","Atherinopsidae","Odontesthes","Odontesthes smitti","GBIF","CENPAT-CONICET","CNPICTIO","Centro Nacional Patagonico - CONICET","1","1991","5"
"52686884","-42.7605","-63.652","AR","ARGENTINA","1964-01-25","Animalia","Chordata","Actinopterygii","Atheriniformes","Atherinopsidae","Odontesthes","Odontesthes smitti","GBIF","CENPAT-CONICET","CNPICT","Centro Nacional Patagonico - CONICET","1","1964","1"
"52686896","-47.7515","-65.935","AR","ARGENTINA","1968-12-03","Animalia","Chordata","Actinopterygii","Atheriniformes","Atherinopsidae","Odontesthes","Odontesthes smitti","GBIF","CENPAT-CONICET","CNPICT","Centro Nacional Patagonico - CONICET","1","1968","12"
"24773410","-47.75","-65.8833","AR","ARGENTINA","1968-12-03","Animalia","Chordata","Actinopterygii","Atheriniformes","Atherinopsidae","Odontesthes","Odontesthes smitti","GBIF","CENPAT-CONICET","CNPICTIO","Ocean Biogeographic Information System","2","1968","12"
"52687003","-47.7515","-65.935","AR","ARGENTINA","1970-02-25","Animalia","Chordata","Actinopterygii","Atheriniformes","Atherinopsidae","Odontesthes","Odontesthes smitti","GBIF","CENPAT-CONICET","CNPICT","Centro Nacional Patagonico - CONICET","1","1970","2"
"24773494","-47.75","-65.8833","AR","ARGENTINA","1970-02-25","Animalia","Chordata","Actinopterygii","Atheriniformes","Atherinopsidae","Odontesthes","Odontesthes smitti","GBIF","CENPAT-CONICET","CNPICTIO","Ocean Biogeographic Information System","2","1970","2"
"52687926","-47.7515","-65.935","AR","ARGENTINA","1970-05-15","Animalia","Chordata","Actinopterygii","Atheriniformes","Atherinopsidae","Odontesthes","Odontesthes smitti","GBIF","CENPAT-CONICET","CNPICT","Centro Nacional Patagonico - CONICET","1","1970","5"
"24773536","-47.75","-65.8833","AR","ARGENTINA","1970-05-15","Animalia","Chordata","Actinopterygii","Atheriniformes","Atherinopsidae","Odontesthes","Odontesthes smitti","GBIF","CENPAT-CONICET","CNPICTIO","Ocean Biogeographic Information System","2","1970","5"
"24773481","-47.75","-65.8833","AR","ARGENTINA","1970-09-04","Animalia","Chordata","Actinopterygii","Atheriniformes","Atherinopsidae","Odontesthes","Odontesthes smitti","GBIF","CENPAT-CONICET","CNPICTIO","Ocean Biogeographic Information System","2","1970","9"
"24773482","-47.75","-65.8833","AR","ARGENTINA","1970-09-24","Animalia","Chordata","Actinopterygii","Atheriniformes","Atherinopsidae","Odontesthes","Odontesthes smitti","GBIF","CENPAT-CONICET","CNPICTIO","Ocean Biogeographic Information System","2","1970","9"
"52687004","-47.7515","-65.935","AR","ARGENTINA","1970-11-24","Animalia","Chordata","Actinopterygii","Atheriniformes","Atherinopsidae","Odontesthes","Odontesthes smitti","GBIF","CENPAT-CONICET","CNPICT","Centro Nacional Patagonico - CONICET","1","1970","11"
"24773495","-47.75","-65.8833","AR","ARGENTINA","1970-11-24","Animalia","Chordata","Actinopterygii","Atheriniformes","Atherinopsidae","Odontesthes","Odontesthes smitti","GBIF","CENPAT-CONICET","CNPICTIO","Ocean Biogeographic Information System","2","1970","11"
"24773483","-47.75","-65.8833","AR","ARGENTINA","1970-11-27","Animalia","Chordata","Actinopterygii","Atheriniformes","Atherinopsidae","Odontesthes","Odontesthes smitti","GBIF","CENPAT-CONICET","CNPICTIO","Ocean Biogeographic Information System","2","1970","11"
"24773542","-47.75","-65.8833","AR","ARGENTINA","1971-01-26","Animalia","Chordata","Actinopterygii","Atheriniformes","Atherinopsidae","Odontesthes","Odontesthes smitti","GBIF","CENPAT-CONICET","CNPICTIO","Ocean Biogeographic Information System","2","1971","1"
"24773538","-47.75","-65.8833","AR","ARGENTINA","1971-04-20","Animalia","Chordata","Actinopterygii","Atheriniformes","Atherinopsidae","Odontesthes","Odontesthes smitti","GBIF","CENPAT-CONICET","CNPICTIO","Ocean Biogeographic Information System","2","1971","4"
"52687037","-47.75","-65.883","AR","ARGENTINA","1971-04-20","Animalia","Chordata","Actinopterygii","Atheriniformes","Atherinopsidae","Odontesthes","Odontesthes smitti","GBIF","CENPAT-CONICET","CNPICT","Centro Nacional Patagonico - CONICET","1","1971","4"
"238934542","-47.75","-65.883","AR","ARGENTINA","1971-04-24","Animalia","Chordata","Actinopterygii","Atheriniformes","Atherinopsidae","Odontesthes","Odontesthes smitti","GBIF","CENPAT-CONICET","CNPICT","Centro Nacional Patagonico - CONICET","1","1971","4"
"24773543","-47.75","-65.8833","AR","ARGENTINA","1971-05-27","Animalia","Chordata","Actinopterygii","Atheriniformes","Atherinopsidae","Odontesthes","Odontesthes smitti","GBIF","CENPAT-CONICET","CNPICTIO","Ocean Biogeographic Information System","2","1971","5"
"24773612","-47.75","-65.8833","AR","ARGENTINA","1972-01-28","Animalia","Chordata","Actinopterygii","Atheriniformes","Atherinopsidae","Odontesthes","Odontesthes smitti","GBIF","CENPAT-CONICET","CNPICTIO","Ocean Biogeographic Information System","2","1972","1"
"238934545","-42.7991","-65.003","AR","ARGENTINA","1983-12-11","Animalia","Chordata","Actinopterygii","Atheriniformes","Atherinopsidae","Odontesthes","Odontesthes smitti","GBIF","CENPAT-CONICET","CNPICT","Centro Nacional Patagonico - CONICET","1","1983","12"
"238934539","-42.6589","-65","AR","ARGENTINA","1987-12-10","Animalia","Chordata","Actinopterygii","Atheriniformes","Atherinopsidae","Odontesthes","Odontesthes smitti","GBIF","CENPAT-CONICET","CNPICT","Centro Nacional Patagonico - CONICET","1","1987","12"
"52687393","-42.6589","-64.987","AR","ARGENTINA","1988-09-26","Animalia","Chordata","Actinopterygii","Atheriniformes","Atherinopsidae","Odontesthes","Odontesthes smitti","GBIF","CENPAT-CONICET","CNPICT","Centro Nacional Patagonico - CONICET","1","1988","9"
"216052978","-42.6447","-64.9708","AR","ARGENTINA","1988-09-26","Animalia","Chordata","Actinopterygii","Atheriniformes","Atherinopsidae","Odontesthes","Odontesthes smitti","GBIF","CENPAT-CONICET","CNPICTIO","Centro Nacional Patagonico - CONICET","1","1988","9"
"52687456","-42.6131","-64.881","AR","ARGENTINA","1989-02-22","Animalia","Chordata","Actinopterygii","Atheriniformes","Atherinopsidae","Odontesthes","Odontesthes smitti","GBIF","CENPAT-CONICET","CNPICT","Centro Nacional Patagonico - CONICET","1","1989","2"
"52687460","-42.3394","-63.625","AR","ARGENTINA","1990-07-15","Animalia","Chordata","Actinopterygii","Atheriniformes","Atherinopsidae","Odontesthes","Odontesthes smitti","GBIF","CENPAT-CONICET","CNPICT","Centro Nacional Patagonico - CONICET","1","1990","7"
"24773945","-42.3","-63.6333","AR","ARGENTINA","1990-07-15","Animalia","Chordata","Actinopterygii","Atheriniformes","Atherinopsidae","Odontesthes","Odontesthes smitti","GBIF","CENPAT-CONICET","CNPICTIO","Ocean Biogeographic Information System","2","1990","7"
"52687237","-42.6131","-64.881","AR","ARGENTINA","1992-03-03","Animalia","Chordata","Actinopterygii","Atheriniformes","Atherinopsidae","Odontesthes","Odontesthes smitti","GBIF","CENPAT-CONICET","CNPICT","Centro Nacional Patagonico - CONICET","1","1992","3"
"24774082","-54.7833","-68.25","AR","ARGENTINA","1995-06-30","Animalia","Chordata","Actinopterygii","Atheriniformes","Atherinopsidae","Odontesthes","Odontesthes smitti","GBIF","CENPAT-CONICET","CNPICTIO","Ocean Biogeographic Information System","1","1995","6"
"52687676","-42.5849","-64.261","AR","ARGENTINA","1997-07-21","Animalia","Chordata","Actinopterygii","Atheriniformes","Atherinopsidae","Odontesthes","Odontesthes smitti","GBIF","CENPAT-CONICET","CNPICT","Centro Nacional Patagonico - CONICET","1","1997","7"
"24774131","-42.5833","-64.25","AR","ARGENTINA","1997-07-21","Animalia","Chordata","Actinopterygii","Atheriniformes","Atherinopsidae","Odontesthes","Odontesthes smitti","GBIF","CENPAT-CONICET","CNPICTIO","Ocean Biogeographic Information System","2","1997","7"
"52687757","-42.7811","-66.015","AR","ARGENTINA","1999-04-08","Animalia","Chordata","Actinopterygii","Atheriniformes","Atherinopsidae","Odontesthes","Odontesthes smitti","GBIF","CENPAT-CONICET","CNPICT","Centro Nacional Patagonico - CONICET","1","1999","4"
"52687797","-42.6589","-64.987","AR","ARGENTINA","2001-02-12","Animalia","Chordata","Actinopterygii","Atheriniformes","Atherinopsidae","Odontesthes","Odontesthes smitti","GBIF","CENPAT-CONICET","CNPICT","Centro Nacional Patagonico - CONICET","2","2001","2"
"216053341","-42.6447","-64.9708","AR","ARGENTINA","2001-02-12","Animalia","Chordata","Actinopterygii","Atheriniformes","Atherinopsidae","Odontesthes","Odontesthes smitti","GBIF","CENPAT-CONICET","CNPICTIO","Centro Nacional Patagonico - CONICET","2","2001","2"
"52687914","-47.7515","-65.935","AR","ARGENTINA","2004-12-10","Animalia","Chordata","Actinopterygii","Atheriniformes","Atherinopsidae","Odontesthes","Odontesthes smitti","GBIF","CENPAT-CONICET","CNPICT","Centro Nacional Patagonico - CONICET","1","2004","12"
"24774328","-47.75","-65.8833","AR","ARGENTINA","2004-12-10","Animalia","Chordata","Actinopterygii","Atheriniformes","Atherinopsidae","Odontesthes","Odontesthes smitti","GBIF","CENPAT-CONICET","CNPICTIO","Ocean Biogeographic Information System","2","2004","12"
"52692257","-47.7555","-65.889","AR","ARGENTINA","1972-01-30","Animalia","Chordata","Actinopterygii","Perciformes","Nototheniidae","Patagonotothen","Patagonotothen jordani","GBIF","CENPAT-CONICET","CNPICT","Centro Nacional Patagonico - CONICET","1","1972","1"
"24773638","-47.75","-65.8833","AR","ARGENTINA","1972-01-30","Animalia","Chordata","Actinopterygii","Perciformes","Nototheniidae","Patagonotothen","Patagonotothen jordani","GBIF","CENPAT-CONICET","CNPICTIO","Ocean Biogeographic Information System","2","1972","1"
"24774373","-47.75","-65.8833","AR","ARGENTINA"," ","Animalia","Chordata","Actinopterygii","Perciformes","Nototheniidae","Patagonotothen","Patagonotothen squamiceps","GBIF","CENPAT-CONICET","CNPICTIO","Ocean Biogeographic Information System","4","1968","2"
"52692067","-47.75","-65.883","AR","ARGENTINA"," ","Animalia","Chordata","Actinopterygii","Perciformes","Nototheniidae","Patagonotothen","Patagonotothen squamiceps","GBIF","CENPAT-CONICET","CNPICT","Centro Nacional Patagonico - CONICET","3","1968","2"
"24774378","-47.75","-65.8833","AR","ARGENTINA","1969-12-18","Animalia","Chordata","Actinopterygii","Perciformes","Nototheniidae","Patagonotothen","Patagonotothen squamiceps","GBIF","CENPAT-CONICET","CNPICTIO","Ocean Biogeographic Information System","2","1969","12"
"24774410","-47.75","-65.8833","AR","ARGENTINA","1970-02-26","Animalia","Chordata","Actinopterygii","Perciformes","Nototheniidae","Patagonotothen","Patagonotothen squamiceps","GBIF","CENPAT-CONICET","CNPICTIO","Ocean Biogeographic Information System","2","1970","2"
"52692130","-47.75","-65.883","AR","ARGENTINA","1970-02-26","Animalia","Chordata","Actinopterygii","Perciformes","Nototheniidae","Patagonotothen","Patagonotothen squamiceps","GBIF","CENPAT-CONICET","CNPICT","Centro Nacional Patagonico - CONICET","1","1970","2"
"52692131","-47.7515","-65.935","AR","ARGENTINA","1970-06-02","Animalia","Chordata","Actinopterygii","Perciformes","Nototheniidae","Patagonotothen","Patagonotothen squamiceps","GBIF","CENPAT-CONICET","CNPICT","Centro Nacional Patagonico - CONICET","1","1970","6"
"24774411","-47.75","-65.8833","AR","ARGENTINA","1970-06-02","Animalia","Chordata","Actinopterygii","Perciformes","Nototheniidae","Patagonotothen","Patagonotothen squamiceps","GBIF","CENPAT-CONICET","CNPICTIO","Ocean Biogeographic Information System","2","1970","6"
"52692126","-47.7515","-65.935","AR","ARGENTINA","1970-07-06","Animalia","Chordata","Actinopterygii","Perciformes","Nototheniidae","Patagonotothen","Patagonotothen squamiceps","GBIF","CENPAT-CONICET","CNPICT","Centro Nacional Patagonico - CONICET","2","1970","7"
"216052601","-47.75","-65.9333","AR","ARGENTINA","1970-07-06","Animalia","Chordata","Actinopterygii","Perciformes","Nototheniidae","Patagonotothen","Patagonotothen squamiceps","GBIF","CENPAT-CONICET","CNPICTIO","Centro Nacional Patagonico - CONICET","2","1970","7"
"24774441","-47.75","-65.8833","AR","ARGENTINA","1971-01-26","Animalia","Chordata","Actinopterygii","Perciformes","Nototheniidae","Patagonotothen","Patagonotothen squamiceps","GBIF","CENPAT-CONICET","CNPICTIO","Ocean Biogeographic Information System","2","1971","1"
"24774442","-47.75","-65.8833","AR","ARGENTINA","1971-04-20","Animalia","Chordata","Actinopterygii","Perciformes","Nototheniidae","Patagonotothen","Patagonotothen squamiceps","GBIF","CENPAT-CONICET","CNPICTIO","Ocean Biogeographic Information System","2","1971","4"
"24774443","-47.75","-65.8833","AR","ARGENTINA","1971-05-27","Animalia","Chordata","Actinopterygii","Perciformes","Nototheniidae","Patagonotothen","Patagonotothen squamiceps","GBIF","CENPAT-CONICET","CNPICTIO","Ocean Biogeographic Information System","2","1971","5"
"52692171","-47.75","-65.883","AR","ARGENTINA","1971-05-27","Animalia","Chordata","Actinopterygii","Perciformes","Nototheniidae","Patagonotothen","Patagonotothen squamiceps","GBIF","CENPAT-CONICET","CNPICT","Centro Nacional Patagonico - CONICET","1","1971","5"
"52692088","-54.6622","-65.264","AR","ARGENTINA"," ","Animalia","Chordata","Actinopterygii","Perciformes","Nototheniidae","Patagonotothen","Patagonotothen tessellata","GBIF","CENPAT-CONICET","CNPICT","Centro Nacional Patagonico - CONICET","1","1969","11"
"197710780","-47.9333","-65.95","AR","ARGENTINA","1953-02-01","Animalia","Chordata","Actinopterygii","Perciformes","Sciaenidae","Elattarchus","Elattarchus archidium","GBIF","UBC","305448","Ocean Biogeographic Information System","1","1953","2"
"216053692","-42.4276","-64.6053","AR","ARGENTINA"," ","Animalia","Chordata","Actinopterygii","Batrachoidiformes","Batrachoididae","Triathalassothia","Triathalassothia argentina","GBIF","CENPAT-CONICET","CNPICTIO","Centro Nacional Patagonico - CONICET","1","1980","11"
"216053814","-42.406","-64.6167","AR","ARGENTINA"," ","Animalia","Chordata","Actinopterygii","Batrachoidiformes","Batrachoididae","Triathalassothia","Triathalassothia argentina","GBIF","CENPAT-CONICET","CNPICTIO","Centro Nacional Patagonico - CONICET","1","1997",""
"52692269","-47.7529","-65.968","AR","ARGENTINA","1976-04-14","Animalia","Chordata","Actinopterygii","Batrachoidiformes","Batrachoididae","Triathalassothia","Triathalassothia argentina","GBIF","CENPAT-CONICET","CNPICT","Centro Nacional Patagonico - CONICET","1","1976","4"
"24774494","-47.75","-65.8833","AR","ARGENTINA","1976-04-14","Animalia","Chordata","Actinopterygii","Batrachoidiformes","Batrachoididae","Triathalassothia","Triathalassothia argentina","GBIF","CENPAT-CONICET","CNPICTIO","Ocean Biogeographic Information System","2","1976","4"
"216053694","-42.4276","-64.6053","AR","ARGENTINA","1980-10-08","Animalia","Chordata","Actinopterygii","Batrachoidiformes","Batrachoididae","Triathalassothia","Triathalassothia argentina","GBIF","CENPAT-CONICET","CNPICTIO","Centro Nacional Patagonico - CONICET","1","1980","10"
"52687989","-42.9895","-64.814","AR","ARGENTINA","2001-03-31","Animalia","Chordata","Actinopterygii","Batrachoidiformes","Batrachoididae","Triathalassothia","Triathalassothia argentina","GBIF","CENPAT-CONICET","CNPICT","Centro Nacional Patagonico - CONICET","1","2001","3"
"24773428","-47.75","-65.8833","AR","ARGENTINA","1969-03-08","Animalia","Chordata","Actinopterygii","Perciformes","Nototheniidae","Patagonotothen","Patagonotothen brevicauda","GBIF","CENPAT-CONICET","CNPICTIO","Ocean Biogeographic Information System","2","1969","3"
"52686929","-47.75","-65.883","AR","ARGENTINA","1969-03-08","Animalia","Chordata","Actinopterygii","Perciformes","Nototheniidae","Patagonotothen","Patagonotothen brevicauda","GBIF","CENPAT-CONICET","CNPICT","Centro Nacional Patagonico - CONICET","1","1969","3"
"24773420","-47.75","-65.8833","AR","ARGENTINA","1969-06-04","Animalia","Chordata","Actinopterygii","Perciformes","Nototheniidae","Patagonotothen","Patagonotothen brevicauda","GBIF","CENPAT-CONICET","CNPICTIO","Ocean Biogeographic Information System","2","1969","6"
"52687056","-47.7548","-65.899","AR","ARGENTINA","1972-02-13","Animalia","Chordata","Actinopterygii","Perciformes","Nototheniidae","Patagonotothen","Patagonotothen brevicauda","GBIF","CENPAT-CONICET","CNPICT","Centro Nacional Patagonico - CONICET","1","1972","2"
"24773567","-47.75","-65.8833","AR","ARGENTINA","1972-02-13","Animalia","Chordata","Actinopterygii","Perciformes","Nototheniidae","Patagonotothen","Patagonotothen brevicauda","GBIF","CENPAT-CONICET","CNPICTIO","Ocean Biogeographic Information System","2","1972","2"
"24773583","-47.75","-65.8833","AR","ARGENTINA","1972-03-08","Animalia","Chordata","Actinopterygii","Perciformes","Nototheniidae","Patagonotothen","Patagonotothen brevicauda","GBIF","CENPAT-CONICET","CNPICTIO","Ocean Biogeographic Information System","2","1972","3"
"52687114","-47.75","-65.883","AR","ARGENTINA","1972-03-08","Animalia","Chordata","Actinopterygii","Perciformes","Nototheniidae","Patagonotothen","Patagonotothen brevicauda","GBIF","CENPAT-CONICET","CNPICT","Centro Nacional Patagonico - CONICET","1","1972","3"
"52692361","-42.7167","-65.283","AR","ARGENTINA"," ","Animalia","Chordata","Actinopterygii","Ophidiiformes","Ophidiidae","Raneya","Raneya brasiliensis","GBIF","CENPAT-CONICET","CNPICT","Centro Nacional Patagonico - CONICET","3","1993","10"
"52692266","-42.7167","-65.283","AR","ARGENTINA","1974-07-25","Animalia","Chordata","Actinopterygii","Ophidiiformes","Ophidiidae","Raneya","Raneya brasiliensis","GBIF","CENPAT-CONICET","CNPICT","Centro Nacional Patagonico - CONICET","1","1974","7"
"52692289","-42.7167","-65.283","AR","ARGENTINA","1980-10-18","Animalia","Chordata","Actinopterygii","Ophidiiformes","Ophidiidae","Raneya","Raneya brasiliensis","GBIF","CENPAT-CONICET","CNPICT","Centro Nacional Patagonico - CONICET","1","1980","10"
"52692375","-42.7167","-65.283","AR","ARGENTINA","1993-09-09","Animalia","Chordata","Actinopterygii","Ophidiiformes","Ophidiidae","Raneya","Raneya brasiliensis","GBIF","CENPAT-CONICET","CNPICT","Centro Nacional Patagonico - CONICET","1","1993","9"
"52692727","-42.7167","-65.283","AR","ARGENTINA","1996-12-11","Animalia","Chordata","Actinopterygii","Ophidiiformes","Ophidiidae","Raneya","Raneya brasiliensis","GBIF","CENPAT-CONICET","CNPICT","Centro Nacional Patagonico - CONICET","1","1996","12"
"52692608","-42.7167","-65.283","AR","ARGENTINA","1998-12-16","Animalia","Chordata","Actinopterygii","Ophidiiformes","Ophidiidae","Raneya","Raneya brasiliensis","GBIF","CENPAT-CONICET","CNPICT","Centro Nacional Patagonico - CONICET","1","1998","12"
"197667737","-47.75","-65.9167","AR","ARGENTINA"," ","Animalia","Chordata","Actinopterygii","Perciformes","Zoarcidae","Crossostomus","Crossostomus fasciatus","GBIF","RUSI","717244","Ocean Biogeographic Information System","1","",""
"24773377","-47.75","-65.8833","AR","ARGENTINA","1968-07-23","Animalia","Chordata","Actinopterygii","Perciformes","Zoarcidae","Crossostomus","Crossostomus fasciatus","GBIF","CENPAT-CONICET","CNPICTIO","Ocean Biogeographic Information System","2","1968","7"
"24773426","-47.75","-65.8833","AR","ARGENTINA","1969-04-09","Animalia","Chordata","Actinopterygii","Perciformes","Zoarcidae","Crossostomus","Crossostomus fasciatus","GBIF","CENPAT-CONICET","CNPICTIO","Ocean Biogeographic Information System","2","1969","4"
"52686942","-47.7515","-65.935","AR","ARGENTINA","1969-05-06","Animalia","Chordata","Actinopterygii","Perciformes","Zoarcidae","Crossostomus","Crossostomus fasciatus","GBIF","CENPAT-CONICET","CNPICT","Centro Nacional Patagonico - CONICET","1","1969","5"
"24773425","-47.75","-65.8833","AR","ARGENTINA","1969-05-06","Animalia","Chordata","Actinopterygii","Perciformes","Zoarcidae","Crossostomus","Crossostomus fasciatus","GBIF","CENPAT-CONICET","CNPICTIO","Ocean Biogeographic Information System","2","1969","5"
"24773436","-47.75","-65.8833","AR","ARGENTINA","1969-06-04","Animalia","Chordata","Actinopterygii","Perciformes","Zoarcidae","Crossostomus","Crossostomus fasciatus","GBIF","CENPAT-CONICET","CNPICTIO","Ocean Biogeographic Information System","2","1969","6"
"24773437","-47.75","-65.8833","AR","ARGENTINA","1969-07-23","Animalia","Chordata","Actinopterygii","Perciformes","Zoarcidae","Crossostomus","Crossostomus fasciatus","GBIF","CENPAT-CONICET","CNPICTIO","Ocean Biogeographic Information System","2","1969","7"
"24773427","-47.75","-65.8833","AR","ARGENTINA","1969-09-29","Animalia","Chordata","Actinopterygii","Perciformes","Zoarcidae","Crossostomus","Crossostomus fasciatus","GBIF","CENPAT-CONICET","CNPICTIO","Ocean Biogeographic Information System","2","1969","9"
"24773477","-47.75","-65.8833","AR","ARGENTINA","1970-06-21","Animalia","Chordata","Actinopterygii","Perciformes","Zoarcidae","Crossostomus","Crossostomus fasciatus","GBIF","CENPAT-CONICET","CNPICTIO","Ocean Biogeographic Information System","4","1970","6"
"24773484","-47.75","-65.8833","AR","ARGENTINA","1970-07-07","Animalia","Chordata","Actinopterygii","Perciformes","Zoarcidae","Crossostomus","Crossostomus fasciatus","GBIF","CENPAT-CONICET","CNPICTIO","Ocean Biogeographic Information System","2","1970","7"
"24773487","-47.75","-65.8833","AR","ARGENTINA","1970-07-18","Animalia","Chordata","Actinopterygii","Perciformes","Zoarcidae","Crossostomus","Crossostomus fasciatus","GBIF","CENPAT-CONICET","CNPICTIO","Ocean Biogeographic Information System","4","1970","7"
"24773479","-47.75","-65.8833","AR","ARGENTINA","1970-07-23","Animalia","Chordata","Actinopterygii","Perciformes","Zoarcidae","Crossostomus","Crossostomus fasciatus","GBIF","CENPAT-CONICET","CNPICTIO","Ocean Biogeographic Information System","2","1970","7"
"24773535","-47.75","-65.8833","AR","ARGENTINA","1970-08-18","Animalia","Chordata","Actinopterygii","Perciformes","Zoarcidae","Crossostomus","Crossostomus fasciatus","GBIF","CENPAT-CONICET","CNPICTIO","Ocean Biogeographic Information System","2","1970","8"
"24773488","-47.75","-65.8833","AR","ARGENTINA","1970-09-17","Animalia","Chordata","Actinopterygii","Perciformes","Zoarcidae","Crossostomus","Crossostomus fasciatus","GBIF","CENPAT-CONICET","CNPICTIO","Ocean Biogeographic Information System","2","1970","9"
"24773480","-47.75","-65.8833","AR","ARGENTINA","1970-10-18","Animalia","Chordata","Actinopterygii","Perciformes","Zoarcidae","Crossostomus","Crossostomus fasciatus","GBIF","CENPAT-CONICET","CNPICTIO","Ocean Biogeographic Information System","2","1970","10"
"24773490","-47.75","-65.8833","AR","ARGENTINA","1970-12-11","Animalia","Chordata","Actinopterygii","Perciformes","Zoarcidae","Crossostomus","Crossostomus fasciatus","GBIF","CENPAT-CONICET","CNPICTIO","Ocean Biogeographic Information System","2","1970","12"
"24773489","-47.75","-65.8833","AR","ARGENTINA","1970-12-14","Animalia","Chordata","Actinopterygii","Perciformes","Zoarcidae","Crossostomus","Crossostomus fasciatus","GBIF","CENPAT-CONICET","CNPICTIO","Ocean Biogeographic Information System","2","1970","12"
"24773540","-47.75","-65.8833","AR","ARGENTINA","1971-04-27","Animalia","Chordata","Actinopterygii","Perciformes","Zoarcidae","Crossostomus","Crossostomus fasciatus","GBIF","CENPAT-CONICET","CNPICTIO","Ocean Biogeographic Information System","4","1971","4"
"24773541","-47.75","-65.8833","AR","ARGENTINA","1971-05-06","Animalia","Chordata","Actinopterygii","Perciformes","Zoarcidae","Crossostomus","Crossostomus fasciatus","GBIF","CENPAT-CONICET","CNPICTIO","Ocean Biogeographic Information System","2","1971","5"
"24773585","-47.75","-65.8833","AR","ARGENTINA","1972-01-04","Animalia","Chordata","Actinopterygii","Perciformes","Zoarcidae","Crossostomus","Crossostomus fasciatus","GBIF","CENPAT-CONICET","CNPICTIO","Ocean Biogeographic Information System","2","1972","1"
"24773623","-47.75","-65.8833","AR","ARGENTINA","1972-03-20","Animalia","Chordata","Actinopterygii","Perciformes","Zoarcidae","Crossostomus","Crossostomus fasciatus","GBIF","CENPAT-CONICET","CNPICTIO","Ocean Biogeographic Information System","2","1972","3"
"52687086","-47.7515","-65.935","AR","ARGENTINA","1972-04-15","Animalia","Chordata","Actinopterygii","Perciformes","Zoarcidae","Crossostomus","Crossostomus fasciatus","GBIF","CENPAT-CONICET","CNPICT","Centro Nacional Patagonico - CONICET","1","1972","4"
"219051594","-47.75","-65.9167","AR","ARGENTINA","1972-04-15","Animalia","Chordata","Actinopterygii","Perciformes","Zoarcidae","Crossostomus","Crossostomus fasciatus","GBIF","FishBase","Occurrence","FishBase","1","1972","4"
"24883968","-47.75","-65.9167","AR","ARGENTINA","1972-04-15","Animalia","Chordata","Actinopterygii","Gadiformes","Zoarcidae","Crossostomus","Crossostomus fasciatus","GBIF","SAIAB","SAIAB","Ocean Biogeographic Information System","3","1972","4"
"24773617","-47.75","-65.8833","AR","ARGENTINA","1972-04-15","Animalia","Chordata","Actinopterygii","Perciformes","Zoarcidae","Crossostomus","Crossostomus fasciatus","GBIF","CENPAT-CONICET","CNPICTIO","Ocean Biogeographic Information System","4","1972","4"
"52687087","-47.75","-65.883","AR","ARGENTINA","1972-04-15","Animalia","Chordata","Actinopterygii","Perciformes","Zoarcidae","Crossostomus","Crossostomus fasciatus","GBIF","CENPAT-CONICET","CNPICT","Centro Nacional Patagonico - CONICET","1","1972","4"
"24773600","-47.75","-65.8833","AR","ARGENTINA","1972-04-17","Animalia","Chordata","Actinopterygii","Perciformes","Zoarcidae","Crossostomus","Crossostomus fasciatus","GBIF","CENPAT-CONICET","CNPICTIO","Ocean Biogeographic Information System","2","1972","4"
"24773601","-47.75","-65.8833","AR","ARGENTINA","1972-04-18","Animalia","Chordata","Actinopterygii","Perciformes","Zoarcidae","Crossostomus","Crossostomus fasciatus","GBIF","CENPAT-CONICET","CNPICTIO","Ocean Biogeographic Information System","2","1972","4"
"52687085","-47.7515","-65.935","AR","ARGENTINA","1972-05-15","Animalia","Chordata","Actinopterygii","Perciformes","Zoarcidae","Crossostomus","Crossostomus fasciatus","GBIF","CENPAT-CONICET","CNPICT","Centro Nacional Patagonico - CONICET","1","1972","5"
"24773616","-47.75","-65.8833","AR","ARGENTINA","1972-05-15","Animalia","Chordata","Actinopterygii","Perciformes","Zoarcidae","Crossostomus","Crossostomus fasciatus","GBIF","CENPAT-CONICET","CNPICTIO","Ocean Biogeographic Information System","2","1972","5"
"24773619","-47.75","-65.8833","AR","ARGENTINA","1972-06-13","Animalia","Chordata","Actinopterygii","Perciformes","Zoarcidae","Crossostomus","Crossostomus fasciatus","GBIF","CENPAT-CONICET","CNPICTIO","Ocean Biogeographic Information System","2","1972","6"
"24773620","-47.75","-65.8833","AR","ARGENTINA","1972-06-14","Animalia","Chordata","Actinopterygii","Perciformes","Zoarcidae","Crossostomus","Crossostomus fasciatus","GBIF","CENPAT-CONICET","CNPICTIO","Ocean Biogeographic Information System","2","1972","6"
"219051599","-47.7","-65.9167","AR","ARGENTINA","1972-06-14","Animalia","Chordata","Actinopterygii","Perciformes","Zoarcidae","Crossostomus","Crossostomus fasciatus","GBIF","FishBase","Occurrence","FishBase","1","1972","6"
"24773602","-47.75","-65.8833","AR","ARGENTINA","1972-06-16","Animalia","Chordata","Actinopterygii","Perciformes","Zoarcidae","Crossostomus","Crossostomus fasciatus","GBIF","CENPAT-CONICET","CNPICTIO","Ocean Biogeographic Information System","2","1972","6"
"24773654","-54.7833","-68.25","AR","ARGENTINA","1974-12-30","Animalia","Chordata","Actinopterygii","Perciformes","Zoarcidae","Crossostomus","Crossostomus chilensis","GBIF","CENPAT-CONICET","CNPICTIO","Ocean Biogeographic Information System","2","1974","12"
"197554386","-54.8833","-67.2333","AR","ARGENTINA"," ","Animalia","Chordata","Actinopterygii","Perciformes","Zoarcidae","Austrolycus","Austrolycus depressiceps","GBIF","IIPB","997708","Ocean Biogeographic Information System","2","",""
"52686947","-54.6622","-65.264","AR","ARGENTINA"," ","Animalia","Chordata","Actinopterygii","Perciformes","Zoarcidae","Austrolycus","Austrolycus depressiceps","GBIF","CENPAT-CONICET","CNPICT","Centro Nacional Patagonico - CONICET","1","1969","10"
"24773351","-47.75","-65.8833","AR","ARGENTINA","1962-06-06","Animalia","Chordata","Actinopterygii","Perciformes","Zoarcidae","Austrolycus","Austrolycus depressiceps","GBIF","CENPAT-CONICET","CNPICTIO","Ocean Biogeographic Information System","2","1962","6"
"24773360","-54.7833","-68.25","AR","ARGENTINA","1963-04-17","Animalia","Chordata","Actinopterygii","Perciformes","Zoarcidae","Austrolycus","Austrolycus depressiceps","GBIF","CENPAT-CONICET","CNPICTIO","Ocean Biogeographic Information System","2","1963","4"
"24773379","-54.7833","-68.25","AR","ARGENTINA","1968-11-23","Animalia","Chordata","Actinopterygii","Perciformes","Zoarcidae","Austrolycus","Austrolycus depressiceps","GBIF","CENPAT-CONICET","CNPICTIO","Ocean Biogeographic Information System","2","1968","11"
"24872359","-47.75","-65.9167","AR","ARGENTINA","1972-03-20","Animalia","Chordata","Actinopterygii","Gadiformes","Zoarcidae","Austrolycus","Austrolycus depressiceps","GBIF","SAIAB","SAIAB","Ocean Biogeographic Information System","3","1972","3"
"24773645","-54.7833","-68.25","AR","ARGENTINA","1974-11-15","Animalia","Chordata","Actinopterygii","Perciformes","Zoarcidae","Austrolycus","Austrolycus depressiceps","GBIF","CENPAT-CONICET","CNPICTIO","Ocean Biogeographic Information System","2","1974","11"
"24773644","-54.7833","-68.25","AR","ARGENTINA","1974-12-30","Animalia","Chordata","Actinopterygii","Perciformes","Zoarcidae","Austrolycus","Austrolycus depressiceps","GBIF","CENPAT-CONICET","CNPICTIO","Ocean Biogeographic Information System","2","1974","12"
"216052820","-54.4747","-66.4706","AR","ARGENTINA","1976-02-13","Animalia","Chordata","Actinopterygii","Perciformes","Zoarcidae","Austrolycus","Austrolycus depressiceps","GBIF","CENPAT-CONICET","CNPICTIO","Centro Nacional Patagonico - CONICET","1","1976","2"
"52687623","-42.244","-64.229","AR","ARGENTINA","1995-06-16","Animalia","Chordata","Actinopterygii","Perciformes","Zoarcidae","Austrolycus","Austrolycus depressiceps","GBIF","CENPAT-CONICET","CNPICT","Centro Nacional Patagonico - CONICET","1","1995","6"
"216053177","-42.238","-64.244","AR","ARGENTINA","1995-06-16","Animalia","Chordata","Actinopterygii","Perciformes","Zoarcidae","Austrolycus","Austrolycus depressiceps","GBIF","CENPAT-CONICET","CNPICTIO","Centro Nacional Patagonico - CONICET","1","1995","6"
"52686987","-47.7515","-65.935","AR","ARGENTINA"," ","Animalia","Chordata","Actinopterygii","Perciformes","Zoarcidae","Austrolycus","Austrolycus laticinctus","GBIF","CENPAT-CONICET","CNPICT","Centro Nacional Patagonico - CONICET","1","1970","5"
"52686949","-47.7501","-65.941","AR","ARGENTINA"," ","Animalia","Chordata","Actinopterygii","Perciformes","Zoarcidae","Austrolycus","Austrolycus laticinctus","GBIF","CENPAT-CONICET","CNPICT","Centro Nacional Patagonico - CONICET","2","1969","5"
"24773433","-47.75","-65.8833","AR","ARGENTINA"," ","Animalia","Chordata","Actinopterygii","Perciformes","Zoarcidae","Austrolycus","Austrolycus laticinctus","GBIF","CENPAT-CONICET","CNPICTIO","Ocean Biogeographic Information System","6","1969","5"
"52686936","-47.7515","-65.935","AR","ARGENTINA","1969-03-08","Animalia","Chordata","Actinopterygii","Perciformes","Zoarcidae","Austrolycus","Austrolycus laticinctus","GBIF","CENPAT-CONICET","CNPICT","Centro Nacional Patagonico - CONICET","1","1969","3"
"24773418","-47.75","-65.8833","AR","ARGENTINA","1969-03-08","Animalia","Chordata","Actinopterygii","Perciformes","Zoarcidae","Austrolycus","Austrolycus laticinctus","GBIF","CENPAT-CONICET","CNPICTIO","Ocean Biogeographic Information System","2","1969","3"
"24773434","-47.75","-65.8833","AR","ARGENTINA","1969-03-18","Animalia","Chordata","Actinopterygii","Perciformes","Zoarcidae","Austrolycus","Austrolycus laticinctus","GBIF","CENPAT-CONICET","CNPICTIO","Ocean Biogeographic Information System","2","1969","3"
"52686956","-47.7515","-65.935","AR","ARGENTINA","1969-05-06","Animalia","Chordata","Actinopterygii","Perciformes","Zoarcidae","Austrolycus","Austrolycus laticinctus","GBIF","CENPAT-CONICET","CNPICT","Centro Nacional Patagonico - CONICET","1","1969","5"
"24773440","-47.75","-65.8833","AR","ARGENTINA","1969-05-06","Animalia","Chordata","Actinopterygii","Perciformes","Zoarcidae","Austrolycus","Austrolycus laticinctus","GBIF","CENPAT-CONICET","CNPICTIO","Ocean Biogeographic Information System","2","1969","5"
"52686934","-47.7515","-65.935","AR","ARGENTINA","1969-06-03","Animalia","Chordata","Actinopterygii","Perciformes","Zoarcidae","Austrolycus","Austrolycus laticinctus","GBIF","CENPAT-CONICET","CNPICT","Centro Nacional Patagonico - CONICET","2","1969","6"
"24773416","-47.75","-65.8833","AR","ARGENTINA","1969-06-03","Animalia","Chordata","Actinopterygii","Perciformes","Zoarcidae","Austrolycus","Austrolycus laticinctus","GBIF","CENPAT-CONICET","CNPICTIO","Ocean Biogeographic Information System","4","1969","6"
"24773439","-47.75","-65.8833","AR","ARGENTINA","1969-06-06","Animalia","Chordata","Actinopterygii","Perciformes","Zoarcidae","Austrolycus","Austrolycus laticinctus","GBIF","CENPAT-CONICET","CNPICTIO","Ocean Biogeographic Information System","2","1969","6"
"52686954","-47.7501","-65.941","AR","ARGENTINA","1969-07-17","Animalia","Chordata","Actinopterygii","Perciformes","Zoarcidae","Austrolycus","Austrolycus laticinctus","GBIF","CENPAT-CONICET","CNPICT","Centro Nacional Patagonico - CONICET","1","1969","7"
"24773438","-47.75","-65.8833","AR","ARGENTINA","1969-07-17","Animalia","Chordata","Actinopterygii","Perciformes","Zoarcidae","Austrolycus","Austrolycus laticinctus","GBIF","CENPAT-CONICET","CNPICTIO","Ocean Biogeographic Information System","2","1969","7"
"52686933","-47.7515","-65.935","AR","ARGENTINA","1969-07-27","Animalia","Chordata","Actinopterygii","Perciformes","Zoarcidae","Austrolycus","Austrolycus laticinctus","GBIF","CENPAT-CONICET","CNPICT","Centro Nacional Patagonico - CONICET","1","1969","7"
"24773415","-47.75","-65.8833","AR","ARGENTINA","1969-07-27","Animalia","Chordata","Actinopterygii","Perciformes","Zoarcidae","Austrolycus","Austrolycus laticinctus","GBIF","CENPAT-CONICET","CNPICTIO","Ocean Biogeographic Information System","2","1969","7"
"52686941","-47.7515","-65.935","AR","ARGENTINA","1969-09-15","Animalia","Chordata","Actinopterygii","Perciformes","Zoarcidae","Austrolycus","Austrolycus laticinctus","GBIF","CENPAT-CONICET","CNPICT","Centro Nacional Patagonico - CONICET","1","1969","9"
"24773424","-47.75","-65.8833","AR","ARGENTINA","1969-09-15","Animalia","Chordata","Actinopterygii","Perciformes","Zoarcidae","Austrolycus","Austrolycus laticinctus","GBIF","CENPAT-CONICET","CNPICTIO","Ocean Biogeographic Information System","2","1969","9"
"52686985","-47.7515","-65.935","AR","ARGENTINA","1970-01-20","Animalia","Chordata","Actinopterygii","Perciformes","Zoarcidae","Austrolycus","Austrolycus laticinctus","GBIF","CENPAT-CONICET","CNPICT","Centro Nacional Patagonico - CONICET","1","1970","1"
"24773473","-47.75","-65.8833","AR","ARGENTINA","1970-01-20","Animalia","Chordata","Actinopterygii","Perciformes","Zoarcidae","Austrolycus","Austrolycus laticinctus","GBIF","CENPAT-CONICET","CNPICTIO","Ocean Biogeographic Information System","2","1970","1"
"52686986","-47.7515","-65.935","AR","ARGENTINA","1970-02-13","Animalia","Chordata","Actinopterygii","Perciformes","Zoarcidae","Austrolycus","Austrolycus laticinctus","GBIF","CENPAT-CONICET","CNPICT","Centro Nacional Patagonico - CONICET","1","1970","2"
"24773474","-47.75","-65.8833","AR","ARGENTINA","1970-02-13","Animalia","Chordata","Actinopterygii","Perciformes","Zoarcidae","Austrolycus","Austrolycus laticinctus","GBIF","CENPAT-CONICET","CNPICTIO","Ocean Biogeographic Information System","2","1970","2"
"52686988","-47.7515","-65.935","AR","ARGENTINA","1970-02-27","Animalia","Chordata","Actinopterygii","Perciformes","Zoarcidae","Austrolycus","Austrolycus laticinctus","GBIF","CENPAT-CONICET","CNPICT","Centro Nacional Patagonico - CONICET","1","1970","2"
"24773476","-47.75","-65.8833","AR","ARGENTINA","1970-02-27","Animalia","Chordata","Actinopterygii","Perciformes","Zoarcidae","Austrolycus","Austrolycus laticinctus","GBIF","CENPAT-CONICET","CNPICTIO","Ocean Biogeographic Information System","2","1970","2"
"52687038","-47.7515","-65.935","AR","ARGENTINA","1971-10-07","Animalia","Chordata","Actinopterygii","Perciformes","Zoarcidae","Austrolycus","Austrolycus laticinctus","GBIF","CENPAT-CONICET","CNPICT","Centro Nacional Patagonico - CONICET","1","1971","10"
"24773539","-47.75","-65.8833","AR","ARGENTINA","1971-10-07","Animalia","Chordata","Actinopterygii","Perciformes","Zoarcidae","Austrolycus","Austrolycus laticinctus","GBIF","CENPAT-CONICET","CNPICTIO","Ocean Biogeographic Information System","2","1971","10"
"52687064","-47.7515","-65.935","AR","ARGENTINA","1972-03-13","Animalia","Chordata","Actinopterygii","Perciformes","Zoarcidae","Austrolycus","Austrolycus laticinctus","GBIF","CENPAT-CONICET","CNPICT","Centro Nacional Patagonico - CONICET","1","1972","3"
"24773595","-47.75","-65.8833","AR","ARGENTINA","1972-03-13","Animalia","Chordata","Actinopterygii","Perciformes","Zoarcidae","Austrolycus","Austrolycus laticinctus","GBIF","CENPAT-CONICET","CNPICTIO","Ocean Biogeographic Information System","2","1972","3"
"24773592","-47.75","-65.8833","AR","ARGENTINA","1972-03-20","Animalia","Chordata","Actinopterygii","Perciformes","Zoarcidae","Austrolycus","Austrolycus laticinctus","GBIF","CENPAT-CONICET","CNPICTIO","Ocean Biogeographic Information System","2","1972","3"
"52687061","-47.75","-65.883","AR","ARGENTINA","1972-03-20","Animalia","Chordata","Actinopterygii","Perciformes","Zoarcidae","Austrolycus","Austrolycus laticinctus","GBIF","CENPAT-CONICET","CNPICT","Centro Nacional Patagonico - CONICET","1","1972","3"
"52687065","-47.7515","-65.935","AR","ARGENTINA","1972-04-10","Animalia","Chordata","Actinopterygii","Perciformes","Zoarcidae","Austrolycus","Austrolycus laticinctus","GBIF","CENPAT-CONICET","CNPICT","Centro Nacional Patagonico - CONICET","1","1972","4"
"24773596","-47.75","-65.8833","AR","ARGENTINA","1972-04-10","Animalia","Chordata","Actinopterygii","Perciformes","Zoarcidae","Austrolycus","Austrolycus laticinctus","GBIF","CENPAT-CONICET","CNPICTIO","Ocean Biogeographic Information System","2","1972","4"
"24773591","-47.75","-65.8833","AR","ARGENTINA","1972-04-17","Animalia","Chordata","Actinopterygii","Perciformes","Zoarcidae","Austrolycus","Austrolycus laticinctus","GBIF","CENPAT-CONICET","CNPICTIO","Ocean Biogeographic Information System","2","1972","4"
"52687060","-47.75","-65.883","AR","ARGENTINA","1972-04-17","Animalia","Chordata","Actinopterygii","Perciformes","Zoarcidae","Austrolycus","Austrolycus laticinctus","GBIF","CENPAT-CONICET","CNPICT","Centro Nacional Patagonico - CONICET","1","1972","4"
"24773586","-47.75","-65.88","AR","ARGENTINA","1972-04-17","Animalia","Chordata","Actinopterygii","Perciformes","Zoarcidae","Austrolycus","Austrolycus laticinctus","GBIF","CENPAT-CONICET","CNPICTIO","Ocean Biogeographic Information System","2","1972","4"
"24773598","-47.75","-65.8833","AR","ARGENTINA","1972-05-15","Animalia","Chordata","Actinopterygii","Perciformes","Zoarcidae","Austrolycus","Austrolycus laticinctus","GBIF","CENPAT-CONICET","CNPICTIO","Ocean Biogeographic Information System","2","1972","5"
"52687067","-47.75","-65.883","AR","ARGENTINA","1972-05-15","Animalia","Chordata","Actinopterygii","Perciformes","Zoarcidae","Austrolycus","Austrolycus laticinctus","GBIF","CENPAT-CONICET","CNPICT","Centro Nacional Patagonico - CONICET","1","1972","5"
"24773597","-47.75","-65.8833","AR","ARGENTINA","1972-05-17","Animalia","Chordata","Actinopterygii","Perciformes","Zoarcidae","Austrolycus","Austrolycus laticinctus","GBIF","CENPAT-CONICET","CNPICTIO","Ocean Biogeographic Information System","2","1972","5"
"24773599","-47.75","-65.8833","AR","ARGENTINA","1972-06-13","Animalia","Chordata","Actinopterygii","Perciformes","Zoarcidae","Austrolycus","Austrolycus laticinctus","GBIF","CENPAT-CONICET","CNPICTIO","Ocean Biogeographic Information System","2","1972","6"
"24773593","-47.75","-65.8833","AR","ARGENTINA","1972-07-15","Animalia","Chordata","Actinopterygii","Perciformes","Zoarcidae","Austrolycus","Austrolycus laticinctus","GBIF","CENPAT-CONICET","CNPICTIO","Ocean Biogeographic Information System","2","1972","7"
"52687062","-47.75","-65.883","AR","ARGENTINA","1972-07-15","Animalia","Chordata","Actinopterygii","Perciformes","Zoarcidae","Austrolycus","Austrolycus laticinctus","GBIF","CENPAT-CONICET","CNPICT","Centro Nacional Patagonico - CONICET","1","1972","7"
"52687093","-47.7515","-65.935","AR","ARGENTINA","1972-11-06","Animalia","Chordata","Actinopterygii","Perciformes","Zoarcidae","Austrolycus","Austrolycus laticinctus","GBIF","CENPAT-CONICET","CNPICT","Centro Nacional Patagonico - CONICET","1","1972","11"
"24773631","-47.75","-65.8833","AR","ARGENTINA","1972-11-06","Animalia","Chordata","Actinopterygii","Perciformes","Zoarcidae","Austrolycus","Austrolycus laticinctus","GBIF","CENPAT-CONICET","CNPICTIO","Ocean Biogeographic Information System","2","1972","11"
"24773594","-47.75","-65.8833","AR","ARGENTINA","1972-11-22","Animalia","Chordata","Actinopterygii","Perciformes","Zoarcidae","Austrolycus","Austrolycus laticinctus","GBIF","CENPAT-CONICET","CNPICTIO","Ocean Biogeographic Information System","2","1972","11"
"52687063","-47.75","-65.883","AR","ARGENTINA","1972-11-22","Animalia","Chordata","Actinopterygii","Perciformes","Zoarcidae","Austrolycus","Austrolycus laticinctus","GBIF","CENPAT-CONICET","CNPICT","Centro Nacional Patagonico - CONICET","1","1972","11"
"24774894","-49","-68.9667","AR","ARGENTINA","1978-04-28","Animalia","Chordata","Actinopterygii","Perciformes","Zoarcidae","Austrolycus","Austrolycus laticinctus","GBIF","CENPAT-CONICET","CNP-PECES","Ocean Biogeographic Information System","1","1978","4"
"24773966","-47.75","-65.8833","AR","ARGENTINA","1991-12-19","Animalia","Chordata","Actinopterygii","Perciformes","Zoarcidae","Austrolycus","Austrolycus laticinctus","GBIF","CENPAT-CONICET","CNPICTIO","Ocean Biogeographic Information System","2","1991","12"
"52687478","-47.75","-65.883","AR","ARGENTINA","1991-12-19","Animalia","Chordata","Actinopterygii","Perciformes","Zoarcidae","Austrolycus","Austrolycus laticinctus","GBIF","CENPAT-CONICET","CNPICT","Centro Nacional Patagonico - CONICET","1","1991","12"
"24872547","-43.3333","-65.0667","AR","ARGENTINA","1997-04-08","Animalia","Chordata","Actinopterygii","Gadiformes","Zoarcidae","Austrolycus","Austrolycus laticinctus","GBIF","SAIAB","SAIAB","Ocean Biogeographic Information System","1","1997","4"
"52687912","-47.7515","-65.935","AR","ARGENTINA","2004-12-10","Animalia","Chordata","Actinopterygii","Perciformes","Zoarcidae","Austrolycus","Austrolycus laticinctus","GBIF","CENPAT-CONICET","CNPICT","Centro Nacional Patagonico - CONICET","1","2004","12"
"24774326","-47.75","-65.8833","AR","ARGENTINA","2004-12-10","Animalia","Chordata","Actinopterygii","Perciformes","Zoarcidae","Austrolycus","Austrolycus laticinctus","GBIF","CENPAT-CONICET","CNPICTIO","Ocean Biogeographic Information System","2","2004","12"
"24774123","-54.7833","-68.25","AR","ARGENTINA"," ","Animalia","Chordata","Actinopterygii","Scorpaeniformes","Agonidae","Agonopsis","Agonopsis chiloensis","GBIF","CENPAT-CONICET","CNPICTIO","Ocean Biogeographic Information System","2","1996","10"
"24773404","-47.75","-65.8833","AR","ARGENTINA"," ","Animalia","Chordata","Actinopterygii","Scorpaeniformes","Agonidae","Agonopsis","Agonopsis chiloensis","GBIF","CENPAT-CONICET","CNPICTIO","Ocean Biogeographic Information System","2","1968","2"
"52686925","-47.75","-65.883","AR","ARGENTINA"," ","Animalia","Chordata","Actinopterygii","Scorpaeniformes","Agonidae","Agonopsis","Agonopsis chiloensis","GBIF","CENPAT-CONICET","CNPICT","Centro Nacional Patagonico - CONICET","1","1968","2"
"238934533","-42.7333","-65.027","AR","ARGENTINA","2006-02-28","Animalia","Chordata","Actinopterygii","Scorpaeniformes","Agonidae","Agonopsis","Agonopsis chiloensis","GBIF","CENPAT-CONICET","CNPICT","Centro Nacional Patagonico - CONICET","1","2006","2"
"24773448","-47.75","-65.8833","AR","ARGENTINA"," ","Animalia","Chordata","Actinopterygii","Perciformes","Zoarcidae","Iluocoetes","Iluocoetes fimbriatus","GBIF","CENPAT-CONICET","CNPICTIO","Ocean Biogeographic Information System","4","1969",""
"52686930","-47.75","-65.883","AR","ARGENTINA"," ","Animalia","Chordata","Actinopterygii","Perciformes","Zoarcidae","Iluocoetes","Iluocoetes fimbriatus","GBIF","CENPAT-CONICET","CNPICT","Centro Nacional Patagonico - CONICET","2","1969",""
"216053239","-42.406","-64.6167","AR","ARGENTINA"," ","Animalia","Chordata","Actinopterygii","Perciformes","Zoarcidae","Iluocoetes","Iluocoetes fimbriatus","GBIF","CENPAT-CONICET","CNPICTIO","Centro Nacional Patagonico - CONICET","1","1997","1"
"24773355","-54.7833","-68.25","AR","ARGENTINA","1963-03-27","Animalia","Chordata","Actinopterygii","Perciformes","Zoarcidae","Iluocoetes","Iluocoetes fimbriatus","GBIF","CENPAT-CONICET","CNPICTIO","Ocean Biogeographic Information System","2","1963","3"
"52686931","-47.7515","-65.935","AR","ARGENTINA","1969-04-08","Animalia","Chordata","Actinopterygii","Perciformes","Zoarcidae","Iluocoetes","Iluocoetes fimbriatus","GBIF","CENPAT-CONICET","CNPICT","Centro Nacional Patagonico - CONICET","1","1969","4"
"24773457","-47.75","-65.8833","AR","ARGENTINA","1969-04-08","Animalia","Chordata","Actinopterygii","Perciformes","Zoarcidae","Iluocoetes","Iluocoetes fimbriatus","GBIF","CENPAT-CONICET","CNPICTIO","Ocean Biogeographic Information System","2","1969","4"
"24773468","-47.75","-65.8833","AR","ARGENTINA","1969-06-03","Animalia","Chordata","Actinopterygii","Perciformes","Zoarcidae","Iluocoetes","Iluocoetes fimbriatus","GBIF","CENPAT-CONICET","CNPICTIO","Ocean Biogeographic Information System","2","1969","6"
"24773652","-54.7833","-68.25","AR","ARGENTINA","1974-12-30","Animalia","Chordata","Actinopterygii","Perciformes","Zoarcidae","Iluocoetes","Iluocoetes fimbriatus","GBIF","CENPAT-CONICET","CNPICTIO","Ocean Biogeographic Information System","2","1974","12"
"216052690","-47.7539","-65.9892","AR","ARGENTINA"," ","Animalia","Chordata","Actinopterygii","Perciformes","Zoarcidae","Phucocoetes","Phucocoetes latitans","GBIF","CENPAT-CONICET","CNPICTIO","Centro Nacional Patagonico - CONICET","1","1971","2"
"197966192","-47.75","-65.9167","AR","ARGENTINA"," ","Animalia","Chordata","Actinopterygii","Perciformes","Zoarcidae","Phucocoetes","Phucocoetes latitans","GBIF","RUSI","717733","Ocean Biogeographic Information System","1","",""
"24774368","-47.75","-65.8833","AR","ARGENTINA"," ","Animalia","Chordata","Actinopterygii","Perciformes","Zoarcidae","Phucocoetes","Phucocoetes latitans","GBIF","CENPAT-CONICET","CNPICTIO","Ocean Biogeographic Information System","2","1968","2"
"52692066","-47.75","-65.883","AR","ARGENTINA"," ","Animalia","Chordata","Actinopterygii","Perciformes","Zoarcidae","Phucocoetes","Phucocoetes latitans","GBIF","CENPAT-CONICET","CNPICT","Centro Nacional Patagonico - CONICET","1","1968","2"
"52692068","-47.7515","-65.935","AR","ARGENTINA","1968-07-19","Animalia","Chordata","Actinopterygii","Perciformes","Zoarcidae","Phucocoetes","Phucocoetes latitans","GBIF","CENPAT-CONICET","CNPICT","Centro Nacional Patagonico - CONICET","1","1968","7"
"24774351","-47.75","-65.8833","AR","ARGENTINA","1968-07-19","Animalia","Chordata","Actinopterygii","Perciformes","Zoarcidae","Phucocoetes","Phucocoetes latitans","GBIF","CENPAT-CONICET","CNPICTIO","Ocean Biogeographic Information System","2","1968","7"
"52692065","-47.7515","-65.935","AR","ARGENTINA","1968-09-19","Animalia","Chordata","Actinopterygii","Perciformes","Zoarcidae","Phucocoetes","Phucocoetes latitans","GBIF","CENPAT-CONICET","CNPICT","Centro Nacional Patagonico - CONICET","1","1968","9"
"24774363","-47.75","-65.8833","AR","ARGENTINA","1968-09-19","Animalia","Chordata","Actinopterygii","Perciformes","Zoarcidae","Phucocoetes","Phucocoetes latitans","GBIF","CENPAT-CONICET","CNPICTIO","Ocean Biogeographic Information System","2","1968","9"
"52692064","-47.7515","-65.935","AR","ARGENTINA","1968-12-03","Animalia","Chordata","Actinopterygii","Perciformes","Zoarcidae","Phucocoetes","Phucocoetes latitans","GBIF","CENPAT-CONICET","CNPICT","Centro Nacional Patagonico - CONICET","1","1968","12"
"24774359","-47.75","-65.8833","AR","ARGENTINA","1968-12-03","Animalia","Chordata","Actinopterygii","Perciformes","Zoarcidae","Phucocoetes","Phucocoetes latitans","GBIF","CENPAT-CONICET","CNPICTIO","Ocean Biogeographic Information System","2","1968","12"
"52692100","-47.7515","-65.935","AR","ARGENTINA","1969-06-11","Animalia","Chordata","Actinopterygii","Perciformes","Zoarcidae","Phucocoetes","Phucocoetes latitans","GBIF","CENPAT-CONICET","CNPICT","Centro Nacional Patagonico - CONICET","1","1969","6"
"24774383","-47.75","-65.8833","AR","ARGENTINA","1969-06-11","Animalia","Chordata","Actinopterygii","Perciformes","Zoarcidae","Phucocoetes","Phucocoetes latitans","GBIF","CENPAT-CONICET","CNPICTIO","Ocean Biogeographic Information System","2","1969","6"
"52692099","-47.7515","-65.935","AR","ARGENTINA","1969-07-17","Animalia","Chordata","Actinopterygii","Perciformes","Zoarcidae","Phucocoetes","Phucocoetes latitans","GBIF","CENPAT-CONICET","CNPICT","Centro Nacional Patagonico - CONICET","1","1969","7"
"24774382","-47.75","-65.8833","AR","ARGENTINA","1969-07-17","Animalia","Chordata","Actinopterygii","Perciformes","Zoarcidae","Phucocoetes","Phucocoetes latitans","GBIF","CENPAT-CONICET","CNPICTIO","Ocean Biogeographic Information System","2","1969","7"
"24774449","-47.75","-65.8833","AR","ARGENTINA","1971-05-27","Animalia","Chordata","Actinopterygii","Perciformes","Zoarcidae","Phucocoetes","Phucocoetes latitans","GBIF","CENPAT-CONICET","CNPICTIO","Ocean Biogeographic Information System","2","1971","5"
"52692166","-47.751","-65.928","AR","ARGENTINA","1971-10-07","Animalia","Chordata","Actinopterygii","Perciformes","Zoarcidae","Phucocoetes","Phucocoetes latitans","GBIF","CENPAT-CONICET","CNPICT","Centro Nacional Patagonico - CONICET","1","1971","10"
"24774453","-47.75","-65.8833","AR","ARGENTINA","1971-10-07","Animalia","Chordata","Actinopterygii","Perciformes","Zoarcidae","Phucocoetes","Phucocoetes latitans","GBIF","CENPAT-CONICET","CNPICTIO","Ocean Biogeographic Information System","2","1971","10"
"52692211","-47.7515","-65.935","AR","ARGENTINA","1972-02-18","Animalia","Chordata","Actinopterygii","Perciformes","Zoarcidae","Phucocoetes","Phucocoetes latitans","GBIF","CENPAT-CONICET","CNPICT","Centro Nacional Patagonico - CONICET","1","1972","2"
"24774465","-47.75","-65.8833","AR","ARGENTINA","1972-02-18","Animalia","Chordata","Actinopterygii","Perciformes","Zoarcidae","Phucocoetes","Phucocoetes latitans","GBIF","CENPAT-CONICET","CNPICTIO","Ocean Biogeographic Information System","2","1972","2"
"24774461","-47.75","-65.8833","AR","ARGENTINA","1972-04-15","Animalia","Chordata","Actinopterygii","Perciformes","Zoarcidae","Phucocoetes","Phucocoetes latitans","GBIF","CENPAT-CONICET","CNPICTIO","Ocean Biogeographic Information System","4","1972","4"
"52692214","-47.75","-65.883","AR","ARGENTINA","1972-04-15","Animalia","Chordata","Actinopterygii","Perciformes","Zoarcidae","Phucocoetes","Phucocoetes latitans","GBIF","CENPAT-CONICET","CNPICT","Centro Nacional Patagonico - CONICET","1","1972","4"
"24774462","-47.75","-65.8833","AR","ARGENTINA","1972-05-15","Animalia","Chordata","Actinopterygii","Perciformes","Zoarcidae","Phucocoetes","Phucocoetes latitans","GBIF","CENPAT-CONICET","CNPICTIO","Ocean Biogeographic Information System","2","1972","5"
"24774459","-47.75","-65.8833","AR","ARGENTINA","1972-05-17","Animalia","Chordata","Actinopterygii","Perciformes","Zoarcidae","Phucocoetes","Phucocoetes latitans","GBIF","CENPAT-CONICET","CNPICTIO","Ocean Biogeographic Information System","2","1972","5"
"52692230","-47.7501","-65.891","AR","ARGENTINA","1972-05-19","Animalia","Chordata","Actinopterygii","Perciformes","Zoarcidae","Phucocoetes","Phucocoetes latitans","GBIF","CENPAT-CONICET","CNPICT","Centro Nacional Patagonico - CONICET","1","1972","5"
"24774480","-47.75","-65.8833","AR","ARGENTINA","1972-05-19","Animalia","Chordata","Actinopterygii","Perciformes","Zoarcidae","Phucocoetes","Phucocoetes latitans","GBIF","CENPAT-CONICET","CNPICTIO","Ocean Biogeographic Information System","2","1972","5"
"52692203","-47.7501","-65.891","AR","ARGENTINA","1972-06-13","Animalia","Chordata","Actinopterygii","Perciformes","Zoarcidae","Phucocoetes","Phucocoetes latitans","GBIF","CENPAT-CONICET","CNPICT","Centro Nacional Patagonico - CONICET","1","1972","6"
"24774460","-47.75","-65.8833","AR","ARGENTINA","1972-06-13","Animalia","Chordata","Actinopterygii","Perciformes","Zoarcidae","Phucocoetes","Phucocoetes latitans","GBIF","CENPAT-CONICET","CNPICTIO","Ocean Biogeographic Information System","4","1972","6"
"241368539","-47.7","-65.917","AR","ARGENTINA","1972-06-13","Animalia","Chordata","Actinopterygii","Perciformes","Zoarcidae","Phucocoetes","Phucocoetes latitans","GBIF","USNM","Vertebrate Zoology; Fishes","National Museum of Natural History","1","1972","6"
"150059535","-47.7","-65.9","AR","ARGENTINA","1972-06-13","Animalia","Chordata","Actinopterygii","Perciformes","Zoarcidae","Phucocoetes","Phucocoetes latitans","GBIF","USNM","Vertebrate Zoology; Fishes","National Museum of Natural History","1","1972","6"
"189220199","-47.75","-65.9167","AR","ARGENTINA","1972-06-14","Animalia","Chordata","Actinopterygii","Perciformes","Zoarcidae","Phucocoetes","Phucocoetes latitans","GBIF","FishBase","Occurrence","FishBase","1","1972","6"
"24905379","-47.75","-65.9167","AR","ARGENTINA","1972-06-14","Animalia","Chordata","Actinopterygii","Gadiformes","Zoarcidae","Phucocoetes","Phucocoetes latitans","GBIF","SAIAB","SAIAB","Ocean Biogeographic Information System","3","1972","6"
"24774474","-47.75","-65.8833","AR","ARGENTINA","1972-06-14","Animalia","Chordata","Actinopterygii","Perciformes","Zoarcidae","Phucocoetes","Phucocoetes latitans","GBIF","CENPAT-CONICET","CNPICTIO","Ocean Biogeographic Information System","2","1972","6"
"24774463","-47.75","-65.8833","AR","ARGENTINA","1972-07-13","Animalia","Chordata","Actinopterygii","Perciformes","Zoarcidae","Phucocoetes","Phucocoetes latitans","GBIF","CENPAT-CONICET","CNPICTIO","Ocean Biogeographic Information System","2","1972","7"
"24774464","-47.75","-65.8833","AR","ARGENTINA","1972-07-14","Animalia","Chordata","Actinopterygii","Perciformes","Zoarcidae","Phucocoetes","Phucocoetes latitans","GBIF","CENPAT-CONICET","CNPICTIO","Ocean Biogeographic Information System","2","1972","7"
"52692226","-47.7515","-65.935","AR","ARGENTINA","1972-09-08","Animalia","Chordata","Actinopterygii","Perciformes","Zoarcidae","Phucocoetes","Phucocoetes latitans","GBIF","CENPAT-CONICET","CNPICT","Centro Nacional Patagonico - CONICET","1","1972","9"
"24774477","-47.75","-65.8833","AR","ARGENTINA","1972-09-08","Animalia","Chordata","Actinopterygii","Perciformes","Zoarcidae","Phucocoetes","Phucocoetes latitans","GBIF","CENPAT-CONICET","CNPICTIO","Ocean Biogeographic Information System","2","1972","9"
"52692223","-47.7515","-65.935","AR","ARGENTINA","1972-10-25","Animalia","Chordata","Actinopterygii","Perciformes","Zoarcidae","Phucocoetes","Phucocoetes latitans","GBIF","CENPAT-CONICET","CNPICT","Centro Nacional Patagonico - CONICET","1","1972","10"
"24774475","-47.75","-65.8833","AR","ARGENTINA","1972-10-25","Animalia","Chordata","Actinopterygii","Perciformes","Zoarcidae","Phucocoetes","Phucocoetes latitans","GBIF","CENPAT-CONICET","CNPICTIO","Ocean Biogeographic Information System","2","1972","10"
"52692268","-47.7529","-65.968","AR","ARGENTINA","1976-04-14","Animalia","Chordata","Actinopterygii","Perciformes","Zoarcidae","Phucocoetes","Phucocoetes latitans","GBIF","CENPAT-CONICET","CNPICT","Centro Nacional Patagonico - CONICET","1","1976","4"
"24774493","-47.75","-65.8833","AR","ARGENTINA","1976-04-14","Animalia","Chordata","Actinopterygii","Perciformes","Zoarcidae","Phucocoetes","Phucocoetes latitans","GBIF","CENPAT-CONICET","CNPICTIO","Ocean Biogeographic Information System","2","1976","4"
"52692314","-42.244","-64.229","AR","ARGENTINA","1981-07-23","Animalia","Chordata","Actinopterygii","Perciformes","Zoarcidae","Phucocoetes","Phucocoetes latitans","GBIF","CENPAT-CONICET","CNPICT","Centro Nacional Patagonico - CONICET","1","1981","7"
"216052852","-42.238","-64.244","AR","ARGENTINA","1981-07-23","Animalia","Chordata","Actinopterygii","Perciformes","Zoarcidae","Phucocoetes","Phucocoetes latitans","GBIF","CENPAT-CONICET","CNPICTIO","Centro Nacional Patagonico - CONICET","1","1981","7"
"24774630","-47.75","-65.8833","AR","ARGENTINA","1992-07-02","Animalia","Chordata","Actinopterygii","Perciformes","Zoarcidae","Phucocoetes","Phucocoetes latitans","GBIF","CENPAT-CONICET","CNPICTIO","Ocean Biogeographic Information System","2","1992","7"
"52692476","-47.7501","-65.941","AR","ARGENTINA","1992-07-30","Animalia","Chordata","Actinopterygii","Perciformes","Zoarcidae","Phucocoetes","Phucocoetes latitans","GBIF","CENPAT-CONICET","CNPICT","Centro Nacional Patagonico - CONICET","1","1992","7"
"24774626","-47.75","-65.8833","AR","ARGENTINA","1992-07-30","Animalia","Chordata","Actinopterygii","Perciformes","Zoarcidae","Phucocoetes","Phucocoetes latitans","GBIF","CENPAT-CONICET","CNPICTIO","Ocean Biogeographic Information System","2","1992","7"
"52692741","-47.7515","-65.935","AR","ARGENTINA","2004-12-10","Animalia","Chordata","Actinopterygii","Perciformes","Zoarcidae","Phucocoetes","Phucocoetes latitans","GBIF","CENPAT-CONICET","CNPICT","Centro Nacional Patagonico - CONICET","1","2004","12"
"24774809","-47.75","-65.8833","AR","ARGENTINA","2004-12-10","Animalia","Chordata","Actinopterygii","Perciformes","Zoarcidae","Phucocoetes","Phucocoetes latitans","GBIF","CENPAT-CONICET","CNPICTIO","Ocean Biogeographic Information System","2","2004","12"
"24776716","-48","-65.95","AR","ARGENTINA","1978-04-26","Animalia","Chordata","Actinopterygii","Perciformes","Bovichtidae","Cottoperca","Cottoperca gobio","GBIF","CENPAT-CONICET","CNP-PECES","Ocean Biogeographic Information System","1","1978","4"
"24775720","-49","-67.9667","AR","ARGENTINA","1978-04-28","Animalia","Chordata","Actinopterygii","Perciformes","Bovichtidae","Cottoperca","Cottoperca gobio","GBIF","CENPAT-CONICET","CNP-PECES","Ocean Biogeographic Information System","1","1978","4"
"216053000","-45.8783","-67.5267","AR","ARGENTINA"," ","Animalia","Chordata","Actinopterygii","Atheriniformes","Atherinopsidae","Odontesthes","Odontesthes argentinensis","GBIF","CENPAT-CONICET","CNPICTIO","Centro Nacional Patagonico - CONICET","1","1989","10"
"52687327","-42.3394","-63.625","AR","ARGENTINA"," ","Animalia","Chordata","Actinopterygii","Atheriniformes","Atherinopsidae","Odontesthes","Odontesthes argentinensis","GBIF","CENPAT-CONICET","CNPICT","Centro Nacional Patagonico - CONICET","1","1988","3"
"24773822","-42.3","-63.6333","AR","ARGENTINA"," ","Animalia","Chordata","Actinopterygii","Atheriniformes","Atherinopsidae","Odontesthes","Odontesthes argentinensis","GBIF","CENPAT-CONICET","CNPICTIO","Ocean Biogeographic Information System","2","1988","3"
"52687475","-42.2532","-64.112","AR","ARGENTINA"," ","Animalia","Chordata","Actinopterygii","Atheriniformes","Atherinopsidae","Odontesthes","Odontesthes argentinensis","GBIF","CENPAT-CONICET","CNPICT","Centro Nacional Patagonico - CONICET","1","1991","5"
"216053042","-42.2434","-64.1343","AR","ARGENTINA"," ","Animalia","Chordata","Actinopterygii","Atheriniformes","Atherinopsidae","Odontesthes","Odontesthes argentinensis","GBIF","CENPAT-CONICET","CNPICTIO","Centro Nacional Patagonico - CONICET","1","1991","5"
"24773393","-47.75","-65.8833","AR","ARGENTINA","1968-12-03","Animalia","Chordata","Actinopterygii","Atheriniformes","Atherinopsidae","Odontesthes","Odontesthes argentinensis","GBIF","CENPAT-CONICET","CNPICTIO","Ocean Biogeographic Information System","2","1968","12"
"52687011","-47.7515","-65.935","AR","ARGENTINA","1970-11-27","Animalia","Chordata","Actinopterygii","Atheriniformes","Atherinopsidae","Odontesthes","Odontesthes argentinensis","GBIF","CENPAT-CONICET","CNPICT","Centro Nacional Patagonico - CONICET","1","1970","11"
"24773508","-47.75","-65.8833","AR","ARGENTINA","1970-11-27","Animalia","Chordata","Actinopterygii","Atheriniformes","Atherinopsidae","Odontesthes","Odontesthes argentinensis","GBIF","CENPAT-CONICET","CNPICTIO","Ocean Biogeographic Information System","2","1970","11"
"52687013","-47.7515","-65.935","AR","ARGENTINA","1970-12-10","Animalia","Chordata","Actinopterygii","Atheriniformes","Atherinopsidae","Odontesthes","Odontesthes argentinensis","GBIF","CENPAT-CONICET","CNPICT","Centro Nacional Patagonico - CONICET","1","1970","12"
"24773511","-47.75","-65.8833","AR","ARGENTINA","1970-12-10","Animalia","Chordata","Actinopterygii","Atheriniformes","Atherinopsidae","Odontesthes","Odontesthes argentinensis","GBIF","CENPAT-CONICET","CNPICTIO","Ocean Biogeographic Information System","2","1970","12"
"24773824","-42.5833","-64.25","AR","ARGENTINA","1988-09-09","Animalia","Chordata","Actinopterygii","Atheriniformes","Atherinopsidae","Odontesthes","Odontesthes argentinensis","GBIF","CENPAT-CONICET","CNPICTIO","Ocean Biogeographic Information System","2","1988","9"
"52687525","-42.3394","-63.625","AR","ARGENTINA","1992-07-18","Animalia","Chordata","Actinopterygii","Atheriniformes","Atherinopsidae","Odontesthes","Odontesthes argentinensis","GBIF","CENPAT-CONICET","CNPICT","Centro Nacional Patagonico - CONICET","3","1992","7"
"24773989","-42.3","-63.6333","AR","ARGENTINA","1992-07-18","Animalia","Chordata","Actinopterygii","Atheriniformes","Atherinopsidae","Odontesthes","Odontesthes argentinensis","GBIF","CENPAT-CONICET","CNPICTIO","Ocean Biogeographic Information System","6","1992","7"
"52687505","-42.3394","-63.625","AR","ARGENTINA","1992-09-18","Animalia","Chordata","Actinopterygii","Atheriniformes","Atherinopsidae","Odontesthes","Odontesthes argentinensis","GBIF","CENPAT-CONICET","CNPICT","Centro Nacional Patagonico - CONICET","4","1992","9"
"24773972","-42.3","-63.6333","AR","ARGENTINA","1992-09-18","Animalia","Chordata","Actinopterygii","Atheriniformes","Atherinopsidae","Odontesthes","Odontesthes argentinensis","GBIF","CENPAT-CONICET","CNPICTIO","Ocean Biogeographic Information System","8","1992","9"
"52687506","-42.3394","-63.625","AR","ARGENTINA","1992-09-19","Animalia","Chordata","Actinopterygii","Atheriniformes","Atherinopsidae","Odontesthes","Odontesthes argentinensis","GBIF","CENPAT-CONICET","CNPICT","Centro Nacional Patagonico - CONICET","1","1992","9"
"24773973","-42.3","-63.6333","AR","ARGENTINA","1992-09-19","Animalia","Chordata","Actinopterygii","Atheriniformes","Atherinopsidae","Odontesthes","Odontesthes argentinensis","GBIF","CENPAT-CONICET","CNPICTIO","Ocean Biogeographic Information System","2","1992","9"
"52687679","-42.5849","-64.261","AR","ARGENTINA","1997-07-21","Animalia","Chordata","Actinopterygii","Atheriniformes","Atherinopsidae","Odontesthes","Odontesthes argentinensis","GBIF","CENPAT-CONICET","CNPICT","Centro Nacional Patagonico - CONICET","1","1997","7"
"24774457","-47.75","-65.8833","AR","ARGENTINA"," ","Animalia","Chordata","Actinopterygii","Scorpaeniformes","Sebastidae","Sebastes","Sebastes oculatus","GBIF","CENPAT-CONICET","CNPICTIO","Ocean Biogeographic Information System","2","1972","4"
"24774419","-47.75","-65.8833","AR","ARGENTINA","1970-02-24","Animalia","Chordata","Actinopterygii","Scorpaeniformes","Sebastidae","Sebastes","Sebastes oculatus","GBIF","CENPAT-CONICET","CNPICTIO","Ocean Biogeographic Information System","2","1970","2"
"52692127","-47.75","-65.883","AR","ARGENTINA","1970-02-24","Animalia","Chordata","Actinopterygii","Scorpaeniformes","Sebastidae","Sebastes","Sebastes oculatus","GBIF","CENPAT-CONICET","CNPICT","Centro Nacional Patagonico - CONICET","1","1970","2"
"24774456","-47.75","-65.8833","AR","ARGENTINA","1972-03-10","Animalia","Chordata","Actinopterygii","Scorpaeniformes","Sebastidae","Sebastes","Sebastes oculatus","GBIF","CENPAT-CONICET","CNPICTIO","Ocean Biogeographic Information System","2","1972","3"
"24774458","-47.75","-65.8833","AR","ARGENTINA","1972-04-22","Animalia","Chordata","Actinopterygii","Scorpaeniformes","Sebastidae","Sebastes","Sebastes oculatus","GBIF","CENPAT-CONICET","CNPICTIO","Ocean Biogeographic Information System","2","1972","4"
"24780038","-40.9","-62.4667","AR","ARGENTINA","1976-11-15","Animalia","Chordata","Actinopterygii","Scorpaeniformes","Sebastidae","Sebastes","Sebastes oculatus","GBIF","CENPAT-CONICET","CNP-PECES","Ocean Biogeographic Information System","1","1976","11"
"52692554","-42.244","-64.229","AR","ARGENTINA","1995-06-16","Animalia","Chordata","Actinopterygii","Scorpaeniformes","Sebastidae","Sebastes","Sebastes oculatus","GBIF","CENPAT-CONICET","CNPICT","Centro Nacional Patagonico - CONICET","1","1995","6"
"216053790","-42.238","-64.244","AR","ARGENTINA","1995-06-16","Animalia","Chordata","Actinopterygii","Scorpaeniformes","Sebastidae","Sebastes","Sebastes oculatus","GBIF","CENPAT-CONICET","CNPICTIO","Centro Nacional Patagonico - CONICET","1","1995","6"
"197935844","-47.9333","-65.95","AR","ARGENTINA","1953-02-01","Animalia","Chordata","Actinopterygii","Clupeiformes","Clupeidae","Opisthonema","Opisthonema libertate","GBIF","UBC","305458","Ocean Biogeographic Information System","1","1953","2"
"52687766","-42.6589","-64.987","AR","ARGENTINA","2000-04-26","Animalia","Chordata","Actinopterygii","Perciformes","Sparidae","Diplodus","Diplodus argenteus","GBIF","CENPAT-CONICET","CNPICT","Centro Nacional Patagonico - CONICET","1","2000","4"
"216053298","-42.6447","-64.9708","AR","ARGENTINA","2000-04-26","Animalia","Chordata","Actinopterygii","Perciformes","Sparidae","Diplodus","Diplodus argenteus","GBIF","CENPAT-CONICET","CNPICTIO","Centro Nacional Patagonico - CONICET","1","2000","4"
"198122256","-47.9333","-65.95","AR","ARGENTINA","1953-02-01","Animalia","Chordata","Actinopterygii","Perciformes","Carangidae","Trachinotus","Trachinotus kennedyi","GBIF","UBC","305457","Ocean Biogeographic Information System","1","1953","2"
"24773362","-54.7833","-68.25","AR","ARGENTINA"," ","Animalia","Chordata","Actinopterygii","Perciformes","Nototheniidae","Paranotothenia","Paranotothenia magellanica","GBIF","CENPAT-CONICET","CNPICTIO","Ocean Biogeographic Information System","2","1963",""
"52686958","-54.6622","-65.264","AR","ARGENTINA"," ","Animalia","Chordata","Actinopterygii","Perciformes","Nototheniidae","Paranotothenia","Paranotothenia magellanica","GBIF","CENPAT-CONICET","CNPICT","Centro Nacional Patagonico - CONICET","1","1969","11"
"24773352","-47.75","-65.8833","AR","ARGENTINA","1962-02-08","Animalia","Chordata","Actinopterygii","Perciformes","Nototheniidae","Paranotothenia","Paranotothenia magellanica","GBIF","CENPAT-CONICET","CNPICTIO","Ocean Biogeographic Information System","2","1962","2"
"24773363","-54.7833","-68.25","AR","ARGENTINA","1963-03-27","Animalia","Chordata","Actinopterygii","Perciformes","Nototheniidae","Paranotothenia","Paranotothenia magellanica","GBIF","CENPAT-CONICET","CNPICTIO","Ocean Biogeographic Information System","2","1963","3"
"24773361","-54.7833","-68.25","AR","ARGENTINA","1963-11-05","Animalia","Chordata","Actinopterygii","Perciformes","Nototheniidae","Paranotothenia","Paranotothenia magellanica","GBIF","CENPAT-CONICET","CNPICTIO","Ocean Biogeographic Information System","2","1963","11"
"24773392","-47.75","-65.8833","AR","ARGENTINA","1968-12-18","Animalia","Chordata","Actinopterygii","Perciformes","Nototheniidae","Paranotothenia","Paranotothenia magellanica","GBIF","CENPAT-CONICET","CNPICTIO","Ocean Biogeographic Information System","2","1968","12"
"52686911","-47.75","-65.883","AR","ARGENTINA","1968-12-18","Animalia","Chordata","Actinopterygii","Perciformes","Nototheniidae","Paranotothenia","Paranotothenia magellanica","GBIF","CENPAT-CONICET","CNPICT","Centro Nacional Patagonico - CONICET","1","1968","12"
"216052646","-47.7539","-65.9892","AR","ARGENTINA","1970-07-12","Animalia","Chordata","Actinopterygii","Perciformes","Nototheniidae","Paranotothenia","Paranotothenia magellanica","GBIF","CENPAT-CONICET","CNPICTIO","Centro Nacional Patagonico - CONICET","1","1970","7"
"24773637","-47.75","-65.8833","AR","ARGENTINA","1972-02-15","Animalia","Chordata","Actinopterygii","Perciformes","Nototheniidae","Paranotothenia","Paranotothenia magellanica","GBIF","CENPAT-CONICET","CNPICTIO","Ocean Biogeographic Information System","2","1972","2"
"24773636","-47.75","-65.8833","AR","ARGENTINA","1972-04-16","Animalia","Chordata","Actinopterygii","Perciformes","Nototheniidae","Paranotothenia","Paranotothenia magellanica","GBIF","CENPAT-CONICET","CNPICTIO","Ocean Biogeographic Information System","2","1972","4"
"238934544","-42.3394","-63.625","AR","ARGENTINA","1988-03-20","Animalia","Chordata","Actinopterygii","Atheriniformes","Atherinopsidae","Odontesthes","Odontesthes platensis","GBIF","CENPAT-CONICET","CNPICT","Centro Nacional Patagonico - CONICET","1","1988","3"
"52687445","-42.6589","-64.987","AR","ARGENTINA","1989-02-22","Animalia","Chordata","Actinopterygii","Atheriniformes","Atherinopsidae","Odontesthes","Odontesthes platensis","GBIF","CENPAT-CONICET","CNPICT","Centro Nacional Patagonico - CONICET","1","1989","2"
"216052998","-42.6447","-64.9708","AR","ARGENTINA","1989-02-22","Animalia","Chordata","Actinopterygii","Atheriniformes","Atherinopsidae","Odontesthes","Odontesthes platensis","GBIF","CENPAT-CONICET","CNPICTIO","Centro Nacional Patagonico - CONICET","1","1989","2"
"24780552","-48","-65.95","AR","ARGENTINA","1978-04-26","Animalia","Chordata","Actinopterygii","Perciformes","Gempylidae","Thyrsites","Thyrsites atun","GBIF","CENPAT-CONICET","CNP-PECES","Ocean Biogeographic Information System","1","1978","4"
"24774109","-54.7833","-68.25","AR","ARGENTINA"," ","Animalia","Chordata","Actinopterygii","Perciformes","Nototheniidae","Patagonotothen","Patagonotothen ramsayi","GBIF","CENPAT-CONICET","CNPICTIO","Ocean Biogeographic Information System","2","1996","3"
"189200145","-49","-67.6514","AR","ARGENTINA"," ","Animalia","Chordata","Actinopterygii","Perciformes","Nototheniidae","Patagonotothen","Patagonotothen ramsayi","GBIF","FishBase","Occurrence","FishBase","1","",""
"24773556","-47.75","-65.8833","AR","ARGENTINA"," ","Animalia","Chordata","Actinopterygii","Perciformes","Nototheniidae","Patagonotothen","Patagonotothen ramsayi","GBIF","CENPAT-CONICET","CNPICTIO","Ocean Biogeographic Information System","2","1971","3"
"52692165","-47.75","-65.883","AR","ARGENTINA"," ","Animalia","Chordata","Actinopterygii","Perciformes","Nototheniidae","Patagonotothen","Patagonotothen ramsayi","GBIF","CENPAT-CONICET","CNPICT","Centro Nacional Patagonico - CONICET","1","1971","3"
"52692051","-47.7548","-65.899","AR","ARGENTINA","1962-02-17","Animalia","Chordata","Actinopterygii","Perciformes","Nototheniidae","Patagonotothen","Patagonotothen ramsayi","GBIF","CENPAT-CONICET","CNPICT","Centro Nacional Patagonico - CONICET","1","1962","2"
"24773349","-47.75","-65.8833","AR","ARGENTINA","1962-02-17","Animalia","Chordata","Actinopterygii","Perciformes","Nototheniidae","Patagonotothen","Patagonotothen ramsayi","GBIF","CENPAT-CONICET","CNPICTIO","Ocean Biogeographic Information System","2","1962","2"
"24773529","-47.75","-65.8833","AR","ARGENTINA","1970-02-21","Animalia","Chordata","Actinopterygii","Perciformes","Nototheniidae","Patagonotothen","Patagonotothen ramsayi","GBIF","CENPAT-CONICET","CNPICTIO","Ocean Biogeographic Information System","2","1970","2"
"52692129","-47.75","-65.883","AR","ARGENTINA","1970-02-21","Animalia","Chordata","Actinopterygii","Perciformes","Nototheniidae","Patagonotothen","Patagonotothen ramsayi","GBIF","CENPAT-CONICET","CNPICT","Centro Nacional Patagonico - CONICET","1","1970","2"
"52692200","-47.7722","-66.889","AR","ARGENTINA","1972-01-30","Animalia","Chordata","Actinopterygii","Perciformes","Nototheniidae","Patagonotothen","Patagonotothen ramsayi","GBIF","CENPAT-CONICET","CNPICT","Centro Nacional Patagonico - CONICET","1","1972","1"
"24773587","-47.75","-65.8833","AR","ARGENTINA","1972-01-30","Animalia","Chordata","Actinopterygii","Perciformes","Nototheniidae","Patagonotothen","Patagonotothen ramsayi","GBIF","CENPAT-CONICET","CNPICTIO","Ocean Biogeographic Information System","2","1972","1"
"52692201","-47.7548","-65.899","AR","ARGENTINA","1972-02-13","Animalia","Chordata","Actinopterygii","Perciformes","Nototheniidae","Patagonotothen","Patagonotothen ramsayi","GBIF","CENPAT-CONICET","CNPICT","Centro Nacional Patagonico - CONICET","1","1972","2"
"24773589","-47.75","-65.8833","AR","ARGENTINA","1972-02-13","Animalia","Chordata","Actinopterygii","Perciformes","Nototheniidae","Patagonotothen","Patagonotothen ramsayi","GBIF","CENPAT-CONICET","CNPICTIO","Ocean Biogeographic Information System","2","1972","2"
"24773649","-54.85","-67.9333","AR","ARGENTINA","1974-03-07","Animalia","Chordata","Actinopterygii","Perciformes","Nototheniidae","Patagonotothen","Patagonotothen ramsayi","GBIF","CENPAT-CONICET","CNPICTIO","Ocean Biogeographic Information System","2","1974","3"
"24774108","-54.7833","-68.25","AR","ARGENTINA","1996-03-22","Animalia","Chordata","Actinopterygii","Perciformes","Nototheniidae","Patagonotothen","Patagonotothen ramsayi","GBIF","CENPAT-CONICET","CNPICTIO","Ocean Biogeographic Information System","2","1996","3"
"216053196","-54.8196","-68.177","AR","ARGENTINA","1996-07-02","Animalia","Chordata","Actinopterygii","Perciformes","Nototheniidae","Patagonotothen","Patagonotothen ramsayi","GBIF","CENPAT-CONICET","CNPICTIO","Centro Nacional Patagonico - CONICET","1","1996","7"
"216052629","-47.7539","-65.9892","AR","ARGENTINA"," ","Animalia","Chordata","Actinopterygii","Perciformes","Nototheniidae","Patagonotothen","Patagonotothen sima","GBIF","CENPAT-CONICET","CNPICTIO","Centro Nacional Patagonico - CONICET","1","1970","5"
"24774350","-47.75","-65.8833","AR","ARGENTINA"," ","Animalia","Chordata","Actinopterygii","Perciformes","Nototheniidae","Patagonotothen","Patagonotothen sima","GBIF","CENPAT-CONICET","CNPICTIO","Ocean Biogeographic Information System","6","1968","7"
"52692062","-47.75","-65.883","AR","ARGENTINA"," ","Animalia","Chordata","Actinopterygii","Perciformes","Nototheniidae","Patagonotothen","Patagonotothen sima","GBIF","CENPAT-CONICET","CNPICT","Centro Nacional Patagonico - CONICET","3","1968","7"
"216052436","-54.833","-68.333","AR","ARGENTINA","1963-02-27","Animalia","Chordata","Actinopterygii","Perciformes","Nototheniidae","Patagonotothen","Patagonotothen sima","GBIF","CENPAT-CONICET","CNPICTIO","Centro Nacional Patagonico - CONICET","1","1963","2"
"24774341","-54.7833","-68.25","AR","ARGENTINA","1963-03-27","Animalia","Chordata","Actinopterygii","Perciformes","Nototheniidae","Patagonotothen","Patagonotothen sima","GBIF","CENPAT-CONICET","CNPICTIO","Ocean Biogeographic Information System","1","1963","3"
"24774364","-47.75","-65.8833","AR","ARGENTINA","1968-07-19","Animalia","Chordata","Actinopterygii","Perciformes","Nototheniidae","Patagonotothen","Patagonotothen sima","GBIF","CENPAT-CONICET","CNPICTIO","Ocean Biogeographic Information System","2","1968","7"
"52692080","-47.75","-65.883","AR","ARGENTINA","1968-07-19","Animalia","Chordata","Actinopterygii","Perciformes","Nototheniidae","Patagonotothen","Patagonotothen sima","GBIF","CENPAT-CONICET","CNPICT","Centro Nacional Patagonico - CONICET","1","1968","7"
"52692072","-47.7515","-65.935","AR","ARGENTINA","1968-12-03","Animalia","Chordata","Actinopterygii","Perciformes","Nototheniidae","Patagonotothen","Patagonotothen sima","GBIF","CENPAT-CONICET","CNPICT","Centro Nacional Patagonico - CONICET","1","1968","12"
"24774355","-47.75","-65.8833","AR","ARGENTINA","1968-12-03","Animalia","Chordata","Actinopterygii","Perciformes","Nototheniidae","Patagonotothen","Patagonotothen sima","GBIF","CENPAT-CONICET","CNPICTIO","Ocean Biogeographic Information System","2","1968","12"
"24774406","-47.75","-65.8833","AR","ARGENTINA","1969-02-19","Animalia","Chordata","Actinopterygii","Perciformes","Nototheniidae","Patagonotothen","Patagonotothen sima","GBIF","CENPAT-CONICET","CNPICTIO","Ocean Biogeographic Information System","2","1969","2"
"52692122","-47.7515","-65.935","AR","ARGENTINA","1969-04-08","Animalia","Chordata","Actinopterygii","Perciformes","Nototheniidae","Patagonotothen","Patagonotothen sima","GBIF","CENPAT-CONICET","CNPICT","Centro Nacional Patagonico - CONICET","1","1969","4"
"24774404","-47.75","-65.8833","AR","ARGENTINA","1969-04-08","Animalia","Chordata","Actinopterygii","Perciformes","Nototheniidae","Patagonotothen","Patagonotothen sima","GBIF","CENPAT-CONICET","CNPICTIO","Ocean Biogeographic Information System","2","1969","4"
"52692123","-47.7515","-65.935","AR","ARGENTINA","1969-05-06","Animalia","Chordata","Actinopterygii","Perciformes","Nototheniidae","Patagonotothen","Patagonotothen sima","GBIF","CENPAT-CONICET","CNPICT","Centro Nacional Patagonico - CONICET","2","1969","5"
"24774375","-47.75","-65.8833","AR","ARGENTINA","1969-05-06","Animalia","Chordata","Actinopterygii","Perciformes","Nototheniidae","Patagonotothen","Patagonotothen sima","GBIF","CENPAT-CONICET","CNPICTIO","Ocean Biogeographic Information System","6","1969","5"
"52692112","-47.7515","-65.935","AR","ARGENTINA","1969-06-02","Animalia","Chordata","Actinopterygii","Perciformes","Nototheniidae","Patagonotothen","Patagonotothen sima","GBIF","CENPAT-CONICET","CNPICT","Centro Nacional Patagonico - CONICET","1","1969","6"
"24774397","-47.75","-65.8833","AR","ARGENTINA","1969-06-02","Animalia","Chordata","Actinopterygii","Perciformes","Nototheniidae","Patagonotothen","Patagonotothen sima","GBIF","CENPAT-CONICET","CNPICTIO","Ocean Biogeographic Information System","2","1969","6"
"52692087","-47.7515","-65.935","AR","ARGENTINA","1969-06-03","Animalia","Chordata","Actinopterygii","Perciformes","Nototheniidae","Patagonotothen","Patagonotothen sima","GBIF","CENPAT-CONICET","CNPICT","Centro Nacional Patagonico - CONICET","1","1969","6"
"24774374","-47.75","-65.8833","AR","ARGENTINA","1969-06-03","Animalia","Chordata","Actinopterygii","Perciformes","Nototheniidae","Patagonotothen","Patagonotothen sima","GBIF","CENPAT-CONICET","CNPICTIO","Ocean Biogeographic Information System","4","1969","6"
"24774403","-47.75","-65.8833","AR","ARGENTINA","1969-06-04","Animalia","Chordata","Actinopterygii","Perciformes","Nototheniidae","Patagonotothen","Patagonotothen sima","GBIF","CENPAT-CONICET","CNPICTIO","Ocean Biogeographic Information System","2","1969","6"
"52692103","-47.7515","-65.935","AR","ARGENTINA","1969-06-11","Animalia","Chordata","Actinopterygii","Perciformes","Nototheniidae","Patagonotothen","Patagonotothen sima","GBIF","CENPAT-CONICET","CNPICT","Centro Nacional Patagonico - CONICET","1","1969","6"
"216052542","-47.75","-65.9333","AR","ARGENTINA","1969-06-11","Animalia","Chordata","Actinopterygii","Perciformes","Nototheniidae","Patagonotothen","Patagonotothen sima","GBIF","CENPAT-CONICET","CNPICTIO","Centro Nacional Patagonico - CONICET","1","1969","6"
"24774407","-47.75","-65.8833","AR","ARGENTINA","1969-06-22","Animalia","Chordata","Actinopterygii","Perciformes","Nototheniidae","Patagonotothen","Patagonotothen sima","GBIF","CENPAT-CONICET","CNPICTIO","Ocean Biogeographic Information System","2","1969","6"
"24774402","-47.75","-65.88","AR","ARGENTINA","1969-07-01","Animalia","Chordata","Actinopterygii","Perciformes","Nototheniidae","Patagonotothen","Patagonotothen sima","GBIF","CENPAT-CONICET","CNPICTIO","Ocean Biogeographic Information System","2","1969","7"
"52692110","-47.7501","-65.941","AR","ARGENTINA","1969-07-02","Animalia","Chordata","Actinopterygii","Perciformes","Nototheniidae","Patagonotothen","Patagonotothen sima","GBIF","CENPAT-CONICET","CNPICT","Centro Nacional Patagonico - CONICET","1","1969","7"
"24774389","-47.75","-65.8833","AR","ARGENTINA","1969-07-02","Animalia","Chordata","Actinopterygii","Perciformes","Nototheniidae","Patagonotothen","Patagonotothen sima","GBIF","CENPAT-CONICET","CNPICTIO","Ocean Biogeographic Information System","4","1969","7"
"52692111","-47.7501","-65.941","AR","ARGENTINA","1969-07-05","Animalia","Chordata","Actinopterygii","Perciformes","Nototheniidae","Patagonotothen","Patagonotothen sima","GBIF","CENPAT-CONICET","CNPICT","Centro Nacional Patagonico - CONICET","1","1969","7"
"24774396","-47.75","-65.8833","AR","ARGENTINA","1969-07-05","Animalia","Chordata","Actinopterygii","Perciformes","Nototheniidae","Patagonotothen","Patagonotothen sima","GBIF","CENPAT-CONICET","CNPICTIO","Ocean Biogeographic Information System","2","1969","7"
"24774399","-47.75","-65.8833","AR","ARGENTINA","1969-07-07","Animalia","Chordata","Actinopterygii","Perciformes","Nototheniidae","Patagonotothen","Patagonotothen sima","GBIF","CENPAT-CONICET","CNPICTIO","Ocean Biogeographic Information System","2","1969","7"
"52692098","-47.7515","-65.935","AR","ARGENTINA","1969-07-17","Animalia","Chordata","Actinopterygii","Perciformes","Nototheniidae","Patagonotothen","Patagonotothen sima","GBIF","CENPAT-CONICET","CNPICT","Centro Nacional Patagonico - CONICET","1","1969","7"
"24774381","-47.75","-65.8833","AR","ARGENTINA","1969-07-17","Animalia","Chordata","Actinopterygii","Perciformes","Nototheniidae","Patagonotothen","Patagonotothen sima","GBIF","CENPAT-CONICET","CNPICTIO","Ocean Biogeographic Information System","2","1969","7"
"24774377","-47.75","-65.8833","AR","ARGENTINA","1969-07-18","Animalia","Chordata","Actinopterygii","Perciformes","Nototheniidae","Patagonotothen","Patagonotothen sima","GBIF","CENPAT-CONICET","CNPICTIO","Ocean Biogeographic Information System","2","1969","7"
"24774398","-47.75","-65.8833","AR","ARGENTINA","1969-09-06","Animalia","Chordata","Actinopterygii","Perciformes","Nototheniidae","Patagonotothen","Patagonotothen sima","GBIF","CENPAT-CONICET","CNPICTIO","Ocean Biogeographic Information System","2","1969","9"
"24774392","-47.75","-65.8833","AR","ARGENTINA","1969-09-20","Animalia","Chordata","Actinopterygii","Perciformes","Nototheniidae","Patagonotothen","Patagonotothen sima","GBIF","CENPAT-CONICET","CNPICTIO","Ocean Biogeographic Information System","2","1969","9"
"52692138","-47.7515","-65.935","AR","ARGENTINA","1970-01-05","Animalia","Chordata","Actinopterygii","Perciformes","Nototheniidae","Patagonotothen","Patagonotothen sima","GBIF","CENPAT-CONICET","CNPICT","Centro Nacional Patagonico - CONICET","1","1970","1"
"24774417","-47.75","-65.8833","AR","ARGENTINA","1970-01-05","Animalia","Chordata","Actinopterygii","Perciformes","Nototheniidae","Patagonotothen","Patagonotothen sima","GBIF","CENPAT-CONICET","CNPICTIO","Ocean Biogeographic Information System","2","1970","1"
"52692162","-47.7515","-65.935","AR","ARGENTINA","1970-01-20","Animalia","Chordata","Actinopterygii","Perciformes","Nototheniidae","Patagonotothen","Patagonotothen sima","GBIF","CENPAT-CONICET","CNPICT","Centro Nacional Patagonico - CONICET","1","1970","1"
"24774437","-47.75","-65.8833","AR","ARGENTINA","1970-01-20","Animalia","Chordata","Actinopterygii","Perciformes","Nototheniidae","Patagonotothen","Patagonotothen sima","GBIF","CENPAT-CONICET","CNPICTIO","Ocean Biogeographic Information System","2","1970","1"
"52692153","-47.7515","-65.935","AR","ARGENTINA","1970-02-13","Animalia","Chordata","Actinopterygii","Perciformes","Nototheniidae","Patagonotothen","Patagonotothen sima","GBIF","CENPAT-CONICET","CNPICT","Centro Nacional Patagonico - CONICET","1","1970","2"
"24774428","-47.75","-65.8833","AR","ARGENTINA","1970-02-13","Animalia","Chordata","Actinopterygii","Perciformes","Nototheniidae","Patagonotothen","Patagonotothen sima","GBIF","CENPAT-CONICET","CNPICTIO","Ocean Biogeographic Information System","2","1970","2"
"52692152","-47.7515","-65.935","AR","ARGENTINA","1970-03-04","Animalia","Chordata","Actinopterygii","Perciformes","Nototheniidae","Patagonotothen","Patagonotothen sima","GBIF","CENPAT-CONICET","CNPICT","Centro Nacional Patagonico - CONICET","1","1970","3"
"24774427","-47.75","-65.8833","AR","ARGENTINA","1970-03-04","Animalia","Chordata","Actinopterygii","Perciformes","Nototheniidae","Patagonotothen","Patagonotothen sima","GBIF","CENPAT-CONICET","CNPICTIO","Ocean Biogeographic Information System","2","1970","3"
"52692144","-47.7515","-65.935","AR","ARGENTINA","1970-05-15","Animalia","Chordata","Actinopterygii","Perciformes","Nototheniidae","Patagonotothen","Patagonotothen sima","GBIF","CENPAT-CONICET","CNPICT","Centro Nacional Patagonico - CONICET","1","1970","5"
"24774424","-47.75","-65.8833","AR","ARGENTINA","1970-05-15","Animalia","Chordata","Actinopterygii","Perciformes","Nototheniidae","Patagonotothen","Patagonotothen sima","GBIF","CENPAT-CONICET","CNPICTIO","Ocean Biogeographic Information System","2","1970","5"
"24774432","-47.75","-65.8833","AR","ARGENTINA","1970-05-25","Animalia","Chordata","Actinopterygii","Perciformes","Nototheniidae","Patagonotothen","Patagonotothen sima","GBIF","CENPAT-CONICET","CNPICTIO","Ocean Biogeographic Information System","2","1970","5"
"24774430","-47.75","-65.8833","AR","ARGENTINA","1970-06-21","Animalia","Chordata","Actinopterygii","Perciformes","Nototheniidae","Patagonotothen","Patagonotothen sima","GBIF","CENPAT-CONICET","CNPICTIO","Ocean Biogeographic Information System","2","1970","6"
"216052632","-47.7539","-65.9892","AR","ARGENTINA","1970-07-14","Animalia","Chordata","Actinopterygii","Perciformes","Nototheniidae","Patagonotothen","Patagonotothen sima","GBIF","CENPAT-CONICET","CNPICTIO","Centro Nacional Patagonico - CONICET","1","1970","7"
"24774421","-47.75","-65.8833","AR","ARGENTINA","1970-07-14","Animalia","Chordata","Actinopterygii","Perciformes","Nototheniidae","Patagonotothen","Patagonotothen sima","GBIF","CENPAT-CONICET","CNPICTIO","Ocean Biogeographic Information System","2","1970","7"
"52692154","-47.7501","-65.891","AR","ARGENTINA","1970-07-19","Animalia","Chordata","Actinopterygii","Perciformes","Nototheniidae","Patagonotothen","Patagonotothen sima","GBIF","CENPAT-CONICET","CNPICT","Centro Nacional Patagonico - CONICET","1","1970","7"
"24774429","-47.75","-65.8833","AR","ARGENTINA","1970-07-19","Animalia","Chordata","Actinopterygii","Perciformes","Nototheniidae","Patagonotothen","Patagonotothen sima","GBIF","CENPAT-CONICET","CNPICTIO","Ocean Biogeographic Information System","2","1970","7"
"24774433","-47.75","-65.8833","AR","ARGENTINA","1970-07-23","Animalia","Chordata","Actinopterygii","Perciformes","Nototheniidae","Patagonotothen","Patagonotothen sima","GBIF","CENPAT-CONICET","CNPICTIO","Ocean Biogeographic Information System","2","1970","7"
"24774422","-47.75","-65.8833","AR","ARGENTINA","1970-07-28","Animalia","Chordata","Actinopterygii","Perciformes","Nototheniidae","Patagonotothen","Patagonotothen sima","GBIF","CENPAT-CONICET","CNPICTIO","Ocean Biogeographic Information System","2","1970","7"
"52692159","-47.7515","-65.935","AR","ARGENTINA","1970-09-04","Animalia","Chordata","Actinopterygii","Perciformes","Nototheniidae","Patagonotothen","Patagonotothen sima","GBIF","CENPAT-CONICET","CNPICT","Centro Nacional Patagonico - CONICET","1","1970","9"
"24774434","-47.75","-65.8833","AR","ARGENTINA","1970-09-04","Animalia","Chordata","Actinopterygii","Perciformes","Nototheniidae","Patagonotothen","Patagonotothen sima","GBIF","CENPAT-CONICET","CNPICTIO","Ocean Biogeographic Information System","2","1970","9"
"24774435","-47.75","-65.8833","AR","ARGENTINA","1970-09-09","Animalia","Chordata","Actinopterygii","Perciformes","Nototheniidae","Patagonotothen","Patagonotothen sima","GBIF","CENPAT-CONICET","CNPICTIO","Ocean Biogeographic Information System","2","1970","9"
"216052626","-47.75","-65.9333","AR","ARGENTINA","1970-11-27","Animalia","Chordata","Actinopterygii","Perciformes","Nototheniidae","Patagonotothen","Patagonotothen sima","GBIF","CENPAT-CONICET","CNPICTIO","Centro Nacional Patagonico - CONICET","1","1970","11"
"52692145","-47.7515","-65.935","AR","ARGENTINA","1970-12-10","Animalia","Chordata","Actinopterygii","Perciformes","Nototheniidae","Patagonotothen","Patagonotothen sima","GBIF","CENPAT-CONICET","CNPICT","Centro Nacional Patagonico - CONICET","1","1970","12"
"24774415","-47.75","-65.8833","AR","ARGENTINA","1970-12-10","Animalia","Chordata","Actinopterygii","Perciformes","Nototheniidae","Patagonotothen","Patagonotothen sima","GBIF","CENPAT-CONICET","CNPICTIO","Ocean Biogeographic Information System","4","1970","12"
"24774452","-47.75","-65.8833","AR","ARGENTINA","1971-01-26","Animalia","Chordata","Actinopterygii","Perciformes","Nototheniidae","Patagonotothen","Patagonotothen sima","GBIF","CENPAT-CONICET","CNPICTIO","Ocean Biogeographic Information System","2","1971","1"
"52692185","-47.75","-65.883","AR","ARGENTINA","1971-01-26","Animalia","Chordata","Actinopterygii","Perciformes","Nototheniidae","Patagonotothen","Patagonotothen sima","GBIF","CENPAT-CONICET","CNPICT","Centro Nacional Patagonico - CONICET","1","1971","1"
"52692182","-47.7515","-65.935","AR","ARGENTINA","1971-05-27","Animalia","Chordata","Actinopterygii","Perciformes","Nototheniidae","Patagonotothen","Patagonotothen sima","GBIF","CENPAT-CONICET","CNPICT","Centro Nacional Patagonico - CONICET","1","1971","5"
"24774440","-47.75","-65.8833","AR","ARGENTINA","1971-05-27","Animalia","Chordata","Actinopterygii","Perciformes","Nototheniidae","Patagonotothen","Patagonotothen sima","GBIF","CENPAT-CONICET","CNPICTIO","Ocean Biogeographic Information System","4","1971","5"
"52692920","-47.75","-65.883","AR","ARGENTINA","1971-10-07","Animalia","Chordata","Actinopterygii","Perciformes","Nototheniidae","Patagonotothen","Patagonotothen sima","GBIF","CENPAT-CONICET","CNPICT","Centro Nacional Patagonico - CONICET","1","1971","10"
"52692241","-47.7515","-65.935","AR","ARGENTINA","1972-02-18","Animalia","Chordata","Actinopterygii","Perciformes","Nototheniidae","Patagonotothen","Patagonotothen sima","GBIF","CENPAT-CONICET","CNPICT","Centro Nacional Patagonico - CONICET","1","1972","2"
"216052787","-47.75","-65.9333","AR","ARGENTINA","1972-02-18","Animalia","Chordata","Actinopterygii","Perciformes","Nototheniidae","Patagonotothen","Patagonotothen sima","GBIF","CENPAT-CONICET","CNPICTIO","Centro Nacional Patagonico - CONICET","1","1972","2"
"216052786","-47.75","-65.9333","AR","ARGENTINA","1972-03-13","Animalia","Chordata","Actinopterygii","Perciformes","Nototheniidae","Patagonotothen","Patagonotothen sima","GBIF","CENPAT-CONICET","CNPICTIO","Centro Nacional Patagonico - CONICET","1","1972","3"
"24774484","-47.75","-65.8833","AR","ARGENTINA","1972-03-17","Animalia","Chordata","Actinopterygii","Perciformes","Nototheniidae","Patagonotothen","Patagonotothen sima","GBIF","CENPAT-CONICET","CNPICTIO","Ocean Biogeographic Information System","2","1972","3"
"24774483","-47.75","-65.8833","AR","ARGENTINA","1972-07-14","Animalia","Chordata","Actinopterygii","Perciformes","Nototheniidae","Patagonotothen","Patagonotothen sima","GBIF","CENPAT-CONICET","CNPICTIO","Ocean Biogeographic Information System","2","1972","7"
"52692349","-42.7991","-65.003","AR","ARGENTINA","1983-12-11","Animalia","Chordata","Actinopterygii","Perciformes","Nototheniidae","Patagonotothen","Patagonotothen sima","GBIF","CENPAT-CONICET","CNPICT","Centro Nacional Patagonico - CONICET","1","1983","12"
"52692420","-47.7548","-65.899","AR","ARGENTINA","1986-05-15","Animalia","Chordata","Actinopterygii","Perciformes","Nototheniidae","Patagonotothen","Patagonotothen sima","GBIF","CENPAT-CONICET","CNPICT","Centro Nacional Patagonico - CONICET","1","1986","5"
"216052923","-47.75","-66","AR","ARGENTINA","1986-05-15","Animalia","Chordata","Actinopterygii","Perciformes","Nototheniidae","Patagonotothen","Patagonotothen sima","GBIF","CENPAT-CONICET","CNPICTIO","Centro Nacional Patagonico - CONICET","1","1986","5"
"216053038","-45.1167","-66.5333","AR","ARGENTINA","1991-10-15","Animalia","Chordata","Actinopterygii","Perciformes","Nototheniidae","Patagonotothen","Patagonotothen sima","GBIF","CENPAT-CONICET","CNPICTIO","Centro Nacional Patagonico - CONICET","1","1991","10"
"52692465","-47.7812","-66.069","AR","ARGENTINA","1991-12-14","Animalia","Chordata","Actinopterygii","Perciformes","Nototheniidae","Patagonotothen","Patagonotothen sima","GBIF","CENPAT-CONICET","CNPICT","Centro Nacional Patagonico - CONICET","1","1991","12"
"216053027","-47.7667","-66.0667","AR","ARGENTINA","1991-12-14","Animalia","Chordata","Actinopterygii","Perciformes","Nototheniidae","Patagonotothen","Patagonotothen sima","GBIF","CENPAT-CONICET","CNPICTIO","Centro Nacional Patagonico - CONICET","1","1991","12"
"52692488","-42.3394","-63.625","AR","ARGENTINA","1992-07-18","Animalia","Chordata","Actinopterygii","Perciformes","Nototheniidae","Patagonotothen","Patagonotothen sima","GBIF","CENPAT-CONICET","CNPICT","Centro Nacional Patagonico - CONICET","1","1992","7"
"24774627","-42.3","-63.6333","AR","ARGENTINA","1992-07-18","Animalia","Chordata","Actinopterygii","Perciformes","Nototheniidae","Patagonotothen","Patagonotothen sima","GBIF","CENPAT-CONICET","CNPICTIO","Ocean Biogeographic Information System","1","1992","7"
"52692473","-47.7501","-65.941","AR","ARGENTINA","1992-07-20","Animalia","Chordata","Actinopterygii","Perciformes","Nototheniidae","Patagonotothen","Patagonotothen sima","GBIF","CENPAT-CONICET","CNPICT","Centro Nacional Patagonico - CONICET","1","1992","7"
"24774623","-47.75","-65.8833","AR","ARGENTINA","1992-07-20","Animalia","Chordata","Actinopterygii","Perciformes","Nototheniidae","Patagonotothen","Patagonotothen sima","GBIF","CENPAT-CONICET","CNPICTIO","Ocean Biogeographic Information System","2","1992","7"
"52692387","-42.244","-64.229","AR","ARGENTINA","2002-03-06","Animalia","Chordata","Actinopterygii","Perciformes","Nototheniidae","Patagonotothen","Patagonotothen sima","GBIF","CENPAT-CONICET","CNPICT","Centro Nacional Patagonico - CONICET","1","2002","3"
"216053345","-42.238","-64.244","AR","ARGENTINA","2002-03-06","Animalia","Chordata","Actinopterygii","Perciformes","Nototheniidae","Patagonotothen","Patagonotothen sima","GBIF","CENPAT-CONICET","CNPICTIO","Centro Nacional Patagonico - CONICET","1","2002","3"
"238934615","-42.7333","-65.027","AR","ARGENTINA","2006-02-28","Animalia","Chordata","Actinopterygii","Perciformes","Nototheniidae","Patagonotothen","Patagonotothen sima","GBIF","CENPAT-CONICET","CNPICT","Centro Nacional Patagonico - CONICET","1","2006","2"
"52687096","-47.7515","-65.935","AR","ARGENTINA","1972-01-28","Animalia","Chordata","Actinopterygii","Atheriniformes","Atherinopsidae","Odontesthes","Odontesthes incisa","GBIF","CENPAT-CONICET","CNPICT","Centro Nacional Patagonico - CONICET","1","1972","1"
"24773634","-47.75","-65.8833","AR","ARGENTINA","1972-01-28","Animalia","Chordata","Actinopterygii","Atheriniformes","Atherinopsidae","Odontesthes","Odontesthes incisa","GBIF","CENPAT-CONICET","CNPICTIO","Ocean Biogeographic Information System","2","1972","1"
"52687222","-42.7991","-65.003","AR","ARGENTINA","1983-12-11","Animalia","Chordata","Actinopterygii","Atheriniformes","Atherinopsidae","Odontesthes","Odontesthes incisa","GBIF","CENPAT-CONICET","CNPICT","Centro Nacional Patagonico - CONICET","1","1983","12"
"52687317","-42.6589","-64.987","AR","ARGENTINA","1987-12-10","Animalia","Chordata","Actinopterygii","Atheriniformes","Atherinopsidae","Odontesthes","Odontesthes incisa","GBIF","CENPAT-CONICET","CNPICT","Centro Nacional Patagonico - CONICET","1","1987","12"
"216052927","-42.6447","-64.9708","AR","ARGENTINA","1987-12-10","Animalia","Chordata","Actinopterygii","Atheriniformes","Atherinopsidae","Odontesthes","Odontesthes incisa","GBIF","CENPAT-CONICET","CNPICTIO","Centro Nacional Patagonico - CONICET","1","1987","12"
"52687343","-42.7991","-65.003","AR","ARGENTINA","1988-05-18","Animalia","Chordata","Actinopterygii","Atheriniformes","Atherinopsidae","Odontesthes","Odontesthes incisa","GBIF","CENPAT-CONICET","CNPICT","Centro Nacional Patagonico - CONICET","2","1988","5"
"52687342","-42.6589","-64.987","AR","ARGENTINA","1988-05-18","Animalia","Chordata","Actinopterygii","Atheriniformes","Atherinopsidae","Odontesthes","Odontesthes incisa","GBIF","CENPAT-CONICET","CNPICT","Centro Nacional Patagonico - CONICET","1","1988","5"
"216052945","-42.6447","-64.9708","AR","ARGENTINA","1988-05-18","Animalia","Chordata","Actinopterygii","Atheriniformes","Atherinopsidae","Odontesthes","Odontesthes incisa","GBIF","CENPAT-CONICET","CNPICTIO","Centro Nacional Patagonico - CONICET","1","1988","5"
"52687440","-42.613","-64.881","AR","ARGENTINA","1989-03-29","Animalia","Chordata","Actinopterygii","Atheriniformes","Atherinopsidae","Odontesthes","Odontesthes incisa","GBIF","CENPAT-CONICET","CNPICT","Centro Nacional Patagonico - CONICET","1","1989","3"
"52687239","-42.3394","-63.625","AR","ARGENTINA","1992-09-18","Animalia","Chordata","Actinopterygii","Atheriniformes","Atherinopsidae","Odontesthes","Odontesthes incisa","GBIF","CENPAT-CONICET","CNPICT","Centro Nacional Patagonico - CONICET","1","1992","9"
"24774015","-42.3","-63.6333","AR","ARGENTINA","1992-09-18","Animalia","Chordata","Actinopterygii","Atheriniformes","Atherinopsidae","Odontesthes","Odontesthes incisa","GBIF","CENPAT-CONICET","CNPICTIO","Ocean Biogeographic Information System","2","1992","9"
"52687659","-54.8737","-67.567","AR","ARGENTINA","1996-11-13","Animalia","Chordata","Actinopterygii","Atheriniformes","Atherinopsidae","Odontesthes","Odontesthes incisa","GBIF","CENPAT-CONICET","CNPICT","Centro Nacional Patagonico - CONICET","1","1996","11"
"216053208","-42.3167","-64.0333","AR","ARGENTINA","1996-11-13","Animalia","Chordata","Actinopterygii","Atheriniformes","Atherinopsidae","Odontesthes","Odontesthes incisa","GBIF","CENPAT-CONICET","CNPICTIO","Centro Nacional Patagonico - CONICET","1","1996","11"
"52687719","-42.6131","-64.881","AR","ARGENTINA","1998-04-17","Animalia","Chordata","Actinopterygii","Atheriniformes","Atherinopsidae","Odontesthes","Odontesthes incisa","GBIF","CENPAT-CONICET","CNPICT","Centro Nacional Patagonico - CONICET","1","1998","4"
"52687758","-42.7811","-66.015","AR","ARGENTINA","1999-04-08","Animalia","Chordata","Actinopterygii","Atheriniformes","Atherinopsidae","Odontesthes","Odontesthes incisa","GBIF","CENPAT-CONICET","CNPICT","Centro Nacional Patagonico - CONICET","1","1999","4"
"52687794","-42.6589","-64.987","AR","ARGENTINA","2000-03-22","Animalia","Chordata","Actinopterygii","Atheriniformes","Atherinopsidae","Odontesthes","Odontesthes incisa","GBIF","CENPAT-CONICET","CNPICT","Centro Nacional Patagonico - CONICET","1","2000","3"
"216053305","-42.6447","-64.9708","AR","ARGENTINA","2000-03-22","Animalia","Chordata","Actinopterygii","Atheriniformes","Atherinopsidae","Odontesthes","Odontesthes incisa","GBIF","CENPAT-CONICET","CNPICTIO","Centro Nacional Patagonico - CONICET","1","2000","3"
"52687909","-42.7991","-65.003","AR","ARGENTINA","2000-03-27","Animalia","Chordata","Actinopterygii","Atheriniformes","Atherinopsidae","Odontesthes","Odontesthes incisa","GBIF","CENPAT-CONICET","CNPICT","Centro Nacional Patagonico - CONICET","1","2000","3"
"198039505","-53.7833","-67.7167","AR","ARGENTINA"," ","Animalia","Chordata","Actinopterygii","Salmoniformes","Salmonidae","Salmo","Salmo trutta","GBIF","IGFA","1072659","Ocean Biogeographic Information System","10","",""
"198039491","-41.0333","-71.15","AR","ARGENTINA"," ","Animalia","Chordata","Actinopterygii","Salmoniformes","Salmonidae","Salmo","Salmo trutta","GBIF","IGFA","1072483","Ocean Biogeographic Information System","1","",""
"189323592","-41.0333","-71.15","AR","ARGENTINA","1952-12-16","Animalia","Chordata","Actinopterygii","Salmoniformes","Salmonidae","Salmo","Salmo trutta","GBIF","FishBase","Occurrence","FishBase","1","1952","12"
"189323670","-53.7833","-67.7167","AR","ARGENTINA","1990-01-24","Animalia","Chordata","Actinopterygii","Salmoniformes","Salmonidae","Salmo","Salmo trutta","GBIF","FishBase","Occurrence","FishBase","1","1990","1"
"189323666","-53.7833","-67.7167","AR","ARGENTINA","1992-01-15","Animalia","Chordata","Actinopterygii","Salmoniformes","Salmonidae","Salmo","Salmo trutta","GBIF","FishBase","Occurrence","FishBase","1","1992","1"
"189323665","-53.7833","-67.7167","AR","ARGENTINA","1992-01-19","Animalia","Chordata","Actinopterygii","Salmoniformes","Salmonidae","Salmo","Salmo trutta","GBIF","FishBase","Occurrence","FishBase","1","1992","1"
"189323662","-53.7833","-67.7167","AR","ARGENTINA","1993-01-29","Animalia","Chordata","Actinopterygii","Salmoniformes","Salmonidae","Salmo","Salmo trutta","GBIF","FishBase","Occurrence","FishBase","1","1993","1"
"189323674","-53.7833","-67.7167","AR","ARGENTINA","1994-02-08","Animalia","Chordata","Actinopterygii","Salmoniformes","Salmonidae","Salmo","Salmo trutta","GBIF","FishBase","Occurrence","FishBase","1","1994","2"
"189323656","-53.7833","-67.7167","AR","ARGENTINA","1995-03-07","Animalia","Chordata","Actinopterygii","Salmoniformes","Salmonidae","Salmo","Salmo trutta","GBIF","FishBase","Occurrence","FishBase","1","1995","3"
"189323650","-53.7833","-67.7167","AR","ARGENTINA","1996-03-09","Animalia","Chordata","Actinopterygii","Salmoniformes","Salmonidae","Salmo","Salmo trutta","GBIF","FishBase","Occurrence","FishBase","1","1996","3"
"189323618","-53.7833","-67.7167","AR","ARGENTINA","1998-02-10","Animalia","Chordata","Actinopterygii","Salmoniformes","Salmonidae","Salmo","Salmo trutta","GBIF","FishBase","Occurrence","FishBase","1","1998","2"
"189323617","-53.7833","-67.7167","AR","ARGENTINA","1998-03-01","Animalia","Chordata","Actinopterygii","Salmoniformes","Salmonidae","Salmo","Salmo trutta","GBIF","FishBase","Occurrence","FishBase","1","1998","3"
"189323597","-53.7833","-67.7167","AR","ARGENTINA","2002-02-03","Animalia","Chordata","Actinopterygii","Salmoniformes","Salmonidae","Salmo","Salmo trutta","GBIF","FishBase","Occurrence","FishBase","1","2002","2"
"197702821","-43.8306","-67.8967","AR","ARGENTINA"," ","Animalia","Chordata","Actinopterygii","Siluriformes","Diplomystidae","Olivaichthys","Diplomystes mesembrinus","GBIF","RUSI","710824","Ocean Biogeographic Information System","1","",""
"197702819","-43.8189","-67.8858","AR","ARGENTINA"," ","Animalia","Chordata","Actinopterygii","Siluriformes","Diplomystidae","Olivaichthys","Diplomystes mesembrinus","GBIF","RUSI","717729","Ocean Biogeographic Information System","1","",""
"192983224","-43.8306","-67.8967","AR","ARGENTINA","1997-04-18","Animalia","Chordata","Actinopterygii","Siluriformes","Diplomystidae","Diplomystes","Diplomystes mesembrinus","GBIF","SAIAB","SAIAB","South African National Biodiversity Institute","1","1997","4"
"24886204","-43.8189","-67.8858","AR","ARGENTINA","1997-04-19","Animalia","Chordata","Actinopterygii","Siluriformes","Diplomystidae","Diplomystes","Diplomystes mesembrinus","GBIF","SAIAB","SAIAB","Ocean Biogeographic Information System","2","1997","4"
"216053851","-50.5","-69.1667","AR","ARGENTINA"," ","Animalia","Chordata","Actinopterygii","Clupeiformes","Clupeidae","Sprattus","Sprattus fuegensis","GBIF","CENPAT-CONICET","CNPICTIO","Centro Nacional Patagonico - CONICET","1","2004","2"
"52692521","-50.5","-69.166","AR","ARGENTINA"," ","Animalia","Chordata","Actinopterygii","Clupeiformes","Clupeidae","Sprattus","Sprattus fuegensis","GBIF","CENPAT-CONICET","CNPICT","Centro Nacional Patagonico - CONICET","1","2004","2"
"216053629","-54.7833","-68.25","AR","ARGENTINA","1965-07-18","Animalia","Chordata","Actinopterygii","Clupeiformes","Clupeidae","Sprattus","Sprattus fuegensis","GBIF","CENPAT-CONICET","CNPICTIO","Centro Nacional Patagonico - CONICET","1","1965","7"
"216053662","-47.75","-65.8833","AR","ARGENTINA","1970-12-10","Animalia","Chordata","Actinopterygii","Clupeiformes","Clupeidae","Sprattus","Sprattus fuegensis","GBIF","CENPAT-CONICET","CNPICTIO","Centro Nacional Patagonico - CONICET","1","1970","12"
"216053668","-47.75","-65.8833","AR","ARGENTINA","1971-01-18","Animalia","Chordata","Actinopterygii","Clupeiformes","Clupeidae","Sprattus","Sprattus fuegensis","GBIF","CENPAT-CONICET","CNPICTIO","Centro Nacional Patagonico - CONICET","2","1971","1"
"52692175","-47.75","-65.883","AR","ARGENTINA","1971-01-18","Animalia","Chordata","Actinopterygii","Clupeiformes","Clupeidae","Sprattus","Sprattus fuegensis","GBIF","CENPAT-CONICET","CNPICT","Centro Nacional Patagonico - CONICET","2","1971","1"
"216053669","-47.75","-65.8833","AR","ARGENTINA","1971-09-29","Animalia","Chordata","Actinopterygii","Clupeiformes","Clupeidae","Sprattus","Sprattus fuegensis","GBIF","CENPAT-CONICET","CNPICTIO","Centro Nacional Patagonico - CONICET","1","1971","9"
"52692177","-47.75","-65.883","AR","ARGENTINA","1971-09-29","Animalia","Chordata","Actinopterygii","Clupeiformes","Clupeidae","Sprattus","Sprattus fuegensis","GBIF","CENPAT-CONICET","CNPICT","Centro Nacional Patagonico - CONICET","1","1971","9"
"197937162","-47.9333","-65.95","AR","ARGENTINA","1953-02-01","Animalia","Chordata","Actinopterygii","Perciformes","Haemulidae","Orthopristis","Orthopristis lethopristis","GBIF","UBC","305429","Ocean Biogeographic Information System","1","1953","2"
"52686935","-54.6622","-65.264","AR","ARGENTINA"," ","Animalia","Chordata","Actinopterygii","Atheriniformes","Atherinopsidae","Odontesthes","Odontesthes nigricans","GBIF","CENPAT-CONICET","CNPICT","Centro Nacional Patagonico - CONICET","1","1969","11"
"24773530","-47.75","-65.8833","AR","ARGENTINA"," ","Animalia","Chordata","Actinopterygii","Atheriniformes","Atherinopsidae","Odontesthes","Odontesthes nigricans","GBIF","CENPAT-CONICET","CNPICTIO","Ocean Biogeographic Information System","4","1970","10"
"52686984","-47.75","-65.883","AR","ARGENTINA"," ","Animalia","Chordata","Actinopterygii","Atheriniformes","Atherinopsidae","Odontesthes","Odontesthes nigricans","GBIF","CENPAT-CONICET","CNPICT","Centro Nacional Patagonico - CONICET","2","1970","10"
"24773565","-47.75","-65.8833","AR","ARGENTINA","1971-04-20","Animalia","Chordata","Actinopterygii","Atheriniformes","Atherinopsidae","Odontesthes","Odontesthes nigricans","GBIF","CENPAT-CONICET","CNPICTIO","Ocean Biogeographic Information System","2","1971","4"
"24773564","-47.75","-65.8833","AR","ARGENTINA","1971-05-27","Animalia","Chordata","Actinopterygii","Atheriniformes","Atherinopsidae","Odontesthes","Odontesthes nigricans","GBIF","CENPAT-CONICET","CNPICTIO","Ocean Biogeographic Information System","2","1971","5"
"24773571","-47.75","-65.8833","AR","ARGENTINA","1972-01-23","Animalia","Chordata","Actinopterygii","Atheriniformes","Atherinopsidae","Odontesthes","Odontesthes nigricans","GBIF","CENPAT-CONICET","CNPICTIO","Ocean Biogeographic Information System","2","1972","1"
"24773588","-47.75","-65.8833","AR","ARGENTINA","1972-01-28","Animalia","Chordata","Actinopterygii","Atheriniformes","Atherinopsidae","Odontesthes","Odontesthes nigricans","GBIF","CENPAT-CONICET","CNPICTIO","Ocean Biogeographic Information System","2","1972","1"
"24773570","-47.75","-65.8833","AR","ARGENTINA","1972-02-11","Animalia","Chordata","Actinopterygii","Atheriniformes","Atherinopsidae","Odontesthes","Odontesthes nigricans","GBIF","CENPAT-CONICET","CNPICTIO","Ocean Biogeographic Information System","2","1972","2"
"52687338","-42.7991","-65.003","AR","ARGENTINA","1988-03-10","Animalia","Chordata","Actinopterygii","Atheriniformes","Atherinopsidae","Odontesthes","Odontesthes nigricans","GBIF","CENPAT-CONICET","CNPICT","Centro Nacional Patagonico - CONICET","1","1988","3"
"52687339","-42.7991","-65.003","AR","ARGENTINA","1988-06-09","Animalia","Chordata","Actinopterygii","Atheriniformes","Atherinopsidae","Odontesthes","Odontesthes nigricans","GBIF","CENPAT-CONICET","CNPICT","Centro Nacional Patagonico - CONICET","2","1988","6"
"24773835","-54.7833","-68.25","AR","ARGENTINA","1988-07-11","Animalia","Chordata","Actinopterygii","Atheriniformes","Atherinopsidae","Odontesthes","Odontesthes nigricans","GBIF","CENPAT-CONICET","CNPICTIO","Ocean Biogeographic Information System","2","1988","7"
"52687337","-42.7991","-65.003","AR","ARGENTINA","1988-07-21","Animalia","Chordata","Actinopterygii","Atheriniformes","Atherinopsidae","Odontesthes","Odontesthes nigricans","GBIF","CENPAT-CONICET","CNPICT","Centro Nacional Patagonico - CONICET","1","1988","7"
"52687913","-47.7515","-65.935","AR","ARGENTINA","2004-12-10","Animalia","Chordata","Actinopterygii","Atheriniformes","Atherinopsidae","Odontesthes","Odontesthes nigricans","GBIF","CENPAT-CONICET","CNPICT","Centro Nacional Patagonico - CONICET","1","2004","12"
"24774327","-47.75","-65.8833","AR","ARGENTINA","2004-12-10","Animalia","Chordata","Actinopterygii","Atheriniformes","Atherinopsidae","Odontesthes","Odontesthes nigricans","GBIF","CENPAT-CONICET","CNPICTIO","Ocean Biogeographic Information System","2","2004","12"
"197867248","-53.8333","-68.5833","AR","ARGENTINA"," ","Animalia","Chordata","Actinopterygii","Perciformes","Zoarcidae","Maynea","Maynea puncta","GBIF","CAS","179841","Ocean Biogeographic Information System","1","",""
"189083324","-53.8333","-68.5833","AR","ARGENTINA","1968-11-23","Animalia","Chordata","Actinopterygii","Perciformes","Zoarcidae","Maynea","Maynea puncta","GBIF","FishBase","Occurrence","FishBase","1","1968","11"
"24778842","-40.9","-62.4667","AR","ARGENTINA","1976-11-15","Animalia","Chordata","Actinopterygii","Perciformes","Polyprionidae","Polyprion","Polyprion americanus","GBIF","CENPAT-CONICET","CNP-PECES","Ocean Biogeographic Information System","1","1976","11"
"216053415","-42.6447","-64.9708","AR","ARGENTINA"," ","Animalia","Chordata","Actinopterygii","Perciformes","Tripterygiidae","Helcogrammoides","Helcogrammoides cunninghami","GBIF","CENPAT-CONICET","CNPICTIO","Centro Nacional Patagonico - CONICET","1","2004","2"
"188965059","-42.7667","-65.05","AR","ARGENTINA","1895-11-08","Animalia","Chordata","Actinopterygii","Perciformes","Tripterygiidae","Helcogrammoides","Helcogrammoides cunninghami","GBIF","FishBase","Occurrence","FishBase","2","1895","11"
"188965066","-42.8933","-64.7133","AR","ARGENTINA","1978-07-21","Animalia","Chordata","Actinopterygii","Perciformes","Tripterygiidae","Helcogrammoides","Helcogrammoides cunninghami","GBIF","FishBase","Occurrence","FishBase","1","1978","7"
"149878722","-42.8933","-64.7133","AR","ARGENTINA","1978-07-21","Animalia","Chordata","Actinopterygii","Perciformes","Tripterygiidae","Helcogrammoides","Helcogrammoides cunninghami","GBIF","USNM","Vertebrate Zoology; Fishes","National Museum of Natural History","2","1978","7"
"52687625","-42.7333","-65.027","AR","ARGENTINA","1995-04-20","Animalia","Chordata","Actinopterygii","Perciformes","Tripterygiidae","Helcogrammoides","Helcogrammoides cunninghami","GBIF","CENPAT-CONICET","CNPICT","Centro Nacional Patagonico - CONICET","1","1995","4"
"24774236","-47.75","-65.8833","AR","ARGENTINA","2001-11-15","Animalia","Chordata","Actinopterygii","Perciformes","Tripterygiidae","Helcogrammoides","Helcogrammoides cunninghami","GBIF","CENPAT-CONICET","CNPICTIO","Ocean Biogeographic Information System","2","2001","11"
"52687559","-42.6198","-64.868","AR","ARGENTINA","2004-05-06","Animalia","Chordata","Actinopterygii","Perciformes","Tripterygiidae","Helcogrammoides","Helcogrammoides cunninghami","GBIF","CENPAT-CONICET","CNPICT","Centro Nacional Patagonico - CONICET","1","2004","5"
"52692114","-54.6625","-65.264","AR","ARGENTINA"," ","Animalia","Chordata","Actinopterygii","Perciformes","Nototheniidae","Patagonotothen","Patagonotothen cornucola","GBIF","CENPAT-CONICET","CNPICT","Centro Nacional Patagonico - CONICET","1","1969","11"
"24773389","-47.75","-65.8833","AR","ARGENTINA"," ","Animalia","Chordata","Actinopterygii","Perciformes","Nototheniidae","Patagonotothen","Patagonotothen cornucola","GBIF","CENPAT-CONICET","CNPICTIO","Ocean Biogeographic Information System","4","1968","2"
"52692077","-47.75","-65.883","AR","ARGENTINA"," ","Animalia","Chordata","Actinopterygii","Perciformes","Nototheniidae","Patagonotothen","Patagonotothen cornucola","GBIF","CENPAT-CONICET","CNPICT","Centro Nacional Patagonico - CONICET","1","1968","2"
"216052884","-42.406","-64.6167","AR","ARGENTINA"," ","Animalia","Chordata","Actinopterygii","Perciformes","Nototheniidae","Patagonotothen","Patagonotothen cornucola","GBIF","CENPAT-CONICET","CNPICTIO","Centro Nacional Patagonico - CONICET","1","1983","4"
"24773381","-54.7833","-68.25","AR","ARGENTINA","1968-11-23","Animalia","Chordata","Actinopterygii","Perciformes","Nototheniidae","Patagonotothen","Patagonotothen cornucola","GBIF","CENPAT-CONICET","CNPICTIO","Ocean Biogeographic Information System","1","1968","11"
"52692826","-47.7515","-65.935","AR","ARGENTINA","1968-12-03","Animalia","Chordata","Actinopterygii","Perciformes","Nototheniidae","Patagonotothen","Patagonotothen cornucola","GBIF","CENPAT-CONICET","CNPICT","Centro Nacional Patagonico - CONICET","1","1968","12"
"24773408","-47.75","-65.8833","AR","ARGENTINA","1968-12-03","Animalia","Chordata","Actinopterygii","Perciformes","Nototheniidae","Patagonotothen","Patagonotothen cornucola","GBIF","CENPAT-CONICET","CNPICTIO","Ocean Biogeographic Information System","2","1968","12"
"52692829","-47.7515","-65.935","AR","ARGENTINA","1969-04-08","Animalia","Chordata","Actinopterygii","Perciformes","Nototheniidae","Patagonotothen","Patagonotothen cornucola","GBIF","CENPAT-CONICET","CNPICT","Centro Nacional Patagonico - CONICET","1","1969","4"
"24773471","-47.75","-65.8833","AR","ARGENTINA","1969-04-08","Animalia","Chordata","Actinopterygii","Perciformes","Nototheniidae","Patagonotothen","Patagonotothen cornucola","GBIF","CENPAT-CONICET","CNPICTIO","Ocean Biogeographic Information System","2","1969","4"
"24773442","-47.75","-65.8833","AR","ARGENTINA","1969-06-04","Animalia","Chordata","Actinopterygii","Perciformes","Nototheniidae","Patagonotothen","Patagonotothen cornucola","GBIF","CENPAT-CONICET","CNPICTIO","Ocean Biogeographic Information System","2","1969","6"
"52692833","-47.7501","-65.941","AR","ARGENTINA","1969-07-02","Animalia","Chordata","Actinopterygii","Perciformes","Nototheniidae","Patagonotothen","Patagonotothen cornucola","GBIF","CENPAT-CONICET","CNPICT","Centro Nacional Patagonico - CONICET","1","1969","7"
"24773472","-47.75","-65.8833","AR","ARGENTINA","1969-07-02","Animalia","Chordata","Actinopterygii","Perciformes","Nototheniidae","Patagonotothen","Patagonotothen cornucola","GBIF","CENPAT-CONICET","CNPICTIO","Ocean Biogeographic Information System","2","1969","7"
"52692840","-47.7501","-65.941","AR","ARGENTINA","1969-07-17","Animalia","Chordata","Actinopterygii","Perciformes","Nototheniidae","Patagonotothen","Patagonotothen cornucola","GBIF","CENPAT-CONICET","CNPICT","Centro Nacional Patagonico - CONICET","1","1969","7"
"24773412","-47.75","-65.8833","AR","ARGENTINA","1969-07-17","Animalia","Chordata","Actinopterygii","Perciformes","Nototheniidae","Patagonotothen","Patagonotothen cornucola","GBIF","CENPAT-CONICET","CNPICTIO","Ocean Biogeographic Information System","2","1969","7"
"24773444","-47.75","-65.8833","AR","ARGENTINA","1969-07-18","Animalia","Chordata","Actinopterygii","Perciformes","Nototheniidae","Patagonotothen","Patagonotothen cornucola","GBIF","CENPAT-CONICET","CNPICTIO","Ocean Biogeographic Information System","2","1969","7"
"24773492","-47.75","-65.8833","AR","ARGENTINA","1970-01-09","Animalia","Chordata","Actinopterygii","Perciformes","Nototheniidae","Patagonotothen","Patagonotothen cornucola","GBIF","CENPAT-CONICET","CNPICTIO","Ocean Biogeographic Information System","2","1970","1"
"24773500","-47.75","-65.8833","AR","ARGENTINA","1970-05-25","Animalia","Chordata","Actinopterygii","Perciformes","Nototheniidae","Patagonotothen","Patagonotothen cornucola","GBIF","CENPAT-CONICET","CNPICTIO","Ocean Biogeographic Information System","2","1970","5"
"24773497","-47.75","-65.8833","AR","ARGENTINA","1970-07-14","Animalia","Chordata","Actinopterygii","Perciformes","Nototheniidae","Patagonotothen","Patagonotothen cornucola","GBIF","CENPAT-CONICET","CNPICTIO","Ocean Biogeographic Information System","2","1970","7"
"24773499","-47.75","-65.8833","AR","ARGENTINA","1970-07-23","Animalia","Chordata","Actinopterygii","Perciformes","Nototheniidae","Patagonotothen","Patagonotothen cornucola","GBIF","CENPAT-CONICET","CNPICTIO","Ocean Biogeographic Information System","2","1970","7"
"24773501","-47.75","-65.8833","AR","ARGENTINA","1970-09-09","Animalia","Chordata","Actinopterygii","Perciformes","Nototheniidae","Patagonotothen","Patagonotothen cornucola","GBIF","CENPAT-CONICET","CNPICTIO","Ocean Biogeographic Information System","2","1970","9"
"24773569","-47.75","-65.8833","AR","ARGENTINA","1972-01-23","Animalia","Chordata","Actinopterygii","Perciformes","Nototheniidae","Patagonotothen","Patagonotothen cornucola","GBIF","CENPAT-CONICET","CNPICTIO","Ocean Biogeographic Information System","2","1972","1"
"52692248","-47.7515","-65.935","AR","ARGENTINA","1972-02-18","Animalia","Chordata","Actinopterygii","Perciformes","Nototheniidae","Patagonotothen","Patagonotothen cornucola","GBIF","CENPAT-CONICET","CNPICT","Centro Nacional Patagonico - CONICET","1","1972","2"
"24773627","-47.75","-65.8833","AR","ARGENTINA","1972-02-18","Animalia","Chordata","Actinopterygii","Perciformes","Nototheniidae","Patagonotothen","Patagonotothen cornucola","GBIF","CENPAT-CONICET","CNPICTIO","Ocean Biogeographic Information System","2","1972","2"
"24773625","-47.75","-65.8833","AR","ARGENTINA","1972-03-17","Animalia","Chordata","Actinopterygii","Perciformes","Nototheniidae","Patagonotothen","Patagonotothen cornucola","GBIF","CENPAT-CONICET","CNPICTIO","Ocean Biogeographic Information System","2","1972","3"
"24773624","-47.75","-65.8833","AR","ARGENTINA","1972-04-24","Animalia","Chordata","Actinopterygii","Perciformes","Nototheniidae","Patagonotothen","Patagonotothen cornucola","GBIF","CENPAT-CONICET","CNPICTIO","Ocean Biogeographic Information System","2","1972","4"
"52692463","-47.7515","-65.935","AR","ARGENTINA","1991-12-19","Animalia","Chordata","Actinopterygii","Perciformes","Nototheniidae","Patagonotothen","Patagonotothen cornucola","GBIF","CENPAT-CONICET","CNPICT","Centro Nacional Patagonico - CONICET","1","1991","12"
"24773950","-47.75","-65.8833","AR","ARGENTINA","1991-12-19","Animalia","Chordata","Actinopterygii","Perciformes","Nototheniidae","Patagonotothen","Patagonotothen cornucola","GBIF","CENPAT-CONICET","CNPICTIO","Ocean Biogeographic Information System","2","1991","12"
"52692464","-47.7812","-66.069","AR","ARGENTINA","1991-12-21","Animalia","Chordata","Actinopterygii","Perciformes","Nototheniidae","Patagonotothen","Patagonotothen cornucola","GBIF","CENPAT-CONICET","CNPICT","Centro Nacional Patagonico - CONICET","1","1991","12"
"216053026","-47.7667","-66.0667","AR","ARGENTINA","1991-12-21","Animalia","Chordata","Actinopterygii","Perciformes","Nototheniidae","Patagonotothen","Patagonotothen cornucola","GBIF","CENPAT-CONICET","CNPICTIO","Centro Nacional Patagonico - CONICET","1","1991","12"
"189200030","-47.75","-65.9167","AR","ARGENTINA","1991-12-21","Animalia","Chordata","Actinopterygii","Perciformes","Nototheniidae","Patagonotothen","Patagonotothen cornucola","GBIF","FishBase","Occurrence","FishBase","1","1991","12"
"24904503","-47.75","-65.9167","AR","ARGENTINA","1991-12-21","Animalia","Chordata","Actinopterygii","Perciformes","Nototheniidae","Patagonotothen","Patagonotothen cornucola","GBIF","SAIAB","SAIAB","Ocean Biogeographic Information System","3","1991","12"
"24773952","-47.75","-65.8833","AR","ARGENTINA","1991-12-22","Animalia","Chordata","Actinopterygii","Perciformes","Nototheniidae","Patagonotothen","Patagonotothen cornucola","GBIF","CENPAT-CONICET","CNPICTIO","Ocean Biogeographic Information System","2","1991","12"
"24773978","-47.75","-65.8833","AR","ARGENTINA","1992-07-01","Animalia","Chordata","Actinopterygii","Perciformes","Nototheniidae","Patagonotothen","Patagonotothen cornucola","GBIF","CENPAT-CONICET","CNPICTIO","Ocean Biogeographic Information System","2","1992","7"
"52692474","-47.75","-65.883","AR","ARGENTINA","1992-07-01","Animalia","Chordata","Actinopterygii","Perciformes","Nototheniidae","Patagonotothen","Patagonotothen cornucola","GBIF","CENPAT-CONICET","CNPICT","Centro Nacional Patagonico - CONICET","1","1992","7"
"24773988","-47.75","-65.8833","AR","ARGENTINA","1992-07-02","Animalia","Chordata","Actinopterygii","Perciformes","Nototheniidae","Patagonotothen","Patagonotothen cornucola","GBIF","CENPAT-CONICET","CNPICTIO","Ocean Biogeographic Information System","2","1992","7"
"52692584","-47.7501","-65.941","AR","ARGENTINA","1996-02-27","Animalia","Chordata","Actinopterygii","Perciformes","Nototheniidae","Patagonotothen","Patagonotothen cornucola","GBIF","CENPAT-CONICET","CNPICT","Centro Nacional Patagonico - CONICET","1","1996","2"
"24774113","-47.75","-65.8833","AR","ARGENTINA","1996-02-27","Animalia","Chordata","Actinopterygii","Perciformes","Nototheniidae","Patagonotothen","Patagonotothen cornucola","GBIF","CENPAT-CONICET","CNPICTIO","Ocean Biogeographic Information System","2","1996","2"
"52692612","-42.7811","-66.015","AR","ARGENTINA","1998-06-22","Animalia","Chordata","Actinopterygii","Perciformes","Nototheniidae","Patagonotothen","Patagonotothen cornucola","GBIF","CENPAT-CONICET","CNPICT","Centro Nacional Patagonico - CONICET","1","1998","6"
"238934624","-47.7515","-65.935","AR","ARGENTINA","2006-06-27","Animalia","Chordata","Actinopterygii","Perciformes","Nototheniidae","Acanthistius","Patagonotothen cornucola","GBIF","CENPAT-CONICET","CNPICT","Centro Nacional Patagonico - CONICET","1","2006","6"
"52692498","-42.7167","-65.283","AR","ARGENTINA","1993-09-09","Animalia","Chordata","Actinopterygii","Perciformes","Pinguipedidae","Pinguipes","Pinguipes brasilianus","GBIF","CENPAT-CONICET","CNPICT","Centro Nacional Patagonico - CONICET","1","1993","9"
"52692515","-42.7167","-65.283","AR","ARGENTINA","1994-10-26","Animalia","Chordata","Actinopterygii","Perciformes","Pinguipedidae","Pinguipes","Pinguipes brasilianus","GBIF","CENPAT-CONICET","CNPICT","Centro Nacional Patagonico - CONICET","1","1994","10"
"216053782","-42.3167","-64.0333","AR","ARGENTINA","1994-01-25","Animalia","Chordata","Actinopterygii","Perciformes","Centrolophidae","Seriolella","Seriolella porosa","GBIF","CENPAT-CONICET","CNPICTIO","Centro Nacional Patagonico - CONICET","1","1994","1"
"52692625","-42.6589","-64.987","AR","ARGENTINA","2000-04-26","Animalia","Chordata","Actinopterygii","Perciformes","Centrolophidae","Seriolella","Seriolella porosa","GBIF","CENPAT-CONICET","CNPICT","Centro Nacional Patagonico - CONICET","1","2000","4"
"216053828","-42.6447","-64.9708","AR","ARGENTINA","2000-04-26","Animalia","Chordata","Actinopterygii","Perciformes","Centrolophidae","Seriolella","Seriolella porosa","GBIF","CENPAT-CONICET","CNPICTIO","Centro Nacional Patagonico - CONICET","1","2000","4"
"189208467","-40.75","-63","AR","ARGENTINA"," ","Animalia","Chordata","Actinopterygii","Perciformes","Percichthyidae","Percichthys","Percichthys trucha","GBIF","FishBase","Occurrence","FishBase","1","",""
"197958657","-40.75","-63","AR","ARGENTINA"," ","Animalia","Chordata","Actinopterygii","Perciformes","Percichthyidae","Percichthys","Percichthys trucha","GBIF","MNHN","56192","Ocean Biogeographic Information System","1","",""
"233844575","-41.0676","-71.5729","AR","ARGENTINA","2002-11-30","Animalia","Chordata","Actinopterygii","Perciformes","Percichthyidae","Percichthys","Percichthys trucha","GBIF","APN-AR","FUENTES","Administración de Parques Nacionales, Argentina","1","2002","11"
"197581114","-42.7667","-65.05","AR","ARGENTINA"," ","Animalia","Chordata","Actinopterygii","Perciformes","Bovichtidae","Bovichtus","Bovichtus argentinus","GBIF","RUSI","717717","Ocean Biogeographic Information System","1","",""
"188682100","-42.7667","-65.05","AR","ARGENTINA","1992-04-25","Animalia","Chordata","Actinopterygii","Perciformes","Bovichtidae","Bovichtus","Bovichtus argentinus","GBIF","FishBase","Occurrence","FishBase","1","1992","4"
"24873546","-42.7667","-65.05","AR","ARGENTINA","1992-04-25","Animalia","Chordata","Actinopterygii","Perciformes","Bovichtidae","Bovichtus","Bovichtus argentinus","GBIF","SAIAB","SAIAB","Ocean Biogeographic Information System","3","1992","4"
"24774346","-47.75","-65.8833","AR","ARGENTINA"," ","Animalia","Chordata","Actinopterygii","Clupeiformes","Clupeidae","Ramnogaster","Ramnogaster arcuata","GBIF","CENPAT-CONICET","CNPICTIO","Ocean Biogeographic Information System","2","1965",""
"52692056","-47.75","-65.883","AR","ARGENTINA"," ","Animalia","Chordata","Actinopterygii","Clupeiformes","Clupeidae","Ramnogaster","Ramnogaster arcuata","GBIF","CENPAT-CONICET","CNPICT","Centro Nacional Patagonico - CONICET","1","1965",""
"198023643","-43","-65","AR","ARGENTINA"," ","Animalia","Chordata","Actinopterygii","Clupeiformes","Clupeidae","Ramnogaster","Ramnogaster arcuata","GBIF","BMNH","502655","Ocean Biogeographic Information System","1","",""
"52692052","-47.7548","-65.899","AR","ARGENTINA","1962-11-11","Animalia","Chordata","Actinopterygii","Clupeiformes","Clupeidae","Ramnogaster","Ramnogaster arcuata","GBIF","CENPAT-CONICET","CNPICT","Centro Nacional Patagonico - CONICET","1","1962","11"
"24774340","-47.75","-65.8833","AR","ARGENTINA","1962-11-11","Animalia","Chordata","Actinopterygii","Clupeiformes","Clupeidae","Ramnogaster","Ramnogaster arcuata","GBIF","CENPAT-CONICET","CNPICTIO","Ocean Biogeographic Information System","2","1962","11"
"52692255","-47.7515","-65.935","AR","ARGENTINA","1972-01-28","Animalia","Chordata","Actinopterygii","Clupeiformes","Clupeidae","Ramnogaster","Ramnogaster arcuata","GBIF","CENPAT-CONICET","CNPICT","Centro Nacional Patagonico - CONICET","1","1972","1"
"24774489","-47.75","-65.8833","AR","ARGENTINA","1972-01-28","Animalia","Chordata","Actinopterygii","Clupeiformes","Clupeidae","Ramnogaster","Ramnogaster arcuata","GBIF","CENPAT-CONICET","CNPICTIO","Ocean Biogeographic Information System","2","1972","1"
"216052702","-47.7539","-65.9892","AR","ARGENTINA"," ","Animalia","Chordata","Actinopterygii","Perciformes","Zoarcidae","Iluocoetes","Iluocoetes elongatus","GBIF","CENPAT-CONICET","CNPICTIO","Centro Nacional Patagonico - CONICET","1","1971","1"
"197810281","-47.75","-65.9167","AR","ARGENTINA"," ","Animalia","Chordata","Actinopterygii","Perciformes","Zoarcidae","Iluocoetes","Iluocoetes elongatus","GBIF","RUSI","717245","Ocean Biogeographic Information System","2","",""
"24773369","-47.75","-65.8833","AR","ARGENTINA"," ","Animalia","Chordata","Actinopterygii","Perciformes","Zoarcidae","Iluocoetes","Iluocoetes elongatus","GBIF","CENPAT-CONICET","CNPICTIO","Ocean Biogeographic Information System","2","1967","9"
"52686893","-47.75","-65.883","AR","ARGENTINA"," ","Animalia","Chordata","Actinopterygii","Perciformes","Zoarcidae","Iluocoetes","Iluocoetes elongatus","GBIF","CENPAT-CONICET","CNPICT","Centro Nacional Patagonico - CONICET","1","1967","9"
"197808793","-47.7","-65.9167","AR","ARGENTINA"," ","Animalia","Chordata","Actinopterygii","Perciformes","Zoarcidae","Iluocoetes","Iluocoetes elongatus","GBIF","CAS","271070","Ocean Biogeographic Information System","1","",""
"24773365","-47.75","-65.8833","AR","ARGENTINA","1964-02-26","Animalia","Chordata","Actinopterygii","Perciformes","Zoarcidae","Iluocoetes","Iluocoetes elongatus","GBIF","CENPAT-CONICET","CNPICTIO","Ocean Biogeographic Information System","2","1964","2"
"24773391","-47.75","-65.8833","AR","ARGENTINA","1968-05-06","Animalia","Chordata","Actinopterygii","Perciformes","Zoarcidae","Iluocoetes","Iluocoetes elongatus","GBIF","CENPAT-CONICET","CNPICTIO","Ocean Biogeographic Information System","2","1968","5"
"52686910","-47.75","-65.883","AR","ARGENTINA","1968-05-06","Animalia","Chordata","Actinopterygii","Perciformes","Zoarcidae","Iluocoetes","Iluocoetes elongatus","GBIF","CENPAT-CONICET","CNPICT","Centro Nacional Patagonico - CONICET","1","1968","5"
"24773452","-47.75","-65.8833","AR","ARGENTINA","1969-02-19","Animalia","Chordata","Actinopterygii","Perciformes","Zoarcidae","Iluocoetes","Iluocoetes elongatus","GBIF","CENPAT-CONICET","CNPICTIO","Ocean Biogeographic Information System","2","1969","2"
"52686973","-47.7515","-65.935","AR","ARGENTINA","1969-04-08","Animalia","Chordata","Actinopterygii","Perciformes","Zoarcidae","Iluocoetes","Iluocoetes elongatus","GBIF","CENPAT-CONICET","CNPICT","Centro Nacional Patagonico - CONICET","1","1969","4"
"24773463","-47.75","-65.8833","AR","ARGENTINA","1969-04-08","Animalia","Chordata","Actinopterygii","Perciformes","Zoarcidae","Iluocoetes","Iluocoetes elongatus","GBIF","CENPAT-CONICET","CNPICTIO","Ocean Biogeographic Information System","2","1969","4"
"241287736","-47.7","-65.917","AR","ARGENTINA","1969-04-08","Animalia","Chordata","Actinopterygii","Perciformes","Zoarcidae","Iluocoetes","Iluocoetes elongatus","GBIF","USNM","Vertebrate Zoology; Fishes","National Museum of Natural History","1","1969","4"
"189008273","-47.7","-65.9167","AR","ARGENTINA","1969-04-08","Animalia","Chordata","Actinopterygii","Perciformes","Zoarcidae","Iluocoetes","Iluocoetes elongatus","GBIF","FishBase","Occurrence","FishBase","1","1969","4"
"149894364","-47.7","-65.9","AR","ARGENTINA","1969-04-08","Animalia","Chordata","Actinopterygii","Perciformes","Zoarcidae","Iluocoetes","Iluocoetes elongatus","GBIF","USNM","Vertebrate Zoology; Fishes","National Museum of Natural History","1","1969","4"
"52686969","-47.7515","-65.935","AR","ARGENTINA","1969-05-06","Animalia","Chordata","Actinopterygii","Perciformes","Zoarcidae","Iluocoetes","Iluocoetes elongatus","GBIF","CENPAT-CONICET","CNPICT","Centro Nacional Patagonico - CONICET","1","1969","5"
"24773459","-47.75","-65.8833","AR","ARGENTINA","1969-05-06","Animalia","Chordata","Actinopterygii","Perciformes","Zoarcidae","Iluocoetes","Iluocoetes elongatus","GBIF","CENPAT-CONICET","CNPICTIO","Ocean Biogeographic Information System","4","1969","5"
"52686970","-47.7515","-65.935","AR","ARGENTINA","1969-06-02","Animalia","Chordata","Actinopterygii","Perciformes","Zoarcidae","Iluocoetes","Iluocoetes elongatus","GBIF","CENPAT-CONICET","CNPICT","Centro Nacional Patagonico - CONICET","1","1969","6"
"24773460","-47.75","-65.8833","AR","ARGENTINA","1969-06-02","Animalia","Chordata","Actinopterygii","Perciformes","Zoarcidae","Iluocoetes","Iluocoetes elongatus","GBIF","CENPAT-CONICET","CNPICTIO","Ocean Biogeographic Information System","2","1969","6"
"52686967","-47.7515","-65.935","AR","ARGENTINA","1969-06-03","Animalia","Chordata","Actinopterygii","Perciformes","Zoarcidae","Iluocoetes","Iluocoetes elongatus","GBIF","CENPAT-CONICET","CNPICT","Centro Nacional Patagonico - CONICET","1","1969","6"
"24773453","-47.75","-65.8833","AR","ARGENTINA","1969-06-03","Animalia","Chordata","Actinopterygii","Perciformes","Zoarcidae","Iluocoetes","Iluocoetes elongatus","GBIF","CENPAT-CONICET","CNPICTIO","Ocean Biogeographic Information System","4","1969","6"
"52686976","-47.7515","-65.935","AR","ARGENTINA","1969-06-11","Animalia","Chordata","Actinopterygii","Perciformes","Zoarcidae","Iluocoetes","Iluocoetes elongatus","GBIF","CENPAT-CONICET","CNPICT","Centro Nacional Patagonico - CONICET","1","1969","6"
"24773466","-47.75","-65.8833","AR","ARGENTINA","1969-06-11","Animalia","Chordata","Actinopterygii","Perciformes","Zoarcidae","Iluocoetes","Iluocoetes elongatus","GBIF","CENPAT-CONICET","CNPICTIO","Ocean Biogeographic Information System","2","1969","6"
"52686966","-47.7515","-65.935","AR","ARGENTINA","1969-07-02","Animalia","Chordata","Actinopterygii","Perciformes","Zoarcidae","Iluocoetes","Iluocoetes elongatus","GBIF","CENPAT-CONICET","CNPICT","Centro Nacional Patagonico - CONICET","1","1969","7"
"24773455","-47.75","-65.8833","AR","ARGENTINA","1969-07-02","Animalia","Chordata","Actinopterygii","Perciformes","Zoarcidae","Iluocoetes","Iluocoetes elongatus","GBIF","CENPAT-CONICET","CNPICTIO","Ocean Biogeographic Information System","2","1969","7"
"52686979","-47.7501","-65.941","AR","ARGENTINA","1969-07-05","Animalia","Chordata","Actinopterygii","Perciformes","Zoarcidae","Iluocoetes","Iluocoetes elongatus","GBIF","CENPAT-CONICET","CNPICT","Centro Nacional Patagonico - CONICET","1","1969","7"
"24773470","-47.75","-65.8833","AR","ARGENTINA","1969-07-05","Animalia","Chordata","Actinopterygii","Perciformes","Zoarcidae","Iluocoetes","Iluocoetes elongatus","GBIF","CENPAT-CONICET","CNPICTIO","Ocean Biogeographic Information System","2","1969","7"
"24773458","-47.75","-65.8833","AR","ARGENTINA","1969-07-07","Animalia","Chordata","Actinopterygii","Perciformes","Zoarcidae","Iluocoetes","Iluocoetes elongatus","GBIF","CENPAT-CONICET","CNPICTIO","Ocean Biogeographic Information System","2","1969","7"
"52686977","-47.7515","-65.935","AR","ARGENTINA","1969-07-18","Animalia","Chordata","Actinopterygii","Perciformes","Zoarcidae","Iluocoetes","Iluocoetes elongatus","GBIF","CENPAT-CONICET","CNPICT","Centro Nacional Patagonico - CONICET","1","1969","7"
"24773454","-47.75","-65.8833","AR","ARGENTINA","1969-07-18","Animalia","Chordata","Actinopterygii","Perciformes","Zoarcidae","Iluocoetes","Iluocoetes elongatus","GBIF","CENPAT-CONICET","CNPICTIO","Ocean Biogeographic Information System","4","1969","7"
"52686971","-47.7515","-65.935","AR","ARGENTINA","1969-09-04","Animalia","Chordata","Actinopterygii","Perciformes","Zoarcidae","Iluocoetes","Iluocoetes elongatus","GBIF","CENPAT-CONICET","CNPICT","Centro Nacional Patagonico - CONICET","1","1969","9"
"24773461","-47.75","-65.8833","AR","ARGENTINA","1969-09-04","Animalia","Chordata","Actinopterygii","Perciformes","Zoarcidae","Iluocoetes","Iluocoetes elongatus","GBIF","CENPAT-CONICET","CNPICTIO","Ocean Biogeographic Information System","2","1969","9"
"52686974","-47.7515","-65.935","AR","ARGENTINA","1969-09-15","Animalia","Chordata","Actinopterygii","Perciformes","Zoarcidae","Iluocoetes","Iluocoetes elongatus","GBIF","CENPAT-CONICET","CNPICT","Centro Nacional Patagonico - CONICET","1","1969","9"
"24773464","-47.75","-65.8833","AR","ARGENTINA","1969-09-15","Animalia","Chordata","Actinopterygii","Perciformes","Zoarcidae","Iluocoetes","Iluocoetes elongatus","GBIF","CENPAT-CONICET","CNPICTIO","Ocean Biogeographic Information System","2","1969","9"
"24773469","-47.75","-65.8833","AR","ARGENTINA","1969-09-20","Animalia","Chordata","Actinopterygii","Perciformes","Zoarcidae","Iluocoetes","Iluocoetes elongatus","GBIF","CENPAT-CONICET","CNPICTIO","Ocean Biogeographic Information System","2","1969","9"
"52686975","-47.7515","-65.935","AR","ARGENTINA","1969-10-01","Animalia","Chordata","Actinopterygii","Perciformes","Zoarcidae","Iluocoetes","Iluocoetes elongatus","GBIF","CENPAT-CONICET","CNPICT","Centro Nacional Patagonico - CONICET","1","1969","10"
"24773465","-47.75","-65.8833","AR","ARGENTINA","1969-10-01","Animalia","Chordata","Actinopterygii","Perciformes","Zoarcidae","Iluocoetes","Iluocoetes elongatus","GBIF","CENPAT-CONICET","CNPICTIO","Ocean Biogeographic Information System","2","1969","10"
"52687023","-47.7515","-65.935","AR","ARGENTINA","1970-01-05","Animalia","Chordata","Actinopterygii","Perciformes","Zoarcidae","Iluocoetes","Iluocoetes elongatus","GBIF","CENPAT-CONICET","CNPICT","Centro Nacional Patagonico - CONICET","1","1970","1"
"24773522","-47.75","-65.8833","AR","ARGENTINA","1970-01-05","Animalia","Chordata","Actinopterygii","Perciformes","Zoarcidae","Iluocoetes","Iluocoetes elongatus","GBIF","CENPAT-CONICET","CNPICTIO","Ocean Biogeographic Information System","2","1970","1"
"24773515","-47.75","-65.8833","AR","ARGENTINA","1970-01-09","Animalia","Chordata","Actinopterygii","Perciformes","Zoarcidae","Iluocoetes","Iluocoetes elongatus","GBIF","CENPAT-CONICET","CNPICTIO","Ocean Biogeographic Information System","2","1970","1"
"52687024","-47.7515","-65.935","AR","ARGENTINA","1970-01-20","Animalia","Chordata","Actinopterygii","Perciformes","Zoarcidae","Iluocoetes","Iluocoetes elongatus","GBIF","CENPAT-CONICET","CNPICT","Centro Nacional Patagonico - CONICET","1","1970","1"
"24773523","-47.75","-65.8833","AR","ARGENTINA","1970-01-20","Animalia","Chordata","Actinopterygii","Perciformes","Zoarcidae","Iluocoetes","Iluocoetes elongatus","GBIF","CENPAT-CONICET","CNPICTIO","Ocean Biogeographic Information System","2","1970","1"
"52687007","-47.7515","-65.935","AR","ARGENTINA","1970-02-13","Animalia","Chordata","Actinopterygii","Perciformes","Zoarcidae","Iluocoetes","Iluocoetes elongatus","GBIF","CENPAT-CONICET","CNPICT","Centro Nacional Patagonico - CONICET","2","1970","2"
"24773504","-47.75","-65.8833","AR","ARGENTINA","1970-02-13","Animalia","Chordata","Actinopterygii","Perciformes","Zoarcidae","Iluocoetes","Iluocoetes elongatus","GBIF","CENPAT-CONICET","CNPICTIO","Ocean Biogeographic Information System","4","1970","2"
"52687028","-47.7515","-65.935","AR","ARGENTINA","1970-03-04","Animalia","Chordata","Actinopterygii","Perciformes","Zoarcidae","Iluocoetes","Iluocoetes elongatus","GBIF","CENPAT-CONICET","CNPICT","Centro Nacional Patagonico - CONICET","1","1970","3"
"24773527","-47.75","-65.8833","AR","ARGENTINA","1970-03-04","Animalia","Chordata","Actinopterygii","Perciformes","Zoarcidae","Iluocoetes","Iluocoetes elongatus","GBIF","CENPAT-CONICET","CNPICTIO","Ocean Biogeographic Information System","2","1970","3"
"52687006","-47.7515","-65.935","AR","ARGENTINA","1970-03-05","Animalia","Chordata","Actinopterygii","Perciformes","Zoarcidae","Iluocoetes","Iluocoetes elongatus","GBIF","CENPAT-CONICET","CNPICT","Centro Nacional Patagonico - CONICET","1","1970","3"
"24773503","-47.75","-65.8833","AR","ARGENTINA","1970-03-05","Animalia","Chordata","Actinopterygii","Perciformes","Zoarcidae","Iluocoetes","Iluocoetes elongatus","GBIF","CENPAT-CONICET","CNPICTIO","Ocean Biogeographic Information System","2","1970","3"
"52687005","-47.7515","-65.935","AR","ARGENTINA","1970-04-07","Animalia","Chordata","Actinopterygii","Perciformes","Zoarcidae","Iluocoetes","Iluocoetes elongatus","GBIF","CENPAT-CONICET","CNPICT","Centro Nacional Patagonico - CONICET","2","1970","4"
"24773502","-47.75","-65.8833","AR","ARGENTINA","1970-04-07","Animalia","Chordata","Actinopterygii","Perciformes","Zoarcidae","Iluocoetes","Iluocoetes elongatus","GBIF","CENPAT-CONICET","CNPICTIO","Ocean Biogeographic Information System","4","1970","4"
"52687022","-47.7515","-65.935","AR","ARGENTINA","1970-05-01","Animalia","Chordata","Actinopterygii","Perciformes","Zoarcidae","Iluocoetes","Iluocoetes elongatus","GBIF","CENPAT-CONICET","CNPICT","Centro Nacional Patagonico - CONICET","1","1970","5"
"24773521","-47.75","-65.8833","AR","ARGENTINA","1970-05-01","Animalia","Chordata","Actinopterygii","Perciformes","Zoarcidae","Iluocoetes","Iluocoetes elongatus","GBIF","CENPAT-CONICET","CNPICTIO","Ocean Biogeographic Information System","2","1970","5"
"52687029","-47.7529","-65.968","AR","ARGENTINA","1970-05-29","Animalia","Chordata","Actinopterygii","Perciformes","Zoarcidae","Iluocoetes","Iluocoetes elongatus","GBIF","CENPAT-CONICET","CNPICT","Centro Nacional Patagonico - CONICET","1","1970","5"
"24773528","-47.75","-65.8833","AR","ARGENTINA","1970-05-29","Animalia","Chordata","Actinopterygii","Perciformes","Zoarcidae","Iluocoetes","Iluocoetes elongatus","GBIF","CENPAT-CONICET","CNPICTIO","Ocean Biogeographic Information System","2","1970","5"
"52687019","-47.7515","-65.935","AR","ARGENTINA","1970-06-15","Animalia","Chordata","Actinopterygii","Perciformes","Zoarcidae","Iluocoetes","Iluocoetes elongatus","GBIF","CENPAT-CONICET","CNPICT","Centro Nacional Patagonico - CONICET","1","1970","6"
"24773517","-47.75","-65.8833","AR","ARGENTINA","1970-06-15","Animalia","Chordata","Actinopterygii","Perciformes","Zoarcidae","Iluocoetes","Iluocoetes elongatus","GBIF","CENPAT-CONICET","CNPICTIO","Ocean Biogeographic Information System","2","1970","6"
"52687020","-47.7515","-65.935","AR","ARGENTINA","1970-06-24","Animalia","Chordata","Actinopterygii","Perciformes","Zoarcidae","Iluocoetes","Iluocoetes elongatus","GBIF","CENPAT-CONICET","CNPICT","Centro Nacional Patagonico - CONICET","1","1970","6"
"24773518","-47.75","-65.8833","AR","ARGENTINA","1970-06-24","Animalia","Chordata","Actinopterygii","Perciformes","Zoarcidae","Iluocoetes","Iluocoetes elongatus","GBIF","CENPAT-CONICET","CNPICTIO","Ocean Biogeographic Information System","2","1970","6"
"52687018","-47.7501","-65.891","AR","ARGENTINA","1970-07-19","Animalia","Chordata","Actinopterygii","Perciformes","Zoarcidae","Iluocoetes","Iluocoetes elongatus","GBIF","CENPAT-CONICET","CNPICT","Centro Nacional Patagonico - CONICET","1","1970","7"
"24773516","-47.75","-65.8833","AR","ARGENTINA","1970-07-19","Animalia","Chordata","Actinopterygii","Perciformes","Zoarcidae","Iluocoetes","Iluocoetes elongatus","GBIF","CENPAT-CONICET","CNPICTIO","Ocean Biogeographic Information System","2","1970","7"
"52687021","-47.7515","-65.935","AR","ARGENTINA","1970-09-04","Animalia","Chordata","Actinopterygii","Perciformes","Zoarcidae","Iluocoetes","Iluocoetes elongatus","GBIF","CENPAT-CONICET","CNPICT","Centro Nacional Patagonico - CONICET","1","1970","9"
"24773520","-47.75","-65.8833","AR","ARGENTINA","1970-09-04","Animalia","Chordata","Actinopterygii","Perciformes","Zoarcidae","Iluocoetes","Iluocoetes elongatus","GBIF","CENPAT-CONICET","CNPICTIO","Ocean Biogeographic Information System","2","1970","9"
"24773514","-47.75","-65.8833","AR","ARGENTINA","1970-09-09","Animalia","Chordata","Actinopterygii","Perciformes","Zoarcidae","Iluocoetes","Iluocoetes elongatus","GBIF","CENPAT-CONICET","CNPICTIO","Ocean Biogeographic Information System","2","1970","9"
"52687027","-47.7515","-65.935","AR","ARGENTINA","1970-12-10","Animalia","Chordata","Actinopterygii","Perciformes","Zoarcidae","Iluocoetes","Iluocoetes elongatus","GBIF","CENPAT-CONICET","CNPICT","Centro Nacional Patagonico - CONICET","1","1970","12"
"24773526","-47.75","-65.8833","AR","ARGENTINA","1970-12-10","Animalia","Chordata","Actinopterygii","Perciformes","Zoarcidae","Iluocoetes","Iluocoetes elongatus","GBIF","CENPAT-CONICET","CNPICTIO","Ocean Biogeographic Information System","2","1970","12"
"52687050","-47.7501","-65.891","AR","ARGENTINA","1971-02-04","Animalia","Chordata","Actinopterygii","Perciformes","Zoarcidae","Iluocoetes","Iluocoetes elongatus","GBIF","CENPAT-CONICET","CNPICT","Centro Nacional Patagonico - CONICET","1","1971","2"
"24773553","-47.75","-65.8833","AR","ARGENTINA","1971-02-04","Animalia","Chordata","Actinopterygii","Perciformes","Zoarcidae","Iluocoetes","Iluocoetes elongatus","GBIF","CENPAT-CONICET","CNPICTIO","Ocean Biogeographic Information System","2","1971","2"
"52687046","-47.7515","-65.885","AR","ARGENTINA","1971-03-22","Animalia","Chordata","Actinopterygii","Perciformes","Zoarcidae","Iluocoetes","Iluocoetes elongatus","GBIF","CENPAT-CONICET","CNPICT","Centro Nacional Patagonico - CONICET","1","1971","3"
"24773548","-47.75","-65.8833","AR","ARGENTINA","1971-03-22","Animalia","Chordata","Actinopterygii","Perciformes","Zoarcidae","Iluocoetes","Iluocoetes elongatus","GBIF","CENPAT-CONICET","CNPICTIO","Ocean Biogeographic Information System","2","1971","3"
"216052704","-47.75","-65.9333","AR","ARGENTINA","1971-05-20","Animalia","Chordata","Actinopterygii","Perciformes","Zoarcidae","Iluocoetes","Iluocoetes elongatus","GBIF","CENPAT-CONICET","CNPICTIO","Centro Nacional Patagonico - CONICET","1","1971","5"
"24773566","-47.75","-65.8833","AR","ARGENTINA","1971-05-27","Animalia","Chordata","Actinopterygii","Perciformes","Zoarcidae","Iluocoetes","Iluocoetes elongatus","GBIF","CENPAT-CONICET","CNPICTIO","Ocean Biogeographic Information System","2","1971","5"
"52687076","-47.7515","-65.935","AR","ARGENTINA","1972-02-18","Animalia","Chordata","Actinopterygii","Perciformes","Zoarcidae","Iluocoetes","Iluocoetes elongatus","GBIF","CENPAT-CONICET","CNPICT","Centro Nacional Patagonico - CONICET","1","1972","2"
"24773607","-47.75","-65.8833","AR","ARGENTINA","1972-02-18","Animalia","Chordata","Actinopterygii","Perciformes","Zoarcidae","Iluocoetes","Iluocoetes elongatus","GBIF","CENPAT-CONICET","CNPICTIO","Ocean Biogeographic Information System","2","1972","2"
"52687108","-47.7515","-65.935","AR","ARGENTINA","1972-02-22","Animalia","Chordata","Actinopterygii","Perciformes","Zoarcidae","Iluocoetes","Iluocoetes elongatus","GBIF","CENPAT-CONICET","CNPICT","Centro Nacional Patagonico - CONICET","1","1972","2"
"24773576","-47.75","-65.8833","AR","ARGENTINA","1972-02-22","Animalia","Chordata","Actinopterygii","Perciformes","Zoarcidae","Iluocoetes","Iluocoetes elongatus","GBIF","CENPAT-CONICET","CNPICTIO","Ocean Biogeographic Information System","2","1972","2"
"52687077","-47.7515","-65.935","AR","ARGENTINA","1972-03-13","Animalia","Chordata","Actinopterygii","Perciformes","Zoarcidae","Iluocoetes","Iluocoetes elongatus","GBIF","CENPAT-CONICET","CNPICT","Centro Nacional Patagonico - CONICET","1","1972","3"
"24773608","-47.75","-65.8833","AR","ARGENTINA","1972-03-13","Animalia","Chordata","Actinopterygii","Perciformes","Zoarcidae","Iluocoetes","Iluocoetes elongatus","GBIF","CENPAT-CONICET","CNPICTIO","Ocean Biogeographic Information System","2","1972","3"
"52687078","-47.7515","-65.935","AR","ARGENTINA","1972-03-17","Animalia","Chordata","Actinopterygii","Perciformes","Zoarcidae","Iluocoetes","Iluocoetes elongatus","GBIF","CENPAT-CONICET","CNPICT","Centro Nacional Patagonico - CONICET","1","1972","3"
"24773575","-47.75","-65.8833","AR","ARGENTINA","1972-03-17","Animalia","Chordata","Actinopterygii","Perciformes","Zoarcidae","Iluocoetes","Iluocoetes elongatus","GBIF","CENPAT-CONICET","CNPICTIO","Ocean Biogeographic Information System","4","1972","3"
"52687079","-47.7515","-65.935","AR","ARGENTINA","1972-04-10","Animalia","Chordata","Actinopterygii","Perciformes","Zoarcidae","Iluocoetes","Iluocoetes elongatus","GBIF","CENPAT-CONICET","CNPICT","Centro Nacional Patagonico - CONICET","1","1972","4"
"24773610","-47.75","-65.8833","AR","ARGENTINA","1972-04-10","Animalia","Chordata","Actinopterygii","Perciformes","Zoarcidae","Iluocoetes","Iluocoetes elongatus","GBIF","CENPAT-CONICET","CNPICTIO","Ocean Biogeographic Information System","2","1972","4"
"24773579","-47.75","-65.88","AR","ARGENTINA","1972-04-17","Animalia","Chordata","Actinopterygii","Perciformes","Zoarcidae","Iluocoetes","Iluocoetes elongatus","GBIF","CENPAT-CONICET","CNPICTIO","Ocean Biogeographic Information System","2","1972","4"
"24773574","-47.75","-65.8833","AR","ARGENTINA","1972-04-24","Animalia","Chordata","Actinopterygii","Perciformes","Zoarcidae","Iluocoetes","Iluocoetes elongatus","GBIF","CENPAT-CONICET","CNPICTIO","Ocean Biogeographic Information System","2","1972","4"
"24773573","-47.75","-65.8833","AR","ARGENTINA","1972-05-04","Animalia","Chordata","Actinopterygii","Perciformes","Zoarcidae","Iluocoetes","Iluocoetes elongatus","GBIF","CENPAT-CONICET","CNPICTIO","Ocean Biogeographic Information System","2","1972","5"
"24773580","-47.75","-65.8833","AR","ARGENTINA","1972-05-15","Animalia","Chordata","Actinopterygii","Perciformes","Zoarcidae","Iluocoetes","Iluocoetes elongatus","GBIF","CENPAT-CONICET","CNPICTIO","Ocean Biogeographic Information System","2","1972","5"
"52687111","-47.75","-65.883","AR","ARGENTINA","1972-05-15","Animalia","Chordata","Actinopterygii","Perciformes","Zoarcidae","Iluocoetes","Iluocoetes elongatus","GBIF","CENPAT-CONICET","CNPICT","Centro Nacional Patagonico - CONICET","1","1972","5"
"24773577","-47.75","-65.8833","AR","ARGENTINA","1972-05-17","Animalia","Chordata","Actinopterygii","Perciformes","Zoarcidae","Iluocoetes","Iluocoetes elongatus","GBIF","CENPAT-CONICET","CNPICTIO","Ocean Biogeographic Information System","2","1972","5"
"24773581","-47.75","-65.8833","AR","ARGENTINA","1972-06-13","Animalia","Chordata","Actinopterygii","Perciformes","Zoarcidae","Iluocoetes","Iluocoetes elongatus","GBIF","CENPAT-CONICET","CNPICTIO","Ocean Biogeographic Information System","2","1972","6"
"24773632","-47.75","-65.88","AR","ARGENTINA","1972-07-13","Animalia","Chordata","Actinopterygii","Perciformes","Zoarcidae","Iluocoetes","Iluocoetes elongatus","GBIF","CENPAT-CONICET","CNPICTIO","Ocean Biogeographic Information System","2","1972","7"
"52687080","-47.7515","-65.935","AR","ARGENTINA","1972-09-08","Animalia","Chordata","Actinopterygii","Perciformes","Zoarcidae","Iluocoetes","Iluocoetes elongatus","GBIF","CENPAT-CONICET","CNPICT","Centro Nacional Patagonico - CONICET","1","1972","9"
"24773611","-47.75","-65.8833","AR","ARGENTINA","1972-09-08","Animalia","Chordata","Actinopterygii","Perciformes","Zoarcidae","Iluocoetes","Iluocoetes elongatus","GBIF","CENPAT-CONICET","CNPICTIO","Ocean Biogeographic Information System","2","1972","9"
"52687113","-47.7515","-65.935","AR","ARGENTINA","1972-10-25","Animalia","Chordata","Actinopterygii","Perciformes","Zoarcidae","Iluocoetes","Iluocoetes elongatus","GBIF","CENPAT-CONICET","CNPICT","Centro Nacional Patagonico - CONICET","1","1972","10"
"24773582","-47.75","-65.8833","AR","ARGENTINA","1972-10-25","Animalia","Chordata","Actinopterygii","Perciformes","Zoarcidae","Iluocoetes","Iluocoetes elongatus","GBIF","CENPAT-CONICET","CNPICTIO","Ocean Biogeographic Information System","2","1972","10"
"52687480","-47.7515","-65.935","AR","ARGENTINA","1991-12-19","Animalia","Chordata","Actinopterygii","Perciformes","Zoarcidae","Iluocoetes","Iluocoetes elongatus","GBIF","CENPAT-CONICET","CNPICT","Centro Nacional Patagonico - CONICET","1","1991","12"
"24773949","-47.75","-65.8833","AR","ARGENTINA","1991-12-19","Animalia","Chordata","Actinopterygii","Perciformes","Zoarcidae","Iluocoetes","Iluocoetes elongatus","GBIF","CENPAT-CONICET","CNPICTIO","Ocean Biogeographic Information System","2","1991","12"
"52687479","-47.7812","-66.069","AR","ARGENTINA","1991-12-21","Animalia","Chordata","Actinopterygii","Perciformes","Zoarcidae","Iluocoetes","Iluocoetes elongatus","GBIF","CENPAT-CONICET","CNPICT","Centro Nacional Patagonico - CONICET","1","1991","12"
"216053023","-47.7667","-66.0667","AR","ARGENTINA","1991-12-21","Animalia","Chordata","Actinopterygii","Perciformes","Zoarcidae","Iluocoetes","Iluocoetes elongatus","GBIF","CENPAT-CONICET","CNPICTIO","Centro Nacional Patagonico - CONICET","1","1991","12"
"189008265","-47.75","-65.9167","AR","ARGENTINA","1991-12-21","Animalia","Chordata","Actinopterygii","Perciformes","Zoarcidae","Iluocoetes","Iluocoetes elongatus","GBIF","FishBase","Occurrence","FishBase","2","1991","12"
"24895391","-47.75","-65.9167","AR","ARGENTINA","1991-12-21","Animalia","Chordata","Actinopterygii","Gadiformes","Zoarcidae","Iluocoetes","Iluocoetes elongatus","GBIF","SAIAB","SAIAB","Ocean Biogeographic Information System","6","1991","12"
"216052710","-47.7539","-65.9892","AR","ARGENTINA"," ","Animalia","Chordata","Actinopterygii","Perciformes","Eleginopidae","Eleginops","Eleginops maclovinus","GBIF","CENPAT-CONICET","CNPICTIO","Centro Nacional Patagonico - CONICET","1","1971","2"
"24773405","-47.75","-65.8833","AR","ARGENTINA"," ","Animalia","Chordata","Actinopterygii","Perciformes","Eleginopidae","Eleginops","Eleginops maclovinus","GBIF","CENPAT-CONICET","CNPICTIO","Ocean Biogeographic Information System","4","1968","2"
"52686894","-47.75","-65.883","AR","ARGENTINA"," ","Animalia","Chordata","Actinopterygii","Perciformes","Eleginopidae","Eleginops","Eleginops maclovinus","GBIF","CENPAT-CONICET","CNPICT","Centro Nacional Patagonico - CONICET","2","1968","2"
"52686895","-47.7515","-65.935","AR","ARGENTINA","1968-12-03","Animalia","Chordata","Actinopterygii","Perciformes","Eleginopidae","Eleginops","Eleginops maclovinus","GBIF","CENPAT-CONICET","CNPICT","Centro Nacional Patagonico - CONICET","1","1968","12"
"24773409","-47.75","-65.8833","AR","ARGENTINA","1968-12-03","Animalia","Chordata","Actinopterygii","Perciformes","Eleginopidae","Eleginops","Eleginops maclovinus","GBIF","CENPAT-CONICET","CNPICTIO","Ocean Biogeographic Information System","2","1968","12"
"24773532","-47.75","-65.8833","AR","ARGENTINA","1970-02-25","Animalia","Chordata","Actinopterygii","Perciformes","Eleginopidae","Eleginops","Eleginops maclovinus","GBIF","CENPAT-CONICET","CNPICTIO","Ocean Biogeographic Information System","2","1970","2"
"24773562","-47.75","-65.88","AR","ARGENTINA","1971-02-13","Animalia","Chordata","Actinopterygii","Perciformes","Eleginopidae","Eleginops","Eleginops maclovinus","GBIF","CENPAT-CONICET","CNPICTIO","Ocean Biogeographic Information System","2","1971","2"
"24773555","-47.75","-65.8833","AR","ARGENTINA","1971-04-20","Animalia","Chordata","Actinopterygii","Perciformes","Eleginopidae","Eleginops","Eleginops maclovinus","GBIF","CENPAT-CONICET","CNPICTIO","Ocean Biogeographic Information System","4","1971","4"
"52687097","-47.7515","-65.935","AR","ARGENTINA","1972-01-28","Animalia","Chordata","Actinopterygii","Perciformes","Eleginopidae","Eleginops","Eleginops maclovinus","GBIF","CENPAT-CONICET","CNPICT","Centro Nacional Patagonico - CONICET","1","1972","1"
"24773635","-47.75","-65.8833","AR","ARGENTINA","1972-01-28","Animalia","Chordata","Actinopterygii","Perciformes","Eleginopidae","Eleginops","Eleginops maclovinus","GBIF","CENPAT-CONICET","CNPICTIO","Ocean Biogeographic Information System","2","1972","1"
"24776169","-49","-68.9667","AR","ARGENTINA","1978-04-28","Animalia","Chordata","Actinopterygii","Perciformes","Eleginopidae","Eleginops","Eleginops maclovinus","GBIF","CENPAT-CONICET","CNP-PECES","Ocean Biogeographic Information System","1","1978","4"
"52687451","-42.6589","-64.987","AR","ARGENTINA","1989-02-22","Animalia","Chordata","Actinopterygii","Perciformes","Eleginopidae","Eleginops","Eleginops maclovinus","GBIF","CENPAT-CONICET","CNPICT","Centro Nacional Patagonico - CONICET","1","1989","2"
"216053001","-42.6447","-64.9708","AR","ARGENTINA","1989-02-22","Animalia","Chordata","Actinopterygii","Perciformes","Eleginopidae","Eleginops","Eleginops maclovinus","GBIF","CENPAT-CONICET","CNPICTIO","Centro Nacional Patagonico - CONICET","1","1989","2"
"52687674","-42.5849","-64.261","AR","ARGENTINA","1997-07-21","Animalia","Chordata","Actinopterygii","Perciformes","Eleginopidae","Eleginops","Eleginops maclovinus","GBIF","CENPAT-CONICET","CNPICT","Centro Nacional Patagonico - CONICET","1","1997","7"
"24774130","-42.5833","-64.25","AR","ARGENTINA","1997-07-21","Animalia","Chordata","Actinopterygii","Perciformes","Eleginopidae","Eleginops","Eleginops maclovinus","GBIF","CENPAT-CONICET","CNPICTIO","Ocean Biogeographic Information System","2","1997","7"
"52687910","-47.7515","-65.935","AR","ARGENTINA","2004-12-10","Animalia","Chordata","Actinopterygii","Perciformes","Eleginopidae","Eleginops","Eleginops maclovinus","GBIF","CENPAT-CONICET","CNPICT","Centro Nacional Patagonico - CONICET","1","2004","12"
"24774325","-47.75","-65.8833","AR","ARGENTINA","2004-12-10","Animalia","Chordata","Actinopterygii","Perciformes","Eleginopidae","Eleginops","Eleginops maclovinus","GBIF","CENPAT-CONICET","CNPICTIO","Ocean Biogeographic Information System","2","2004","12"
"197680454","-47.75","-65.9167","AR","ARGENTINA"," ","Animalia","Chordata","Actinopterygii","Perciformes","Zoarcidae","Dadyanos","Dadyanos insignis","GBIF","RUSI","717731","Ocean Biogeographic Information System","2","",""
"52686876","-47.7515","-65.935","AR","ARGENTINA","1962-06-07","Animalia","Chordata","Actinopterygii","Perciformes","Zoarcidae","Dadyanos","Dadyanos insignis","GBIF","CENPAT-CONICET","CNPICT","Centro Nacional Patagonico - CONICET","1","1962","6"
"24773354","-47.75","-65.8833","AR","ARGENTINA","1962-06-07","Animalia","Chordata","Actinopterygii","Perciformes","Zoarcidae","Dadyanos","Dadyanos insignis","GBIF","CENPAT-CONICET","CNPICTIO","Ocean Biogeographic Information System","2","1962","6"
"24773421","-47.75","-65.8833","AR","ARGENTINA","1969-02-18","Animalia","Chordata","Actinopterygii","Perciformes","Zoarcidae","Dadyanos","Dadyanos insignis","GBIF","CENPAT-CONICET","CNPICTIO","Ocean Biogeographic Information System","2","1969","2"
"52686959","-47.7515","-65.935","AR","ARGENTINA","1969-05-06","Animalia","Chordata","Actinopterygii","Perciformes","Zoarcidae","Dadyanos","Dadyanos insignis","GBIF","CENPAT-CONICET","CNPICT","Centro Nacional Patagonico - CONICET","1","1969","5"
"24773447","-47.75","-65.8833","AR","ARGENTINA","1969-05-06","Animalia","Chordata","Actinopterygii","Perciformes","Zoarcidae","Dadyanos","Dadyanos insignis","GBIF","CENPAT-CONICET","CNPICTIO","Ocean Biogeographic Information System","2","1969","5"
"52686960","-47.7515","-65.935","AR","ARGENTINA","1969-05-11","Animalia","Chordata","Actinopterygii","Perciformes","Zoarcidae","Dadyanos","Dadyanos insignis","GBIF","CENPAT-CONICET","CNPICT","Centro Nacional Patagonico - CONICET","1","1969","5"
"24773449","-47.75","-65.8833","AR","ARGENTINA","1969-05-11","Animalia","Chordata","Actinopterygii","Perciformes","Zoarcidae","Dadyanos","Dadyanos insignis","GBIF","CENPAT-CONICET","CNPICTIO","Ocean Biogeographic Information System","2","1969","5"
"52686939","-47.7515","-65.935","AR","ARGENTINA","1969-06-02","Animalia","Chordata","Actinopterygii","Perciformes","Zoarcidae","Dadyanos","Dadyanos insignis","GBIF","CENPAT-CONICET","CNPICT","Centro Nacional Patagonico - CONICET","1","1969","6"
"24773422","-47.75","-65.8833","AR","ARGENTINA","1969-06-02","Animalia","Chordata","Actinopterygii","Perciformes","Zoarcidae","Dadyanos","Dadyanos insignis","GBIF","CENPAT-CONICET","CNPICTIO","Ocean Biogeographic Information System","2","1969","6"
"188828985","-47.7","-65.9167","AR","ARGENTINA","1969-06-02","Animalia","Chordata","Actinopterygii","Perciformes","Zoarcidae","Dadyanos","Dadyanos insignis","GBIF","FishBase","Occurrence","FishBase","1","1969","6"
"52686940","-47.7515","-65.935","AR","ARGENTINA","1969-06-11","Animalia","Chordata","Actinopterygii","Perciformes","Zoarcidae","Dadyanos","Dadyanos insignis","GBIF","CENPAT-CONICET","CNPICT","Centro Nacional Patagonico - CONICET","1","1969","6"
"24773423","-47.75","-65.8833","AR","ARGENTINA","1969-06-11","Animalia","Chordata","Actinopterygii","Perciformes","Zoarcidae","Dadyanos","Dadyanos insignis","GBIF","CENPAT-CONICET","CNPICTIO","Ocean Biogeographic Information System","2","1969","6"
"188828979","-47.75","-65.9167","AR","ARGENTINA","1971-05-02","Animalia","Chordata","Actinopterygii","Perciformes","Zoarcidae","Dadyanos","Dadyanos insignis","GBIF","FishBase","Occurrence","FishBase","1","1971","5"
"24885077","-47.75","-65.9167","AR","ARGENTINA","1971-05-02","Animalia","Chordata","Actinopterygii","Gadiformes","Zoarcidae","Dadyanos","Dadyanos insignis","GBIF","SAIAB","SAIAB","Ocean Biogeographic Information System","3","1971","5"
"188828980","-47.75","-65.9167","AR","ARGENTINA","1971-09-02","Animalia","Chordata","Actinopterygii","Perciformes","Zoarcidae","Dadyanos","Dadyanos insignis","GBIF","FishBase","Occurrence","FishBase","1","1971","9"
"24885076","-47.75","-65.9167","AR","ARGENTINA","1971-09-02","Animalia","Chordata","Actinopterygii","Gadiformes","Zoarcidae","Dadyanos","Dadyanos insignis","GBIF","SAIAB","SAIAB","Ocean Biogeographic Information System","3","1971","9"
"52687100","-47.7515","-65.935","AR","ARGENTINA","1972-05-02","Animalia","Chordata","Actinopterygii","Perciformes","Zoarcidae","Dadyanos","Dadyanos insignis","GBIF","CENPAT-CONICET","CNPICT","Centro Nacional Patagonico - CONICET","1","1972","5"
"24773639","-47.75","-65.8833","AR","ARGENTINA","1972-05-02","Animalia","Chordata","Actinopterygii","Perciformes","Zoarcidae","Dadyanos","Dadyanos insignis","GBIF","CENPAT-CONICET","CNPICTIO","Ocean Biogeographic Information System","2","1972","5"
"24773568","-47.75","-65.8833","AR","ARGENTINA","1972-06-18","Animalia","Chordata","Actinopterygii","Perciformes","Zoarcidae","Dadyanos","Dadyanos insignis","GBIF","CENPAT-CONICET","CNPICTIO","Ocean Biogeographic Information System","2","1972","6"
"216052818","-54.4747","-66.4706","AR","ARGENTINA","1976-02-13","Animalia","Chordata","Actinopterygii","Perciformes","Zoarcidae","Dadyanos","Dadyanos insignis","GBIF","CENPAT-CONICET","CNPICTIO","Centro Nacional Patagonico - CONICET","1","1976","2"
"233872262","-41.0238","-71.8131","AR","ARGENTINA","2008-02-19","Animalia","Chordata","Actinopterygii","Siluriformes","Diplomystidae","Diplomystes","Diplomystes viedmensis","GBIF","APN-AR","AVISTAJES","Administración de Parques Nacionales, Argentina","1","2008","2"
"233872263","-41.1795","-71.4125","AR","ARGENTINA","2009-04-24","Animalia","Chordata","Actinopterygii","Siluriformes","Diplomystidae","Diplomystes","Diplomystes viedmensis","GBIF","APN-AR","AVISTAJES","Administración de Parques Nacionales, Argentina","1","2009","4"
"52692802","-42.7333","-65.027","AR","ARGENTINA"," ","Animalia","Chordata","Actinopterygii","Perciformes","Clinidae","Ribeiroclinus","Ribeiroclinus eigenmanni","GBIF","CENPAT-CONICET","CNPICT","Centro Nacional Patagonico - CONICET","1","1996","4"
"216053816","-42.406","-64.6167","AR","ARGENTINA"," ","Animalia","Chordata","Actinopterygii","Perciformes","Clinidae","Ribeiroclinus","Ribeiroclinus eigenmanni","GBIF","CENPAT-CONICET","CNPICTIO","Centro Nacional Patagonico - CONICET","1","1997","1"
"216053691","-42.4276","-64.6053","AR","ARGENTINA","1980-05-07","Animalia","Chordata","Actinopterygii","Perciformes","Clinidae","Ribeiroclinus","Ribeiroclinus eigenmanni","GBIF","CENPAT-CONICET","CNPICTIO","Centro Nacional Patagonico - CONICET","1","1980","5"
"52692288","-42.7333","-65.027","AR","ARGENTINA","1980-10-08","Animalia","Chordata","Actinopterygii","Perciformes","Clinidae","Ribeiroclinus","Ribeiroclinus eigenmanni","GBIF","CENPAT-CONICET","CNPICT","Centro Nacional Patagonico - CONICET","1","1980","10"
"216053750","-45.1167","-66.5333","AR","ARGENTINA","1991-07-03","Animalia","Chordata","Actinopterygii","Perciformes","Clinidae","Ribeiroclinus","Ribeiroclinus eigenmanni","GBIF","CENPAT-CONICET","CNPICTIO","Centro Nacional Patagonico - CONICET","1","1991","7"
"216053751","-45.1167","-66.5333","AR","ARGENTINA","1991-10-15","Animalia","Chordata","Actinopterygii","Perciformes","Clinidae","Ribeiroclinus","Ribeiroclinus eigenmanni","GBIF","CENPAT-CONICET","CNPICTIO","Centro Nacional Patagonico - CONICET","1","1991","10"
"52692482","-42.7333","-65.027","AR","ARGENTINA","1992-06-05","Animalia","Chordata","Actinopterygii","Perciformes","Clinidae","Ribeiroclinus","Ribeiroclinus eigenmanni","GBIF","CENPAT-CONICET","CNPICT","Centro Nacional Patagonico - CONICET","1","1992","6"
"52692551","-42.7333","-65.027","AR","ARGENTINA","1995-07-03","Animalia","Chordata","Actinopterygii","Perciformes","Clinidae","Ribeiroclinus","Ribeiroclinus eigenmanni","GBIF","CENPAT-CONICET","CNPICT","Centro Nacional Patagonico - CONICET","1","1995","7"
"52692548","-42.244","-64.229","AR","ARGENTINA","1995-07-09","Animalia","Chordata","Actinopterygii","Perciformes","Clinidae","Ribeiroclinus","Ribeiroclinus eigenmanni","GBIF","CENPAT-CONICET","CNPICT","Centro Nacional Patagonico - CONICET","1","1995","7"
"216053786","-42.238","-64.244","AR","ARGENTINA","1995-07-09","Animalia","Chordata","Actinopterygii","Perciformes","Clinidae","Ribeiroclinus","Ribeiroclinus eigenmanni","GBIF","CENPAT-CONICET","CNPICTIO","Centro Nacional Patagonico - CONICET","1","1995","7"
"52692799","-42.7333","-65.027","AR","ARGENTINA","1995-11-01","Animalia","Chordata","Actinopterygii","Perciformes","Clinidae","Ribeiroclinus","Ribeiroclinus eigenmanni","GBIF","CENPAT-CONICET","CNPICT","Centro Nacional Patagonico - CONICET","1","1995","11"
"52692577","-42.7333","-65.027","AR","ARGENTINA","1996-05-06","Animalia","Chordata","Actinopterygii","Perciformes","Clinidae","Ribeiroclinus","Ribeiroclinus eigenmanni","GBIF","CENPAT-CONICET","CNPICT","Centro Nacional Patagonico - CONICET","1","1996","5"
"52692578","-42.4833","-64.6","AR","ARGENTINA","1996-05-15","Animalia","Chordata","Actinopterygii","Perciformes","Clinidae","Ribeiroclinus","Ribeiroclinus eigenmanni","GBIF","CENPAT-CONICET","CNPICT","Centro Nacional Patagonico - CONICET","1","1996","5"
"52692593","-42.7333","-65.027","AR","ARGENTINA","1997-09-02","Animalia","Chordata","Actinopterygii","Perciformes","Clinidae","Ribeiroclinus","Ribeiroclinus eigenmanni","GBIF","CENPAT-CONICET","CNPICT","Centro Nacional Patagonico - CONICET","1","1997","9"
"52692702","-42.7333","-65.027","AR","ARGENTINA","2004-02-10","Animalia","Chordata","Actinopterygii","Perciformes","Clinidae","Ribeiroclinus","Ribeiroclinus eigenmanni","GBIF","CENPAT-CONICET","CNPICT","Centro Nacional Patagonico - CONICET","1","2004","2"
"216053152","-42.3167","-64.0333","AR","ARGENTINA","1994-01-25","Animalia","Chordata","Actinopterygii","Perciformes","Pomatomidae","Pomatomus","Pomatomus saltatrix","GBIF","CENPAT-CONICET","CNPICTIO","Centro Nacional Patagonico - CONICET","1","1994","1"
"198038280","-49","-67.6514","AR","ARGENTINA"," ","Animalia","Chordata","Actinopterygii","Gadiformes","Moridae","Salilota","Salilota australis","GBIF","BMNH","486802","Ocean Biogeographic Information System","1","",""
"189321130","-49","-67.6514","AR","ARGENTINA"," ","Animalia","Chordata","Actinopterygii","Gadiformes","Moridae","Salilota","Salilota australis","GBIF","FishBase","Occurrence","FishBase","1","",""
"24779762","-40.9","-62.4667","AR","ARGENTINA","1976-11-15","Animalia","Chordata","Actinopterygii","Gadiformes","Moridae","Salilota","Salilota australis","GBIF","CENPAT-CONICET","CNP-PECES","Ocean Biogeographic Information System","1","1976","11"
"24779741","-48.1167","-66.9667","AR","ARGENTINA","1978-04-25","Animalia","Chordata","Actinopterygii","Gadiformes","Moridae","Salilota","Salilota australis","GBIF","CENPAT-CONICET","CNP-PECES","Ocean Biogeographic Information System","1","1978","4"
"24779742","-48","-65.95","AR","ARGENTINA","1978-04-26","Animalia","Chordata","Actinopterygii","Gadiformes","Moridae","Salilota","Salilota australis","GBIF","CENPAT-CONICET","CNP-PECES","Ocean Biogeographic Information System","1","1978","4"
"24779746","-49","-68.9667","AR","ARGENTINA","1978-04-28","Animalia","Chordata","Actinopterygii","Gadiformes","Moridae","Salilota","Salilota australis","GBIF","CENPAT-CONICET","CNP-PECES","Ocean Biogeographic Information System","1","1978","4"
"24779747","-49","-67.9667","AR","ARGENTINA","1978-04-28","Animalia","Chordata","Actinopterygii","Gadiformes","Moridae","Salilota","Salilota australis","GBIF","CENPAT-CONICET","CNP-PECES","Ocean Biogeographic Information System","1","1978","4"
"52687291","-43.374","-65.804","AR","ARGENTINA","1983-09-10","Animalia","Chordata","Actinopterygii","Atheriniformes","Atherinopsidae","Odontesthes","Odontesthes hatcheri","GBIF","CENPAT-CONICET","CNPICT","Centro Nacional Patagonico - CONICET","1","1983","9"
"197553566","-54.8667","-67.45","AR","ARGENTINA"," ","Animalia","Chordata","Actinopterygii","Atheriniformes","Atherinopsidae","Odontesthes","Austroatherina nigricans","GBIF","IIPB","996849","Ocean Biogeographic Information System","1","",""
"24774807","-50.5","-69.1667","AR","ARGENTINA"," ","Animalia","Chordata","Actinopterygii","Clupeiformes","Clupeidae","Sprattus","Sprattus fueguensis","GBIF","CENPAT-CONICET","CNPICTIO","Ocean Biogeographic Information System","1","2004","2"
"24774347","-54.7833","-68.25","AR","ARGENTINA","1965-07-18","Animalia","Chordata","Actinopterygii","Clupeiformes","Clupeidae","Sprattus","Sprattus fueguensis","GBIF","CENPAT-CONICET","CNPICTIO","Ocean Biogeographic Information System","1","1965","7"
"24774413","-47.75","-65.8833","AR","ARGENTINA","1970-12-10","Animalia","Chordata","Actinopterygii","Clupeiformes","Clupeidae","Sprattus","Sprattus fueguensis","GBIF","CENPAT-CONICET","CNPICTIO","Ocean Biogeographic Information System","1","1970","12"
"24774444","-47.75","-65.8833","AR","ARGENTINA","1971-01-18","Animalia","Chordata","Actinopterygii","Clupeiformes","Clupeidae","Sprattus","Sprattus fueguensis","GBIF","CENPAT-CONICET","CNPICTIO","Ocean Biogeographic Information System","2","1971","1"
"24774446","-47.75","-65.8833","AR","ARGENTINA","1971-09-29","Animalia","Chordata","Actinopterygii","Clupeiformes","Clupeidae","Sprattus","Sprattus fueguensis","GBIF","CENPAT-CONICET","CNPICTIO","Ocean Biogeographic Information System","1","1971","9"
"190547959","-54.4167","-67.6833","AR","ARGENTINA"," "," "," ","Actinopterygii","Salmoniformes","Galaxiidae","Galaxias","Galaxias variegatus","GBIF","KU","KUI","University of Kansas Biodiversity Research Center","1","",""
"216052944","-42.6447","-64.9708","AR","ARGENTINA","1988-01-13","Animalia","Chordata","Actinopterygii","Pleuronectiformes","Atherinopsidae","Oncopterus","Oncopterus darwini","GBIF","CENPAT-CONICET","CNPICTIO","Centro Nacional Patagonico - CONICET","1","1988","1"
"216052966","-42.6447","-64.9708","AR","ARGENTINA","1988-05-18","Animalia","Chordata","Actinopterygii","Pleuronectiformes","Atherinopsidae","Oncopterus","Oncopterus darwini","GBIF","CENPAT-CONICET","CNPICTIO","Centro Nacional Patagonico - CONICET","1","1988","5"
"216052969","-42.6447","-64.9708","AR","ARGENTINA","1988-07-01","Animalia","Chordata","Actinopterygii","Pleuronectiformes","Atherinopsidae","Oncopterus","Oncopterus darwini","GBIF","CENPAT-CONICET","CNPICTIO","Centro Nacional Patagonico - CONICET","2","1988","7"
"216052970","-42.6447","-64.9708","AR","ARGENTINA","1988-07-21","Animalia","Chordata","Actinopterygii","Pleuronectiformes","Atherinopsidae","Oncopterus","Oncopterus darwini","GBIF","CENPAT-CONICET","CNPICTIO","Centro Nacional Patagonico - CONICET","1","1988","7"
"216052936","-42.6447","-64.9708","AR","ARGENTINA","1988-07-26","Animalia","Chordata","Actinopterygii","Pleuronectiformes","Atherinopsidae","Oncopterus","Oncopterus darwini","GBIF","CENPAT-CONICET","CNPICTIO","Centro Nacional Patagonico - CONICET","1","1988","7"
"216052959","-42.6447","-64.9708","AR","ARGENTINA","1988-09-26","Animalia","Chordata","Actinopterygii","Pleuronectiformes","Atherinopsidae","Oncopterus","Oncopterus darwini","GBIF","CENPAT-CONICET","CNPICTIO","Centro Nacional Patagonico - CONICET","4","1988","9"
"216052965","-42.6447","-64.9708","AR","ARGENTINA","1988-11-17","Animalia","Chordata","Actinopterygii","Pleuronectiformes","Atherinopsidae","Oncopterus","Oncopterus darwini","GBIF","CENPAT-CONICET","CNPICTIO","Centro Nacional Patagonico - CONICET","1","1988","11"
"216053010","-42.6447","-64.9708","AR","ARGENTINA","1989-02-22","Animalia","Chordata","Actinopterygii","Pleuronectiformes","Atherinopsidae","Oncopterus","Oncopterus darwini","GBIF","CENPAT-CONICET","CNPICTIO","Centro Nacional Patagonico - CONICET","6","1989","2"
"24774006","-42.3","-63.6333","AR","ARGENTINA","1992-10-17","Animalia","Chordata","Actinopterygii","Pleuronectiformes","Atherinopsidae","Oncopterus","Oncopterus darwini","GBIF","CENPAT-CONICET","CNPICTIO","Ocean Biogeographic Information System","1","1992","10"
"216053303","-42.6447","-64.9708","AR","ARGENTINA","2000-03-23","Animalia","Chordata","Actinopterygii","Pleuronectiformes","Atherinopsidae","Oncopterus","Oncopterus darwini","GBIF","CENPAT-CONICET","CNPICTIO","Centro Nacional Patagonico - CONICET","1","2000","3"
"216053306","-42.6447","-64.9708","AR","ARGENTINA","2000-04-26","Animalia","Chordata","Actinopterygii","Pleuronectiformes","Atherinopsidae","Oncopterus","Oncopterus darwini","GBIF","CENPAT-CONICET","CNPICTIO","Centro Nacional Patagonico - CONICET","1","2000","4"
"216053340","-42.6447","-64.9708","AR","ARGENTINA","2001-02-12","Animalia","Chordata","Actinopterygii","Pleuronectiformes","Atherinopsidae","Oncopterus","Oncopterus darwini","GBIF","CENPAT-CONICET","CNPICTIO","Centro Nacional Patagonico - CONICET","1","2001","2"
"197810232","-54.8783","-67.3333","AR","ARGENTINA"," ","Animalia","Chordata","Actinopterygii","Perciformes","Zoarcidae","Iluocoetes","Iluocoetes facali","GBIF","IIP","386693","Ocean Biogeographic Information System","1","",""
"197810233","-54.8667","-67.3333","AR","ARGENTINA"," ","Animalia","Chordata","Actinopterygii","Perciformes","Zoarcidae","Iluocoetes","Iluocoetes facali","GBIF","IIPB","1000136","Ocean Biogeographic Information System","1","",""
"216053193","-45.8783","-67.5267","AR","ARGENTINA"," ","Animalia","Chordata","Actinopterygii","Perciformes","Bovichtidae","Bovichthys","Bovichthys argentinus","GBIF","CENPAT-CONICET","CNPICTIO","Centro Nacional Patagonico - CONICET","1","1996","1"
"52687325","-42.7991","-65.003","AR","ARGENTINA","1988-07-01","Animalia","Chordata","Actinopterygii","Perciformes","Bovichtidae","Bovichthys","Bovichthys argentinus","GBIF","CENPAT-CONICET","CNPICT","Centro Nacional Patagonico - CONICET","1","1988","7"
"52687245","-42.6131","-64.881","AR","ARGENTINA","1993-01-19","Animalia","Chordata","Actinopterygii","Perciformes","Bovichtidae","Bovichthys","Bovichthys argentinus","GBIF","CENPAT-CONICET","CNPICT","Centro Nacional Patagonico - CONICET","1","1993","1"
"52687946","-42.7333","-65.027","AR","ARGENTINA","1998-09-15","Animalia","Chordata","Actinopterygii","Perciformes","Bovichtidae","Bovichthys","Bovichthys argentinus","GBIF","CENPAT-CONICET","CNPICT","Centro Nacional Patagonico - CONICET","1","1998","9"
"216053352","-42.406","-64.6167","AR","ARGENTINA","2002-10-09","Animalia","Chordata","Actinopterygii","Perciformes","Bovichtidae","Bovichthys","Bovichthys argentinus","GBIF","CENPAT-CONICET","CNPICTIO","Centro Nacional Patagonico - CONICET","1","2002","10"
"24773544","-47.75","-65.8833","AR","ARGENTINA"," ","Animalia","Chordata","Actinopterygii","Perciformes","Nototheniidae","Patagonotothen","Patagonotothen canina","GBIF","CENPAT-CONICET","CNPICTIO","Ocean Biogeographic Information System","4","1971","3"
"52687043","-47.75","-65.883","AR","ARGENTINA"," ","Animalia","Chordata","Actinopterygii","Perciformes","Nototheniidae","Patagonotothen","Patagonotothen canina","GBIF","CENPAT-CONICET","CNPICT","Centro Nacional Patagonico - CONICET","2","1971","3"
"52686872","-47.7548","-65.899","AR","ARGENTINA","1962-01-17","Animalia","Chordata","Actinopterygii","Perciformes","Nototheniidae","Patagonotothen","Patagonotothen canina","GBIF","CENPAT-CONICET","CNPICT","Centro Nacional Patagonico - CONICET","1","1962","1"
"24773350","-47.75","-65.8833","AR","ARGENTINA","1962-01-17","Animalia","Chordata","Actinopterygii","Perciformes","Nototheniidae","Patagonotothen","Patagonotothen canina","GBIF","CENPAT-CONICET","CNPICTIO","Ocean Biogeographic Information System","2","1962","1"
"24773478","-47.75","-65.8833","AR","ARGENTINA","1970-02-21","Animalia","Chordata","Actinopterygii","Perciformes","Nototheniidae","Patagonotothen","Patagonotothen canina","GBIF","CENPAT-CONICET","CNPICTIO","Ocean Biogeographic Information System","2","1970","2"
"52686980","-47.75","-65.883","AR","ARGENTINA","1970-02-21","Animalia","Chordata","Actinopterygii","Perciformes","Nototheniidae","Patagonotothen","Patagonotothen canina","GBIF","CENPAT-CONICET","CNPICT","Centro Nacional Patagonico - CONICET","1","1970","2"
"52687082","-47.7555","-65.889","AR","ARGENTINA","1972-01-30","Animalia","Chordata","Actinopterygii","Perciformes","Nototheniidae","Patagonotothen","Patagonotothen canina","GBIF","CENPAT-CONICET","CNPICT","Centro Nacional Patagonico - CONICET","1","1972","1"
"24773613","-47.75","-65.8833","AR","ARGENTINA","1972-01-30","Animalia","Chordata","Actinopterygii","Perciformes","Nototheniidae","Patagonotothen","Patagonotothen canina","GBIF","CENPAT-CONICET","CNPICTIO","Ocean Biogeographic Information System","2","1972","1"
"24773615","-47.75","-65.8833","AR","ARGENTINA","1972-03-08","Animalia","Chordata","Actinopterygii","Perciformes","Nototheniidae","Patagonotothen","Patagonotothen canina","GBIF","CENPAT-CONICET","CNPICTIO","Ocean Biogeographic Information System","2","1972","3"
"52687084","-47.75","-65.883","AR","ARGENTINA","1972-03-08","Animalia","Chordata","Actinopterygii","Perciformes","Nototheniidae","Patagonotothen","Patagonotothen canina","GBIF","CENPAT-CONICET","CNPICT","Centro Nacional Patagonico - CONICET","1","1972","3"
"52687947","-42.7333","-65.027","AR","ARGENTINA","1998-09-15","Animalia","Chordata","Actinopterygii","Perciformes","Nototheniidae","Patagonotothen","Patagonotothen canina","GBIF","CENPAT-CONICET","CNPICT","Centro Nacional Patagonico - CONICET","1","1998","9"
"52687813","-40.8081","-65.084","AR","ARGENTINA","2001-12-26","Animalia","Chordata","Actinopterygii","Syngnathiformes","Syngnathidae","Hyppocampus","Hyppocampus erectus","GBIF","CENPAT-CONICET","CNPICT","Centro Nacional Patagonico - CONICET","1","2001","12"
"24780929","-40.42","-63.9817","AR","ARGENTINA","1973-11-27","Animalia","Chordata","Actinopterygii","Pleuronectiformes","Bothidae","Xystreuris","Xystreuris rasile","GBIF","CENPAT-CONICET","CNP-PECES","Ocean Biogeographic Information System","1","1973","11"
"197913177","-47.9333","-65.95","AR","ARGENTINA","1953-02-01","Animalia","Chordata","Actinopterygii","Perciformes","Pomacentridae","Abudefduf","Nexilarius concolor","GBIF","UBC","305456","Ocean Biogeographic Information System","1","1953","2"
"241158206","-47.7","-65.917","AR","ARGENTINA","1969-07-02","Animalia","Chordata","Actinopterygii","Perciformes","Zoarcidae","Austrolycus","Austrolycus laticinchus","GBIF","USNM","Vertebrate Zoology; Fishes","National Museum of Natural History","1","1969","7"
"149681616","-47.7","-65.9","AR","ARGENTINA","1969-07-02","Animalia","Chordata","Actinopterygii","Perciformes","Zoarcidae","Austrolycus","Austrolycus laticinchus","GBIF","USNM","Vertebrate Zoology; Fishes","National Museum of Natural History","1","1969","7"
"233825198","-41.0676","-71.5729","AR","ARGENTINA","2002-11-30","Animalia","Chordata","Actinopterygii","Osmeriformes","Galaxiidae","Galaxias"," ","GBIF","APN-AR","FUENTES","Administración de Parques Nacionales, Argentina","2","2002","11"
"238934519","-47.7515","-65.935","AR","ARGENTINA","1970-01-20","Animalia","Chordata","Actinopterygii","Perciformes","Zoarcidae","Austrolycus","Austrolycus laticinus","GBIF","CENPAT-CONICET","CNPICT","Centro Nacional Patagonico - CONICET","1","1970","1"
"4556414","-50.2167","-70.3833","AR","ARGENTINA"," ","Animalia","Chordata","Cephalaspidomorphi","Petromyzontiformes","Geotriidae","Geotria","Geotria australis","SSTN","FO","Peces","Fundación Óga","1","",""
"4556409","-43.25","-65.3167","AR","ARGENTINA"," ","Animalia","Chordata","Cephalaspidomorphi","Petromyzontiformes","Geotriidae","Geotria","Geotria australis","SSTN","CENPAT","ict","Fundación Óga","1","",""
"216053390","-43.4553","-65.9575","AR","ARGENTINA","2003-06-01"," "," ","Cephalaspidomorphi","Petromyzontiformes","Geotriidae","Geotria","Geotria australis","GBIF","CENPAT-CONICET","CNPICTIO","Centro Nacional Patagonico - CONICET","1","2003","6"
"216053357","-50","-68.917","AR","ARGENTINA","2003-10-20"," "," ","Cephalaspidomorphi","Petromyzontiformes","Geotriidae","Geotria","Geotria australis","GBIF","CENPAT-CONICET","CNPICTIO","Centro Nacional Patagonico - CONICET","1","2003","10"
"24780803","-40.42","-63.9967","AR","ARGENTINA","1973-11-27","Animalia","Chordata","Chondrichthyes","Squaliformes","Squalidae","Squalus"," ","GBIF","CENPAT-CONICET","CNP-PECES","Ocean Biogeographic Information System","1","1973","11"
"24780256","-40.9","-62.4667","AR","ARGENTINA","1976-11-15","Animalia","Chordata","Chondrichthyes","Squaliformes","Squalidae","Squalus"," ","GBIF","CENPAT-CONICET","CNP-PECES","Ocean Biogeographic Information System","1","1976","11"
"36247683","-47.7167","-66.7","AR","ARGENTINA"," ","Animalia","Chordata","Chondrichthyes","Lamniformes","Lamnidae","Carcharodon"," ","GBIF","PBDB","50067","Marine Science Institute, UCSB","1","",""
"24778981","-40.9","-62.4667","AR","ARGENTINA","1976-11-15","Animalia","Chordata","Chondrichthyes","Rajiformes","Rajidae","Psammobatis","Psammobatis scobina","GBIF","CENPAT-CONICET","CNP-PECES","Ocean Biogeographic Information System","1","1976","11"
"24778964","-48.1167","-66.9667","AR","ARGENTINA","1978-04-25","Animalia","Chordata","Chondrichthyes","Rajiformes","Rajidae","Psammobatis","Psammobatis scobina","GBIF","CENPAT-CONICET","CNP-PECES","Ocean Biogeographic Information System","1","1978","4"
"24778965","-48","-65.95","AR","ARGENTINA","1978-04-26","Animalia","Chordata","Chondrichthyes","Rajiformes","Rajidae","Psammobatis","Psammobatis scobina","GBIF","CENPAT-CONICET","CNP-PECES","Ocean Biogeographic Information System","1","1978","4"
"24778970","-49","-68.9667","AR","ARGENTINA","1978-04-28","Animalia","Chordata","Chondrichthyes","Rajiformes","Rajidae","Psammobatis","Psammobatis scobina","GBIF","CENPAT-CONICET","CNP-PECES","Ocean Biogeographic Information System","1","1978","4"
"24778971","-49","-67.9667","AR","ARGENTINA","1978-04-28","Animalia","Chordata","Chondrichthyes","Rajiformes","Rajidae","Psammobatis","Psammobatis scobina","GBIF","CENPAT-CONICET","CNP-PECES","Ocean Biogeographic Information System","1","1978","4"
"24780767","-40.5167","-63.5483","AR","ARGENTINA","1973-11-27","Animalia","Chordata","Chondrichthyes","Squatiniformes","Squatinidae","Squatina","Squatina argentina","GBIF","CENPAT-CONICET","CNP-PECES","Ocean Biogeographic Information System","1","1973","11"
"24776341","-43.93","-65.9933","AR","ARGENTINA","1973-12-12","Animalia","Chordata","Chondrichthyes","Chimaeriformes","Callorhinchidae","Callorhinchus","Callorhinchus callorhynchus","GBIF","CENPAT-CONICET","CNP-PECES","Ocean Biogeographic Information System","1","1973","12"
"24776532","-48.1167","-66.9667","AR","ARGENTINA","1978-04-25","Animalia","Chordata","Chondrichthyes","Chimaeriformes","Callorhinchidae","Callorhinchus","Callorhinchus callorhynchus","GBIF","CENPAT-CONICET","CNP-PECES","Ocean Biogeographic Information System","1","1978","4"
"24776533","-49","-68.9667","AR","ARGENTINA","1978-04-28","Animalia","Chordata","Chondrichthyes","Chimaeriformes","Callorhinchidae","Callorhinchus","Callorhinchus callorhynchus","GBIF","CENPAT-CONICET","CNP-PECES","Ocean Biogeographic Information System","1","1978","4"
"35851292","-42.13","-66.33","AR","ARGENTINA"," ","Animalia","Chordata","Chondrichthyes","Batoidei"," ","Batoidei"," ","GBIF","PBDB","45087","Marine Science Institute, UCSB","1","",""
"36247685","-47.7167","-66.7","AR","ARGENTINA"," ","Animalia","Chordata","Chondrichthyes","Lamniformes","Lamnidae","Carcharodon","Carcharodon auriculatus","GBIF","PBDB","50067","Marine Science Institute, UCSB","1","",""
"38724755","-47.7167","-66.7","AR","ARGENTINA"," ","Animalia","Chordata","Chondrichthyes","Lamniformes","Lamnidae","Oxyrhina","Oxyrhina hastalis","GBIF","PBDB","50072","Marine Science Institute, UCSB","1","",""
"198002259","-49","-67.6514","AR","ARGENTINA"," ","Animalia","Chordata","Elasmobranchii","Rajiformes","Rajidae","Psammobatis","Psammobatis scobina","GBIF","BMNH","486727","Ocean Biogeographic Information System","1","",""
"189271461","-49","-67.6514","AR","ARGENTINA"," ","Animalia","Chordata","Elasmobranchii","Rajiformes","Rajidae","Psammobatis","Psammobatis scobina","GBIF","FishBase","Occurrence","FishBase","1","",""
"24774488","-47.75","-65.8833","AR","ARGENTINA"," ","Animalia","Chordata","Elasmobranchii","Carchariniformes","Scyliorhinidae","Schroederichthys","Schroederichthys bivius","GBIF","CENPAT-CONICET","CNPICTIO","Ocean Biogeographic Information System","2","1972",""
"24774395","-47.75","-65.8833","AR","ARGENTINA","1969-06-04","Animalia","Chordata","Elasmobranchii","Carchariniformes","Scyliorhinidae","Schroederichthys","Schroederichthys bivius","GBIF","CENPAT-CONICET","CNPICTIO","Ocean Biogeographic Information System","2","1969","6"
"52692164","-47.7515","-65.935","AR","ARGENTINA","1971-09-18","Animalia","Chordata","Elasmobranchii","Carchariniformes","Scyliorhinidae","Schroederichthys","Schroederichthys bivius","GBIF","CENPAT-CONICET","CNPICT","Centro Nacional Patagonico - CONICET","1","1971","9"
"24774447","-47.75","-65.8833","AR","ARGENTINA","1971-09-18","Animalia","Chordata","Elasmobranchii","Carchariniformes","Scyliorhinidae","Schroederichthys","Schroederichthys bivius","GBIF","CENPAT-CONICET","CNPICTIO","Ocean Biogeographic Information System","2","1971","9"
"52692260","-47.7548","-65.899","AR","ARGENTINA","1972-02-14","Animalia","Chordata","Elasmobranchii","Carchariniformes","Scyliorhinidae","Schroederichthys","Schroederichthys bivius","GBIF","CENPAT-CONICET","CNPICT","Centro Nacional Patagonico - CONICET","1","1972","2"
"24774455","-47.75","-65.8833","AR","ARGENTINA","1972-02-14","Animalia","Chordata","Elasmobranchii","Carchariniformes","Scyliorhinidae","Schroederichthys","Schroederichthys bivius","GBIF","CENPAT-CONICET","CNPICTIO","Ocean Biogeographic Information System","2","1972","2"
"24774466","-47.75","-65.8833","AR","ARGENTINA","1972-05-02","Animalia","Chordata","Elasmobranchii","Carchariniformes","Scyliorhinidae","Schroederichthys","Schroederichthys bivius","GBIF","CENPAT-CONICET","CNPICTIO","Ocean Biogeographic Information System","2","1972","5"
"24774467","-47.75","-65.8833","AR","ARGENTINA","1972-07-17","Animalia","Chordata","Elasmobranchii","Carchariniformes","Scyliorhinidae","Schroederichthys","Schroederichthys bivius","GBIF","CENPAT-CONICET","CNPICTIO","Ocean Biogeographic Information System","2","1972","7"
"24774470","-47.75","-65.8833","AR","ARGENTINA","1972-09-03","Animalia","Chordata","Elasmobranchii","Carchariniformes","Scyliorhinidae","Schroederichthys","Schroederichthys bivius","GBIF","CENPAT-CONICET","CNPICTIO","Ocean Biogeographic Information System","2","1972","9"
"24774478","-47.75","-65.8833","AR","ARGENTINA","1972-09-08","Animalia","Chordata","Elasmobranchii","Carchariniformes","Scyliorhinidae","Schroederichthys","Schroederichthys bivius","GBIF","CENPAT-CONICET","CNPICTIO","Ocean Biogeographic Information System","2","1972","9"
"24774485","-47.75","-65.8833","AR","ARGENTINA","1972-10-15","Animalia","Chordata","Elasmobranchii","Carchariniformes","Scyliorhinidae","Schroederichthys","Schroederichthys bivius","GBIF","CENPAT-CONICET","CNPICTIO","Ocean Biogeographic Information System","2","1972","10"
"52692194","-47.75","-65.883","AR","ARGENTINA","1972-10-15","Animalia","Chordata","Elasmobranchii","Carchariniformes","Scyliorhinidae","Schroederichthys","Schroederichthys bivius","GBIF","CENPAT-CONICET","CNPICT","Centro Nacional Patagonico - CONICET","1","1972","10"
"24779972","-48.1167","-66.9667","AR","ARGENTINA","1978-04-25","Animalia","Chordata","Elasmobranchii","Carchariniformes","Scyliorhinidae","Schroederichthys","Schroederichthys bivius","GBIF","CENPAT-CONICET","CNP-PECES","Ocean Biogeographic Information System","1","1978","4"
"24779973","-48","-65.95","AR","ARGENTINA","1978-04-26","Animalia","Chordata","Elasmobranchii","Carchariniformes","Scyliorhinidae","Schroederichthys","Schroederichthys bivius","GBIF","CENPAT-CONICET","CNP-PECES","Ocean Biogeographic Information System","1","1978","4"
"24779978","-49","-68.9667","AR","ARGENTINA","1978-04-28","Animalia","Chordata","Elasmobranchii","Carchariniformes","Scyliorhinidae","Schroederichthys","Schroederichthys bivius","GBIF","CENPAT-CONICET","CNP-PECES","Ocean Biogeographic Information System","1","1978","4"
"24779979","-49","-67.9667","AR","ARGENTINA","1978-04-28","Animalia","Chordata","Elasmobranchii","Carchariniformes","Scyliorhinidae","Schroederichthys","Schroederichthys bivius","GBIF","CENPAT-CONICET","CNP-PECES","Ocean Biogeographic Information System","1","1978","4"
"24774521","-47.75","-65.8833","AR","ARGENTINA","1981-06-10","Animalia","Chordata","Elasmobranchii","Carchariniformes","Scyliorhinidae","Schroederichthys","Schroederichthys bivius","GBIF","CENPAT-CONICET","CNPICTIO","Ocean Biogeographic Information System","2","1981","6"
"52692302","-47.75","-65.883","AR","ARGENTINA","1981-06-10","Animalia","Chordata","Elasmobranchii","Carchariniformes","Scyliorhinidae","Schroederichthys","Schroederichthys bivius","GBIF","CENPAT-CONICET","CNPICT","Centro Nacional Patagonico - CONICET","1","1981","6"
"24773373","-54.7833","-68.25","AR","ARGENTINA"," ","Animalia","Chordata","Myxini","Myxiniformes","Myxinidae","Myxine"," ","GBIF","CENPAT-CONICET","CNPICTIO","Ocean Biogeographic Information System","2","1967","5"
"24778449","-40.9","-62.4667","AR","ARGENTINA","1976-11-15","Animalia","Chordata","Myxini","Myxiniformes","Myxinidae","Myxine"," ","GBIF","CENPAT-CONICET","CNP-PECES","Ocean Biogeographic Information System","1","1976","11"
"76174","-54.8833","-67.35","AR","ARGENTINA","1896-05-11","Animalia","Chordata","Osteichthyes","Perciformes","Harpagiferidae","Harpagifer","Harpagifer bispinis","GBIF","NRM","NRM-Fish","GBIF-Sweden","1","1896","5"
"118884","-42.7667","-65.05","AR","ARGENTINA","1895-11-08","Animalia","Chordata","Osteichthyes","Perciformes","Tripterygiidae","Tripterygion","Tripterygion cunninghami","GBIF","NRM","NRM-Fish","GBIF-Sweden","2","1895","11"
"39324565","-45.3167","-69.6167","AR","ARGENTINA"," ","Animalia","Chordata","Pisces"," "," ","Pisces"," ","GBIF","PBDB","38952","Marine Science Institute, UCSB","1","",""
