"Site_ID","Ref_ID","spp_caught","Site_Name","Site_Precision","Notes","Years","Dates","Number_of_Dates","Samp_method","Number_of_fish","Fishing_gear","OLD_Primary_key","OLD_SITE_ID","OLD_ID","Region","Country","Month","Day","Review"
1,1,1,"Río Chivilingo","approximate",,"1903","?","?","?","3","?",408,"63.01","63.1.1",,,,,FALSE
2,1,1,"Río Aconcagua","General; Aconcagua river.",,"1907","?","?","?","?","?",409,"63.02","63.2.1",,,,,FALSE
3,1,1,"Río Angostura","General; Angostura river.",,"1907","?","?","?","?","?",410,"63.03","63.3.1",,,,,FALSE
4,1,1,"Río Paine","Approximate; Paine river.",,"1907","?","?","?","?","?",411,"63.04","63.4.1",,,,,FALSE
5,1,1,"Río Tinguiririca","General; Tinguiririca river.",,"1907","?","?","?","?","?",412,"63.05","63.5.1",,,,,FALSE
6,1,1,"Río Cautín","General; Cautin river.",,"1907","?","?","?","?","?",413,"63.06","63.6.1",,,,,FALSE
7,1,1,"Río Imperial","General; Imperial River.",,"1907","?","?","?","?","?",414,"63.07","63.7.1",,,,,FALSE
8,1,1,"Río Tolten","Approximate; Tolten river near Pitrufquen.",,"1907","?","?","?","?","?",415,"63.08","63.8.1",,,,,FALSE
9,1,1,"Estero de Chimbarongo","Approximate; Estero Chimbarongo.",,"1910","?","?","?","?","?",416,"63.09","63.9.1",,,,,FALSE
10,1,1,"Río Blanco","Approximate; Blanco river.",,"1912, 1913, 1914, 1915, 1916","?","?","?","?","?",417,"63.10","63.10.1",,,,,FALSE
11,1,1,"Río Aconcagua","Approximate; Blanco river.",,"1912, 1913, 1914, 1915, 1916","?","?","?","?","?",418,"63.11","63.11.1",,,,,FALSE
12,1,3,"Río Blanco","Approximate",,"1912","?","?","traps","?","Trap",419,"63.12","63.12.3",,,,,FALSE
13,1,1,"Río Cautín","General",,"1912","?","?","?","?","?",420,"63.13","63.13.1",,,,,FALSE
14,1,1,"Río Toltén","General",,"1912","?","?","?","?","?",421,"63.14","63.14.1",,,,,FALSE
15,1,1,"Río Calle-Calle","General",,"1912","?","?","?","?","?",422,"63.15","63.15.1",,,,,FALSE
16,1,1,"Río Bueno","General",,"1912","?","?","?","?","?",423,"63.16","63.16.1",,,,,FALSE
17,1,1,"Río Petrohué","General",,"1932","?","?","?","?","?",424,"63.17","63.17.1",,,,,FALSE
18,1,1,"Río Manso","General",,"1932","?","?","?","?","?",425,"63.18","63.18.1",,,,,FALSE
19,1,1,"Río Puelo","General",,"1932","?","?","?","?","?",426,"63.19","63.19.1",,,,,FALSE
20,1,2,"Bahía Tic-Toc","Approximate",,"1931","February","1","Gill net","abundant","Gillnet",427,"63.20","63.20.2",,,,,FALSE
21,1,1,"Río Cisnes","Approximate",,"1941","?","?","?","?","?",428,"63.21","63.21.1",,,,,FALSE
22,1,1,"Llico","Approximate",,"1938","?","?","?","?","?",429,"63.22","63.22.1",,,,,FALSE
23,1,1,"Nearby Pto. Natales","General",,"1986","?","?","?","7  chum salmon","?",430,"63.23","63.23.1",,,,,FALSE
24,1,1,"Pto. Ibañez, Lago General Carrera","General",,"1989","March","1","?","600 cherry salmon were sighted","?",431,"63.24","63.24.1",,,,,FALSE
25,2,1,"Río Simpson, near Coihaique, about 50 km from the mouth of the river.",,,"2001","January, 2001","1","Personal observations.","?","?",37,"01.01","1.1.1",,,,,FALSE
26,3,1,"Site 1: Río Pescado",,,"1997","26 March 1997","1","Electric fishing.","5","Electro-fisher",38,"02.01","2.1.1",,,,,FALSE
27,3,3,"Site 2: Río Molina.",,,"1997","26 March 1997","1","Electric fishing.","18","Electro-fisher",39,"02.02","2.2.3",,,,,FALSE
28,3,3,"Site 3: Río Blanco II.",,,"1997","26 March 1997","1","Electric fishing.","17","Electro-fisher",40,"02.03","2.3.3",,,,,FALSE
29,3,6,"Site 4: Río La Antartica.",,,"1997","26 March 1997","1","Electric fishing.","81","Electro-fisher",41,"02.04","2.4.6",,,,,FALSE
30,3,4,"Site 5: Río Las Cantarias",,,"1997","30 March 1997","1","Electric fishing.","140","Electro-fisher",42,"02.05","2.5.4",,,,,FALSE
31,3,4,"Site 6: Río Las Cascales II",,,"1997","30 March 1997","1","Electric fishing.","80","Electro-fisher",43,"02.06","2.6.4",,,,,FALSE
32,3,5,"Site 7: Río Playa Maiténes",,,"1997","30 March 1997","1","Electric fishing.","118","Electro-fisher",44,"02.07","2.7.5",,,,,FALSE
33,3,7,"Site 8: Río Quillanto",,,"1997","30 March 1997","1","Electric fishing.","136","Electro-fisher",45,"02.08","2.8.7",,,,,FALSE
34,3,3,"Site 9: Río Negro",,,"1997","10 April 1997","1","Electric fishing.","76","Electro-fisher",46,"02.09","2.9.3",,,,,FALSE
35,3,2,"Site 10: Río Chaquihua",,,"1997","10 April 1997","1","Electric fishing.","36","Electro-fisher",47,"02.10","2.10.2",,,,,FALSE
36,3,5,"Site 11: Río Ñanco",,,"1997","11 April 1997","1","Electric fishing.","143","Electro-fisher",48,"02.11","2.11.5",,,,,FALSE
37,3,4,"Site 12: Río Quillaipe",,,"1997","11 April 1997","1","Electric fishing.","45","Electro-fisher",49,"02.12","2.12.4",,,,,FALSE
38,4,7,"Lago Llanquihue, Ensenada.","Approximate.",,"2001","Eight dates between December 2000 and September 2001.","8","Gill nets, settled on coastal areas perpendicular to the shore line.  Eight nets of 70 * 3,5 m; 3 of 1,5"" stretch knot distance, two og 3"", two of 4 3/4"" and one of 6"".","717","Gillnet",293,"42.01","42.1.7",,,,,FALSE
39,4,4,"Lago Llanquihue: October 1998, Totoral; March 1999, Tto. Phillipi.","The position of the point is not accurate.","Samplings from FIP-97 38 cited in Sanzana 2002.","1998, 1999","Two samplings October 1998, Totoral; March 1999, Tto. Phillipi.","2","Gill nets, settled on coastal areas perpendicular to the shore line.","203 (97 + 106 respectively)","Gillnet",294,"44.01","44.1.4",,,,,FALSE
40,4,8,"Lago Llanquihue: Pto. Oscuro, Pto. Phillipi, Ba. Rincones, Ensenada, Maullín.","The position of the point is not accurate.","Samplings from Soto et al 1997 (FNDR report) cited in Sanzana 2002.","1995-1997","Nine dates and 13 samplings between Oct 1995 and March 1997.","9","Gill nets, settled on coastal areas perpendicular to the shore line.","2226","Gillnet",295,"45.01","45.1.8",,,,,FALSE
41,4,8,"Lago Llanquihue: Pto. Oscuro and Pto. Phillipi.","The position of the point is not accurate.","Samplings from Soto et al 1993 (FNDR report) cited in Sanzana 2002.","1992-1993","Five dates and 6 samplings between April 1992 and Feb. 1993.","5","Gill nets, settled on coastal areas perpendicular to the shore line.","750","Gillnet",296,"46.01","46.1.8",,,,,FALSE
42,5,5,"Laguna Los Patos","The position of the point is not accurate.",,"1996","30 April 1996.","1","Gill-net.","15","Gillnet",131,"10.01","10.1.5",,,,,FALSE
43,6,4,"Río Calcurrupe","The position of the point is not accurate.",,"2000","One sampling in March, 2000","1","Electric fishing.","14","Electro-fisher",70,"04.01","4.1.4",,,,,FALSE
44,6,3,"Río Epulafquén","The position of the point is not accurate.",,"1999","One sampling in November, 1999","1","Electric fishing.","24","Electro-fisher",71,"04.02","4.2.3",,,,,FALSE
45,6,1,"Río Riñinahue","The position of the point is not accurate.",,"1999","One sampling in November, 1999","1","Electric fishing.","9","Electro-fisher",72,"04.03","4.3.1",,,,,FALSE
46,6,3,"Lago Ranco","The position of the point is not accurate.",,"1999","Six dates between November 1999 and December 2000","6","Fishing championships: sport fishing (trolling).","73","Angling",73,"04.04","4.4.3",,,,,FALSE
47,6,7,"Lago Rupanco","The position of the point is not accurate.",,"1999, 2000","Five samplings between August 1999 and December 2000","5","Gill-nets settled perpendicular to the coastline.","294","Gillnet",74,"04.05","4.5.7",,,,,FALSE
48,6,9,"Río Bonito","The position of the point is not accurate.",,"2000","Six samplings between October 1999 and August 2000","6","Electric fishing.","264","Electro-fisher",75,"04.06","4.6.9",,,,,FALSE
49,6,3,"Río Nalcas","The position of the point is not accurate.",,"2000","Five samplings between August 1999 and December 2000","5","Electric fishing.","130","Electro-fisher",76,"04.07","4.7.3",,,,,FALSE
50,6,6,"Río Bueno","The position of the point is not accurate.",,"2000","Three samplings between February and November, 2000","3","Gill-nets settled perpendicular to the river.","59","Gillnet",77,"04.08","4.8.6",,,,,FALSE
51,6,9,"Río Piedras Negras","The position of the point is not accurate.","Two sampling sites from the same river were pooled.","2000","Six samplings between August 1999 and December 2000.","6","Electric fishing.","621","Electro-fisher",78,"04.09","4.9.9",,,,,FALSE
52,6,3,"Río Cabrito","The point was located based in coordinates although the river's name do not correspond.",,"2000","Five samplings between October 1999 and December 2000.","5","Electric fishing.","168","Electro-fisher",79,"04.10","4.10.3",,,,,FALSE
53,6,6,"Río Pucopio","The position of the point is not accurate.",,"1999, 2000","Four samplings between December 1999 and November 2000.","4","Electric fishing.","111","Electro-fisher",80,"04.11","4.11.6",,,,,FALSE
54,6,4,"Río Ignao","The position of the point is not accurate.",,"2000","Three samplings between December 1999 and August 2000.","3","Electric fishing.","233","Electro-fisher",81,"04.12","4.12.4",,,,,FALSE
55,6,8,"Río Cainalhue","The position of the point is not accurate.",,"2000","Five samplings between December 1999 and November 2000.","5","Electric fishing.","213","Electro-fisher",82,"04.13","4.13.8",,,,,FALSE
56,6,5,"Río Bueno","The position of the point based on reported coordinates although do not correspond to Río Bueno.",,"2000","Four samplings between December 1999 and November 2000","4","Electric fishing.","154","Electro-fisher",83,"04.14","4.14.5",,,,,FALSE
57,6,7,"Río Tramaihue","The position of the point indicates the approximate position of the river.",,"2000","Five samplings between December 1999 and November 2000","5","Electric fishing.","335","Electro-fisher",84,"04.15","4.15.7",,,,,FALSE
58,6,5,"Canal Hornopirén","The position of the point is not accurate.",,"1999, 2000","Six sampling between July 1999 and November 2000.","6","Gill-nets.","2479","Gillnet",85,"04.16","4.16.5",,,,,FALSE
59,6,6,"Río Cuchildeo",,,"2000","Six sampling between July 1999 and November 2000.","6","Electric fishing.","138","Electro-fisher",86,"04.17","4.17.6",,,,,FALSE
60,6,1,"Río Cuchildeo-afluente",,,"1999, 2000","Five sampling between November 1999 and November 2000.","5","Electric fishing.","105","Electro-fisher",87,"04.18","4.18.1",,,,,FALSE
61,6,5,"Río Negro-afluente","The position of the point is not accurate; coordinates were not reported.",,"2000","Five sampling between November 1999 and November 2000.","5","Electric fishing.","232","Electro-fisher",88,"04.19","4.19.5",,,,,FALSE
62,6,4,"Río Pichicolo",,,"2000","Six sampling between July 1999 and November 2000.","6","Electric fishing.","185","Electro-fisher",89,"04.20","4.20.4",,,,,FALSE
63,6,1,"Puente 1",,,"1999","One sampling in August 1999","1","Electric fishing.","3","Electro-fisher",90,"04.21","4.21.1",,,,,FALSE
64,6,3,"Río Taique","The position of the point is based on coordinates.",,"1999","One sampling in August 1999","1","Electric fishing.","6","Electro-fisher",91,"04.22","4.22.3",,,,,FALSE
65,6,2,"Río Mantilhue","The position of the point is based on coordinates.",,"1999","One sampling in August 1999","1","Electric fishing.","8","Electro-fisher",92,"04.23","4.23.2",,,,,FALSE
66,6,7,"Lago Puyehue","The position of the point is not accurate.","Only reported the samplings not included in Soto 2002 (FIP 2000-24)","1999, 2000","Four dates between Ago 1999 and Apr 2000: 01-Ago-99, 27-Oct-99, 18-Ene-00, 10-Abr-00. Additional dates reported in Soto 2002 (FIP 2000-24).","4","Gill-nets settled perpendicular to the coastline.","446","Gillnet",21,"04.24",,,,,,FALSE
67,6,6,"Lago Ranco","Not accurate","Only samplings not reported in Soto 2002 (FIP 2000-24) are reported in this record.","1999, 2000","Three dates between Ago 19998 and Apr 2000: 11 Ago 1999; 17 Nov 1999; 25 Ene 2000; 17 Apr 2000; remaining dates reported in Soto 2002 (FIP 2000-24).","3","Gill-nets settled perpendicular to the coastline.","587","Gillnet",22,"04.25",,,,,,FALSE
68,6,3,"Lago Yecho","Not accurate.","Only samplings not reported in Soto 2002 (FIP 2000-24) are reported in this record.","2001","19 May 2001, other dates reported in Soto 2002 (FIP 2000-24)","1","Gill-nets settled perpendicular to the coastline.","27","Gillnet",23,"04.26",,,,,,FALSE
69,6,1,"Río Caunahue",,"Only samplings not reported in Soto 2002 (FIP 2000-24) are reported in this record.","2001","9 May 2001, other samplings reported in another record.","1","Electric fishing","52","Electro-fisher",24,"04.27",,,,,,FALSE
70,6,1,"Río Collico",,,"1999, 2000","Three dates: 17 Nov 1999; 26 Ene 2000; 19 Dic 2000","3","Electric fishing.","70","Electro-fisher",25,"04.28",,,,,,FALSE
71,6,5,"Río Futangue","Approximate, based on coordenates.","See description of site in Pag. 38.","2000","Three dates between Jan and Dic 2000: 25 Jan, 18 Apr, 19 Dic.","3","Electric fishing","179","Electro-fisher",438,"04.29",,,,,,FALSE
72,6,3,"Río Iculpe","Approximate, based on coordenates.",,"2000","Three dates between Jan and Dic 2000: 25 Jan, 18 Apr, 19 Dic 2000.","3","Electric Fishing","168","Electro-fisher",439,"04.30",,,,,,FALSE
73,6,8,"Río Pitreño","Approximate, based on coordenates.",,"1999, 2000, 2001","Ten dates: 18-Nov-99, 25-Ene-00, 18-Abr-00, 18-Jul-00, 19-Dic-00, 31-Ene-01, 16-Feb-01, 15-Mar-01, 05-Abr-01, 09-May-01","10","Electric fishing.","662","Electro-fisher",440,"04.31",,,,,,FALSE
74,6,10,"Río Lado Puente Collico","Based on coordenates.",,"1999, 2000, 2001","Six dates: 17-Nov-1999, 19-Dic-00, 25-Ene-00, 18-Abr-00, 18-Jul-00, 16-Feb-01","6","Electric fishing","264","Electro-fisher",441,"04.32",,,,,,FALSE
75,6,4,"Río Chanlelfu","Not accurate, just referential.",,"2000","Three dates: 18-Ene-00, 13-Mar-00, 12-Dic-00","3","Electric fishing","139","Electro-fisher",442,"04.33",,,,,,FALSE
76,6,1,"Río Manzano","Based on coordenates.",,"1999, 2000","Five dates: 27-Oct-99, 18-Ene-00, 13-Abr-00, 26-Jul-00, 12-Dic-00","5","Electric fishing","216","Electro-fisher",443,"04.34",,,,,,FALSE
77,6,2,"Río Gol-Gol","Not accurate.","Additional samplings reported in record of Soto 2002 (FIP 2000-24). No native fish found.","2000","13 March 2000, aditional dates in Soto 2002 (FIP 2000-24)","1","Electric fishing","54","Electro-fisher",444,"04.35",,,,,,FALSE
78,6,8,"Río Lican","Based on coordenates.","Additional samplings are reported in Soto 2002 (FIP 2000-24, but without details on native species.","1999, 2000, 2001","Eleven dates between Aug 1999 and May 2001: 01-Ago-99, 28-Oct-99, 18-Ene-00, 11-Abr-00, 27-Jul-00, 20-Oct-00, 12-Dic-00, 14-Feb-01, 20-Mar-01, 10-Abr-01, 16-May-01","11","Electric fishing.","770","Electro-fisher",445,"04.36",,,,,,FALSE
79,6,4,"Estero Ñilque","Approximate.",,"1999, 2000","Five dates: 27-Oct-99, 18-Ene-00, 13-Abr-00, 26-Jul-00, 12-Dic-00","5","Electric fishing.","411","Electro-fisher",446,"04.37",,,,,,FALSE
80,6,6,"Río Pescadero","Based on coordinates.",,"1999, 2000","Four dates: 27-Oct-99, 18-Ene-00, 13-Abr-00, 12-Dic-00","4","Electric fishing.","158","Electro-fisher",447,"04.38",,,,,,FALSE
81,7,7,"Lago Ranco","The position of the point is approximate.",,"2000, 2001","Nine samplings between July 2000 and October 2001","9","Gill-nets settled perpendicular to the coastline.","992","Gillnet",50,"03.01","3.1.7",,,,,FALSE
82,7,1,"Río Caunahue",,,"2001","Seven samplings between April and November 2001","7","Electric fishing.","398","Electro-fisher",51,"03.02","3.2.1",,,,,FALSE
83,7,5,"Río Pitreño","Approximate, based on coordenates.","Only relative abundance of salmonids are reported here. For details on salmonids and native species in the period 18 Nov 1999 and 09 May 2001 see record of Soto and Arismendi 2001 (FNDR). Details of native species caught in the period 28 Jun 2001 to 30 No","2000, 2001","Thirteen samplings between July 2000 and November 2001.","13","Electric fishing.","872","Electro-fisher",52,"03.05","3.5.5",,,,,FALSE
84,7,6,"Lago Puyehue","The position of the point is approximate.",,"2000, 2001","Nine samplings between July 2000 and September 2001","9","Gill-nets settled perpendicular to the coastline.","298","Gillnet",53,"03.06","3.6.6",,,,,FALSE
85,7,2,"Río Gol-Gol","The position of the point is not accurate.","No native fish found.","2001","Six samplings between May and November 2001","6","Electric fishing.","376","Electro-fisher",54,"03.08","3.8.2",,,,,FALSE
86,7,6,"Río Lican",,"Only relative abundance of salmonids reported although native species were also caught. See record of Soto and Arismandi 2001 (FNDR) for details on salmonids and native species for the period August 1999 to May 2001.","2000, 2001","Twelve samplings between July 2000 and November 2001","12","Electric fishing.","698","Electro-fisher",55,"03.11","3.11.6",,,,,FALSE
87,7,7,"Lago Llanquihue","The position of the point is approximate.",,"2000, 2001","Eight samplings between December 2000 and September 2001","8","Gill-nets settled perpendicular to the coastline.","717","Gillnet",56,"03.12","3.12.7",,,,,FALSE
88,7,5,"Río Blanco",,"Only relative abundance of salmonids reported although native species were also caught. For details on native species abundances for some months see Soto and Arismandi 2001 (FNDR).","2001","Eleven samplings between September 2000 and November 2001","11","Electric fishing.","619","Electro-fisher",57,"03.13","3.13.5",,,,,FALSE
89,7,1,"Río Maullín","The position of the point is not accurate.","Only relative abundance of salmonids reported although native species composed 67.1% of the fishing (see Soto and Arismandi 2001 (FNDR)).","2000, 2001","Three samplings between November 2000 and May 2001","3","Electric fishing.","252","Electro-fisher",58,"03.14","3.14.1",,,,,FALSE
90,7,3,"Río Pescado",,,"2001","Ten samplings between February and November 2001,","10","Electric fishing.","515","Electro-fisher",59,"03.15","3.15.3",,,,,FALSE
91,7,4,"Río Maullín","The position of the point is not accurate.",,"2001","Three samplings between November 2000 and May 2001","3","Sport fishing (fly fishing).","15","Angling",60,"03.16","3.16.4",,,,,FALSE
92,7,4,"Lago Yelcho","The position of the point is approximate.",,"2001","Five samplings between January and December 2001","5","Gill-nets settled perpendicular to the coastline.","202","Gillnet",61,"03.17","3.17.4",,,,,FALSE
93,7,1,"Lago Panguipulli","The position of the point is not accurate.",,"2000","November 2000","1","Fishing championship: sport fishing (trolling).","29","Angling",62,"03.18","3.18.1",,,,,FALSE
94,7,4,"Laguna Los Patos","The position of the point is not accurate.",,"2000, 2001","Ten samplings between September 2000 and September 2001","10","Electric fishing.","696","Electro-fisher",63,"03.19","3.19.4",,,,,FALSE
95,7,3,"Lago Todos Los Santos","The position of the point is not accurate.",,"2000","November 2000","1","Fishing championship: sport fishing (trolling).","76","Angling",64,"03.20","3.20.3",,,,,FALSE
96,7,5,"Río Tepú",,,"2000, 2001","Thirteen samplings between September 2000 and November 2001.","13","Electric fishing.","901","Electro-fisher",65,"03.24","3.24.5",,,,,FALSE
97,7,2,"Río Café","The position of the point is not accurate; it is based on general figure.",,"2000, 2001","Four samplings between January 2001 and December 2001.","4","Electric fishing.","194","Electro-fisher",66,"03.25","3.25.2",,,,,FALSE
98,7,2,"Río Fierro","The position of the point is not accurate; it is based on general figure.",,"2000, 2001","Three samplings between January 2000 and December 2001.","3","Electric fishing.","30","Electro-fisher",67,"03.26","3.26.2",,,,,FALSE
99,7,1,"Río Puente Naranjo 2","The position of the point is not accurate; it is based on general figure.",,"2000, 2001","Four samplings between January 2000 and December 2001.","4","Electric fishing.","175","Electro-fisher",68,"03.27","3.27.1",,,,,FALSE
100,7,2,"Río Quinchilcas",,,"2000, 2001","Five samplings between March 2000 and September 2001.","5","Electric fishing.","484","Electro-fisher",69,"03.28","3.28.2",,,,,FALSE
101,8,3,"Río Pescadero Grande",,"Hiporithron.","1984, 1985","Twelve monthly samplings between July 1984 and Jun 1985.","12","Electric fishing.","259","Electro-fisher",230,"36.01","36.1.3",,,,,FALSE
102,8,3,"Río El Encanto","The position of the point is approximate.","Hiporithron.","1984, 1985","Twelve monthly samplings between July 1984 and Jun 1985.","12","Electric fishing.","111","Electro-fisher",231,"36.02","36.2.3",,,,,FALSE
103,8,1,"Río Trafun","The position of the point is approximate.",,"1984, 1985","Twelve monthly samplings between July 1984 and Jun 1985.","12","Electric fishing.","84","Electro-fisher",232,"36.03","36.3.1",,,,,FALSE
104,8,4,"Río Chacay","The position of the point is approximate.",,"1984, 1985","Twelve monthly samplings between July 1984 and Jun 1985.","12","Electric fishing.","533","Electro-fisher",233,"36.04","36.4.4",,,,,FALSE
105,8,3,"Río Las Truchas","The position of the point is approximate.",,"1984, 1985","Twelve monthly samplings between July 1984 and Jun 1985.","12","Electric fishing.","293","Electro-fisher",234,"36.05","36.5.3",,,,,FALSE
106,8,7,"Río Bonito","The position of the point is not accurate.","Mesorithron.","1984, 1985","Twelve monthly samplings between July 1984 and Jun 1985.","12","Electric fishing.","393","Electro-fisher",235,"36.06","36.6.7",,,,,FALSE
107,8,3,"Río El Callao","The position of the point is not accurate.","Epirithron.","1984, 4986","Twelve monthly samplings between July 1984 and Jun 1985.","12","Electric fishing.","253","Electro-fisher",236,"36.07","36.7.3",,,,,FALSE
108,8,5,"Río Nalcas","The position of the point is not accurate.","Epirithron. The table catchments is missing in my copy of the report (C. Correa)","1984, 1985","Twelve monthly samplings between July 1984 and Jun 1985.","12","Electric fishing.","186","Electro-fisher",237,"36.08","36.8.5",,,,,FALSE
109,8,3,"Río Negro alto","The position of the point is not accurate.",,"1984, 1985","Twelve monthly samplings between July 1984 and Jun 1985.","12","Electric fishing.","148","Electro-fisher",238,"36.09","36.9.3",,,,,FALSE
110,8,6,"Río Negro bajo","The position of the point is not accurate.",,"1984, 1985","Ten samplings between July 1984 and Jun 1985.","10","Electric fishing.","120","Electro-fisher",239,"36.10","36.10.6",,,,,FALSE
111,8,4,"Río Blanco","The position of the point is not accurate.",,"1984, 1985","Six monthly samplings between Sept 1984 and Feb 1985.","6","Electric fishing.","135","Electro-fisher",240,"36.11","36.11.4",,,,,FALSE
112,8,4,"Río Piedras Negras","The position of the point is not accurate.",,"1984, 1985","Ten samplings between July 1984 and Jun 1985.","10","Electric fishing.","210","Electro-fisher",241,"36.12","36.12.4",,,,,FALSE
113,8,6,"Lago Rupanco","The position of the point is not accurate.",,"1984, 1985","Ten monthly samplings between September 1984 and Jun 1985.","10","Gill net settled in the lake overnight (12 h).","216","Gillnet",242,"36.13","36.13.6",,,,,FALSE
114,8,5,"Lago Rupanco","The position of the point is not accurate.",,"1984, 1985","Twelve monthly samplings between July 1984 and Jun 1985.","12","Barrier net (10x1.16, 5mm of weft) pulled from the shore.","837","Seine",243,"36.14","36.14.5",,,,,FALSE
115,9,1,"Vertientes del Salar de Ascotán","The position of the point is not accurate.",,"1999 (?)","?","?","?","60","?",132,"11.01","11.1.1",,,,,FALSE
116,10,3,"Río Cóndor, cauce central y afluentes.","The position of the point is not accurate.",,"1995","February 1995.","1","Electric fishing.","?","Electro-fisher",127,"09.01","9.1.3",,,,,FALSE
117,10,1,"Río Bueno, cauce central y afluentes.",,,"1995","February 1995.","1","Electric fishing.","?","Electro-fisher",128,"09.02","9.2.1",,,,,FALSE
118,10,2,"Río Rasmunssen, cauce central y afluentes.","The position of the point is not accurate.",,"1995","February 1995.","1","Electric fishing.","?","Electro-fisher",129,"09.03","9.3.2",,,,,FALSE
119,10,2,"Valle Castor, cauce central y afluentes.","The position of the point is not accurate.",,"1995","February 1995.","1","Electric fishing.","?","Electro-fisher",130,"09.04","9.4.2",,,,,FALSE
120,11,,"Río Choapa (brazo)","The position of the point is approximate.","Only B. microlepidotus is mentioned. (same survey reported in Comte, S., and I. Vila. 1992. Journal of Fish Biology 41:971-981.)","1982, 1984","Nine samplings between August 1982 and April 1984.","9","Electric fishing.","1989","Electro-fisher",133,"12.01","12.1.1",,,,,FALSE
121,12,1,"Río Simpson","Not accurate; somewere in the Simpson River.",,"1984","?","?","?","1","?",393,"60.01","60.1.1",,,,,FALSE
122,12,1,"Río Prat","Not accurate; somewere in the Prat River.",,"1986","?","?","?","7","?",394,"60.02","60.2.1",,,,,FALSE
123,12,1,"Lago General Carrera","Not accurate; somewere in the General Carrera Lake.",,"1989","?","?","?","?","?",395,"60.03","60.3.1",,,,,FALSE
124,13,2,"Río Simpson",,,"2000, 2001","November, December 2000, January 2001.","3","Gill-nets?","35","Gillnet",93,"05.01","5.1.2",,,,,FALSE
125,13,2,"Río Blanco (Aysen)",,,"2001","February 2001","1","Gill-nets?","11","Gillnet",94,"05.02","5.2.2",,,,,FALSE
126,13,2,"Río Huemules",,,"2001","March 2001.","1","Gill-nets?","20","Gillnet",95,"05.03","5.3.2",,,,,FALSE
127,13,1,"Río Simpson",,,"2001","April 2001.","1","Gill-nets?","1","Gillnet",96,"05.04","5.4.1",,,,,FALSE
128,13,3,"Arroyo Cea","Position of the point is based on coordinates only.",,"2001","May and July 2001.","1","Gill-nets?","59","Gillnet",97,"05.05","5.5.3",,,,,FALSE
129,13,3,"Lago Las Ardillas",,,"2001","February 2001.","1","Gill-nets?","28","Gillnet",98,"05.06","5.6.3",,,,,FALSE
130,13,1,"Arroyo Murta",,,"2001","December 2000","1","?","182","?",99,"05.07","5.7.1",,,,,FALSE
131,13,2,"Bahía Murta",,,"2001","May and November 2001.","2","Gill-nets?","104","Gillnet",100,"05.08","5.8.2",,,,,FALSE
132,13,2,"Río Ibañez",,,"2001","September 2001.","1","?","17","?",101,"05.09","5.9.2",,,,,FALSE
133,13,2,"Río Cisnes (Tapera)",,,"2001","May, July, September, November and December 2001.","5","Gill-nets?","139","Gillnet",102,"05.10","5.10.2",,,,,FALSE
134,14,3,"Lago Chapo","The position of the point is not accurate.",,"1997 (?)","?","?","?","?","?",140,"14.01","14.1.3",,,,,FALSE
135,14,3,"Dalcahue","The position of the point is not accurate.",,"1997 (?)","?","?","?","?","?",141,"14.02","14.2.3",,,,,FALSE
136,14,1,"Pilmaiquén","The position of the point is not accurate.",,"1997 (?)","?","?","?","?","?",142,"14.03","14.3.1",,,,,FALSE
137,14,1,"Pescadero",,,"1997 (?)","?","?","?","?","?",143,"14.04","14.4.1",,,,,FALSE
138,14,1,"Huillín","The position of the point is not accurate.",,"1997 (?)","?","?","?","?","?",144,"14.05","14.5.1",,,,,FALSE
139,15,4,"Calbuco","The position of the point is not accurate.",,"1995-1996","Twelve samplings between November 1995 and December 1996.","12","Gill-nets.","432","Gillnet",134,"13.01","13.1.4",,,,,FALSE
140,15,5,"Hueihue","The position of the point is not accurate.",,"1995-1996","Twelve samplings between November 1995 and December 1996.","12","Gill-nets.","204","Gillnet",135,"13.02","13.2.5",,,,,FALSE
141,15,4,"Canal Lemuy","The position of the point is not accurate.",,"1995-1996","Twelve samplings between November 1995 and December 1996.","12","Gill-nets.","571","Gillnet",136,"13.03","13.3.4",,,,,FALSE
142,15,5,"Pichicolo","The position of the point is not accurate.",,"1995-1996","Twelve samplings between November 1995 and December 1996.","12","Gill-nets.","89","Gillnet",137,"13.04","13.4.5",,,,,FALSE
143,15,4,"Pto. Cisnes","The position of the point is not accurate.",,"1995-1996","Twelve samplings between November 1995 and December 1996.","12","Gill-nets.","1831","Gillnet",138,"13.05","13.5.4",,,,,FALSE
144,15,4,"Pto. Chacabuco","The position of the point is not accurate.",,"1995-1996","Twelve samplings between November 1995 and December 1996.","12","Gill-nets.","752","Gillnet",139,"13.06","13.6.4",,,,,FALSE
145,16,3,"Ensenada Baja","The position of the point is not accurate.",,"1980","Jun 1980.","1","Dip net at surface.","?","Dipnet",244,"37.01","37.1.3",,,,,FALSE
146,16,3,"Río Aysen","The position of the point is approximate.",,"1980","October 1980.","1","Cast net.","?","Castnet",245,"37.02","37.2.3",,,,,FALSE
147,16,3,"Río Claro","Ambiguous","Does not know what region","1978","1978","1","Hook and line.","?","Angling",246,"37.03","37.3.3",,,,,FALSE
148,16,3,"Río Simpson (Coyhaique)","The position of the point is not accurate.",,"1980","August 1980.","1","Surber net.","?","Other: Surber net",247,"37.04","37.4.3",,,,,FALSE
149,16,1,"Río Simpson (Huichalao)","The position of the point is approximate.",,"1981, 1982","November 1981, October 1982.","2","Cast net.","?","Castnet",248,"37.05","37.5.1",,,,,FALSE
150,16,1,"Río Aysén (Puerto Piedra)",,,"1981-1982 (?)","?","?","Stomach content of brown trout.","?","Other: Stomach content of brown trout.",249,"37.06","37.6.1","Aysen","Chile",,,FALSE
151,16,3,"Puerto Pérez (tidepool)","The position of the point is not accurate; should be at Pto. Piedra.",,"1982","October 1982","1","Dip net.","?","Dipnet",250,"37.07","37.7.3",,,,,FALSE
152,16,2,"Arrollo Pajarones (Ensenada Baja)","The position of the point is not accurate.",,"1981","March 1981","1","By hand.","?","Other: by hand",251,"37.08","37.8.2",,,,,FALSE
153,16,2,"Río El Salto (desembocadura)",,,"1982","April 1982.","1","Gill net.","?","Gillnet",252,"37.09","37.9.2",,,,,FALSE
154,16,1,"Laguna Ventisquero (estero Ventisquero)",,,"1982","January 1982.","1","Gill net.","?","Gillnet",253,"37.10","37.10.1","Aysen","Chile",,,FALSE
155,16,1,"Laguna Quetro",,,"1982","January 1982.","1","Gill net.","?","Gillnet",254,"37.11","37.11.1","Aysen","Chile",,,FALSE
156,16,1,"Puerto Aguirre",,,"1980","December 1980.","1","Dip net at surface.","?","Dipnet",255,"37.12","37.12.1",,,,,FALSE
157,16,1,"Lago Pollux","The position of the point is not accurate.",,"1975","January 1975","1","By hand.","?","Other: by hand",256,"37.13","37.13.1",,,,,FALSE
158,16,1,"Lago Riesco",,,"1980","September 1980.","1","From stomach content of brown trout.","?","Other: Stomach content of brown trout.",257,"37.14","37.14.1",,,,,FALSE
159,16,1,"Lago Don Poli","The position of the point is not accurate; it should be at Don Poli Lagoon.",,"1984","January 1984","1","Gill net.","?","Gillnet",258,"37.15","37.15.1",,,,,FALSE
160,16,1,"Lago Esmeralda",,,"1983","January 1983.","1","Hook and line.","?","Angling",259,"37.16","37.16.1",,,,,FALSE
161,16,1,"Lago Maldonado","The point should be at Maldonado Lagoon.",,"1983","January 1983.","1","Hook and line.","?","Angling",260,"37.17","37.17.1",,,,,FALSE
162,16,1,"Lago General Carrera (Pto. Ibañez)","The position of the point is not accurate.",,"1982","January 1982.","1","Hook and line.","?","Angling",261,"37.18","37.18.1",,,,,FALSE
163,16,1,"Lago Frío",,,"1981-1982 (?)","?","?","?","?","?",262,"37.19","37.19.1",,,,,FALSE
164,17,3,"Lago General Carrera, near Río Los Antiguos, Argentina.",,,"1990",,"?","Gill nets, settled on coastal areas perpendicular to the shore line.","53","Gillnet",292,"43.01","43.1.3",,,,,FALSE
165,18,1,"Río Molina","The position of the point is not accurate.",,"2001 (?)","?","?","?","?","?",145,"15.01","15.1.1",,,,,FALSE
166,19,3,"Río Tinguiririca",,,"2002","February 2002","1","?","?","?",146,"16.01","16.1.3",,,,,FALSE
167,19,3,"Río Azufre",,,"2002","February 2002","1","?","?","?",147,"16.02","16.2.3",,,,,FALSE
168,20,6,"Laguna Grande de San Pedro","The position of the point is not accurate.","Laguna Grande of  San Pedro classified as eutrophic (Parra et al., 1989b).","1993-1994","November 1993, and January, March, June, and September of 1994.","5","Gill nets","?","Gillnet",148,"17.01","17.1.6",,,,,FALSE
169,20,4,"Laguna Chica de San Pedro","The position of the point is not accurate.","Laguna Chica of San Pedro classified as mesotrophic (Parra et al., 1989a)","1993-1994","November 1993, and January, March, June, and September of 1994.","5","Gill nets","?","Gillnet",149,"17.02","17.2.4",,,,,FALSE
170,20,3,"Lago Icalma","The position of the point is not accurate.","Lake classified as oligotrophic (Parra et al., 1993)","1993-1994","November 1993, and January and May, 1994.","3","Gill nets","?","Gillnet",150,"17.03","17.3.3",,,,,FALSE
171,21,6,"Laguna Grande de San Pedro",,,"1993, 1994","Five samplings: Nov 1993, Jan, Mar, Jun and Sep 1994","5","Gillnet (four monofillament nets 40m long, 2,5m wide, and mesh size of 32, 35, 45 and 55mm; nets were set at the bottom and middle water for 24hrs.); Echosounder","?","Gillnet",228,"35.01","35.1.1",,,,,FALSE
172,21,4,"Laguna Chica de San Pedro",,,"1993, 1994","Five samplings: Nov 1993, Jan, Mar, Jun and Sep 1994","5","Gillnet (four monofillament nets 40m long, 2,5m wide, and mesh size of 32, 35, 45 and 55mm; nets were set at the bottom and middle water for 24hrs.); Echosounder","?","Gillnet",229,"35.02","35.2.1",,,,,FALSE
173,22,4,"Estero Nonguen (estación 1)",,"Rithron habitat.","1999, 2000","March, July, November 1999 and February 2000.","4","Electric fishing: each sampling consisted in 50m of the stream in 20 min.","90","Electro-fisher",151,"18.01","18.1.4",,,,,FALSE
174,22,7,"Estero Nonguen (estación 2)",,,"1999","March, July, November 1999 and February 2000.","4","Electric fishing: each sampling consisted in 50m of the stream in 20 min.","99","Electro-fisher",152,"18.02","18.2.7",,,,,FALSE
175,22,7,"Estero Nonguen (estación 3)",,,"1999","March, July, November 1999 and February 2000.","4","Electric fishing: each sampling consisted in 50m of the stream in 20 min.","108","Electro-fisher",153,"18.03","18.3.7",,,,,FALSE
176,22,9,"Estero Nonguen (estación 4)",,"Potamon habitat.","1999, 2000","March, July, November 1999 and February 2000.","4","Electric fishing: each sampling consisted in 50m of the stream in 20 min.","164","Electro-fisher",154,"18.04","18.4.9",,,,,FALSE
177,22,10,"Estero Nonguen (estación 5)",,,"1999","March, July, November 1999 and February 2000.","4","Electric fishing: each sampling consisted in 50m of the stream in 20 min.","114","Electro-fisher",155,"18.05","18.5.10",,,,,FALSE
178,23,7,"Río Lauca, pozo 5 y 9.",,,"1996","January 1996.","1","?","?","?",160,"20.01","20.1.7",,,,,FALSE
179,23,7,"Río Lauca, pozo 5 y 9.",,,"1996","January 1996.","1","?","?","?",161,"20.02","20.2.7",,,,,FALSE
180,24,6,"Ríos Laja y Rucue (estaciones B, C y D)",,"Three sampling stations were pooled due to their proximity.","1995","September 1995.","1","Electric fishing.","153","Electro-fisher",156,"19.01","19.1.6",,,,,FALSE
181,24,3,"Río Laja (estación A)","The position of the point is approximate.",,"1995","September 1995.","1","Electric fishing.","18","Electro-fisher",157,"19.02","19.2.3",,,,,FALSE
182,24,3,"Río Rucue (estación E)","The position of the point is approximate.",,"1995","September 1995.","1","Electric fishing.","16","Electro-fisher",158,"19.03","19.3.3",,,,,FALSE
183,24,5,"Río Rucue (estación F)","The position of the point is approximate.",,"1995","September 1995.","1","Electric fishing.","25","Electro-fisher",159,"19.04","19.4.5",,,,,FALSE
184,25,8,"Río Biobio; Santa Juana area.","The position of the point is not accurate; it represents the whole area.",,"1990-1992","?","?","Electric fishing and/or gill nets.","?","Multiple gears: Electro-fisher; Gillnet",370,"54.01","54.1.8",,,,,FALSE
185,25,11,"Río Biobio; Negrete area.","The position of the point is not accurate.","Between Negrete and Nacimiento an intensive sampling was performed.","1990-1992","?","?","Electric fishing and/or gill nets.","?","Multiple gears: Electro-fisher; Gillnet",371,"54.02","54.2.11",,,,,FALSE
186,25,5,"Río Biobio; Santa Barbara area.","The position of the point is not accurate; it represents the whole area.",,"1990-1992","?","?","Electric fishing and/or gill nets.","?","Multiple gears: Electro-fisher; Gillnet",372,"54.03","54.3.5",,,,,FALSE
187,25,4,"Laguna de la Laja.","The position of the point is not accurate; it represents the whole area.",,"1990-1992","?","?","Electric fishing and/or gill nets.","?","Multiple gears: Electro-fisher; Gillnet",373,"54.04","54.4.4",,,,,FALSE
188,25,5,"Laguna Galletué.","The position of the point is not accurate; it represents the whole area.",,"1990-1992","?","?","Electric fishing and/or gill nets.","?","Multiple gears: Electro-fisher; Gillnet",374,"54.05","54.5.5",,,,,FALSE
189,25,5,"Laguna Icalma.","The position of the point is not accurate; it represents the whole area.",,"1990-1992","?","?","Electric fishing and/or gill nets.","?","Multiple gears: Electro-fisher; Gillnet",375,"54.06","54.6.5",,,,,FALSE
190,26,6,"Río Huépil (estación 1).",,"Rithron habitat with riffles and pools. .","1994","May 1994.","1","Electric fishing and baited-hook chains (espinel).","53","Multiple gears: Electro-fisher; Longline",162,"21.01","21.1.6",,,,,FALSE
191,26,9,"Río Itata (estación 2).",,"Rithron habitat with an area of pools.","1993, 1994","October 1993 and May 1994.","2","Electric fishing and gill nets (1993); electric fishing and baited-hook chains (espinel) (1994).","719","Multiple gears: Electro-fisher; Gillnet; Longline",163,"21.02","21.2.9",,,,,FALSE
192,26,9,"Río Itata (estación 3).",,"Potamon habitat.","1993, 1994","October 1993 and May 1994.","2","Electric fishing and gill nets (1993); electric fishing and baited-hook chains (espinel) (1994).","379","Multiple gears: Electro-fisher; Gillnet; Longline",164,"21.03","21.3.9",,,,,FALSE
193,27,4,"Canal Cruz del Ciprés del río Huépil (estación 1).","The position of the point is approximate.","Values of relative abundance inferred from a bar chart. Irrigation channel.","1994","May 1994.","1","Electric fishing.","14","Electro-fisher",165,"22.01","22.1.4",,,,,FALSE
194,27,5,"Canal Zañartu (estación 2).","The position of the point is approximate.","Values of relative abundance inferred from a bar chart. The Zañartu channel starts its course from the Laja river passing to the Itata's basin through the Huépil river; irrigation channel. .","1993, 1994","October 1993 and May 1994.","2","Electric fishing and baited-hook chains (espinel).","128","Multiple gears: Electro-fisher; Longline",166,"22.02","22.2.5",,,,,FALSE
195,27,7,"Canal Quillón (estación 3).","The position of the point is approximate.","Values of relative abundance inferred from a bar chart. Irrigation channel.","1993, 1994","October 1993 and May 1994.","2","Electric fishing.","211","Electro-fisher",167,"22.03","22.3.7",,,,,FALSE
196,27,4,"Canal El Roble (estación 4).","The position of the point is approximate.","Values of relative abundance inferred from a bar chart. Irrigation channel.","1993","October 1993","1","Electric fishing and ""nasa""-nets.","47","Multiple gears: Electro-fisher; Trap",168,"22.04","22.4.4",,,,,FALSE
197,28,1,"Río Illapel (estación 1, 2 y 3)","The position of the point is not accurate.",,"1999","April 1999.","1","Hand held net.","?","Dipnet",169,"23.01","23.1.1",,,,,FALSE
198,29,2,"Estero Camisas (estación 2 y 3)","The position of the point is not accurate.",,"1996","Jun 1996.","1","Hand held net.","?","Dipnet",170,"24.01","24.1.2",,,,,FALSE
199,30,2,"Río Lomin",,,"1994-1995","October, December 1994, January 1995","3","Electric fishing, baited-hook chains (espinel) and sport fishing.","15","Multiple gears: Electro-fisher; Longline; Angling",171,"25.01","25.1.2",,,,,FALSE
200,30,2,"Río Quepuca",,,"1994-1995","October 1994, January 1995.","2","Electric fishing, baited-hook chains (espinel) and sport fishing.","12","Multiple gears: Electro-fisher; Longline; Angling",172,"25.02","25.2.2",,,,,FALSE
201,30,2,"Estero Lepoy",,,"1994-1995","October 1994, January 1995.","2","Electric fishing, baited-hook chains (espinel) and sport fishing.","36","Multiple gears: Electro-fisher; Longline; Angling",173,"25.03","25.3.2",,,,,FALSE
202,30,1,"Estero El Lleuque",,,"1994-1995","October 1994, January 1995.","2","Baited-hook chains (espinel) and sport fishing.","4","Multiple gears: Angling; Longline",174,"25.04","25.4.1",,,,,FALSE
203,30,1,"Biobio (aguas arriba estero Lieuque)",,,"1994-1995","October 1994, January 1995.","2","Baited-hook chains (espinel) and sport fishing.","2","Multiple gears: Angling; Longline",175,"25.05","25.5.1",,,,,FALSE
204,30,1,"Biobio (caberna de máquinas)",,,"1994-1995","October 1994, January 1995.","2","Electric fishing, baited-hook chains (espinel) and sport fishing.","8","Multiple gears: Electro-fisher; Longline; Angling",176,"25.06","25.6.1",,,,,FALSE
205,30,2,"Río Lolco (aguas arriba Casa de Lolco)",,,"1994","December 1994.","1","Baited-hook chains (espinel) and sport fishing.","4","Multiple gears: Angling; Longline",177,"25.07","25.7.2",,,,,FALSE
206,30,2,"Río Lolco (bajo)",,,"1994","December 1994.","1","Baited-hook chains (espinel) and sport fishing.","9","Multiple gears: Angling; Longline",178,"25.08","25.8.2",,,,,FALSE
207,30,2,"Río Lolco (Baños de Lolco)",,,"1994","December 1994.","1","Baited-hook chains (espinel) and sport fishing.","6","Multiple gears: Angling; Longline",179,"25.09","25.9.2",,,,,FALSE
208,30,3,"Río Villicura (junta río Lolco)",,,"1994","December 1994.","1","Baited-hook chains (espinel) and sport fishing.","7","Multiple gears: Angling; Longline",180,"25.10","25.10.3",,,,,FALSE
209,30,2,"Río Villicura (cola embalse)",,,"1994-1995","December 1994, January 1995.","2","Baited-hook chains (espinel) and sport fishing.","12","Multiple gears: Angling; Longline",181,"25.11","25.11.2",,,,,FALSE
210,30,2,"Estero Piedras Paradas",,,"1994","December 1994.","1","Baited-hook chains (espinel) and sport fishing.","6","Multiple gears: Angling; Longline",182,"25.12","25.12.2",,,,,FALSE
211,31,3,"Lago Topocalma",,,"2000","May 4-5, 2000.","1? (range)","Gill nets and traps.","?","Multiple gears: Gillnet; Trap",227,"34.01","34.1.3",,,,,FALSE
212,32,2,"Estero Guaiquillo","The position of the point is approximate.",,"2001 (?)","?","?","Direct observation.","?","Other: Direct observation",183,"26.01","26.1.2",,,,,FALSE
213,33,4,"Entre 0 y 200 m hacia abajo de Bocatoma Maule, Central Pehuence (Sitios 1 y 2 agrupados)",,,"1995","15-16 March 1995","1? (range)","Hand held net and direct observations.","268","Dipnet",184,"27.01","27.1.4",,,,,FALSE
214,33,2,"Sitio 4",,,"1995 (?)","15-16 March 1995","1? (range)","Hand held net and direct observations.","5","Dipnet",185,"27.02","27.2.2",,,,,FALSE
215,33,1,"Sitio 5",,,"1995 (?)","15-16 March 1995","1? (range)","Hand held net and direct observations.","9","Dipnet",186,"27.03","27.3.1",,,,,FALSE
216,33,2,"Rúo arriba de Cental Curillinque (Sitio 6)","The position of the point should be reviewed; it should be relocated in the river Maule upstream from the Curillinque central.",,"1995 (?)","15-16 March 1995","1? (range)","Hand held net and direct observations.","15","Dipnet",187,"27.04","27.4.2",,,,,FALSE
217,34,1,"Río San José",,"No comments about whether other fishes were also sampled.","1998","April 4, May 17, Jun 6, 28.","4","Sport fishing (fly fishing); Electric fishing.","41","Multiple gears: Electro-fisher; Angling",297,"47.01","47.1.1",,,,,FALSE
218,34,1,"Río Penitente, La Holla.",,"No comments about whether other fishes were also sampled.","1996, 1997, 1998","November 11, December 22, 1996, March 15, May 29, December 8, 14, 1997, February 9, 1998.","7","Sport fishing (fly fishing); Electric fishing.","108","Multiple gears: Electro-fisher; Angling",298,"47.02","47.2.1",,,,,FALSE
219,34,1,"Río Penitente, Acantilado.",,"No comments about whether other fishes were also sampled.","1997","January 25, Jun 22, 1997.","2","Sport fishing (fly fishing); Electric fishing.","44","Multiple gears: Electro-fisher; Angling",299,"47.03","47.3.1",,,,,FALSE
220,34,1,"Río Penitente, Corral las Nieves.",,"No comments about whether other fishes were also sampled.","1997","February 23.","1","Sport fishing (fly fishing).","45","Angling",300,"47.04","47.4.1",,,,,FALSE
221,34,1,"Río Penitente, Palermo.",,"No comments about whether other fishes were also sampled.","1997, 1998, 1999","March 16, 1997, April 5, May 5, Jun 12, 28, December 1998, January 31, 1999","6","Sport fishing (fly fishing); Electric fishing.","83","Multiple gears: Electro-fisher; Angling",301,"47.05","47.5.1",,,,,FALSE
222,34,1,"Chorrillo (arrollo) s/n..",,"No comments about whether other fishes were also sampled.","1997, 1998, 1999","August 24, 1997.","1","Electric fishing.","52","Electro-fisher",302,"47.06","47.6.1",,,,,FALSE
223,34,1,"Río Penitente, La Invernada.",,"No comments about whether other fishes were also sampled.","1997, 1998","April 13, 1997, January 25, 1998.","2","Sport fishing (fly fishing)","67","Angling",303,"47.07","47.7.1",,,,,FALSE
224,34,1,"Río Penitente, La Invernada.",,"No comments about whether other fishes were also sampled.","1997, 1998, 1999","May 29, Jun 8, 22, August 24, September 28, 1997, September 27, November 8, 1998, January 31, February 14, 1999.","9","Sport fishing (fly fishing); Electric fishing.","31","Multiple gears: Electro-fisher; Angling",304,"47.08","47.8.1",,,,,FALSE
225,35,4,"Río Maitencillo","The position of the point is approximate.",,"1969-1970","?","?","?","?","?",305,"48.01","48.1.4",,,,,FALSE
226,35,3,"Río Maitencillo","The position of the point is approximate.",,"1969-1970","?","?","?","?","?",306,"48.02","48.2.3",,,,,FALSE
227,35,2,"Ventanas","The position of the point is approximate.",,"1969-1970","?","?","?","?","?",307,"48.03","48.3.2",,,,,FALSE
228,35,1,"Ventanas","The position of the point is approximate.",,"1969-1970","?","?","?","?","?",308,"48.04","48.4.1",,,,,FALSE
229,35,2,"Mantagua","The position of the point is approximate.",,"1969-1970","?","?","?","?","?",309,"48.05","48.5.2",,,,,FALSE
230,35,1,"Mantagua","The position of the point is approximate.",,"1969-1970","?","?","?","?","?",310,"48.06","48.6.1",,,,,FALSE
231,35,2,"Río Aconcagua","The position of the point is approximate.",,"1969-1970","?","?","?","?","?",311,"48.07","48.7.2",,,,,FALSE
232,35,6,"Estero Limache","The position of the point is approximate.",,"1969-1970","?","?","?","?","?",312,"48.08","48.8.6",,,,,FALSE
233,35,6,"Estero Limache","The position of the point is approximate.",,"1969-1970","?","?","?","?","?",313,"48.09","48.9.6",,,,,FALSE
234,35,6,"Aconcagua","The position of the point is approximate.",,"1969-1970","?","?","?","?","?",314,"48.10","48.10.6",,,,,FALSE
235,35,5,"Aconcagua","The position of the point is approximate.",,"1969-1970","?","?","?","?","?",315,"48.11","48.11.5",,,,,FALSE
236,35,6,"Nogales","The position of the point is approximate.",,"1969-1970","?","?","?","?","?",316,"48.12","48.12.6",,,,,FALSE
237,35,5,"Aconcagua","The position of the point is approximate.",,"1969-1970","?","?","?","?","?",317,"48.13","48.13.5",,,,,FALSE
238,35,1,"Aconcagua","The position of the point is approximate.",,"1969-1970","?","?","?","?","?",318,"48.14","48.14.1",,,,,FALSE
239,35,1,"Aconcagua","The position of the point is approximate.",,"1969-1970","?","?","?","?","?",319,"48.15","48.15.1",,,,,FALSE
240,35,1,"Aconcagua","The position of the point is approximate.",,"1969-1970","?","?","?","?","?",320,"48.16","48.16.1",,,,,FALSE
241,35,1,"Colorado","The position of the point is approximate.",,"1969-1970","?","?","?","?","?",321,"48.17","48.17.1",,,,,FALSE
242,35,1,"Juncal","The position of the point is approximate.",,"1969-1970","?","?","?","?","?",322,"48.18","48.18.1",,,,,FALSE
243,35,1,"Río Blanco","The position of the point is approximate.",,"1969-1970","?","?","?","?","?",323,"48.19","48.19.1",,,,,FALSE
244,35,2,"Ojos de Agua","The position of the point is approximate.",,"1969-1970","?","?","?","?","?",324,"48.20","48.20.2",,,,,FALSE
245,35,1,"Putaendo","The position of the point is approximate.",,"1969-1970","?","?","?","?","?",325,"48.21","48.21.1",,,,,FALSE
246,35,3,"Marga-marga","The position of the point is approximate.",,"1969-1970","?","?","?","?","?",326,"48.22","48.22.3",,,,,FALSE
247,35,5,"Marga-marga","The position of the point is approximate.",,"1969-1970","?","?","?","?","?",327,"48.23","48.23.5",,,,,FALSE
248,35,4,"Casablanca","The position of the point is approximate.",,"1969-1970","?","?","?","?","?",328,"48.24","48.24.4",,,,,FALSE
249,35,4,"Peñuelas","The position of the point is approximate.",,"1969-1970","?","?","?","?","?",329,"48.25","48.25.4",,,,,FALSE
250,35,1,"San Jerónimo","The position of the point is approximate.",,"1969-1970","?","?","?","?","?",330,"48.26","48.26.1",,,,,FALSE
251,35,3,"Puangue","The position of the point is approximate.",,"1969-1970","?","?","?","?","?",331,"48.27","48.27.3",,,,,FALSE
252,35,2,"Puangue","The position of the point is approximate.",,"1969-1970","?","?","?","?","?",332,"48.28","48.28.2",,,,,FALSE
253,35,1,"Puangue","The position of the point is approximate.",,"1969-1970","?","?","?","?","?",333,"48.29","48.29.1",,,,,FALSE
254,36,1,"Río Cautín","General; Río Cautín.",,"c.a. 1890","?","?","Dynamite","hundreds","Other: Dynamite",396,"61.01","61.1.1",,,,,FALSE
255,36,1,"Laguna del Inca",,,"1927 (year of the publication)","?","?","?","?","?",397,"61.02","61.2.1",,,,,FALSE
256,36,1,"Río Aconcagua alto","Appriximate; upper Aconcagua river.",,"1927 (year of the publication)","?","?","?","?","?",398,"61.03","61.3.1",,,,,FALSE
257,36,1,"Río Blanco",,,"1927 (year of the publication)","?","?","?","?","?",399,"61.04","61.4.1",,,,,FALSE
258,36,4,"Río Cautín",,,"1927 (year of the publication)","?","?","?","?","?",400,"61.05","61.5.4",,,,,FALSE
259,37,1,"Biobio river near Concepción","Not accurate (lower Biobio River)",,"1949 (year of the publication)","Spring","1","?",,"?",390,"59.01","59.1.1",,,,,FALSE
260,37,1,"Province of Concepción (no specific place reported)","General",,"1949 (year of the publication)",,"?","?",,"?",391,"59.02","59.2.1",,,,,FALSE
261,37,1,"Lagunas de San Pedro",,,"1949 (year of the publication)",,"?","?",,"?",392,"59.03","59.3.1",,,,,FALSE
262,38,1,"Springs and pools of the Salar de Ascotan","The position of the point is not is not accurate.",,"1994","April 1992, March 1994","2","Barrier net, trowling net.",,"Seine",188,"28.01","28.1.1",,,,,FALSE
263,39,1,"Río Dillo (c.a. 480m above sea level (table 1) and 35 km from its origin ( fig. 2))","The position of the point is approximate.","Rhithron type river.","1979-1980","Spring 1979 and Summer 1980.","2","Electric fishing in the rivers of the Rhithron type, in spring and summer.","454 specimens was collected in all the rhithron type rivers studied.","Electro-fisher",334,"49.01","49.1.1",,,,,FALSE
264,39,1,"Río Cautin (c.a. 480m above sea level (table 1) and 57 km from its origin ( fig. 2))","The position of the point is approximate.","Rhithron type river.","1979-1980","Spring 1979 and Summer 1980.","2","Electric fishing.","454 specimens was collected in all the rhithron type rivers studied.","Electro-fisher",335,"49.02","49.2.1",,,,,FALSE
265,39,1,"Río Muco (c.a. 230m above sea level (table 1) and 32 km from its origin (fig. 2))","The position of the point is approximate.","Rhithron type river.","1979-1980","Spring 1979 and Summer 1980.","2","Electric fishing.","454 specimens was collected in all the rhithron type rivers studied.","Electro-fisher",336,"49.03","49.3.1",,,,,FALSE
266,39,1,"Río Cavisañi (c.a. 750m above sea level (fig. 2) and 6km from its origin (fig. 2))","The position of the point is approximate.","Rhithron type river.","1979-1980","Spring 1979 and Summer 1980.","2","Electric fishing.","454 specimens was collected in all the rhithron type rivers studied.","Electro-fisher",337,"49.04","49.4.1",,,,,FALSE
267,39,2,"Río Palguin (c.a. 700m above sea level (fig. 2) and 6km from its origin (fig. 2))","The position of the point is approximate.","Rhithron type river.","1979-1980","Spring 1979 and Summer 1980.","2","Electric fishing.","454 specimens was collected in all the rhithron type rivers studied.","Electro-fisher",338,"49.05","49.5.2",,,,,FALSE
268,39,2,"Río Pedregoso (c.a. 300m above sea level (fig. 2) and > 40km from its origin (?) (fig. 2))","The position of the point is not accurate.","Rhithron type river.","1979-1980","Spring 1979 and Summer 1980.","2","Electric fishing.","454 specimens was collected in all the rhithron type rivers studied.","Electro-fisher",339,"49.06","49.6.2",,,,,FALSE
269,39,1,"Río Liucura (c.a. 300m above sea level (table 1, fig. 2) and 35km from its origin (fig. 2))","The position of the point is approximate.","Rhithron type river.","1979-1980","Spring 1979 and Summer 1980.","2","Electric fishing.","454 specimens was collected in all the rhithron type rivers studied.","Electro-fisher",340,"49.07","49.7.1",,,,,FALSE
270,39,2,"Río Voipir (c.a. 300m above sea level (fig. 2) and > 40km from its origin (?) (fig. 2))","The position of the point is not accurate.","Rhithron type river.","1979-1980","Spring 1979 and Summer 1980.","2","Electric fishing.","454 specimens was collected in all the rhithron type rivers studied.","Electro-fisher",341,"49.08","49.8.2",,,,,FALSE
271,39,2,"Río Allipen (c.a. 290m above sea level (table 1) and 70km from its origin (fig. 2))","The position of the point is approximate.","Rhithron type river.","1979-1980","Spring 1979 and Summer 1980.","2","Electric fishing.","454 specimens was collected in all the rhithron type rivers studied.","Electro-fisher",342,"49.09","49.9.2",,,,,FALSE
272,39,2,"Río Cua-cua (c.a. 230m above sea level (table 1) and 25km from its origin (fig. 2))","The position of the point is approximate.","Rhithron type river.","1979-1980","Spring 1979 and Summer 1980.","2","Electric fishing.","454 specimens was collected in all the rhithron type rivers studied.","Electro-fisher",343,"49.10","49.10.2",,,,,FALSE
273,39,2,"Río Puñir (c.a. 210m above sea level (table 1) and 18km from its origin (?) (fig. 2))","The position of the point not accurate.","Rhithron type river.","1979-1980","Spring 1979 and Summer 1980.","2","Electric fishing.","454 specimens was collected in all the rhithron type rivers studied.","Electro-fisher",344,"49.11","49.11.2",,,,,FALSE
274,39,2,"Río Llancahue (c.a. 260m above sea level (table 1) and 25km from its origin (fig. 2))","The position of the point is approximate.","Rhithron type river.","1979-1980","Spring 1979 and Summer 1980.","2","Electric fishing.","454 specimens was collected in all the rhithron type rivers studied.","Electro-fisher",345,"49.14","49.14.2",,,,,FALSE
275,39,2,"Río Reca (c.a. 130m above sea level (table 1) and 18km from its origin (fig. 2))","The position of the point is approximate.","Rhithron type river.","1979-1980","Spring 1979 and Summer 1980.","2","Electric fishing.","454 specimens was collected in all the rhithron type rivers studied.","Electro-fisher",346,"49.15","49.15.2",,,,,FALSE
276,39,1,"Río Quimán (c.a. 100m above sea level (table 1) and 10km from its origin (fig. 2))","The position of the point is approximate.","Rhithron type river.","1979-1980","Spring 1979 and Summer 1980.","2","Electric fishing.","454 specimens was collected in all the rhithron type rivers studied.","Electro-fisher",347,"49.17","49.17.1",,,,,FALSE
277,39,2,"Río Callao (c.a. 180m above sea level (table 1) and 12km from its origin (?) (fig. 2))","The position of the point is not accurate.","Rhithron type river.","1979-1980","Spring 1979 and Summer 1980.","2","Electric fishing.","454 specimens was collected in all the rhithron type rivers studied.","Electro-fisher",348,"49.18","49.18.2",,,,,FALSE
278,39,3,"Río Curinilahue (c.a. 110m above sea level (table 1) and 22km from its origin (fig. 2))","The position of the point is approximate.","Rhithron type river.","1979-1980","Spring 1979 and Summer 1980.","2","Electric fishing.","454 specimens was collected in all the rhithron type rivers studied.","Electro-fisher",349,"49.19","49.19.3",,,,,FALSE
279,39,4,"Río Bonito (c.a. 190m above sea level (table 1) and 26km from its origin (fig. 2))","The position of the point is approximate.","Rhithron type river.","1979-1980","Spring 1979 and Summer 1980.","2","Electric fishing.","454 specimens was collected in all the rhithron type rivers studied.","Electro-fisher",350,"49.20","49.20.4",,,,,FALSE
280,39,4,"Río Gol-gol (c.a. 22km from its origin (fig. 2))","The position of the point is approximate.","Rhithron type river.","1979-1980","Spring 1979 and Summer 1980.","2","Electric fishing.","454 specimens was collected in all the rhithron type rivers studied.","Electro-fisher",351,"49.22","49.22.4",,,,,FALSE
281,39,1,"Río Chanlelfu (c.a. 240m above sea level (table 1) and 42km from its origin (?) (fig. 2))","The position of the point is not accurate.","Rhithron type river.","1979-1980","Spring 1979 and Summer 1980.","2","Electric fishing.","454 specimens was collected in all the rhithron type rivers studied.","Electro-fisher",352,"49.23","49.23.1",,,,,FALSE
282,39,1,"Río Cuyaima (c.a. 100m above sea level (table 1) and 50km from its origin (?) (fig. 2))","The position of the point is not accurate.","Rhithron type river.","1979-1980","Spring 1979 and Summer 1980.","2","Electric fishing.","454 specimens was collected in all the rhithron type rivers studied.","Electro-fisher",353,"49.25","49.25.1",,,,,FALSE
283,39,1,"Río Blanco (south) (c.a. 90m above sea level (table 1) and 13km from its origin (fig. 2))","The position of the point is not accurate.","Rhithron type river.","1979-1980","Spring 1979 and Summer 1980.","2","Electric fishing.","454 specimens was collected in all the rhithron type rivers studied.","Electro-fisher",354,"49.27","49.27.1",,,,,FALSE
284,39,2,"Río Sur (c.a. 150m above sea level (table 1) and 14km from its origin (fig. 2))","The position of the point is approximate.","Rhithron type river.","1979-1980","Spring 1979 and Summer 1980.","2","Electric fishing.","454 specimens was collected in all the rhithron type rivers studied.","Electro-fisher",355,"49.28","49.28.2",,,,,FALSE
285,39,4,"Río Tepu (c.a. 90m above sea level (table 1) and 16km from its origin (fig. 2))","The position of the point is approximate.","Rhithron type river.","1979-1980","Spring 1979 and Summer 1980.","2","Electric fishing.","454 specimens was collected in all the rhithron type rivers studied.","Electro-fisher",356,"49.29","49.29.4",,,,,FALSE
286,39,8,"Río Imperial (c.a. 15 m above sea level (table 1), potamon)","The position of the point is not accurate.","Potamon type river.","1979-1980","Monthly collections from April 1979 to March 1980.","12","Ringwade net 18 m long 2 m high and 2mm mesh was used in big rivers of the Potamon and Wet land typ.","?","Seine",357,"49.30","49.30.8",,,,,FALSE
287,39,8,"Río Tolten (c.a. 2 m above sea level (table 1), potamon)","The position of the point is not accurate.","Potamon type river.","1979-1980","Monthly collections from April 1979 to March 1980.","12","Ringwade net 18 m long 2 m high and 2mm mesh was used in big rivers of the Potamon and Wet land typ.","?","Seine",358,"49.31","49.31.8",,,,,FALSE
288,39,10,"Río Valdivia (c.a. 2 m above sea level (table 1), potamon)","The position of the point is not accurate.","Potamon type river.","1979-1980","Monthly collections from April 1979 to March 1980.","12","Ringwade net 18 m long 2 m high and 2mm mesh was used in big rivers of the Potamon and Wet land typ.","?","Seine",359,"49.32","49.32.10",,,,,FALSE
289,39,8,"Río Bueno (c.a. 20 m above sea level (table 1), potamon)","The position of the point is not accurate.","Potamon type river.","1979-1980","Monthly collections from April 1979 to March 1980.","12","Ringwade net 18 m long 2 m high and 2mm mesh was used in big rivers of the Potamon and Wet land typ.","?","Seine",360,"49.33","49.33.8",,,,,FALSE
290,39,8,"Río Maullin (c.a. 7 m above sea level (table 1), potamon)","The position of the point is not accurate.","Potamon type river.","1979-1980","Monthly collections from April 1979 to March 1980.","12","Ringwade net 18 m long 2 m high and 2mm mesh was used in big rivers of the Potamon and Wet land typ.","?","Seine",361,"49.34","49.34.8",,,,,FALSE
291,39,3,"Wetlands of Río Cayumapu (c.a. 7 m above sea level (table 1), potamon)","The position of the point is not accurate.","Wetland.","1979-1980","Monthly collections from April 1979 to March 1980.","12","Ringwade net 18 m long 2 m high and 2mm mesh was used in big rivers of the Potamon and Wet land typ.","?","Seine",362,"49.35","49.35.3",,,,,FALSE
292,39,1,"Wetlands of Río Cayumapu (c.a. 7 m above sea level (table 1), potamon)","The position of the point is not accurate.","Wetland.","1979-1980","Monthly collections from April 1979 to March 1980.","12","Ringwade net 18 m long 2 m high and 2mm mesh was used in big rivers of the Potamon and Wet land typ.","?","Seine",363,"49.36","49.36.1",,,,,FALSE
293,40,5,"Rañilhuenco (estación 1)",,"Same data published in: Ruiz, VH. and T. Berra 1994. Ichthyol. Exlor. Freshwaters 5(1): 5-18.","1988-1990","Three samplings between 1988 and 1990.","3","Hand held net, conical net, hand line and baited hook chains (espinel).","61","Multiple gears: Angling; Longline; Dipnet; Seine",189,"29.01","29.1.5",,,,,FALSE
294,40,4,"Queuco (desembocadura del río Queuco en el Biobío) (estación 2)",,"Same data published in: Ruiz, VH. and T. Berra 1994. Ichthyol. Exlor. Freshwaters 5(1): 5-18.","1988-1990","Three samplings between 1988 and 1990.","3","Hand held net, conical net, hand line and baited hook chains (espinel).","6","Multiple gears: Angling; Longline; Dipnet; Seine",190,"29.02","29.2.4",,,,,FALSE
295,40,7,"Balseadero Callaqui (estación 3)","The position of the point is approximate.","Same data published in: Ruiz, VH. and T. Berra 1994. Ichthyol. Exlor. Freshwaters 5(1): 5-18.","1988-1990","Three samplings between 1988 and 1990.","3","Hand held net, conical net, hand line and baited hook chains (espinel).","14","Multiple gears: Angling; Longline; Dipnet; Seine",191,"29.03","29.3.7",,,,,FALSE
296,40,2,"Pangue (estación 4)","The position of the point is approximate.","Same data published in: Ruiz, VH. and T. Berra 1994. Ichthyol. Exlor. Freshwaters 5(1): 5-18.","1988-1990","Three samplings between 1988 and 1990.","3","Hand held net, conical net, hand line and baited hook chains (espinel).","8","Multiple gears: Angling; Longline; Dipnet; Seine",192,"29.04","29.4.2",,,,,FALSE
297,40,5,"Ralco (estación 5)","The position of the point is approximate.","Same data published in: Ruiz, VH. and T. Berra 1994. Ichthyol. Exlor. Freshwaters 5(1): 5-18.","1988-1990","Three samplings between 1988 and 1990.","3","Hand held net, conical net, hand line and baited hook chains (espinel).","41","Multiple gears: Angling; Longline; Dipnet; Seine",193,"29.05","29.5.5",,,,,FALSE
298,40,1,"El Saltillo (entre Ralco y Lepoy) (estación 6)","The position of the point is approximate.","Same data published in: Ruiz, VH. and T. Berra 1994. Ichthyol. Exlor. Freshwaters 5(1): 5-18.","1988-1990","Three samplings between 1988 and 1990.","3","Hand held net, conical net, hand line and baited hook chains (espinel).","1","Multiple gears: Angling; Longline; Dipnet; Seine",194,"29.06","29.6.1",,,,,FALSE
299,40,4,"Lomín (estación 7)",,"Same data published in: Ruiz, VH. and T. Berra 1994. Ichthyol. Exlor. Freshwaters 5(1): 5-18.","1988-1990","Three samplings between 1988 and 1990.","3","Hand held net, conical net, hand line and baited hook chains (espinel).","8","Multiple gears: Angling; Longline; Dipnet; Seine",195,"29.07","29.7.4",,,,,FALSE
300,40,6,"La Junta (Desembocadura río Lonquimay en el Biobío) (estación 8)",,"Same data published in: Ruiz, VH. and T. Berra 1994. Ichthyol. Exlor. Freshwaters 5(1): 5-18.","1988-1990","Three samplings between 1988 and 1990.","3","Hand held net, conical net, hand line and baited hook chains (espinel).","86","Multiple gears: Angling; Longline; Dipnet; Seine",196,"29.08","29.8.6",,,,,FALSE
301,40,6,"Lago Galletué (estación 9)",,"Same data published in: Ruiz, VH. and T. Berra 1994. Ichthyol. Exlor. Freshwaters 5(1): 5-18.","1988-1990","Three samplings between 1988 and 1990.","3","Hand held net, conical net, hand line and baited hook chains (espinel).","25","Multiple gears: Angling; Longline; Dipnet; Seine",197,"29.09","29.9.6",,,,,FALSE
302,40,4,"Lago Icalma (estación 10)",,"Same data published in: Ruiz, VH. and T. Berra 1994. Ichthyol. Exlor. Freshwaters 5(1): 5-18.","1988-1990","Three samplings between 1988 and 1990.","3","Hand held net, conical net, hand line and baited hook chains (espinel).","23","Multiple gears: Angling; Longline; Dipnet; Seine",198,"29.10","29.10.4",,,,,FALSE
303,41,1,"Between Cuncumén and Tejas Verdes.","The position of the point is not accurate.",,"1969, 1970","Monthly samplings between August 1969 and October 1970.","14","Gill net.","?","Gillnet",290,"40.01","40.1.1",,,,,FALSE
304,42,6,"Río Maipo (?)",,"Specific sampling sites and collection dates were not reported.","1986 (?)","?","?","Hand held net.","?","Dipnet",291,"41.01","41.1.6",,,,,FALSE
305,43,1,"Río Cipreses (site 9)","Doublecheck",,"1994","September 1994","1? (range)","Electric fishing (100 m of collection).","1","Electro-fisher",384,"58.01","58.1.1",,,,,FALSE
306,43,2,"Río Cipreses (site 11)",,,"1994; 1995","September 1994; March 1995","2","Electric fishing (200 m of collection each year).","6","Electro-fisher",385,"58.02","58.2.2",,,,,FALSE
307,43,2,"Río Cipreses (site 12)",,,"1994; 1995","September 1994; March 1995","2","Electric fishing (100 m of collection in 1994 and 50m in 1995).","101","Electro-fisher",386,"58.03","58.3.2",,,,,FALSE
308,43,3,"Río Cipreses (site 13)",,,"1994; 1995","September 1994; March 1995","2","Electric fishing (100 m of collection each year).","21","Electro-fisher",387,"58.04","58.4.3",,,,,FALSE
309,43,2,"Río Cortadral (site 4)",,,"1995","September 1994; March 1995","2","Electric fishing (50 m of collection).","15","Electro-fisher",388,"58.05","58.5.2",,,,,FALSE
310,43,3,"Río Cortadral (site 5)",,,"1995","September 1994; March 1995","2","Electric fishing (50 m of collection).","39","Electro-fisher",389,"58.06","58.6.2",,,,,FALSE
311,44,2,"Aguas Claras, Peñaflor (33°37´S, 70°51´W).","The position of the point is approximate.",,"1990","May, 1990","1","?","25 (at least)","?",369,"53.01","53.1.2",,,,,FALSE
312,45,6,"Estación 1: a la salida de ciudad de Loncoche",,,"1995","July and December 1995.","2","Electric fishing and gill nets settled overnight.","114","Multiple gears: Electro-fisher; Gillnet",199,"30.01","30.1.6",,,,,FALSE
313,45,8,"Estación 2: a la salida de la ciudad de Lanco, 2 km más abajo de puente Negro.",,,"1995","July and December 1995.","2","Electric fishing and gill nets settled overnight.","168","Multiple gears: Electro-fisher; Gillnet",200,"30.02","30.2.8",,,,,FALSE
314,45,7,"Estación 3: sector Rucaco (sitio del proyecto).",,,"1995","July and December 1995.","2","Electric fishing and gill nets settled overnight.","75","Multiple gears: Electro-fisher; Gillnet",201,"30.03","30.3.7",,,,,FALSE
315,45,4,"Estación 4: antes de la ciudad de San José de la Mariquina.",,,"1995","July and December 1995.","2","Electric fishing and gill nets settled overnight.","25","Multiple gears: Electro-fisher; Gillnet",202,"30.04","30.4.4",,,,,FALSE
316,45,5,"Estación 5: después de la ciudad de San José de la Mariquina.",,,"1995","July and December 1995.","2","Electric fishing and gill nets settled overnight.","42","Multiple gears: Electro-fisher; Gillnet",203,"30.05","30.5.5",,,,,FALSE
317,45,9,"Estación 6: al ingreso del humedal río Cruces.",,,"1995","July and December 1995.","2","Electric fishing and gill nets settled overnight.","76","Multiple gears: Electro-fisher; Gillnet",204,"30.06","30.6.9",,,,,FALSE
318,45,6,"Estación 7: en el medio del humedal río Cruces.",,,"1995","July and December 1995.","2","Electric fishing and gill nets settled overnight.","112","Multiple gears: Electro-fisher; Gillnet",205,"30.07","30.7.6",,,,,FALSE
319,46,3,"Río Laja en Tucapel (sitio 1)",,"The paper only reports three native species that were translocated upstream in the Laja River during a management program; thus additional species that might have been caught were omitted.","2001","25-28 January 2001","1? (range)","Electric fishing","465 (only three native species were considered)","Electro-fisher",206,"31.01","31.1.3",,,,,FALSE
320,46,3,"Río Laja en Cruz de Piedra (sitio 2)",,"The paper only reports three native species that were translocated upstream in the Laja River during a management program; thus additional species that might have been caught were omitted.","2001","25-28 January 2001","1? (range)","Electric fishing","381 (only three native species were considered)","Electro-fisher",207,"31.02","31.2.3",,,,,FALSE
321,46,3,"Río Laja en Siberia (sitio 3)",,"The paper only reports three native species that were translocated upstream in the Laja River during a management program; thus additional species that might have been caught were omitted.","2001","25-28 January 2001","1? (range)","Electric fishing","452 (only three native species were considered)","Electro-fisher",208,"31.03","31.3.3",,,,,FALSE
322,46,3,"Río Laja en El Roble (sitio 4)",,"The paper only reports three native species that were translocated upstream in the Laja River during a management program; thus additional species that might have been caught were omitted.","2001","25-28 January 2001","1? (range)","Electric fishing","448 (only three native species were considered)","Electro-fisher",209,"31.04","31.4.3",,,,,FALSE
323,47,1,"Río Huépil, previo a la confluencia con el río Cholguan (estaión 1)",,"Only Percilia guillisi was analyzed in this study.","1994, 1995","May, September, December 1994, March 1995.","4","Electric fishing","26 (only Percilia guillisi was reported)","Electro-fisher",210,"32.01","32.1.1",,,,,FALSE
324,47,1,"Río Itata, sector de Cholguán (estación 2)",,"Only Percilia guillisi was analyzed in this study. September and December's samplings yielded no caught.","1994, 1995","May, September, December 1994, March 1995.","4","Electric fishing","26 (only Percilia guillisi was reported)","Electro-fisher",211,"32.02","32.2.1",,,,,FALSE
325,48,9,"Estuario y desembocadura de río Andalien (estacion 1)",,"Estuary. In spring/summer, wide sand banks are formed and occupied by sea birds.","1986","January 6, Jun 10, August 19, November 11.","4","Barrier net (80x1.5, 25mm of weft), hand held net, hand managed fishing line and baited hooks chains (espinel).","831","Multiple gears: Seine; Dipnet; Angling; Longline;",212,"33.01","33.1.9",,,,,FALSE
326,48,9,"Río Andalien frente a Carriel Sur (estación 1-2)",,"Estuary.","1986","Spring, Summer (?)","?","Barrier net (10x1.5, 10mm of weft), hand held net, hand managed fishing line and baited hooks chains (espinel).","1131","Multiple gears: Seine; Dipnet; Angling; Longline;",213,"33.02","33.2.9",,,,,FALSE
327,48,7,"Río Andalien a 500m de la antigua estación de ferrocarríl Cosmito (estación 2)","The position of the point is not accurate.","Potamon.","1986","January 6, Jun 10, August 19, November 11.","4","Barrier net (10x1.5, 10mm of weft), hand held net, hand managed fishing line and baited hooks chains (espinel).","129","Multiple gears: Seine; Dipnet; Angling; Longline;",214,"33.03","33.3.7",,,,,FALSE
328,48,7,"Río Andalien entre puentes carretero y ferroviario del camino a Penco (estación 3)",,"Potamon. It is observed a great anthropogenic influence (pollution).","1986","January 6, Jun 10, August 19, November 11.","4","Barrier net (10x1.5, 10mm of weft), hand held net, hand managed fishing line and baited hooks chains (espinel).","110","Multiple gears: Seine; Dipnet; Angling; Longline;",215,"33.04","33.4.7",,,,,FALSE
329,48,9,"Río Andalien en desembocadura con Estero Nonguén (estación 4)",,"Potamon. It is observed a great anthropogenic influence (pollution). (15 m above the level of the sea)","1986","January 6, Jun 10, August 19, November 11.","4","Barrier net (10x1.5, 10mm of weft), hand held net, hand managed fishing line and baited hooks chains (espinel).","111","Multiple gears: Seine; Dipnet; Angling; Longline;",216,"33.05","33.5.9",,,,,FALSE
330,48,1,"Estero Ulloas (estación 5).",,"Potamon.","1986","January 6, Jun 10, August 19, November 11.","4","Barrier net (10x1.5, 10mm of weft), hand held net, hand managed fishing line and baited hooks chains (espinel).","?","Multiple gears: Seine; Dipnet; Angling; Longline;",217,"33.06","33.6.1",,,,,FALSE
331,48,9,"Río Andalien, 13 km antes de Chaminávida (estación 6)",,"Potamon.","1986","January 6, Jun 10, August 19, November 11.","4","Barrier net (10x1.5, 10mm of weft), hand held net, hand managed fishing line and baited hooks chains (espinel).","233","Multiple gears: Seine; Dipnet; Angling; Longline;",218,"33.07","33.7.9",,,,,FALSE
332,48,1,"Estero Cangrejillo (estación 7)",,"Potamon. (See table III of Ruiz 1993)","1986","March 11, April 16, July 22, October 7.","4","Barrier net (10x1.5, 10mm of weft), hand held net, hand managed fishing line and baited hooks chains (espinel).","?","Multiple gears: Seine; Dipnet; Angling; Longline;",219,"33.08","33.8.1",,,,,FALSE
333,48,0,"Estero Queule, junto a puente 1 (camino a bulnes) (estación 8)",,"Potamon. Samplings yielded no captures.","1986","March 11, April 16, July 22, October 7.","4","Barrier net (10x1.5, 10mm of weft), hand held net, hand managed fishing line and baited hooks chains (espinel).","0","Multiple gears: Seine; Dipnet; Angling; Longline;",220,"33.09","33.9.1",,,,,FALSE
334,48,4,"Estero Chaminavida, entre puente y desembocadura con río Andalien (estación 9)",,"Potamon.","1986","March 11, April 16, July 22, October 7.","4","Barrier net (10x1.5, 10mm of weft), hand held net, hand managed fishing line and baited hooks chains (espinel).","183","Multiple gears: Seine; Dipnet; Angling; Longline;",221,"33.10","33.10.4",,,,,FALSE
335,48,10,"Río Andalien, cercanías del puente 5 camino a Bulnes (estación 9-10).",,"Rithron.","1986","Winter, Summer (?)","?","Barrier net (10x1.5, 10mm of weft), hand held net, hand managed fishing line and baited hooks chains (espinel).","87","Multiple gears: Seine; Dipnet; Angling; Longline;",222,"33.11","33.11.10",,,,,FALSE
336,48,10,"Río Andalien, a 4.2 km de la cabecera del río (estación 10)",,"Rithron.","1986","March 11, April 16, July 22, October 7.","4","Barrier net (10x1.5, 10mm of weft), hand held net, hand managed fishing line and baited hooks chains (espinel).","317","Multiple gears: Seine; Dipnet; Angling; Longline;",223,"33.12","33.12.10",,,,,FALSE
337,48,7,"Estro Poñén, a 1.5 km de su nacimiento (estación 11)",,"Rithron.","1986","March 11, April 16, July 22, October 7.","4","Barrier net (10x1.5, 10mm of weft), hand held net, hand managed fishing line and baited hooks chains (espinel).","172","Multiple gears: Seine; Dipnet; Angling; Longline;",224,"33.13","33.13.7",,,,,FALSE
338,48,11,"Estero Curapalihue, 5.45 km al noreste de su nacimiento (estación 12)",,"Rithron.","1986","March 11, April 16, July 22, October 7.","4","Barrier net (10x1.5, 10mm of weft), hand held net, hand managed fishing line and baited hooks chains (espinel).","165","Multiple gears: Seine; Dipnet; Angling; Longline;",225,"33.14","33.14.11",,,,,FALSE
339,48,9,"Estero Paso Ancho a 6.75 km del nacimiento del río Andalien (estación 13)",,"Rithron.","1986","March 11, April 16, July 22, October 7.","4","Barrier net (10x1.5, 10mm of weft), hand held net, hand managed fishing line and baited hooks chains (espinel).","64","Multiple gears: Seine; Dipnet; Angling; Longline;",226,"33.15","33.15.9",,,,,FALSE
340,49,1,"Río Maipo en Puente de Tierra",,,"1969","August 1969.","1","Hand held net and/or barrier net and/or angler fishing.","?","Multiple gears: Dipnet; Seine; Angling",263,"38.01","38.1.1",,,,,FALSE
341,49,2,"El Extravío (afluente del R. Maipo)",,,"1968","October 1968.","1","Hand held net and/or barrier net and/or angler fishing.","?","Multiple gears: Dipnet; Seine; Angling",264,"38.02","38.2.2",,,,,FALSE
342,49,1,"Río Maipo en Las Melosas",,,"1968-1969","Eleven samplings between July 1968 and August 1969.","11","Hand held net and/or barrier net and/or angler fishing.","?","Multiple gears: Dipnet; Seine; Angling",265,"38.03","38.3.1",,,,,FALSE
343,49,1,"El Volcán (afluente del R. Maipo)",,,"1968-1969","July, October 1968, January, May and July 1969.","5","Hand held net and/or barrier net and/or angler fishing.","?","Multiple gears: Dipnet; Seine; Angling",266,"38.04","38.4.1",,,,,FALSE
344,49,2,"El Yeso (afluente del R. Maipo)",,,"1968-1969","August 1968, April and July 1969.","3","Hand held net and/or barrier net and/or angler fishing.","?","Multiple gears: Dipnet; Seine; Angling",267,"38.05","38.5.2",,,,,FALSE
345,49,2,"Estero Coyanco (afluente del R. Maipo)",,,"1969","January 1969.","1","Hand held net and/or barrier net and/or angler fishing.","?","Multiple gears: Dipnet; Seine; Angling",268,"38.06","38.6.2",,,,,FALSE
346,49,2,"Río Maipo en El Toyo",,,"1968","July, September, November 1968, January, Jun and August 1969.","6","Hand held net and/or barrier net and/or angler fishing.","?","Multiple gears: Dipnet; Seine; Angling",269,"38.07","38.7.2",,,,,FALSE
347,49,2,"Las Monjas (afluente del R. Maipo)","The position of the point is not accurate; should be at Las Monjas.",,"1968-1969","August, November 1968, January, May, July and August 1969.","6","Hand held net and/or barrier net and/or angler fishing.","?","Multiple gears: Dipnet; Seine; Angling",270,"38.08","38.8.2",,,,,FALSE
348,49,2,"El Manzano (afluente del R. Maipo)",,,"1968-1969","May 1968.","1","Hand held net and/or barrier net and/or angler fishing.","?","Multiple gears: Dipnet; Seine; Angling",271,"38.09","38.9.2",,,,,FALSE
349,49,2,"Río Maipo en La Obra",,,"1968-1969","Twelve samplings between Jun 1968 and August 1969.","12","Hand held net and/or barrier net and/or angler fishing.","?","Multiple gears: Dipnet; Seine; Angling",272,"38.10","38.10.2",,,,,FALSE
350,49,2,"Estero Clarillo (afluente del R. Maipo)",,,"1968","October 1968.","1","Hand held net and/or barrier net and/or angler fishing.","?","Multiple gears: Dipnet; Seine; Angling",273,"38.11","38.11.2",,,,,FALSE
351,49,1,"Río Maipo en Pirque",,,"1968","Jun 1968.","1","Hand held net and/or barrier net and/or angler fishing.","?","Multiple gears: Dipnet; Seine; Angling",274,"38.12","38.12.1",,,,,FALSE
352,49,8,"Angostura (afluente del R. Maipo)",,,"1969","March and July 1969.","2","Hand held net and/or barrier net and/or angler fishing.","?","Multiple gears: Dipnet; Seine; Angling",275,"38.13","38.13.8",,,,,FALSE
353,49,8,"Río Maipo en Isla de Maipo",,,"1968-1969","Eight samplings between Jun 1968 and August 1969.","8","Hand held net and/or barrier net and/or angler fishing.","?","Multiple gears: Dipnet; Seine; Angling",276,"38.14","38.14.8",,,,,FALSE
354,49,8,"Lampa (afluente del R. Maipo)",,,"1969","January 1969.","1","Hand held net and/or barrier net and/or angler fishing.","?","Multiple gears: Dipnet; Seine; Angling",277,"38.15","38.15.8",,,,,FALSE
355,49,9,"Pudahuel (afluente del R. Maipo)",,,"1969","January 1969.","1","Hand held net and/or barrier net and/or angler fishing.","?","Multiple gears: Dipnet; Seine; Angling",278,"38.16","38.16.9",,,,,FALSE
356,49,8,"Peñaflor (afluente del R. Maipo)",,,"1969","January 1969.","1","Hand held net and/or barrier net and/or angler fishing.","?","Multiple gears: Dipnet; Seine; Angling",279,"38.17","38.17.8",,,,,FALSE
357,49,8,"Talagante (afluente del R. Maipo)",,,"1968-1969","July, October 1968, January, July and August 1969.","5","Hand held net and/or barrier net and/or angler fishing.","?","Multiple gears: Dipnet; Seine; Angling",280,"38.18","38.18.8",,,,,FALSE
358,49,8,"Río Maipo en Chocalán",,,"1968-1969","Eleven samplings between July 1968 and August 1969.","11","Hand held net and/or barrier net and/or angler fishing.","?","Multiple gears: Dipnet; Seine; Angling",281,"38.19","38.19.8",,,,,FALSE
359,49,8,"Puangue (afluente del R. Maipo)",,,"1968-1969","July 1968 and March 1969.","2","Hand held net and/or barrier net and/or angler fishing.","?","Multiple gears: Dipnet; Seine; Angling",282,"38.20","38.20.8",,,,,FALSE
360,49,8,"Río Maipo en Cuncumén",,,"1968-1969","July, November 1968, January, March, May and August 1969.","6","Hand held net and/or barrier net and/or angler fishing.","?","Multiple gears: Dipnet; Seine; Angling",283,"38.21","38.21.8",,,,,FALSE
361,49,12,"Río Maipo en Tejas Verdes",,,"1968-1969","Eleven samplings between July 1968 and July 1969.","11","Hand held net and/or barrier net and/or angler fishing.","?","Multiple gears: Dipnet; Seine; Angling",284,"38.22","38.22.12",,,,,FALSE
362,50,1,"Lago Meullín at the drainage.",,,"2001","March 2001.","1","Baited-hook chains settled overnight (espinel).","6","Longline",105,"07.01","7.1.1",,,,,FALSE
363,50,1,"Río Cuervo upstream from Río Marta",,,"2001","March 2001.","1","Baited-hook chains settled overnight (espinel).","4","Longline",106,"07.02","7.2.1",,,,,FALSE
364,50,1,"Río Cuervo down stream from Río Marta",,,"2001","March 2001.","1","Baited-hook chains settled overnight (espinel).","5","Longline",107,"07.03","7.3.1",,,,,FALSE
365,50,4,"Río Cuervo down stream from Río Marta",,,"2001","March 2001.","1","Gill-nets","184","Gillnet",108,"07.04","7.4.4",,,,,FALSE
366,50,1,"Lago Youlton en Ensenada Barrientos (SLAY-2)",,,"2000 (?)","?","?","Electric fishing, Gill-nets, Baited-hook chains settled overnight (espinel).","11","Multiple gears: Electro-fisher; Gillnet; Longline",109,"08.01","8.1.1",,,,,FALSE
367,50,1,"Lago Youlton frente a Laguna Quetro (SLAY-3)",,,"2000 (?)","?","?","Gill-nets, Baited-hook chains settled overnight (espinel).","12","Multiple gears: Gillnet; Longline",110,"08.02","8.2.1",,,,,FALSE
368,50,1,"Lago Youlton aguas abajo Estero Capillan (SLY-2)",,,"2000 (?)","?","?","Baited-hook chains settled overnight (espinel).","11","Longline",111,"08.03","8.3.1",,,,,FALSE
369,50,1,"Lago Youlton en desembocadura (SLY-1)",,,"2000 (?)","?","?","Electric fishing, Gill-nets.","33","Multiple gears: Electro-fisher; Gillnet",112,"08.04","8.4.1",,,,,FALSE
370,50,1,"Lago Youlton en desembocadura Lago Youlton (SRME-1)",,,"2000 (?)","?","?","Baited-hook chains settled overnight (espinel).","3","Longline",113,"08.05","8.5.1",,,,,FALSE
371,50,3,"Lago Condor (SLCO-7)",,,"2000 (?)","?","?","Electric fishing, gill-nets, baited-hook chains settled overnight (espinel).","108","Multiple gears: Electro-fisher; Gillnet; Longline",114,"08.06","8.6.3",,,,,FALSE
372,50,4,"Lago Condor (SLCO-2)",,,"2000 (?)","?","?","Electric fishing, gill-nets, baited-hook chains settled overnight (espinel).","51","Multiple gears: Electro-fisher; Gillnet; Longline",115,"08.07","8.7.4",,,,,FALSE
373,50,5,"Lago Riesco en desembocadura (SLR-1)",,,"2000 (?)","?","?","Electric fishing, Gill-nets, Baited-hook chains settled overnight (espinel).","30","Multiple gears: Electro-fisher; Gillnet; Longline",116,"08.08","8.8.5",,,,,FALSE
374,50,2,"Lago Caro en cubeta oriente (SRB-9)","The position of the point is not accurate.",,"2000 (?)","?","?","Gill-nets, Baited-hook chains settled overnight (""espinel"").","25","Multiple gears: Gillnet; Longline",117,"08.09","8.9.2",,,,,FALSE
375,50,3,"Lago Elizalde en cubeta Oriente (SRB-10)",,,"2000 (?)","?","?","Gill-nets, Baited-hook chains settled overnight (""espinel"").","18","Multiple gears: Gillnet; Longline",118,"08.10","8.10.3",,,,,FALSE
376,50,6,"Río Blanco abajo en desembocadura (SRB-1)",,,"2000 (?)","?","?","Electric fishing, baited-hook chains settled overnight (""espinel"").","30","Multiple gears: Electro-fisher; Longline",119,"08.11","8.11.6",,,,,FALSE
377,50,4,"Río Blanco abajo en sector de balseo (SRB-2)",,,"2000 (?)","?","?","Electric fishing, baited-hook chains settled overnight (""espinel"").","12","Multiple gears: Electro-fisher; Longline",120,"08.12","8.12.4",,,,,FALSE
378,50,1,"Río Blanco abajo en ""El Perdido"" (SRB-3)",,,"2000 (?)","?","?","Electric fishing, baited-hook chains settled overnight (""espinel"").","2","Multiple gears: Electro-fisher; Longline",121,"08.13","8.13.1",,,,,FALSE
379,50,1,"Río Blanco arriba antes de los rápidos (SRB-4)",,,"2000 (?)","?","?","Electric fishing, baited-hook chains settled overnight (""espinel"").","5","Multiple gears: Electro-fisher; Longline",122,"08.14","8.14.1",,,,,FALSE
380,50,2,"Río Blanco arriba, bajo Río Bongo (SRB-5)",,,"2000 (?)","?","?","Electric fishing, Gill-nets, Baited-hook chains settled overnight (espinel).","22","Multiple gears: Electro-fisher; Gillnet; Longline",123,"08.15","8.15.2",,,,,FALSE
381,50,1,"Río Blanco arriba, 4 -5 Km arriba de Río Bongo (SRB-6)",,,"2000 (?)","?","?","Gill-nets, Baited-hook chains settled overnight (espinel).","22","Multiple gears: Gillnet; Longline",124,"08.16","8.16.1",,,,,FALSE
382,50,2,"Río Candelaria en Desembocadura (SRP-5)",,,"2000 (?)","?","?","Gill-nets, Baited-hook chains settled overnight (espinel).","3","Multiple gears: Gillnet; Longline",125,"08.17","8.17.2",,,,,FALSE
383,50,1,"Estero Dingle arriba (SRP-4)",,,"2000 (?)","?","?","Electric fishing.","9","Electro-fisher",126,"08.18","8.18.1",,,,,FALSE
384,51,1,"Laguna Verde",,"After the Hudson volcano eruption, another sampling was performed without captures.","1991","May 1991.","1","?","5","?",103,"06.01","6.1.1",,,,,FALSE
385,51,1,"Lago General Carrera (Bahía Jara)",,,"1991","May 1991.","1","?","100","?",104,"06.02","6.2.1",,,,,FALSE
386,52,3,"Estero Limache (estación 16)","The position of the point is approximate.",,"1996","September and October 1996.","2","Electric fishing","?","Electro-fisher",285,"39.01","39.1.3",,,,,FALSE
387,52,4,"Estero Puange 3 (estación 13)","The position of the point is approximate.",,"1996","September and October 1996.","2","Electric fishing","?","Electro-fisher",286,"39.02","39.2.4",,,,,FALSE
388,52,2,"Estero Puange 2 (estación 12)","The position of the point is approximate.",,"1996","September and October 1996.","2","Electric fishing","?","Electro-fisher",287,"39.03","39.3.2",,,,,FALSE
389,52,3,"Estero Puange 1 (estación 11)","The position of the point is approximate.",,"1996","September and October 1996.","2","Electric fishing","?","Electro-fisher",288,"39.04","39.4.3",,,,,FALSE
390,52,3,"Estero Carén 1 (estación 8)","The position of the point is approximate.",,"1996","September and October 1996.","2","Electric fishing","?","Electro-fisher",289,"39.05","39.5.3",,,,,FALSE
391,53,1,"Río Claro and Río Simpson, to the west of Coyhaique.",,,"1992","May-July 1992","?","Gill nets.","30 (only O. kisutch were reported)","Gillnet",383,"57.01","57.1.1",,,,,FALSE
392,54,1,"Río Simpson (west of Coyhaique, 300 m above sea level)",,,"1994","From May to July 1994.",">2","Gill nets.","17","Gillnet",364,"50.01","50.1.1",,,,,FALSE
393,55,1,"Río Claro",,"The years of sighting, and prescence of raibow trout in river Pichil and Huilma, was communicated personally by Nelson Colihueque.","1999-2000","?","?","Electric fishing and/or hook and line.","?","Multiple gears: Electro-fisher; Angling",376,"55.01","55.1.1",,,,,FALSE
394,55,1,"Río Zahuil",,"The years of sighting, and prescence of raibow trout in river Pichil and Huilma, was communicated personally by Nelson Colihueque.","1999-2000","?","?","Electric fishing and/or hook and line.","?","Multiple gears: Electro-fisher; Angling",377,"55.02","55.2.1",,,,,FALSE
395,55,2,"Río Huilma",,"The years of sighting, and prescence of raibow trout in river Pichil and Huilma, was communicated personally by Nelson Colihueque.","1999-2000","?","?","Electric fishing and/or hook and line.","?","Multiple gears: Electro-fisher; Angling",378,"55.03","55.3.2",,,,,FALSE
396,55,1,"Río Chanchán",,"The years of sighting, and prescence of raibow trout in river Pichil and Huilma, was communicated personally by Nelson Colihueque.","1999-2000","?","?","Electric fishing and/or hook and line.","?","Multiple gears: Electro-fisher; Angling",379,"55.04","55.4.1",,,,,FALSE
397,55,2,"Río Pichil",,"The years of sighting, and prescence of raibow trout in river Pichil and Huilma, was communicated personally by Nelson Colihueque.","1999-2000","?","?","Electric fishing and/or hook and line.","?","Multiple gears: Electro-fisher; Angling",380,"55.05","55.5.2",,,,,FALSE
398,56,1,"Río Del Este","The position of the point is not accurate.",,"1969-1970","?","?","?","?","?",365,"51.01","51.1.1",,,,,FALSE
399,56,1,"Río Rahue",,,"1970","20 February 1970","1","?","7","?",366,"51.02","51.2.1",,,,,FALSE
400,57,5,"Lago Villarrica","Not accurate. (not specified)","Sampling effort replicated in Lake Rupanco (see valume ""III Antecedentes limnológicos hoya Lago Rupanco""","1984, 1985","Nine samplings between Oct 1984 and Jun 1985.","9","Gill net 106m long * 2,5 m high (232 m2) settled overnight (12 h). The between-knot distance not specified.","324","Gillnet",449,"339.01",,,,,,FALSE
401,57,7,"Lake Villarrica (littoral)","Not accurate (not specified)","Sampling effort replicated in Lake Rupanco (see valume ""III Antecedentes limnológicos hoya Lago Rupanco""","1984, 1985","Twelve samplings between Jul 1984 and Jun 1985.","12","Seine net (10 m long, 1,16 m high; 5 mm stretched knot distance).","1459","Seine",450,"339.02",,,,,,FALSE
402,57,4,"Río Huichatio","Not accurate.","Parallel sampling were also done in tributaries of Lake Rupanco  (see valume ""III Antecedentes limnológicos hoya Lago Rupanco""","1984, 1985","Twelve salmplings between Jul 1984 and Jun 1985.","12","Electric fishing.","400","Electro-fisher",451,"339.03",,,,,,FALSE
403,57,3,"Río Molco","Not accurte","Parallel sampling were also done in tributaries of Lake Rupanco  (see valume ""III Antecedentes limnológicos hoya Lago Rupanco""","1984, 1985","Twelve salmplings between Jul 1984 and Jun 1985.","12","Electric fishing.","250","Electro-fisher",452,"339.04",,,,,,FALSE
404,57,1,"Río Chehuilco","Not accurate","Triburarie of Molco River.","1984, 1985","Twelve salmplings between Jul 1984 and Jun 1985.","12","Electric fishing.","367","Electro-fisher",453,"339.05",,,,,,FALSE
405,57,4,"Río Correntoso","Not accurate.","Parallel sampling were also done in tributaries of Lake Rupanco  (see valume ""III Antecedentes limnológicos hoya Lago Rupanco""","1984, 1985","Twelve salmplings between Jul 1984 and Jun 1985.","12","Electric fishing.","179","Electro-fisher",454,"339.06",,,,,,FALSE
406,57,1,"Río Palguin Alto","Not accurate",,"1984, 1985","Twelve salmplings between Jul 1984 and Jun 1985.","12","Electric Fishing","252","Electro-fisher",455,"339.07",,,,,,FALSE
407,57,2,"Río Trancura","Not accurate.",,"1984, 1985","Twelve salmplings between Jul 1984 and Jun 1985.","12","Electric fishing.","191","Electro-fisher",456,"339.08",,,,,,FALSE
408,57,4,"Río Maichin","Not Accurate",,"1984, 1985","Twelve salmplings between Jul 1984 and Jun 1985.","12","Electric fishing","266","Electro-fisher",457,"339.09",,,,,,FALSE
409,57,3,"Río Liucura Bajo","Not accurate",,"1984, 1985","Twelve salmplings between Jul 1984 and Jun 1985.","12","Electric fishing.","304","Electro-fisher",458,"339.10",,,,,,FALSE
410,57,2,"Río Coilaco","Not accurate",,"1984, 1985","Twelve salmplings between Jul 1984 and Jun 1985.","12","Electric fishing.","462","Electro-fisher",459,"339.11",,,,,,FALSE
411,57,1,"Río Liucura Alto","Not accurate",,"1984, 1985","Twelve salmplings between Jul 1984 and Jun 1985.","12","Electric fishing.","243","Electro-fisher",460,"339.12",,,,,,FALSE
412,57,3,"Río Palguín Bajo","Not accurate",,"1984, 1985","Twelve salmplings between Jul 1984 and Jun 1985.","12","Electric fishing.","157","Electro-fisher",461,"339.13",,,,,,FALSE
413,57,1,"Río Llancalil","Not accurate.",,"1984, 1985","Twelve salmplings between Jul 1984 and Jun 1985.","12","Electric fishing.","250","Electro-fisher",462,"339.14",,,,,,FALSE
414,57,,"Laguna Quillelhue","Not accurate.","In table 3 of the report no fish is reported but the lagoon is listed.","1984, 1985","?","?","Electric fishing.","?","Electro-fisher",463,"339.15",,,,,,FALSE
415,57,2,"Río Turbio","Not accurate","Based on Table 3, review the full report.","1984, 1985","?","?","Electric fishing","6","Electro-fisher",464,"339.16",,,,,,FALSE
416,57,4,"Río Candelaria","Not accurate","Double check river name (assumed to be Candelaria because of the village upstream.","1984, 1985","?","?","Electric fishing.","53","Electro-fisher",465,"339.17",,,,,,FALSE
417,58,1,"Río Futaleufu (Argentina, 140 to 155 km from the mouth of the river, 350 to 400 m above sea level)",,,"1989, 1990","8 May 1989; 7 Feb 1990; 8 Feb 1990; 10 April 1990 (2 individuals); 11 April 1190","5","Caught by hand, dead fish, sport fishing (spinning)","7","Multiple gears: Angling; Other: by hand; carcasses",367,"52.01","52.1.1",,,,,FALSE
418,58,1,"Río Palena (Argentina, 160 to 190 km from the mouth of the river, 350 m above sea level)",,,"1989, 1990","25 Nov.1989 (3 ind.); 1 Ene 1990; 3 Mar 1990; 25 Mar 1990.","4","Caught by hand, dead fish, sport fishing (spinning)","6","Multiple gears: Angling; Other: by hand; carcasses",368,"52.02","52.2.1",,,,,FALSE
419,59,4,"Lago Huillinco","The position of the point is not accurate.",,"1989","April and December, 1989.","2","Nets.","38","Gillnet",381,"56.01","56.1.4",,,,,FALSE
420,59,4,"Lago Natri","The position of the point is not accurate.",,"1989","April and December, 1989.","2","Nets.","33","Gillnet",382,"56.02","56.2.4",,,,,FALSE
421,60,1,"N1 Salado","Approximate; based on a general map.",,"1994-1995","?","?","Electric fishing.","10","Electro-fisher",401,"62.01","62.1.1",,,,,FALSE
422,60,1,"N2 La Laguna","Approximate; based on a general map.",,"1994-1995","?","?","Electric fishing.","35","Electro-fisher",402,"62.02","62.2.1",,,,,FALSE
423,60,1,"N3 Cohiguas","Approximate; based on a general map.",,"1994-1995","?","?","Electric fishing.","10","Electro-fisher",403,"62.03","62.3.1",,,,,FALSE
424,60,1,"N4 Claro","Approximate; based on a general map.",,"1994-1995","?","?","Electric fishing.","10","Electro-fisher",404,"62.04","62.4.1",,,,,FALSE
425,60,1,"N5 Yeso","General; based on a general map.",,"1994-1995","?","?","Electric fishing.","20","Electro-fisher",405,"62.05","62.5.1",,,,,FALSE
426,60,1,"N6 Panguipulli","General; based on a general map.",,"1994-1995","?","?","Electric fishing.","20","Electro-fisher",406,"62.06","62.6.1",,,,,FALSE
427,60,1,"N7 La Cascada","General; based on a general map.",,"1994-1995","?","?","Electric fishing.","21","Electro-fisher",407,"62.07","62.7.1",,,,,FALSE
428,61,5,"Río Santa Bárbara",,,"1984","March 1984","1","Electric fishing","15","Electro-fisher",9,"64.01",,,,,,FALSE
429,61,6,"Río Vuelta y Vuelta","Approximate, based on coordinates.",,"1984","March 1984","1","Electric fishing","45","Electro-fisher",432,"64.02","64.1.1",,,,,FALSE
430,61,3,"Río Amarillo",,,"1984","March 1984","1","Electric fishing","6","Electro-fisher",433,"64.03","64.3.3",,,,,FALSE
431,61,3,"Lago Yelcho, Pto. Cárdenas",,,"1984","March 1984","1","Electric fishing","2326","Electro-fisher",434,"64.04","64.4.3",,,,,FALSE
432,61,2,"Río Frío",,,"1984","March 1984","1","Electric fishing","100","Electro-fisher",435,"64.05","64.5.2",,,,,FALSE
433,61,1,"Afluente Río Frío",,,"1984","March 1984","1","Electric fishing","18","Electro-fisher",436,"64.06","64.6.1",,,,,FALSE
434,61,2,"Río Aura (i.e. Río Laura?)","Approximate","The site's coordinates cited by Campos et al (1984) correspond to a stream called Estero Pampita which is 5 km to the south from this point. Nevertheless, the Estero Laura--similar to ""Aura""--,which crosses the road, seems to be the correct sampling site.","1984","March 1984","1","Electric fishing","16","Electro-fisher",437,"64.07","64.7.2",,,,,FALSE
435,61,2,"Río Los Césares",,,"1984","March 1984","1","Electric fishing","55","Electro-fisher",26,"64.08","64.8.2",,,,,FALSE
436,61,5,"Lago Risopatrón",,,"1984","March 1984","1","Electric fishing","92","Electro-fisher",27,"64.09","64.9.5",,,,,FALSE
437,61,2,"Río Pascua (Puyuhuapi)",,"Approximate, based on coordinates","1984","March 1984","1","Electric fishing","37","Electro-fisher",28,"64.10","64.10.2",,,,,FALSE
438,61,1,"Río Queulat",,,"1984","March 1984","1","Electric fishing","1","Electro-fisher",29,"64.11","64.11.1",,,,,FALSE
439,61,1,"Río Cascadas",,,"1984","March 1984","1","Electric fishing","2","Electro-fisher",30,"64.12","64.12.1",,,,,FALSE
440,61,1,"Río Cisnes bajo",,,"1984","March 1984","1","Electric fishing","15","Electro-fisher",31,"64.13","64.13.1",,,,,FALSE
441,61,1,"Río Brigida",,"Approximate, position based on coordinates only.","1984","March 1984","1","Electric fishing","13","Electro-fisher",32,"64.14","64.14.1",,,,,FALSE
442,61,2,"Lago Pedro Aguirre Cerda",,,"1984","March 1984","1","Electric fishing","41","Electro-fisher",33,"64.15","64.15.2",,,,,FALSE
443,61,2,"Río Ñirehuao",,,"1984","March 1984","1","Electric fishing","28","Electro-fisher",34,"64.16","64.16.2",,,,,FALSE
444,61,2,"Lago Risopatrón",,,"1984","March 1984","1","Electric fishing","19","Electro-fisher",35,"64.17","64.17.2",,,,,FALSE
445,62,,"La Poza","Approximate","Only A. taeniatus reported. Large schools of A. taeniatus were observed spawning.","1967, 1968","End of May trough end of July peaking in June.",">2","Unspecified.",,"?",581,"355.01",,,,,,FALSE
446,62,,"Los Riscos","Not accurate","Only A. taeniatus reported. Large schools of A. taeniatus were observed spawning.","1967, 1968","End of May trough end of July peaking in June.",">2","Unspecified.",,"?",582,"355.02",,,,,,FALSE
447,62,,"Ensenada","Not accurate","Only A. taeniatus reported. Large schools of A. taeniatus were observed spawning.","1967, 1968","End of May trough end of July peaking in June.",">2","Unspecified.",,"?",583,"355.03",,,,,,FALSE
448,62,,"Cascada","Not Accurate","Only A. taeniatus reported. Large schools of A. taeniatus were observed spawning.","1967, 1968","End of May trough end of July peaking in June.",">2","Unspecified.",,"?",585,"355.04",,,,,,FALSE
449,63,1,"Curaco de Velez","The position of the point is not accurate.",,"1982","?","?","?","?","?",36,"65.01","65.1.1",,,,,FALSE
450,64,7,"Lago Puyehe, Bahia Taique","Ok",,"1998, 1999","Sept 1998, March 1999, August 1999","3","Gill nets; traps","130","Multiple gears: Gillnet; Trap",484,"768.01",,,,,,FALSE
451,64,5,"Lago Llanquihue, Bahia Phillipi (Totoral)","Ok",,"1998, 1999","October 1998, March 1999","2","Gill nets; traps","417","Multiple gears: Gillnet; Trap",485,"768.02",,,,,,FALSE
452,64,7,"Lago Todos Los Santos, Petrohue","Ok",,"1998, 1999","November 1998, May 1999, August 1999","3","Gill nets; traps","252","Multiple gears: Gillnet; Trap",486,"768.03",,,,,,FALSE
453,65,8,"Lago Llanquihue","Not accurate. Review report.","This entry is based on a table which does not contain much details.","1992, 1993","Six samplings between April 1992 and February 1993.","6","Gillnetting.","750","Gillnet",483,"769.01",,,,,,FALSE
454,66,,"Lago Toro","Not accurate.","The study was focused more in water chemistry and plankton than in fish. Specific fish composition and fish sampling methods/effort not reported.","1988, 1989, 1990","Five seasonal sampling trips to the area from Spring 1988 to Summer 1990. Not specified when fish were surveyed.","5","Not specified.","Not specified.","?",470,"933.01",,,,,,FALSE
455,66,,"Lago Sarmiento","Not accurate.","The study was focused more in water chemistry and plankton than in fish. Specific fish composition and fish sampling methods/effort not reported.","1988, 1989, 1990","Five seasonal sampling trips to the area from Spring 1988 to Summer 1990. Not specified when fish were surveyed.","5","Not specified.","Not specified.","?",471,"933.02",,,,,,FALSE
456,66,,"Lago Nordenskjold","Not accurate.","The study was focused more in water chemistry and plankton than in fish. Specific fish composition and fish sampling methods/effort not reported.","1988, 1989, 1990","Five seasonal sampling trips to the area from Spring 1988 to Summer 1990. Not specified when fish were surveyed.","5","Not specified.","Not specified.","?",472,"933.03",,,,,,FALSE
457,66,,"Lago Pehoe","Not accurate.","The study was focused more in water chemistry and plankton than in fish. Specific fish composition and fish sampling methods/effort not reported.","1988, 1989, 1990","Five seasonal sampling trips to the area from Spring 1988 to Summer 1990. Not specified when fish were surveyed.","5","Not specified.","Not specified.","?",473,"933.04",,,,,,FALSE
458,66,,"Laguna Melliza Oeste",,"The study was focused more in water chemistry and plankton than in fish. Specific fish composition and fish sampling methods/effort not reported.","1988, 1989, 1990","Five seasonal sampling trips to the area from Spring 1988 to Summer 1990. Not specified when fish were surveyed.","5","Not specified.","Not specified.","?",474,"933.05",,,,,,FALSE
459,66,,"Laguna Melliza Este",,"The study was focused more in water chemistry and plankton than in fish. Specific fish composition and fish sampling methods/effort not reported.","1988, 1989, 1990","Five seasonal sampling trips to the area from Spring 1988 to Summer 1990. Not specified when fish were surveyed.","5","Not specified.","Not specified.","?",475,"933.06",,,,,,FALSE
460,66,,"Laguna El Paso de la Muerte",,"The study was focused more in water chemistry and plankton than in fish. Specific fish composition and fish sampling methods/effort not reported.","1988, 1989, 1990","Five seasonal sampling trips to the area from Spring 1988 to Summer 1990. Not specified when fish were surveyed.","5","Not specified.","Not specified.","?",476,"933.07",,,,,,FALSE
461,66,,"Laguna Larga",,"The study was focused more in water chemistry and plankton than in fish. Specific fish composition and fish sampling methods/effort not reported.","1988, 1989, 1990","Five seasonal sampling trips to the area from Spring 1988 to Summer 1990. Not specified when fish were surveyed.","5","Not specified.","Not specified.","?",477,"933.08",,,,,,FALSE
462,66,,"Laguna Cisne",,"The study was focused more in water chemistry and plankton than in fish. Specific fish composition and fish sampling methods/effort not reported.","1988, 1989, 1990","Five seasonal sampling trips to the area from Spring 1988 to Summer 1990. Not specified when fish were surveyed.","5","Not specified.","Not specified.","?",478,"933.09",,,,,,FALSE
463,66,,"Laguna Jovito",,"The study was focused more in water chemistry and plankton than in fish. Specific fish composition and fish sampling methods/effort not reported.","1988, 1989, 1990","Five seasonal sampling trips to the area from Spring 1988 to Summer 1990. Not specified when fish were surveyed.","5","Not specified.","Not specified.","?",479,"933.10",,,,,,FALSE
464,66,,"Laguna Redonda",,"The study was focused more in water chemistry and plankton than in fish. Specific fish composition and fish sampling methods/effort not reported.","1988, 1989, 1990","Five seasonal sampling trips to the area from Spring 1988 to Summer 1990. Not specified when fish were surveyed.","5","Not specified.","Not specified.","?",480,"933.11",,,,,,FALSE
465,66,,"Laguna Los Juncos",,"The study was focused more in water chemistry and plankton than in fish. Specific fish composition and fish sampling methods/effort not reported.","1988, 1989, 1990","Five seasonal sampling trips to the area from Spring 1988 to Summer 1990. Not specified when fish were surveyed.","5","Not specified.","Not specified.","?",481,"933.12",,,,,,FALSE
466,66,,"Laguna Amarga",,"The study was focused more in water chemistry and plankton than in fish. Specific fish composition and fish sampling methods/effort not reported.","1988, 1989, 1990","Five seasonal sampling trips to the area from Spring 1988 to Summer 1990. Not specified when fish were surveyed.","5","Not specified.","Not specified.","?",482,"933.13",,,,,,FALSE
467,67,13,"Station 1: Negrete (Zone 1)","Approximate","Rithral. CPUE / zone available for eight species.","2003","March 2003; August 2003","2","Electric fishing in shallow microhabitats (<1m);  In deeper habitats (>1 m), monofilament gill nets of 55 and 130 mm mesh, 25 · 3 m, set overnight.","?","Multiple gears: Electro-fisher; Gillnet",1,"939.01",,,,,,FALSE
468,67,13,"Station 2: Puente Coigue (Zone 1)","Accurate","Rithral. CPUE / zone available for eight species.","2003","March 2003; August 2003","2","Electric fishing in shallow microhabitats (<1m);  In deeper habitats (>1 m), monofilament gill nets of 55 and 130 mm mesh, 25 · 3 m, set overnight.","?","Multiple gears: Electro-fisher; Gillnet",2,"939.02",,,,,,FALSE
469,67,12,"Station 3: Santa Fé (Zone 2)","Approximate","Hyporithral. CPUE / zone available for eight species.","2003","March 2003; August 2003","2","Electric fishing in shallow microhabitats (<1m);  In deeper habitats (>1 m), monofilament gill nets of 55 and 130 mm mesh, 25 · 3 m, set overnight.","?","Multiple gears: Electro-fisher; Gillnet",3,"939.03",,,,,,FALSE
470,67,12,"Station 4: Nacimiento (Zone 2)","Approximate","Hyporithral. CPUE / zone available for eight species.","2003","March 2003; August 2003","2","Electric fishing in shallow microhabitats (<1m);  In deeper habitats (>1 m), monofilament gill nets of 55 and 130 mm mesh, 25 · 3 m, set overnight.","?","Multiple gears: Electro-fisher; Gillnet",4,"939.04",,,,,,FALSE
471,67,13,"Station 5: Downstream the confluence of River Vergara  (Zone 3)","Approximate","Potamon. CPUE / zone available for eight species.","2003","March 2003; August 2003","2","Electric fishing in shallow microhabitats (<1m);  In deeper habitats (>1 m), monofilament gill nets of 55 and 130 mm mesh, 25 · 3 m, set overnight.","?","Multiple gears: Electro-fisher; Gillnet",5,"939.05",,,,,,FALSE
472,67,13,"Station 6: Downstream the confluence of the Laja River  (Zone 3)","Approximate","Potamon. CPUE / zone available for eight species.","2003","March 2003; August 2003","2","Electric fishing in shallow microhabitats (<1m);  In deeper habitats (>1 m), monofilament gill nets of 55 and 130 mm mesh, 25 · 3 m, set overnight.","?","Multiple gears: Electro-fisher; Gillnet",6,"939.06",,,,,,FALSE
473,67,15,"Station 7: Santa Juana (Zone 4)","Approximate","Potamon. CPUE / zone available for eight species.","2003","March 2003; August 2003","2","Electric fishing in shallow microhabitats (<1m);  In deeper habitats (>1 m), monofilament gill nets of 55 and 130 mm mesh, 25 · 3 m, set overnight.","?","Multiple gears: Electro-fisher; Gillnet",7,"939.07",,,,,,FALSE
474,67,15,"Station 8: Concepción (Zone 4)","Approximate","Potamon. CPUE / zone available for eight species.","2003","March 2003; August 2003","2","Electric fishing in shallow microhabitats (<1m);  In deeper habitats (>1 m), monofilament gill nets of 55 and 130 mm mesh, 25 · 3 m, set overnight.","?","Multiple gears: Electro-fisher; Gillnet",8,"939.08",,,,,,FALSE
475,68,2,"Estación 1",,,"2002, 2003","4 and 11 Nov 2002; 30 Jan, 6 Feb, 26 May, 12 Jun, 25 Sep, 1 Oct 2003;","8","Electric fishing","108","Electro-fisher",10,"943.01",,,,,,FALSE
476,68,3,"Estación 2",,,"2002, 2003","4 and 11 Nov 2002; 30 Jan, 6 Feb, 26 May, 12 Jun, 25 Sep, 1 Oct 2003;","8","Electric fishing","38","Electro-fisher",11,"943.02",,,,,,FALSE
477,68,2,"Estación 3",,,"2002, 2003","4 and 11 Nov 2002; 30 Jan, 6 Feb, 26 May, 12 Jun, 25 Sep, 1 Oct 2003;","8","Electric fishing","85","Electro-fisher",12,"943.03",,,,,,FALSE
478,68,3,"Estación 4",,,"2002, 2003","4 and 11 Nov 2002; 30 Jan, 6 Feb, 26 May, 12 Jun, 25 Sep, 1 Oct 2003;","8","Electric fishing","69","Electro-fisher",13,"943.04",,,,,,FALSE
479,68,5,"Estación 5","Accurate",,"2002, 2003","4 and 11 Nov 2002; 30 Jan, 6 Feb, 26 May, 12 Jun, 25 Sep, 1 Oct 2003;","8","Electric fishing","79","Electro-fisher",14,"943.05",,,,,,FALSE
480,69,4,"Río Chaihuín",,,"2005","25 de Abril del 2005","1","Electric Fishing; seine;",,"Multiple gears: Electro-fisher; Seine",15,"966.01",,,,,,FALSE
481,69,4,"Río Colún",,,"2005","25 de Abril del 2005","1","Electric fishing;",,"Electro-fisher",16,"966.02",,,,,,FALSE
482,69,3,"Lago Weste",,,"2005","25 de Abril del 2005","1","Seine (juv. Cauque, G. maculatus); Gill net (adult cauque) (4cm stretched knots; overnight); trap (G. plati)",,"Multiple gears: Gillnet; Seine; Trap;",17,"966.03",,,,,,FALSE
483,70,2,"Yulton-Meullin Lakes","Not accurate.","""Only in a set of two connected lakes, Yulton-Meullin [...] did we not find any salmon or trout. In these lakes we found the largest population of native species, Galaxias platei, ""puye grande"" and also Aplochyton zebra, ""peladilla"".","Not specified (between 1990 and 2005)","?","?","?","?","?",448,"971.01",,,,,,FALSE
484,71,,"Lagoon Don Poli",,"The Lagoon is considered isolated because of the small size of the outlet.","1987","6, 26 Feb 1987; 5-8 May 1987","6","Gill nets stretched mesh size 44 mm (30 m x 3m ), 60 mm (30 m x 5 m ) and 110 mm (30 m x 5 m), settled perprndiculat to shoreline overnight. Lure fishing. Echo-sounding.","93+","Multiple gears: Gillnet; Angling; Echosounding",20,"973.01",,,,,,FALSE
485,72,3,"Lago Chapo","Specific location not specified.",,"1986-1987","Monthly samplings from Sept 1986 through Sept 1987","13","Gillnets overnight (12 h); six inter-knot distances of 50, 57, 33, 28,
20 and 25 mm, installed from the littoral zone to the pelagic zone, 38m long.",,"Gillnet",18,"985.01",,,,,,FALSE
486,72,4,"Lago Chapo, littoral zone.","Specific location not specified.",,"1986-1987","Monthly samplings from Sept 1986 through Sept 1987","13","Small fishes were collected in the littoral zone using
a tow net (18 m long, 1.5 m high and 1 mm mesh).","1908","Seine",19,"985.02",,,,,,FALSE
487,73,,"Río Calle Calle","Not accurate. Locality not specified.","Only G. maculatus collected for analyses was reported.","1972","Not specified, paper published in 1972.","?","Not specified.","Not reported.","?",466,"990.01",,,,,,FALSE
488,73,,"Lago Panguipulli","Not accurate. Locality not specified.","Only G. maculatus collected for analyses was reported.","1972","Not specified, paper published in 1972.","?","Not specified.","Not reported.","?",467,"990.02",,,,,,FALSE
489,73,,"Lago Riñihue","Not accurate. Locality not specified. Fishing was at 100-300 m of depth.","Only G. platei collected for analyses was reported.","1972","Not specified, paper published in 1972.","?","Not specified.","Not reported.","?",468,"990.03",,,,,,FALSE
490,73,,"Small lake at Saval, Valdivia.","Not accurate.","Only B. bullocki collected for analyses was reported.","1972","Not specified, paper published in 1972.","?","Not specified.","Not reported.","?",469,"990.04",,,,,,FALSE
491,74,,"Aerodromo",,"Unspecified survey target and methods.","?","?","?","?",,"?",488,"1040.001",,,,,,FALSE
492,74,,"Arica, at Liserilla.  Region I.",,"Unspecified survey target and methods.","1988","2-Aug-1988","1","?",,"?",489,"1040.002",,,,,,FALSE
493,74,,"Castro, at port, Prov. Chiloe, X Region, Pacific Region",,"Unspecified survey target and methods.","1990","8-Feb-1990","1","?",,"?",490,"1040.005",,,,,,FALSE
494,74,,"Curanilahue, R. Descabezado	 Region VIII, R. Curanilahue drainage",,"Unspecified survey target and methods.","1994","25-Jan-1994","1","?",,"?",491,"1040.007",,,,,,FALSE
495,74,,"Est. Casablanca, at Tunquen, 20 km N of Algarrobo and 5 km from river mouth, on Algarrobo - Quintay road, Region V",,"Unspecified survey target and methods. Remarks: Orig. #: 29, sta. I","1986","29-Jan-1986","1","?",,"?",492,"1040.009",,,,,,FALSE
496,74,,"Est. Catapilco, app. 200 m upstream from Catapilco bridge, on road betw. Catapilco and Maitencillo, Region IV",,"Unspecified survey target and methods. Remarks: Orig. #: 13, sta. III","1986","13-Jan-1986","1","?",,"?",493,"1040.010",,,,,,FALSE
497,74,,"Est. Forrahue, under Forrahue bridge of Osorno-Puaucho road, ca. 1.5 km W of road branch to Parrones, Region X	 *",,"Unspecified survey target and methods. Remarks: Orig. #: 17, sta. I.  * R. Rahue drainage","1986","17-Jan-1986","1","?",,"?",494,"1040.011",,,,,,FALSE
498,74,,"Est. Junquillar, app. 10 km N of Constitucion on road to Putu, at Quilleico farm, Region VII",,"Unspecified survey target and methods. Remarks: Orig. #: 27, sta. III","1986","27-Jan-1986","1","?",,"?",495,"1040.012",,,,,,FALSE
499,74,,"Est. Limache, Limache, Prov. Quillota, Region V	 Rio Aconcagua",,"Unspecified survey target and methods.","1983","15-Nov-1983","1","?",,"?",496,"1040.013",,,,,,FALSE
500,74,,"Est. Los Perales, app. 2 km S of Itata River (Vegas de Itata) on road to Dichato, Region VIII	 E. Perales dr.",,"Unspecified survey target and methods. Remarks: Orig. #: 25, sta. II","1986","25-Jan-1986","1","?",,"?",497,"1040.014",,,,,,FALSE
501,74,,"Est. Mela, at Mela bridge, on Cobquecura - Boca Itata road, Region VIII",,"Unspecified survey target and methods. Remarks: Orig. #: 25, sta. IV","1986","25-Jan-1986","1","?",,"?",498,"1040.015",,,,,,FALSE
502,74,,"Est. Puangue, Curacavi, Prov. Melipilla, Metropolitan Region, Rio Maipo drainage",,"Unspecified survey target and methods.","1983","19-Nov-1983","1","?",,"?",499,"1040.016",,,,,,FALSE
503,74,,"Est. Quintero, 1300 m upstream from river mouth, at Punta Piedras, Region V",,"Unspecified survey target and methods. Remarks: Orig. #: 13, sta. VIII","1986","13-Jan-1986","1","?",,"?",500,"1040.017",,,,,,FALSE
504,74,,"Est. Quintero, 300 m upstream from Santa Julia bridge, on Con-Con - Quintero road, Region V",,"Unspecified survey target and methods. Remarks: Orig. #: 13, sta. VII","1986","13-Jan-1986","1","?",,"?",501,"1040.018",,,,,,FALSE
505,74,,"Est. Quintero, under Valle Alegre bridge, Region V",,"Unspecified survey target and methods. Remarks: Orig. #: 13, sta. VI","1986","13-Jan-1986","1","?",,"?",502,"1040.019",,,,,,FALSE
506,74,,"Estero Catapilco at La Laguna, Maitencillo, ca. 250 m downstream from Lagunas bridge, Region V",,"Unspecified survey target and methods. Remarks: Orig. #: 13, sta. IV","1986","13-Jan-1986","1","?",,"?",503,"1040.020",,,,,,FALSE
507,74,,"Estero Tongoy, Quebrada Camarones, 100 m downstream from bridge and 1.5 km from river mouth, Tongoy, Region IV	 *",,"Unspecified survey target and methods. Remarks: Orig. #: 11, sta. II.  * Est. Tongoy drainage","1986","11-Jan-1986","1","?",,"?",504,"1040.021",,,,,,FALSE
508,74,,"Estero Ventanas, 1 km upstream from Ventanas bridge, Region V",,"Unspecified survey target and methods. Remarks: Orig. #: 13, sta. V","1986","13-Jan-1986","1","?",,"?",505,"1040.022",,,,,,FALSE
509,74,,"Estero Vichuquen, under Uraco bridge, Vichuquen, Region VII",,"Unspecified survey target and methods. Remarks: Orig. #: 27, sta. V","1986","27-Jan-1986","1","?",,"?",506,"1040.023",,,,,,FALSE
510,74,,"Estuary Punta Teatinos, Quebrada Las Barrancas, at river mouth, La Serena, Region IV	 Rio Las Barrancas drainage",,"Unspecified survey target and methods. Remarks: Orig. #: 10, sta. I.  Sandy bottom & filamentous algae.","1986","10-Jan-1986","1","?",,"?",507,"1040.024",,,,,,FALSE
511,74,,"Isla Robinson Crusoe, Juan Fernandez Islands, Cumberland Bay",,"Unspecified survey target and methods.",,"**********","?","?",,"?",508,"1040.026",,,,,,FALSE
512,74,,"Juan Fernandez Island",,"Unspecified survey target and methods.","1936","27-Feb-1936","1","?",,"?",509,"1040.027",,,,,,FALSE
513,74,,"La Cantera",,"Unspecified survey target and methods.",,"00/00/0000","?","?",,"?",510,"1040.028",,,,,,FALSE
514,74,,"Lago Cochrane, approximately 1 km East of Rancho 'La Gauchita' (Mondelo family) at Pescadero de Las Truchas, a *",,"Unspecified survey target and methods. Remarks: * small bay, Prov. Capitan Prat, XI Region	 Rio Baker drainage","1990","27-Jan-1990","1","?",,"?",511,"1040.029",,,,,,FALSE
515,74,,"Lago Cochrane, Prov. Capitan Prat, XI Region	 Rio Baker drainage",,"Unspecified survey target and methods. Remarks: specimens collected under floating debris and junco accumulated along shore","1990","27-Jan-1990","1","?",,"?",512,"1040.030",,,,,,FALSE
516,74,,"Lago Llanquihue, Pto. Klocker, in small protected lagoon, Region X	 Rio Maullin drainage",,"Unspecified survey target and methods. Remarks: Orig. #: 19, sta. I","1986","19-Jan-1986","1","?",,"?",513,"1040.031",,,,,,FALSE
517,74,,"Laguna Esmeralda, about 5 km South of Cochrane on road to Puerto Yungay, Prov. Capitan Prat, XI Region	 Rio Baker dr.",,"Unspecified survey target and methods. Remarks: L. Esmeralda is one of 3 lakes S of Cochrane known as 'Sector Tres Lagos', together with L. Juncal and L. Chacabuco.","1990","28-Jan-1990","1","?",,"?",514,"1040.032",,,,,,FALSE
518,74,,"Lake General Carrera, Bahia Jara, 17 km W of Chile Chico, at mouth of Arroyo or Estero Bano, Prov. General Carrera,*",,"Unspecified survey target and methods. Remarks: * XI Region	 Rio Baker drainage","1990","24-Jan-1990","1","?",,"?",515,"1040.033",,,,,,FALSE
519,74,,"Lake Rinihue, Prov. Valdivia, Region X",,"Unspecified survey target and methods.","1975","2-Feb-1975","1","?",,"?",516,"1040.034",,,,,,FALSE
520,74,,"Mejillones	 Region II",,"Unspecified survey target and methods.","1991","22-Feb-1991","1","?",,"?",517,"1040.035",,,,,,FALSE
521,74,,"Punta Arenas, fish market (ex. Coop. Pescadores), Prov. Magallanes, XII Region	 Straits of Magellan",,"Unspecified survey target and methods. Remarks: said to be from Cabeza Grande, near Porvenir, opposite Punta Arenas, Tierra del Fuego","1990","19-Jan-1990","1","?",,"?",518,"1040.039",,,,,,FALSE
522,74,,"Punta Peuque, opposite Rauco, Seno de Castro, Prov. Chiloe, X Region",,"Unspecified survey target and methods.","1990","8-Feb-1990","1","?",,"?",519,"1040.042",,,,,,FALSE
523,74,,"Quebrada Pachingo, at Tangue, river mouth, Tongoy, Region IV	 Est. Pachingo drainage",,"Unspecified survey target and methods. Remarks: Orig. #: 11, sta. II.","1986","11-Jan-1986","1","?",,"?",520,"1040.043",,,,,,FALSE
524,74,,"R. Bio-Bio at Colhue, Region VIII","Not accurate.","Unspecified survey target and methods.","1919","18-Mar-1919","1","?",,"?",521,"1040.049",,,,,,FALSE
525,74,,"R. Coreo at Coreo bridge (San Jose de Coreo), on Sta. Barbara-Los Angeles Rd., Region VIII	 R. Duqueco->R. Bio-Bio dr.",,"Unspecified survey target and methods. Remarks: Orig. #: 24 sta. II","1986","31-Jan-1986","1","?",,"?",522,"1040.050",,,,,,FALSE
526,74,,"R. Rapel, Las Balsas, Rapel Reservoir, Prov. Cardenal Caro/ Cachapoal, VI Region	 R. Rapel drainage",,"Unspecified survey target and methods. Remarks: *Cachapoal",,"**********","?","?",,"?",523,"1040.051",,,,,,FALSE
527,74,,"Rio Aconcagua, Con-Con, 100 m upriver from mouth, Region V	 Rio Aconcagua drainage",,"Unspecified survey target and methods. Remarks: Orig. #: 29, sta. II","1986","29-Jan-1986","1","?",,"?",524,"1040.052",,,,,,FALSE
528,74,,"Rio Allipen at confluence of Rio Curaco, near bridge 5 km S of Los Laureles on road to Pto. Corrales (L. Colico), *",,"Unspecified survey target and methods. Remarks: Orig. #: 22 sta. II    * Region IX	 Rio Tolten drainage","1986","22-Jan-1986","1","?",,"?",525,"1040.053",,,,,,FALSE
529,74,,"Rio Allipen ca. 150 m upstream from Allipen bridge of road betw. Freire and Villarrica Lake, Region IX	 R. Tolten dr.",,"Unspecified survey target and methods. Remarks: Orig. #: 22, sta. II","1986","22-Jan-1986","1","?",,"?",526,"1040.054",,,,,,FALSE
530,74,,"Rio Bio-Bio at Coihue, 1 km upstream from Coihue bridge, Region VIII	 Rio Bio-Bio drainage",,"Unspecified survey target and methods. Remarks: Orig. #: 24, sta. III","1986","24-Jan-1986","1","?",,"?",527,"1040.055",,,,,,FALSE
531,74,,"Rio Biobio near Marimenuco",,"Unspecified survey target and methods.","1963","11-Dec-1963","1","?",,"?",528,"1040.056",,,,,,FALSE
532,74,,"Rio Biobio, ca Marimenuco",,"Unspecified survey target and methods. Remarks: Orig.#48","1963","11-Dec-1963","1","?",,"?",529,"1040.057",,,,,,FALSE
533,74,,"Rio Bio-Bio, near Quilaco bridge, 3 km upstream from Santa Barbara, Region VIII	 Rio Bio-Bio drainage",,"Unspecified survey target and methods. Remarks: Orig. #: 24, sta. I","1986","24-Jan-1986","1","?",,"?",530,"1040.058",,,,,,FALSE
534,74,,"Rio Calle-Calle, Valdivia, 200 m upstream from the Calle-Calle bridge, Region X	 Rio Valdivia drainage",,"Unspecified survey target and methods. Remarks: Orig. #: 21, sta. I","1986","21-Jan-1986","1","?",,"?",531,"1040.059",,,,,,FALSE
535,74,,"Rio Choapa (road between Illapel and Los Vilos)",,"Unspecified survey target and methods. Remarks: Orig.#18","1963","16-Nov-1963","1","?",,"?",532,"1040.060",,,,,,FALSE
536,74,,"Rio Choapa, at river mouth, Region IV	 Rio Choapa drainage",,"Unspecified survey target and methods. Remarks: Orig. #: 12, sta. II","1986","12-Jan-1986","1","?",,"?",533,"1040.061",,,,,,FALSE
537,74,,"Rio Choapa, Salamanca, Prov. Choapa, Region IV",,"Unspecified survey target and methods.","1983","27-Dec-1983","1","?",,"?",534,"1040.062",,,,,,FALSE
538,74,,"Rio Choapa, under Huentelauquen bridge	 Rio Choapa drainage, Region IV",,"Unspecified survey target and methods. Remarks: Orig. #: 12, sta. III","1986","12-Jan-1986","1","?",,"?",535,"1040.063",,,,,,FALSE
539,74,,"Rio Chorotraiguen, at river mouth 1 km N of Pucatrihue, Region X	 Rio Chorotraiguen drainage",,"Unspecified survey target and methods. Remarks: Orig. #: 18, sta. I","1986","18-Jan-1986","1","?",,"?",536,"1040.064",,,,,,FALSE
540,74,,"Rio Cobquecura, 5 km upstream from Cobquecura city, at El Molino farm, Region VIII: Rio Cobquecura drainage",,"Unspecified survey target and methods. Remarks: Orig. #: 26, sta. II","1986","26-Jan-1986","1","?",,"?",537,"1040.065",,,,,,FALSE
541,74,,"Rio Elqui, 200 m downstream & 500 m upstream from Libertadores bridge, La Serena, Region IV	 Rio Elqui drainage",,"Unspecified survey target and methods. Remarks: Orig. #: 10, sta. II","1986","10-Jan-1986","1","?",,"?",538,"1040.066",,,,,,FALSE
542,74,,"Rio Illapel, Caren, Hacienda Illapel, 800 m",,"Unspecified survey target and methods. Remarks: Orig.#16","1963","14-Nov-1963","1","?",,"?",539,"1040.067",,,,,,FALSE
543,74,,"Rio Itata, Boca Itata (N shore), 1 km up from river mouth, Region VIII	 Rio Itata drainage",,"Unspecified survey target and methods. Remarks: Orig. #: 25, sta. III","1986","25-Jan-1986","1","?",,"?",540,"1040.068",,,,,,FALSE
544,74,,"Rio La Ligua, 200 m upstream from Pullalli Panam bridge, Region V	 Rio La Ligua drainage",,"Unspecified survey target and methods. Remarks: Orig. #: 13, sta. II","1986","13-Jan-1986","1","?",,"?",541,"1040.069",,,,,,FALSE
545,74,,"Rio Laja, Puente Perales	 Region VIII, Biobio drainage","Accurate","Unspecified survey target and methods.","1994","25-Jan-1994","1","?",,"?",542,"1040.070",,,,,,FALSE
546,74,,"Rio Laja, Tucapel	 Region VIII	 Biobio drainage",,"Unspecified survey target and methods.","1994","23-Jan-1994","1","?",,"?",543,"1040.071",,,,,,FALSE
547,74,,"Rio Limari & Estero Punitaqui confluence, Region IV	 Rio Limari drainage",,"Unspecified survey target and methods. Remarks: Orig. #: 11, sta. III","1986","11-Jan-1986","1","?",,"?",544,"1040.072",,,,,,FALSE
548,74,,"Rio Limari at river mouth, Caleta Toro, Region IV	 Rio Limari drainage",,"Unspecified survey target and methods. Remarks: Orig. #: 12, sta. I","1986","12-Jan-1986","1","?",,"?",545,"1040.073",,,,,,FALSE
549,74,,"Rio Liocura, 5 km E Lago Caburgua",,"Unspecified survey target and methods. Remarks: River depth 2 m, temp. 15 C, bottom rocky, water clear, little silt and algae","1980","21-Jan-1980","1","?",,"?",546,"1040.074",,,,,,FALSE
550,74,,"Rio Loa at Martincho, ca. 1 mi upstream (south) from Quillagua town bridge	 Region II",,"Unspecified survey target and methods. Remarks: Orig. #: 6, sta. I	 7, sta. I.  * with nightlight","1986","7-Jan-1986","1","?",,"?",547,"1040.075",,,,,,FALSE
551,74,,"Rio Loa opposite Aduana Quillagua, ca. 300 m downstream (n0rth) from Panam bridge	 Region I.",,"Unspecified survey target and methods. Remarks: Orig. #: 7, sta. II","1986","7-Jan-1986","1","?",,"?",548,"1040.076",,,,,,FALSE
552,74,,"Rio Loa, 1.5 km upstream from river mouth, border of Arica-Iquique Provs.	 Regions I-II",,"Unspecified survey target and methods. Remarks: Orig. #: 8, sta. I","1988","8-Jan-1988","1","?",,"?",549,"1040.077",,,,,,FALSE
553,74,,"Rio Loa, Sloman dam, downriver near Quillagua, Prov. Tocopilla, Region II",,"Unspecified survey target and methods.","1987","13-Oct-1987","1","?",,"?",550,"1040.078",,,,,,FALSE
554,74,,"Rio Loanco, at Santa Ana bridge, 35 km S of Constitucion along coastal road, Region VII	 Rio Loanco drainage",,"Unspecified survey target and methods. Remarks: Orig. #: 27, sta. I","1986","27-Jan-1986","1","?",,"?",551,"1040.079",,,,,,FALSE
555,74,,"Rio Maipo, Tejas Verdes, 500 m upriver from Llo-Lleo, Prov. San Antonio, Region V",,"Unspecified survey target and methods.","1987","20-Jun-1987","1","?",,"?",552,"1040.080",,,,,,FALSE
556,74,,"Rio Malleco, Angol, at Malleco or Vergara No. 2 bridge *, Region IX	 Rio Bio-Bio drainage",,"Unspecified survey target and methods. Remarks: Orig. #: 23, sta. II.  * which is alongside railway bridge going north.","1986","23-Jan-1986","1","?",,"?",553,"1040.081",,,,,,FALSE
557,74,,"Rio Mapocho at Penaflor, 25 km by rail from Santiago, Prov. Talagante, Metropolitana Region	 Rio Maipo drainage",,"Unspecified survey target and methods. Remarks: Elev. 407 m.","1919","26-Mar-1919","1","?",,"?",554,"1040.082",,,,,,FALSE
558,74,,"Rio Marga-Marga, 200 m (ca Villa Alemana)",,"Unspecified survey target and methods. Remarks: Orig.#5","1963","4-Nov-1963","1","?",,"?",555,"1040.083",,,,,,FALSE
559,74,,"Rio Marga-Marga, 200 m (ca. Villa Alemana)",,"Unspecified survey target and methods. Remarks: Orig. No.:  5","1963","4-Apr-1963","1","?",,"?",556,"1040.084",,,,,,FALSE
560,74,,"Rio Mataquito, near Huelon, 21 km downstream from Licanten at ex Balsadero, on Huelon-Chanquiuque road, Region VII",,"Unspecified survey target and methods. Remarks: Orig. #: 27, sta. IV","1986","27-Jan-1986","1","?",,"?",557,"1040.085",,,,,,FALSE
561,74,,"Rio Maule at Constitucion, N shore on road to Putu, Region VII	 Rio Maule drainage",,"Unspecified survey target and methods. Remarks: Orig. #: 27, sta. II","1986","27-Jan-1986","1","?",,"?",558,"1040.086",,,,,,FALSE
562,74,,"Rio Petorca, 100 m downstream from Longotoma Panam bridge, at little dam, Region V	 Rio Petorca drainage",,"Unspecified survey target and methods. Remarks: Orig. #: 13, sta. I","1986","13-Jan-1986","1","?",,"?",559,"1040.087",,,,,,FALSE
563,74,,"Rio Petorca, Longotoma",,"Unspecified survey target and methods. Remarks: Orig.#20","1963","17-Nov-1963","1","?",,"?",560,"1040.088",,,,,,FALSE
564,74,,"Rio Quepe at Momberg bridge, 17 km SE of Temuco's Plaza de Armas, on road to Cunco, Region IX	 Rio Imperial drainage",,"Unspecified survey target and methods. Remarks: Orig. #: 23 sta. I","1986","23-Jan-1986","1","?",,"?",561,"1040.089",,,,,,FALSE
565,74,,"Rio Queule, 2 km upstream from river mouth, Region IX	 Rio Queule drainage",,"Unspecified survey target and methods. Remarks: Orig. #: 21, sta. II","1986","21-Jan-1986","1","?",,"?",562,"1040.090",,,,,,FALSE
566,74,,"Rio Quilimari near Guanguali, Prov. Choapa, Region IV",,"Unspecified survey target and methods.","1984","4-Apr-1984","1","?",,"?",563,"1040.091",,,,,,FALSE
567,74,,"Rio Quilimari, 1 km upstream from river mouth, 400 m up from Panam bridge, Region IV	 Rio Quilimari drainage",,"Unspecified survey target and methods. Remarks: Orig. #: 12, sta. IV","1986","12-Jan-1986","1","?",,"?",564,"1040.092",,,,,,FALSE
568,74,,"Rio Quilimari, Guanguali, Prov. Choapa, Region IV",,"Unspecified survey target and methods.","1984","7-Apr-1984","1","?",,"?",565,"1040.093",,,,,,FALSE
569,74,,"Rio Rahue 250m Osorno",,"Unspecified survey target and methods. Remarks: Orig.#21","1963","20-Nov-1963","1","?",,"?",566,"1040.094",,,,,,FALSE
570,74,,"Rio Rahue at Cancura bridge, Cancura, Region X, R. Bueno drainage",,"Unspecified survey target and methods. Remarks: no field notes found.","1986","8-Jan-1986","1","?",,"?",567,"1040.095",,,,,,FALSE
571,74,,"Rio Taucu, 5 km S of Cobquecura, Region VIII	 Rio Taucu drainage",,"Unspecified survey target and methods. Remarks: Orig. #: 26, sta. I","1986","26-Jan-1986","1","?",,"?",568,"1040.096",,,,,,FALSE
572,74,,"Rio Tolten 7 km downstream from Comuy	 Rio Tolten drainage, Region IX",,"Unspecified survey target and methods. Remarks: Orig. #: 21 sta. III","1986","21-Jan-1986","1","?",,"?",569,"1040.097",,,,,,FALSE
573,74,,"Rio Tranallaquin or Contaco, 1 km upstream from river mouth, near Manzano bridge, Region X	 Rio Contaco drainage",,"Unspecified survey target and methods. Remarks: Orig. #: 17, sta. II","1986","17-Jan-1986","1","?",,"?",570,"1040.098",,,,,,FALSE
574,74,,"Straits of Magellan, Tierra del Fuego Island, near Estancia Catalina 'NNE' from Cerro Sombrero, Region XII",,"Unspecified survey target and methods. Remarks: web leaded type","1987","24-Jan-1987","1","?",,"?",571,"1040.099",,,,,,FALSE
575,74,,"Tocopilla	 Region II",,"Unspecified survey target and methods.","1992","14-Sep-1992","1","?",,"?",572,"1040.101",,,,,,FALSE
576,74,,"Trib to Rio Putagan",,"Unspecified survey target and methods.","1980","7-Jan-1980","1","?",,"?",573,"1040.102",,,,,,FALSE
577,74,,"Tributary to Rio Putagan",,"Unspecified survey target and methods.","1980","7-Jan-1980","1","?",,"?",574,"1040.103",,,,,,FALSE
578,74,,"Valdivia market, Region X	 R. Valdivia drainage",,"Unspecified survey target and methods.","1986","21-Jan-1986","1","?",,"?",575,"1040.104",,,,,,FALSE
579,74,,"Valparaiso Bay, Region V",,"Unspecified survey target and methods.",,"**********","?","?",,"?",576,"1040.105",,,,,,FALSE
580,74,,"Valparaison, Region V",,"Unspecified survey target and methods.",,"**********","?","?",,"?",577,"1040.106",,,,,,FALSE
581,74,,"Villarrica",,"Unspecified survey target and methods. Remarks: Orig.#31	 Prov. Osorno on label presumed an error.","1963","25-Nov-1963","1","?",,"?",578,"1040.107",,,,,,FALSE
582,75,,"Fundo Porvenir, Talca","Not accurate","Type locality. Only G. othei reported. Swamps, productive pools.","1981",,"?",,,"Dipnet",580,"1045.01",,,,,,FALSE
583,76,,"Small tributary in Playa Monje (Lake Panguipulli)","Not Accurate","Only A. zebra reported.","1995","29 April","1","Direct observation",,"Other",579,"1046.01",,,,,,FALSE
584,77,3,"Bronces 1","GPS waypoint",,"2005",,,"Electric fishing","67","Electro-fisher",586,"1053.01",,,,,,FALSE
585,77,0,"Bronces 2","GPS waypoint","no fish was caught","2005",,,"Electric fishing","0","Electro-fisher",615,"1053.02",,,,,,FALSE
586,77,0,"Cascada 1","GPS waypoint","no fish was caught","2005",,,"Electric fishing","0","Electro-fisher",616,"1053.03",,,,,,FALSE
587,77,2,"Cascada 2","GPS waypoint",,"2005",,,"Electric fishing","69","Electro-fisher",617,"1053.04",,,,,,FALSE
588,77,3,"Douglas 1","GPS waypoint",,"2005",,,"Electric fishing","58","Electro-fisher",618,"1053.05",,,,,,FALSE
589,77,2,"Douglas 2","GPS waypoint",,"2005",,,"Electric fishing","167","Electro-fisher",619,"1053.06",,,,,,FALSE
590,77,2,"Estrella 1","GPS waypoint",,"2005",,,"Electric fishing","65","Electro-fisher",620,"1053.07",,,,,,FALSE
591,77,2,"Fajarones 1","GPS waypoint",,"2005",,,"Electric fishing","49","Electro-fisher",621,"1053.08",,,,,,FALSE
592,77,2,"Guanaco 1","GPS waypoint",,"2005",,,"Electric fishing","102","Electro-fisher",622,"1053.09",,,,,,FALSE
593,77,2,"Guerrico 1","GPS waypoint",,"2005",,,"Electric fishing","29","Electro-fisher",623,"1053.10",,,,,,FALSE
594,77,1,"Guerrico 2","GPS waypoint",,"2005",,,"Electric fishing","25","Electro-fisher",624,"1053.11",,,,,,FALSE
595,77,0,"Hoste 1","GPS waypoint","no fish was caught","2005",,,"Electric fishing","0","Electro-fisher",625,"1053.12",,,,,,FALSE
596,77,2,"Hoste 2","GPS waypoint",,"2005",,,"Electric fishing","52","Electro-fisher",626,"1053.13",,,,,,FALSE
597,77,1,"Hoste 3","GPS waypoint",,"2005",,,"Electric fishing","2182","Electro-fisher",627,"1053.14",,,,,,FALSE
598,77,2,"Hoste 4","GPS waypoint","Directly downstream from a beaverdam.","2005",,,"Electric fishing","93","Electro-fisher",628,"1053.15",,,,,,FALSE
599,77,2,"Hoste 5","GPS waypoint",,"2005",,,"Electric fishing","103","Electro-fisher",629,"1053.16",,,,,,FALSE
600,77,0,"Inutil 1","GPS waypoint","No fish was caught.","2005",,,"Electric fishing","0","Electro-fisher",630,"1053.17",,,,,,FALSE
601,77,2,"Lum 1","GPS waypoint",,"2005",,,"Electric fishing","164","Electro-fisher",631,"1053.18",,,,,,FALSE
602,77,2,"Meijillones 1","GPS waypoint",,"2005",,,"Electric fishing","11","Electro-fisher",632,"1053.19",,,,,,FALSE
603,77,2,"Meijillones 2","GPS waypoint",,"2005",,,"Electric fishing","45","Electro-fisher",633,"1053.20",,,,,,FALSE
604,77,1,"Micalvi 1","GPS waypoint",,"2005",,,"Electric fishing","108","Electro-fisher",634,"1053.21",,,,,,FALSE
605,77,2,"Pitufos 1","GPS waypoint",,"2005",,,"Electric fishing","20","Electro-fisher",635,"1053.22",,,,,,FALSE
606,77,3,"Pollollo","GPS waypoint",,"2005",,,"Electric fishing","13","Electro-fisher",636,"1053.23",,,,,,FALSE
607,77,1,"Pt Truco 1","GPS waypoint",,"2005",,,"Electric fishing","187","Electro-fisher",637,"1053.24",,,,,,FALSE
608,77,2,"Robalo 1","GPS waypoint",,"2005",,,"Electric fishing","151","Electro-fisher",638,"1053.25",,,,,,FALSE
609,77,0,"Robalo 2","GPS waypoint","no fish was caught. Right above a waterfall and dam.","2005",,,"Electric fishing","0","Electro-fisher",639,"1053.26",,,,,,FALSE
610,77,0,"Robalo 3","GPS waypoint","no fish was caught. Right above a waterfall and dam.","2005",,,"Electric fishing","0","Electro-fisher",640,"1053.27",,,,,,FALSE
611,77,2,"Ukika 1","GPS waypoint",,"2005",,,"Electric fishing","112","Electro-fisher",641,"1053.28",,,,,,FALSE
612,77,2,"Wulaia 1","GPS waypoint",,"2005",,,"Electric fishing","36","Electro-fisher",642,"1053.29",,,,,,FALSE
613,77,,"Inutil at estuary",,"M. Moorman personal communication.","2006",,,"dipnet","?","Dipnet",643,"1053.30",,,,,,FALSE
614,78,,"Estero Cutipai","Approximate","Does not know the exact location, but Eigenmann describes how he can hear the ocean waves from the sampling sites; Coordinates extracted from the California academy of Science -39.831337°, -73.340596°","1919",,,,,,0,,,"Los Rios","Chile","2","19",FALSE
615,78,,"Valdivia","Approximate","Coordinates extracted from the California academy of Science -39.831337°, -73.340596°; Below Valdivia, near the sea","1919",,,,,,0,,,"Los Rios","Chile","2","19",FALSE
616,78,,"Goree Sound, Tierre de Fuego","Approximate","Eigenmann reports specimens observed in Goree Sound. He did not sample himself",,,,,,,0,,,"Magallanes","Chile",,,TRUE
617,78,,"Lago Toro","Approximate","Eigenmann reports specimens observed in Lago Toro. He did not sample himself; 51° 50' S, 72° 45' W",,,,,,,0,,,"Magallanes","Chile",,,TRUE
618,78,,"Lapataia, Beagle channel","Approximate","Eigenmann reports specimens observed in Lapataia. He did not sample himself; 54° 50' S, 68° 35' W",,,,,,,0,,,"Magallanes","Chile",,,TRUE
619,78,,"Rio Pescado","Approximate","Coordinates extracted from California Academy of science: -52.969273°, -70.985811°; Close to Punta Arenas, flows into Straight of Magellan; Dates though do do suggest this fish was sampled in Magallanes, but rather in Los Lagos region. Eigenmann was sampling between Puerto Montt and Osrono between Febuary 22 and March 14. I suggest the fish was rather fished at  41°15'13.47""S  72°47'43.27""W near Puerto Varas","1919",,,,,,0,,,"Los Lagos","Chile","3","10",FALSE
620,78,,"Río Rahue (Osorno)","Approximate","40°35'S, 73°9'W according to California Academy of Science, although Eigenmann does not mention the name of the river","1919",,,,,,0,,,"Los Lagos","Chile","3","14",FALSE
621,78,,"Puerto Montt","Approximate",,"1919",,,,,,0,,,"Los Lagos","Chile","2","22",FALSE
622,78,,"Falls of Petrohue","Approximate","from California Academy of science: Below waterfalls","1919",,,,,,0,,,"Los Lagos","Chile","3","8",FALSE
623,78,,"Puerto Varas","Approximate",,"1919",,,,,,0,,,"Los Lagos","Chile","12","3",FALSE
624,78,,"Todos los Santos, Peulla","Approximate","-41.085732°, -72.021984°; coordinates extracted from California Academy of Science; Has one Aplochiton specimen (CAS 13500) preserved at CAS but does not say if A. taeniatus or A.zebra","1919",,,,,,0,,,"Los Lagos","Chile","2","27",FALSE
625,78,,"Estero Santa Rosa","Approximate",,"1919",,,,,,0,,,"Los Rios","Chile","2","18",FALSE
627,78,,"Abtao","Approximate","brooks on heights between Puerto Varas and Puerto Montt; River Maullín drainage",,,,,,,0,,,"Los Lagos","Chile","2","23",FALSE
628,78,,"Volcano Tronador (Casa Panque)","Approximate","Río Peulla? (according to California Academy of Science)",,,,,,,0,,,"Los Lagos","Chile","3","6",FALSE
629,78,,"Riñihue tributary","Approximate","Also called Estero Panqueco by California Academy of Science",,,,,,,0,,,"Los Rios","Chile","3","16",FALSE
630,79,,"Valdivia","Approximate, from market","-39.862129°, -73.333594° (coordinates extracted from California Academy of science); Specimens from Eigenmann that do not appear in his 1927 book.","1919",,,,,,0,,,"Los Rios","Chile","2","19",FALSE
631,79,,"Straight of Magellan","Approximate; 52°22'30""S, 69°22'0""W","U.S. Fish Commission Albatross (2775)","1988",,,,,,0,,,"Magallanes","Chile","1","18",FALSE
632,79,,"Estero Cutipai","Approximate","Fish caught by Eigenmann, but does not appear in the 1927 book","1919",,,,,,0,,,"Los Rios","Chile","2","19",FALSE
633,79,,"Todos los Santos","Approximate","Fish caught by Eigenmann but does not appear in the 1927 book",,,,,,,0,,,"Los Lagos","Chile","2","27",FALSE
634,79,,"Río Petrohue",,"Fished by Eigenmann, but does not appear in 1927 book (does not have ID)","1919",,,,,,0,,,"Los Lagos","Chile","3","8",FALSE
635,79,,"Abtao",,"Fished by Eigenmann, but does not appear in 1927 book (does not have ID)","1919",,,,,,0,,,"Los Lagos","Chile","2","23",FALSE
636,79,,"Todos los Santos (Peulla)",,"Fished by Eigenmann, but does not appear in 1927 book (does not have ID)","1919",,,,,,0,,,"Los Lagos","Chile","2","27",FALSE
637,16,,"Wellington Island","approximate","49° 32' S and 74° 30' W",,,,,,,0,,,"Magallanes","Chile",,,TRUE
638,80,,"Lago Quetro","Approximate","48°07'S, 73°07'W","1982",,,,,,0,,,"Aysen","Chile","12","1",FALSE
639,80,,"Fiordo Steele","Approximate","48°13'S 73°23'W","1982",,,,,,0,,,"Magallanes","Chile","1","21",FALSE
640,80,,"Fiordo Ventisquero","Approximate","48°13'S 73°35'W","1982",,,,,,0,,,"Magallanes","Chile","1","1",FALSE
641,81,,"Santo Domingo",,,,,,,,,0,,,"Los Rios","Chile",,,FALSE
642,81,,"Los Palos",,,,,,,,,0,,,"Aysen","Chile",,,FALSE
643,81,,"Caro",,,,,,,,,0,,,"Aysen","Chile",,,FALSE
644,81,,"Lingue",,,,,,,,,0,,,"Los Rios","Chile",,,FALSE
645,81,,"Quetru",,,,,,,,,0,,,"Aysen","Chile",,,FALSE
646,81,,"Riñihue",,,,,,,,,0,,,"Los Rios","Chile",,,FALSE
647,81,,"Tocoihue",,,,,,,,,0,,,"Los Lagos","Chile",,,FALSE
648,81,,"Huelde",,,,,,,,,0,,,"Los Lagos","Chile",,,FALSE
649,81,,"Baker",,,,,,,,,0,,,"Aysen","Chile",,,FALSE
650,82,,"Estero Mellines",,"-47.635	-73.43; Site name not mentionned in the Ministerio del Medio Ambiente database, but rather retrieved from the geographic coordinates and Google maps. Fiordo Estephen, Laguna santa Ana.","2008",,,,,,0,,,"Aysen","Chile","4","30",FALSE
651,83,,"Río Paredes",,"-41.582	-73.45; electric fishing and arrastre","2006",,,,,"Multiple gears",0,,,"Los Lagos","Chile","3","18",FALSE
652,83,,"Río Tirua",,"-38.344	-73.487","2007",,,,,"Seine",0,,,"Biobio","Chile","3","18",FALSE
653,83,,"Río Trapen",,"-41.571	-73.101","2007",,,,,"Seine",0,,,"Los Lagos","Chile","3","22",FALSE
654,83,,"Río Vilcun",,"-42.085	-73.762","2007",,,,,"Seine",0,,,"Los Lagos","Chile","3","21",FALSE
655,83,,"Bahia Francisco",,"-50.559	-75.322","2009",,,,,"Electro-fisher",0,,,"Magallanes","Chile","3","1",FALSE
656,83,,"Lago Porteño",,"-51.360	-72.799; Data reported in Elgueta et al. 2013?","2009",,,,,"Seine",0,,,"Magallanes","Chile","2","5",FALSE
657,83,,"Lago Toro",,"-51.171	-72.951","2009",,,,,"Gillnet",0,,,"Magallanes","Chile","1","23",FALSE
658,83,,"Laguna Azul",,"-50.878	-72.736; Data reported in Elgueta et al. 2013?","2009",,,,,"Seine",0,,,"Magallanes","Chile","1","27",FALSE
659,83,,"Río Cruces",,"-39.605	-73.151","2013",,,,,"Gillnet",0,,,"Los Rios","Chile","3","18",FALSE
660,83,,"Río Tolten",,"-39.083	-72.444","2013",,,,,"Seine",0,,,"La Araucania","Chile","4","23",FALSE
661,83,,"Río Baker",,"-47.786	-73.534","2013",,,,,"Seine",0,,,"Aysen","Chile","5","3",FALSE
662,83,,"Río Aysén",,"-45.416	-72.701","2013",,,,,"Seine",0,,,"Aysen","Chile","5","9",FALSE
663,83,,"río Puelo",,"-41.646	-72.272","2013",,,,,"Seine",0,,,"Los Lagos","Chile","5","20",FALSE
665,83,,"Río San Pedro",,"-39.796 -72.714","2005-2013",,,,,"Electro-fisher",0,,,"Los Rios","Chile",,,FALSE
666,83,,"Río San Pedro",,"-39.756 -72.568; multiple sites","2005-2013",,,,,"Electro-fisher",0,,,"Los Rios","Chile",,,FALSE
667,83,,"Río San Pedro",,"-39.776 -72.459","2005-2013",,,,,"Electro-fisher",0,,,"Los Rios","Chile",,,FALSE
668,83,,"Río San Pedro",,"-39.811 -72.727","2005-2013",,,,,"Electro-fisher",0,,,"Los Rios","Chile",,,FALSE
669,83,,"Río San Pedro",,"-39.775 -72.456","2005-2013",,,,,"Electro-fisher",0,,,"Los Rios","Chile",,,FALSE
670,83,,"Río San Pedro",,"-39.776 -72.451","2005-2013",,,,,"Electro-fisher",0,,,"Los Rios","Chile",,,FALSE
671,83,,"Río San Pedro",,"-39.759 -72.468","2005-2013",,,,,"Electro-fisher",0,,,"Los Rios","Chile",,,FALSE
672,83,,"Río San Pedro",,"-39.761 -72.581","2005-2013",,,,,"Electro-fisher",0,,,"Los Rios","Chile",,,FALSE
673,83,,"Río San Pedro",,"-39.760 -72.589","2005-2013",,,,,"Electro-fisher",0,,,"Los Rios","Chile",,,FALSE
674,83,,"Río San Pedro",,"-39.783 -72.404","2005-2013",,,,,"Electro-fisher",0,,,"Los Rios","Chile",,,FALSE
675,83,,"Río San Pedro",,"-39.750 -72.486","2005-2013",,,,,"Electro-fisher",0,,,"Los Rios","Chile",,,FALSE
676,83,,"Río San Pedro",,"-39.750 -72.524","2005-2013",,,,,"Electro-fisher",0,,,"Los Rios","Chile",,,FALSE
677,83,,"Lago Victoria",,"-41.642	-72.182","2008",,,,,"Gaff",0,,,"Los Lagos","Chile","3","18",FALSE
678,83,,"Río Puelo",,"-41.644	-72.169","2008",,,,,"Seine",0,,,"Los Lagos","Chile","3","17",FALSE
679,83,,"Río Puelo",,"-41.653	-72.303","2008",,,,,"Seine",0,,,"Los Lagos","Chile","3","17",FALSE
680,83,,"Río Yelcho",,"-42.968	-72.726","2008",,,,,"Seine",0,,,"Aysen","Chile","3","12",FALSE
681,83,,"Río Calle Calle",,"-39.788	-73.015","2007",,,,,"Electro-fisher",0,,,"Los Rios","Chile","9","24",FALSE
682,83,,"Estero Remehue",,"-39.889	-72.254","2006",,,,,"Electro-fisher",0,,,"Los Rios","Chile","9","1",FALSE
683,83,,"Lago Riñihue",,"-39.794	-72.352","2006",,,,,"Electro-fisher",0,,,"Los Rios","Chile","7","27",FALSE
684,83,,"Lago Neltume",,"-39.770	-71.960","2007",,,,,"Electro-fisher",0,,,"Los Rios","Chile","8","3",FALSE
685,83,,"Estero Punahue",,"-39.827	-72.034","2007",,,,,"Electro-fisher",0,,,"Los Rios","Chile","8",,FALSE
686,83,,"Río Cuacua",,"-39.738	-71.955","2007",,,,,"Electro-fisher",0,,,,"Chile","8","2",FALSE
687,83,,"Río Pullingue",,"-39.589	-72.194","2007",,,,,"Electro-fisher",0,,,"Los Rios","Chile","8","2",FALSE
688,83,,"Río Enco","GPS","-39.919	-72.176and -39.912	-72.159","2006",,,,,"Electro-fisher",0,,,"Los Rios","Chile","10","1",FALSE
689,83,,"Río Enco",,"-39.912	-72.159","2006",,,,,"Electro-fisher",0,,,"Los Rios","Chile",,"1",FALSE
690,83,,"Río Huequecura",,"-40.176	-72.258","2007",,,,,"Electro-fisher",0,,,"Los Rios","Chile","9","25",FALSE
691,83,,"Río Minetue",,"-39.262	-71.938","2007",,,,,"Electro-fisher",0,,,"La Araucania","Chile","9","26",FALSE
692,84,,"Río San Pedro","Approximate","electro-fisher, gill nets monofilament and redes de arrastre","2005-2008",,,,,"Multiple gears",0,,,,"Chile",,,FALSE
693,86,,"Lake Calafquen tributary","Approximate","Collected by McDowall",,,,,,,0,,,"Los Rios","Chile",,,FALSE
694,86,,"Lake Riñihue tributary",,,,,,,,,0,,,,"Chile",,,TRUE
695,86,,"Estero Cutipay (Callecalle system)",,,,,,,,,0,,,,"Chile",,,TRUE
696,86,,"Rio Pescado, Lago Llanquihue",,"Eigenmann",,,,,,,0,,,,"Chile",,,TRUE
697,86,,"Lago Todos los Santos",,,,,,,,,0,,,,"Chile",,,TRUE
698,86,,"Casa Panque, Volcan Tronador",,"Eigenmann",,,,,,,0,,,,"Chile",,,TRUE
699,86,,"Abtao (Los Alerces)",,,,,,,,,0,,,,"Chile",,,TRUE
700,86,,"Puerto Montt",,"Eigenmann",,,,,,,0,,,,"Chile",,,TRUE
701,86,,"Falls of Petrohue",,,,,,,,,0,,,,"Chile",,,TRUE
702,86,,"Chiloé (15km south of Ancud)",,,,,,,,,0,,,,"Chile",,,TRUE
703,86,,"Bahía Tom, Bahía East",,,,,,,,,0,,,,"Chile",,,TRUE
704,86,,"Puerto Mayne",,,,,,,,,0,,,,"Chile",,,TRUE
705,86,,"Río Tres Pasos (Lago del Toro)",,"Smitt 1901",,,,,,,0,,,,"Chile",,,TRUE
706,86,,"Laguna Sofía tributaries",,"	-51.527707°, -72.646889°; CAS 55141; Collected by McDowall","1968",,,,,,0,,,"Magallanes","Chile","2","10",FALSE
707,86,,"Puerto Otuai",,,,,,,,,0,,,,"Chile",,,TRUE
708,86,,"Falkland Islands",,,,,,,,,0,,,,"Chile",,,TRUE
709,86,,"Port Louis",,"Gunther 1864",,,,,,,0,,,,"Chile",,,TRUE
710,86,,"Latitude Cove",,"Thompson 1916",,,,,,,0,,,,"Chile",,,TRUE
711,86,,"Island harbour",,"Thompson 1916, same as Goree Sound?",,,,,,,0,,,,"Chile",,,TRUE
712,86,,"Goree Sound (Tierra de Fuego)",,"Jenyns; Thompson 1916,  type locality",,,,,,,0,,,"Magallanes","Chile",,,TRUE
713,86,,"Lago Villarica",,,,,,,,,0,,,,"Chile",,,TRUE
714,86,,"Estero Santa Rosa",,,,,,,,,0,,,,"Chile",,,TRUE
715,86,,"Lago Lacar",,"Regalado 1945",,,,,,,0,,,,"Chile",,,TRUE
716,86,,"Osorno",,"Eigenmann",,,,,,,0,,,,"Chile",,,TRUE
717,86,,"Río Negro, Río Nequen, Río Limay",,"Pozzi 1945",,,,,,,0,,,,"Chile",,,TRUE
718,86,,"Lago Puelo",,"Lopez 1944",,,,,,,0,,,,"Chile",,,TRUE
719,86,,"Beagle channel",,"Dollo 1904",,,,,,,0,,,,"Chile",,,TRUE
720,87,,"Navarino Island",,,"2006",,,,,,0,,,"Magallanes","Chile","1;2;3",,FALSE
721,83,,"Lago la Paloma","GPS","-45.877	-72.069","2005-2006",,,,,"Multiple gears",0,,,"Aysen","Chile","1",,FALSE
722,83,,"Lago Riesco","GPS","-45.877	-72.069","2005",,,,,"Gillnet",0,,,"Aysen","Chile",,,FALSE
723,83,,"Rio Baker",,"-47.701	-73.20-47.790	-73.50; -47.726	-73.2363","2008",,,,,"Seine",0,,,"Aysen","Chile","12",,FALSE
724,83,,"Glaciar Pio XI, Bahia Elizabeth",,"-49.197	-74.156","2009",,,,,"Electro-fisher",0,,,"Magallanes","Chile","3","5",FALSE
725,83,,"Rio Puma",,"-51.882	-73.265","2009",,,,,"Electro-fisher",0,,,"Magallanes","Chile","2","25",FALSE
726,83,,"Bahia Francisco, Rio 1, Isla Duque de York","GPS","-50.559	-75.322","2009",,,,,"Electro-fisher",0,,,"Magallanes","Chile","3","1",FALSE
727,83,,"Isla Madre de Dios","GPS","-50.386	-75.251; -50.212	-74.972","2009",,,,,"Electro-fisher",0,,,"Magallanes","Chile","3","2",FALSE
728,83,,"Isla Piazzi","GPS","-51.733	-74.135","2009",,,,,"Electro-fisher",0,,,"Magallanes","Chile","2","26",FALSE
729,83,,"Isla Virtudes","GPS","-51.542	-74.904","2009",,,,,"Electro-fisher",0,,,"Magallanes","Chile",,"27",FALSE
730,83,,"Lago Lonconao","GPS","-51.542	-74.904; electrofisher and gillnet","2008",,,,,"Multiple gears",0,,,"Aysen","Chile","3","15",FALSE
731,83,,"Estero Remehue","GPS","-39.889	-72.255","2006",,,,,"Electro-fisher",0,,,"Los Rios","Chile","9","1",FALSE
732,83,,"Lago Riñihue","GPS","-39.792	-72.379","2006",,,,,"Gillnet",0,,,"Los Rios","Chile","9","28",FALSE
733,83,,"Rio Blanco","GSP","-39.909	-72.149","2006",,,,,"Electro-fisher",0,,,"Los Rios","Chile","8","16",FALSE
734,83,,"Rio Baker","GPS","-47.790	-73.503","2008",,,,,"Seine",0,,,"Aysen","Chile","12","7",FALSE
735,83,,"Rio Baker","GPS","-47.701	-73.201","2008",,,,,"Seine",0,,,"Aysen","Chile","12","8",FALSE
736,83,,"Rio Baker","GPS","-47.726	-73.236","2008",,,,,"Seine",0,,,"Aysen","Chile","12","9",FALSE
737,83,,"Estero Calcurrupe, Rio Bueno","GPS","-40.229	-72.255","2007",,,,,"Electro-fisher",0,,,"Los Rios","Chile",,,FALSE
738,83,,"Rio Fuy","GPS","-39.827	-72.042","2006",,,,,"Electro-fisher",0,,,"Los Rios","Chile","8","16",FALSE
739,83,,"Rio Liquine","GPS","-39.708	-71.871","2007",,,,,"Electro-fisher",0,,,"Los Rios","Chile","10","10",FALSE
