"occurrenceID","gbifID","decimalLongitude","decimalLatitude","locality","scientificName","eventDate","year","bibliographicCitation","eventRemarks","individualCount","samplingProtocol","recordedBy","coordinateUncertaintyInMeters","basisOfRecord","institutionID","datasetName","datasetKey","license","accessRights"
"MMA:ICT:0000002",4463086349,-73.585,-48.25,"Estero Ventisquero. Costeras del Canal Baker","Aplochiton marinus","1982-1-1","1982","OrigenReg: Zama, A., and Cárdenas, E. 1984. Introduction into Aysén Chile of the pacific salmon. N°9 Descriptive catalogue of marine and freshwater fishes from the Aysén region, southern Chile, with zoogeographical notes on fish fauna. Servicio Nacional de Pesca - Japanese International Cooperation Agency., FuenteReg: Servicio Nacional de Pesca (Puerto Aysen)",NA,1,NA,"Miembros de la expedicion de Hikkaido University, Japon, al glaciar Jorge Montt.",NA,"Colecta","UACH (Cristián Correa)","MMA2017","45c3d8d2-7352-4dd1-aefd-c21e0b6b004e","CC_BY_NC_4_0","consultar con institución/autor"
"MMA:ICT:0000003",4463086348,-74.5,-49.533,"Estero Veto. Costeras  Orientales  Entre  Fiordo Veto y Fiordo Antrim","Aplochiton marinus","1977-9-21","1977","OrigenReg: Zama, A., and Cárdenas, E. 1984. Introduction into Aysén Chile of the pacific salmon. N°9 Descriptive catalogue of marine and freshwater fishes from the Aysén region, southern Chile, with zoogeographical notes on fish fauna. Servicio Nacional de Pesca - Japanese International Cooperation Agency. McDowall, R.M., and Nakaya, K. 1987. Identity of the galaxioid fishes of the genus Aplochiton Jenys from southern Chile. Japan Journal of Ichthyology 34: 377–383., FuenteReg: Instituto de la Patagonia, Punta Arenas",NA,1,NA,NA,NA,"Colecta","UACH (Cristián Correa)","MMA2017","45c3d8d2-7352-4dd1-aefd-c21e0b6b004e","CC_BY_NC_4_0","consultar con institución/autor"
"MMA:ICT:0000004",4463086347,-73.383,-48.217,"Fiordo Steele. Costeras del Canal Baker","Aplochiton marinus","1982-1-21","1982","OrigenReg: McDowall, R.M., and Nakaya, K. 1988. Morphological divergence in the two species of Aplochiton Jenyns (Salmoniformes: Aplochitonidae): a generalist and a specialist. Copeia 1: 233–236., FuenteReg: Laboratory of Marine Zoology, Hokkaido University (HUMZ)",NA,2,NA,"Miembros de la expedicion de Hikkaido University, Japon, al glaciar Jorge Montt.",NA,"Colecta","UACH (Cristián Correa)","MMA2017","45c3d8d2-7352-4dd1-aefd-c21e0b6b004e","CC_BY_NC_4_0","consultar con institución/autor"
"MMA:ICT:0000005",4463086346,-73.583,-48.217,"Fiordo Ventisquero. Costeras del Canal Baker","Aplochiton marinus","1982-1-1","1982","OrigenReg: McDowall, R.M., and Nakaya, K. 1988. Morphological divergence in the two species of Aplochiton Jenyns (Salmoniformes: Aplochitonidae): a generalist and a specialist. Copeia 1: 233–236., FuenteReg: Laboratory of Marine Zoology, Hokkaido University (HUMZ)",NA,1,NA,"Miembros de la expedicion de Hikkaido University, Japon, al glaciar Jorge Montt.",NA,"Colecta","UACH (Cristián Correa)","MMA2017","45c3d8d2-7352-4dd1-aefd-c21e0b6b004e","CC_BY_NC_4_0","consultar con institución/autor"
"MMA:ICT:0000007",4463086344,-73.517,-47.79,"Estuario Baker. Remanso en brazo del Rio Baker cerca del aedródromo de Caleta Tortel.. Rio Baker entre Rio del Paso y desembocadura","Aplochiton marinus","2007-3-25","2007","OrigenReg: Alo, D., Correa, C., Arias, C., and Cardenas, L. 2013. Diversity of Aplochiton Fishes (Galaxiidea) and the Taxonomic Resurrection of A. marinus. PLoS ONE. doi/10.1371/journal.pone.0071577., FuenteReg: Museo Nacional de Historia Natural de Chile",NA,9,NA,"Cristian Correa",NA,"Observación","UACH (Cristián Correa)","MMA2017","45c3d8d2-7352-4dd1-aefd-c21e0b6b004e","CC_BY_NC_4_0","consultar con institución/autor"
"MMA:ICT:0000008",4463086343,-74.117,-42.595,"Lago Huelde, Chiloé. Pequeño lago costero. Costeras Vertientes Oeste Entre Rio Chepu y Rio Cucao","Aplochiton marinus","2011-1-23","2011","OrigenReg: Alo, D., Correa, C., Arias, C., and Cardenas, L. 2013. Diversity of Aplochiton Fishes (Galaxiidea) and the Taxonomic Resurrection of A. marinus. PLoS ONE. doi/10.1371/journal.pone.0071577.,",NA,4,NA,NA,NA,"Observación","UACH (Cristián Correa)","MMA2017","45c3d8d2-7352-4dd1-aefd-c21e0b6b004e","CC_BY_NC_4_0","consultar con institución/autor"
"MMA:ICT:0000009",4463086301,-73.431,-47.635,"Costeras entre Fiordo Julian y R. Baker","Aplochiton marinus","2008-4","2008","OrigenReg: CEA para ENDESA, FuenteReg: Base de datos CEA 2015",NA,3,NA,"Luis Vega",NA,"Colecta","Centro de Ecología Aplicada LTDA (Leopoldo Fuentes)","MMA2017","45c3d8d2-7352-4dd1-aefd-c21e0b6b004e","CC_BY_NC_4_0","consultar con institución/autor"
"MMA:ICT:0000013",4463086308,-73.762,-42.085,"Rio Vilcun. En Puente Alto. Costeras Vertientes Norte Entre Punta Quetrelquen y Rio Chepu","Aplochiton taeniatus","2007-3-21","2007","OrigenReg: Base de Datos EULA UdeC, FuenteReg: Base Datos 2007",NA,4,"Red Encierro","Evelyn Habit","GPS","Colecta","Centro EULA UDEC Evelyn Habit","MMA2017","45c3d8d2-7352-4dd1-aefd-c21e0b6b004e","CC_BY_NC_4_0","consultar con institución/autor"
"MMA:ICT:0000014",4463086307,-75.322,-50.559,"Rio 1, Bahia Francisco. Isla Duque de York","Aplochiton taeniatus","2009-3-1","2009","OrigenReg: Base de Datos EULA UdeC, FuenteReg: Base Datos 2009",NA,1,"Pesca Electrica","Jorge Gonzalez","GPS","Colecta","Centro EULA UDEC Evelyn Habit","MMA2017","45c3d8d2-7352-4dd1-aefd-c21e0b6b004e","CC_BY_NC_4_0","consultar con institución/autor"
"MMA:ICT:0000015",4463086306,-72.799,-51.36,"Lago Porteno. En Orilla. Lago del Toro","Aplochiton taeniatus","2009-2-5","2009","OrigenReg: Base de Datos EULA UdeC, FuenteReg: Base Datos 2009",NA,42,"Red Encierro","Jorge Gonzalez","GPS","Colecta","Centro EULA UDEC Evelyn Habit","MMA2017","45c3d8d2-7352-4dd1-aefd-c21e0b6b004e","CC_BY_NC_4_0","consultar con institución/autor"
"MMA:ICT:0000016",4463086305,-72.799,-51.36,"Lago Porteno. Orilla Tributario PequeNo. Lago del Toro","Aplochiton taeniatus","2009-2-5","2009","OrigenReg: Base de Datos EULA UdeC, FuenteReg: Base Datos 2009",NA,1,"Pesca Electrica","Jorge Gonzalez","GPS","Colecta","Centro EULA UDEC Evelyn Habit","MMA2017","45c3d8d2-7352-4dd1-aefd-c21e0b6b004e","CC_BY_NC_4_0","consultar con institución/autor"
"MMA:ICT:0000017",4463086304,-72.951,-51.171,"Lago Toro. Lago del Toro","Aplochiton taeniatus","2009-1-23","2009","OrigenReg: Base de Datos EULA UdeC, FuenteReg: Base Datos 2009",NA,4,"Red Agallera","Jorge Gonzalez","GPS","Colecta","Centro EULA UDEC Evelyn Habit","MMA2017","45c3d8d2-7352-4dd1-aefd-c21e0b6b004e","CC_BY_NC_4_0","consultar con institución/autor"
"MMA:ICT:0000018",4463086303,-72.736,-50.878,"Laguna Azul. Rio Paine en desembocadura Lago Nordenskjold","Aplochiton taeniatus","2009-1-27","2009","OrigenReg: Base de Datos EULA UdeC, FuenteReg: Base Datos 2009",NA,52,"Red Encierro","Jorge Gonzalez","GPS","Colecta","Centro EULA UDEC Evelyn Habit","MMA2017","45c3d8d2-7352-4dd1-aefd-c21e0b6b004e","CC_BY_NC_4_0","consultar con institución/autor"
"MMA:ICT:0000019",4463086302,-72.742,-50.878,"Laguna Azul. Rio Paine en desembocadura Lago Nordenskjold","Aplochiton taeniatus","2009-2-11","2009","OrigenReg: Base de Datos EULA UdeC, FuenteReg: Base Datos 2009",NA,7,"Red Agallera","Jorge Gonzalez","GPS","Colecta","Centro EULA UDEC Evelyn Habit","MMA2017","45c3d8d2-7352-4dd1-aefd-c21e0b6b004e","CC_BY_NC_4_0","consultar con institución/autor"
"MMA:ICT:0000022",4463086278,-73.534,-47.786,"Rio Baker. Caleta Tortel. Rio Baker entre Rio del Paso y desembocadura","Aplochiton taeniatus","2013-5-3","2013","OrigenReg: Base de Datos EULA UdeC, FuenteReg: Base Datos 2013",NA,11,"Red Encierro","Jorge Gonzalez","GPS","Colecta","Centro EULA UDEC Evelyn Habit","MMA2017","45c3d8d2-7352-4dd1-aefd-c21e0b6b004e","CC_BY_NC_4_0","consultar con institución/autor"
"MMA:ICT:0000023",4463086277,-72.701,-45.416,"Rio Aysen. Puerto Aysen Humedal. Rio Aisen entre Rio Riesco y desembocadura","Aplochiton taeniatus","2013-5-9","2013","OrigenReg: Base de Datos EULA UdeC, FuenteReg: Base Datos 2013",NA,3,"Red Encierro","Jorge Gonzalez","GPS","Colecta","Centro EULA UDEC Evelyn Habit","MMA2017","45c3d8d2-7352-4dd1-aefd-c21e0b6b004e","CC_BY_NC_4_0","consultar con institución/autor"
"MMA:ICT:0000024",4463086276,-72.272,-41.646,"Rio Puelo. Aguas Arriba Puente. Rio Puelo Entre Desague Laguna Tagua Tagua y Desembocadura","Aplochiton taeniatus","2013-5","2013","OrigenReg: Base de Datos EULA UdeC, FuenteReg: Base Datos 2013",NA,1,"Red Encierro","Jorge Gonzalez","GPS","Colecta","Centro EULA UDEC Evelyn Habit","MMA2017","45c3d8d2-7352-4dd1-aefd-c21e0b6b004e","CC_BY_NC_4_0","consultar con institución/autor"
"MMA:ICT:0000037",4463086243,-72.182,-41.642,"Lago Victoria. Rio Puelo Entre Rio Manso y Desague Laguna Tagua Tagua","Aplochiton taeniatus","2008-3-18","2008","OrigenReg: Base de Datos EULA UdeC, FuenteReg: Base Datos 2008",NA,4,"Red Agallera","Evelyn Habit","GPS","2","Centro EULA UDEC Evelyn Habit","MMA2017","45c3d8d2-7352-4dd1-aefd-c21e0b6b004e","CC_BY_NC_4_0","consultar con institución/autor"
"MMA:ICT:0000038",4463086242,-72.169,-41.644,"Rio Puelo. Desague TaguaTagua. Rio Puelo Entre Rio Manso y Desague Laguna Tagua Tagua","Aplochiton taeniatus","2008-3-17","2008","OrigenReg: Base de Datos EULA UdeC, FuenteReg: Base Datos 2008",NA,1,"Red Encierro","Evelyn Habit","GPS","3","Centro EULA UDEC Evelyn Habit","MMA2017","45c3d8d2-7352-4dd1-aefd-c21e0b6b004e","CC_BY_NC_4_0","consultar con institución/autor"
"MMA:ICT:0000039",4463086241,-72.303,-41.653,"Rio Puelo. En Puelo. Rio Puelo Entre Desague Laguna Tagua Tagua y Desembocadura","Aplochiton taeniatus","2008-3-17","2008","OrigenReg: Base de Datos EULA UdeC, FuenteReg: Base Datos 2008",NA,25,"Red Encierro","Evelyn Habit","GPS","3","Centro EULA UDEC Evelyn Habit","MMA2017","45c3d8d2-7352-4dd1-aefd-c21e0b6b004e","CC_BY_NC_4_0","consultar con institución/autor"
"MMA:ICT:0000040",4463086220,-72.726,-42.968,"Rio Yelcho. Chaiten Viejo. Rio Chaiten","Aplochiton taeniatus","2008-3-12","2008","OrigenReg: Base de Datos EULA UdeC, FuenteReg: Base Datos 2008",NA,1,"Red Encierro","Evelyn Habit","GPS","3","Centro EULA UDEC Evelyn Habit","MMA2017","45c3d8d2-7352-4dd1-aefd-c21e0b6b004e","CC_BY_NC_4_0","consultar con institución/autor"
"MMA:ICT:0000054",4463086187,-73.383,-48.217,"Puerto Aysén. Costeras del Canal Baker","Aplochiton taeniatus","1982-01","1982","FuenteReg: McDowall & Nakaya 1987",NA,2,NA,NA,NA,"Colecta","Laboratorio Limnología U. de Chile (Irma Vila)","MMA2017","45c3d8d2-7352-4dd1-aefd-c21e0b6b004e","CC_BY_NC_4_0","consultar con institución/autor"
"MMA:ICT:0000055",4463086186,-73.583,-48.25,"Estero Ventisquero. Costeras del Canal Baker","Aplochiton taeniatus","1982-01","1982","FuenteReg: McDowall & Nakaya 1987",NA,76,NA,NA,NA,"Colecta","Laboratorio Limnología U. de Chile (Irma Vila)","MMA2017","45c3d8d2-7352-4dd1-aefd-c21e0b6b004e","CC_BY_NC_4_0","consultar con institución/autor"
"MMA:ICT:0000056",4463086185,-72.33,-45.753,"Lago Elizalde. Desague Lago Elizalde","Aplochiton taeniatus",NA,NA,"FuenteReg: Campos et al. 1984",NA,NA,NA,NA,NA,"Colecta","Laboratorio Limnología U. de Chile (Irma Vila)","MMA2017","45c3d8d2-7352-4dd1-aefd-c21e0b6b004e","CC_BY_NC_4_0","consultar con institución/autor"
"MMA:ICT:0000063",4463086157,-72.033,-41.083,"Lago Todos los Santos. Lago Todos Los Santos","Aplochiton taeniatus",NA,NA,"FuenteReg: McDowall 1971a",NA,NA,NA,NA,NA,"Colecta","Laboratorio Limnología U. de Chile (Irma Vila)","MMA2017","45c3d8d2-7352-4dd1-aefd-c21e0b6b004e","CC_BY_NC_4_0","consultar con institución/autor"
"MMA:ICT:0000064",4463086156,-72.473,-41.196,"Río Petrohue. Por debajo de los Saltos de Petrohue. Rio Petrohue Entre Desague Lago Todos Los Santos y Rio Hueñu-Hueñu","Aplochiton taeniatus",NA,NA,"FuenteReg: McDowall 1971a",NA,NA,NA,NA,NA,"Colecta","Laboratorio Limnología U. de Chile (Irma Vila)","MMA2017","45c3d8d2-7352-4dd1-aefd-c21e0b6b004e","CC_BY_NC_4_0","consultar con institución/autor"
"MMA:ICT:0000065",4463086155,-72.772,-51.216,"Lago Toro. Lago del Toro","Aplochiton taeniatus",NA,NA,"FuenteReg: McDowall 1971a",NA,NA,NA,NA,NA,"Colecta","Laboratorio Limnología U. de Chile (Irma Vila)","MMA2017","45c3d8d2-7352-4dd1-aefd-c21e0b6b004e","CC_BY_NC_4_0","consultar con institución/autor"
"MMA:ICT:0000066",4463086154,-68.041,-54.903,"Canal Beagle. Islas Navarino y Gable","Aplochiton taeniatus",NA,NA,"FuenteReg: McDowall 1971a",NA,NA,NA,NA,NA,"Colecta","Laboratorio Limnología U. de Chile (Irma Vila)","MMA2017","45c3d8d2-7352-4dd1-aefd-c21e0b6b004e","CC_BY_NC_4_0","consultar con institución/autor"
"MMA:ICT:0000067",4463086153,-68.167,-55.016,"Bahia Wulaia. Isla Navarino. Islas Navarino y Gable","Aplochiton taeniatus",NA,NA,"FuenteReg: Moorman et al. 2009",NA,NA,NA,NA,NA,"Colecta","Laboratorio Limnología U. de Chile (Irma Vila)","MMA2017","45c3d8d2-7352-4dd1-aefd-c21e0b6b004e","CC_BY_NC_4_0","consultar con institución/autor"
"MMA:ICT:0000069",4463086151,-72.069,-45.877,"Lago La Paloma. Desague Laguna La Paloma","Aplochiton zebra","2005-1","2005","OrigenReg: Base de Datos EULA UdeC, FuenteReg: Base Datos 2005",NA,4,"Pesca Electrica","Juan Jose Ortiz","GPS","3","Centro EULA UDEC Evelyn Habit","MMA2017","45c3d8d2-7352-4dd1-aefd-c21e0b6b004e","CC_BY_NC_4_0","consultar con institución/autor"
"MMA:ICT:0000070",4463086130,-72.069,-45.877,"Lago La Paloma. Salida Estero. Desague Laguna La Paloma","Aplochiton zebra","2005-1","2005","OrigenReg: Base de Datos EULA UdeC, FuenteReg: Base Datos 2005",NA,1,"Red Nasa","Juan Jose Ortiz","GPS","3","Centro EULA UDEC Evelyn Habit","MMA2017","45c3d8d2-7352-4dd1-aefd-c21e0b6b004e","CC_BY_NC_4_0","consultar con institución/autor"
"MMA:ICT:0000071",4463086129,-72.677,-45.5,"Lago Riesco. Rio Riesco Entre Desague Laguna Riesco y Rio Aisen (Rio Guaquer)","Aplochiton zebra","2005-1","2005","OrigenReg: Base de Datos EULA UdeC, FuenteReg: Base Datos 2005",NA,1,"Red Agallera","Juan Jose Ortiz","GPS","2","Centro EULA UDEC Evelyn Habit","MMA2017","45c3d8d2-7352-4dd1-aefd-c21e0b6b004e","CC_BY_NC_4_0","consultar con institución/autor"
"MMA:ICT:0000072",4463086128,-72.677,-45.5,"Lago Riesco. Rio Riesco Entre Desague Laguna Riesco y Rio Aisen (Rio Guaquer)","Aplochiton zebra","2006-1-24","2006","OrigenReg: Base de Datos EULA UdeC, FuenteReg: Base Datos 2006",NA,1,"Red Agallera","Juan Jose Ortiz","GPS","2","Centro EULA UDEC Evelyn Habit","MMA2017","45c3d8d2-7352-4dd1-aefd-c21e0b6b004e","CC_BY_NC_4_0","consultar con institución/autor"
"MMA:ICT:0000073",4463086127,-72.069,-45.877,"Lago La Paloma. Desague Laguna La Paloma","Aplochiton zebra","2006-1-23","2006","OrigenReg: Base de Datos EULA UdeC, FuenteReg: Base Datos 2006",NA,14,"Pesca Electrica","Juan Jose Ortiz","GPS","3","Centro EULA UDEC Evelyn Habit","MMA2017","45c3d8d2-7352-4dd1-aefd-c21e0b6b004e","CC_BY_NC_4_0","consultar con institución/autor"
"MMA:ICT:0000074",4463086126,-72.069,-45.877,"Lago La Paloma. Desague Laguna La Paloma","Aplochiton zebra","2006-1-23","2006","OrigenReg: Base de Datos EULA UdeC, FuenteReg: Base Datos 2006",NA,1,"Red Nasa","Juan Jose Ortiz","GPS","3","Centro EULA UDEC Evelyn Habit","MMA2017","45c3d8d2-7352-4dd1-aefd-c21e0b6b004e","CC_BY_NC_4_0","consultar con institución/autor"
"MMA:ICT:0000078",4463086122,-73.201,-47.701,"Rio Baker. Aguas Abajo Rio Vargas. Rio Baker Entre Rio Ventisquero y Bajo Rio del Paso","Aplochiton zebra","2008-12-8","2008","OrigenReg: Base de Datos EULA UdeC, FuenteReg: Base Datos 2008",NA,11,"Red Encierro","Priscila Piedra","GPS","3","Centro EULA UDEC Evelyn Habit","MMA2017","45c3d8d2-7352-4dd1-aefd-c21e0b6b004e","CC_BY_NC_4_0","consultar con institución/autor"
"MMA:ICT:0000079",4463086121,-73.503,-47.79,"Rio Baker. Brazo Chico. Rio Baker entre Rio del Paso y desembocadura","Aplochiton zebra","2008-12-7","2008","OrigenReg: Base de Datos EULA UdeC, FuenteReg: Base Datos 2008",NA,7,"Red Encierro","Priscila Piedra","GPS","3","Centro EULA UDEC Evelyn Habit","MMA2017","45c3d8d2-7352-4dd1-aefd-c21e0b6b004e","CC_BY_NC_4_0","consultar con institución/autor"
"MMA:ICT:0000080",4463086071,-73.236,-47.726,"Rio Baker. Rio Vargas. Rio Baker entre Rio del Paso y desembocadura","Aplochiton zebra","2008-12-9","2008","OrigenReg: Base de Datos EULA UdeC, FuenteReg: Base Datos 2008",NA,2,"Red Encierro","Priscila Piedra","GPS","3","Centro EULA UDEC Evelyn Habit","MMA2017","45c3d8d2-7352-4dd1-aefd-c21e0b6b004e","CC_BY_NC_4_0","consultar con institución/autor"
"MMA:ICT:0000081",4463086100,-74.156,-49.197,"Rio 2, Glaciar Pio XI. Bahia Elizabeth. Costeras Canal Mesier Limite Region - Peninsula Exmouth","Aplochiton zebra","2009-3-5","2009","OrigenReg: Base de Datos EULA UdeC, FuenteReg: Base Datos 2009",NA,4,"Pesca Electrica","Jorge Gonzalez","GPS","3","Centro EULA UDEC Evelyn Habit","MMA2017","45c3d8d2-7352-4dd1-aefd-c21e0b6b004e","CC_BY_NC_4_0","consultar con institución/autor"
"MMA:ICT:0000082",4463086099,-73.265,-51.882,"Rio Puma. Bahia Los Huiros. Peninsula Roca al norte del Fiordo Resi","Aplochiton zebra","2009-2-25","2009","OrigenReg: Base de Datos EULA UdeC, FuenteReg: Base Datos 2009",NA,11,"Pesca Electrica","Jorge Gonzalez","GPS","3","Centro EULA UDEC Evelyn Habit","MMA2017","45c3d8d2-7352-4dd1-aefd-c21e0b6b004e","CC_BY_NC_4_0","consultar con institución/autor"
"MMA:ICT:0000083",4463086098,-75.322,-50.559,"Rio 1, Bahia Francisco. Isla Duque de York","Aplochiton zebra","2009-3-1","2009","OrigenReg: Base de Datos EULA UdeC, FuenteReg: Base Datos 2009",NA,12,"Pesca Electrica","Jorge Gonzalez","GPS","3","Centro EULA UDEC Evelyn Habit","MMA2017","45c3d8d2-7352-4dd1-aefd-c21e0b6b004e","CC_BY_NC_4_0","consultar con institución/autor"
"MMA:ICT:0000084",4463086097,-75.322,-50.559,"Rio 1, Bahia Francisco. Isla Duque de York","Aplochiton zebra","2009-3-1","2009","OrigenReg: Base de Datos EULA UdeC, FuenteReg: Base Datos 2009",NA,5,"Pesca Electrica","Jorge Gonzalez","GPS","3","Centro EULA UDEC Evelyn Habit","MMA2017","45c3d8d2-7352-4dd1-aefd-c21e0b6b004e","CC_BY_NC_4_0","consultar con institución/autor"
"MMA:ICT:0000085",4463086096,-75.251,-50.386,"Rio 1, bahia cercana a Guarello. Isla Madre de Dios","Aplochiton zebra","2009-3-2","2009","OrigenReg: Base de Datos EULA UdeC, FuenteReg: Base Datos 2009",NA,16,"Pesca Electrica","Jorge Gonzalez","GPS","3","Centro EULA UDEC Evelyn Habit","MMA2017","45c3d8d2-7352-4dd1-aefd-c21e0b6b004e","CC_BY_NC_4_0","consultar con institución/autor"
"MMA:ICT:0000086",4463086095,-74.972,-50.212,"Rio 1, Canal Molineaux. Isla Madre de Dios","Aplochiton zebra","2009-3-3","2009","OrigenReg: Base de Datos EULA UdeC, FuenteReg: Base Datos 2009",NA,1,"Pesca Electrica","Jorge Gonzalez","GPS","3","Centro EULA UDEC Evelyn Habit","MMA2017","45c3d8d2-7352-4dd1-aefd-c21e0b6b004e","CC_BY_NC_4_0","consultar con institución/autor"
"MMA:ICT:0000087",4463086094,-74.135,-51.733,"Rio Desague de Laguna. Isla Piazzi. Islas Piazzi y Palermo","Aplochiton zebra","2009-2-26","2009","OrigenReg: Base de Datos EULA UdeC, FuenteReg: Base Datos 2009",NA,1,"Pesca Electrica","Jorge Gonzalez","GPS","3","Centro EULA UDEC Evelyn Habit","MMA2017","45c3d8d2-7352-4dd1-aefd-c21e0b6b004e","CC_BY_NC_4_0","consultar con institución/autor"
"MMA:ICT:0000088",4463086093,-74.904,-51.542,"Rio Pequeno. Isla Virtudes. Islas Daroch y Virtudes","Aplochiton zebra","2009-2-27","2009","OrigenReg: Base de Datos EULA UdeC, FuenteReg: Base Datos 2009",NA,10,"Pesca Electrica","Jorge Gonzalez","GPS","3","Centro EULA UDEC Evelyn Habit","MMA2017","45c3d8d2-7352-4dd1-aefd-c21e0b6b004e","CC_BY_NC_4_0","consultar con institución/autor"
"MMA:ICT:0000089",4463086092,-72.799,-51.36,"Lago Porteno. En Orilla. Lago del Toro","Aplochiton zebra","2009-2-5","2009","OrigenReg: Base de Datos EULA UdeC, FuenteReg: Base Datos 2009",NA,4,"Red Encierro","Jorge Gonzalez","GPS","3","Centro EULA UDEC Evelyn Habit","MMA2017","45c3d8d2-7352-4dd1-aefd-c21e0b6b004e","CC_BY_NC_4_0","consultar con institución/autor"
"MMA:ICT:0000090",4463086042,-72.799,-51.36,"Lago Porteno. Orilla Tributario PequeNo. Lago del Toro","Aplochiton zebra","2009-2-5","2009","OrigenReg: Base de Datos EULA UdeC, FuenteReg: Base Datos 2009",NA,52,"Pesca Electrica","Jorge Gonzalez","GPS","3","Centro EULA UDEC Evelyn Habit","MMA2017","45c3d8d2-7352-4dd1-aefd-c21e0b6b004e","CC_BY_NC_4_0","consultar con institución/autor"
"MMA:ICT:0000091",4463086041,-72.799,-51.36,"Lago Porteno. Lago del Toro","Aplochiton zebra","2009-2-6","2009","OrigenReg: Base de Datos EULA UdeC, FuenteReg: Base Datos 2009",NA,1,"Red Agallera","Jorge Gonzalez","GPS","2","Centro EULA UDEC Evelyn Habit","MMA2017","45c3d8d2-7352-4dd1-aefd-c21e0b6b004e","CC_BY_NC_4_0","consultar con institución/autor"
"MMA:ICT:0000092",4463086070,-72.736,-50.878,"Laguna Azul. Rio Paine en desembocadura Lago Nordenskjold","Aplochiton zebra","2009-1-27","2009","OrigenReg: Base de Datos EULA UdeC, FuenteReg: Base Datos 2009",NA,2,"Red Encierro","Jorge Gonzalez","GPS","3","Centro EULA UDEC Evelyn Habit","MMA2017","45c3d8d2-7352-4dd1-aefd-c21e0b6b004e","CC_BY_NC_4_0","consultar con institución/autor"
"MMA:ICT:0000093",4463086069,-72.736,-50.878,"Laguna Azul. Rio Paine en desembocadura Lago Nordenskjold","Aplochiton zebra","2009-1-27","2009","OrigenReg: Base de Datos EULA UdeC, FuenteReg: Base Datos 2009",NA,2,"Pesca Electrica","Jorge Gonzalez","GPS","3","Centro EULA UDEC Evelyn Habit","MMA2017","45c3d8d2-7352-4dd1-aefd-c21e0b6b004e","CC_BY_NC_4_0","consultar con institución/autor"
"MMA:ICT:0000102",4463085741,-71.954,-43.266,"Lago Lonconao. Rio Futaleufu entre frontera y Rio Azulado","Aplochiton zebra","2008-3-15","2008","OrigenReg: Base de Datos EULA UdeC, FuenteReg: Base Datos 2008",NA,6,"Pesca Electrica","Evelyn Habit","GPS","3","Centro EULA UDEC Evelyn Habit","MMA2017","45c3d8d2-7352-4dd1-aefd-c21e0b6b004e","CC_BY_NC_4_0","consultar con institución/autor"
"MMA:ICT:0000103",4463085740,-71.954,-43.266,"Lago Lonconao. Rio Futaleufu entre frontera y Rio Azulado","Aplochiton zebra","2008-3-16","2008","OrigenReg: Base de Datos EULA UdeC, FuenteReg: Base Datos 2008",NA,17,"Red Agallera","Evelyn Habit","GPS","2","Centro EULA UDEC Evelyn Habit","MMA2017","45c3d8d2-7352-4dd1-aefd-c21e0b6b004e","CC_BY_NC_4_0","consultar con institución/autor"
"MMA:ICT:0000125",4463085676,-72.457,-45.777,"Desague Lago Elizalde a (Desague L. Caro) Rio Cajon Bravo","Aplochiton zebra","2007-1-16","2007","","Mandante:  XSTRATA Estacion:  SBT1",2,"P.eléctrica","Manuel Contreras",NA,"Colecta","Centro de Ecología Aplicada LTDA (Leopoldo Fuentes)","MMA2017","45c3d8d2-7352-4dd1-aefd-c21e0b6b004e","CC_BY_NC_4_0","consultar con institución/autor"
"MMA:ICT:0000126",4463085675,-72.484,-45.779,"Desague Lago Elizalde a (Desague L. Caro) Rio Cajon Bravo","Aplochiton zebra","2008-6-23","2008","","Mandante:  XSTRATA Estacion:  SW-CA-01",5,"P.eléctrica","Manuel Contreras",NA,"Colecta","Centro de Ecología Aplicada LTDA (Leopoldo Fuentes)","MMA2017","45c3d8d2-7352-4dd1-aefd-c21e0b6b004e","CC_BY_NC_4_0","consultar con institución/autor"
"MMA:ICT:0000127",4463085674,-72.588,-45.423,"Rio Riesco Entre Desague Laguna Riesco y Rio Aisen (Rio Guaquer)","Aplochiton zebra","2007-6-26","2007","","Mandante:  XSTRATA Estacion:  SB13",1,"Espinel","Leopoldo Fuentes",NA,"Colecta","Centro de Ecología Aplicada LTDA (Leopoldo Fuentes)","MMA2017","45c3d8d2-7352-4dd1-aefd-c21e0b6b004e","CC_BY_NC_4_0","consultar con institución/autor"
"MMA:ICT:0000128",4463085673,-72.589,-45.423,"Rio Riesco Entre Desague Laguna Riesco y Rio Aisen (Rio Guaquer)","Aplochiton zebra","2008-1-18","2008","","Mandante:  XSTRATA Estacion:  SW-RB-10",1,"Espinel","Luis Vega",NA,"Colecta","Centro de Ecología Aplicada LTDA (Leopoldo Fuentes)","MMA2017","45c3d8d2-7352-4dd1-aefd-c21e0b6b004e","CC_BY_NC_4_0","consultar con institución/autor"
"MMA:ICT:0000129",4463085672,-73.504,-47.789,"Rio Baker entre Rio del Paso y desembocadura","Aplochiton zebra","2007-9-6","2007","","Mandante:  ENDESA S.A Estacion:  EB42.1",6,"Red","Leopoldo Fuentes",NA,"Colecta","Centro de Ecología Aplicada LTDA (Leopoldo Fuentes)","MMA2017","45c3d8d2-7352-4dd1-aefd-c21e0b6b004e","CC_BY_NC_4_0","consultar con institución/autor"
"MMA:ICT:0000130",4463085650,-73.546,-47.778,"Rio Baker entre Rio del Paso y desembocadura","Aplochiton zebra","2007-9-6","2007","","Mandante:  ENDESA S.A Estacion:  EB43.1",3,"Red","Leopoldo Fuentes",NA,"Colecta","Centro de Ecología Aplicada LTDA (Leopoldo Fuentes)","MMA2017","45c3d8d2-7352-4dd1-aefd-c21e0b6b004e","CC_BY_NC_4_0","consultar con institución/autor"
"MMA:ICT:0000131",4463085649,-73.14,-48.01,"Peninsula Videdu","Aplochiton zebra","2010-8-28","2010","","Mandante:  ENDESA S.A. Estacion:  TP8.3",1,"Red","Luis Vega",NA,"Colecta","Centro de Ecología Aplicada LTDA (Leopoldo Fuentes)","MMA2017","45c3d8d2-7352-4dd1-aefd-c21e0b6b004e","CC_BY_NC_4_0","consultar con institución/autor"
"MMA:ICT:0000132",4463085648,-73.109,-48.115,"Rio Pascua entre arriba Rio Quetru y Rio Borquez","Aplochiton zebra","2012-1-21","2012","","Mandante:  ENDESA S.A. Estacion:  TP 8.3",3,"Red","Luis Vega",NA,"Colecta","Centro de Ecología Aplicada LTDA (Leopoldo Fuentes)","MMA2017","45c3d8d2-7352-4dd1-aefd-c21e0b6b004e","CC_BY_NC_4_0","consultar con institución/autor"
"MMA:ICT:0000133",4463085647,-73.079,-47.566,"Rio Baker Entre Rio de Los Ñadis y Rio Ventisquero","Aplochiton zebra","2007-1-7","2007","","Mandante:  ENDESA S.A Estacion:  TB37",2,"P.eléctrica","Luis Vega",NA,"Colecta","Centro de Ecología Aplicada LTDA (Leopoldo Fuentes)","MMA2017","45c3d8d2-7352-4dd1-aefd-c21e0b6b004e","CC_BY_NC_4_0","consultar con institución/autor"
"MMA:ICT:0000134",4463085646,-73.086,-47.548,"Rio Baker Entre Rio de Los Ñadis y Rio Ventisquero","Aplochiton zebra","2007-1-8","2007","","Mandante:  ENDESA S.A Estacion:  B16",4,"P.eléctrica","Luis Vega",NA,"Colecta","Centro de Ecología Aplicada LTDA (Leopoldo Fuentes)","MMA2017","45c3d8d2-7352-4dd1-aefd-c21e0b6b004e","CC_BY_NC_4_0","consultar con institución/autor"
"MMA:ICT:0000135",4463085645,-73.436,-47.811,"Rio Baker entre Rio del Paso y desembocadura","Aplochiton zebra","2007-9","2007","","Mandante:  ENDESA S.A Estacion:  B41.1",1,"P.eléctrica","Luis Vega",NA,"Colecta","Centro de Ecología Aplicada LTDA (Leopoldo Fuentes)","MMA2017","45c3d8d2-7352-4dd1-aefd-c21e0b6b004e","CC_BY_NC_4_0","consultar con institución/autor"
"MMA:ICT:0000136",4463085644,-73.211,-47.546,"Rio Ventisquero Entre Ventisquero Pared Norte y Pared Sur y Rio Baker","Aplochiton zebra","2007-9-13","2007","","Mandante:  ENDESA S.A Estacion:  BCAT27",2,"P.eléctrica","Luis Vega",NA,"Colecta","Centro de Ecología Aplicada LTDA (Leopoldo Fuentes)","MMA2017","45c3d8d2-7352-4dd1-aefd-c21e0b6b004e","CC_BY_NC_4_0","consultar con institución/autor"
"MMA:ICT:0000137",4463085643,-73.268,-47.721,"Rio Baker entre Rio del Paso y desembocadura","Aplochiton zebra","2007-9-15","2007","","Mandante:  ENDESA S.A Estacion:  BCAT29",3,"P.eléctrica","Luis Vega",NA,"Colecta","Centro de Ecología Aplicada LTDA (Leopoldo Fuentes)","MMA2017","45c3d8d2-7352-4dd1-aefd-c21e0b6b004e","CC_BY_NC_4_0","consultar con institución/autor"
"MMA:ICT:0000138",4463085642,-73.079,-47.564,"Rio Baker Entre Rio de Los Ñadis y Rio Ventisquero","Aplochiton zebra","2007-9-16","2007","","Mandante:  ENDESA S.A Estacion:  TB38.1",3,"P.eléctrica","Luis Vega",NA,"Colecta","Centro de Ecología Aplicada LTDA (Leopoldo Fuentes)","MMA2017","45c3d8d2-7352-4dd1-aefd-c21e0b6b004e","CC_BY_NC_4_0","consultar con institución/autor"
"MMA:ICT:0000139",4463085641,-73.209,-47.71,"Rio Baker Entre Rio Ventisquero y Bajo Rio del Paso","Aplochiton zebra","2007-11-21","2007","","Mandante:  ENDESA S.A Estacion:  B19.1",1,"P.eléctrica","Leopoldo Fuentes",NA,"Colecta","Centro de Ecología Aplicada LTDA (Leopoldo Fuentes)","MMA2017","45c3d8d2-7352-4dd1-aefd-c21e0b6b004e","CC_BY_NC_4_0","consultar con institución/autor"
"MMA:ICT:0000140",4463085620,-73.436,-47.811,"Rio Baker entre Rio del Paso y desembocadura","Aplochiton zebra","2007-11-22","2007","","Mandante:  ENDESA S.A Estacion:  B41.1",2,"P.eléctrica","Luis Vega",NA,"Colecta","Centro de Ecología Aplicada LTDA (Leopoldo Fuentes)","MMA2017","45c3d8d2-7352-4dd1-aefd-c21e0b6b004e","CC_BY_NC_4_0","consultar con institución/autor"
"MMA:ICT:0000141",4463085619,-73.546,-47.778,"Rio Baker entre Rio del Paso y desembocadura","Aplochiton zebra","2007-11-25","2007","","Mandante:  ENDESA S.A Estacion:  EB43.1",3,"P.eléctrica","Leopoldo Fuentes",NA,"Colecta","Centro de Ecología Aplicada LTDA (Leopoldo Fuentes)","MMA2017","45c3d8d2-7352-4dd1-aefd-c21e0b6b004e","CC_BY_NC_4_0","consultar con institución/autor"
"MMA:ICT:0000142",4463085618,-73.079,-47.564,"Rio Baker Entre Rio de Los Ñadis y Rio Ventisquero","Aplochiton zebra","2007-11-25","2007","","Mandante:  ENDESA S.A Estacion:  TB38.1",1,"P.eléctrica","Leopoldo Fuentes",NA,"Colecta","Centro de Ecología Aplicada LTDA (Leopoldo Fuentes)","MMA2017","45c3d8d2-7352-4dd1-aefd-c21e0b6b004e","CC_BY_NC_4_0","consultar con institución/autor"
"MMA:ICT:0000143",4463085617,-73.209,-47.71,"Rio Baker Entre Rio Ventisquero y Bajo Rio del Paso","Aplochiton zebra","2008-4-29","2008","","Mandante:  ENDESA S.A Estacion:  B19.1",1,"P.eléctrica","Luis Vega",NA,"Colecta","Centro de Ecología Aplicada LTDA (Leopoldo Fuentes)","MMA2017","45c3d8d2-7352-4dd1-aefd-c21e0b6b004e","CC_BY_NC_4_0","consultar con institución/autor"
"MMA:ICT:0000144",4463085616,-73.331,-48.214,"Rio Pascua entre Rio Borquez y desembocadura","Aplochiton zebra","2012-1-22","2012","","Mandante:  ENDESA S.A. Estacion:  EP 16.1",1,"Espinel","Roberto Bestard",NA,"Colecta","Centro de Ecología Aplicada LTDA (Leopoldo Fuentes)","MMA2017","45c3d8d2-7352-4dd1-aefd-c21e0b6b004e","CC_BY_NC_4_0","consultar con institución/autor"
"MMA:ICT:0000145",4463085615,-73.082,-48.17,"Rio Pascua Entre Rio G. Quiroz y Rio Quetru","Aplochiton zebra","2012-1-21","2012","","Mandante:  ENDESA S.A. Estacion:  P5",1,"P.eléctrica","Roberto Bestard",NA,"Colecta","Centro de Ecología Aplicada LTDA (Leopoldo Fuentes)","MMA2017","45c3d8d2-7352-4dd1-aefd-c21e0b6b004e","CC_BY_NC_4_0","consultar con institución/autor"
"MMA:ICT:0000146",4463085614,-73.089,-48.157,"Rio Pascua entre arriba Rio Quetru y Rio Borquez","Aplochiton zebra","2012-1-21","2012","","Mandante:  ENDESA S.A. Estacion:  P6",1,"P.eléctrica","Roberto Bestard",NA,"Colecta","Centro de Ecología Aplicada LTDA (Leopoldo Fuentes)","MMA2017","45c3d8d2-7352-4dd1-aefd-c21e0b6b004e","CC_BY_NC_4_0","consultar con institución/autor"
"MMA:ICT:0000147",4463085613,-73.504,-47.789,"Rio Baker entre Rio del Paso y desembocadura","Aplochiton zebra","2008-4","2008","","Mandante:  ENDESA S.A Estacion:  EB42.1",6,"P.eléctrica","Luis Vega",NA,"Colecta","Centro de Ecología Aplicada LTDA (Leopoldo Fuentes)","MMA2017","45c3d8d2-7352-4dd1-aefd-c21e0b6b004e","CC_BY_NC_4_0","consultar con institución/autor"
"MMA:ICT:0000148",4463085612,-72.756,-47.277,"Rio Baker entre Rio Chacabuco y Rio de la Colonia","Aplochiton zebra","2010-1-7","2010","","Mandante:  ENDESA S.A Estacion:  B11",2,"P.eléctrica","Luis Vega",NA,"Colecta","Centro de Ecología Aplicada LTDA (Leopoldo Fuentes)","MMA2017","45c3d8d2-7352-4dd1-aefd-c21e0b6b004e","CC_BY_NC_4_0","consultar con institución/autor"
"MMA:ICT:0000149",4463085611,-73.089,-47.532,"Rio Baker Entre Rio de Los Ñadis y Rio Ventisquero","Aplochiton zebra","2008-1-7","2008","","Mandante:  ENDESA S.A Estacion:  B15",3,"P.eléctrica","Luis Vega",NA,"Colecta","Centro de Ecología Aplicada LTDA (Leopoldo Fuentes)","MMA2017","45c3d8d2-7352-4dd1-aefd-c21e0b6b004e","CC_BY_NC_4_0","consultar con institución/autor"
"MMA:ICT:0000150",4463085592,-73.546,-47.778,"Rio Baker entre Rio del Paso y desembocadura","Aplochiton zebra","2012-1-9","2012","","Mandante:  ENDESA S.A Estacion:  EB43.1",2,"P.eléctrica","Luis Vega",NA,"Colecta","Centro de Ecología Aplicada LTDA (Leopoldo Fuentes)","MMA2017","45c3d8d2-7352-4dd1-aefd-c21e0b6b004e","CC_BY_NC_4_0","consultar con institución/autor"
"MMA:ICT:0000151",4463085591,-73.436,-47.811,"Rio Baker entre Rio del Paso y desembocadura","Aplochiton zebra","2008-4","2008","","Mandante:  ENDESA S.A Estacion:  B41.1",1,"P.eléctrica","Roberto Bestard",NA,"Colecta","Centro de Ecología Aplicada LTDA (Leopoldo Fuentes)","MMA2017","45c3d8d2-7352-4dd1-aefd-c21e0b6b004e","CC_BY_NC_4_0","consultar con institución/autor"
"MMA:ICT:0000152",4463085590,-73.436,-47.811,"Rio Baker entre Rio del Paso y desembocadura","Aplochiton zebra","2010-8-28","2010","","Mandante:  ENDESA S.A. Estacion:  B41.1",1,"P.eléctrica","Roberto Bestard",NA,"Colecta","Centro de Ecología Aplicada LTDA (Leopoldo Fuentes)","MMA2017","45c3d8d2-7352-4dd1-aefd-c21e0b6b004e","CC_BY_NC_4_0","consultar con institución/autor"
"MMA:ICT:0000153",4463085589,-72.83,-46.954,"Lago Bertrand","Aplochiton zebra","2010-11","2010","","Mandante:  ENDESA S.A. Estacion:  BCAT12.2",5,"P.eléctrica","Luis Vega",NA,"Colecta","Centro de Ecología Aplicada LTDA (Leopoldo Fuentes)","MMA2017","45c3d8d2-7352-4dd1-aefd-c21e0b6b004e","CC_BY_NC_4_0","consultar con institución/autor"
"MMA:ICT:0000154",4463085588,-73.281,-47.763,"Rio Baker entre Rio del Paso y desembocadura","Aplochiton zebra","2008-4","2008","","Mandante:  ENDESA S.A Estacion:  B39.1",5,"P.eléctrica","Roberto Bestard",NA,"Colecta","Centro de Ecología Aplicada LTDA (Leopoldo Fuentes)","MMA2017","45c3d8d2-7352-4dd1-aefd-c21e0b6b004e","CC_BY_NC_4_0","consultar con institución/autor"
"MMA:ICT:0000155",4463085587,-73.146,-47.684,"Rio Baker Entre Rio Ventisquero y Bajo Rio del Paso","Aplochiton zebra","2012-8-18","2012","","Mandante:  ENDESA S.A. Estacion:  B17",2,"P.eléctrica","Roberto Bestard",NA,"Colecta","Centro de Ecología Aplicada LTDA (Leopoldo Fuentes)","MMA2017","45c3d8d2-7352-4dd1-aefd-c21e0b6b004e","CC_BY_NC_4_0","consultar con institución/autor"
"MMA:ICT:0000156",4463085586,-73.146,-47.684,"Rio Baker Entre Rio Ventisquero y Bajo Rio del Paso","Aplochiton zebra","2012-8-18","2012","","Mandante:  ENDESA S.A. Estacion:  B17",2,"Espinel","Roberto Bestard",NA,"Colecta","Centro de Ecología Aplicada LTDA (Leopoldo Fuentes)","MMA2017","45c3d8d2-7352-4dd1-aefd-c21e0b6b004e","CC_BY_NC_4_0","consultar con institución/autor"
"MMA:ICT:0000157",4463085585,-73.436,-47.811,"Rio Baker entre Rio del Paso y desembocadura","Aplochiton zebra","2011-11-15","2011","","Mandante:  ENDESA S.A. Estacion:  B41.1",2,"P.eléctrica","Luis Vega",NA,"Colecta","Centro de Ecología Aplicada LTDA (Leopoldo Fuentes)","MMA2017","45c3d8d2-7352-4dd1-aefd-c21e0b6b004e","CC_BY_NC_4_0","consultar con institución/autor"
"MMA:ICT:0000158",4463085584,-73.078,-47.563,"Rio Baker Entre Rio de Los Ñadis y Rio Ventisquero","Aplochiton zebra","2011-1","2011","","Mandante:  ENDESA S.A. Estacion:  TB38.1",1,"P.eléctrica","Luis Vega",NA,"Colecta","Centro de Ecología Aplicada LTDA (Leopoldo Fuentes)","MMA2017","45c3d8d2-7352-4dd1-aefd-c21e0b6b004e","CC_BY_NC_4_0","consultar con institución/autor"
"MMA:ICT:0000159",4463085583,-73.146,-47.684,"Rio Baker Entre Rio Ventisquero y Bajo Rio del Paso","Aplochiton zebra","2011-11-15","2011","","Mandante:  ENDESA S.A. Estacion:  B17",2,"Espinel","Roberto Bestard",NA,"Colecta","Centro de Ecología Aplicada LTDA (Leopoldo Fuentes)","MMA2017","45c3d8d2-7352-4dd1-aefd-c21e0b6b004e","CC_BY_NC_4_0","consultar con institución/autor"
"MMA:ICT:0000160",4463085561,-73.145,-47.683,"Rio Baker Entre Rio Ventisquero y Bajo Rio del Paso","Aplochiton zebra","2010-8-27","2010","","Mandante:  ENDESA S.A. Estacion:  B17",3,"P.eléctrica","Roberto Bestard",NA,"Colecta","Centro de Ecología Aplicada LTDA (Leopoldo Fuentes)","MMA2017","45c3d8d2-7352-4dd1-aefd-c21e0b6b004e","CC_BY_NC_4_0","consultar con institución/autor"
"MMA:ICT:0000161",4463085560,-73.117,-48.16,"Rio Pascua entre arriba Rio Quetru y Rio Borquez","Aplochiton zebra","2012-1-21","2012","","Mandante:  ENDESA S.A. Estacion:  P8",5,"P.eléctrica","Luis Vega",NA,"Colecta","Centro de Ecología Aplicada LTDA (Leopoldo Fuentes)","MMA2017","45c3d8d2-7352-4dd1-aefd-c21e0b6b004e","CC_BY_NC_4_0","consultar con institución/autor"
"MMA:ICT:0000162",4463085559,-73.24,-48.228,"Rio Pascua entre arriba Rio Quetru y Rio Borquez","Aplochiton zebra","2012-1-22","2012","","Mandante:  ENDESA S.A. Estacion:  EP 15.1",1,"P.eléctrica","Luis Vega",NA,"Colecta","Centro de Ecología Aplicada LTDA (Leopoldo Fuentes)","MMA2017","45c3d8d2-7352-4dd1-aefd-c21e0b6b004e","CC_BY_NC_4_0","consultar con institución/autor"
"MMA:ICT:0000163",4463085558,-73.145,-47.683,"Rio Baker Entre Rio Ventisquero y Bajo Rio del Paso","Aplochiton zebra","2010-8-27","2010","","Mandante:  ENDESA S.A. Estacion:  B17",2,"Espinel","Roberto Bestard",NA,"Colecta","Centro de Ecología Aplicada LTDA (Leopoldo Fuentes)","MMA2017","45c3d8d2-7352-4dd1-aefd-c21e0b6b004e","CC_BY_NC_4_0","consultar con institución/autor"
"MMA:ICT:0000164",4463085557,-73.078,-47.563,"Rio Baker Entre Rio de Los Ñadis y Rio Ventisquero","Aplochiton zebra","2012-8-18","2012","","Mandante:  ENDESA S.A. Estacion:  TB38.1",1,"P.eléctrica","Luis Vega",NA,"Colecta","Centro de Ecología Aplicada LTDA (Leopoldo Fuentes)","MMA2017","45c3d8d2-7352-4dd1-aefd-c21e0b6b004e","CC_BY_NC_4_0","consultar con institución/autor"
"MMA:ICT:0000165",4463085556,-73.089,-48.157,"Rio Pascua entre arriba Rio Quetru y Rio Borquez","Aplochiton zebra","2012-8-19","2012","","Mandante:  ENDESA S.A. Estacion:  P6",13,"P.eléctrica","Luis Vega",NA,"Colecta","Centro de Ecología Aplicada LTDA (Leopoldo Fuentes)","MMA2017","45c3d8d2-7352-4dd1-aefd-c21e0b6b004e","CC_BY_NC_4_0","consultar con institución/autor"
"MMA:ICT:0000166",4463085555,-73.504,-47.789,"Rio Baker entre Rio del Paso y desembocadura","Aplochiton zebra","2007-9-17","2007","","Mandante:  ENDESA S.A Estacion:  EB42.1",1,"Espinel","Leopoldo Fuentes",NA,"Colecta","Centro de Ecología Aplicada LTDA (Leopoldo Fuentes)","MMA2017","45c3d8d2-7352-4dd1-aefd-c21e0b6b004e","CC_BY_NC_4_0","consultar con institución/autor"
"MMA:ICT:0000167",4463085554,-73.145,-47.683,"Rio Baker Entre Rio Ventisquero y Bajo Rio del Paso","Aplochiton zebra","2009-1","2009","","Mandante:  ENDESA S.A Estacion:  B18",1,"Espinel","Luis Vega",NA,"Colecta","Centro de Ecología Aplicada LTDA (Leopoldo Fuentes)","MMA2017","45c3d8d2-7352-4dd1-aefd-c21e0b6b004e","CC_BY_NC_4_0","consultar con institución/autor"
"MMA:ICT:0000168",4463085553,-73.079,-47.564,"Rio Baker Entre Rio de Los Ñadis y Rio Ventisquero","Aplochiton zebra","2008-4-29","2008","","Mandante:  ENDESA S.A Estacion:  TB38.1",3,"P.eléctrica","Roberto Bestard",NA,"Colecta","Centro de Ecología Aplicada LTDA (Leopoldo Fuentes)","MMA2017","45c3d8d2-7352-4dd1-aefd-c21e0b6b004e","CC_BY_NC_4_0","consultar con institución/autor"
"MMA:ICT:0000169",4463085552,-73.086,-47.548,"Rio Baker Entre Rio de Los Ñadis y Rio Ventisquero","Aplochiton zebra","2010-8-26","2010","","Mandante:  ENDESA S.A. Estacion:  B16",1,"Espinel","Roberto Bestard",NA,"Colecta","Centro de Ecología Aplicada LTDA (Leopoldo Fuentes)","MMA2017","45c3d8d2-7352-4dd1-aefd-c21e0b6b004e","CC_BY_NC_4_0","consultar con institución/autor"
"MMA:ICT:0000170",4463085530,-72.867,-47.313,"Rio Baker Entre Rio de la Colonia y Rio de los Ñadis","Aplochiton zebra","2011-11-13","2011","","Mandante:  ENDESA S.A. Estacion:  EMBA 2.1",1,"P.eléctrica","Roberto Bestard",NA,"Colecta","Centro de Ecología Aplicada LTDA (Leopoldo Fuentes)","MMA2017","45c3d8d2-7352-4dd1-aefd-c21e0b6b004e","CC_BY_NC_4_0","consultar con institución/autor"
"MMA:ICT:0000171",4463085529,-72.701,-47.281,"Rio Baker entre Rio Chacabuco y Rio de la Colonia","Aplochiton zebra","2011-11-13","2011","","Mandante:  ENDESA S.A. Estacion:  B9",1,"P.eléctrica","Roberto Bestard",NA,"Colecta","Centro de Ecología Aplicada LTDA (Leopoldo Fuentes)","MMA2017","45c3d8d2-7352-4dd1-aefd-c21e0b6b004e","CC_BY_NC_4_0","consultar con institución/autor"
"MMA:ICT:0000172",4463085528,-72.628,-47.199,"Rio Baker entre Rio Chacabuco y Rio de la Colonia","Aplochiton zebra","2011-11-12","2011","","Mandante:  ENDESA S.A. Estacion:  B8",2,"P.eléctrica","Roberto Bestard",NA,"Colecta","Centro de Ecología Aplicada LTDA (Leopoldo Fuentes)","MMA2017","45c3d8d2-7352-4dd1-aefd-c21e0b6b004e","CC_BY_NC_4_0","consultar con institución/autor"
"MMA:ICT:0000177",4463085523,-71.883,-41.05,"Casa Pangue. Rio Peulla","Aplochiton zebra","1919","1919","FuenteReg: Eigenmann 1927 Estudio: Campos et al. 1993b",NA,NA,NA,NA,NA,"Colecta","Laboratorio Limnología U. de Chile (Irma Vila)","MMA2017","45c3d8d2-7352-4dd1-aefd-c21e0b6b004e","CC_BY_NC_4_0","consultar con institución/autor"
"MMA:ICT:0000178",4463085522,-72.033,-41.083,"Lago Todos los santos. en Puella. Lago Todos Los Santos","Aplochiton zebra","1919","1919","FuenteReg: Eigenmann 1927 Estudio: Campos et al. 1993b",NA,NA,NA,NA,NA,"Colecta","Laboratorio Limnología U. de Chile (Irma Vila)","MMA2017","45c3d8d2-7352-4dd1-aefd-c21e0b6b004e","CC_BY_NC_4_0","consultar con institución/autor"
"MMA:ICT:0000179",4463085521,-72.333,-43.583,"Río Frio. Rio Frio","Aplochiton zebra",NA,NA,"FuenteReg: Campos et al. 1984",NA,3,NA,NA,NA,"Colecta","Laboratorio Limnología U. de Chile (Irma Vila)","MMA2017","45c3d8d2-7352-4dd1-aefd-c21e0b6b004e","CC_BY_NC_4_0","consultar con institución/autor"
"MMA:ICT:0000180",4463085500,-72.367,-43.833,"Río Aura. Rio Palena entre Rio Frio y Rio Rosselot","Aplochiton zebra",NA,NA,"FuenteReg: Campos et al. 1984",NA,15,NA,NA,NA,"Colecta","Laboratorio Limnología U. de Chile (Irma Vila)","MMA2017","45c3d8d2-7352-4dd1-aefd-c21e0b6b004e","CC_BY_NC_4_0","consultar con institución/autor"
"MMA:ICT:0000181",4463085499,-72.417,-41.15,"Saltos del Petrohue. Lago Todos Los Santos","Aplochiton zebra","1919","1919","FuenteReg: Eigenmann 1927 Estudio: Campos et al. 1993b",NA,NA,NA,NA,NA,"Colecta","Laboratorio Limnología U. de Chile (Irma Vila)","MMA2017","45c3d8d2-7352-4dd1-aefd-c21e0b6b004e","CC_BY_NC_4_0","consultar con institución/autor"
"MMA:ICT:0000183",4463085497,-72.417,-43.167,"Lago Yelcho. Rio Yelcho Entre Desague Lago Yelcho y Rio Amarillo","Aplochiton zebra",NA,NA,"FuenteReg: Campos et al. 1984",NA,83,NA,NA,NA,"Colecta","Laboratorio Limnología U. de Chile (Irma Vila)","MMA2017","45c3d8d2-7352-4dd1-aefd-c21e0b6b004e","CC_BY_NC_4_0","consultar con institución/autor"
"MMA:ICT:0000192",4463085469,-72.483,-43.017,"Río Amarillo. Rio Amarillo","Aplochiton zebra",NA,NA,"FuenteReg: Campos et al. 1984",NA,3,NA,NA,NA,"Colecta","Laboratorio Limnología U. de Chile (Irma Vila)","MMA2017","45c3d8d2-7352-4dd1-aefd-c21e0b6b004e","CC_BY_NC_4_0","consultar con institución/autor"
"MMA:ICT:0000194",4463085467,-72.8,-42.867,"Río Santa Barbara. Costeras entre Rio Rayas y Rio Chaiten","Aplochiton zebra",NA,NA,"FuenteReg: Campos et al. 1984",NA,2,NA,NA,NA,"Colecta","Laboratorio Limnología U. de Chile (Irma Vila)","MMA2017","45c3d8d2-7352-4dd1-aefd-c21e0b6b004e","CC_BY_NC_4_0","consultar con institución/autor"
"MMA:ICT:0000196",4463085465,-73.121,-48.113,"Lago Quetro. Rio Pascua entre arriba Rio Quetru y Rio Borquez","Aplochiton zebra","1982-12","1982","FuenteReg: McDowall & Nakaya 1987",NA,4,NA,NA,NA,"Colecta","Laboratorio Limnología U. de Chile (Irma Vila)","MMA2017","45c3d8d2-7352-4dd1-aefd-c21e0b6b004e","CC_BY_NC_4_0","consultar con institución/autor"
"MMA:ICT:0000199",4463085462,-72.772,-51.216,"Lago Toro. Lago del Toro","Aplochiton zebra",NA,NA,"FuenteReg: Fowler 1951 Estudio: Campos et al. 1993b",NA,NA,NA,NA,NA,NA,"Laboratorio Limnología U. de Chile (Irma Vila)","MMA2017","45c3d8d2-7352-4dd1-aefd-c21e0b6b004e","CC_BY_NC_4_0","consultar con institución/autor"
"MMA:ICT:0000200",4463087912,-74.0826,-51.3142,"Puerto Maine. Isla Evans","Aplochiton zebra",NA,NA,"FuenteReg: Fowler 1951 Estudio: Campos et al. 1993b",NA,NA,NA,NA,NA,NA,"Laboratorio Limnología U. de Chile (Irma Vila)","MMA2017","45c3d8d2-7352-4dd1-aefd-c21e0b6b004e","CC_BY_NC_4_0","consultar con institución/autor"
"MMA:ICT:0000201",4463087911,-74.2411,-50.9643,"Puerto Bueno. Peninsula entre Fiordo Peel y Paso Stewart","Aplochiton zebra",NA,NA,"FuenteReg: Fowler 1951 Estudio: Campos et al. 1993b",NA,NA,NA,NA,NA,NA,"Laboratorio Limnología U. de Chile (Irma Vila)","MMA2017","45c3d8d2-7352-4dd1-aefd-c21e0b6b004e","CC_BY_NC_4_0","consultar con institución/autor"
"MMA:ICT:0000205",4463087905,-73.1267,-51.1171,"Puerto Grey. Rio de Grey","Aplochiton zebra",NA,NA,"FuenteReg: Gunther 1980 Estudio: Campos et al. 1993b",NA,NA,NA,NA,NA,NA,"Laboratorio Limnología U. de Chile (Irma Vila)","MMA2017","45c3d8d2-7352-4dd1-aefd-c21e0b6b004e","CC_BY_NC_4_0","consultar con institución/autor"
"MMA:ICT:0000206",4463087902,-74.764,-47.81,"Canal Messier. Isla Juan Stuven","Aplochiton zebra",NA,NA,"FuenteReg: Gunther 1980 Estudio: Campos et al. 1993b",NA,NA,NA,NA,NA,NA,"Laboratorio Limnología U. de Chile (Irma Vila)","MMA2017","45c3d8d2-7352-4dd1-aefd-c21e0b6b004e","CC_BY_NC_4_0","consultar con institución/autor"
"MMA:ICT:0000207",4463087872,-74.2411,-50.9643,"Puerto Bueno. Peninsula entre Fiordo Peel y Paso Stewart","Aplochiton zebra",NA,NA,"FuenteReg: Gunther 1980 Estudio: Campos et al. 1993b",NA,NA,NA,NA,NA,NA,"Laboratorio Limnología U. de Chile (Irma Vila)","MMA2017","45c3d8d2-7352-4dd1-aefd-c21e0b6b004e","CC_BY_NC_4_0","consultar con institución/autor"
"MMA:ICT:0000210",4463087883,-72.033,-41.083,"Lago Todos los Santos. en Puella. Lago Todos Los Santos","Aplochiton zebra",NA,NA,"FuenteReg: McDowall 1971a",NA,NA,NA,NA,NA,"Colecta","Laboratorio Limnología U. de Chile (Irma Vila)","MMA2017","45c3d8d2-7352-4dd1-aefd-c21e0b6b004e","CC_BY_NC_4_0","consultar con institución/autor"
"MMA:ICT:0000211",4463087882,-72.473,-41.196,"Río Petrohue. Por debajo de los Saltos de Petrohue. Rio Petrohue Entre Desague Lago Todos Los Santos y Rio Hueñu-Hueñu","Aplochiton zebra",NA,NA,"FuenteReg: McDowall 1971a",NA,NA,NA,NA,NA,"Colecta","Laboratorio Limnología U. de Chile (Irma Vila)","MMA2017","45c3d8d2-7352-4dd1-aefd-c21e0b6b004e","CC_BY_NC_4_0","consultar con institución/autor"
"MMA:ICT:0000213",4463087880,-73.803,-41.869,"Ancud. Costeras Vertientes Norte Entre Punta Quetrelquen y Rio Chepu","Aplochiton zebra",NA,NA,"FuenteReg: McDowall 1971a",NA,NA,NA,NA,NA,"Colecta","Laboratorio Limnología U. de Chile (Irma Vila)","MMA2017","45c3d8d2-7352-4dd1-aefd-c21e0b6b004e","CC_BY_NC_4_0","consultar con institución/autor"
"MMA:ICT:0000214",4463087879,-72.686,-51.511,"Laguna Sofía. en pequeños arroyos que fluyen hacia la Laguna Sofía. Costeras entre Rio Prat Chico y Puerto Condor","Aplochiton zebra",NA,NA,"FuenteReg: McDowall 1971a",NA,NA,NA,NA,NA,"Colecta","Laboratorio Limnología U. de Chile (Irma Vila)","MMA2017","45c3d8d2-7352-4dd1-aefd-c21e0b6b004e","CC_BY_NC_4_0","consultar con institución/autor"
"MMA:ICT:0000216",4463087877,-71.937,-41.225,"Arroyo en Casa Pangue. cerca de Volcán Tronador. Rio Blanco","Aplochiton zebra",NA,NA,"FuenteReg: McDowall 1971a",NA,NA,NA,NA,NA,"Colecta","Laboratorio Limnología U. de Chile (Irma Vila)","MMA2017","45c3d8d2-7352-4dd1-aefd-c21e0b6b004e","CC_BY_NC_4_0","consultar con institución/autor"
"MMA:ICT:0000217",4463087873,-74.784,-50.171,"Bahia Tom. Isla Madre de Dios","Aplochiton zebra",NA,NA,"FuenteReg: McDowall 1971a",NA,NA,NA,NA,NA,"Colecta","Laboratorio Limnología U. de Chile (Irma Vila)","MMA2017","45c3d8d2-7352-4dd1-aefd-c21e0b6b004e","CC_BY_NC_4_0","consultar con institución/autor"
"MMA:ICT:0000218",4463087839,-72.657,-51.298,"Río Tres Pasos. tributario del lago del Toro. Rio Tres Pasos","Aplochiton zebra",NA,NA,"FuenteReg: McDowall 1971a",NA,NA,NA,NA,NA,"Colecta","Laboratorio Limnología U. de Chile (Irma Vila)","MMA2017","45c3d8d2-7352-4dd1-aefd-c21e0b6b004e","CC_BY_NC_4_0","consultar con institución/autor"
"MMA:ICT:0000220",4463087850,-74.0826,-51.3142,"Puerto Mayne. Isla Evans","Aplochiton zebra",NA,NA,"FuenteReg: McDowall 1971a",NA,NA,NA,NA,NA,"Colecta","Laboratorio Limnología U. de Chile (Irma Vila)","MMA2017","45c3d8d2-7352-4dd1-aefd-c21e0b6b004e","CC_BY_NC_4_0","consultar con institución/autor"
"MMA:ICT:0000221",4463087849,-67.346,-55.141,"Lago Navarino. Isla Navarino. Islas Navarino y Gable","Aplochiton zebra",NA,NA,"FuenteReg: Moorman et al. 2009",NA,NA,NA,NA,NA,"Colecta","Laboratorio Limnología U. de Chile (Irma Vila)","MMA2017","45c3d8d2-7352-4dd1-aefd-c21e0b6b004e","CC_BY_NC_4_0","consultar con institución/autor"
"MMA:ICT:0000789",4463089946,-73.985,-41.868,"Río Quito. Costeras Vertientes Norte Entre Punta Quetrelquen y Rio Chepu","Basilichthys microlepidotus",NA,NA,"FuenteReg: Campos et al. 1984",NA,NA,NA,NA,NA,"Colecta","Laboratorio Limnología U. de Chile (Irma Vila)","MMA2017","45c3d8d2-7352-4dd1-aefd-c21e0b6b004e","CC_BY_NC_4_0","consultar con institución/autor"
"MMA:ICT:0000833",4463086603,-72.152,-41.688,"Laguna de Tagua-Tagua. Rio Puelo Entre Rio Manso y Desague Laguna Tagua Tagua","Basilichthys microlepidotus",NA,NA,"FuenteReg: Valenciennes 1833 Estudio: Arratia et al. 1981",NA,NA,NA,NA,NA,NA,"Laboratorio Limnología U. de Chile (Irma Vila)","MMA2017","45c3d8d2-7352-4dd1-aefd-c21e0b6b004e","CC_BY_NC_4_0","consultar con institución/autor"
"MMA:ICT:0000857",4463086565,-73.792,-42.742,"Rio Coihuin. En Camino. Costera Vertiente Oeste Entre Rio Cucao (Incluido) y Rio Medina (Incluido)","Brachygalaxias bullocki","2007-1-7","2007","OrigenReg: Base de Datos EULA UdeC, FuenteReg: Base Datos 2007",NA,1,"Pesca Electrica","Evelyn Habit","GPS","3","Centro EULA UDEC Evelyn Habit","MMA2017","45c3d8d2-7352-4dd1-aefd-c21e0b6b004e","CC_BY_NC_4_0","consultar con institución/autor"
"MMA:ICT:0000885",4463086539,-73.705,-42.278,"Río Butalcura. Rio Chepu","Brachygalaxias bullocki","2002/2003","2002","FuenteReg: Gonzalez 2005",NA,NA,NA,NA,NA,"Colecta","Laboratorio Limnología U. de Chile (Irma Vila)","MMA2017","45c3d8d2-7352-4dd1-aefd-c21e0b6b004e","CC_BY_NC_4_0","consultar con institución/autor"
"MMA:ICT:0000886",4463086538,-73.809,-42.118,"Río Puntra. Rio Chepu","Brachygalaxias bullocki","2002/2003","2002","FuenteReg: Gonzalez 2005",NA,NA,NA,NA,NA,"Colecta","Laboratorio Limnología U. de Chile (Irma Vila)","MMA2017","45c3d8d2-7352-4dd1-aefd-c21e0b6b004e","CC_BY_NC_4_0","consultar con institución/autor"
"MMA:ICT:0000895",4463086519,-73.34,-41.769,"Río Aucha. Costeras Entre Rio Astillero y Rio El Dao (Incluido)","Brachygalaxias bullocki",NA,NA,"FuenteReg: Campos et al. 1984",NA,NA,NA,NA,NA,"Colecta","Laboratorio Limnología U. de Chile (Irma Vila)","MMA2017","45c3d8d2-7352-4dd1-aefd-c21e0b6b004e","CC_BY_NC_4_0","consultar con institución/autor"
"MMA:ICT:0000912",4463085922,-73.725,-42.709,"Lago Tarahuin. Costera Vertiente Oeste Entre Rio Cucao (Incluido) y Rio Medina (Incluido)","Brachygalaxias bullocki",NA,NA,"",NA,NA,NA,NA,NA,"Colecta","Centro EULA UDEC Evelyn Habit","MMA2017","45c3d8d2-7352-4dd1-aefd-c21e0b6b004e","CC_BY_NC_4_0","consultar con institución/autor"
"MMA:ICT:0000920",4463085925,-73.792,-42.742,"Rio Coihuin. En Camino. Costera Vertiente Oeste Entre Rio Cucao (Incluido) y Rio Medina (Incluido)","Brachygalaxias bullocki","2007-3-21","2007","OrigenReg: Base de Datos EULA UdeC, FuenteReg: Base Datos 2007",NA,1,NA,"Evelyn Habit",NA,"Colecta y Liberación","Centro EULA UDEC Evelyn Habit","MMA2017","45c3d8d2-7352-4dd1-aefd-c21e0b6b004e","CC_BY_NC_4_0","consultar con institución/autor"
"MMA:ICT:0001061",4463088182,-72.272,-41.646,"Rio Puelo. Aguas Arriba Puente. Rio Puelo Entre Desague Laguna Tagua Tagua y Desembocadura","Cheirodon australe","2013-1-16","2013","OrigenReg: Base de Datos EULA UdeC, FuenteReg: Base Datos 2013",NA,1,"Red Encierro","Jorge Gonzalez","GPS","3","Centro EULA UDEC Evelyn Habit","MMA2017","45c3d8d2-7352-4dd1-aefd-c21e0b6b004e","CC_BY_NC_4_0","consultar con institución/autor"
"MMA:ICT:0001115",4463090313,-73.809,-42.118,"Río Puntra. Rio Chepu","Cheirodon australe","2002/2003","2002","FuenteReg: Gonzalez 2005",NA,NA,NA,NA,NA,"Colecta","Laboratorio Limnología U. de Chile (Irma Vila)","MMA2017","45c3d8d2-7352-4dd1-aefd-c21e0b6b004e","CC_BY_NC_4_0","consultar con institución/autor"
"MMA:ICT:0001118",4463090323,-73.8,-42.717,"Lago Tarahuín. en zona litoral. Costera Vertiente Oeste Entre Rio Cucao (Incluido) y Rio Medina (Incluido)","Cheirodon australe","1993-10","1993","FuenteReg: Campos et al. 1996",NA,20,NA,NA,NA,"Colecta","Laboratorio Limnología U. de Chile (Irma Vila)","MMA2017","45c3d8d2-7352-4dd1-aefd-c21e0b6b004e","CC_BY_NC_4_0","consultar con institución/autor"
"MMA:ICT:0001796",4463089223,-72.0372,-44.1885,"Río Figueroa camino a lago verde. Rio Figueroa entre Rio Pico y Lago Rosselot","Diplomystes sp.",NA,NA,"OrigenReg: Estudio peces CEA, FuenteReg: Entrevista Jorge Parra",NA,NA,NA,NA,NA,"Colecta",NA,"MMA2017","45c3d8d2-7352-4dd1-aefd-c21e0b6b004e","CC_BY_NC_4_0","consultar con institución/autor"
"MMA:ICT:0001801",4463088774,-72.721,-42.932,"Rio Blanco. Estuario Chaiten. Rio Chaiten","Eleginops maclovinus","2007-2-13","2007","OrigenReg: Base de Datos EULA UdeC, FuenteReg: Base Datos 2007",NA,1,"Red Encierro","Juan Jose Ortiz","GPS","3","Centro EULA UDEC Evelyn Habit","MMA2017","45c3d8d2-7352-4dd1-aefd-c21e0b6b004e","CC_BY_NC_4_0","consultar con institución/autor"
"MMA:ICT:0001802",4463088754,-74.428,-49.134,"Rio ceca de Puerto Eden. Isla Wellington. Costeras  Orientales  Entre  Fiordo  Beauchamp y Fiordo Veto","Eleginops maclovinus","2009-2-13","2009","OrigenReg: Base de Datos EULA UdeC, FuenteReg: Base Datos 2009",NA,10,"Pesca Electrica","Jorge Gonzalez","GPS","3","Centro EULA UDEC Evelyn Habit","MMA2017","45c3d8d2-7352-4dd1-aefd-c21e0b6b004e","CC_BY_NC_4_0","consultar con institución/autor"
"MMA:ICT:0001804",4463088756,-73.534,-47.787,"Rio Baker. Caleta Tortel. Rio Baker entre Rio del Paso y desembocadura","Eleginops maclovinus","2013-2-13","2013","OrigenReg: Base de Datos EULA UdeC, FuenteReg: Base Datos 2013",NA,1,"Red Encierro","Jorge Gonzalez","GPS","3","Centro EULA UDEC Evelyn Habit","MMA2017","45c3d8d2-7352-4dd1-aefd-c21e0b6b004e","CC_BY_NC_4_0","consultar con institución/autor"
"MMA:ICT:0001805",4463088757,-72.32,-41.638,"Rio Puelo. Desembocadura. Costeras entre Rio Cochamo y Puelo","Eleginops maclovinus","2013-2-13","2013","OrigenReg: Base de Datos EULA UdeC, FuenteReg: Base Datos 2013",NA,35,"Red Encierro","Jorge Gonzalez","GPS","3","Centro EULA UDEC Evelyn Habit","MMA2017","45c3d8d2-7352-4dd1-aefd-c21e0b6b004e","CC_BY_NC_4_0","consultar con institución/autor"
"MMA:ICT:0001806",4463088758,-73.261,-51.882,"Rio Puma. Bahia de Los Huiros. Peninsula Roca al norte del Fiordo Resi","Eleginops maclovinus","2014-2-13","2014","OrigenReg: Base de Datos EULA UdeC, FuenteReg: Base Datos 2014",NA,13,"Red Encierro","Evelyn Habit","GPS","3","Centro EULA UDEC Evelyn Habit","MMA2017","45c3d8d2-7352-4dd1-aefd-c21e0b6b004e","CC_BY_NC_4_0","consultar con institución/autor"
"MMA:ICT:0001807",4463088759,-73.495,-51.86,"Rio Coicopihue. Fiordo Taraba. Cordillera Sarmiento","Eleginops maclovinus","2014-2-13","2014","OrigenReg: Base de Datos EULA UdeC, FuenteReg: Base Datos 2014",NA,1,"Red Encierro","Evelyn Habit","GPS","3","Centro EULA UDEC Evelyn Habit","MMA2017","45c3d8d2-7352-4dd1-aefd-c21e0b6b004e","CC_BY_NC_4_0","consultar con institución/autor"
"MMA:ICT:0001808",4463088760,-73.505,-51.792,"Rio Maravilla. Fiordo Taraba. Cordillera Sarmiento","Eleginops maclovinus","2014-2-14","2014","OrigenReg: Base de Datos EULA UdeC, FuenteReg: Base Datos 2014",NA,19,"Red Encierro","Evelyn Habit","GPS","3","Centro EULA UDEC Evelyn Habit","MMA2017","45c3d8d2-7352-4dd1-aefd-c21e0b6b004e","CC_BY_NC_4_0","consultar con institución/autor"
"MMA:ICT:0001809",4463088761,-74.432,-51.18,"Rio Konrad. Bahia Donaldson. Islas Presidente Gabriel Gonzalez Videla","Eleginops maclovinus","2014-2-14","2014","OrigenReg: Base de Datos EULA UdeC, FuenteReg: Base Datos 2014",NA,5,"Pesca Electrica","Evelyn Habit","GPS","3","Centro EULA UDEC Evelyn Habit","MMA2017","45c3d8d2-7352-4dd1-aefd-c21e0b6b004e","CC_BY_NC_4_0","consultar con institución/autor"
"MMA:ICT:0001810",4463088751,-75.251,-50.386,"Rio Tote. Isla Madre de Dios","Eleginops maclovinus","2014-2-14","2014","OrigenReg: Base de Datos EULA UdeC, FuenteReg: Base Datos 2014",NA,2,"Pesca Electrica","Evelyn Habit","GPS","3","Centro EULA UDEC Evelyn Habit","MMA2017","45c3d8d2-7352-4dd1-aefd-c21e0b6b004e","CC_BY_NC_4_0","consultar con institución/autor"
"MMA:ICT:0001811",4463088752,-74.411,-49.172,"Rio Lackawana. Sector Puerto Eden. Costeras  Orientales  Entre  Fiordo  Beauchamp y Fiordo Veto","Eleginops maclovinus","2014-2-14","2014","OrigenReg: Base de Datos EULA UdeC, FuenteReg: Base Datos 2014",NA,87,"Red Encierro","Evelyn Habit","GPS","3","Centro EULA UDEC Evelyn Habit","MMA2017","45c3d8d2-7352-4dd1-aefd-c21e0b6b004e","CC_BY_NC_4_0","consultar con institución/autor"
"MMA:ICT:0001812",4463088753,-74.411,-49.172,"Rio Lackawana. Sector Puerto Eden. Costeras  Orientales  Entre  Fiordo  Beauchamp y Fiordo Veto","Eleginops maclovinus","2014-2-14","2014","OrigenReg: Base de Datos EULA UdeC, FuenteReg: Base Datos 2014",NA,1,"Pesca Electrica","Evelyn Habit","GPS","3","Centro EULA UDEC Evelyn Habit","MMA2017","45c3d8d2-7352-4dd1-aefd-c21e0b6b004e","CC_BY_NC_4_0","consultar con institución/autor"
"MMA:ICT:0001813",4463088733,-74.427,-49.134,"Rio Balderas. Sector Puerto Eden. Costeras  Orientales  Entre  Fiordo  Beauchamp y Fiordo Veto","Eleginops maclovinus","2014-2-14","2014","OrigenReg: Base de Datos EULA UdeC, FuenteReg: Base Datos 2014",NA,85,"Red Encierro","Evelyn Habit","GPS","3","Centro EULA UDEC Evelyn Habit","MMA2017","45c3d8d2-7352-4dd1-aefd-c21e0b6b004e","CC_BY_NC_4_0","consultar con institución/autor"
"MMA:ICT:0001817",4463088737,-73.546,-47.778,"Rio Baker entre Rio del Paso y desembocadura","Eleginops maclovinus","2007-8-17","2007","OrigenReg: Base Datos CEA 2015,","Mandante:  ENDESA S.A Estacion:  EB43.1",1,"Espinel","Leopoldo Fuentes",NA,"Colecta","Centro de Ecología Aplicada LTDA (Leopoldo Fuentes)","MMA2017","45c3d8d2-7352-4dd1-aefd-c21e0b6b004e","CC_BY_NC_4_0","consultar con institución/autor"
"MMA:ICT:0001818",4463088738,-73.546,-47.778,"Rio Baker entre Rio del Paso y desembocadura","Eleginops maclovinus","2009-1-9","2009","OrigenReg: Base Datos CEA 2015,","Mandante:  ENDESA S.A Estacion:  EB43.1",2,"Espinel","Luis Vega",NA,"Colecta","Centro de Ecología Aplicada LTDA (Leopoldo Fuentes)","MMA2017","45c3d8d2-7352-4dd1-aefd-c21e0b6b004e","CC_BY_NC_4_0","consultar con institución/autor"
"MMA:ICT:0001819",4463088739,-73.504,-47.789,"Rio Baker entre Rio del Paso y desembocadura","Eleginops maclovinus","2007-11-26","2007","OrigenReg: Base Datos CEA 2015,","Mandante:  ENDESA S.A Estacion:  EB42.1",1,"Espinel","Luis Vega",NA,"Colecta","Centro de Ecología Aplicada LTDA (Leopoldo Fuentes)","MMA2017","45c3d8d2-7352-4dd1-aefd-c21e0b6b004e","CC_BY_NC_4_0","consultar con institución/autor"
"MMA:ICT:0001820",4463088729,-73.57,-47.794,"Rio Baker entre Rio del Paso y desembocadura","Eleginops maclovinus","2008-1","2008","OrigenReg: Base Datos CEA 2015,","Mandante:  ENDESA S.A Estacion:  EB44.1",1,"Espinel","Luis Vega",NA,"Colecta","Centro de Ecología Aplicada LTDA (Leopoldo Fuentes)","MMA2017","45c3d8d2-7352-4dd1-aefd-c21e0b6b004e","CC_BY_NC_4_0","consultar con institución/autor"
"MMA:ICT:0001821",4463088730,-73.57,-47.794,"Rio Baker entre Rio del Paso y desembocadura","Eleginops maclovinus","2009-1-9","2009","OrigenReg: Base Datos CEA 2015,","Mandante:  ENDESA S.A Estacion:  EB44.1",5,"Espinel","Roberto Bestard",NA,"Colecta","Centro de Ecología Aplicada LTDA (Leopoldo Fuentes)","MMA2017","45c3d8d2-7352-4dd1-aefd-c21e0b6b004e","CC_BY_NC_4_0","consultar con institución/autor"
"MMA:ICT:0001822",4463088731,-73.57,-47.794,"Rio Baker entre Rio del Paso y desembocadura","Eleginops maclovinus","2012-8-19","2012","OrigenReg: Base Datos CEA 2015,","Mandante:  ENDESA S.A. Estacion:  EB44.1",1,"Espinel","Roberto Bestard",NA,"Colecta","Centro de Ecología Aplicada LTDA (Leopoldo Fuentes)","MMA2017","45c3d8d2-7352-4dd1-aefd-c21e0b6b004e","CC_BY_NC_4_0","consultar con institución/autor"
"MMA:ICT:0001823",4463088732,-73.331,-48.214,"Rio Pascua entre Rio Borquez y desembocadura","Eleginops maclovinus","2012-1-22","2012","OrigenReg: Base Datos CEA 2015,","Mandante:  ENDESA S.A. Estacion:  EP 16.1",1,"Espinel","Roberto Bestard",NA,"Colecta","Centro de Ecología Aplicada LTDA (Leopoldo Fuentes)","MMA2017","45c3d8d2-7352-4dd1-aefd-c21e0b6b004e","CC_BY_NC_4_0","consultar con institución/autor"
"MMA:ICT:0001824",4463088716,-73.331,-48.214,"Rio Pascua entre Rio Borquez y desembocadura","Eleginops maclovinus","2012-8-19","2012","OrigenReg: Base Datos CEA 2015,","Mandante:  ENDESA S.A. Estacion:  EP 16.1",1,"Espinel","Luis Vega",NA,"Colecta","Centro de Ecología Aplicada LTDA (Leopoldo Fuentes)","MMA2017","45c3d8d2-7352-4dd1-aefd-c21e0b6b004e","CC_BY_NC_4_0","consultar con institución/autor"
"MMA:ICT:0001830",4463088710,-74.123,-42.604,"Río Cipresal. costa occidental de la Isla de Chiloé. Costeras Vertientes Oeste Entre Rio Chepu y Rio Cucao","Galaxias globiceps",NA,NA,"FuenteReg: Murillo & Ruiz 2002 Estudio: Vila et al. 2006",NA,NA,NA,NA,NA,NA,"Laboratorio Limnología U. de Chile (Irma Vila)","MMA2017","45c3d8d2-7352-4dd1-aefd-c21e0b6b004e","CC_BY_NC_4_0","consultar con institución/autor"
"MMA:ICT:0001842",4463088692,-72.677,-45.5,"Lago Riesco. Rio Riesco Entre Desague Laguna Riesco y Rio Aisen (Rio Guaquer)","Galaxias maculatus","2005-7-16","2005","OrigenReg: Base de Datos EULA UdeC, FuenteReg: Base Datos 2005",NA,30,"Pesca Electrica","Juan Jose Ortiz","GPS","3","Centro EULA UDEC Evelyn Habit","MMA2017","45c3d8d2-7352-4dd1-aefd-c21e0b6b004e","CC_BY_NC_4_0","consultar con institución/autor"
"MMA:ICT:0001843",4463088694,-72.506,-44.233,"Lago Risopatron. Rio Risopatron","Galaxias maculatus","2005-7-16","2005","OrigenReg: Base de Datos EULA UdeC, FuenteReg: Base Datos 2005",NA,16,"Pesca Electrica","Juan Jose Ortiz","GPS","3","Centro EULA UDEC Evelyn Habit","MMA2017","45c3d8d2-7352-4dd1-aefd-c21e0b6b004e","CC_BY_NC_4_0","consultar con institución/autor"
"MMA:ICT:0001850",4463088666,-72.703,-45.536,"Laguna Alta. Rio Condor y Laguna Riesco en desague","Galaxias maculatus","2006-7-17","2006","OrigenReg: Base de Datos EULA UdeC, FuenteReg: Base Datos 2006",NA,6,"Pesca Electrica","Juan Jose Ortiz","GPS","3","Centro EULA UDEC Evelyn Habit","MMA2017","45c3d8d2-7352-4dd1-aefd-c21e0b6b004e","CC_BY_NC_4_0","consultar con institución/autor"
"MMA:ICT:0001851",4463088667,-72.677,-45.5,"Lago Riesco. Rio Riesco Entre Desague Laguna Riesco y Rio Aisen (Rio Guaquer)","Galaxias maculatus","2006-7-17","2006","OrigenReg: Base de Datos EULA UdeC, FuenteReg: Base Datos 2006",NA,30,"Pesca Electrica","Juan Jose Ortiz","GPS","3","Centro EULA UDEC Evelyn Habit","MMA2017","45c3d8d2-7352-4dd1-aefd-c21e0b6b004e","CC_BY_NC_4_0","consultar con institución/autor"
"MMA:ICT:0001852",4463088668,-72.555,-44.327,"Estero Puyuhuapi. Costeras entre Rio Marchant y Seno Ventisquero","Galaxias maculatus","2006-7-17","2006","OrigenReg: Base de Datos EULA UdeC, FuenteReg: Base Datos 2006",NA,7,"Pesca Electrica","Juan Jose Ortiz","GPS","3","Centro EULA UDEC Evelyn Habit","MMA2017","45c3d8d2-7352-4dd1-aefd-c21e0b6b004e","CC_BY_NC_4_0","consultar con institución/autor"
"MMA:ICT:0001853",4463088671,-72.555,-44.327,"Fiordo Queulat. En Puyuhuapi. Costeras entre Rio Marchant y Seno Ventisquero","Galaxias maculatus","2006-7-17","2006","OrigenReg: Base de Datos EULA UdeC, FuenteReg: Base Datos 2006",NA,30,"Red Encierro","Juan Jose Ortiz","GPS","3","Centro EULA UDEC Evelyn Habit","MMA2017","45c3d8d2-7352-4dd1-aefd-c21e0b6b004e","CC_BY_NC_4_0","consultar con institución/autor"
"MMA:ICT:0001854",4463088673,-72.506,-44.233,"Lago Risopatron. Rio Risopatron","Galaxias maculatus","2006-7-17","2006","OrigenReg: Base de Datos EULA UdeC, FuenteReg: Base Datos 2006",NA,17,"Pesca Electrica","Juan Jose Ortiz","GPS","3","Centro EULA UDEC Evelyn Habit","MMA2017","45c3d8d2-7352-4dd1-aefd-c21e0b6b004e","CC_BY_NC_4_0","consultar con institución/autor"
"MMA:ICT:0001856",4463088677,-73.897,-42.67,"Lago Huillinco. Costera Vertiente Oeste Entre Rio Cucao (Incluido) y Rio Medina (Incluido)","Galaxias maculatus","2006-7-17","2006","OrigenReg: Base de Datos EULA UdeC, FuenteReg: Base Datos 2006",NA,30,"Pesca Electrica/ Arrastre","Evelyn Habit","GPS","3","Centro EULA UDEC Evelyn Habit","MMA2017","45c3d8d2-7352-4dd1-aefd-c21e0b6b004e","CC_BY_NC_4_0","consultar con institución/autor"
"MMA:ICT:0001858",4463088658,-73.778,-42.804,"Lago Natri. Costeras Vertientes este Entre Punta Ahoni y Punta Yatac","Galaxias maculatus","2006-7-17","2006","OrigenReg: Base de Datos EULA UdeC, FuenteReg: Base Datos 2006",NA,30,"Pesca Electrica/ Arrastre","Evelyn Habit","GPS","3","Centro EULA UDEC Evelyn Habit","MMA2017","45c3d8d2-7352-4dd1-aefd-c21e0b6b004e","CC_BY_NC_4_0","consultar con institución/autor"
"MMA:ICT:0001863",4463088647,-73.781,-42.722,"Lago Tarahuin. Costera Vertiente Oeste Entre Rio Cucao (Incluido) y Rio Medina (Incluido)","Galaxias maculatus","2006-12-22","2006","OrigenReg: Base de Datos EULA UdeC, FuenteReg: Base Datos 2006",NA,30,"Pesca Electrica/ Arrastre","Evelyn Habit","GPS","3","Centro EULA UDEC Evelyn Habit","MMA2017","45c3d8d2-7352-4dd1-aefd-c21e0b6b004e","CC_BY_NC_4_0","consultar con institución/autor"
"MMA:ICT:0001872",4463088620,-71.891,-45.7,"Lago Pollux. Rio Pollux","Galaxias maculatus","2007-12-22","2007","OrigenReg: Base de Datos EULA UdeC, FuenteReg: Base Datos 2007",NA,39,"Red Encierro","Juan Jose Ortiz","GPS","3","Centro EULA UDEC Evelyn Habit","MMA2017","45c3d8d2-7352-4dd1-aefd-c21e0b6b004e","CC_BY_NC_4_0","consultar con institución/autor"
"MMA:ICT:0001873",4463088621,-72.867,-43.899,"Rio Palena. Embarcadero. Rio Palena Entre Rio Sin Nombre y Desembocadura","Galaxias maculatus","2007-12-22","2007","OrigenReg: Base de Datos EULA UdeC, FuenteReg: Base Datos 2007",NA,52,"Red Encierro","Juan Jose Ortiz","GPS","3","Centro EULA UDEC Evelyn Habit","MMA2017","45c3d8d2-7352-4dd1-aefd-c21e0b6b004e","CC_BY_NC_4_0","consultar con institución/autor"
"MMA:ICT:0001874",4463088622,-72.702,-44.744,"Rio Cisnes. Estuario. Rio Cisnes Entre Rio Grande Esperanza y Desembocadura","Galaxias maculatus","2007-12-22","2007","OrigenReg: Base de Datos EULA UdeC, FuenteReg: Base Datos 2007",NA,56,"Red Encierro","Juan Jose Ortiz","GPS","3","Centro EULA UDEC Evelyn Habit","MMA2017","45c3d8d2-7352-4dd1-aefd-c21e0b6b004e","CC_BY_NC_4_0","consultar con institución/autor"
"MMA:ICT:0001875",4463088624,-72.722,-42.972,"Rio Yelcho. Chaiten Viejo. Rio Yelcho entre Rio Amarillo y desembocadura","Galaxias maculatus","2007-12-22","2007","OrigenReg: Base de Datos EULA UdeC, FuenteReg: Base Datos 2007",NA,8,"Red Encierro","Juan Jose Ortiz","GPS","3","Centro EULA UDEC Evelyn Habit","MMA2017","45c3d8d2-7352-4dd1-aefd-c21e0b6b004e","CC_BY_NC_4_0","consultar con institución/autor"
"MMA:ICT:0001876",4463088626,-72.72,-42.932,"Rio Blanco. Estuario Chaiten. Rio Chaiten","Galaxias maculatus","2007-12-22","2007","OrigenReg: Base de Datos EULA UdeC, FuenteReg: Base Datos 2007",NA,68,"Red Encierro","Juan Jose Ortiz","GPS","3","Centro EULA UDEC Evelyn Habit","MMA2017","45c3d8d2-7352-4dd1-aefd-c21e0b6b004e","CC_BY_NC_4_0","consultar con institución/autor"
"MMA:ICT:0001877",4463088628,-72.684,-42.942,"Rio Negro. Salida Sur Chaiten. Rio Chaiten","Galaxias maculatus","2007-12-22","2007","OrigenReg: Base de Datos EULA UdeC, FuenteReg: Base Datos 2007",NA,45,"Red Encierro","Juan Jose Ortiz","GPS","3","Centro EULA UDEC Evelyn Habit","MMA2017","45c3d8d2-7352-4dd1-aefd-c21e0b6b004e","CC_BY_NC_4_0","consultar con institución/autor"
"MMA:ICT:0001878",4463088632,-72.432,-43.176,"Lago Yelcho. NA","Galaxias maculatus","2007-12-22","2007","OrigenReg: Base de Datos EULA UdeC, FuenteReg: Base Datos 2007",NA,43,"Red Encierro","Juan Jose Ortiz","GPS","3","Centro EULA UDEC Evelyn Habit","MMA2017","45c3d8d2-7352-4dd1-aefd-c21e0b6b004e","CC_BY_NC_4_0","consultar con institución/autor"
"MMA:ICT:0001879",4463088604,-74.058,-42.648,"Lago Cucuao. En Cucao. Costera Vertiente Oeste Entre Rio Cucao (Incluido) y Rio Medina (Incluido)","Galaxias maculatus","2007-12-22","2007","OrigenReg: Base de Datos EULA UdeC, FuenteReg: Base Datos 2007",NA,30,"Pesca Electrica","Evelyn Habit","GPS","3","Centro EULA UDEC Evelyn Habit","MMA2017","45c3d8d2-7352-4dd1-aefd-c21e0b6b004e","CC_BY_NC_4_0","consultar con institución/autor"
"MMA:ICT:0001882",4463088587,-73.924,-42.803,"Lago Tepuhueico. En Lodge Tepuhueico. Costera Vertiente Oeste Entre Rio Cucao (Incluido) y Rio Medina (Incluido)","Galaxias maculatus","2007-12-22","2007","OrigenReg: Base de Datos EULA UdeC, FuenteReg: Base Datos 2007",NA,30,"Pesca Electrica","Evelyn Habit","GPS","3","Centro EULA UDEC Evelyn Habit","MMA2017","45c3d8d2-7352-4dd1-aefd-c21e0b6b004e","CC_BY_NC_4_0","consultar con institución/autor"
"MMA:ICT:0001892",4463088555,-73.762,-42.085,"Rio Vilcun. En Puente Alto. Costeras Vertientes Norte Entre Punta Quetrelquen y Rio Chepu","Galaxias maculatus","2007-2-23","2007","OrigenReg: Base de Datos EULA UdeC, FuenteReg: Base Datos 2007",NA,4,"Pesca Electrica","Evelyn Habit","GPS","3","Centro EULA UDEC Evelyn Habit","MMA2017","45c3d8d2-7352-4dd1-aefd-c21e0b6b004e","CC_BY_NC_4_0","consultar con institución/autor"
"MMA:ICT:0001893",4463088556,-72.638,-45.408,"Rio Aysen. Camino Lago Portales. Rio Aisen entre Rio Riesco y desembocadura","Galaxias maculatus","2008-2-23","2008","OrigenReg: Base de Datos EULA UdeC, FuenteReg: Base Datos 2008",NA,1,"Red Encierro","Katherin Solis","GPS","3","Centro EULA UDEC Evelyn Habit","MMA2017","45c3d8d2-7352-4dd1-aefd-c21e0b6b004e","CC_BY_NC_4_0","consultar con institución/autor"
"MMA:ICT:0001894",4463088557,-73.503,-47.791,"Rio Baker. Brazo Chico. Rio Baker entre Rio del Paso y desembocadura","Galaxias maculatus","2008-2-23","2008","OrigenReg: Base de Datos EULA UdeC, FuenteReg: Base Datos 2008",NA,2,"Red Encierro","Priscila Piedra","GPS","3","Centro EULA UDEC Evelyn Habit","MMA2017","45c3d8d2-7352-4dd1-aefd-c21e0b6b004e","CC_BY_NC_4_0","consultar con institución/autor"
"MMA:ICT:0001895",4463088558,-73.503,-47.791,"Rio Baker. Brazo Chico. Rio Baker entre Rio del Paso y desembocadura","Galaxias maculatus","2008-2-23","2008","OrigenReg: Base de Datos EULA UdeC, FuenteReg: Base Datos 2008",NA,41,"Pesca Electrica","Priscila Piedra","GPS","3","Centro EULA UDEC Evelyn Habit","MMA2017","45c3d8d2-7352-4dd1-aefd-c21e0b6b004e","CC_BY_NC_4_0","consultar con institución/autor"
"MMA:ICT:0001896",4463088561,-74.429,-51.179,"Rio 1, Canal Esteban. Bahia Donaldson. Islas Presidente Gabriel Gonzalez Videla","Galaxias maculatus","2009-2-24","2009","OrigenReg: Base de Datos EULA UdeC, FuenteReg: Base Datos 2009",NA,27,"Pesca Electrica","Jorge Gonzalez","GPS","3","Centro EULA UDEC Evelyn Habit","MMA2017","45c3d8d2-7352-4dd1-aefd-c21e0b6b004e","CC_BY_NC_4_0","consultar con institución/autor"
"MMA:ICT:0001897",4463088562,-74.432,-51.18,"Rio2, Canal Esteban. Bahia Donaldson. Islas Presidente Gabriel Gonzalez Videla","Galaxias maculatus","2009-2-24","2009","OrigenReg: Base de Datos EULA UdeC, FuenteReg: Base Datos 2009",NA,9,"Pesca Electrica","Jorge Gonzalez","GPS","3","Centro EULA UDEC Evelyn Habit","MMA2017","45c3d8d2-7352-4dd1-aefd-c21e0b6b004e","CC_BY_NC_4_0","consultar con institución/autor"
"MMA:ICT:0001898",4463088564,-74.156,-49.197,"Rio 2, Glaciar Pio XI. Bahia Elizabeth. Costeras Canal Mesier Limite Region - Peninsula Exmouth","Galaxias maculatus","2009-2-24","2009","OrigenReg: Base de Datos EULA UdeC, FuenteReg: Base Datos 2009",NA,24,"Pesca Electrica","Jorge Gonzalez","GPS","3","Centro EULA UDEC Evelyn Habit","MMA2017","45c3d8d2-7352-4dd1-aefd-c21e0b6b004e","CC_BY_NC_4_0","consultar con institución/autor"
"MMA:ICT:0001899",4463088567,-73.265,-51.883,"Rio Puma. Bahia Los Huiros. Peninsula Roca al norte del Fiordo Resi","Galaxias maculatus","2009-2-24","2009","OrigenReg: Base de Datos EULA UdeC, FuenteReg: Base Datos 2009",NA,6,"Pesca Electrica","Jorge Gonzalez","GPS","3","Centro EULA UDEC Evelyn Habit","MMA2017","45c3d8d2-7352-4dd1-aefd-c21e0b6b004e","CC_BY_NC_4_0","consultar con institución/autor"
"MMA:ICT:0001900",4463088075,-75.321,-50.558,"Rio 1, Bahia Francisco. Isla Duque de York","Galaxias maculatus","2009-2-24","2009","OrigenReg: Base de Datos EULA UdeC, FuenteReg: Base Datos 2009",NA,35,"Pesca Electrica","Jorge Gonzalez","GPS","3","Centro EULA UDEC Evelyn Habit","MMA2017","45c3d8d2-7352-4dd1-aefd-c21e0b6b004e","CC_BY_NC_4_0","consultar con institución/autor"
"MMA:ICT:0001901",4463090651,-75.321,-50.558,"Rio 1, Bahia Francisco. Isla Duque de York","Galaxias maculatus","2009-2-24","2009","OrigenReg: Base de Datos EULA UdeC, FuenteReg: Base Datos 2009",NA,61,"Pesca Electrica","Jorge Gonzalez","GPS","3","Centro EULA UDEC Evelyn Habit","MMA2017","45c3d8d2-7352-4dd1-aefd-c21e0b6b004e","CC_BY_NC_4_0","consultar con institución/autor"
"MMA:ICT:0001902",4463090652,-75.252,-50.386,"Rio 1, bahia cercana a Guarello. Isla Madre de Dios","Galaxias maculatus","2009-2-24","2009","OrigenReg: Base de Datos EULA UdeC, FuenteReg: Base Datos 2009",NA,33,"Pesca Electrica","Jorge Gonzalez","GPS","3","Centro EULA UDEC Evelyn Habit","MMA2017","45c3d8d2-7352-4dd1-aefd-c21e0b6b004e","CC_BY_NC_4_0","consultar con institución/autor"
"MMA:ICT:0001903",4463090653,-75.247,-50.382,"Rio 2, bahia cercana a Guarello. Isla Madre de Dios","Galaxias maculatus","2009-2-24","2009","OrigenReg: Base de Datos EULA UdeC, FuenteReg: Base Datos 2009",NA,44,"Pesca Electrica","Jorge Gonzalez","GPS","3","Centro EULA UDEC Evelyn Habit","MMA2017","45c3d8d2-7352-4dd1-aefd-c21e0b6b004e","CC_BY_NC_4_0","consultar con institución/autor"
"MMA:ICT:0001904",4463090654,-74.972,-50.212,"Rio 1, Canal Molineaux. Isla Madre de Dios","Galaxias maculatus","2009-2-24","2009","OrigenReg: Base de Datos EULA UdeC, FuenteReg: Base Datos 2009",NA,57,"Pesca Electrica","Jorge Gonzalez","GPS","3","Centro EULA UDEC Evelyn Habit","MMA2017","45c3d8d2-7352-4dd1-aefd-c21e0b6b004e","CC_BY_NC_4_0","consultar con institución/autor"
"MMA:ICT:0001905",4463090655,-74.139,-51.734,"Rio Desague de Laguna. Isla Piazzi. Islas Piazzi y Palermo","Galaxias maculatus","2009-2-24","2009","OrigenReg: Base de Datos EULA UdeC, FuenteReg: Base Datos 2009",NA,7,"Pesca Electrica","Jorge Gonzalez","GPS","3","Centro EULA UDEC Evelyn Habit","MMA2017","45c3d8d2-7352-4dd1-aefd-c21e0b6b004e","CC_BY_NC_4_0","consultar con institución/autor"
"MMA:ICT:0001906",4463090656,-74.556,-49.636,"Rio Desemboca a estero Backout. Isla Wellington. Costeras  Orientales  Entre  Fiordo Veto y Fiordo Antrim","Galaxias maculatus","2009-2-24","2009","OrigenReg: Base de Datos EULA UdeC, FuenteReg: Base Datos 2009",NA,17,"Pesca Electrica","Jorge Gonzalez","GPS","3","Centro EULA UDEC Evelyn Habit","MMA2017","45c3d8d2-7352-4dd1-aefd-c21e0b6b004e","CC_BY_NC_4_0","consultar con institución/autor"
"MMA:ICT:0001907",4463090657,-74.428,-49.134,"Rio ceca de Puerto Eden. Isla Wellington. Costeras  Orientales  Entre  Fiordo  Beauchamp y Fiordo Veto","Galaxias maculatus","2009-7-27","2009","OrigenReg: Base de Datos EULA UdeC, FuenteReg: Base Datos 2009",NA,37,"Pesca Electrica","Jorge Gonzalez","GPS","3","Centro EULA UDEC Evelyn Habit","MMA2017","45c3d8d2-7352-4dd1-aefd-c21e0b6b004e","CC_BY_NC_4_0","consultar con institución/autor"
"MMA:ICT:0001908",4463090658,-74.421,-49.086,"Rio Eva. Isla Wellington. Costeras  Orientales  Entre  Fiordo  Beauchamp y Fiordo Veto","Galaxias maculatus","2009-7-27","2009","OrigenReg: Base de Datos EULA UdeC, FuenteReg: Base Datos 2009",NA,12,"Pesca Electrica","Jorge Gonzalez","GPS","3","Centro EULA UDEC Evelyn Habit","MMA2017","45c3d8d2-7352-4dd1-aefd-c21e0b6b004e","CC_BY_NC_4_0","consultar con institución/autor"
"MMA:ICT:0001909",4463090659,-72.8,-51.36,"Lago Porteno. En Orilla. Lago del Toro","Galaxias maculatus","2009-7-27","2009","OrigenReg: Base de Datos EULA UdeC, FuenteReg: Base Datos 2009",NA,42,"Red Encierro","Jorge Gonzalez","GPS","3","Centro EULA UDEC Evelyn Habit","MMA2017","45c3d8d2-7352-4dd1-aefd-c21e0b6b004e","CC_BY_NC_4_0","consultar con institución/autor"
"MMA:ICT:0001910",4463090649,-72.8,-51.36,"Lago Porteno. Orilla Tributario PequeNo. Lago del Toro","Galaxias maculatus","2009-7-27","2009","OrigenReg: Base de Datos EULA UdeC, FuenteReg: Base Datos 2009",NA,28,"Pesca Electrica","Jorge Gonzalez","GPS","3","Centro EULA UDEC Evelyn Habit","MMA2017","45c3d8d2-7352-4dd1-aefd-c21e0b6b004e","CC_BY_NC_4_0","consultar con institución/autor"
"MMA:ICT:0001911",4463090650,-72.8,-51.36,"Lago Porteno. Lago del Toro","Galaxias maculatus","2009-7-27","2009","OrigenReg: Base de Datos EULA UdeC, FuenteReg: Base Datos 2009",NA,6,"Red Agallera","Jorge Gonzalez","GPS","2","Centro EULA UDEC Evelyn Habit","MMA2017","45c3d8d2-7352-4dd1-aefd-c21e0b6b004e","CC_BY_NC_4_0","consultar con institución/autor"
"MMA:ICT:0001912",4463090630,-72.955,-51.175,"Lago Toro. En Muelle. Lago del Toro","Galaxias maculatus","2009-7-27","2009","OrigenReg: Base de Datos EULA UdeC, FuenteReg: Base Datos 2009",NA,73,"Pesca Electrica","Jorge Gonzalez","GPS","3","Centro EULA UDEC Evelyn Habit","MMA2017","45c3d8d2-7352-4dd1-aefd-c21e0b6b004e","CC_BY_NC_4_0","consultar con institución/autor"
"MMA:ICT:0001913",4463090631,-72.958,-51.162,"Lago Toro. Puente Weber. Lagos Nordenkjold y Pehoe y Rio Paine en Desembocadura","Galaxias maculatus","2009-7-27","2009","OrigenReg: Base de Datos EULA UdeC, FuenteReg: Base Datos 2009",NA,53,"Pesca Electrica","Jorge Gonzalez","GPS","3","Centro EULA UDEC Evelyn Habit","MMA2017","45c3d8d2-7352-4dd1-aefd-c21e0b6b004e","CC_BY_NC_4_0","consultar con institución/autor"
"MMA:ICT:0001914",4463090632,-72.953,-51.181,"Lago Toro. Cerca Administracion. Lago del Toro","Galaxias maculatus","2009-7-27","2009","OrigenReg: Base de Datos EULA UdeC, FuenteReg: Base Datos 2009",NA,18,"Red Agallera","Jorge Gonzalez","GPS","2","Centro EULA UDEC Evelyn Habit","MMA2017","45c3d8d2-7352-4dd1-aefd-c21e0b6b004e","CC_BY_NC_4_0","consultar con institución/autor"
"MMA:ICT:0001915",4463090633,-72.955,-51.171,"Lago Toro. Lagos Nordenkjold y Pehoe y Rio Paine en Desembocadura","Galaxias maculatus","2009-7-27","2009","OrigenReg: Base de Datos EULA UdeC, FuenteReg: Base Datos 2009",NA,1,"Red Agallera","Jorge Gonzalez","GPS","2","Centro EULA UDEC Evelyn Habit","MMA2017","45c3d8d2-7352-4dd1-aefd-c21e0b6b004e","CC_BY_NC_4_0","consultar con institución/autor"
"MMA:ICT:0001916",4463090634,-72.966,-51.209,"Rio Serrano. Rio Serrano entre Lago del Toro y desembocadura","Galaxias maculatus","2009-7-27","2009","OrigenReg: Base de Datos EULA UdeC, FuenteReg: Base Datos 2009",NA,66,"Red Encierro","Jorge Gonzalez","GPS","3","Centro EULA UDEC Evelyn Habit","MMA2017","45c3d8d2-7352-4dd1-aefd-c21e0b6b004e","CC_BY_NC_4_0","consultar con institución/autor"
"MMA:ICT:0001917",4463090635,-72.964,-51.212,"Rio Serrano. Puente Endesa. Rio Serrano entre Lago del Toro y desembocadura","Galaxias maculatus","2009-7-27","2009","OrigenReg: Base de Datos EULA UdeC, FuenteReg: Base Datos 2009",NA,61,"Pesca Electrica","Jorge Gonzalez","GPS","3","Centro EULA UDEC Evelyn Habit","MMA2017","45c3d8d2-7352-4dd1-aefd-c21e0b6b004e","CC_BY_NC_4_0","consultar con institución/autor"
"MMA:ICT:0001918",4463090636,-72.973,-51.235,"Rio Serrano. CabaNas Paine. Rio Serrano entre Lago del Toro y desembocadura","Galaxias maculatus","2009-7-27","2009","OrigenReg: Base de Datos EULA UdeC, FuenteReg: Base Datos 2009",NA,22,"Pesca Electrica","Jorge Gonzalez","GPS","3","Centro EULA UDEC Evelyn Habit","MMA2017","45c3d8d2-7352-4dd1-aefd-c21e0b6b004e","CC_BY_NC_4_0","consultar con institución/autor"
"MMA:ICT:0001919",4463090637,-73.093,-51.414,"Rio Serrano. Puerto Toro. Rio Serrano entre Lago del Toro y desembocadura","Galaxias maculatus","2009-7-27","2009","OrigenReg: Base de Datos EULA UdeC, FuenteReg: Base Datos 2009",NA,68,"Red Encierro","Jorge Gonzalez","GPS","3","Centro EULA UDEC Evelyn Habit","MMA2017","45c3d8d2-7352-4dd1-aefd-c21e0b6b004e","CC_BY_NC_4_0","consultar con institución/autor"
"MMA:ICT:0001920",4463090627,-73.1,-51.421,"Rio Serrano. Puerto Toro. Costeras entre Laguna azul y rio serrano","Galaxias maculatus","2009-7-27","2009","OrigenReg: Base de Datos EULA UdeC, FuenteReg: Base Datos 2009",NA,13,"Pesca Electrica","Jorge Gonzalez","GPS","3","Centro EULA UDEC Evelyn Habit","MMA2017","45c3d8d2-7352-4dd1-aefd-c21e0b6b004e","CC_BY_NC_4_0","consultar con institución/autor"
"MMA:ICT:0001961",4463090543,-73.534,-47.787,"Rio Baker. Caleta Tortel. Rio Baker entre Rio del Paso y desembocadura","Galaxias maculatus","2013-5-1","2013","OrigenReg: Base de Datos EULA UdeC, FuenteReg: Base Datos 2013",NA,100,"Red Encierro","Jorge Gonzalez","GPS","3","Centro EULA UDEC Evelyn Habit","MMA2017","45c3d8d2-7352-4dd1-aefd-c21e0b6b004e","CC_BY_NC_4_0","consultar con institución/autor"
"MMA:ICT:0001962",4463090544,-73.534,-47.787,"Rio Baker. Caleta Tortel. Rio Baker entre Rio del Paso y desembocadura","Galaxias maculatus","2013-5-1","2013","OrigenReg: Base de Datos EULA UdeC, FuenteReg: Base Datos 2013",NA,17,"Red Encierro","Jorge Gonzalez","GPS","3","Centro EULA UDEC Evelyn Habit","MMA2017","45c3d8d2-7352-4dd1-aefd-c21e0b6b004e","CC_BY_NC_4_0","consultar con institución/autor"
"MMA:ICT:0001964",4463090549,-72.675,-45.5,"Lago Riesco. Rio Riesco Entre Desague Laguna Riesco y Rio Aisen (Rio Guaquer)","Galaxias maculatus","2013-5-1","2013","OrigenReg: Base de Datos EULA UdeC, FuenteReg: Base Datos 2013",NA,100,"Red Encierro","Jorge Gonzalez","GPS","3","Centro EULA UDEC Evelyn Habit","MMA2017","45c3d8d2-7352-4dd1-aefd-c21e0b6b004e","CC_BY_NC_4_0","consultar con institución/autor"
"MMA:ICT:0001966",4463090553,-72.4,-41.139,"Lago Todos los Santos. Lago Todos Los Santos","Galaxias maculatus","2013-6-13","2013","OrigenReg: Base de Datos EULA UdeC, FuenteReg: Base Datos 2013",NA,100,"Red Encierro","Jorge Gonzalez","GPS","3","Centro EULA UDEC Evelyn Habit","MMA2017","45c3d8d2-7352-4dd1-aefd-c21e0b6b004e","CC_BY_NC_4_0","consultar con institución/autor"
"MMA:ICT:0001967",4463090533,-72.4,-41.139,"Lago Todos los Santos. Lago Todos Los Santos","Galaxias maculatus","2013-7-17","2013","OrigenReg: Base de Datos EULA UdeC, FuenteReg: Base Datos 2013",NA,30,"Pesca Electrica","Jorge Gonzalez","GPS","3","Centro EULA UDEC Evelyn Habit","MMA2017","45c3d8d2-7352-4dd1-aefd-c21e0b6b004e","CC_BY_NC_4_0","consultar con institución/autor"
"MMA:ICT:0001968",4463090535,-73.017,-47.671,"Lago Vargas. Rio Baker Entre Rio Ventisquero y Bajo Rio del Paso","Galaxias maculatus","2013-7-17","2013","OrigenReg: Base de Datos EULA UdeC, FuenteReg: Base Datos 2013",NA,95,"Red Encierro","Jorge Gonzalez","GPS","3","Centro EULA UDEC Evelyn Habit","MMA2017","45c3d8d2-7352-4dd1-aefd-c21e0b6b004e","CC_BY_NC_4_0","consultar con institución/autor"
"MMA:ICT:0001969",4463090536,-72.74,-45.417,"Rio Aysen. Desembocadura. Rio Aisen entre Rio Riesco y desembocadura","Galaxias maculatus","2013-8-28","2013","OrigenReg: Base de Datos EULA UdeC, FuenteReg: Base Datos 2013",NA,100,"Red Encierro","Jorge Gonzalez","GPS","3","Centro EULA UDEC Evelyn Habit","MMA2017","45c3d8d2-7352-4dd1-aefd-c21e0b6b004e","CC_BY_NC_4_0","consultar con institución/autor"
"MMA:ICT:0001970",4463090520,-72.701,-45.416,"Rio Aysen. Puerto Aysen Humedal. Rio Aisen entre Rio Riesco y desembocadura","Galaxias maculatus","2013-8-28","2013","OrigenReg: Base de Datos EULA UdeC, FuenteReg: Base Datos 2013",NA,23,"Red Encierro","Jorge Gonzalez","GPS","3","Centro EULA UDEC Evelyn Habit","MMA2017","45c3d8d2-7352-4dd1-aefd-c21e0b6b004e","CC_BY_NC_4_0","consultar con institución/autor"
"MMA:ICT:0001975",4463090526,-72.701,-44.744,"Rio Cisnes. Estuario Puerto Cisnes. Rio Cisnes Entre Rio Grande Esperanza y Desembocadura","Galaxias maculatus","2013-9-26","2013","OrigenReg: Base de Datos EULA UdeC, FuenteReg: Base Datos 2013",NA,100,"Red Encierro","Jorge Gonzalez","GPS","3","Centro EULA UDEC Evelyn Habit","MMA2017","45c3d8d2-7352-4dd1-aefd-c21e0b6b004e","CC_BY_NC_4_0","consultar con institución/autor"
"MMA:ICT:0001976",4463090528,-72.702,-44.756,"Rio Cisnes. Llanura Aerodromo. Rio Cisnes Entre Rio Grande Esperanza y Desembocadura","Galaxias maculatus","2013-9-26","2013","OrigenReg: Base de Datos EULA UdeC, FuenteReg: Base Datos 2013",NA,21,"Red Encierro","Jorge Gonzalez","GPS","3","Centro EULA UDEC Evelyn Habit","MMA2017","45c3d8d2-7352-4dd1-aefd-c21e0b6b004e","CC_BY_NC_4_0","consultar con institución/autor"
"MMA:ICT:0001979",4463090512,-72.312,-41.379,"Rio Petrohue. Desembocadura. Rio Petrohue Entre Rio Hueñu-Hueñu y Desembocadura","Galaxias maculatus","2013-12-4","2013","OrigenReg: Base de Datos EULA UdeC, FuenteReg: Base Datos 2013",NA,98,"Red Encierro","Jorge Gonzalez","GPS","3","Centro EULA UDEC Evelyn Habit","MMA2017","45c3d8d2-7352-4dd1-aefd-c21e0b6b004e","CC_BY_NC_4_0","consultar con institución/autor"
"MMA:ICT:0001980",4463090498,-72.272,-41.646,"Rio Puelo. Aguas Arriba Puente. Rio Puelo Entre Desague Laguna Tagua Tagua y Desembocadura","Galaxias maculatus","2013-12","2013","OrigenReg: Base de Datos EULA UdeC, FuenteReg: Base Datos 2013",NA,93,"Red Encierro","Jorge Gonzalez","GPS","3","Centro EULA UDEC Evelyn Habit","MMA2017","45c3d8d2-7352-4dd1-aefd-c21e0b6b004e","CC_BY_NC_4_0","consultar con institución/autor"
"MMA:ICT:0001981",4463090499,-72.32,-41.638,"Rio Puelo. Desembocadura. Costeras entre Rio Cochamo y Puelo","Galaxias maculatus","2013-12-27","2013","OrigenReg: Base de Datos EULA UdeC, FuenteReg: Base Datos 2013",NA,100,"Red Encierro","Jorge Gonzalez","GPS","3","Centro EULA UDEC Evelyn Habit","MMA2017","45c3d8d2-7352-4dd1-aefd-c21e0b6b004e","CC_BY_NC_4_0","consultar con institución/autor"
"MMA:ICT:0001984",4463090502,-73.076,-47.698,"Rio Vargas. En Pasarela. Rio Baker Entre Rio Ventisquero y Bajo Rio del Paso","Galaxias maculatus","2013-1","2013","OrigenReg: Base de Datos EULA UdeC, FuenteReg: Base Datos 2013",NA,2,"Pesca Electrica","Jorge Gonzalez","GPS","3","Centro EULA UDEC Evelyn Habit","MMA2017","45c3d8d2-7352-4dd1-aefd-c21e0b6b004e","CC_BY_NC_4_0","consultar con institución/autor"
"MMA:ICT:0001985",4463090503,-73.098,-47.702,"Rio Vargas. Rio Baker Entre Rio Ventisquero y Bajo Rio del Paso","Galaxias maculatus","2013-1","2013","OrigenReg: Base de Datos EULA UdeC, FuenteReg: Base Datos 2013",NA,2,"Pesca Electrica","Jorge Gonzalez","GPS","3","Centro EULA UDEC Evelyn Habit","MMA2017","45c3d8d2-7352-4dd1-aefd-c21e0b6b004e","CC_BY_NC_4_0","consultar con institución/autor"
"MMA:ICT:0002011",4463087555,-73.261,-51.883,"Rio Puma. Bahia de Los Huiros. Peninsula Roca al norte del Fiordo Resi","Galaxias maculatus","2014-3-27","2014","OrigenReg: Base de Datos EULA UdeC, FuenteReg: Base Datos 2014",NA,115,"Red Encierro","Evelyn Habit","GPS","3","Centro EULA UDEC Evelyn Habit","MMA2017","45c3d8d2-7352-4dd1-aefd-c21e0b6b004e","CC_BY_NC_4_0","consultar con institución/autor"
"MMA:ICT:0002012",4463087557,-73.496,-51.86,"Rio Coicopihue. Fiordo Taraba. Cordillera Sarmiento","Galaxias maculatus","2014-3-27","2014","OrigenReg: Base de Datos EULA UdeC, FuenteReg: Base Datos 2014",NA,77,"Red Encierro","Evelyn Habit","GPS","3","Centro EULA UDEC Evelyn Habit","MMA2017","45c3d8d2-7352-4dd1-aefd-c21e0b6b004e","CC_BY_NC_4_0","consultar con institución/autor"
"MMA:ICT:0002013",4463087560,-73.496,-51.86,"Rio Coicopihue. Fiordo Taraba. Cordillera Sarmiento","Galaxias maculatus","2014-3-27","2014","OrigenReg: Base de Datos EULA UdeC, FuenteReg: Base Datos 2014",NA,17,"Pesca Electrica","Evelyn Habit","GPS","3","Centro EULA UDEC Evelyn Habit","MMA2017","45c3d8d2-7352-4dd1-aefd-c21e0b6b004e","CC_BY_NC_4_0","consultar con institución/autor"
"MMA:ICT:0002014",4463087564,-74.438,-51.178,"Lago Konrad. Bahia Donaldson. Islas Presidente Gabriel Gonzalez Videla","Galaxias maculatus","2014-3-27","2014","OrigenReg: Base de Datos EULA UdeC, FuenteReg: Base Datos 2014",NA,88,"Red Encierro","Evelyn Habit","GPS","3","Centro EULA UDEC Evelyn Habit","MMA2017","45c3d8d2-7352-4dd1-aefd-c21e0b6b004e","CC_BY_NC_4_0","consultar con institución/autor"
"MMA:ICT:0002015",4463087566,-74.438,-51.178,"Lago Konrad. Bahia Donaldson. Islas Presidente Gabriel Gonzalez Videla","Galaxias maculatus","2014-3-27","2014","OrigenReg: Base de Datos EULA UdeC, FuenteReg: Base Datos 2014",NA,4,"Pesca Electrica","Evelyn Habit","GPS","3","Centro EULA UDEC Evelyn Habit","MMA2017","45c3d8d2-7352-4dd1-aefd-c21e0b6b004e","CC_BY_NC_4_0","consultar con institución/autor"
"MMA:ICT:0002016",4463087569,-73.504,-51.792,"Rio Maravilla. Fiordo Taraba. Cordillera Sarmiento","Galaxias maculatus","2014-3-27","2014","OrigenReg: Base de Datos EULA UdeC, FuenteReg: Base Datos 2014",NA,187,"Red Encierro","Evelyn Habit","GPS","3","Centro EULA UDEC Evelyn Habit","MMA2017","45c3d8d2-7352-4dd1-aefd-c21e0b6b004e","CC_BY_NC_4_0","consultar con institución/autor"
"MMA:ICT:0002017",4463087572,-74.432,-51.18,"Rio Konrad. Bahia Donaldson. Islas Presidente Gabriel Gonzalez Videla","Galaxias maculatus","2014-4-3","2014","OrigenReg: Base de Datos EULA UdeC, FuenteReg: Base Datos 2014",NA,504,"Red Encierro","Evelyn Habit","GPS","3","Centro EULA UDEC Evelyn Habit","MMA2017","45c3d8d2-7352-4dd1-aefd-c21e0b6b004e","CC_BY_NC_4_0","consultar con institución/autor"
"MMA:ICT:0002018",4463087576,-74.432,-51.18,"Rio Konrad. Bahia Donaldson. Islas Presidente Gabriel Gonzalez Videla","Galaxias maculatus","2014-4-3","2014","OrigenReg: Base de Datos EULA UdeC, FuenteReg: Base Datos 2014",NA,24,"Pesca Electrica","Evelyn Habit","GPS","3","Centro EULA UDEC Evelyn Habit","MMA2017","45c3d8d2-7352-4dd1-aefd-c21e0b6b004e","CC_BY_NC_4_0","consultar con institución/autor"
"MMA:ICT:0002019",4463087577,-75.251,-50.386,"Rio Tote. Isla Madre de Dios","Galaxias maculatus","2014-4-24","2014","OrigenReg: Base de Datos EULA UdeC, FuenteReg: Base Datos 2014",NA,115,"Red Encierro","Evelyn Habit","GPS","3","Centro EULA UDEC Evelyn Habit","MMA2017","45c3d8d2-7352-4dd1-aefd-c21e0b6b004e","CC_BY_NC_4_0","consultar con institución/autor"
"MMA:ICT:0002020",4463087523,-75.251,-50.386,"Rio Tote. Isla Madre de Dios","Galaxias maculatus","2014-4-24","2014","OrigenReg: Base de Datos EULA UdeC, FuenteReg: Base Datos 2014",NA,8,"Pesca Electrica","Evelyn Habit","GPS","3","Centro EULA UDEC Evelyn Habit","MMA2017","45c3d8d2-7352-4dd1-aefd-c21e0b6b004e","CC_BY_NC_4_0","consultar con institución/autor"
"MMA:ICT:0002021",4463087524,-74.144,-49.198,"Rio Evelyn. Bahia Elizabeth. Costeras Canal Mesier Limite Region - Peninsula Exmouth","Galaxias maculatus","2014-4-24","2014","OrigenReg: Base de Datos EULA UdeC, FuenteReg: Base Datos 2014",NA,127,"Red Encierro","Evelyn Habit","GPS","3","Centro EULA UDEC Evelyn Habit","MMA2017","45c3d8d2-7352-4dd1-aefd-c21e0b6b004e","CC_BY_NC_4_0","consultar con institución/autor"
"MMA:ICT:0002022",4463087527,-74.144,-49.198,"Rio Evelyn. Bahia Elizabeth. Costeras Canal Mesier Limite Region - Peninsula Exmouth","Galaxias maculatus","2014-4-24","2014","OrigenReg: Base de Datos EULA UdeC, FuenteReg: Base Datos 2014",NA,43,"Pesca Electrica","Evelyn Habit","GPS","3","Centro EULA UDEC Evelyn Habit","MMA2017","45c3d8d2-7352-4dd1-aefd-c21e0b6b004e","CC_BY_NC_4_0","consultar con institución/autor"
"MMA:ICT:0002023",4463087531,-74.411,-49.172,"Rio Lackawana. Sector Puerto Eden. Costeras  Orientales  Entre  Fiordo  Beauchamp y Fiordo Veto","Galaxias maculatus","2014-4-24","2014","OrigenReg: Base de Datos EULA UdeC, FuenteReg: Base Datos 2014",NA,117,"Red Encierro","Evelyn Habit","GPS","3","Centro EULA UDEC Evelyn Habit","MMA2017","45c3d8d2-7352-4dd1-aefd-c21e0b6b004e","CC_BY_NC_4_0","consultar con institución/autor"
"MMA:ICT:0002024",4463087534,-74.411,-49.172,"Rio Lackawana. Sector Puerto Eden. Costeras  Orientales  Entre  Fiordo  Beauchamp y Fiordo Veto","Galaxias maculatus","2014-4-24","2014","OrigenReg: Base de Datos EULA UdeC, FuenteReg: Base Datos 2014",NA,6,"Pesca Electrica","Evelyn Habit","GPS","3","Centro EULA UDEC Evelyn Habit","MMA2017","45c3d8d2-7352-4dd1-aefd-c21e0b6b004e","CC_BY_NC_4_0","consultar con institución/autor"
"MMA:ICT:0002025",4463087537,-74.427,-49.134,"Rio Balderas. Sector Puerto Eden. Costeras  Orientales  Entre  Fiordo  Beauchamp y Fiordo Veto","Galaxias maculatus","2014-4-24","2014","OrigenReg: Base de Datos EULA UdeC, FuenteReg: Base Datos 2014",NA,174,"Red Encierro","Evelyn Habit","GPS","3","Centro EULA UDEC Evelyn Habit","MMA2017","45c3d8d2-7352-4dd1-aefd-c21e0b6b004e","CC_BY_NC_4_0","consultar con institución/autor"
"MMA:ICT:0002026",4463087540,-73.259,-51.882,"Laguna Los Cipreses. Bahia de Los Huiros. Peninsula Roca al norte del Fiordo Resi","Galaxias maculatus","2014-4-24","2014","OrigenReg: Base de Datos EULA UdeC, FuenteReg: Base Datos 2014",NA,64,"Red Encierro","Evelyn Habit","GPS","3","Centro EULA UDEC Evelyn Habit","MMA2017","45c3d8d2-7352-4dd1-aefd-c21e0b6b004e","CC_BY_NC_4_0","consultar con institución/autor"
"MMA:ICT:0002027",4463087542,-74.141,-49.195,"Lago Evelyn. Bahia Elizabeth. Costeras Canal Mesier Limite Region - Peninsula Exmouth","Galaxias maculatus","2014-4-24","2014","OrigenReg: Base de Datos EULA UdeC, FuenteReg: Base Datos 2014",NA,156,"Red Encierro","Evelyn Habit","GPS","3","Centro EULA UDEC Evelyn Habit","MMA2017","45c3d8d2-7352-4dd1-aefd-c21e0b6b004e","CC_BY_NC_4_0","consultar con institución/autor"
"MMA:ICT:0002028",4463087544,-73.138,-51.966,"Rio Santa Maria. Canal Santa Maria. Peninsula Cordillera Riesco","Galaxias maculatus","2014-4-24","2014","OrigenReg: Base de Datos EULA UdeC, FuenteReg: Base Datos 2014",NA,141,"Red Encierro","Evelyn Habit","GPS","3","Centro EULA UDEC Evelyn Habit","MMA2017","45c3d8d2-7352-4dd1-aefd-c21e0b6b004e","CC_BY_NC_4_0","consultar con institución/autor"
"MMA:ICT:0002029",4463087547,-72.183,-41.641,"Lago Victoria. Rio Puelo Entre Rio Manso y Desague Laguna Tagua Tagua","Galaxias maculatus","2008-4-24","2008","OrigenReg: Base de Datos EULA UdeC, FuenteReg: Base Datos 2008",NA,9,"Pesca Electrica","Evelyn Habit","GPS","3","Centro EULA UDEC Evelyn Habit","MMA2017","45c3d8d2-7352-4dd1-aefd-c21e0b6b004e","CC_BY_NC_4_0","consultar con institución/autor"
"MMA:ICT:0002030",4463087491,-72.317,-41.67,"Rio La Division. Desagua Lago Candelaria. Rio Puelo Entre Desague Laguna Tagua Tagua y Desembocadura","Galaxias maculatus","2008-4-24","2008","OrigenReg: Base de Datos EULA UdeC, FuenteReg: Base Datos 2008",NA,1,"Pesca Electrica","Evelyn Habit","GPS","3","Centro EULA UDEC Evelyn Habit","MMA2017","45c3d8d2-7352-4dd1-aefd-c21e0b6b004e","CC_BY_NC_4_0","consultar con institución/autor"
"MMA:ICT:0002031",4463087496,-72.308,-41.657,"Rio Puelo. Aguas Abajo Puente Puelo. Rio Puelo Entre Desague Laguna Tagua Tagua y Desembocadura","Galaxias maculatus","2008-4-24","2008","OrigenReg: Base de Datos EULA UdeC, FuenteReg: Base Datos 2008",NA,32,"Pesca Electrica","Evelyn Habit","GPS","3","Centro EULA UDEC Evelyn Habit","MMA2017","45c3d8d2-7352-4dd1-aefd-c21e0b6b004e","CC_BY_NC_4_0","consultar con institución/autor"
"MMA:ICT:0002032",4463087499,-72.294,-41.648,"Rio Puelo. En Puente Puelo. Rio Puelo Entre Desague Laguna Tagua Tagua y Desembocadura","Galaxias maculatus","2008-4-24","2008","OrigenReg: Base de Datos EULA UdeC, FuenteReg: Base Datos 2008",NA,25,"Pesca Electrica","Evelyn Habit","GPS","3","Centro EULA UDEC Evelyn Habit","MMA2017","45c3d8d2-7352-4dd1-aefd-c21e0b6b004e","CC_BY_NC_4_0","consultar con institución/autor"
"MMA:ICT:0002033",4463087501,-72.183,-41.641,"Lago Victoria. Rio Puelo Entre Rio Manso y Desague Laguna Tagua Tagua","Galaxias maculatus","2008-4-24","2008","OrigenReg: Base de Datos EULA UdeC, FuenteReg: Base Datos 2008",NA,2,"Red Agallera","Evelyn Habit","GPS","2","Centro EULA UDEC Evelyn Habit","MMA2017","45c3d8d2-7352-4dd1-aefd-c21e0b6b004e","CC_BY_NC_4_0","consultar con institución/autor"
"MMA:ICT:0002034",4463087504,-72.169,-41.644,"Rio Puelo. Desague TaguaTagua. Rio Puelo Entre Rio Manso y Desague Laguna Tagua Tagua","Galaxias maculatus","2008-5-1","2008","OrigenReg: Base de Datos EULA UdeC, FuenteReg: Base Datos 2008",NA,1,"Red Encierro","Evelyn Habit","GPS","3","Centro EULA UDEC Evelyn Habit","MMA2017","45c3d8d2-7352-4dd1-aefd-c21e0b6b004e","CC_BY_NC_4_0","consultar con institución/autor"
"MMA:ICT:0002035",4463087506,-72.603,-42.751,"Lago Blanco. Rio Rayas o Blanco","Galaxias maculatus","2008-5-1","2008","OrigenReg: Base de Datos EULA UdeC, FuenteReg: Base Datos 2008",NA,24,"Red Encierro","Evelyn Habit","GPS","3","Centro EULA UDEC Evelyn Habit","MMA2017","45c3d8d2-7352-4dd1-aefd-c21e0b6b004e","CC_BY_NC_4_0","consultar con institución/autor"
"MMA:ICT:0002036",4463087509,-72.442,-43.217,"Lago Yelcho. Puerto Cardenas","Galaxias maculatus","2008-5-1","2008","OrigenReg: Base de Datos EULA UdeC, FuenteReg: Base Datos 2008",NA,30,"Red Encierro","Evelyn Habit","GPS","3","Centro EULA UDEC Evelyn Habit","MMA2017","45c3d8d2-7352-4dd1-aefd-c21e0b6b004e","CC_BY_NC_4_0","consultar con institución/autor"
"MMA:ICT:0002037",4463087512,-72.212,-43.413,"Lago Yelcho. Puerto Piedra","Galaxias maculatus","2008-5-1","2008","OrigenReg: Base de Datos EULA UdeC, FuenteReg: Base Datos 2008",NA,30,"Red Encierro","Evelyn Habit","GPS","3","Centro EULA UDEC Evelyn Habit","MMA2017","45c3d8d2-7352-4dd1-aefd-c21e0b6b004e","CC_BY_NC_4_0","consultar con institución/autor"
"MMA:ICT:0002038",4463087515,-72.703,-42.918,"Rio Blanco. Rio Chaiten","Galaxias maculatus","2008-6-12","2008","OrigenReg: Base de Datos EULA UdeC, FuenteReg: Base Datos 2008",NA,30,"Red Encierro","Evelyn Habit","GPS","3","Centro EULA UDEC Evelyn Habit","MMA2017","45c3d8d2-7352-4dd1-aefd-c21e0b6b004e","CC_BY_NC_4_0","consultar con institución/autor"
"MMA:ICT:0002040",4463087470,-72.312,-41.379,"Rio Petrohue. Rio Petrohue Entre Rio Hueñu-Hueñu y Desembocadura","Galaxias maculatus","2008-6-12","2008","OrigenReg: Base de Datos EULA UdeC, FuenteReg: Base Datos 2008",NA,104,"Red Encierro","Evelyn Habit","GPS","3","Centro EULA UDEC Evelyn Habit","MMA2017","45c3d8d2-7352-4dd1-aefd-c21e0b6b004e","CC_BY_NC_4_0","consultar con institución/autor"
"MMA:ICT:0002041",4463087471,-72.303,-41.653,"Rio Puelo. En Puelo. Rio Puelo Entre Desague Laguna Tagua Tagua y Desembocadura","Galaxias maculatus","2008-6-12","2008","OrigenReg: Base de Datos EULA UdeC, FuenteReg: Base Datos 2008",NA,62,"Red Encierro","Evelyn Habit","GPS","3","Centro EULA UDEC Evelyn Habit","MMA2017","45c3d8d2-7352-4dd1-aefd-c21e0b6b004e","CC_BY_NC_4_0","consultar con institución/autor"
"MMA:ICT:0002042",4463087473,-72.727,-42.968,"Rio Yelcho. Chaiten Viejo. Rio Chaiten","Galaxias maculatus","2008-6-12","2008","OrigenReg: Base de Datos EULA UdeC, FuenteReg: Base Datos 2008",NA,4,"Red Encierro","Evelyn Habit","GPS","3","Centro EULA UDEC Evelyn Habit","MMA2017","45c3d8d2-7352-4dd1-aefd-c21e0b6b004e","CC_BY_NC_4_0","consultar con institución/autor"
"MMA:ICT:0002043",4463087476,-72.703,-42.918,"Rio Blanco. Rio Chaiten","Galaxias maculatus","2008-6-12","2008","OrigenReg: Base de Datos EULA UdeC, FuenteReg: Base Datos 2008",NA,3,"Pesca Electrica","Evelyn Habit","GPS","3","Centro EULA UDEC Evelyn Habit","MMA2017","45c3d8d2-7352-4dd1-aefd-c21e0b6b004e","CC_BY_NC_4_0","consultar con institución/autor"
"MMA:ICT:0002119",4463086877,-71.894,-44.238,"Laguna Verde y Rio Figueroa Hasta Rio Pico","Galaxias maculatus","2012-1-31","2012","","Mandante:  Arcadis Estacion:  TS-92",5,"P.eléctrica","Gabriela Mancilla",NA,"Colecta","Centro de Ecología Aplicada LTDA (Leopoldo Fuentes)","MMA2017","45c3d8d2-7352-4dd1-aefd-c21e0b6b004e","CC_BY_NC_4_0","consultar con institución/autor"
"MMA:ICT:0002120",4463086823,-72.764,-45.283,"Rio de Los Palos en junta Rio Aisen","Galaxias maculatus","2012-1-31","2012","","Mandante:  Arcadis Estacion:  TS-93",1,"P.eléctrica","Gabriela Mancilla",NA,"Colecta","Centro de Ecología Aplicada LTDA (Leopoldo Fuentes)","MMA2017","45c3d8d2-7352-4dd1-aefd-c21e0b6b004e","CC_BY_NC_4_0","consultar con institución/autor"
"MMA:ICT:0002121",4463086824,-72.678,-45.498,"Rio Condor y Laguna Riesco en desague","Galaxias maculatus","2008-6-25","2008","","Mandante:  XSTRATA Estacion:  SW-RI-02",2,"P.eléctrica","Luis Vega",NA,"Colecta","Centro de Ecología Aplicada LTDA (Leopoldo Fuentes)","MMA2017","45c3d8d2-7352-4dd1-aefd-c21e0b6b004e","CC_BY_NC_4_0","consultar con institución/autor"
"MMA:ICT:0002122",4463086827,-72.876,-47.415,"Rio Baker Entre Rio de la Colonia y Rio de los Ñadis","Galaxias maculatus","2012-8-17","2012","","Mandante:  ENDESA S.A. Estacion:  L12",2,"P.eléctrica","Luis Vega",NA,"Colecta","Centro de Ecología Aplicada LTDA (Leopoldo Fuentes)","MMA2017","45c3d8d2-7352-4dd1-aefd-c21e0b6b004e","CC_BY_NC_4_0","consultar con institución/autor"
"MMA:ICT:0002123",4463086830,-72.895,-47.428,"Rio Baker Entre Rio de la Colonia y Rio de los Ñadis","Galaxias maculatus","2012-8-17","2012","","Mandante:  ENDESA S.A. Estacion:  L11",3,"P.eléctrica","Luis Vega",NA,"Colecta","Centro de Ecología Aplicada LTDA (Leopoldo Fuentes)","MMA2017","45c3d8d2-7352-4dd1-aefd-c21e0b6b004e","CC_BY_NC_4_0","consultar con institución/autor"
"MMA:ICT:0002124",4463086834,-72.908,-47.442,"Rio Baker Entre Rio de la Colonia y Rio de los Ñadis","Galaxias maculatus","2012-8-17","2012","","Mandante:  ENDESA S.A. Estacion:  L10",1,"P.eléctrica","Luis Vega",NA,"Colecta","Centro de Ecología Aplicada LTDA (Leopoldo Fuentes)","MMA2017","45c3d8d2-7352-4dd1-aefd-c21e0b6b004e","CC_BY_NC_4_0","consultar con institución/autor"
"MMA:ICT:0002125",4463086837,-73.086,-47.548,"Rio Baker Entre Rio de Los Ñadis y Rio Ventisquero","Galaxias maculatus","2010-3-21","2010","","Mandante:  ENDESA S.A. Estacion:  B16",1,"P.eléctrica","Roberto Bestard",NA,"Colecta","Centro de Ecología Aplicada LTDA (Leopoldo Fuentes)","MMA2017","45c3d8d2-7352-4dd1-aefd-c21e0b6b004e","CC_BY_NC_4_0","consultar con institución/autor"
"MMA:ICT:0002126",4463086840,-73.504,-47.789,"Rio Baker entre Rio del Paso y desembocadura","Galaxias maculatus","2007-11-25","2007","","Mandante:  ENDESA S.A Estacion:  EB42.1",1,"P.eléctrica","Leopoldo Fuentes",NA,"Colecta","Centro de Ecología Aplicada LTDA (Leopoldo Fuentes)","MMA2017","45c3d8d2-7352-4dd1-aefd-c21e0b6b004e","CC_BY_NC_4_0","consultar con institución/autor"
"MMA:ICT:0002127",4463086844,-73.57,-47.794,"Rio Baker entre Rio del Paso y desembocadura","Galaxias maculatus","2012-8-19","2012","","Mandante:  ENDESA S.A. Estacion:  EB44.1",3,"P.eléctrica","Roberto Bestard",NA,"Colecta","Centro de Ecología Aplicada LTDA (Leopoldo Fuentes)","MMA2017","45c3d8d2-7352-4dd1-aefd-c21e0b6b004e","CC_BY_NC_4_0","consultar con institución/autor"
"MMA:ICT:0002128",4463086845,-73.089,-48.157,"Rio Pascua entre arriba Rio Quetru y Rio Borquez","Galaxias maculatus","2012-1-21","2012","","Mandante:  ENDESA S.A. Estacion:  P6",2,"P.eléctrica","Roberto Bestard",NA,"Colecta","Centro de Ecología Aplicada LTDA (Leopoldo Fuentes)","MMA2017","45c3d8d2-7352-4dd1-aefd-c21e0b6b004e","CC_BY_NC_4_0","consultar con institución/autor"
"MMA:ICT:0002129",4463086847,-73.082,-48.17,"Rio Pascua Entre Rio G. Quiroz y Rio Quetru","Galaxias maculatus","2012-1-21","2012","","Mandante:  ENDESA S.A. Estacion:  P5",5,"P.eléctrica","Roberto Bestard",NA,"Colecta","Centro de Ecología Aplicada LTDA (Leopoldo Fuentes)","MMA2017","45c3d8d2-7352-4dd1-aefd-c21e0b6b004e","CC_BY_NC_4_0","consultar con institución/autor"
"MMA:ICT:0002130",4463086792,-73.24,-48.228,"Rio Pascua entre arriba Rio Quetru y Rio Borquez","Galaxias maculatus","2012-3-22","2012","","Mandante:  ENDESA S.A. Estacion:  EP 15.1",3,"P.eléctrica","Luis Vega",NA,"Colecta","Centro de Ecología Aplicada LTDA (Leopoldo Fuentes)","MMA2017","45c3d8d2-7352-4dd1-aefd-c21e0b6b004e","CC_BY_NC_4_0","consultar con institución/autor"
"MMA:ICT:0002150",4463086749,-72.9979,-45.68,"Lago Cóndor. Rio y Lago Condor","Galaxias maculatus","2008-6-24","2008","OrigenReg: Líneas bases XI CEA Ltda. Agosto 2015, FuenteReg: Líneas bases XI CEA Ltda. Agosto 2015",NA,1,"P. eléctrica","Leopoldo Fuentes",NA,"Colecta","Centro de Ecología Aplicada LTDA (Leopoldo Fuentes)","MMA2017","45c3d8d2-7352-4dd1-aefd-c21e0b6b004e","CC_BY_NC_4_0","consultar con institución/autor"
"MMA:ICT:0002151",4463086751,-72.9904,-45.625,"Lago Cóndor. Rio y Lago Condor","Galaxias maculatus","2008","2008","OrigenReg: Líneas bases XI CEA Ltda. Agosto 2015, FuenteReg: Líneas bases XI CEA Ltda. Agosto 2015",NA,1,"P. eléctrica","Leopoldo Fuentes",NA,"Colecta","Centro de Ecología Aplicada LTDA (Leopoldo Fuentes)","MMA2017","45c3d8d2-7352-4dd1-aefd-c21e0b6b004e","CC_BY_NC_4_0","consultar con institución/autor"
"MMA:ICT:0002152",4463086754,-72.9369,-45.4792,"Río Cóndor aprox 3 km aguas arriba desembocadura. Rio y Lago Condor","Galaxias maculatus","2008-1-18","2008","OrigenReg: Líneas bases XI CEA Ltda. Agosto 2015, FuenteReg: Líneas bases XI CEA Ltda. Agosto 2015",NA,9,"P. eléctrica","Leopoldo Fuentes",NA,"Colecta","Centro de Ecología Aplicada LTDA (Leopoldo Fuentes)","MMA2017","45c3d8d2-7352-4dd1-aefd-c21e0b6b004e","CC_BY_NC_4_0","consultar con institución/autor"
"MMA:ICT:0002153",4463086756,-72.9003,-45.4682,"Río Cóndor en desembocadura. Costeras del fiordo Aisen hasta Punta Angosta","Galaxias maculatus","2008-1-18","2008","OrigenReg: Líneas bases XI CEA Ltda. Agosto 2015, FuenteReg: Líneas bases XI CEA Ltda. Agosto 2015",NA,8,"P. eléctrica","Leopoldo Fuentes",NA,"Colecta","Centro de Ecología Aplicada LTDA (Leopoldo Fuentes)","MMA2017","45c3d8d2-7352-4dd1-aefd-c21e0b6b004e","CC_BY_NC_4_0","consultar con institución/autor"
"MMA:ICT:0002154",4463086758,-69.915,-53.987,"Río Cóndor en desembocadura. Rio Condor","Galaxias maculatus",NA,NA,"OrigenReg: Publicación, FuenteReg: Vila et al. 1999. Ictiofauna en los sistemas límnicos de la Isla Grande, Tierra del Fuego, Chile",NA,NA,NA,"Irma Vila, Leopoldo Fuentes, Marcelo Saavedra",NA,"Colecta","Referencia bibliográfica","MMA2017","45c3d8d2-7352-4dd1-aefd-c21e0b6b004e","CC_BY_NC_4_0","consultar con institución/autor"
"MMA:ICT:0002155",4463086759,-72.417,-43.167,"Lago Yelcho. Rio Yelcho Entre Desague Lago Yelcho y Rio Amarillo","Galaxias maculatus",NA,NA,"FuenteReg: Campos et al. 1984",NA,2240,NA,NA,NA,"Colecta","Laboratorio Limnología U. de Chile (Irma Vila)","MMA2017","45c3d8d2-7352-4dd1-aefd-c21e0b6b004e","CC_BY_NC_4_0","consultar con institución/autor"
"MMA:ICT:0002169",4463086746,-72.517,-44.233,"Lago Risopatrón. Rio Risopatron","Galaxias maculatus",NA,NA,"FuenteReg: Campos et al. 1984",NA,44,NA,NA,NA,"Colecta","Laboratorio Limnología U. de Chile (Irma Vila)","MMA2017","45c3d8d2-7352-4dd1-aefd-c21e0b6b004e","CC_BY_NC_4_0","consultar con institución/autor"
"MMA:ICT:0002170",4463086727,-72.583,-42.333,"Río Pascua. Costeras del fiordo Coman","Galaxias maculatus",NA,NA,"FuenteReg: Campos et al. 1984",NA,16,NA,NA,NA,"Colecta","Laboratorio Limnología U. de Chile (Irma Vila)","MMA2017","45c3d8d2-7352-4dd1-aefd-c21e0b6b004e","CC_BY_NC_4_0","consultar con institución/autor"
"MMA:ICT:0002171",4463086708,-72.8,-42.867,"Río Santa Barbara. Costeras entre Rio Rayas y Rio Chaiten","Galaxias maculatus",NA,NA,"FuenteReg: Campos et al. 1984",NA,1,NA,NA,NA,"Colecta","Laboratorio Limnología U. de Chile (Irma Vila)","MMA2017","45c3d8d2-7352-4dd1-aefd-c21e0b6b004e","CC_BY_NC_4_0","consultar con institución/autor"
"MMA:ICT:0002174",4463086711,-72.772,-51.216,"Lago Toro. Lago del Toro","Galaxias maculatus",NA,NA,"FuenteReg: Campos & Ortiz 1992 Estudio: Campos et al. 1993b",NA,NA,NA,NA,NA,NA,"Laboratorio Limnología U. de Chile (Irma Vila)","MMA2017","45c3d8d2-7352-4dd1-aefd-c21e0b6b004e","CC_BY_NC_4_0","consultar con institución/autor"
"MMA:ICT:0002175",4463086712,-72.971,-51.029,"Lago Nordenskj. Lagos Nordenkjold y Pehoe y Rio Paine en Desembocadura","Galaxias maculatus",NA,NA,"FuenteReg: Campos & Ortiz 1992 Estudio: Campos et al. 1993b",NA,NA,NA,NA,NA,NA,"Laboratorio Limnología U. de Chile (Irma Vila)","MMA2017","45c3d8d2-7352-4dd1-aefd-c21e0b6b004e","CC_BY_NC_4_0","consultar con institución/autor"
"MMA:ICT:0002181",4463086707,-73.34,-41.769,"Río Aucho. Costeras Entre Rio Astillero y Rio El Dao (Incluido)","Galaxias maculatus",NA,NA,"FuenteReg: Campos et al. 1984",NA,NA,NA,NA,NA,"Colecta","Laboratorio Limnología U. de Chile (Irma Vila)","MMA2017","45c3d8d2-7352-4dd1-aefd-c21e0b6b004e","CC_BY_NC_4_0","consultar con institución/autor"
"MMA:ICT:0002182",4463086688,-73.443,-42.258,"Río Colu. Costeras Vertiente este Entre Punta Quetrelquen y Estero San Juan (Incluido)","Galaxias maculatus",NA,NA,"FuenteReg: Campos et al. 1984",NA,NA,NA,NA,NA,"Colecta","Laboratorio Limnología U. de Chile (Irma Vila)","MMA2017","45c3d8d2-7352-4dd1-aefd-c21e0b6b004e","CC_BY_NC_4_0","consultar con institución/autor"
"MMA:ICT:0002183",4463086689,-73.794,-42.358,"Río Grande. Rio Chepu","Galaxias maculatus",NA,NA,"FuenteReg: Campos et al. 1984",NA,NA,NA,NA,NA,"Colecta","Laboratorio Limnología U. de Chile (Irma Vila)","MMA2017","45c3d8d2-7352-4dd1-aefd-c21e0b6b004e","CC_BY_NC_4_0","consultar con institución/autor"
"MMA:ICT:0002184",4463086691,-72.39,-41.291,"Río San Antonio. Rio Petrohue Entre Rio Hueñu-Hueñu y Desembocadura","Galaxias maculatus",NA,NA,"FuenteReg: Campos et al. 1984",NA,NA,NA,NA,NA,"Colecta","Laboratorio Limnología U. de Chile (Irma Vila)","MMA2017","45c3d8d2-7352-4dd1-aefd-c21e0b6b004e","CC_BY_NC_4_0","consultar con institución/autor"
"MMA:ICT:0002185",4463086692,-73.895,-42.836,"Río Molulco. Costera Vertiente Oeste Entre Rio Cucao (Incluido) y Rio Medina (Incluido)","Galaxias maculatus",NA,NA,"FuenteReg: Campos et al. 1984",NA,NA,NA,NA,NA,"Colecta","Laboratorio Limnología U. de Chile (Irma Vila)","MMA2017","45c3d8d2-7352-4dd1-aefd-c21e0b6b004e","CC_BY_NC_4_0","consultar con institución/autor"
"MMA:ICT:0002186",4463086693,-73.34,-41.769,"Río Aucar. Costeras Entre Rio Astillero y Rio El Dao (Incluido)","Galaxias maculatus",NA,NA,"FuenteReg: Campos et al. 1984",NA,NA,NA,NA,NA,"Colecta","Laboratorio Limnología U. de Chile (Irma Vila)","MMA2017","45c3d8d2-7352-4dd1-aefd-c21e0b6b004e","CC_BY_NC_4_0","consultar con institución/autor"
"MMA:ICT:0002187",4463086695,-73.985,-41.868,"Río Quito. Costeras Vertientes Norte Entre Punta Quetrelquen y Rio Chepu","Galaxias maculatus",NA,NA,"FuenteReg: Campos et al. 1984",NA,NA,NA,NA,NA,"Colecta","Laboratorio Limnología U. de Chile (Irma Vila)","MMA2017","45c3d8d2-7352-4dd1-aefd-c21e0b6b004e","CC_BY_NC_4_0","consultar con institución/autor"
"MMA:ICT:0002188",4463086697,-73.546,-41.966,"Río Linao. Costeras Vertiente este Entre Punta Quetrelquen y Estero San Juan (Incluido)","Galaxias maculatus",NA,NA,"FuenteReg: Campos et al. 1984",NA,NA,NA,NA,NA,"Colecta","Laboratorio Limnología U. de Chile (Irma Vila)","MMA2017","45c3d8d2-7352-4dd1-aefd-c21e0b6b004e","CC_BY_NC_4_0","consultar con institución/autor"
"MMA:ICT:0002189",4463086699,-73.839,-42.798,"Lago Natri. Costeras Vertientes este Entre Punta Ahoni y Punta Yatac","Galaxias maculatus",NA,NA,"FuenteReg: Campos et al. 1984",NA,NA,NA,NA,NA,"Colecta","Laboratorio Limnología U. de Chile (Irma Vila)","MMA2017","45c3d8d2-7352-4dd1-aefd-c21e0b6b004e","CC_BY_NC_4_0","consultar con institución/autor"
"MMA:ICT:0002201",4463089100,-71.968,-52.844,"Cuenca de Río Bueno. Costeras Seno Otway Entre Punta Pichintun y Rio Grande (Incluido)","Galaxias maculatus",NA,NA,"FuenteReg: Campos et al. 1984 Estudio: Campos et al. 1993b",NA,NA,NA,NA,NA,"Colecta","Laboratorio Limnología U. de Chile (Irma Vila)","MMA2017","45c3d8d2-7352-4dd1-aefd-c21e0b6b004e","CC_BY_NC_4_0","consultar con institución/autor"
"MMA:ICT:0002225",4463089051,-72.871,-51.888,"Bahia de Talcahuano. a 20 millas de Puerto Natales. Peninsula Vicuña Mackenna e Isla Diego Portales","Galaxias maculatus",NA,NA,"FuenteReg: Venegas 2005",NA,266,NA,NA,NA,"Colecta","Laboratorio Limnología U. de Chile (Irma Vila)","MMA2017","45c3d8d2-7352-4dd1-aefd-c21e0b6b004e","CC_BY_NC_4_0","consultar con institución/autor"
"MMA:ICT:0002233",4463089015,-72.774,-45.591,"Río Condor. Rio Condor y Laguna Riesco en desague","Galaxias maculatus","1995-02","1995","FuenteReg: Vila et al. 1999",NA,NA,NA,NA,NA,"Colecta","Laboratorio Limnología U. de Chile (Irma Vila)","MMA2017","45c3d8d2-7352-4dd1-aefd-c21e0b6b004e","CC_BY_NC_4_0","consultar con institución/autor"
"MMA:ICT:0002235",4463089022,-72.213,-44.807,"Lago Las Torres. Rio Cisnes entre Arroyo Quemas y Rio Grande Espera","Galaxias platei","2005-1-22","2005","OrigenReg: Base de Datos EULA UdeC, FuenteReg: Base Datos 2005",NA,9,"Pesca Electrica","Juan Jose Ortiz","GPS","3","Centro EULA UDEC Evelyn Habit","MMA2017","45c3d8d2-7352-4dd1-aefd-c21e0b6b004e","CC_BY_NC_4_0","consultar con institución/autor"
"MMA:ICT:0002236",4463089024,-72.677,-45.5,"Lago Riesco. Rio Riesco Entre Desague Laguna Riesco y Rio Aisen (Rio Guaquer)","Galaxias platei","2005-7","2005","OrigenReg: Base de Datos EULA UdeC, FuenteReg: Base Datos 2005",NA,9,"Pesca Electrica","Juan Jose Ortiz","GPS","3","Centro EULA UDEC Evelyn Habit","MMA2017","45c3d8d2-7352-4dd1-aefd-c21e0b6b004e","CC_BY_NC_4_0","consultar con institución/autor"
"MMA:ICT:0002237",4463089029,-72.506,-44.233,"Lago Risopatron. Rio Risopatron","Galaxias platei","2005-7-24","2005","OrigenReg: Base de Datos EULA UdeC, FuenteReg: Base Datos 2005",NA,17,"Pesca Electrica","Juan Jose Ortiz","GPS","3","Centro EULA UDEC Evelyn Habit","MMA2017","45c3d8d2-7352-4dd1-aefd-c21e0b6b004e","CC_BY_NC_4_0","consultar con institución/autor"
"MMA:ICT:0002238",4463089030,-71.791,-45.644,"Lago Thompson. Rio Pollux","Galaxias platei","2005-7-24","2005","OrigenReg: Base de Datos EULA UdeC, FuenteReg: Base Datos 2005",NA,78,"Pesca Electrica","Juan Jose Ortiz","GPS","3","Centro EULA UDEC Evelyn Habit","MMA2017","45c3d8d2-7352-4dd1-aefd-c21e0b6b004e","CC_BY_NC_4_0","consultar con institución/autor"
"MMA:ICT:0002239",4463089032,-71.791,-45.644,"Lago Thompson. Rio Pollux","Galaxias platei","2005-8-29","2005","OrigenReg: Base de Datos EULA UdeC, FuenteReg: Base Datos 2005",NA,8,"Red Agallera","Juan Jose Ortiz","GPS","2","Centro EULA UDEC Evelyn Habit","MMA2017","45c3d8d2-7352-4dd1-aefd-c21e0b6b004e","CC_BY_NC_4_0","consultar con institución/autor"
"MMA:ICT:0002240",4463088984,-71.791,-45.644,"Lago Thompson. Rio Pollux","Galaxias platei","2005-9-4","2005","OrigenReg: Base de Datos EULA UdeC, FuenteReg: Base Datos 2005",NA,6,"Red Agallera","Juan Jose Ortiz","GPS","2","Centro EULA UDEC Evelyn Habit","MMA2017","45c3d8d2-7352-4dd1-aefd-c21e0b6b004e","CC_BY_NC_4_0","consultar con institución/autor"
"MMA:ICT:0002241",4463088986,-71.934,-46.296,"Lago General Carrera. Puerto IbaNez. Costeras Entre Bahia Ibañez y Rio Avellanos","Galaxias platei","2006-10-2","2006","OrigenReg: Base de Datos EULA UdeC, FuenteReg: Base Datos 2006",NA,20,"Pesca Electrica","Juan Jose Ortiz","GPS","3","Centro EULA UDEC Evelyn Habit","MMA2017","45c3d8d2-7352-4dd1-aefd-c21e0b6b004e","CC_BY_NC_4_0","consultar con institución/autor"
"MMA:ICT:0002242",4463088989,-71.791,-45.644,"Lago Thompson. Rio Pollux","Galaxias platei","2006-10-31","2006","OrigenReg: Base de Datos EULA UdeC, FuenteReg: Base Datos 2006",NA,21,"Pesca Electrica","Juan Jose Ortiz","GPS","3","Centro EULA UDEC Evelyn Habit","MMA2017","45c3d8d2-7352-4dd1-aefd-c21e0b6b004e","CC_BY_NC_4_0","consultar con institución/autor"
"MMA:ICT:0002243",4463088991,-71.791,-45.644,"Lago Thompson. Rio Pollux","Galaxias platei","2006-11-6","2006","OrigenReg: Base de Datos EULA UdeC, FuenteReg: Base Datos 2006",NA,14,"Red Agallera","Juan Jose Ortiz","GPS","2","Centro EULA UDEC Evelyn Habit","MMA2017","45c3d8d2-7352-4dd1-aefd-c21e0b6b004e","CC_BY_NC_4_0","consultar con institución/autor"
"MMA:ICT:0002244",4463088992,-72.722,-46.508,"Lago General Carrera. Bahia Murta. Costeras entre Rio Murta y Rio Delta","Galaxias platei","2006-11-28","2006","OrigenReg: Base de Datos EULA UdeC, FuenteReg: Base Datos 2006",NA,1,"Pesca Electrica","Juan Jose Ortiz","GPS","3","Centro EULA UDEC Evelyn Habit","MMA2017","45c3d8d2-7352-4dd1-aefd-c21e0b6b004e","CC_BY_NC_4_0","consultar con institución/autor"
"MMA:ICT:0002245",4463088995,-72.703,-45.536,"Laguna Alta. Rio Condor y Laguna Riesco en desague","Galaxias platei","2006-11-28","2006","OrigenReg: Base de Datos EULA UdeC, FuenteReg: Base Datos 2006",NA,1,"Pesca Electrica","Juan Jose Ortiz","GPS","3","Centro EULA UDEC Evelyn Habit","MMA2017","45c3d8d2-7352-4dd1-aefd-c21e0b6b004e","CC_BY_NC_4_0","consultar con institución/autor"
"MMA:ICT:0002246",4463088997,-72.677,-45.5,"Lago Riesco. Rio Riesco Entre Desague Laguna Riesco y Rio Aisen (Rio Guaquer)","Galaxias platei","2006-12-4","2006","OrigenReg: Base de Datos EULA UdeC, FuenteReg: Base Datos 2006",NA,9,"Pesca Electrica","Juan Jose Ortiz","GPS","3","Centro EULA UDEC Evelyn Habit","MMA2017","45c3d8d2-7352-4dd1-aefd-c21e0b6b004e","CC_BY_NC_4_0","consultar con institución/autor"
"MMA:ICT:0002247",4463088998,-72.506,-44.233,"Lago Risopatron. Rio Risopatron","Galaxias platei","2006-12-4","2006","OrigenReg: Base de Datos EULA UdeC, FuenteReg: Base Datos 2006",NA,16,"Pesca Electrica","Juan Jose Ortiz","GPS","3","Centro EULA UDEC Evelyn Habit","MMA2017","45c3d8d2-7352-4dd1-aefd-c21e0b6b004e","CC_BY_NC_4_0","consultar con institución/autor"
"MMA:ICT:0002248",4463089001,-72.213,-44.807,"Lago Las Torres. Rio Cisnes entre Arroyo Quemas y Rio Grande Espera","Galaxias platei","2006-12-4","2006","OrigenReg: Base de Datos EULA UdeC, FuenteReg: Base Datos 2006",NA,9,"Pesca Electrica","Juan Jose Ortiz","GPS","3","Centro EULA UDEC Evelyn Habit","MMA2017","45c3d8d2-7352-4dd1-aefd-c21e0b6b004e","CC_BY_NC_4_0","consultar con institución/autor"
"MMA:ICT:0002249",4463089002,-71.801,-45.655,"Lago Thompson. Rio Pollux","Galaxias platei","2007-12-4","2007","OrigenReg: Base de Datos EULA UdeC, FuenteReg: Base Datos 2007",NA,31,"Deep Net","Juan Jose Ortiz","GPS","3","Centro EULA UDEC Evelyn Habit","MMA2017","45c3d8d2-7352-4dd1-aefd-c21e0b6b004e","CC_BY_NC_4_0","consultar con institución/autor"
"MMA:ICT:0002250",4463088965,-71.801,-45.655,"Lago Thompson. Rio Pollux","Galaxias platei","2007-12-6","2007","OrigenReg: Base de Datos EULA UdeC, FuenteReg: Base Datos 2007",NA,4,"Red Encierro","Juan Jose Ortiz","GPS","3","Centro EULA UDEC Evelyn Habit","MMA2017","45c3d8d2-7352-4dd1-aefd-c21e0b6b004e","CC_BY_NC_4_0","consultar con institución/autor"
"MMA:ICT:0002251",4463088966,-71.801,-45.655,"Lago Thompson. Rio Pollux","Galaxias platei","2007-12-6","2007","OrigenReg: Base de Datos EULA UdeC, FuenteReg: Base Datos 2007",NA,8,"Red Agallera","Juan Jose Ortiz","GPS","2","Centro EULA UDEC Evelyn Habit","MMA2017","45c3d8d2-7352-4dd1-aefd-c21e0b6b004e","CC_BY_NC_4_0","consultar con institución/autor"
"MMA:ICT:0002252",4463088968,-72.012,-46.838,"Lago Jeinimeni. Rio Jeinemeni a lo largo frontera","Galaxias platei","2007-12-6","2007","OrigenReg: Base de Datos EULA UdeC, FuenteReg: Base Datos 2007",NA,3,"Red Agallera","Juan Jose Ortiz","GPS","2","Centro EULA UDEC Evelyn Habit","MMA2017","45c3d8d2-7352-4dd1-aefd-c21e0b6b004e","CC_BY_NC_4_0","consultar con institución/autor"
"MMA:ICT:0002253",4463088970,-71.795,-45.646,"Estero Thompson. Rio Pollux","Galaxias platei","2007-12-6","2007","OrigenReg: Base de Datos EULA UdeC, FuenteReg: Base Datos 2007",NA,4,"Pesca Electrica","Juan Jose Ortiz","GPS","3","Centro EULA UDEC Evelyn Habit","MMA2017","45c3d8d2-7352-4dd1-aefd-c21e0b6b004e","CC_BY_NC_4_0","consultar con institución/autor"
"MMA:ICT:0002254",4463088973,-72.939,-47.471,"Estero Lago Largo. Rio de Los Ñadis Entre Arriba Estero El Corral y Rio Baker","Galaxias platei","2008-12-6","2008","OrigenReg: Base de Datos EULA UdeC, FuenteReg: Base Datos 2008",NA,13,"Pesca Electrica","Juan Jose Ortiz","GPS","3","Centro EULA UDEC Evelyn Habit","MMA2017","45c3d8d2-7352-4dd1-aefd-c21e0b6b004e","CC_BY_NC_4_0","consultar con institución/autor"
"MMA:ICT:0002255",4463088975,-72.803,-47.468,"Lago Largo. En Playa. Rio Baker Entre Rio de la Colonia y Rio de los Ñadis","Galaxias platei","2008-12-6","2008","OrigenReg: Base de Datos EULA UdeC, FuenteReg: Base Datos 2008",NA,16,"Red Encierro","Juan Jose Ortiz","GPS","3","Centro EULA UDEC Evelyn Habit","MMA2017","45c3d8d2-7352-4dd1-aefd-c21e0b6b004e","CC_BY_NC_4_0","consultar con institución/autor"
"MMA:ICT:0002256",4463088976,-72.514,-47.256,"Laguna Maldonado. Lago y Rio Cochrane","Galaxias platei","2008-12-6","2008","OrigenReg: Base de Datos EULA UdeC, FuenteReg: Base Datos 2008",NA,12,"Pesca Electrica","Juan Jose Ortiz","GPS","3","Centro EULA UDEC Evelyn Habit","MMA2017","45c3d8d2-7352-4dd1-aefd-c21e0b6b004e","CC_BY_NC_4_0","consultar con institución/autor"
"MMA:ICT:0002257",4463088978,-68.944,-53.974,"Lago Blanco. Lago Blanco y Rio Blanco","Galaxias platei","2008-12-6","2008","OrigenReg: Base de Datos EULA UdeC, FuenteReg: Base Datos 2008",NA,6,"Red Agallera","Jorge Gonzalez","GPS","2","Centro EULA UDEC Evelyn Habit","MMA2017","45c3d8d2-7352-4dd1-aefd-c21e0b6b004e","CC_BY_NC_4_0","consultar con institución/autor"
"MMA:ICT:0002258",4463088980,-68.763,-54.372,"Lago Deseado. Lago Deseado y afluentes Rio de la Turba o Menende","Galaxias platei","2008-12-6","2008","OrigenReg: Base de Datos EULA UdeC, FuenteReg: Base Datos 2008",NA,4,"Red Agallera","Jorge Gonzalez","GPS","2","Centro EULA UDEC Evelyn Habit","MMA2017","45c3d8d2-7352-4dd1-aefd-c21e0b6b004e","CC_BY_NC_4_0","consultar con institución/autor"
"MMA:ICT:0002259",4463088981,-68.901,-54.026,"Laguna Melliza Oeste. Lago Blanco y Rio Blanco","Galaxias platei","2008-12-6","2008","OrigenReg: Base de Datos EULA UdeC, FuenteReg: Base Datos 2008",NA,70,"Red Encierro","Jorge Gonzalez","GPS","3","Centro EULA UDEC Evelyn Habit","MMA2017","45c3d8d2-7352-4dd1-aefd-c21e0b6b004e","CC_BY_NC_4_0","consultar con institución/autor"
"MMA:ICT:0002260",4463088945,-73.201,-47.7,"Rio Baker. Aguas Abajo Rio Vargas. Rio Baker Entre Rio Ventisquero y Bajo Rio del Paso","Galaxias platei","2008-12-6","2008","OrigenReg: Base de Datos EULA UdeC, FuenteReg: Base Datos 2008",NA,1,"Pesca Electrica","Priscila Piedra","GPS","3","Centro EULA UDEC Evelyn Habit","MMA2017","45c3d8d2-7352-4dd1-aefd-c21e0b6b004e","CC_BY_NC_4_0","consultar con institución/autor"
"MMA:ICT:0002261",4463088947,-72.633,-47.203,"Rio Baker. Balsa Baker. Rio Baker entre Rio Chacabuco y Rio de la Colonia","Galaxias platei","2008-12-6","2008","OrigenReg: Base de Datos EULA UdeC, FuenteReg: Base Datos 2008",NA,4,"Pesca Electrica","Priscila Piedra","GPS","3","Centro EULA UDEC Evelyn Habit","MMA2017","45c3d8d2-7352-4dd1-aefd-c21e0b6b004e","CC_BY_NC_4_0","consultar con institución/autor"
"MMA:ICT:0002262",4463088948,-73.503,-47.791,"Rio Baker. Brazo Chico. Rio Baker entre Rio del Paso y desembocadura","Galaxias platei","2008-12-6","2008","OrigenReg: Base de Datos EULA UdeC, FuenteReg: Base Datos 2008",NA,2,"Pesca Electrica","Priscila Piedra","GPS","3","Centro EULA UDEC Evelyn Habit","MMA2017","45c3d8d2-7352-4dd1-aefd-c21e0b6b004e","CC_BY_NC_4_0","consultar con institución/autor"
"MMA:ICT:0002263",4463088951,-72.947,-47.466,"Rio Baker. Los Nadis. Rio Baker Entre Rio de la Colonia y Rio de los Ñadis","Galaxias platei","2008-12-6","2008","OrigenReg: Base de Datos EULA UdeC, FuenteReg: Base Datos 2008",NA,5,"Red Encierro","Priscila Piedra","GPS","3","Centro EULA UDEC Evelyn Habit","MMA2017","45c3d8d2-7352-4dd1-aefd-c21e0b6b004e","CC_BY_NC_4_0","consultar con institución/autor"
"MMA:ICT:0002264",4463088953,-72.947,-47.466,"Rio Baker. Los Nadis. Rio Baker Entre Rio de la Colonia y Rio de los Ñadis","Galaxias platei","2008-12-6","2008","OrigenReg: Base de Datos EULA UdeC, FuenteReg: Base Datos 2008",NA,2,"Pesca Electrica","Priscila Piedra","GPS","3","Centro EULA UDEC Evelyn Habit","MMA2017","45c3d8d2-7352-4dd1-aefd-c21e0b6b004e","CC_BY_NC_4_0","consultar con institución/autor"
"MMA:ICT:0002265",4463088954,-72.45,-47.256,"Lago Cochrane. Lago y Rio Cochrane","Galaxias platei","2008-12-6","2008","OrigenReg: Base de Datos EULA UdeC, FuenteReg: Base Datos 2008",NA,8,"Red Agallera","Priscila Piedra","GPS","2","Centro EULA UDEC Evelyn Habit","MMA2017","45c3d8d2-7352-4dd1-aefd-c21e0b6b004e","CC_BY_NC_4_0","consultar con institución/autor"
"MMA:ICT:0002266",4463088956,-72.445,-47.25,"Lago Cochrane. Lago y Rio Cochrane","Galaxias platei","2008-12-6","2008","OrigenReg: Base de Datos EULA UdeC, FuenteReg: Base Datos 2008",NA,9,"Red Agallera","Priscila Piedra","GPS","2","Centro EULA UDEC Evelyn Habit","MMA2017","45c3d8d2-7352-4dd1-aefd-c21e0b6b004e","CC_BY_NC_4_0","consultar con institución/autor"
"MMA:ICT:0002267",4463088958,-72.459,-47.258,"Lago Cochrane. Lago y Rio Cochrane","Galaxias platei","2008-12-6","2008","OrigenReg: Base de Datos EULA UdeC, FuenteReg: Base Datos 2008",NA,23,"Red Agallera","Priscila Piedra","GPS","2","Centro EULA UDEC Evelyn Habit","MMA2017","45c3d8d2-7352-4dd1-aefd-c21e0b6b004e","CC_BY_NC_4_0","consultar con institución/autor"
"MMA:ICT:0002268",4463088961,-72.197,-46.562,"Lago General Carrera. En Fachinal. Costeras entre Rio Jeinemeni y Rio San Jose","Galaxias platei","2008-12-6","2008","OrigenReg: Base de Datos EULA UdeC, FuenteReg: Base Datos 2008",NA,6,"Red Agallera","Priscila Piedra","GPS","2","Centro EULA UDEC Evelyn Habit","MMA2017","45c3d8d2-7352-4dd1-aefd-c21e0b6b004e","CC_BY_NC_4_0","consultar con institución/autor"
"MMA:ICT:0002269",4463088962,-72.596,-47.312,"Laguna Esmeralda. Rio del Salto entre Rio Tranquilo y Rio Baker","Galaxias platei","2008-12-6","2008","OrigenReg: Base de Datos EULA UdeC, FuenteReg: Base Datos 2008",NA,4,"Pesca Electrica","Priscila Piedra","GPS","3","Centro EULA UDEC Evelyn Habit","MMA2017","45c3d8d2-7352-4dd1-aefd-c21e0b6b004e","CC_BY_NC_4_0","consultar con institución/autor"
"MMA:ICT:0002270",4463088923,-72.533,-47.248,"Rio Cochrane. Desague Lago. Lago y Rio Cochrane","Galaxias platei","2008-12-6","2008","OrigenReg: Base de Datos EULA UdeC, FuenteReg: Base Datos 2008",NA,3,"Pesca Electrica","Priscila Piedra","GPS","3","Centro EULA UDEC Evelyn Habit","MMA2017","45c3d8d2-7352-4dd1-aefd-c21e0b6b004e","CC_BY_NC_4_0","consultar con institución/autor"
"MMA:ICT:0002271",4463088924,-73.01,-51.063,"Lago Nordenskjold. L Nordenskjold cerca a Salto Grande. Lagos Nordenkjold y Pehoe y Rio Paine en Desembocadura","Galaxias platei","2009-12-6","2009","OrigenReg: Base de Datos EULA UdeC, FuenteReg: Base Datos 2009",NA,2,"Pesca Electrica","Jorge Gonzalez","GPS","3","Centro EULA UDEC Evelyn Habit","MMA2017","45c3d8d2-7352-4dd1-aefd-c21e0b6b004e","CC_BY_NC_4_0","consultar con institución/autor"
"MMA:ICT:0002272",4463088925,-72.93,-51.043,"Lago Nordenskjold. L Nordenskjold en Paso de la Muerte. Lagos Nordenkjold y Pehoe y Rio Paine en Desembocadura","Galaxias platei","2009-12-6","2009","OrigenReg: Base de Datos EULA UdeC, FuenteReg: Base Datos 2009",NA,3,"Pesca Electrica","Jorge Gonzalez","GPS","3","Centro EULA UDEC Evelyn Habit","MMA2017","45c3d8d2-7352-4dd1-aefd-c21e0b6b004e","CC_BY_NC_4_0","consultar con institución/autor"
"MMA:ICT:0002273",4463088926,-72.93,-51.043,"Lago Nordenskjold. L Nordenskjold en Paso de la Muerte. Lagos Nordenkjold y Pehoe y Rio Paine en Desembocadura","Galaxias platei","2009-12-6","2009","OrigenReg: Base de Datos EULA UdeC, FuenteReg: Base Datos 2009",NA,14,"Red Agallera","Jorge Gonzalez","GPS","2","Centro EULA UDEC Evelyn Habit","MMA2017","45c3d8d2-7352-4dd1-aefd-c21e0b6b004e","CC_BY_NC_4_0","consultar con institución/autor"
"MMA:ICT:0002274",4463088927,-72.992,-51.062,"Lago Pehoe. En Pudeto. Lagos Nordenkjold y Pehoe y Rio Paine en Desembocadura","Galaxias platei","2009-12-6","2009","OrigenReg: Base de Datos EULA UdeC, FuenteReg: Base Datos 2009",NA,13,"Pesca Electrica","Jorge Gonzalez","GPS","3","Centro EULA UDEC Evelyn Habit","MMA2017","45c3d8d2-7352-4dd1-aefd-c21e0b6b004e","CC_BY_NC_4_0","consultar con institución/autor"
"MMA:ICT:0002275",4463088929,-72.992,-51.108,"Lago Pehoe. Cerca Explora. Lagos Nordenkjold y Pehoe y Rio Paine en Desembocadura","Galaxias platei","2009-12-6","2009","OrigenReg: Base de Datos EULA UdeC, FuenteReg: Base Datos 2009",NA,12,"Red Agallera","Jorge Gonzalez","GPS","2","Centro EULA UDEC Evelyn Habit","MMA2017","45c3d8d2-7352-4dd1-aefd-c21e0b6b004e","CC_BY_NC_4_0","consultar con institución/autor"
"MMA:ICT:0002276",4463088931,-72.799,-51.36,"Lago Porteno. Lago del Toro","Galaxias platei","2009-12-6","2009","OrigenReg: Base de Datos EULA UdeC, FuenteReg: Base Datos 2009",NA,9,"Red Agallera","Jorge Gonzalez","GPS","2","Centro EULA UDEC Evelyn Habit","MMA2017","45c3d8d2-7352-4dd1-aefd-c21e0b6b004e","CC_BY_NC_4_0","consultar con institución/autor"
"MMA:ICT:0002277",4463088932,-72.768,-51.037,"Lago Sarmiento. Bajo Porteria","Galaxias platei","2009-12-6","2009","OrigenReg: Base de Datos EULA UdeC, FuenteReg: Base Datos 2009",NA,6,"Pesca Electrica","Jorge Gonzalez","GPS","3","Centro EULA UDEC Evelyn Habit","MMA2017","45c3d8d2-7352-4dd1-aefd-c21e0b6b004e","CC_BY_NC_4_0","consultar con institución/autor"
"MMA:ICT:0002278",4463088935,-72.954,-51.171,"Lago Toro. Lagos Nordenkjold y Pehoe y Rio Paine en Desembocadura","Galaxias platei","2009-12-6","2009","OrigenReg: Base de Datos EULA UdeC, FuenteReg: Base Datos 2009",NA,6,"Red Agallera","Jorge Gonzalez","GPS","2","Centro EULA UDEC Evelyn Habit","MMA2017","45c3d8d2-7352-4dd1-aefd-c21e0b6b004e","CC_BY_NC_4_0","consultar con institución/autor"
"MMA:ICT:0002279",4463088936,-72.954,-51.171,"Lago Toro. Lagos Nordenkjold y Pehoe y Rio Paine en Desembocadura","Galaxias platei","2009-12-6","2009","OrigenReg: Base de Datos EULA UdeC, FuenteReg: Base Datos 2009",NA,4,"Red Agallera","Jorge Gonzalez","GPS","2","Centro EULA UDEC Evelyn Habit","MMA2017","45c3d8d2-7352-4dd1-aefd-c21e0b6b004e","CC_BY_NC_4_0","consultar con institución/autor"
"MMA:ICT:0002280",4463088922,-72.954,-51.171,"Lago Toro. Lagos Nordenkjold y Pehoe y Rio Paine en Desembocadura","Galaxias platei","2009-12-6","2009","OrigenReg: Base de Datos EULA UdeC, FuenteReg: Base Datos 2009",NA,2,"Red Agallera","Jorge Gonzalez","GPS","2","Centro EULA UDEC Evelyn Habit","MMA2017","45c3d8d2-7352-4dd1-aefd-c21e0b6b004e","CC_BY_NC_4_0","consultar con institución/autor"
"MMA:ICT:0002281",4463088903,-72.915,-51.04,"Lago Vision del Mundo. En Mirador Nordenskjold. Lagos Nordenkjold y Pehoe y Rio Paine en Desembocadura","Galaxias platei","2009-12-6","2009","OrigenReg: Base de Datos EULA UdeC, FuenteReg: Base Datos 2009",NA,4,"Red Encierro","Jorge Gonzalez","GPS","3","Centro EULA UDEC Evelyn Habit","MMA2017","45c3d8d2-7352-4dd1-aefd-c21e0b6b004e","CC_BY_NC_4_0","consultar con institución/autor"
"MMA:ICT:0002282",4463088904,-72.737,-50.879,"Laguna Azul. Rio Paine en desembocadura Lago Nordenskjold","Galaxias platei","2009-12-6","2009","OrigenReg: Base de Datos EULA UdeC, FuenteReg: Base Datos 2009",NA,1,"Pesca Electrica","Jorge Gonzalez","GPS","3","Centro EULA UDEC Evelyn Habit","MMA2017","45c3d8d2-7352-4dd1-aefd-c21e0b6b004e","CC_BY_NC_4_0","consultar con institución/autor"
"MMA:ICT:0002283",4463088905,-72.741,-50.879,"Laguna Azul. Rio Paine en desembocadura Lago Nordenskjold","Galaxias platei","2009-12-6","2009","OrigenReg: Base de Datos EULA UdeC, FuenteReg: Base Datos 2009",NA,19,"Red Agallera","Jorge Gonzalez","GPS","2","Centro EULA UDEC Evelyn Habit","MMA2017","45c3d8d2-7352-4dd1-aefd-c21e0b6b004e","CC_BY_NC_4_0","consultar con institución/autor"
"MMA:ICT:0002284",4463088906,-72.878,-50.979,"Rio Ascencio. Hosteria Las Torres. Lagos Nordenkjold y Pehoe y Rio Paine en Desembocadura","Galaxias platei","2009-2-21","2009","OrigenReg: Base de Datos EULA UdeC, FuenteReg: Base Datos 2009",NA,7,"Pesca Electrica","Jorge Gonzalez","GPS","3","Centro EULA UDEC Evelyn Habit","MMA2017","45c3d8d2-7352-4dd1-aefd-c21e0b6b004e","CC_BY_NC_4_0","consultar con institución/autor"
"MMA:ICT:0002285",4463088907,-72.802,-50.976,"Rio Paine. Porteria Laguna Amarga. Rio Paine en desembocadura Lago Nordenskjold","Galaxias platei","2009-2-21","2009","OrigenReg: Base de Datos EULA UdeC, FuenteReg: Base Datos 2009",NA,9,"Pesca Electrica","Jorge Gonzalez","GPS","3","Centro EULA UDEC Evelyn Habit","MMA2017","45c3d8d2-7352-4dd1-aefd-c21e0b6b004e","CC_BY_NC_4_0","consultar con institución/autor"
"MMA:ICT:0002286",4463088910,-72.921,-50.833,"Rio Victorina. En Lago Paine. Rio Paine en desembocadura Lago Nordenskjold","Galaxias platei","2009-2-21","2009","OrigenReg: Base de Datos EULA UdeC, FuenteReg: Base Datos 2009",NA,8,"Pesca Electrica","Jorge Gonzalez","GPS","3","Centro EULA UDEC Evelyn Habit","MMA2017","45c3d8d2-7352-4dd1-aefd-c21e0b6b004e","CC_BY_NC_4_0","consultar con institución/autor"
"MMA:ICT:0002287",4463088912,-72.908,-45.147,"Lago Yulton. Cerca Laguna Quetro. Costeras entre Punta San Andres y Rio Aisen","Galaxias platei","2009-2-21","2009","OrigenReg: Base de Datos EULA UdeC, FuenteReg: Base Datos 2009",NA,13,"Pesca Electrica","Evelyn Habit","GPS","3","Centro EULA UDEC Evelyn Habit","MMA2017","45c3d8d2-7352-4dd1-aefd-c21e0b6b004e","CC_BY_NC_4_0","consultar con institución/autor"
"MMA:ICT:0002288",4463088913,-72.967,-45.14,"Lago Yulton. Sector CampingPlaya y Desague. Costeras entre Punta San Andres y Rio Aisen","Galaxias platei","2009-2-21","2009","OrigenReg: Base de Datos EULA UdeC, FuenteReg: Base Datos 2009",NA,40,"Pesca Electrica","Evelyn Habit","GPS","3","Centro EULA UDEC Evelyn Habit","MMA2017","45c3d8d2-7352-4dd1-aefd-c21e0b6b004e","CC_BY_NC_4_0","consultar con institución/autor"
"MMA:ICT:0002289",4463088915,-72.908,-45.147,"Lago Yulton. Cerca Laguna Quetro. Costeras entre Punta San Andres y Rio Aisen","Galaxias platei","2009-2-21","2009","OrigenReg: Base de Datos EULA UdeC, FuenteReg: Base Datos 2009",NA,64,"Red Encierro","Evelyn Habit","GPS","3","Centro EULA UDEC Evelyn Habit","MMA2017","45c3d8d2-7352-4dd1-aefd-c21e0b6b004e","CC_BY_NC_4_0","consultar con institución/autor"
"MMA:ICT:0002290",4463088901,-72.913,-45.157,"Laguna Quetro. Desague. Rio de Los Palos en junta Rio Aisen","Galaxias platei","2009-2-21","2009","OrigenReg: Base de Datos EULA UdeC, FuenteReg: Base Datos 2009",NA,1,"Red Agallera","Evelyn Habit","GPS","2","Centro EULA UDEC Evelyn Habit","MMA2017","45c3d8d2-7352-4dd1-aefd-c21e0b6b004e","CC_BY_NC_4_0","consultar con institución/autor"
"MMA:ICT:0002291",4463088902,-72.911,-45.155,"Rio Barrientos. Rio de Los Palos en junta Rio Aisen","Galaxias platei","2009-2-21","2009","OrigenReg: Base de Datos EULA UdeC, FuenteReg: Base Datos 2009",NA,4,"Pesca Electrica","Evelyn Habit","GPS","3","Centro EULA UDEC Evelyn Habit","MMA2017","45c3d8d2-7352-4dd1-aefd-c21e0b6b004e","CC_BY_NC_4_0","consultar con institución/autor"
"MMA:ICT:0002292",4463088883,-72.911,-45.155,"Rio Barrientos. Rio de Los Palos en junta Rio Aisen","Galaxias platei","2009-2-21","2009","OrigenReg: Base de Datos EULA UdeC, FuenteReg: Base Datos 2009",NA,56,"Red Encierro","Evelyn Habit","GPS","3","Centro EULA UDEC Evelyn Habit","MMA2017","45c3d8d2-7352-4dd1-aefd-c21e0b6b004e","CC_BY_NC_4_0","consultar con institución/autor"
"MMA:ICT:0002293",4463088884,-72.012,-46.838,"Lago Jeinimeni. Rio Jeinemeni a lo largo frontera","Galaxias platei","2010-2-21","2010","OrigenReg: Base de Datos EULA UdeC, FuenteReg: Base Datos 2009  2010",NA,1,"Red Agallera","Catterina Sobenes","GPS","2","Centro EULA UDEC Evelyn Habit","MMA2017","45c3d8d2-7352-4dd1-aefd-c21e0b6b004e","CC_BY_NC_4_0","consultar con institución/autor"
"MMA:ICT:0002294",4463088885,-72.012,-46.838,"Lago Jeinimeni. Rio Jeinemeni a lo largo frontera","Galaxias platei","2010-2-21","2010","OrigenReg: Base de Datos EULA UdeC, FuenteReg: Base Datos 2009  2010",NA,25,"Red Agallera","Catterina Sobenes","GPS","2","Centro EULA UDEC Evelyn Habit","MMA2017","45c3d8d2-7352-4dd1-aefd-c21e0b6b004e","CC_BY_NC_4_0","consultar con institución/autor"
"MMA:ICT:0002295",4463088887,-72.012,-46.838,"Lago Jeinimeni. Rio Jeinemeni a lo largo frontera","Galaxias platei","2010-2-21","2010","OrigenReg: Base de Datos EULA UdeC, FuenteReg: Base Datos 2009  2010",NA,2,"Red Agallera","Catterina Sobenes","GPS","2","Centro EULA UDEC Evelyn Habit","MMA2017","45c3d8d2-7352-4dd1-aefd-c21e0b6b004e","CC_BY_NC_4_0","consultar con institución/autor"
"MMA:ICT:0002296",4463088888,-72.012,-46.838,"Lago Jeinimeni. Rio Jeinemeni a lo largo frontera","Galaxias platei","2010-2-21","2010","OrigenReg: Base de Datos EULA UdeC, FuenteReg: Base Datos 2009  2010",NA,2,"Red Agallera","Catterina Sobenes","GPS","2","Centro EULA UDEC Evelyn Habit","MMA2017","45c3d8d2-7352-4dd1-aefd-c21e0b6b004e","CC_BY_NC_4_0","consultar con institución/autor"
"MMA:ICT:0002297",4463088890,-72.012,-46.838,"Lago Jeinimeni. Rio Jeinemeni a lo largo frontera","Galaxias platei","2010-2-21","2010","OrigenReg: Base de Datos EULA UdeC, FuenteReg: Base Datos 2009  2010",NA,9,"Red Agallera","Catterina Sobenes","GPS","2","Centro EULA UDEC Evelyn Habit","MMA2017","45c3d8d2-7352-4dd1-aefd-c21e0b6b004e","CC_BY_NC_4_0","consultar con institución/autor"
"MMA:ICT:0002298",4463088892,-72.012,-46.838,"Lago Jeinimeni. Rio Jeinemeni a lo largo frontera","Galaxias platei","2010-2-21","2010","OrigenReg: Base de Datos EULA UdeC, FuenteReg: Base Datos 2009  2010",NA,2,"Red Agallera","Catterina Sobenes","GPS","2","Centro EULA UDEC Evelyn Habit","MMA2017","45c3d8d2-7352-4dd1-aefd-c21e0b6b004e","CC_BY_NC_4_0","consultar con institución/autor"
"MMA:ICT:0002299",4463088895,-72.012,-46.838,"Lago Jeinimeni. Rio Jeinemeni a lo largo frontera","Galaxias platei","2010-2-21","2010","OrigenReg: Base de Datos EULA UdeC, FuenteReg: Base Datos 2009  2010",NA,3,"Red Agallera","Catterina Sobenes","GPS","2","Centro EULA UDEC Evelyn Habit","MMA2017","45c3d8d2-7352-4dd1-aefd-c21e0b6b004e","CC_BY_NC_4_0","consultar con institución/autor"
"MMA:ICT:0002300",4463088435,-72.594,-47.305,"Laguna Esmeralda. Rio del Salto entre Rio Tranquilo y Rio Baker","Galaxias platei","2009-2-21","2009","OrigenReg: Base de Datos EULA UdeC, FuenteReg: Base Datos 2009  2010",NA,2,"Pesca Electrica","Catterina Sobenes","GPS","3","Centro EULA UDEC Evelyn Habit","MMA2017","45c3d8d2-7352-4dd1-aefd-c21e0b6b004e","CC_BY_NC_4_0","consultar con institución/autor"
"MMA:ICT:0002301",4463088439,-72.594,-47.305,"Laguna Esmeralda. Rio del Salto entre Rio Tranquilo y Rio Baker","Galaxias platei","2009-2-21","2009","OrigenReg: Base de Datos EULA UdeC, FuenteReg: Base Datos 2009  2010",NA,2,"Pesca Electrica","Catterina Sobenes","GPS","3","Centro EULA UDEC Evelyn Habit","MMA2017","45c3d8d2-7352-4dd1-aefd-c21e0b6b004e","CC_BY_NC_4_0","consultar con institución/autor"
"MMA:ICT:0002302",4463088441,-72.594,-47.305,"Laguna Esmeralda. Rio del Salto entre Rio Tranquilo y Rio Baker","Galaxias platei","2009-2-21","2009","OrigenReg: Base de Datos EULA UdeC, FuenteReg: Base Datos 2009  2010",NA,3,"Pesca Electrica","Catterina Sobenes","GPS","3","Centro EULA UDEC Evelyn Habit","MMA2017","45c3d8d2-7352-4dd1-aefd-c21e0b6b004e","CC_BY_NC_4_0","consultar con institución/autor"
"MMA:ICT:0002303",4463088444,-72.594,-47.305,"Laguna Esmeralda. Rio del Salto entre Rio Tranquilo y Rio Baker","Galaxias platei","2009-2-21","2009","OrigenReg: Base de Datos EULA UdeC, FuenteReg: Base Datos 2009  2010",NA,4,"Pesca Electrica","Catterina Sobenes","GPS","3","Centro EULA UDEC Evelyn Habit","MMA2017","45c3d8d2-7352-4dd1-aefd-c21e0b6b004e","CC_BY_NC_4_0","consultar con institución/autor"
"MMA:ICT:0002304",4463088447,-72.594,-47.305,"Laguna Esmeralda. Rio del Salto entre Rio Tranquilo y Rio Baker","Galaxias platei","2010-2-21","2010","OrigenReg: Base de Datos EULA UdeC, FuenteReg: Base Datos 2009  2010",NA,6,"Pesca Electrica","Catterina Sobenes","GPS","3","Centro EULA UDEC Evelyn Habit","MMA2017","45c3d8d2-7352-4dd1-aefd-c21e0b6b004e","CC_BY_NC_4_0","consultar con institución/autor"
"MMA:ICT:0002305",4463088452,-72.594,-47.305,"Laguna Esmeralda. Rio del Salto entre Rio Tranquilo y Rio Baker","Galaxias platei","2010-2-21","2010","OrigenReg: Base de Datos EULA UdeC, FuenteReg: Base Datos 2009  2010",NA,4,"Pesca Electrica","Catterina Sobenes","GPS","3","Centro EULA UDEC Evelyn Habit","MMA2017","45c3d8d2-7352-4dd1-aefd-c21e0b6b004e","CC_BY_NC_4_0","consultar con institución/autor"
"MMA:ICT:0002306",4463088453,-72.594,-47.305,"Laguna Esmeralda. Rio del Salto entre Rio Tranquilo y Rio Baker","Galaxias platei","2010-2-21","2010","OrigenReg: Base de Datos EULA UdeC, FuenteReg: Base Datos 2009  2010",NA,2,"Pesca Electrica","Catterina Sobenes","GPS","3","Centro EULA UDEC Evelyn Habit","MMA2017","45c3d8d2-7352-4dd1-aefd-c21e0b6b004e","CC_BY_NC_4_0","consultar con institución/autor"
"MMA:ICT:0002307",4463088458,-72.594,-47.305,"Laguna Esmeralda. Rio del Salto entre Rio Tranquilo y Rio Baker","Galaxias platei","2010-2-21","2010","OrigenReg: Base de Datos EULA UdeC, FuenteReg: Base Datos 2009  2010",NA,3,"Pesca Electrica","Catterina Sobenes","GPS","3","Centro EULA UDEC Evelyn Habit","MMA2017","45c3d8d2-7352-4dd1-aefd-c21e0b6b004e","CC_BY_NC_4_0","consultar con institución/autor"
"MMA:ICT:0002308",4463088429,-72.594,-47.305,"Laguna Esmeralda. Rio del Salto entre Rio Tranquilo y Rio Baker","Galaxias platei","2010-2-21","2010","OrigenReg: Base de Datos EULA UdeC, FuenteReg: Base Datos 2009  2010",NA,2,"Pesca Electrica","Catterina Sobenes","GPS","3","Centro EULA UDEC Evelyn Habit","MMA2017","45c3d8d2-7352-4dd1-aefd-c21e0b6b004e","CC_BY_NC_4_0","consultar con institución/autor"
"MMA:ICT:0002309",4463088431,-72.594,-47.305,"Laguna Esmeralda. Rio del Salto entre Rio Tranquilo y Rio Baker","Galaxias platei","2010-2-21","2010","OrigenReg: Base de Datos EULA UdeC, FuenteReg: Base Datos 2009  2010",NA,2,"Pesca Electrica","Catterina Sobenes","GPS","3","Centro EULA UDEC Evelyn Habit","MMA2017","45c3d8d2-7352-4dd1-aefd-c21e0b6b004e","CC_BY_NC_4_0","consultar con institución/autor"
"MMA:ICT:0002310",4463088404,-72.594,-47.305,"Laguna Esmeralda. Rio del Salto entre Rio Tranquilo y Rio Baker","Galaxias platei","2009-2-21","2009","OrigenReg: Base de Datos EULA UdeC, FuenteReg: Base Datos 2009  2010",NA,1,"Red Agallera","Catterina Sobenes","GPS","2","Centro EULA UDEC Evelyn Habit","MMA2017","45c3d8d2-7352-4dd1-aefd-c21e0b6b004e","CC_BY_NC_4_0","consultar con institución/autor"
"MMA:ICT:0002311",4463088406,-72.594,-47.305,"Laguna Esmeralda. Rio del Salto entre Rio Tranquilo y Rio Baker","Galaxias platei","2009-2-21","2009","OrigenReg: Base de Datos EULA UdeC, FuenteReg: Base Datos 2009  2010",NA,3,"Red Agallera","Catterina Sobenes","GPS","2","Centro EULA UDEC Evelyn Habit","MMA2017","45c3d8d2-7352-4dd1-aefd-c21e0b6b004e","CC_BY_NC_4_0","consultar con institución/autor"
"MMA:ICT:0002312",4463088411,-72.594,-47.305,"Laguna Esmeralda. Rio del Salto entre Rio Tranquilo y Rio Baker","Galaxias platei","2009-2-21","2009","OrigenReg: Base de Datos EULA UdeC, FuenteReg: Base Datos 2009  2010",NA,2,"Red Agallera","Catterina Sobenes","GPS","2","Centro EULA UDEC Evelyn Habit","MMA2017","45c3d8d2-7352-4dd1-aefd-c21e0b6b004e","CC_BY_NC_4_0","consultar con institución/autor"
"MMA:ICT:0002313",4463088412,-72.594,-47.305,"Laguna Esmeralda. Rio del Salto entre Rio Tranquilo y Rio Baker","Galaxias platei","2010-2-21","2010","OrigenReg: Base de Datos EULA UdeC, FuenteReg: Base Datos 2009  2010",NA,2,"Red Agallera","Catterina Sobenes","GPS","2","Centro EULA UDEC Evelyn Habit","MMA2017","45c3d8d2-7352-4dd1-aefd-c21e0b6b004e","CC_BY_NC_4_0","consultar con institución/autor"
"MMA:ICT:0002314",4463088415,-72.594,-47.305,"Laguna Esmeralda. Rio del Salto entre Rio Tranquilo y Rio Baker","Galaxias platei","2010-2-21","2010","OrigenReg: Base de Datos EULA UdeC, FuenteReg: Base Datos 2009  2010",NA,3,"Red Agallera","Catterina Sobenes","GPS","2","Centro EULA UDEC Evelyn Habit","MMA2017","45c3d8d2-7352-4dd1-aefd-c21e0b6b004e","CC_BY_NC_4_0","consultar con institución/autor"
"MMA:ICT:0002315",4463088418,-72.594,-47.305,"Laguna Esmeralda. Rio del Salto entre Rio Tranquilo y Rio Baker","Galaxias platei","2010-8-14","2010","OrigenReg: Base de Datos EULA UdeC, FuenteReg: Base Datos 2009  2010",NA,7,"Red Agallera","Catterina Sobenes","GPS","2","Centro EULA UDEC Evelyn Habit","MMA2017","45c3d8d2-7352-4dd1-aefd-c21e0b6b004e","CC_BY_NC_4_0","consultar con institución/autor"
"MMA:ICT:0002316",4463088423,-72.594,-47.305,"Laguna Esmeralda. Rio del Salto entre Rio Tranquilo y Rio Baker","Galaxias platei","2010-8-14","2010","OrigenReg: Base de Datos EULA UdeC, FuenteReg: Base Datos 2009  2010",NA,1,"Red Agallera","Catterina Sobenes","GPS","2","Centro EULA UDEC Evelyn Habit","MMA2017","45c3d8d2-7352-4dd1-aefd-c21e0b6b004e","CC_BY_NC_4_0","consultar con institución/autor"
"MMA:ICT:0002317",4463088424,-72.594,-47.305,"Laguna Esmeralda. Rio del Salto entre Rio Tranquilo y Rio Baker","Galaxias platei","2010-8-14","2010","OrigenReg: Base de Datos EULA UdeC, FuenteReg: Base Datos 2009  2010",NA,54,"Red Encierro","Catterina Sobenes","GPS","3","Centro EULA UDEC Evelyn Habit","MMA2017","45c3d8d2-7352-4dd1-aefd-c21e0b6b004e","CC_BY_NC_4_0","consultar con institución/autor"
"MMA:ICT:0002318",4463088427,-72.594,-47.305,"Laguna Esmeralda. Rio del Salto entre Rio Tranquilo y Rio Baker","Galaxias platei","2010-8-14","2010","OrigenReg: Base de Datos EULA UdeC, FuenteReg: Base Datos 2009  2010",NA,4,"Red Encierro","Catterina Sobenes","GPS","3","Centro EULA UDEC Evelyn Habit","MMA2017","45c3d8d2-7352-4dd1-aefd-c21e0b6b004e","CC_BY_NC_4_0","consultar con institución/autor"
"MMA:ICT:0002319",4463088399,-73.073,-50.878,"Lago Dickson. Rio Paine en desembocadura Lago Nordenskjold","Galaxias platei","2011-8-14","2011","OrigenReg: Base de Datos EULA UdeC, FuenteReg: Base Datos 2011",NA,51,"Pesca Electrica","Jorge Gonzalez","GPS","3","Centro EULA UDEC Evelyn Habit","MMA2017","45c3d8d2-7352-4dd1-aefd-c21e0b6b004e","CC_BY_NC_4_0","consultar con institución/autor"
"MMA:ICT:0002320",4463088372,-73.073,-50.878,"Lago Dickson. Rio Paine en desembocadura Lago Nordenskjold","Galaxias platei","2011-8-14","2011","OrigenReg: Base de Datos EULA UdeC, FuenteReg: Base Datos 2011",NA,18,"Red Agallera","Jorge Gonzalez","GPS","2","Centro EULA UDEC Evelyn Habit","MMA2017","45c3d8d2-7352-4dd1-aefd-c21e0b6b004e","CC_BY_NC_4_0","consultar con institución/autor"
"MMA:ICT:0002321",4463088375,-72.93,-51.043,"Lago Nordenskjold. Lagos Nordenkjold y Pehoe y Rio Paine en Desembocadura","Galaxias platei","2011-8-14","2011","OrigenReg: Base de Datos EULA UdeC, FuenteReg: Base Datos 2011",NA,26,"Pesca Electrica","Jorge Gonzalez","GPS","3","Centro EULA UDEC Evelyn Habit","MMA2017","45c3d8d2-7352-4dd1-aefd-c21e0b6b004e","CC_BY_NC_4_0","consultar con institución/autor"
"MMA:ICT:0002322",4463088378,-72.881,-50.979,"Rio Ascencio. Lago Nordenskjold. Lagos Nordenkjold y Pehoe y Rio Paine en Desembocadura","Galaxias platei","2011-8-14","2011","OrigenReg: Base de Datos EULA UdeC, FuenteReg: Base Datos 2011",NA,22,"Pesca Electrica","Jorge Gonzalez","GPS","3","Centro EULA UDEC Evelyn Habit","MMA2017","45c3d8d2-7352-4dd1-aefd-c21e0b6b004e","CC_BY_NC_4_0","consultar con institución/autor"
"MMA:ICT:0002323",4463088381,-72.93,-51.043,"Lago Nordenskjold. Lagos Nordenkjold y Pehoe y Rio Paine en Desembocadura","Galaxias platei","2011-8-14","2011","OrigenReg: Base de Datos EULA UdeC, FuenteReg: Base Datos 2011",NA,26,"Red Agallera","Jorge Gonzalez","GPS","2","Centro EULA UDEC Evelyn Habit","MMA2017","45c3d8d2-7352-4dd1-aefd-c21e0b6b004e","CC_BY_NC_4_0","consultar con institución/autor"
"MMA:ICT:0002324",4463088385,-72.921,-50.833,"RioVictorina. Lago Paine. Rio Paine en desembocadura Lago Nordenskjold","Galaxias platei","2011-8-14","2011","OrigenReg: Base de Datos EULA UdeC, FuenteReg: Base Datos 2011",NA,55,"Pesca Electrica","Jorge Gonzalez","GPS","3","Centro EULA UDEC Evelyn Habit","MMA2017","45c3d8d2-7352-4dd1-aefd-c21e0b6b004e","CC_BY_NC_4_0","consultar con institución/autor"
"MMA:ICT:0002325",4463088389,-72.989,-51.109,"Lago Pehoe. En Pudeto. Lagos Nordenkjold y Pehoe y Rio Paine en Desembocadura","Galaxias platei","2011-8-14","2011","OrigenReg: Base de Datos EULA UdeC, FuenteReg: Base Datos 2011",NA,23,"Pesca Electrica","Jorge Gonzalez","GPS","3","Centro EULA UDEC Evelyn Habit","MMA2017","45c3d8d2-7352-4dd1-aefd-c21e0b6b004e","CC_BY_NC_4_0","consultar con institución/autor"
"MMA:ICT:0002326",4463088390,-72.989,-51.109,"Lago Pehoe. En Camping. Lagos Nordenkjold y Pehoe y Rio Paine en Desembocadura","Galaxias platei","2011-8-14","2011","OrigenReg: Base de Datos EULA UdeC, FuenteReg: Base Datos 2011",NA,1,"Pesca Electrica","Jorge Gonzalez","GPS","3","Centro EULA UDEC Evelyn Habit","MMA2017","45c3d8d2-7352-4dd1-aefd-c21e0b6b004e","CC_BY_NC_4_0","consultar con institución/autor"
"MMA:ICT:0002327",4463088393,-72.989,-51.109,"Lago Pehoe. Lagos Nordenkjold y Pehoe y Rio Paine en Desembocadura","Galaxias platei","2011-8-14","2011","OrigenReg: Base de Datos EULA UdeC, FuenteReg: Base Datos 2011",NA,50,"Red Agallera","Jorge Gonzalez","GPS","2","Centro EULA UDEC Evelyn Habit","MMA2017","45c3d8d2-7352-4dd1-aefd-c21e0b6b004e","CC_BY_NC_4_0","consultar con institución/autor"
"MMA:ICT:0002328",4463088396,-72.747,-50.872,"Laguna Azul. Rio Paine en desembocadura Lago Nordenskjold","Galaxias platei","2011-8-14","2011","OrigenReg: Base de Datos EULA UdeC, FuenteReg: Base Datos 2011",NA,36,"Pesca Electrica","Jorge Gonzalez","GPS","3","Centro EULA UDEC Evelyn Habit","MMA2017","45c3d8d2-7352-4dd1-aefd-c21e0b6b004e","CC_BY_NC_4_0","consultar con institución/autor"
"MMA:ICT:0002329",4463088397,-72.747,-50.872,"Laguna Azul. Rio Paine en desembocadura Lago Nordenskjold","Galaxias platei","2011-8-14","2011","OrigenReg: Base de Datos EULA UdeC, FuenteReg: Base Datos 2011",NA,37,"Red Agallera","Jorge Gonzalez","GPS","2","Centro EULA UDEC Evelyn Habit","MMA2017","45c3d8d2-7352-4dd1-aefd-c21e0b6b004e","CC_BY_NC_4_0","consultar con institución/autor"
"MMA:ICT:0002330",4463088332,-72.954,-51.175,"Lago Toro. Lago del Toro","Galaxias platei","2011-8-14","2011","OrigenReg: Base de Datos EULA UdeC, FuenteReg: Base Datos 2011",NA,2,"Red Agallera","Jorge Gonzalez","GPS","2","Centro EULA UDEC Evelyn Habit","MMA2017","45c3d8d2-7352-4dd1-aefd-c21e0b6b004e","CC_BY_NC_4_0","consultar con institución/autor"
"MMA:ICT:0002333",4463088346,-72.4,-41.139,"Lago Todos los Santos. Lago Todos Los Santos","Galaxias platei","2013-8-14","2013","OrigenReg: Base de Datos EULA UdeC, FuenteReg: Base Datos 2013",NA,1,"Pesca Electrica","Jorge Gonzalez","GPS","3","Centro EULA UDEC Evelyn Habit","MMA2017","45c3d8d2-7352-4dd1-aefd-c21e0b6b004e","CC_BY_NC_4_0","consultar con institución/autor"
"MMA:ICT:0002334",4463088350,-72.4,-41.139,"Lago Todos los Santos. Lago Todos Los Santos","Galaxias platei","2013-8-14","2013","OrigenReg: Base de Datos EULA UdeC, FuenteReg: Base Datos 2013",NA,2,"Pesca Electrica","Jorge Gonzalez","GPS","3","Centro EULA UDEC Evelyn Habit","MMA2017","45c3d8d2-7352-4dd1-aefd-c21e0b6b004e","CC_BY_NC_4_0","consultar con institución/autor"
"MMA:ICT:0002362",4463088246,-73.243,-51.883,"Lago Los Acantilados. Bahia de Los Huiros. Peninsula Roca al norte del Fiordo Resi","Galaxias platei","2014-12-7","2014","OrigenReg: Base de Datos EULA UdeC, FuenteReg: Base Datos 2014",NA,19,"Red Encierro","Evelyn Habit","GPS","3","Centro EULA UDEC Evelyn Habit","MMA2017","45c3d8d2-7352-4dd1-aefd-c21e0b6b004e","CC_BY_NC_4_0","consultar con institución/autor"
"MMA:ICT:0002363",4463088248,-71.842,-41.983,"Lago Azul. Rio Puelo entre Arroyo Ventisquero y bajo Rio Negro","Galaxias platei","2008-12-7","2008","OrigenReg: Base de Datos EULA UdeC, FuenteReg: Base Datos 2008",NA,37,"Pesca Electrica","Evelyn Habit","GPS","3","Centro EULA UDEC Evelyn Habit","MMA2017","45c3d8d2-7352-4dd1-aefd-c21e0b6b004e","CC_BY_NC_4_0","consultar con institución/autor"
"MMA:ICT:0002364",4463088252,-71.842,-41.983,"Lago Azul. Rio Puelo entre Arroyo Ventisquero y bajo Rio Negro","Galaxias platei","2008-12-7","2008","OrigenReg: Base de Datos EULA UdeC, FuenteReg: Base Datos 2008",NA,31,"Pesca Electrica","Evelyn Habit","GPS","3","Centro EULA UDEC Evelyn Habit","MMA2017","45c3d8d2-7352-4dd1-aefd-c21e0b6b004e","CC_BY_NC_4_0","consultar con institución/autor"
"MMA:ICT:0002365",4463088255,-71.844,-41.983,"Lago Azul. Cerca Estero Correntoso. Rio Puelo entre Arroyo Ventisquero y bajo Rio Negro","Galaxias platei","2008-2-22","2008","OrigenReg: Base de Datos EULA UdeC, FuenteReg: Base Datos 2008",NA,5,"Pesca Electrica","Evelyn Habit","GPS","3","Centro EULA UDEC Evelyn Habit","MMA2017","45c3d8d2-7352-4dd1-aefd-c21e0b6b004e","CC_BY_NC_4_0","consultar con institución/autor"
"MMA:ICT:0002366",4463088257,-71.788,-42.091,"Lago InfeRior. Rio Puelo entre frontera y Rio Ventisquero","Galaxias platei","2008-2-22","2008","OrigenReg: Base de Datos EULA UdeC, FuenteReg: Base Datos 2008",NA,7,"Pesca Electrica","Evelyn Habit","GPS","3","Centro EULA UDEC Evelyn Habit","MMA2017","45c3d8d2-7352-4dd1-aefd-c21e0b6b004e","CC_BY_NC_4_0","consultar con institución/autor"
"MMA:ICT:0002367",4463088261,-71.814,-42.081,"Lago InfeRior. Casa Mexicano. Rio Puelo entre frontera y Rio Ventisquero","Galaxias platei","2008-2-22","2008","OrigenReg: Base de Datos EULA UdeC, FuenteReg: Base Datos 2008",NA,73,"Pesca Electrica","Evelyn Habit","GPS","3","Centro EULA UDEC Evelyn Habit","MMA2017","45c3d8d2-7352-4dd1-aefd-c21e0b6b004e","CC_BY_NC_4_0","consultar con institución/autor"
"MMA:ICT:0002368",4463088263,-72.183,-41.641,"Lago Victoria. Rio Puelo Entre Rio Manso y Desague Laguna Tagua Tagua","Galaxias platei","2008-2-22","2008","OrigenReg: Base de Datos EULA UdeC, FuenteReg: Base Datos 2008",NA,11,"Pesca Electrica","Evelyn Habit","GPS","3","Centro EULA UDEC Evelyn Habit","MMA2017","45c3d8d2-7352-4dd1-aefd-c21e0b6b004e","CC_BY_NC_4_0","consultar con institución/autor"
"MMA:ICT:0002369",4463088265,-71.829,-42.008,"Lago Las Rocas. En CabaNa. Rio Puelo entre Arroyo Ventisquero y bajo Rio Negro","Galaxias platei","2008-2-22","2008","OrigenReg: Base de Datos EULA UdeC, FuenteReg: Base Datos 2008",NA,52,"Pesca Electrica","Evelyn Habit","GPS","3","Centro EULA UDEC Evelyn Habit","MMA2017","45c3d8d2-7352-4dd1-aefd-c21e0b6b004e","CC_BY_NC_4_0","consultar con institución/autor"
"MMA:ICT:0002370",4463088219,-71.829,-42.007,"Lago Las Rocas. En Embarcadero. Rio Puelo entre Arroyo Ventisquero y bajo Rio Negro","Galaxias platei","2008-2-22","2008","OrigenReg: Base de Datos EULA UdeC, FuenteReg: Base Datos 2008",NA,48,"Pesca Electrica","Evelyn Habit","GPS","3","Centro EULA UDEC Evelyn Habit","MMA2017","45c3d8d2-7352-4dd1-aefd-c21e0b6b004e","CC_BY_NC_4_0","consultar con institución/autor"
"MMA:ICT:0002371",4463088221,-71.863,-42.01,"Rio Desague Lago Las Rocas. Cataratas. Rio Puelo entre Arroyo Ventisquero y bajo Rio Negro","Galaxias platei","2008-2-22","2008","OrigenReg: Base de Datos EULA UdeC, FuenteReg: Base Datos 2008",NA,8,"Pesca Electrica","Evelyn Habit","GPS","3","Centro EULA UDEC Evelyn Habit","MMA2017","45c3d8d2-7352-4dd1-aefd-c21e0b6b004e","CC_BY_NC_4_0","consultar con institución/autor"
"MMA:ICT:0002372",4463088222,-72.317,-41.67,"Rio La Division. Desagua Lago Candelaria. Rio Puelo Entre Desague Laguna Tagua Tagua y Desembocadura","Galaxias platei","2008-2-22","2008","OrigenReg: Base de Datos EULA UdeC, FuenteReg: Base Datos 2008",NA,2,"Pesca Electrica","Evelyn Habit","GPS","3","Centro EULA UDEC Evelyn Habit","MMA2017","45c3d8d2-7352-4dd1-aefd-c21e0b6b004e","CC_BY_NC_4_0","consultar con institución/autor"
"MMA:ICT:0002373",4463088225,-72.308,-41.657,"Rio Puelo. Aguas Abajo Puente Puelo. Rio Puelo Entre Desague Laguna Tagua Tagua y Desembocadura","Galaxias platei","2008-2-22","2008","OrigenReg: Base de Datos EULA UdeC, FuenteReg: Base Datos 2008",NA,2,"Pesca Electrica","Evelyn Habit","GPS","3","Centro EULA UDEC Evelyn Habit","MMA2017","45c3d8d2-7352-4dd1-aefd-c21e0b6b004e","CC_BY_NC_4_0","consultar con institución/autor"
"MMA:ICT:0002374",4463088227,-72.169,-41.644,"Rio Puelo. En Desague Lago Tagua Tagua. Rio Puelo Entre Rio Manso y Desague Laguna Tagua Tagua","Galaxias platei","2008-2-22","2008","OrigenReg: Base de Datos EULA UdeC, FuenteReg: Base Datos 2008",NA,5,"Pesca Electrica","Evelyn Habit","GPS","3","Centro EULA UDEC Evelyn Habit","MMA2017","45c3d8d2-7352-4dd1-aefd-c21e0b6b004e","CC_BY_NC_4_0","consultar con institución/autor"
"MMA:ICT:0002375",4463088228,-71.821,-42.035,"Rio TributaRio Lago Las Rocas. Rio Puelo entre Arroyo Ventisquero y bajo Rio Negro","Galaxias platei","2008-8-15","2008","OrigenReg: Base de Datos EULA UdeC, FuenteReg: Base Datos 2008",NA,20,"Pesca Electrica","Evelyn Habit","GPS","3","Centro EULA UDEC Evelyn Habit","MMA2017","45c3d8d2-7352-4dd1-aefd-c21e0b6b004e","CC_BY_NC_4_0","consultar con institución/autor"
"MMA:ICT:0002376",4463088231,-72.183,-41.641,"Lago Victoria. Rio Puelo Entre Rio Manso y Desague Laguna Tagua Tagua","Galaxias platei","2008-8-15","2008","OrigenReg: Base de Datos EULA UdeC, FuenteReg: Base Datos 2008",NA,2,"Red Agallera","Evelyn Habit","GPS","2","Centro EULA UDEC Evelyn Habit","MMA2017","45c3d8d2-7352-4dd1-aefd-c21e0b6b004e","CC_BY_NC_4_0","consultar con institución/autor"
"MMA:ICT:0002377",4463088233,-72.183,-41.641,"Lago Victoria. Rio Puelo Entre Rio Manso y Desague Laguna Tagua Tagua","Galaxias platei","2008-8-15","2008","OrigenReg: Base de Datos EULA UdeC, FuenteReg: Base Datos 2008",NA,1,"Red Agallera","Evelyn Habit","GPS","2","Centro EULA UDEC Evelyn Habit","MMA2017","45c3d8d2-7352-4dd1-aefd-c21e0b6b004e","CC_BY_NC_4_0","consultar con institución/autor"
"MMA:ICT:0002388",4463088215,-72.589,-45.423,"Rio Riesco Entre Desague Laguna Riesco y Rio Aisen (Rio Guaquer)","Galaxias platei","2008-1-18","2008","","Mandante:  XSTRATA Estacion:  SW-RB-10",1,"P.eléctrica","Manuel Contreras",NA,"Colecta","Centro de Ecología Aplicada LTDA (Leopoldo Fuentes)","MMA2017","45c3d8d2-7352-4dd1-aefd-c21e0b6b004e","CC_BY_NC_4_0","consultar con institución/autor"
"MMA:ICT:0002389",4463088217,-72.589,-45.423,"Rio Riesco Entre Desague Laguna Riesco y Rio Aisen (Rio Guaquer)","Galaxias platei","2008-6-24","2008","","Mandante:  XSTRATA Estacion:  SW-RB-10",3,"P.eléctrica","Luis Vega",NA,"Colecta","Centro de Ecología Aplicada LTDA (Leopoldo Fuentes)","MMA2017","45c3d8d2-7352-4dd1-aefd-c21e0b6b004e","CC_BY_NC_4_0","consultar con institución/autor"
"MMA:ICT:0002390",4463088198,-72.678,-45.498,"Rio Condor y Laguna Riesco en desague","Galaxias platei","2008-1-19","2008","","Mandante:  XSTRATA Estacion:  SW-RI-02",3,"P.eléctrica","Manuel Contreras",NA,"Colecta","Centro de Ecología Aplicada LTDA (Leopoldo Fuentes)","MMA2017","45c3d8d2-7352-4dd1-aefd-c21e0b6b004e","CC_BY_NC_4_0","consultar con institución/autor"
"MMA:ICT:0002391",4463088180,-72.678,-45.498,"Rio Condor y Laguna Riesco en desague","Galaxias platei","2008-6-25","2008","","Mandante:  XSTRATA Estacion:  SW-RI-02",3,"P.eléctrica","Luis Vega",NA,"Colecta","Centro de Ecología Aplicada LTDA (Leopoldo Fuentes)","MMA2017","45c3d8d2-7352-4dd1-aefd-c21e0b6b004e","CC_BY_NC_4_0","consultar con institución/autor"
"MMA:ICT:0002392",4463088181,-72.673,-45.533,"Rio Blanco Entre Rio Cajon Bravo y Desague Laguna Riesco","Galaxias platei","2007-1-15","2007","","Mandante:  XSTRATA Estacion:  SB7",1,"P.eléctrica","Leopoldo Fuentes",NA,"Colecta","Centro de Ecología Aplicada LTDA (Leopoldo Fuentes)","MMA2017","45c3d8d2-7352-4dd1-aefd-c21e0b6b004e","CC_BY_NC_4_0","consultar con institución/autor"
"MMA:ICT:0002393",4463088184,-72.667,-45.54,"Rio Blanco Entre Rio Cajon Bravo y Desague Laguna Riesco","Galaxias platei","2007-1-15","2007","","Mandante:  XSTRATA Estacion:  SB6",1,"P.eléctrica","Leopoldo Fuentes",NA,"Colecta","Centro de Ecología Aplicada LTDA (Leopoldo Fuentes)","MMA2017","45c3d8d2-7352-4dd1-aefd-c21e0b6b004e","CC_BY_NC_4_0","consultar con institución/autor"
"MMA:ICT:0002394",4463088185,-72.581,-45.76,"Rio Blanco Entre Rio Cajon Bravo y Desague Laguna Riesco","Galaxias platei","2008-1-18","2008","","Mandante:  XSTRATA Estacion:  SW-RB-02",1,"P.eléctrica","Manuel Contreras",NA,"Colecta","Centro de Ecología Aplicada LTDA (Leopoldo Fuentes)","MMA2017","45c3d8d2-7352-4dd1-aefd-c21e0b6b004e","CC_BY_NC_4_0","consultar con institución/autor"
"MMA:ICT:0002395",4463088187,-72.484,-45.779,"Desague Lago Elizalde a (Desague L. Caro) Rio Cajon Bravo","Galaxias platei","2008-1-17","2008","","Mandante:  XSTRATA Estacion:  SW-CA-01",3,"P.eléctrica","Manuel Contreras",NA,"Colecta","Centro de Ecología Aplicada LTDA (Leopoldo Fuentes)","MMA2017","45c3d8d2-7352-4dd1-aefd-c21e0b6b004e","CC_BY_NC_4_0","consultar con institución/autor"
"MMA:ICT:0002396",4463088190,-72.193,-46.116,"Rio Ibañez Entre Estero Manso y Bajo Estero Limpio","Galaxias platei","2007-11-24","2007","","Mandante:  ENDESA S.A Estacion:  BCAT2",1,"P.eléctrica","Luis Vega",NA,"Colecta","Centro de Ecología Aplicada LTDA (Leopoldo Fuentes)","MMA2017","45c3d8d2-7352-4dd1-aefd-c21e0b6b004e","CC_BY_NC_4_0","consultar con institución/autor"
"MMA:ICT:0002397",4463088192,-72.714,-46.442,"Rio Murta","Galaxias platei","2007-11-24","2007","","Mandante:  ENDESA S.A Estacion:  BCAT3",5,"P.eléctrica","Luis Vega",NA,"Colecta","Centro de Ecología Aplicada LTDA (Leopoldo Fuentes)","MMA2017","45c3d8d2-7352-4dd1-aefd-c21e0b6b004e","CC_BY_NC_4_0","consultar con institución/autor"
"MMA:ICT:0002398",4463088193,-72.714,-46.442,"Rio Murta","Galaxias platei","2008-1-28","2008","","Mandante:  ENDESA S.A Estacion:  BCAT3",2,"P.eléctrica","Luis Vega",NA,"Colecta","Centro de Ecología Aplicada LTDA (Leopoldo Fuentes)","MMA2017","45c3d8d2-7352-4dd1-aefd-c21e0b6b004e","CC_BY_NC_4_0","consultar con institución/autor"
"MMA:ICT:0002399",4463088195,-72.714,-46.442,"Rio Murta","Galaxias platei","2008-4-29","2008","","Mandante:  ENDESA S.A Estacion:  BCAT3",3,"P.eléctrica","Luis Vega",NA,"Colecta","Centro de Ecología Aplicada LTDA (Leopoldo Fuentes)","MMA2017","45c3d8d2-7352-4dd1-aefd-c21e0b6b004e","CC_BY_NC_4_0","consultar con institución/autor"
"MMA:ICT:0002400",4463090401,-72.714,-46.442,"Rio Murta","Galaxias platei","2009-1-5","2009","","Mandante:  ENDESA S.A Estacion:  BCAT3",1,"P.eléctrica","Roberto Bestard",NA,"Colecta","Centro de Ecología Aplicada LTDA (Leopoldo Fuentes)","MMA2017","45c3d8d2-7352-4dd1-aefd-c21e0b6b004e","CC_BY_NC_4_0","consultar con institución/autor"
"MMA:ICT:0002401",4463090404,-72.714,-46.443,"Rio Murta","Galaxias platei","2012-8-13","2012","","Mandante:  ENDESA S.A. Estacion:  BCAT 3",5,"P.eléctrica","Luis Vega",NA,"Colecta","Centro de Ecología Aplicada LTDA (Leopoldo Fuentes)","MMA2017","45c3d8d2-7352-4dd1-aefd-c21e0b6b004e","CC_BY_NC_4_0","consultar con institución/autor"
"MMA:ICT:0002402",4463090405,-72.702,-46.84,"Costeras Entre Rio San Jose y Desague Lago Jose Miguel Carrera","Galaxias platei","2007-9-15","2007","","Mandante:  ENDESA S.A Estacion:  BCAT6",3,"P.eléctrica","Leopoldo Fuentes",NA,"Colecta","Centro de Ecología Aplicada LTDA (Leopoldo Fuentes)","MMA2017","45c3d8d2-7352-4dd1-aefd-c21e0b6b004e","CC_BY_NC_4_0","consultar con institución/autor"
"MMA:ICT:0002403",4463090407,-72.803,-46.844,"Costeras Entre Rio Delta y Desague Lago Jose Miguel Carrera","Galaxias platei","2007-9-15","2007","","Mandante:  ENDESA S.A Estacion:  BCAT8",1,"P.eléctrica","Leopoldo Fuentes",NA,"Colecta","Centro de Ecología Aplicada LTDA (Leopoldo Fuentes)","MMA2017","45c3d8d2-7352-4dd1-aefd-c21e0b6b004e","CC_BY_NC_4_0","consultar con institución/autor"
"MMA:ICT:0002404",4463090409,-72.803,-46.845,"Costeras Entre Rio Delta y Desague Lago Jose Miguel Carrera","Galaxias platei","2011-11-9","2011","","Mandante:  ENDESA S.A. Estacion:  BCAT 8",1,"P.eléctrica","Roberto Bestard",NA,"Colecta","Centro de Ecología Aplicada LTDA (Leopoldo Fuentes)","MMA2017","45c3d8d2-7352-4dd1-aefd-c21e0b6b004e","CC_BY_NC_4_0","consultar con institución/autor"
"MMA:ICT:0002405",4463090411,-72.771,-46.896,"Costeras Entre Rio San Jose y Desague Lago Jose Miguel Carrera","Galaxias platei","2007-11-25","2007","","Mandante:  ENDESA S.A Estacion:  BCAT9",1,"P.eléctrica","Leopoldo Fuentes",NA,"Colecta","Centro de Ecología Aplicada LTDA (Leopoldo Fuentes)","MMA2017","45c3d8d2-7352-4dd1-aefd-c21e0b6b004e","CC_BY_NC_4_0","consultar con institución/autor"
"MMA:ICT:0002406",4463090413,-72.771,-46.896,"Costeras Entre Rio San Jose y Desague Lago Jose Miguel Carrera","Galaxias platei","2008-4-29","2008","","Mandante:  ENDESA S.A Estacion:  BCAT9",1,"P.eléctrica","Luis Vega",NA,"Colecta","Centro de Ecología Aplicada LTDA (Leopoldo Fuentes)","MMA2017","45c3d8d2-7352-4dd1-aefd-c21e0b6b004e","CC_BY_NC_4_0","consultar con institución/autor"
"MMA:ICT:0002407",4463090395,-72.832,-47.015,"Rio Baker Entre Desague Lago Bertrand y Rio Chacabuco","Galaxias platei","2008-4","2008","","Mandante:  ENDESA S.A Estacion:  BCAT12",2,"P.eléctrica","Luis Vega",NA,"Colecta","Centro de Ecología Aplicada LTDA (Leopoldo Fuentes)","MMA2017","45c3d8d2-7352-4dd1-aefd-c21e0b6b004e","CC_BY_NC_4_0","consultar con institución/autor"
"MMA:ICT:0002408",4463090397,-72.831,-47.015,"Rio Baker Entre Desague Lago Bertrand y Rio Chacabuco","Galaxias platei","2012-8-13","2012","","Mandante:  ENDESA S.A. Estacion:  BCAT12",1,"Espinel","Roberto Bestard",NA,"Colecta","Centro de Ecología Aplicada LTDA (Leopoldo Fuentes)","MMA2017","45c3d8d2-7352-4dd1-aefd-c21e0b6b004e","CC_BY_NC_4_0","consultar con institución/autor"
"MMA:ICT:0002409",4463090399,-72.695,-47.132,"Rio Baker Entre Desague Lago Bertrand y Rio Chacabuco","Galaxias platei","2008-1-29","2008","","Mandante:  ENDESA S.A Estacion:  BCAT16",5,"P.eléctrica","Roberto Bestard",NA,"Colecta","Centro de Ecología Aplicada LTDA (Leopoldo Fuentes)","MMA2017","45c3d8d2-7352-4dd1-aefd-c21e0b6b004e","CC_BY_NC_4_0","consultar con institución/autor"
"MMA:ICT:0002410",4463090379,-72.695,-47.132,"Rio Baker Entre Desague Lago Bertrand y Rio Chacabuco","Galaxias platei","2009-1-7","2009","","Mandante:  ENDESA S.A Estacion:  BCAT16",2,"P.eléctrica","Luis Vega",NA,"Colecta","Centro de Ecología Aplicada LTDA (Leopoldo Fuentes)","MMA2017","45c3d8d2-7352-4dd1-aefd-c21e0b6b004e","CC_BY_NC_4_0","consultar con institución/autor"
"MMA:ICT:0002411",4463090382,-72.613,-47.131,"Rio Baker Entre Desague Lago Bertrand y Rio Chacabuco","Galaxias platei","2007-1-6","2007","","Mandante:  ENDESA S.A Estacion:  B7",1,"P.eléctrica","Luis Vega",NA,"Colecta","Centro de Ecología Aplicada LTDA (Leopoldo Fuentes)","MMA2017","45c3d8d2-7352-4dd1-aefd-c21e0b6b004e","CC_BY_NC_4_0","consultar con institución/autor"
"MMA:ICT:0002412",4463090383,-72.708,-47.133,"Rio Baker Entre Desague Lago Bertrand y Rio Chacabuco","Galaxias platei","2011-11-11","2011","","Mandante:  ENDESA S.A. Estacion:  B5",15,"P.eléctrica","Roberto Bestard",NA,"Colecta","Centro de Ecología Aplicada LTDA (Leopoldo Fuentes)","MMA2017","45c3d8d2-7352-4dd1-aefd-c21e0b6b004e","CC_BY_NC_4_0","consultar con institución/autor"
"MMA:ICT:0002413",4463090385,-72.708,-47.133,"Rio Baker Entre Desague Lago Bertrand y Rio Chacabuco","Galaxias platei","2012-8-14","2012","","Mandante:  ENDESA S.A. Estacion:  B5",1,"P.eléctrica","Roberto Bestard",NA,"Colecta","Centro de Ecología Aplicada LTDA (Leopoldo Fuentes)","MMA2017","45c3d8d2-7352-4dd1-aefd-c21e0b6b004e","CC_BY_NC_4_0","consultar con institución/autor"
"MMA:ICT:0002414",4463090387,-72.628,-47.199,"Rio Baker entre Rio Chacabuco y Rio de la Colonia","Galaxias platei","2012-1-17","2012","","Mandante:  ENDESA S.A. Estacion:  B8",4,"P.eléctrica","Roberto Bestard",NA,"Colecta","Centro de Ecología Aplicada LTDA (Leopoldo Fuentes)","MMA2017","45c3d8d2-7352-4dd1-aefd-c21e0b6b004e","CC_BY_NC_4_0","consultar con institución/autor"
"MMA:ICT:0002415",4463090390,-72.628,-47.199,"Rio Baker entre Rio Chacabuco y Rio de la Colonia","Galaxias platei","2012-8-15","2012","","Mandante:  ENDESA S.A. Estacion:  B8",6,"P.eléctrica","Roberto Bestard",NA,"Colecta","Centro de Ecología Aplicada LTDA (Leopoldo Fuentes)","MMA2017","45c3d8d2-7352-4dd1-aefd-c21e0b6b004e","CC_BY_NC_4_0","consultar con institución/autor"
"MMA:ICT:0002416",4463090391,-72.745,-47.204,"Rio Baker entre Rio Chacabuco y Rio de la Colonia","Galaxias platei","2012-1-17","2012","","Mandante:  ENDESA S.A. Estacion:  L4",1,"P.eléctrica","Luis Vega",NA,"Colecta","Centro de Ecología Aplicada LTDA (Leopoldo Fuentes)","MMA2017","45c3d8d2-7352-4dd1-aefd-c21e0b6b004e","CC_BY_NC_4_0","consultar con institución/autor"
"MMA:ICT:0002417",4463090394,-72.631,-47.202,"Rio Baker entre Rio Chacabuco y Rio de la Colonia","Galaxias platei","2007-9-11","2007","","Mandante:  ENDESA S.A Estacion:  B8.1",8,"P.eléctrica","Leopoldo Fuentes",NA,"Colecta","Centro de Ecología Aplicada LTDA (Leopoldo Fuentes)","MMA2017","45c3d8d2-7352-4dd1-aefd-c21e0b6b004e","CC_BY_NC_4_0","consultar con institución/autor"
"MMA:ICT:0002418",4463090375,-72.631,-47.202,"Rio Baker entre Rio Chacabuco y Rio de la Colonia","Galaxias platei","2008-1-29","2008","","Mandante:  ENDESA S.A Estacion:  B8.1",3,"P.eléctrica","Luis Vega",NA,"Colecta","Centro de Ecología Aplicada LTDA (Leopoldo Fuentes)","MMA2017","45c3d8d2-7352-4dd1-aefd-c21e0b6b004e","CC_BY_NC_4_0","consultar con institución/autor"
"MMA:ICT:0002419",4463090376,-72.631,-47.202,"Rio Baker entre Rio Chacabuco y Rio de la Colonia","Galaxias platei","2008-4-29","2008","","Mandante:  ENDESA S.A Estacion:  B8.1",5,"P.eléctrica","Luis Vega",NA,"Colecta","Centro de Ecología Aplicada LTDA (Leopoldo Fuentes)","MMA2017","45c3d8d2-7352-4dd1-aefd-c21e0b6b004e","CC_BY_NC_4_0","consultar con institución/autor"
"MMA:ICT:0002420",4463090357,-72.631,-47.202,"Rio Baker entre Rio Chacabuco y Rio de la Colonia","Galaxias platei","2009-1-7","2009","","Mandante:  ENDESA S.A Estacion:  B8",1,"P.eléctrica","Roberto Bestard",NA,"Colecta","Centro de Ecología Aplicada LTDA (Leopoldo Fuentes)","MMA2017","45c3d8d2-7352-4dd1-aefd-c21e0b6b004e","CC_BY_NC_4_0","consultar con institución/autor"
"MMA:ICT:0002421",4463090360,-72.631,-47.202,"Rio Baker entre Rio Chacabuco y Rio de la Colonia","Galaxias platei","2010-3-19","2010","","Mandante:  ENDESA S.A. Estacion:  B8.1",2,"P.eléctrica","Roberto Bestard",NA,"Colecta","Centro de Ecología Aplicada LTDA (Leopoldo Fuentes)","MMA2017","45c3d8d2-7352-4dd1-aefd-c21e0b6b004e","CC_BY_NC_4_0","consultar con institución/autor"
"MMA:ICT:0002422",4463090361,-72.631,-47.202,"Rio Baker entre Rio Chacabuco y Rio de la Colonia","Galaxias platei","2010-8-25","2010","","Mandante:  ENDESA S.A. Estacion:  B8.1",4,"Espinel","Roberto Bestard",NA,"Colecta","Centro de Ecología Aplicada LTDA (Leopoldo Fuentes)","MMA2017","45c3d8d2-7352-4dd1-aefd-c21e0b6b004e","CC_BY_NC_4_0","consultar con institución/autor"
"MMA:ICT:0002423",4463090364,-72.632,-47.211,"Rio Baker entre Rio Chacabuco y Rio de la Colonia","Galaxias platei","2011-11-12","2011","","Mandante:  ENDESA S.A. Estacion:  B8.1",2,"P.eléctrica","Roberto Bestard",NA,"Colecta","Centro de Ecología Aplicada LTDA (Leopoldo Fuentes)","MMA2017","45c3d8d2-7352-4dd1-aefd-c21e0b6b004e","CC_BY_NC_4_0","consultar con institución/autor"
"MMA:ICT:0002424",4463090366,-72.204,-47.218,"Lago y Rio Cochrane","Galaxias platei","2012-8-15","2012","","Mandante:  ENDESA S.A. Estacion:  L7",2,"Espinel","Roberto Bestard",NA,"Colecta","Centro de Ecología Aplicada LTDA (Leopoldo Fuentes)","MMA2017","45c3d8d2-7352-4dd1-aefd-c21e0b6b004e","CC_BY_NC_4_0","consultar con institución/autor"
"MMA:ICT:0002425",4463090367,-72.645,-47.229,"Rio Baker entre Rio Chacabuco y Rio de la Colonia","Galaxias platei","2009-1-7","2009","","Mandante:  ENDESA S.A Estacion:  B8.2",1,"P.eléctrica","Roberto Bestard",NA,"Colecta","Centro de Ecología Aplicada LTDA (Leopoldo Fuentes)","MMA2017","45c3d8d2-7352-4dd1-aefd-c21e0b6b004e","CC_BY_NC_4_0","consultar con institución/autor"
"MMA:ICT:0002426",4463090369,-72.642,-47.229,"Rio Baker entre Rio Chacabuco y Rio de la Colonia","Galaxias platei","2012-1-17","2012","","Mandante:  ENDESA S.A. Estacion:  B8.2",3,"P.eléctrica","Luis Vega",NA,"Colecta","Centro de Ecología Aplicada LTDA (Leopoldo Fuentes)","MMA2017","45c3d8d2-7352-4dd1-aefd-c21e0b6b004e","CC_BY_NC_4_0","consultar con institución/autor"
"MMA:ICT:0002427",4463090371,-72.642,-47.229,"Rio Baker entre Rio Chacabuco y Rio de la Colonia","Galaxias platei","2012-8-15","2012","","Mandante:  ENDESA S.A. Estacion:  B8.2",1,"P.eléctrica","Roberto Bestard",NA,"Colecta","Centro de Ecología Aplicada LTDA (Leopoldo Fuentes)","MMA2017","45c3d8d2-7352-4dd1-aefd-c21e0b6b004e","CC_BY_NC_4_0","consultar con institución/autor"
"MMA:ICT:0002428",4463090373,-72.535,-47.249,"Lago y Rio Cochrane","Galaxias platei","2012-1-18","2012","","Mandante:  ENDESA S.A. Estacion:  BCAT20",1,"P.eléctrica","Roberto Bestard",NA,"Colecta","Centro de Ecología Aplicada LTDA (Leopoldo Fuentes)","MMA2017","45c3d8d2-7352-4dd1-aefd-c21e0b6b004e","CC_BY_NC_4_0","consultar con institución/autor"
"MMA:ICT:0002429",4463090355,-72.535,-47.249,"Lago y Rio Cochrane","Galaxias platei","2012-8-15","2012","","Mandante:  ENDESA S.A. Estacion:  BCAT20",4,"Espinel","Luis Vega",NA,"Colecta","Centro de Ecología Aplicada LTDA (Leopoldo Fuentes)","MMA2017","45c3d8d2-7352-4dd1-aefd-c21e0b6b004e","CC_BY_NC_4_0","consultar con institución/autor"
"MMA:ICT:0002430",4463090327,-72.701,-47.281,"Rio Baker entre Rio Chacabuco y Rio de la Colonia","Galaxias platei","2011-11-13","2011","","Mandante:  ENDESA S.A. Estacion:  B9",1,"P.eléctrica","Roberto Bestard",NA,"Colecta","Centro de Ecología Aplicada LTDA (Leopoldo Fuentes)","MMA2017","45c3d8d2-7352-4dd1-aefd-c21e0b6b004e","CC_BY_NC_4_0","consultar con institución/autor"
"MMA:ICT:0002431",4463090330,-72.583,-47.306,"Rio del Salto entre Rio Tranquilo y Rio Baker","Galaxias platei","2007-9-13","2007","","Mandante:  ENDESA S.A Estacion:  BCAT21",1,"P.eléctrica","Luis Vega",NA,"Colecta","Centro de Ecología Aplicada LTDA (Leopoldo Fuentes)","MMA2017","45c3d8d2-7352-4dd1-aefd-c21e0b6b004e","CC_BY_NC_4_0","consultar con institución/autor"
"MMA:ICT:0002432",4463090332,-72.583,-47.306,"Rio del Salto entre Rio Tranquilo y Rio Baker","Galaxias platei","2007-11-23","2007","","Mandante:  ENDESA S.A Estacion:  BCAT21",3,"P.eléctrica","Leopoldo Fuentes",NA,"Colecta","Centro de Ecología Aplicada LTDA (Leopoldo Fuentes)","MMA2017","45c3d8d2-7352-4dd1-aefd-c21e0b6b004e","CC_BY_NC_4_0","consultar con institución/autor"
"MMA:ICT:0002433",4463090336,-72.583,-47.306,"Rio del Salto entre Rio Tranquilo y Rio Baker","Galaxias platei","2008-4-29","2008","","Mandante:  ENDESA S.A Estacion:  BCAT21",4,"P.eléctrica","Roberto Bestard",NA,"Colecta","Centro de Ecología Aplicada LTDA (Leopoldo Fuentes)","MMA2017","45c3d8d2-7352-4dd1-aefd-c21e0b6b004e","CC_BY_NC_4_0","consultar con institución/autor"
"MMA:ICT:0002434",4463090340,-72.867,-47.313,"Rio Baker Entre Rio de la Colonia y Rio de los Ñadis","Galaxias platei","2012-1-19","2012","","Mandante:  ENDESA S.A. Estacion:  EMBA 2.1",1,"P.eléctrica","Roberto Bestard",NA,"Colecta","Centro de Ecología Aplicada LTDA (Leopoldo Fuentes)","MMA2017","45c3d8d2-7352-4dd1-aefd-c21e0b6b004e","CC_BY_NC_4_0","consultar con institución/autor"
"MMA:ICT:0002435",4463090342,-72.867,-47.313,"Rio Baker Entre Rio de la Colonia y Rio de los Ñadis","Galaxias platei","2012-8-16","2012","","Mandante:  ENDESA S.A. Estacion:  EMBA 2.1",3,"P.eléctrica","Luis Vega",NA,"Colecta","Centro de Ecología Aplicada LTDA (Leopoldo Fuentes)","MMA2017","45c3d8d2-7352-4dd1-aefd-c21e0b6b004e","CC_BY_NC_4_0","consultar con institución/autor"
"MMA:ICT:0002436",4463090345,-72.682,-47.314,"Rio del Salto entre Rio Tranquilo y Rio Baker","Galaxias platei","2007-1-7","2007","","Mandante:  ENDESA S.A Estacion:  TB29",1,"Espinel","Luis Vega",NA,"Colecta","Centro de Ecología Aplicada LTDA (Leopoldo Fuentes)","MMA2017","45c3d8d2-7352-4dd1-aefd-c21e0b6b004e","CC_BY_NC_4_0","consultar con institución/autor"
"MMA:ICT:0002437",4463090348,-72.652,-47.327,"Rio del Salto entre Rio Tranquilo y Rio Baker","Galaxias platei","2010-3","2010","","Mandante:  ENDESA S.A. Estacion:  TB27",1,"P.eléctrica","Roberto Bestard",NA,"Colecta","Centro de Ecología Aplicada LTDA (Leopoldo Fuentes)","MMA2017","45c3d8d2-7352-4dd1-aefd-c21e0b6b004e","CC_BY_NC_4_0","consultar con institución/autor"
"MMA:ICT:0002438",4463090351,-72.652,-47.328,"Rio del Salto entre Rio Tranquilo y Rio Baker","Galaxias platei","2012-8-16","2012","","Mandante:  ENDESA S.A. Estacion:  TB27",1,"P.eléctrica","Roberto Bestard",NA,"Colecta","Centro de Ecología Aplicada LTDA (Leopoldo Fuentes)","MMA2017","45c3d8d2-7352-4dd1-aefd-c21e0b6b004e","CC_BY_NC_4_0","consultar con institución/autor"
"MMA:ICT:0002439",4463090353,-72.714,-47.35,"Rio del Salto entre Rio Tranquilo y Rio Baker","Galaxias platei","2007-9-13","2007","","Mandante:  ENDESA S.A Estacion:  BCAT24",2,"P.eléctrica","Leopoldo Fuentes",NA,"Colecta","Centro de Ecología Aplicada LTDA (Leopoldo Fuentes)","MMA2017","45c3d8d2-7352-4dd1-aefd-c21e0b6b004e","CC_BY_NC_4_0","consultar con institución/autor"
"MMA:ICT:0002440",4463090297,-72.714,-47.35,"Rio del Salto entre Rio Tranquilo y Rio Baker","Galaxias platei","2008-4-29","2008","","Mandante:  ENDESA S.A Estacion:  BCAT24",3,"P.eléctrica","Roberto Bestard",NA,"Colecta","Centro de Ecología Aplicada LTDA (Leopoldo Fuentes)","MMA2017","45c3d8d2-7352-4dd1-aefd-c21e0b6b004e","CC_BY_NC_4_0","consultar con institución/autor"
"MMA:ICT:0002441",4463090298,-72.281,-47.399,"Lago y Rio Cochrane","Galaxias platei","2012-8-17","2012","","Mandante:  ENDESA S.A. Estacion:  L8",1,"P.eléctrica","Luis Vega",NA,"Colecta","Centro de Ecología Aplicada LTDA (Leopoldo Fuentes)","MMA2017","45c3d8d2-7352-4dd1-aefd-c21e0b6b004e","CC_BY_NC_4_0","consultar con institución/autor"
"MMA:ICT:0002442",4463090301,-72.876,-47.415,"Rio Baker Entre Rio de la Colonia y Rio de los Ñadis","Galaxias platei","2012-1","2012","","Mandante:  ENDESA S.A. Estacion:  L12",3,"P.eléctrica","Luis Vega",NA,"Colecta","Centro de Ecología Aplicada LTDA (Leopoldo Fuentes)","MMA2017","45c3d8d2-7352-4dd1-aefd-c21e0b6b004e","CC_BY_NC_4_0","consultar con institución/autor"
"MMA:ICT:0002443",4463090305,-72.895,-47.428,"Rio Baker Entre Rio de la Colonia y Rio de los Ñadis","Galaxias platei","2012-1","2012","","Mandante:  ENDESA S.A. Estacion:  L11",10,"P.eléctrica","Luis Vega",NA,"Colecta","Centro de Ecología Aplicada LTDA (Leopoldo Fuentes)","MMA2017","45c3d8d2-7352-4dd1-aefd-c21e0b6b004e","CC_BY_NC_4_0","consultar con institución/autor"
"MMA:ICT:0002444",4463090307,-72.895,-47.428,"Rio Baker Entre Rio de la Colonia y Rio de los Ñadis","Galaxias platei","2012-8-17","2012","","Mandante:  ENDESA S.A. Estacion:  L11",11,"Espinel","Luis Vega",NA,"Colecta","Centro de Ecología Aplicada LTDA (Leopoldo Fuentes)","MMA2017","45c3d8d2-7352-4dd1-aefd-c21e0b6b004e","CC_BY_NC_4_0","consultar con institución/autor"
"MMA:ICT:0002445",4463090312,-72.927,-47.439,"Rio Baker Entre Rio de la Colonia y Rio de los Ñadis","Galaxias platei","2012-1","2012","","Mandante:  ENDESA S.A. Estacion:  L9",2,"P.eléctrica","Luis Vega",NA,"Colecta","Centro de Ecología Aplicada LTDA (Leopoldo Fuentes)","MMA2017","45c3d8d2-7352-4dd1-aefd-c21e0b6b004e","CC_BY_NC_4_0","consultar con institución/autor"
"MMA:ICT:0002446",4463090315,-72.908,-47.442,"Rio Baker Entre Rio de la Colonia y Rio de los Ñadis","Galaxias platei","2012-1","2012","","Mandante:  ENDESA S.A. Estacion:  L10",12,"P.eléctrica","Luis Vega",NA,"Colecta","Centro de Ecología Aplicada LTDA (Leopoldo Fuentes)","MMA2017","45c3d8d2-7352-4dd1-aefd-c21e0b6b004e","CC_BY_NC_4_0","consultar con institución/autor"
"MMA:ICT:0002447",4463090316,-72.795,-47.453,"Rio Baker Entre Rio de la Colonia y Rio de los Ñadis","Galaxias platei","2009-1-8","2009","","Mandante:  ENDESA S.A Estacion:  LA 1",3,"Red","Luis Vega",NA,"Colecta","Centro de Ecología Aplicada LTDA (Leopoldo Fuentes)","MMA2017","45c3d8d2-7352-4dd1-aefd-c21e0b6b004e","CC_BY_NC_4_0","consultar con institución/autor"
"MMA:ICT:0002448",4463090321,-72.795,-47.453,"Rio Baker Entre Rio de la Colonia y Rio de los Ñadis","Galaxias platei","2009-1-12","2009","","Mandante:  ENDESA S.A Estacion:  LA 1",1,"Espinel","Luis Vega",NA,"Colecta","Centro de Ecología Aplicada LTDA (Leopoldo Fuentes)","MMA2017","45c3d8d2-7352-4dd1-aefd-c21e0b6b004e","CC_BY_NC_4_0","consultar con institución/autor"
"MMA:ICT:0002449",4463090322,-72.803,-47.469,"Rio Baker Entre Rio de la Colonia y Rio de los Ñadis","Galaxias platei","2007-9-13","2007","","Mandante:  ENDESA S.A Estacion:  BCAT25",1,"P.eléctrica","Leopoldo Fuentes",NA,"Colecta","Centro de Ecología Aplicada LTDA (Leopoldo Fuentes)","MMA2017","45c3d8d2-7352-4dd1-aefd-c21e0b6b004e","CC_BY_NC_4_0","consultar con institución/autor"
"MMA:ICT:0002450",4463090266,-72.803,-47.469,"Rio Baker Entre Rio de la Colonia y Rio de los Ñadis","Galaxias platei","2008-1-29","2008","","Mandante:  ENDESA S.A Estacion:  BCAT25",2,"P.eléctrica","Roberto Bestard",NA,"Colecta","Centro de Ecología Aplicada LTDA (Leopoldo Fuentes)","MMA2017","45c3d8d2-7352-4dd1-aefd-c21e0b6b004e","CC_BY_NC_4_0","consultar con institución/autor"
"MMA:ICT:0002451",4463090269,-72.803,-47.469,"Rio Baker Entre Rio de la Colonia y Rio de los Ñadis","Galaxias platei","2008-4-29","2008","","Mandante:  ENDESA S.A Estacion:  BCAT25",5,"P.eléctrica","Roberto Bestard",NA,"Colecta","Centro de Ecología Aplicada LTDA (Leopoldo Fuentes)","MMA2017","45c3d8d2-7352-4dd1-aefd-c21e0b6b004e","CC_BY_NC_4_0","consultar con institución/autor"
"MMA:ICT:0002452",4463090272,-72.803,-47.469,"Rio Baker Entre Rio de la Colonia y Rio de los Ñadis","Galaxias platei","2007-9-16","2007","","Mandante:  ENDESA S.A Estacion:  BCAT25",1,"Espinel","Luis Vega",NA,"Colecta","Centro de Ecología Aplicada LTDA (Leopoldo Fuentes)","MMA2017","45c3d8d2-7352-4dd1-aefd-c21e0b6b004e","CC_BY_NC_4_0","consultar con institución/autor"
"MMA:ICT:0002453",4463090275,-72.803,-47.469,"Rio Baker Entre Rio de la Colonia y Rio de los Ñadis","Galaxias platei","2007-11-26","2007","","Mandante:  ENDESA S.A Estacion:  BCAT25",1,"Espinel","Leopoldo Fuentes",NA,"Colecta","Centro de Ecología Aplicada LTDA (Leopoldo Fuentes)","MMA2017","45c3d8d2-7352-4dd1-aefd-c21e0b6b004e","CC_BY_NC_4_0","consultar con institución/autor"
"MMA:ICT:0002454",4463090277,-72.803,-47.469,"Rio Baker Entre Rio de la Colonia y Rio de los Ñadis","Galaxias platei","2008-1-29","2008","","Mandante:  ENDESA S.A Estacion:  BCAT25",2,"Espinel","Roberto Bestard",NA,"Colecta","Centro de Ecología Aplicada LTDA (Leopoldo Fuentes)","MMA2017","45c3d8d2-7352-4dd1-aefd-c21e0b6b004e","CC_BY_NC_4_0","consultar con institución/autor"
"MMA:ICT:0002455",4463090280,-72.803,-47.469,"Rio Baker Entre Rio de la Colonia y Rio de los Ñadis","Galaxias platei","2008-4-29","2008","","Mandante:  ENDESA S.A Estacion:  BCAT25",1,"Espinel","Roberto Bestard",NA,"Colecta","Centro de Ecología Aplicada LTDA (Leopoldo Fuentes)","MMA2017","45c3d8d2-7352-4dd1-aefd-c21e0b6b004e","CC_BY_NC_4_0","consultar con institución/autor"
"MMA:ICT:0002456",4463090284,-72.947,-47.475,"Rio Baker Entre Rio de Los Ñadis y Rio Ventisquero","Galaxias platei","2011-11-14","2011","","Mandante:  ENDESA S.A. Estacion:  EMBA 2.2",1,"P.eléctrica","Roberto Bestard",NA,"Colecta","Centro de Ecología Aplicada LTDA (Leopoldo Fuentes)","MMA2017","45c3d8d2-7352-4dd1-aefd-c21e0b6b004e","CC_BY_NC_4_0","consultar con institución/autor"
"MMA:ICT:0002457",4463090287,-72.95,-47.478,"Rio Baker Entre Rio de Los Ñadis y Rio Ventisquero","Galaxias platei","2011-11-14","2011","","Mandante:  ENDESA S.A. Estacion:  B14",2,"P.eléctrica","Roberto Bestard",NA,"Colecta","Centro de Ecología Aplicada LTDA (Leopoldo Fuentes)","MMA2017","45c3d8d2-7352-4dd1-aefd-c21e0b6b004e","CC_BY_NC_4_0","consultar con institución/autor"
"MMA:ICT:0002458",4463090289,-72.538,-47.477,"Rio del Salto bajo Rio Tranquilo","Galaxias platei","2012-8-17","2012","","Mandante:  ENDESA S.A. Estacion:  L1",1,"P.eléctrica","Luis Vega",NA,"Colecta","Centro de Ecología Aplicada LTDA (Leopoldo Fuentes)","MMA2017","45c3d8d2-7352-4dd1-aefd-c21e0b6b004e","CC_BY_NC_4_0","consultar con institución/autor"
"MMA:ICT:0002459",4463090292,-72.864,-47.513,"Rio de Los Ñadis Entre Arriba Estero El Corral y Rio Baker","Galaxias platei","2007-9-16","2007","","Mandante:  ENDESA S.A Estacion:  BCAT26",1,"Espinel","Luis Vega",NA,"Colecta","Centro de Ecología Aplicada LTDA (Leopoldo Fuentes)","MMA2017","45c3d8d2-7352-4dd1-aefd-c21e0b6b004e","CC_BY_NC_4_0","consultar con institución/autor"
"MMA:ICT:0002460",4463090236,-73.086,-47.548,"Rio Baker Entre Rio de Los Ñadis y Rio Ventisquero","Galaxias platei","2010-8-26","2010","","Mandante:  ENDESA S.A. Estacion:  B16",1,"P.eléctrica","Roberto Bestard",NA,"Colecta","Centro de Ecología Aplicada LTDA (Leopoldo Fuentes)","MMA2017","45c3d8d2-7352-4dd1-aefd-c21e0b6b004e","CC_BY_NC_4_0","consultar con institución/autor"
"MMA:ICT:0002461",4463090239,-73.08,-47.551,"Rio Baker Entre Rio de Los Ñadis y Rio Ventisquero","Galaxias platei","2011-11-14","2011","","Mandante:  ENDESA S.A. Estacion:  B16",1,"P.eléctrica","Roberto Bestard",NA,"Colecta","Centro de Ecología Aplicada LTDA (Leopoldo Fuentes)","MMA2017","45c3d8d2-7352-4dd1-aefd-c21e0b6b004e","CC_BY_NC_4_0","consultar con institución/autor"
"MMA:ICT:0002462",4463090242,-73.57,-47.794,"Rio Baker entre Rio del Paso y desembocadura","Galaxias platei","2010-8-28","2010","","Mandante:  ENDESA S.A. Estacion:  EB44.1",1,"P.eléctrica","Roberto Bestard",NA,"Colecta","Centro de Ecología Aplicada LTDA (Leopoldo Fuentes)","MMA2017","45c3d8d2-7352-4dd1-aefd-c21e0b6b004e","CC_BY_NC_4_0","consultar con institución/autor"
"MMA:ICT:0002463",4463090246,-73.109,-48.115,"Rio Pascua entre arriba Rio Quetru y Rio Borquez","Galaxias platei","2012-8-19","2012","","Mandante:  ENDESA S.A. Estacion:  TP 8.3",17,"P.eléctrica","Luis Vega",NA,"Colecta","Centro de Ecología Aplicada LTDA (Leopoldo Fuentes)","MMA2017","45c3d8d2-7352-4dd1-aefd-c21e0b6b004e","CC_BY_NC_4_0","consultar con institución/autor"
"MMA:ICT:0002464",4463090248,-73.082,-48.17,"Rio Pascua Entre Rio G. Quiroz y Rio Quetru","Galaxias platei","2012-8-19","2012","","Mandante:  ENDESA S.A. Estacion:  P5",1,"P.eléctrica","Luis Vega",NA,"Colecta","Centro de Ecología Aplicada LTDA (Leopoldo Fuentes)","MMA2017","45c3d8d2-7352-4dd1-aefd-c21e0b6b004e","CC_BY_NC_4_0","consultar con institución/autor"
"MMA:ICT:0002465",4463090251,-72.957,-48.376,"Rio Pascua entre desague y bajo Rio G. Quiroz","Galaxias platei","2012-8-19","2012","","Mandante:  ENDESA S.A. Estacion:  PCAT 35.4",1,"P.eléctrica","Roberto Bestard",NA,"Colecta","Centro de Ecología Aplicada LTDA (Leopoldo Fuentes)","MMA2017","45c3d8d2-7352-4dd1-aefd-c21e0b6b004e","CC_BY_NC_4_0","consultar con institución/autor"
"MMA:ICT:0002466",4463090253,-72.25,-47.25,"Lago Cochrane, Prov. Capitan Prat, XI Region; Rio Baker drainage. Lago y Rio Cochrane","Galaxias platei","1990-1-27","1990","OrigenReg: Fishnet2, FuenteReg: Colecta BS Dyer",NA,1,NA,"BS Dyer, and A Ormeno",NA,"Voucher","Colecta BS Dyer 1986","MMA2017","45c3d8d2-7352-4dd1-aefd-c21e0b6b004e","CC_BY_NC_4_0","consultar con institución/autor"
"MMA:ICT:0002467",4463090258,-71.683,-46.533,"Lake General Carrera, Bahia Jara, 17 km W of Chile Chico, at mouth of Arroyo or Estero Bano, Prov. General Carrera,*. Costeras entre Rio Jeinemeni y Rio San Jose","Galaxias platei","1990-1-24","1990","OrigenReg: Fishnet2, FuenteReg: Colecta BS Dyer",NA,1,NA,"BS Dyer, M Reyes, and P Jaramillo",NA,"Voucher","Colecta BS Dyer 1986","MMA2017","45c3d8d2-7352-4dd1-aefd-c21e0b6b004e","CC_BY_NC_4_0","consultar con institución/autor"
"MMA:ICT:0002468",4463090261,-72.9117,-45.0808,"Lago Yulton. Costeras entre Punta San Andres y Rio Aisen","Galaxias platei","2008-1-17","2008","OrigenReg: Líneas bases XI CEA Ltda. Agosto 2015, FuenteReg: Líneas bases XI CEA Ltda. Agosto 2015",NA,2,"Espinel","Leopoldo Fuentes",NA,"Colecta","Centro de Ecología Aplicada LTDA (Leopoldo Fuentes)","MMA2017","45c3d8d2-7352-4dd1-aefd-c21e0b6b004e","CC_BY_NC_4_0","consultar con institución/autor"
"MMA:ICT:0002469",4463090263,-72.9117,-45.0808,"Lago Yulton. Costeras entre Punta San Andres y Rio Aisen","Galaxias platei","2008-6-23","2008","OrigenReg: Líneas bases XI CEA Ltda. Agosto 2015, FuenteReg: Líneas bases XI CEA Ltda. Agosto 2015",NA,2,"Espinel","Luis Vega",NA,"Colecta","Centro de Ecología Aplicada LTDA (Leopoldo Fuentes)","MMA2017","45c3d8d2-7352-4dd1-aefd-c21e0b6b004e","CC_BY_NC_4_0","consultar con institución/autor"
"MMA:ICT:0002470",4463090215,-72.9115,-45.146,"Lago Yulton. Costeras entre Punta San Andres y Rio Aisen","Galaxias platei","2008-1-17","2008","OrigenReg: Líneas bases XI CEA Ltda. Agosto 2015, FuenteReg: Líneas bases XI CEA Ltda. Agosto 2015",NA,1,"Espinel","Leopoldo Fuentes",NA,"Colecta","Centro de Ecología Aplicada LTDA (Leopoldo Fuentes)","MMA2017","45c3d8d2-7352-4dd1-aefd-c21e0b6b004e","CC_BY_NC_4_0","consultar con institución/autor"
"MMA:ICT:0002471",4463090217,-72.9559,-45.1157,"Lago Yulton. Costeras entre Punta San Andres y Rio Aisen","Galaxias platei","2008-1-17","2008","OrigenReg: Líneas bases XI CEA Ltda. Agosto 2015, FuenteReg: Líneas bases XI CEA Ltda. Agosto 2015",NA,6,"Espinel","Leopoldo Fuentes",NA,"Colecta","Centro de Ecología Aplicada LTDA (Leopoldo Fuentes)","MMA2017","45c3d8d2-7352-4dd1-aefd-c21e0b6b004e","CC_BY_NC_4_0","consultar con institución/autor"
"MMA:ICT:0002472",4463090219,-72.9559,-45.1157,"Lago Yulton. Costeras entre Punta San Andres y Rio Aisen","Galaxias platei","2008-6-23","2008","OrigenReg: Líneas bases XI CEA Ltda. Agosto 2015, FuenteReg: Líneas bases XI CEA Ltda. Agosto 2015",NA,2,"Espinel","Luis Vega",NA,"Colecta","Centro de Ecología Aplicada LTDA (Leopoldo Fuentes)","MMA2017","45c3d8d2-7352-4dd1-aefd-c21e0b6b004e","CC_BY_NC_4_0","consultar con institución/autor"
"MMA:ICT:0002473",4463090221,-72.9704,-45.1511,"Lago Yulton en río Desague. Costeras entre Punta San Andres y Rio Aisen","Galaxias platei","2008-1-17","2008","OrigenReg: Líneas bases XI CEA Ltda. Agosto 2015, FuenteReg: Líneas bases XI CEA Ltda. Agosto 2015",NA,18,"P. eléctrica","Leopoldo Fuentes",NA,"Colecta","Centro de Ecología Aplicada LTDA (Leopoldo Fuentes)","MMA2017","45c3d8d2-7352-4dd1-aefd-c21e0b6b004e","CC_BY_NC_4_0","consultar con institución/autor"
"MMA:ICT:0002474",4463090223,-72.9161,-45.1576,"Laguna Quetro. Rio de Los Palos en junta Rio Aisen","Galaxias platei","2008-6-23","2008","OrigenReg: Líneas bases XI CEA Ltda. Agosto 2015, FuenteReg: Líneas bases XI CEA Ltda. Agosto 2015",NA,4,"P. eléctrica","Luis Vega",NA,"Colecta","Centro de Ecología Aplicada LTDA (Leopoldo Fuentes)","MMA2017","45c3d8d2-7352-4dd1-aefd-c21e0b6b004e","CC_BY_NC_4_0","consultar con institución/autor"
"MMA:ICT:0002475",4463090225,-73.0384,-45.1266,"Río Macá. Costeras entre Punta San Andres y Rio Aisen","Galaxias platei","2008-1-17","2008","OrigenReg: Líneas bases XI CEA Ltda. Agosto 2015, FuenteReg: Líneas bases XI CEA Ltda. Agosto 2015",NA,1,"Pesca eléctrica","Leopoldo Fuentes",NA,"Colecta","Centro de Ecología Aplicada LTDA (Leopoldo Fuentes)","MMA2017","45c3d8d2-7352-4dd1-aefd-c21e0b6b004e","CC_BY_NC_4_0","consultar con institución/autor"
"MMA:ICT:0002476",4463090227,-73.0055,-45.1474,"Río Macá. Costeras entre Punta San Andres y Rio Aisen","Galaxias platei","2008-1-17","2008","OrigenReg: Líneas bases XI CEA Ltda. Agosto 2015, FuenteReg: Líneas bases XI CEA Ltda. Agosto 2015",NA,6,"P. eléctrica","Leopoldo Fuentes",NA,"Colecta","Centro de Ecología Aplicada LTDA (Leopoldo Fuentes)","MMA2017","45c3d8d2-7352-4dd1-aefd-c21e0b6b004e","CC_BY_NC_4_0","consultar con institución/autor"
"MMA:ICT:0002477",4463090229,-72.9478,-45.0915,"Lago Yulton. Costeras entre Punta San Andres y Rio Aisen","Galaxias platei","2007-1-16","2007","OrigenReg: Líneas bases XI CEA Ltda. Agosto 2015, FuenteReg: Líneas bases XI CEA Ltda. Agosto 2015",NA,5,"P. eléctrica","Leopoldo Fuentes",NA,"Colecta","Centro de Ecología Aplicada LTDA (Leopoldo Fuentes)","MMA2017","45c3d8d2-7352-4dd1-aefd-c21e0b6b004e","CC_BY_NC_4_0","consultar con institución/autor"
"MMA:ICT:0002478",4463090230,-72.9634,-45.1087,"Lago Yulton. Costeras entre Punta San Andres y Rio Aisen","Galaxias platei","2007-1-16","2007","OrigenReg: Líneas bases XI CEA Ltda. Agosto 2015, FuenteReg: Líneas bases XI CEA Ltda. Agosto 2015",NA,2,"P. eléctrica","Leopoldo Fuentes",NA,"Colecta","Centro de Ecología Aplicada LTDA (Leopoldo Fuentes)","MMA2017","45c3d8d2-7352-4dd1-aefd-c21e0b6b004e","CC_BY_NC_4_0","consultar con institución/autor"
"MMA:ICT:0002479",4463090233,-72.972,-45.1343,"Estero que da al Lago Yulton. Costeras entre Punta San Andres y Rio Aisen","Galaxias platei","2007-1-16","2007","OrigenReg: Líneas bases XI CEA Ltda. Agosto 2015, FuenteReg: Líneas bases XI CEA Ltda. Agosto 2015",NA,12,"P. eléctrica","Leopoldo Fuentes",NA,"Colecta","Centro de Ecología Aplicada LTDA (Leopoldo Fuentes)","MMA2017","45c3d8d2-7352-4dd1-aefd-c21e0b6b004e","CC_BY_NC_4_0","consultar con institución/autor"
"MMA:ICT:0002480",4463090195,-72.9076,-45.1471,"Lago Yulton. Costeras entre Punta San Andres y Rio Aisen","Galaxias platei","2008-1-17","2008","OrigenReg: Líneas bases XI CEA Ltda. Agosto 2015, FuenteReg: Líneas bases XI CEA Ltda. Agosto 2015",NA,3,"P. eléctrica","Leopoldo Fuentes",NA,"Colecta","Centro de Ecología Aplicada LTDA (Leopoldo Fuentes)","MMA2017","45c3d8d2-7352-4dd1-aefd-c21e0b6b004e","CC_BY_NC_4_0","consultar con institución/autor"
"MMA:ICT:0002481",4463090196,-72.97,-45.1164,"Lago Yulton. Costeras entre Punta San Andres y Rio Aisen","Galaxias platei","2008-1-17","2008","OrigenReg: Líneas bases XI CEA Ltda. Agosto 2015, FuenteReg: Líneas bases XI CEA Ltda. Agosto 2015",NA,2,"P. eléctrica","Leopoldo Fuentes",NA,"Colecta","Centro de Ecología Aplicada LTDA (Leopoldo Fuentes)","MMA2017","45c3d8d2-7352-4dd1-aefd-c21e0b6b004e","CC_BY_NC_4_0","consultar con institución/autor"
"MMA:ICT:0002482",4463090199,-72.9704,-45.1337,"Lago Yulton Ribera Poniente. Costeras entre Punta San Andres y Rio Aisen","Galaxias platei","2008-1-17","2008","OrigenReg: Líneas bases XI CEA Ltda. Agosto 2015, FuenteReg: Líneas bases XI CEA Ltda. Agosto 2015",NA,1,"P. eléctrica","Leopoldo Fuentes",NA,"Colecta","Centro de Ecología Aplicada LTDA (Leopoldo Fuentes)","MMA2017","45c3d8d2-7352-4dd1-aefd-c21e0b6b004e","CC_BY_NC_4_0","consultar con institución/autor"
"MMA:ICT:0002483",4463090200,-72.9979,-45.68,"Lago Cóndor. Rio y Lago Condor","Galaxias platei","2008-1-18","2008","OrigenReg: Líneas bases XI CEA Ltda. Agosto 2015, FuenteReg: Líneas bases XI CEA Ltda. Agosto 2015",NA,1,"P. eléctrica","Leopoldo Fuentes",NA,"Colecta","Centro de Ecología Aplicada LTDA (Leopoldo Fuentes)","MMA2017","45c3d8d2-7352-4dd1-aefd-c21e0b6b004e","CC_BY_NC_4_0","consultar con institución/autor"
"MMA:ICT:0002484",4463090203,-72.9904,-45.625,"Lago Cóndor. Rio y Lago Condor","Galaxias platei","2008-6-24","2008","OrigenReg: Líneas bases XI CEA Ltda. Agosto 2015, FuenteReg: Líneas bases XI CEA Ltda. Agosto 2015",NA,1,"P. eléctrica","Luis Vega",NA,"Colecta","Centro de Ecología Aplicada LTDA (Leopoldo Fuentes)","MMA2017","45c3d8d2-7352-4dd1-aefd-c21e0b6b004e","CC_BY_NC_4_0","consultar con institución/autor"
"MMA:ICT:0002485",4463090204,-72.133,-45.033,"Lago Pedro Aguirre Cerda. Rio Picaflor hasta Rio Turbio","Galaxias platei",NA,NA,"FuenteReg: Campos et al. 1984",NA,40,NA,NA,NA,"Colecta","Laboratorio Limnología U. de Chile (Irma Vila)","MMA2017","45c3d8d2-7352-4dd1-aefd-c21e0b6b004e","CC_BY_NC_4_0","consultar con institución/autor"
"MMA:ICT:0002486",4463090207,-72.417,-43.167,"Lago Yelcho. Rio Yelcho Entre Desague Lago Yelcho y Rio Amarillo","Galaxias platei",NA,NA,"FuenteReg: Campos et al. 1984",NA,3,NA,NA,NA,"Colecta","Laboratorio Limnología U. de Chile (Irma Vila)","MMA2017","45c3d8d2-7352-4dd1-aefd-c21e0b6b004e","CC_BY_NC_4_0","consultar con institución/autor"
"MMA:ICT:0002487",4463090208,-72.517,-44.233,"Lago Risopatrón. Rio Risopatron","Galaxias platei",NA,NA,"FuenteReg: Campos et al. 1984",NA,28,NA,NA,NA,"Colecta","Laboratorio Limnología U. de Chile (Irma Vila)","MMA2017","45c3d8d2-7352-4dd1-aefd-c21e0b6b004e","CC_BY_NC_4_0","consultar con institución/autor"
"MMA:ICT:0002493",4463090181,-73.705,-42.278,"Río Butalcura. Rio Chepu","Galaxias platei","2002/2003","2002","FuenteReg: Gonzalez 2005",NA,NA,NA,NA,NA,"Colecta","Laboratorio Limnología U. de Chile (Irma Vila)","MMA2017","45c3d8d2-7352-4dd1-aefd-c21e0b6b004e","CC_BY_NC_4_0","consultar con institución/autor"
"MMA:ICT:0002494",4463090183,-73.809,-42.118,"Río Puntra. Rio Chepu","Galaxias platei","2002/2003","2002","FuenteReg: Gonzalez 2005",NA,NA,NA,NA,NA,"Colecta","Laboratorio Limnología U. de Chile (Irma Vila)","MMA2017","45c3d8d2-7352-4dd1-aefd-c21e0b6b004e","CC_BY_NC_4_0","consultar con institución/autor"
"MMA:ICT:0002496",4463090187,-73.709,-42.28,"Río Butalcura. Rio Chepu","Galaxias platei",NA,NA,"FuenteReg: Campos et al. 1984",NA,NA,NA,NA,NA,"Colecta","Laboratorio Limnología U. de Chile (Irma Vila)","MMA2017","45c3d8d2-7352-4dd1-aefd-c21e0b6b004e","CC_BY_NC_4_0","consultar con institución/autor"
"MMA:ICT:0002497",4463090189,-73.811,-42.12,"Río Puntra. Rio Chepu","Galaxias platei",NA,NA,"FuenteReg: Campos et al. 1984",NA,NA,NA,NA,NA,"Colecta","Laboratorio Limnología U. de Chile (Irma Vila)","MMA2017","45c3d8d2-7352-4dd1-aefd-c21e0b6b004e","CC_BY_NC_4_0","consultar con institución/autor"
"MMA:ICT:0002498",4463090191,-73.839,-42.798,"Lago Natri. Costeras Vertientes este Entre Punta Ahoni y Punta Yatac","Galaxias platei",NA,NA,"FuenteReg: Campos et al. 1984",NA,NA,NA,NA,NA,"Colecta","Laboratorio Limnología U. de Chile (Irma Vila)","MMA2017","45c3d8d2-7352-4dd1-aefd-c21e0b6b004e","CC_BY_NC_4_0","consultar con institución/autor"
"MMA:ICT:0002499",4463090193,-72.218,-45.224,"Río Mañihuales. Rio Ñireguao Entre Rio Picaflor y Rio Cañon","Galaxias platei",NA,NA,"FuenteReg: Campos et al. 1984",NA,NA,NA,NA,NA,"Colecta","Laboratorio Limnología U. de Chile (Irma Vila)","MMA2017","45c3d8d2-7352-4dd1-aefd-c21e0b6b004e","CC_BY_NC_4_0","consultar con institución/autor"
"MMA:ICT:0002500",4463089904,-72.33,-45.753,"Lago Elizalde. Desague Lago Elizalde","Galaxias platei",NA,NA,"FuenteReg: Campos et al. 1984",NA,NA,NA,NA,NA,"Colecta","Laboratorio Limnología U. de Chile (Irma Vila)","MMA2017","45c3d8d2-7352-4dd1-aefd-c21e0b6b004e","CC_BY_NC_4_0","consultar con institución/autor"
"MMA:ICT:0002501",4463089906,-71.872,-45.679,"Lago Pollux. Rio Pollux","Galaxias platei",NA,NA,"FuenteReg: Campos et al. 1984",NA,NA,NA,NA,NA,"Colecta","Laboratorio Limnología U. de Chile (Irma Vila)","MMA2017","45c3d8d2-7352-4dd1-aefd-c21e0b6b004e","CC_BY_NC_4_0","consultar con institución/autor"
"MMA:ICT:0002505",4463089913,-72.033,-41.083,"Lago Todos los santos. Lago Todos Los Santos","Galaxias platei",NA,NA,"FuenteReg: McDowall 1971b Estudio: Ruiz & Marchant 2004",NA,NA,NA,NA,NA,NA,"Laboratorio Limnología U. de Chile (Irma Vila)","MMA2017","45c3d8d2-7352-4dd1-aefd-c21e0b6b004e","CC_BY_NC_4_0","consultar con institución/autor"
"MMA:ICT:0002509",4463089900,-72.547,-47.441,"Laguna Fria. Rio del Salto entre Rio Tranquilo y Rio Baker","Galaxias platei",NA,NA,"FuenteReg: McDowall 1971b Estudio: Ruiz & Marchant 2004",NA,NA,NA,NA,NA,NA,"Laboratorio Limnología U. de Chile (Irma Vila)","MMA2017","45c3d8d2-7352-4dd1-aefd-c21e0b6b004e","CC_BY_NC_4_0","consultar con institución/autor"
"MMA:ICT:0002516",4463089893,-72.672,-51.302,"Río Tres Pasos. Rio Tres Pasos","Galaxias platei","2006","2006","",NA,NA,NA,"Jorge González",NA,NA,"Centro EULA UDEC Evelyn Habit","MMA2017","45c3d8d2-7352-4dd1-aefd-c21e0b6b004e","CC_BY_NC_4_0","consultar con institución/autor"
"MMA:ICT:0002528",4463089855,-72.632,-45.404,"Rio Aysen. Ribera Norte. Rio Aisen entre Rio Riesco y desembocadura","Geotria australis","2008-4-27","2008","OrigenReg: Base de Datos EULA UdeC, FuenteReg: Base Datos 2008",NA,2,"Pesca Electrica","Katherin Solis","GPS","3","Centro EULA UDEC Evelyn Habit","MMA2017","45c3d8d2-7352-4dd1-aefd-c21e0b6b004e","CC_BY_NC_4_0","consultar con institución/autor"
"MMA:ICT:0002552",4463089772,-73.103,-47.703,"Rio Vargas. En Cascada. Rio Baker Entre Rio Ventisquero y Bajo Rio del Paso","Geotria australis","2013-5-4","2013","OrigenReg: Base de Datos EULA UdeC, FuenteReg: Base Datos 2013",NA,1,"Pesca Electrica","Jorge Gonzalez","GPS","3","Centro EULA UDEC Evelyn Habit","MMA2017","45c3d8d2-7352-4dd1-aefd-c21e0b6b004e","CC_BY_NC_4_0","consultar con institución/autor"
"MMA:ICT:0002553",4463089775,-73.076,-47.698,"Rio Vargas. En Pasarela. Rio Baker Entre Rio Ventisquero y Bajo Rio del Paso","Geotria australis","2013-5-5","2013","OrigenReg: Base de Datos EULA UdeC, FuenteReg: Base Datos 2013",NA,3,"Pesca Electrica","Jorge Gonzalez","GPS","3","Centro EULA UDEC Evelyn Habit","MMA2017","45c3d8d2-7352-4dd1-aefd-c21e0b6b004e","CC_BY_NC_4_0","consultar con institución/autor"
"MMA:ICT:0002554",4463089779,-73.211,-47.717,"Rio Vargas. Rio Baker. Rio Baker Entre Rio Ventisquero y Bajo Rio del Paso","Geotria australis","2013-5-5","2013","OrigenReg: Base de Datos EULA UdeC, FuenteReg: Base Datos 2013",NA,7,"Pesca Electrica","Jorge Gonzalez","GPS","3","Centro EULA UDEC Evelyn Habit","MMA2017","45c3d8d2-7352-4dd1-aefd-c21e0b6b004e","CC_BY_NC_4_0","consultar con institución/autor"
"MMA:ICT:0002555",4463089782,-73.171,-47.717,"Rio Vargas. Rio El Paso. Rio Baker Entre Rio Ventisquero y Bajo Rio del Paso","Geotria australis","2013-5-4","2013","OrigenReg: Base de Datos EULA UdeC, FuenteReg: Base Datos 2013",NA,2,"Pesca Electrica","Jorge Gonzalez","GPS","3","Centro EULA UDEC Evelyn Habit","MMA2017","45c3d8d2-7352-4dd1-aefd-c21e0b6b004e","CC_BY_NC_4_0","consultar con institución/autor"
"MMA:ICT:0002556",4463089784,-73.098,-47.702,"Rio Vargas. Rio Baker Entre Rio Ventisquero y Bajo Rio del Paso","Geotria australis","2013-5-4","2013","OrigenReg: Base de Datos EULA UdeC, FuenteReg: Base Datos 2013",NA,28,"Pesca Electrica","Jorge Gonzalez","GPS","3","Centro EULA UDEC Evelyn Habit","MMA2017","45c3d8d2-7352-4dd1-aefd-c21e0b6b004e","CC_BY_NC_4_0","consultar con institución/autor"
"MMA:ICT:0002577",4463089729,-72.169,-41.645,"Rio Puelo. En Desague Lago Tagua Tagua. Rio Puelo Entre Rio Manso y Desague Laguna Tagua Tagua","Geotria australis","2008-1-6","2008","OrigenReg: Base de Datos EULA UdeC, FuenteReg: Base Datos 2008",NA,10,"Pesca Electrica","Evelyn Habit","GPS","3","Centro EULA UDEC Evelyn Habit","MMA2017","45c3d8d2-7352-4dd1-aefd-c21e0b6b004e","CC_BY_NC_4_0","consultar con institución/autor"
"MMA:ICT:0002578",4463089731,-72.603,-42.751,"Lago Blanco. Rio Rayas o Blanco","Geotria australis","2008-3-11","2008","OrigenReg: Base de Datos EULA UdeC, FuenteReg: Base Datos 2008",NA,6,"Red Encierro","Evelyn Habit","GPS","3","Centro EULA UDEC Evelyn Habit","MMA2017","45c3d8d2-7352-4dd1-aefd-c21e0b6b004e","CC_BY_NC_4_0","consultar con institución/autor"
"MMA:ICT:0002644",4463086395,-72.561,-45.393,"Rio Aisen Entre Junta Maniguales - Simpson y Rio Riesco","Geotria australis","2008-1-18","2008","OrigenReg: Base Datos CEA 2015,","Mandante:  XSTRATA Estacion:  SW-RA-01",1,"P. eléctrica","Manuel Contreras",NA,"Colecta","Centro de Ecología Aplicada LTDA (Leopoldo Fuentes)","MMA2017","45c3d8d2-7352-4dd1-aefd-c21e0b6b004e","CC_BY_NC_4_0","consultar con institución/autor"
"MMA:ICT:0002645",4463086398,-72.61,-45.464,"Rio Riesco Entre Desague Laguna Riesco y Rio Aisen (Rio Guaquer)","Geotria australis","2008-6-24","2008","OrigenReg: Base Datos CEA 2015,","Mandante:  XSTRATA Estacion:  SW-RB-11",2,"P. eléctrica","Luis Vega",NA,"Colecta","Centro de Ecología Aplicada LTDA (Leopoldo Fuentes)","MMA2017","45c3d8d2-7352-4dd1-aefd-c21e0b6b004e","CC_BY_NC_4_0","consultar con institución/autor"
"MMA:ICT:0002646",4463086402,-72.619,-45.471,"Rio Riesco Entre Desague Laguna Riesco y Rio Aisen (Rio Guaquer)","Geotria australis","2008-6-25","2008","OrigenReg: Base Datos CEA 2015,","Mandante:  XSTRATA Estacion:  SW-RI-03",4,"P. eléctrica","Luis Vega",NA,"Colecta","Centro de Ecología Aplicada LTDA (Leopoldo Fuentes)","MMA2017","45c3d8d2-7352-4dd1-aefd-c21e0b6b004e","CC_BY_NC_4_0","consultar con institución/autor"
"MMA:ICT:0002647",4463086404,-72.417,-45.417,"Río Simpson bajo. Rio Simpson Entre Rio Correntoso y Rio Aisen","Geotria australis",NA,NA,"FuenteReg: Campos et al. 1984",NA,1,NA,NA,NA,"Colecta","Laboratorio Limnología U. de Chile (Irma Vila)","MMA2017","45c3d8d2-7352-4dd1-aefd-c21e0b6b004e","CC_BY_NC_4_0","consultar con institución/autor"
"MMA:ICT:0002648",4463086409,-72.517,-44.233,"Lago Risopatrón. Rio Risopatron","Geotria australis",NA,NA,"FuenteReg: Campos et al. 1984",NA,16,NA,NA,NA,"Colecta","Laboratorio Limnología U. de Chile (Irma Vila)","MMA2017","45c3d8d2-7352-4dd1-aefd-c21e0b6b004e","CC_BY_NC_4_0","consultar con institución/autor"
"MMA:ICT:0002649",4463086380,-72.8,-42.867,"Río Santa Barbara. Costeras entre Rio Rayas y Rio Chaiten","Geotria australis",NA,NA,"FuenteReg: Campos et al. 1984",NA,2,NA,NA,NA,"Colecta","Laboratorio Limnología U. de Chile (Irma Vila)","MMA2017","45c3d8d2-7352-4dd1-aefd-c21e0b6b004e","CC_BY_NC_4_0","consultar con institución/autor"
"MMA:ICT:0002666",4463086331,-71.911,-45.808,"Estero TributaRio Huemules. Rio Simpson entre frontera y Rio Blanco","Hatcheria macraei","2006-1-29","2006","OrigenReg: Base de Datos EULA UdeC, FuenteReg: Base Datos 2006",NA,1,"Pesca Electrica","Juan Jose Ortiz","GPS","3","Centro EULA UDEC Evelyn Habit","MMA2017","45c3d8d2-7352-4dd1-aefd-c21e0b6b004e","CC_BY_NC_4_0","consultar con institución/autor"
"MMA:ICT:0002667",4463086333,-71.911,-45.808,"Rio Huemules. Rio Simpson entre frontera y Rio Blanco","Hatcheria macraei","2006-1-29","2006","OrigenReg: Base de Datos EULA UdeC, FuenteReg: Base Datos 2006",NA,12,"Pesca Electrica","Juan Jose Ortiz","GPS","3","Centro EULA UDEC Evelyn Habit","MMA2017","45c3d8d2-7352-4dd1-aefd-c21e0b6b004e","CC_BY_NC_4_0","consultar con institución/autor"
"MMA:ICT:0002668",4463086337,-72.722,-46.508,"Lago General Carrera. Bahia Murta. Costeras entre Rio Murta y Rio Delta","Hatcheria macraei","2006-2-1","2006","OrigenReg: Base de Datos EULA UdeC, FuenteReg: Base Datos 2006",NA,31,"Pesca Electrica","Juan Jose Ortiz","GPS","3","Centro EULA UDEC Evelyn Habit","MMA2017","45c3d8d2-7352-4dd1-aefd-c21e0b6b004e","CC_BY_NC_4_0","consultar con institución/autor"
"MMA:ICT:0002669",4463086339,-72.803,-47.468,"Lago Largo. En Playa. Rio Baker Entre Rio de la Colonia y Rio de los Ñadis","Hatcheria macraei","2008-1-19","2008","OrigenReg: Base de Datos EULA UdeC, FuenteReg: Base Datos 2008",NA,7,"Pesca Electrica","Juan Jose Ortiz","GPS","3","Centro EULA UDEC Evelyn Habit","MMA2017","45c3d8d2-7352-4dd1-aefd-c21e0b6b004e","CC_BY_NC_4_0","consultar con institución/autor"
"MMA:ICT:0002670",4463086281,-71.921,-45.806,"Rio Simpson. Pueblo Blanco. Rio Blanco","Hatcheria macraei","2008-4-27","2008","OrigenReg: Base de Datos EULA UdeC, FuenteReg: Base Datos 2008",NA,84,"Pesca Electrica con Red","Katherin Solis","GPS","3","Centro EULA UDEC Evelyn Habit","MMA2017","45c3d8d2-7352-4dd1-aefd-c21e0b6b004e","CC_BY_NC_4_0","consultar con institución/autor"
"MMA:ICT:0002671",4463086283,-73.202,-47.7,"Rio Baker. Aguas Abajo Rio Vargas. Rio Baker Entre Rio Ventisquero y Bajo Rio del Paso","Hatcheria macraei","2008-12-8","2008","OrigenReg: Base de Datos EULA UdeC, FuenteReg: Base Datos 2008",NA,21,"Pesca Electrica","Priscila Piedra","GPS","3","Centro EULA UDEC Evelyn Habit","MMA2017","45c3d8d2-7352-4dd1-aefd-c21e0b6b004e","CC_BY_NC_4_0","consultar con institución/autor"
"MMA:ICT:0002672",4463086285,-72.633,-47.203,"Rio Baker. Balsa Baker. Rio Baker entre Rio Chacabuco y Rio de la Colonia","Hatcheria macraei","2008-12-15","2008","OrigenReg: Base de Datos EULA UdeC, FuenteReg: Base Datos 2008",NA,15,"Pesca Electrica","Priscila Piedra","GPS","3","Centro EULA UDEC Evelyn Habit","MMA2017","45c3d8d2-7352-4dd1-aefd-c21e0b6b004e","CC_BY_NC_4_0","consultar con institución/autor"
"MMA:ICT:0002673",4463086287,-72.864,-47.316,"Rio Baker. Balseo Colonia. Rio Baker Entre Rio de la Colonia y Rio de los Ñadis","Hatcheria macraei","2008-12-11","2008","OrigenReg: Base de Datos EULA UdeC, FuenteReg: Base Datos 2008",NA,25,"Red Encierro","Priscila Piedra","GPS","3","Centro EULA UDEC Evelyn Habit","MMA2017","45c3d8d2-7352-4dd1-aefd-c21e0b6b004e","CC_BY_NC_4_0","consultar con institución/autor"
"MMA:ICT:0002674",4463086289,-72.71,-47.132,"Rio Baker. El Manzano. Rio Baker Entre Desague Lago Bertrand y Rio Chacabuco","Hatcheria macraei","2008-12-16","2008","OrigenReg: Base de Datos EULA UdeC, FuenteReg: Base Datos 2008",NA,14,"Pesca Electrica","Priscila Piedra","GPS","3","Centro EULA UDEC Evelyn Habit","MMA2017","45c3d8d2-7352-4dd1-aefd-c21e0b6b004e","CC_BY_NC_4_0","consultar con institución/autor"
"MMA:ICT:0002675",4463086290,-72.806,-47.058,"Rio Baker. Konaiken. Rio Baker Entre Desague Lago Bertrand y Rio Chacabuco","Hatcheria macraei","2008-12-16","2008","OrigenReg: Base de Datos EULA UdeC, FuenteReg: Base Datos 2008",NA,12,"Pesca Electrica","Priscila Piedra","GPS","3","Centro EULA UDEC Evelyn Habit","MMA2017","45c3d8d2-7352-4dd1-aefd-c21e0b6b004e","CC_BY_NC_4_0","consultar con institución/autor"
"MMA:ICT:0002676",4463086293,-72.94,-47.47,"Rio Baker. Los Nadis. Rio de Los Ñadis Entre Arriba Estero El Corral y Rio Baker","Hatcheria macraei","2008-12","2008","OrigenReg: Base de Datos EULA UdeC, FuenteReg: Base Datos 2008",NA,15,"Pesca Electrica","Priscila Piedra","GPS","3","Centro EULA UDEC Evelyn Habit","MMA2017","45c3d8d2-7352-4dd1-aefd-c21e0b6b004e","CC_BY_NC_4_0","consultar con institución/autor"
"MMA:ICT:0002677",4463086294,-73.236,-47.726,"Rio Baker. Rio Vargas. Rio Baker entre Rio del Paso y desembocadura","Hatcheria macraei","2008-12-9","2008","OrigenReg: Base de Datos EULA UdeC, FuenteReg: Base Datos 2008",NA,3,"Red Encierro","Priscila Piedra","GPS","3","Centro EULA UDEC Evelyn Habit","MMA2017","45c3d8d2-7352-4dd1-aefd-c21e0b6b004e","CC_BY_NC_4_0","consultar con institución/autor"
"MMA:ICT:0002678",4463086296,-72.445,-47.25,"Lago Cochrane. Lago y Rio Cochrane","Hatcheria macraei","2008-12-14","2008","OrigenReg: Base de Datos EULA UdeC, FuenteReg: Base Datos 2008",NA,1,"Red Agallera","Priscila Piedra","GPS","2","Centro EULA UDEC Evelyn Habit","MMA2017","45c3d8d2-7352-4dd1-aefd-c21e0b6b004e","CC_BY_NC_4_0","consultar con institución/autor"
"MMA:ICT:0002679",4463086298,-72.593,-47.305,"Laguna Esmeralda. Rio del Salto entre Rio Tranquilo y Rio Baker","Hatcheria macraei","2009-11","2009","OrigenReg: Base de Datos EULA UdeC, FuenteReg: Base Datos 2009  2010",NA,4,"Pesca Electrica","Catterina Sobenes","GPS","3","Centro EULA UDEC Evelyn Habit","MMA2017","45c3d8d2-7352-4dd1-aefd-c21e0b6b004e","CC_BY_NC_4_0","consultar con institución/autor"
"MMA:ICT:0002680",4463086251,-72.593,-47.305,"Laguna Esmeralda. Rio del Salto entre Rio Tranquilo y Rio Baker","Hatcheria macraei","2009-12-1","2009","OrigenReg: Base de Datos EULA UdeC, FuenteReg: Base Datos 2009  2010",NA,1,"Pesca Electrica","Catterina Sobenes","GPS","3","Centro EULA UDEC Evelyn Habit","MMA2017","45c3d8d2-7352-4dd1-aefd-c21e0b6b004e","CC_BY_NC_4_0","consultar con institución/autor"
"MMA:ICT:0002681",4463086252,-72.593,-47.305,"Laguna Esmeralda. Rio del Salto entre Rio Tranquilo y Rio Baker","Hatcheria macraei","2010-2-2","2010","OrigenReg: Base de Datos EULA UdeC, FuenteReg: Base Datos 2009  2010",NA,4,"Pesca Electrica","Catterina Sobenes","GPS","3","Centro EULA UDEC Evelyn Habit","MMA2017","45c3d8d2-7352-4dd1-aefd-c21e0b6b004e","CC_BY_NC_4_0","consultar con institución/autor"
"MMA:ICT:0002682",4463086255,-72.593,-47.305,"Laguna Esmeralda. Rio del Salto entre Rio Tranquilo y Rio Baker","Hatcheria macraei","2010-2-5","2010","OrigenReg: Base de Datos EULA UdeC, FuenteReg: Base Datos 2009  2010",NA,2,"Pesca Electrica","Catterina Sobenes","GPS","3","Centro EULA UDEC Evelyn Habit","MMA2017","45c3d8d2-7352-4dd1-aefd-c21e0b6b004e","CC_BY_NC_4_0","consultar con institución/autor"
"MMA:ICT:0002689",4463086269,-72.702,-46.84,"Costeras Entre Rio San Jose y Desague Lago Jose Miguel Carrera","Hatcheria macraei","2007-9-15","2007","","Mandante:  ENDESA S.A Estacion:  BCAT6",25,"P.eléctrica","Leopoldo Fuentes",NA,"Colecta","Centro de Ecología Aplicada LTDA (Leopoldo Fuentes)","MMA2017","45c3d8d2-7352-4dd1-aefd-c21e0b6b004e","CC_BY_NC_4_0","consultar con institución/autor"
"MMA:ICT:0002690",4463086221,-72.702,-46.84,"Costeras Entre Rio San Jose y Desague Lago Jose Miguel Carrera","Hatcheria macraei","2007-11-25","2007","","Mandante:  ENDESA S.A Estacion:  BCAT6",11,"P.eléctrica","Luis Vega",NA,"Colecta","Centro de Ecología Aplicada LTDA (Leopoldo Fuentes)","MMA2017","45c3d8d2-7352-4dd1-aefd-c21e0b6b004e","CC_BY_NC_4_0","consultar con institución/autor"
"MMA:ICT:0002691",4463086223,-72.702,-46.84,"Costeras Entre Rio San Jose y Desague Lago Jose Miguel Carrera","Hatcheria macraei","2008-1-28","2008","","Mandante:  ENDESA S.A Estacion:  BCAT6",12,"P.eléctrica","Roberto Bestard",NA,"Colecta","Centro de Ecología Aplicada LTDA (Leopoldo Fuentes)","MMA2017","45c3d8d2-7352-4dd1-aefd-c21e0b6b004e","CC_BY_NC_4_0","consultar con institución/autor"
"MMA:ICT:0002692",4463086225,-72.702,-46.84,"Costeras Entre Rio San Jose y Desague Lago Jose Miguel Carrera","Hatcheria macraei","2008-4-29","2008","","Mandante:  ENDESA S.A Estacion:  BCAT6",7,"P.eléctrica","Luis Vega",NA,"Colecta","Centro de Ecología Aplicada LTDA (Leopoldo Fuentes)","MMA2017","45c3d8d2-7352-4dd1-aefd-c21e0b6b004e","CC_BY_NC_4_0","consultar con institución/autor"
"MMA:ICT:0002693",4463086227,-72.702,-46.84,"Costeras Entre Rio San Jose y Desague Lago Jose Miguel Carrera","Hatcheria macraei","2009-1","2009","","Mandante:  ENDESA S.A Estacion:  BCAT6",5,"P.eléctrica","Roberto Bestard",NA,"Colecta","Centro de Ecología Aplicada LTDA (Leopoldo Fuentes)","MMA2017","45c3d8d2-7352-4dd1-aefd-c21e0b6b004e","CC_BY_NC_4_0","consultar con institución/autor"
"MMA:ICT:0002694",4463086229,-72.704,-46.842,"Costeras Entre Rio San Jose y Desague Lago Jose Miguel Carrera","Hatcheria macraei","2007-9-15","2007","","Mandante:  ENDESA S.A Estacion:  BCAT7",1,"P.eléctrica","Leopoldo Fuentes",NA,"Colecta","Centro de Ecología Aplicada LTDA (Leopoldo Fuentes)","MMA2017","45c3d8d2-7352-4dd1-aefd-c21e0b6b004e","CC_BY_NC_4_0","consultar con institución/autor"
"MMA:ICT:0002695",4463086231,-72.704,-46.842,"Costeras Entre Rio San Jose y Desague Lago Jose Miguel Carrera","Hatcheria macraei","2007-11-25","2007","","Mandante:  ENDESA S.A Estacion:  BCAT7",2,"P.eléctrica","Luis Vega",NA,"Colecta","Centro de Ecología Aplicada LTDA (Leopoldo Fuentes)","MMA2017","45c3d8d2-7352-4dd1-aefd-c21e0b6b004e","CC_BY_NC_4_0","consultar con institución/autor"
"MMA:ICT:0002696",4463086233,-72.803,-46.844,"Costeras Entre Rio Delta y Desague Lago Jose Miguel Carrera","Hatcheria macraei","2007-9-15","2007","","Mandante:  ENDESA S.A Estacion:  BCAT8",5,"P.eléctrica","Leopoldo Fuentes",NA,"Colecta","Centro de Ecología Aplicada LTDA (Leopoldo Fuentes)","MMA2017","45c3d8d2-7352-4dd1-aefd-c21e0b6b004e","CC_BY_NC_4_0","consultar con institución/autor"
"MMA:ICT:0002697",4463086235,-72.803,-46.844,"Costeras Entre Rio Delta y Desague Lago Jose Miguel Carrera","Hatcheria macraei","2007-11-25","2007","","Mandante:  ENDESA S.A Estacion:  BCAT8",4,"P.eléctrica","Luis Vega",NA,"Colecta","Centro de Ecología Aplicada LTDA (Leopoldo Fuentes)","MMA2017","45c3d8d2-7352-4dd1-aefd-c21e0b6b004e","CC_BY_NC_4_0","consultar con institución/autor"
"MMA:ICT:0002698",4463086237,-72.803,-46.844,"Costeras Entre Rio Delta y Desague Lago Jose Miguel Carrera","Hatcheria macraei","2008-1-28","2008","","Mandante:  ENDESA S.A Estacion:  BCAT8",3,"P.eléctrica","Luis Vega",NA,"Colecta","Centro de Ecología Aplicada LTDA (Leopoldo Fuentes)","MMA2017","45c3d8d2-7352-4dd1-aefd-c21e0b6b004e","CC_BY_NC_4_0","consultar con institución/autor"
"MMA:ICT:0002699",4463086239,-72.803,-46.844,"Costeras Entre Rio Delta y Desague Lago Jose Miguel Carrera","Hatcheria macraei","2008-4-29","2008","","Mandante:  ENDESA S.A Estacion:  BCAT8",6,"P.eléctrica","Luis Vega",NA,"Colecta","Centro de Ecología Aplicada LTDA (Leopoldo Fuentes)","MMA2017","45c3d8d2-7352-4dd1-aefd-c21e0b6b004e","CC_BY_NC_4_0","consultar con institución/autor"
"MMA:ICT:0002700",4463085827,-72.803,-46.844,"Costeras Entre Rio Delta y Desague Lago Jose Miguel Carrera","Hatcheria macraei","2009-1-7","2009","","Mandante:  ENDESA S.A Estacion:  BCAT8",1,"P.eléctrica","Luis Vega",NA,"Colecta","Centro de Ecología Aplicada LTDA (Leopoldo Fuentes)","MMA2017","45c3d8d2-7352-4dd1-aefd-c21e0b6b004e","CC_BY_NC_4_0","consultar con institución/autor"
"MMA:ICT:0002701",4463085828,-72.803,-46.844,"Costeras Entre Rio Delta y Desague Lago Jose Miguel Carrera","Hatcheria macraei","2010-8-24","2010","","Mandante:  ENDESA S.A. Estacion:  BCAT8",2,"P.eléctrica","Roberto Bestard",NA,"Colecta","Centro de Ecología Aplicada LTDA (Leopoldo Fuentes)","MMA2017","45c3d8d2-7352-4dd1-aefd-c21e0b6b004e","CC_BY_NC_4_0","consultar con institución/autor"
"MMA:ICT:0002702",4463085829,-72.771,-46.896,"Costeras Entre Rio San Jose y Desague Lago Jose Miguel Carrera","Hatcheria macraei","2007-9-15","2007","","Mandante:  ENDESA S.A Estacion:  BCAT9",15,"P.eléctrica","Leopoldo Fuentes",NA,"Colecta","Centro de Ecología Aplicada LTDA (Leopoldo Fuentes)","MMA2017","45c3d8d2-7352-4dd1-aefd-c21e0b6b004e","CC_BY_NC_4_0","consultar con institución/autor"
"MMA:ICT:0002703",4463085831,-72.771,-46.896,"Costeras Entre Rio San Jose y Desague Lago Jose Miguel Carrera","Hatcheria macraei","2007-11-25","2007","","Mandante:  ENDESA S.A Estacion:  BCAT9",7,"P.eléctrica","Leopoldo Fuentes",NA,"Colecta","Centro de Ecología Aplicada LTDA (Leopoldo Fuentes)","MMA2017","45c3d8d2-7352-4dd1-aefd-c21e0b6b004e","CC_BY_NC_4_0","consultar con institución/autor"
"MMA:ICT:0002704",4463085821,-72.771,-46.896,"Costeras Entre Rio San Jose y Desague Lago Jose Miguel Carrera","Hatcheria macraei","2008-1-28","2008","","Mandante:  ENDESA S.A Estacion:  BCAT9",3,"P.eléctrica","Luis Vega",NA,"Colecta","Centro de Ecología Aplicada LTDA (Leopoldo Fuentes)","MMA2017","45c3d8d2-7352-4dd1-aefd-c21e0b6b004e","CC_BY_NC_4_0","consultar con institución/autor"
"MMA:ICT:0002705",4463085822,-72.771,-46.896,"Costeras Entre Rio San Jose y Desague Lago Jose Miguel Carrera","Hatcheria macraei","2008-4-29","2008","","Mandante:  ENDESA S.A Estacion:  BCAT9",4,"P.eléctrica","Luis Vega",NA,"Colecta","Centro de Ecología Aplicada LTDA (Leopoldo Fuentes)","MMA2017","45c3d8d2-7352-4dd1-aefd-c21e0b6b004e","CC_BY_NC_4_0","consultar con institución/autor"
"MMA:ICT:0002706",4463085823,-72.771,-46.896,"Costeras Entre Rio San Jose y Desague Lago Jose Miguel Carrera","Hatcheria macraei","2009-1-7","2009","","Mandante:  ENDESA S.A Estacion:  BCAT9",7,"P.eléctrica","Luis Vega",NA,"Colecta","Centro de Ecología Aplicada LTDA (Leopoldo Fuentes)","MMA2017","45c3d8d2-7352-4dd1-aefd-c21e0b6b004e","CC_BY_NC_4_0","consultar con institución/autor"
"MMA:ICT:0002707",4463085824,-72.804,-46.946,"Lago Bertrand","Hatcheria macraei","2009-1-6","2009","","Mandante:  ENDESA S.A Estacion:  BCAT12.3",1,"P.eléctrica","Roberto Bestard",NA,"Colecta","Centro de Ecología Aplicada LTDA (Leopoldo Fuentes)","MMA2017","45c3d8d2-7352-4dd1-aefd-c21e0b6b004e","CC_BY_NC_4_0","consultar con institución/autor"
"MMA:ICT:0002708",4463085825,-72.832,-47.015,"Rio Baker Entre Desague Lago Bertrand y Rio Chacabuco","Hatcheria macraei","2007-9-12","2007","","Mandante:  ENDESA S.A Estacion:  BCAT12",10,"P.eléctrica","Leopoldo Fuentes",NA,"Colecta","Centro de Ecología Aplicada LTDA (Leopoldo Fuentes)","MMA2017","45c3d8d2-7352-4dd1-aefd-c21e0b6b004e","CC_BY_NC_4_0","consultar con institución/autor"
"MMA:ICT:0002709",4463085826,-72.832,-47.015,"Rio Baker Entre Desague Lago Bertrand y Rio Chacabuco","Hatcheria macraei","2007-11-22","2007","","Mandante:  ENDESA S.A Estacion:  BCAT12",2,"P.eléctrica","Leopoldo Fuentes",NA,"Colecta","Centro de Ecología Aplicada LTDA (Leopoldo Fuentes)","MMA2017","45c3d8d2-7352-4dd1-aefd-c21e0b6b004e","CC_BY_NC_4_0","consultar con institución/autor"
"MMA:ICT:0002710",4463085816,-72.832,-47.015,"Rio Baker Entre Desague Lago Bertrand y Rio Chacabuco","Hatcheria macraei","2009-1-6","2009","","Mandante:  ENDESA S.A Estacion:  BCAT12",2,"P.eléctrica","Roberto Bestard",NA,"Colecta","Centro de Ecología Aplicada LTDA (Leopoldo Fuentes)","MMA2017","45c3d8d2-7352-4dd1-aefd-c21e0b6b004e","CC_BY_NC_4_0","consultar con institución/autor"
"MMA:ICT:0002711",4463085817,-72.829,-47.027,"Rio Baker Entre Desague Lago Bertrand y Rio Chacabuco","Hatcheria macraei","2009-1-7","2009","","Mandante:  ENDESA S.A Estacion:  B1",2,"P.eléctrica","Roberto Bestard",NA,"Colecta","Centro de Ecología Aplicada LTDA (Leopoldo Fuentes)","MMA2017","45c3d8d2-7352-4dd1-aefd-c21e0b6b004e","CC_BY_NC_4_0","consultar con institución/autor"
"MMA:ICT:0002712",4463085818,-72.79,-47.071,"Rio Baker Entre Desague Lago Bertrand y Rio Chacabuco","Hatcheria macraei","2007-1-6","2007","","Mandante:  ENDESA S.A Estacion:  B2",1,"P.eléctrica","Leopoldo Fuentes",NA,"Colecta","Centro de Ecología Aplicada LTDA (Leopoldo Fuentes)","MMA2017","45c3d8d2-7352-4dd1-aefd-c21e0b6b004e","CC_BY_NC_4_0","consultar con institución/autor"
"MMA:ICT:0002713",4463085819,-72.614,-47.129,"Rio Baker Entre Desague Lago Bertrand y Rio Chacabuco","Hatcheria macraei","2009-1","2009","","Mandante:  ENDESA S.A Estacion:  TB23",1,"P.eléctrica","Roberto Bestard",NA,"Colecta","Centro de Ecología Aplicada LTDA (Leopoldo Fuentes)","MMA2017","45c3d8d2-7352-4dd1-aefd-c21e0b6b004e","CC_BY_NC_4_0","consultar con institución/autor"
"MMA:ICT:0002714",4463085820,-72.695,-47.132,"Rio Baker Entre Desague Lago Bertrand y Rio Chacabuco","Hatcheria macraei","2008-1-29","2008","","Mandante:  ENDESA S.A Estacion:  BCAT16",3,"P.eléctrica","Roberto Bestard",NA,"Colecta","Centro de Ecología Aplicada LTDA (Leopoldo Fuentes)","MMA2017","45c3d8d2-7352-4dd1-aefd-c21e0b6b004e","CC_BY_NC_4_0","consultar con institución/autor"
"MMA:ICT:0002715",4463085811,-72.695,-47.132,"Rio Baker Entre Desague Lago Bertrand y Rio Chacabuco","Hatcheria macraei","2009-1-7","2009","","Mandante:  ENDESA S.A Estacion:  BCAT16",1,"P.eléctrica","Luis Vega",NA,"Colecta","Centro de Ecología Aplicada LTDA (Leopoldo Fuentes)","MMA2017","45c3d8d2-7352-4dd1-aefd-c21e0b6b004e","CC_BY_NC_4_0","consultar con institución/autor"
"MMA:ICT:0002716",4463085812,-72.708,-47.133,"Rio Baker Entre Desague Lago Bertrand y Rio Chacabuco","Hatcheria macraei","2011-11-11","2011","","Mandante:  ENDESA S.A. Estacion:  B5",1,"P.eléctrica","Roberto Bestard",NA,"Colecta","Centro de Ecología Aplicada LTDA (Leopoldo Fuentes)","MMA2017","45c3d8d2-7352-4dd1-aefd-c21e0b6b004e","CC_BY_NC_4_0","consultar con institución/autor"
"MMA:ICT:0002717",4463085813,-72.628,-47.199,"Rio Baker entre Rio Chacabuco y Rio de la Colonia","Hatcheria macraei","2011-11-12","2011","","Mandante:  ENDESA S.A. Estacion:  B8",1,"P.eléctrica","Roberto Bestard",NA,"Colecta","Centro de Ecología Aplicada LTDA (Leopoldo Fuentes)","MMA2017","45c3d8d2-7352-4dd1-aefd-c21e0b6b004e","CC_BY_NC_4_0","consultar con institución/autor"
"MMA:ICT:0002718",4463085814,-72.628,-47.199,"Rio Baker entre Rio Chacabuco y Rio de la Colonia","Hatcheria macraei","2012-1-17","2012","","Mandante:  ENDESA S.A. Estacion:  B8",5,"P.eléctrica","Roberto Bestard",NA,"Colecta","Centro de Ecología Aplicada LTDA (Leopoldo Fuentes)","MMA2017","45c3d8d2-7352-4dd1-aefd-c21e0b6b004e","CC_BY_NC_4_0","consultar con institución/autor"
"MMA:ICT:0002719",4463085815,-72.628,-47.199,"Rio Baker entre Rio Chacabuco y Rio de la Colonia","Hatcheria macraei","2012-8-15","2012","","Mandante:  ENDESA S.A. Estacion:  B8",1,"P.eléctrica","Roberto Bestard",NA,"Colecta","Centro de Ecología Aplicada LTDA (Leopoldo Fuentes)","MMA2017","45c3d8d2-7352-4dd1-aefd-c21e0b6b004e","CC_BY_NC_4_0","consultar con institución/autor"
"MMA:ICT:0002720",4463085805,-72.631,-47.202,"Rio Baker entre Rio Chacabuco y Rio de la Colonia","Hatcheria macraei","2007-9-11","2007","","Mandante:  ENDESA S.A Estacion:  B8.1",3,"P.eléctrica","Leopoldo Fuentes",NA,"Colecta","Centro de Ecología Aplicada LTDA (Leopoldo Fuentes)","MMA2017","45c3d8d2-7352-4dd1-aefd-c21e0b6b004e","CC_BY_NC_4_0","consultar con institución/autor"
"MMA:ICT:0002721",4463085806,-72.631,-47.202,"Rio Baker entre Rio Chacabuco y Rio de la Colonia","Hatcheria macraei","2008-1-29","2008","","Mandante:  ENDESA S.A Estacion:  B8.1",1,"P.eléctrica","Luis Vega",NA,"Colecta","Centro de Ecología Aplicada LTDA (Leopoldo Fuentes)","MMA2017","45c3d8d2-7352-4dd1-aefd-c21e0b6b004e","CC_BY_NC_4_0","consultar con institución/autor"
"MMA:ICT:0002722",4463085807,-72.632,-47.211,"Rio Baker entre Rio Chacabuco y Rio de la Colonia","Hatcheria macraei","2011-11-12","2011","","Mandante:  ENDESA S.A. Estacion:  B8.1",4,"P.eléctrica","Roberto Bestard",NA,"Colecta","Centro de Ecología Aplicada LTDA (Leopoldo Fuentes)","MMA2017","45c3d8d2-7352-4dd1-aefd-c21e0b6b004e","CC_BY_NC_4_0","consultar con institución/autor"
"MMA:ICT:0002723",4463085808,-72.642,-47.229,"Rio Baker entre Rio Chacabuco y Rio de la Colonia","Hatcheria macraei","2011-11-12","2011","","Mandante:  ENDESA S.A. Estacion:  B8.2",1,"P.eléctrica","Roberto Bestard",NA,"Colecta","Centro de Ecología Aplicada LTDA (Leopoldo Fuentes)","MMA2017","45c3d8d2-7352-4dd1-aefd-c21e0b6b004e","CC_BY_NC_4_0","consultar con institución/autor"
"MMA:ICT:0002724",4463085809,-72.535,-47.249,"Lago y Rio Cochrane","Hatcheria macraei","2008-1-29","2008","","Mandante:  ENDESA S.A Estacion:  BCAT20",2,"Espinel","Roberto Bestard",NA,"Colecta","Centro de Ecología Aplicada LTDA (Leopoldo Fuentes)","MMA2017","45c3d8d2-7352-4dd1-aefd-c21e0b6b004e","CC_BY_NC_4_0","consultar con institución/autor"
"MMA:ICT:0002725",4463085810,-72.867,-47.313,"Rio Baker Entre Rio de la Colonia y Rio de los Ñadis","Hatcheria macraei","2011-11-13","2011","","Mandante:  ENDESA S.A. Estacion:  EMBA 2.1",3,"P.eléctrica","Roberto Bestard",NA,"Colecta","Centro de Ecología Aplicada LTDA (Leopoldo Fuentes)","MMA2017","45c3d8d2-7352-4dd1-aefd-c21e0b6b004e","CC_BY_NC_4_0","consultar con institución/autor"
"MMA:ICT:0002726",4463085801,-73.015,-47.33,"Lago y Rio de la Colonia","Hatcheria macraei","2012-1-19","2012","","Mandante:  ENDESA S.A. Estacion:  TB32",2,"P.eléctrica","Luis Vega",NA,"Colecta","Centro de Ecología Aplicada LTDA (Leopoldo Fuentes)","MMA2017","45c3d8d2-7352-4dd1-aefd-c21e0b6b004e","CC_BY_NC_4_0","consultar con institución/autor"
"MMA:ICT:0002727",4463085802,-72.795,-47.453,"Rio Baker Entre Rio de la Colonia y Rio de los Ñadis","Hatcheria macraei","2009-1","2009","","Mandante:  ENDESA S.A Estacion:  LA 1",2,"P.eléctrica","Luis Vega",NA,"Colecta","Centro de Ecología Aplicada LTDA (Leopoldo Fuentes)","MMA2017","45c3d8d2-7352-4dd1-aefd-c21e0b6b004e","CC_BY_NC_4_0","consultar con institución/autor"
"MMA:ICT:0002728",4463085803,-72.803,-47.469,"Rio Baker Entre Rio de la Colonia y Rio de los Ñadis","Hatcheria macraei","2008-4-29","2008","","Mandante:  ENDESA S.A Estacion:  BCAT25",1,"P.eléctrica","Roberto Bestard",NA,"Colecta","Centro de Ecología Aplicada LTDA (Leopoldo Fuentes)","MMA2017","45c3d8d2-7352-4dd1-aefd-c21e0b6b004e","CC_BY_NC_4_0","consultar con institución/autor"
"MMA:ICT:0002729",4463085804,-72.947,-47.475,"Rio Baker Entre Rio de Los Ñadis y Rio Ventisquero","Hatcheria macraei","2011-11-14","2011","","Mandante:  ENDESA S.A. Estacion:  EMBA 2.2",2,"P.eléctrica","Roberto Bestard",NA,"Colecta","Centro de Ecología Aplicada LTDA (Leopoldo Fuentes)","MMA2017","45c3d8d2-7352-4dd1-aefd-c21e0b6b004e","CC_BY_NC_4_0","consultar con institución/autor"
"MMA:ICT:0002730",4463085788,-72.95,-47.478,"Rio Baker Entre Rio de Los Ñadis y Rio Ventisquero","Hatcheria macraei","2011-11-14","2011","","Mandante:  ENDESA S.A. Estacion:  B14",8,"P.eléctrica","Roberto Bestard",NA,"Colecta","Centro de Ecología Aplicada LTDA (Leopoldo Fuentes)","MMA2017","45c3d8d2-7352-4dd1-aefd-c21e0b6b004e","CC_BY_NC_4_0","consultar con institución/autor"
"MMA:ICT:0002731",4463085789,-72.889,-47.509,"Rio de Los Ñadis Entre Arriba Estero El Corral y Rio Baker","Hatcheria macraei","2007-1-7","2007","","Mandante:  ENDESA S.A Estacion:  TB36",2,"P.eléctrica","Leopoldo Fuentes",NA,"Colecta","Centro de Ecología Aplicada LTDA (Leopoldo Fuentes)","MMA2017","45c3d8d2-7352-4dd1-aefd-c21e0b6b004e","CC_BY_NC_4_0","consultar con institución/autor"
"MMA:ICT:0002732",4463085792,-73.086,-47.548,"Rio Baker Entre Rio de Los Ñadis y Rio Ventisquero","Hatcheria macraei","2007-1-8","2007","","Mandante:  ENDESA S.A Estacion:  B16",23,"P.eléctrica","Luis Vega",NA,"Colecta","Centro de Ecología Aplicada LTDA (Leopoldo Fuentes)","MMA2017","45c3d8d2-7352-4dd1-aefd-c21e0b6b004e","CC_BY_NC_4_0","consultar con institución/autor"
"MMA:ICT:0002733",4463085793,-73.08,-47.551,"Rio Baker Entre Rio de Los Ñadis y Rio Ventisquero","Hatcheria macraei","2011-11-14","2011","","Mandante:  ENDESA S.A. Estacion:  B16",4,"P.eléctrica","Roberto Bestard",NA,"Colecta","Centro de Ecología Aplicada LTDA (Leopoldo Fuentes)","MMA2017","45c3d8d2-7352-4dd1-aefd-c21e0b6b004e","CC_BY_NC_4_0","consultar con institución/autor"
"MMA:ICT:0002734",4463085795,-73.145,-47.683,"Rio Baker Entre Rio Ventisquero y Bajo Rio del Paso","Hatcheria macraei","2009-1","2009","","Mandante:  ENDESA S.A Estacion:  B18",1,"Espinel","Luis Vega",NA,"Colecta","Centro de Ecología Aplicada LTDA (Leopoldo Fuentes)","MMA2017","45c3d8d2-7352-4dd1-aefd-c21e0b6b004e","CC_BY_NC_4_0","consultar con institución/autor"
"MMA:ICT:0002735",4463085798,-73.209,-47.71,"Rio Baker Entre Rio Ventisquero y Bajo Rio del Paso","Hatcheria macraei","2007-11-21","2007","","Mandante:  ENDESA S.A Estacion:  B19.1",1,"P.eléctrica","Leopoldo Fuentes",NA,"Colecta","Centro de Ecología Aplicada LTDA (Leopoldo Fuentes)","MMA2017","45c3d8d2-7352-4dd1-aefd-c21e0b6b004e","CC_BY_NC_4_0","consultar con institución/autor"
"MMA:ICT:0002736",4463085799,-73.209,-47.71,"Rio Baker Entre Rio Ventisquero y Bajo Rio del Paso","Hatcheria macraei","2007-1-8","2007","","Mandante:  ENDESA S.A Estacion:  B19",4,"P.eléctrica","Luis Vega",NA,"Colecta","Centro de Ecología Aplicada LTDA (Leopoldo Fuentes)","MMA2017","45c3d8d2-7352-4dd1-aefd-c21e0b6b004e","CC_BY_NC_4_0","consultar con institución/autor"
"MMA:ICT:0002737",4463085782,-73.281,-47.763,"Rio Baker entre Rio del Paso y desembocadura","Hatcheria macraei","2007-9","2007","","Mandante:  ENDESA S.A Estacion:  B39.1",3,"P.eléctrica","Luis Vega",NA,"Colecta","Centro de Ecología Aplicada LTDA (Leopoldo Fuentes)","MMA2017","45c3d8d2-7352-4dd1-aefd-c21e0b6b004e","CC_BY_NC_4_0","consultar con institución/autor"
"MMA:ICT:0002738",4463085784,-73.281,-47.763,"Rio Baker entre Rio del Paso y desembocadura","Hatcheria macraei","2007-11-21","2007","","Mandante:  ENDESA S.A Estacion:  B39.1",2,"P.eléctrica","Luis Vega",NA,"Colecta","Centro de Ecología Aplicada LTDA (Leopoldo Fuentes)","MMA2017","45c3d8d2-7352-4dd1-aefd-c21e0b6b004e","CC_BY_NC_4_0","consultar con institución/autor"
"MMA:ICT:0002739",4463085786,-73.342,-47.769,"Rio Baker entre Rio del Paso y desembocadura","Hatcheria macraei","2007-11-22","2007","","Mandante:  ENDESA S.A Estacion:  B40.1",1,"P.eléctrica","Luis Vega",NA,"Colecta","Centro de Ecología Aplicada LTDA (Leopoldo Fuentes)","MMA2017","45c3d8d2-7352-4dd1-aefd-c21e0b6b004e","CC_BY_NC_4_0","consultar con institución/autor"
"MMA:ICT:0002740",4463085766,-73.436,-47.811,"Rio Baker entre Rio del Paso y desembocadura","Hatcheria macraei","2007-11-22","2007","","Mandante:  ENDESA S.A Estacion:  B41.1",3,"P.eléctrica","Luis Vega",NA,"Colecta","Centro de Ecología Aplicada LTDA (Leopoldo Fuentes)","MMA2017","45c3d8d2-7352-4dd1-aefd-c21e0b6b004e","CC_BY_NC_4_0","consultar con institución/autor"
"MMA:ICT:0002741",4463085767,-73.436,-47.811,"Rio Baker entre Rio del Paso y desembocadura","Hatcheria macraei","2011-11-15","2011","","Mandante:  ENDESA S.A. Estacion:  B41.1",13,"P.eléctrica","Luis Vega",NA,"Colecta","Centro de Ecología Aplicada LTDA (Leopoldo Fuentes)","MMA2017","45c3d8d2-7352-4dd1-aefd-c21e0b6b004e","CC_BY_NC_4_0","consultar con institución/autor"
"MMA:ICT:0002742",4463085770,-71.712,-45.906,"Río Huemules. Vertiente chilena del rio Simpson en la frontera","Hatcheria macraei",NA,NA,"OrigenReg: Publicación, FuenteReg: Unmack et al 2009",NA,2,NA,NA,NA,"Colecta","Referencia bibliográfica","MMA2017","45c3d8d2-7352-4dd1-aefd-c21e0b6b004e","CC_BY_NC_4_0","consultar con institución/autor"
"MMA:ICT:0002743",4463085772,-72.694,-46.468,"Lago  General Carrera. Costeras entre Rio Avellano y Rio Murta","Hatcheria macraei",NA,NA,"OrigenReg: Publicación, FuenteReg: Unmack et al 2009",NA,2,NA,NA,NA,"Colecta","Referencia bibliográfica","MMA2017","45c3d8d2-7352-4dd1-aefd-c21e0b6b004e","CC_BY_NC_4_0","consultar con institución/autor"
"MMA:ICT:0002744",4463085773,-71.874,-41.521,"Río Manso. Cuenca río Puelo (Argentina). Rio Manso entre frontera y Rio de Los Morros","Hatcheria macraei",NA,NA,"FuenteReg: Unmack et al. 2009a",NA,2,NA,NA,NA,NA,"Laboratorio Limnología U. de Chile (Irma Vila)","MMA2017","45c3d8d2-7352-4dd1-aefd-c21e0b6b004e","CC_BY_NC_4_0","consultar con institución/autor"
"MMA:ICT:0002745",4463085776,-71.712,-45.906,"Río Huemules. Cuenca río Aysén. Vertiente chilena del rio Simpson en la frontera","Hatcheria macraei",NA,NA,"FuenteReg: Unmack et al. 2009a",NA,2,NA,NA,NA,NA,"Laboratorio Limnología U. de Chile (Irma Vila)","MMA2017","45c3d8d2-7352-4dd1-aefd-c21e0b6b004e","CC_BY_NC_4_0","consultar con institución/autor"
"MMA:ICT:0002746",4463085778,-71.712,-45.906,"Río Huemules. Vertiente chilena del rio Simpson en la frontera","Hatcheria macraei",NA,NA,"FuenteReg: Unmack et al. 2009b",NA,30,NA,NA,NA,"Colecta","Laboratorio Limnología U. de Chile (Irma Vila)","MMA2017","45c3d8d2-7352-4dd1-aefd-c21e0b6b004e","CC_BY_NC_4_0","consultar con institución/autor"
"MMA:ICT:0002747",4463085780,-72.019,-41.726,"Río Manso. Rio Manso entre Rio Steffen y Rio Puelo","Hatcheria macraei",NA,NA,"FuenteReg: Unmack et al. 2009b",NA,9,NA,NA,NA,"Colecta","Laboratorio Limnología U. de Chile (Irma Vila)","MMA2017","45c3d8d2-7352-4dd1-aefd-c21e0b6b004e","CC_BY_NC_4_0","consultar con institución/autor"
"MMA:ICT:0002748",4463085762,-72.133,-45.167,"Río Ñirehuao. Rio Nireguao entre Rio Norte y Rio Picaflor","Hatcheria macraei",NA,NA,"FuenteReg: Campos et al. 1984",NA,2,NA,NA,NA,"Colecta","Laboratorio Limnología U. de Chile (Irma Vila)","MMA2017","45c3d8d2-7352-4dd1-aefd-c21e0b6b004e","CC_BY_NC_4_0","consultar con institución/autor"
"MMA:ICT:0002750",4463085744,-72.694,-46.468,"Lago General Carrera. Costeras entre Rio Avellano y Rio Murta","Hatcheria macraei",NA,NA,"FuenteReg: Unmack et al. 2009a",NA,2,NA,NA,NA,NA,"Laboratorio Limnología U. de Chile (Irma Vila)","MMA2017","45c3d8d2-7352-4dd1-aefd-c21e0b6b004e","CC_BY_NC_4_0","consultar con institución/autor"
"MMA:ICT:0002751",4463085746,-72.694,-46.468,"Lago General Carrera. en Bahia Murta. Costeras entre Rio Avellano y Rio Murta","Hatcheria macraei",NA,NA,"FuenteReg: Unmack et al. 2009b",NA,30,NA,NA,NA,"Colecta","Laboratorio Limnología U. de Chile (Irma Vila)","MMA2017","45c3d8d2-7352-4dd1-aefd-c21e0b6b004e","CC_BY_NC_4_0","consultar con institución/autor"
"MMA:ICT:0002755",4463085753,-72.803,-47.469,"Lago Largo. Rio Baker Entre Rio de la Colonia y Rio de los Ñadis","Hatcheria macraei",NA,NA,"FuenteReg: Unmack et al. 2009b",NA,6,NA,NA,NA,"Colecta","Laboratorio Limnología U. de Chile (Irma Vila)","MMA2017","45c3d8d2-7352-4dd1-aefd-c21e0b6b004e","CC_BY_NC_4_0","consultar con institución/autor"
"MMA:ICT:0002758",4463085760,-72.694,-46.468,"Lago General Carrera. Costeras entre Rio Avellano y Rio Murta","Hatcheria macraei",NA,NA,"FuenteReg: Campos et al. 1998 Estudio: Ruiz & Marchant 2004",NA,NA,NA,NA,NA,NA,"Laboratorio Limnología U. de Chile (Irma Vila)","MMA2017","45c3d8d2-7352-4dd1-aefd-c21e0b6b004e","CC_BY_NC_4_0","consultar con institución/autor"
"MMA:ICT:0002759",4463085734,-72.778,-45.41,"Río Aysén. Rio Aisen entre Rio Riesco y desembocadura","Hatcheria macraei",NA,NA,"FuenteReg: Campos et al. 1998 Estudio: Ruiz & Marchant 2004",NA,NA,NA,NA,NA,NA,"Laboratorio Limnología U. de Chile (Irma Vila)","MMA2017","45c3d8d2-7352-4dd1-aefd-c21e0b6b004e","CC_BY_NC_4_0","consultar con institución/autor"
"MMA:ICT:0002766",4463085726,-72.018694,-41.726389,"Río Manso. Puelo-Pacific. Rio Manso entre Rio Steffen y Rio Puelo","Hatcheria macraei",NA,NA,"FuenteReg: Unmack et al. 2012",NA,9,NA,NA,NA,NA,"Centro EULA UDEC Evelyn Habit","MMA2017","45c3d8d2-7352-4dd1-aefd-c21e0b6b004e","CC_BY_NC_4_0","consultar con institución/autor"
"MMA:ICT:0002767",4463085728,-72.018694,-41.726389,"Río Manso. Puelo-Pacific. Rio Manso entre Rio Steffen y Rio Puelo","Hatcheria macraei",NA,NA,"FuenteReg: Unmack et al. 2012",NA,3,NA,NA,NA,NA,"Centro EULA UDEC Evelyn Habit","MMA2017","45c3d8d2-7352-4dd1-aefd-c21e0b6b004e","CC_BY_NC_4_0","consultar con institución/autor"
"MMA:ICT:0002768",4463085729,-71.711722,-45.906333,"Río Huemules. Aysén-Pacific. Vertiente chilena del rio Simpson en la frontera","Hatcheria macraei",NA,NA,"FuenteReg: Unmack et al. 2012",NA,8,NA,NA,NA,NA,"Centro EULA UDEC Evelyn Habit","MMA2017","45c3d8d2-7352-4dd1-aefd-c21e0b6b004e","CC_BY_NC_4_0","consultar con institución/autor"
"MMA:ICT:0002769",4463085732,-72.97475,-47.498417,"Río Baker. Baker-Pacific. Rio Baker Entre Rio de Los Ñadis y Rio Ventisquero","Hatcheria macraei",NA,NA,"FuenteReg: Unmack et al. 2012",NA,1,NA,NA,NA,NA,"Centro EULA UDEC Evelyn Habit","MMA2017","45c3d8d2-7352-4dd1-aefd-c21e0b6b004e","CC_BY_NC_4_0","consultar con institución/autor"
"MMA:ICT:0002770",4463085682,-72.803222,-47.4685,"Lago Largo. Baker-Pacific. Rio Baker Entre Rio de la Colonia y Rio de los Ñadis","Hatcheria macraei",NA,NA,"FuenteReg: Unmack et al. 2012",NA,6,NA,NA,NA,NA,"Centro EULA UDEC Evelyn Habit","MMA2017","45c3d8d2-7352-4dd1-aefd-c21e0b6b004e","CC_BY_NC_4_0","consultar con institución/autor"
"MMA:ICT:0002771",4463085684,-72.693556,-46.468083,"Lago General Carrera (Bahía Murta). Baker-Pacific. Costeras entre Rio Avellano y Rio Murta","Hatcheria macraei",NA,NA,"FuenteReg: Unmack et al. 2012",NA,8,NA,NA,NA,NA,"Centro EULA UDEC Evelyn Habit","MMA2017","45c3d8d2-7352-4dd1-aefd-c21e0b6b004e","CC_BY_NC_4_0","consultar con institución/autor"
"MMA:ICT:0002772",4463085686,-71.916997,-45.819538,"Río Blanco. Baker-Pacific. Rio Blanco","Hatcheria macraei",NA,NA,"FuenteReg: Unmack et al. 2012",NA,8,NA,NA,NA,NA,"Centro EULA UDEC Evelyn Habit","MMA2017","45c3d8d2-7352-4dd1-aefd-c21e0b6b004e","CC_BY_NC_4_0","consultar con institución/autor"
"MMA:ICT:0002795",4463085630,-70.933,-53.707,"Rio san juan , peninsula de Brunswick. Costeras entre Rio de Genner y Rio San Juan","Mordacia lapicida","1976-12","1976","",NA,0,NA,"Francisco J. Neira 1984",NA,"4",NA,"MMA2017","45c3d8d2-7352-4dd1-aefd-c21e0b6b004e","CC_BY_NC_4_0","consultar con institución/autor"
"MMA:ICT:0002807",4463088006,-70.933,-53.707,"Magallanes. Costeras entre Rio de Genner y Rio San Juan","Mordacia lapicida","1976-12","1976","OrigenReg: Francisco J. Neira 1984,",NA,0,NA,NA,NA,"4",NA,"MMA2017","45c3d8d2-7352-4dd1-aefd-c21e0b6b004e","CC_BY_NC_4_0","consultar con institución/autor"
"MMA:ICT:0003089",4463089448,-71.844,-46.489,"Lago General Carrera. Bahia Jara. Costeras entre Rio Jeinemeni y Rio San Jose","Odontesthes hatcheri","2007-1-14","2007","OrigenReg: Base de Datos EULA UdeC, FuenteReg: Base Datos 2007",NA,6,"Red Encierro","Juan Jose Ortiz","GPS","3","Centro EULA UDEC Evelyn Habit","MMA2017","45c3d8d2-7352-4dd1-aefd-c21e0b6b004e","CC_BY_NC_4_0","consultar con institución/autor"
"MMA:ICT:0003090",4463086623,-71.844,-46.489,"Lago General Carrera. Rio Bayo. Costeras entre Rio Jeinemeni y Rio San Jose","Odontesthes hatcheri","2007-1-14","2007","OrigenReg: Base de Datos EULA UdeC, FuenteReg: Base Datos 2007",NA,4,"Red Encierro","Juan Jose Ortiz","GPS","3","Centro EULA UDEC Evelyn Habit","MMA2017","45c3d8d2-7352-4dd1-aefd-c21e0b6b004e","CC_BY_NC_4_0","consultar con institución/autor"
"MMA:ICT:0003091",4463086624,-71.725,-46.537,"Estero Burgos. Lago General Carrera. Costeras entre Rio Jeinemeni y Rio San Jose","Odontesthes hatcheri","2007-1-15","2007","OrigenReg: Base de Datos EULA UdeC, FuenteReg: Base Datos 2007",NA,30,"Red Encierro","Juan Jose Ortiz","GPS","3","Centro EULA UDEC Evelyn Habit","MMA2017","45c3d8d2-7352-4dd1-aefd-c21e0b6b004e","CC_BY_NC_4_0","consultar con institución/autor"
"MMA:ICT:0003092",4463086625,-72.593,-47.305,"Laguna Esmeralda. Rio del Salto entre Rio Tranquilo y Rio Baker","Odontesthes hatcheri","2007-1-19","2007","OrigenReg: Base de Datos EULA UdeC, FuenteReg: Base Datos 2007",NA,8,"Red Agallera","Juan Jose Ortiz","GPS","2","Centro EULA UDEC Evelyn Habit","MMA2017","45c3d8d2-7352-4dd1-aefd-c21e0b6b004e","CC_BY_NC_4_0","consultar con institución/autor"
"MMA:ICT:0003093",4463086626,-73.202,-47.7,"Rio Baker. Aguas Abajo Rio Vargas. Rio Baker Entre Rio Ventisquero y Bajo Rio del Paso","Odontesthes hatcheri","2008-12-8","2008","OrigenReg: Base de Datos EULA UdeC, FuenteReg: Base Datos 2008",NA,1,"Red Encierro","Priscila Piedra","GPS","3","Centro EULA UDEC Evelyn Habit","MMA2017","45c3d8d2-7352-4dd1-aefd-c21e0b6b004e","CC_BY_NC_4_0","consultar con institución/autor"
"MMA:ICT:0003094",4463086627,-72.864,-47.316,"Rio Baker. Balseo Colonia. Rio Baker Entre Rio de la Colonia y Rio de los Ñadis","Odontesthes hatcheri","2008-12-11","2008","OrigenReg: Base de Datos EULA UdeC, FuenteReg: Base Datos 2008",NA,5,"Red Encierro","Priscila Piedra","GPS","3","Centro EULA UDEC Evelyn Habit","MMA2017","45c3d8d2-7352-4dd1-aefd-c21e0b6b004e","CC_BY_NC_4_0","consultar con institución/autor"
"MMA:ICT:0003095",4463086607,-72.58,-47.309,"Laguna Esmeralda. Rio del Salto entre Rio Tranquilo y Rio Baker","Odontesthes hatcheri","2008-12-12","2008","OrigenReg: Base de Datos EULA UdeC, FuenteReg: Base Datos 2008",NA,11,"Red Encierro","Priscila Piedra","GPS","3","Centro EULA UDEC Evelyn Habit","MMA2017","45c3d8d2-7352-4dd1-aefd-c21e0b6b004e","CC_BY_NC_4_0","consultar con institución/autor"
"MMA:ICT:0003096",4463086608,-72.594,-47.305,"Laguna Esmeralda. Rio del Salto entre Rio Tranquilo y Rio Baker","Odontesthes hatcheri","2008-12-13","2008","OrigenReg: Base de Datos EULA UdeC, FuenteReg: Base Datos 2008",NA,4,"Red Agallera","Priscila Piedra","GPS","2","Centro EULA UDEC Evelyn Habit","MMA2017","45c3d8d2-7352-4dd1-aefd-c21e0b6b004e","CC_BY_NC_4_0","consultar con institución/autor"
"MMA:ICT:0003097",4463086609,-72.593,-47.305,"Laguna Esmeralda. Rio del Salto entre Rio Tranquilo y Rio Baker","Odontesthes hatcheri","2009-12-7","2009","OrigenReg: Base de Datos EULA UdeC, FuenteReg: Base Datos 2009  2010",NA,33,"Pesca Electrica","Catterina Sobenes","GPS","3","Centro EULA UDEC Evelyn Habit","MMA2017","45c3d8d2-7352-4dd1-aefd-c21e0b6b004e","CC_BY_NC_4_0","consultar con institución/autor"
"MMA:ICT:0003098",4463086610,-72.593,-47.305,"Laguna Esmeralda. Rio del Salto entre Rio Tranquilo y Rio Baker","Odontesthes hatcheri","2009-11-29","2009","OrigenReg: Base de Datos EULA UdeC, FuenteReg: Base Datos 2009  2010",NA,1,"Red Agallera","Catterina Sobenes","GPS","2","Centro EULA UDEC Evelyn Habit","MMA2017","45c3d8d2-7352-4dd1-aefd-c21e0b6b004e","CC_BY_NC_4_0","consultar con institución/autor"
"MMA:ICT:0003099",4463086611,-72.593,-47.305,"Laguna Esmeralda. Rio del Salto entre Rio Tranquilo y Rio Baker","Odontesthes hatcheri","2009-11","2009","OrigenReg: Base de Datos EULA UdeC, FuenteReg: Base Datos 2009  2010",NA,6,"Red Agallera","Catterina Sobenes","GPS","2","Centro EULA UDEC Evelyn Habit","MMA2017","45c3d8d2-7352-4dd1-aefd-c21e0b6b004e","CC_BY_NC_4_0","consultar con institución/autor"
"MMA:ICT:0003100",4463086102,-72.593,-47.305,"Laguna Esmeralda. Rio del Salto entre Rio Tranquilo y Rio Baker","Odontesthes hatcheri","2010-2-3","2010","OrigenReg: Base de Datos EULA UdeC, FuenteReg: Base Datos 2009  2010",NA,6,"Red Agallera","Catterina Sobenes","GPS","2","Centro EULA UDEC Evelyn Habit","MMA2017","45c3d8d2-7352-4dd1-aefd-c21e0b6b004e","CC_BY_NC_4_0","consultar con institución/autor"
"MMA:ICT:0003101",4463086105,-72.593,-47.305,"Laguna Esmeralda. Rio del Salto entre Rio Tranquilo y Rio Baker","Odontesthes hatcheri","2010-2-4","2010","OrigenReg: Base de Datos EULA UdeC, FuenteReg: Base Datos 2009  2010",NA,1,"Red Agallera","Catterina Sobenes","GPS","2","Centro EULA UDEC Evelyn Habit","MMA2017","45c3d8d2-7352-4dd1-aefd-c21e0b6b004e","CC_BY_NC_4_0","consultar con institución/autor"
"MMA:ICT:0003102",4463086106,-72.593,-47.305,"Laguna Esmeralda. Rio del Salto entre Rio Tranquilo y Rio Baker","Odontesthes hatcheri","2010-2-12","2010","OrigenReg: Base de Datos EULA UdeC, FuenteReg: Base Datos 2009  2010",NA,5,"Red Agallera","Catterina Sobenes","GPS","2","Centro EULA UDEC Evelyn Habit","MMA2017","45c3d8d2-7352-4dd1-aefd-c21e0b6b004e","CC_BY_NC_4_0","consultar con institución/autor"
"MMA:ICT:0003103",4463086109,-72.593,-47.305,"Laguna Esmeralda. Rio del Salto entre Rio Tranquilo y Rio Baker","Odontesthes hatcheri","2009-11-28","2009","OrigenReg: Base de Datos EULA UdeC, FuenteReg: Base Datos 2009  2010",NA,2,"Red Encierro","Catterina Sobenes","GPS","3","Centro EULA UDEC Evelyn Habit","MMA2017","45c3d8d2-7352-4dd1-aefd-c21e0b6b004e","CC_BY_NC_4_0","consultar con institución/autor"
"MMA:ICT:0003104",4463086110,-72.593,-47.305,"Laguna Esmeralda. Rio del Salto entre Rio Tranquilo y Rio Baker","Odontesthes hatcheri","2009-12-3","2009","OrigenReg: Base de Datos EULA UdeC, FuenteReg: Base Datos 2009  2010",NA,19,"Red Encierro","Catterina Sobenes","GPS","3","Centro EULA UDEC Evelyn Habit","MMA2017","45c3d8d2-7352-4dd1-aefd-c21e0b6b004e","CC_BY_NC_4_0","consultar con institución/autor"
"MMA:ICT:0003105",4463086112,-72.593,-47.305,"Laguna Esmeralda. Rio del Salto entre Rio Tranquilo y Rio Baker","Odontesthes hatcheri","2010-2-2","2010","OrigenReg: Base de Datos EULA UdeC, FuenteReg: Base Datos 2009  2010",NA,35,"Red Encierro","Catterina Sobenes","GPS","3","Centro EULA UDEC Evelyn Habit","MMA2017","45c3d8d2-7352-4dd1-aefd-c21e0b6b004e","CC_BY_NC_4_0","consultar con institución/autor"
"MMA:ICT:0003106",4463086115,-72.701,-47.281,"Rio Baker entre Rio Chacabuco y Rio de la Colonia","Odontesthes hatcheri","2011-11-13","2011","","Mandante:  ENDESA S.A. Estacion:  B9",1,"P.eléctrica","Roberto Bestard",NA,"Colecta","Centro de Ecología Aplicada LTDA (Leopoldo Fuentes)","MMA2017","45c3d8d2-7352-4dd1-aefd-c21e0b6b004e","CC_BY_NC_4_0","consultar con institución/autor"
"MMA:ICT:0003107",4463086116,-72.583,-47.306,"Rio del Salto entre Rio Tranquilo y Rio Baker","Odontesthes hatcheri","2008-1-29","2008","","Mandante:  ENDESA S.A Estacion:  BCAT21",4,"Red","Roberto Bestard",NA,"Colecta","Centro de Ecología Aplicada LTDA (Leopoldo Fuentes)","MMA2017","45c3d8d2-7352-4dd1-aefd-c21e0b6b004e","CC_BY_NC_4_0","consultar con institución/autor"
"MMA:ICT:0003108",4463086118,-72.583,-47.306,"Rio del Salto entre Rio Tranquilo y Rio Baker","Odontesthes hatcheri","2008-4","2008","","Mandante:  ENDESA S.A Estacion:  BCAT21",2,"Red","Roberto Bestard",NA,"Colecta","Centro de Ecología Aplicada LTDA (Leopoldo Fuentes)","MMA2017","45c3d8d2-7352-4dd1-aefd-c21e0b6b004e","CC_BY_NC_4_0","consultar con institución/autor"
"MMA:ICT:0003109",4463086120,-72.583,-47.306,"Rio del Salto entre Rio Tranquilo y Rio Baker","Odontesthes hatcheri","2010-3","2010","","Mandante:  ENDESA S.A. Estacion:  BCAT21",3,"Red","Luis Vega",NA,"Colecta","Centro de Ecología Aplicada LTDA (Leopoldo Fuentes)","MMA2017","45c3d8d2-7352-4dd1-aefd-c21e0b6b004e","CC_BY_NC_4_0","consultar con institución/autor"
"MMA:ICT:0003110",4463086073,-72.583,-47.306,"Rio del Salto entre Rio Tranquilo y Rio Baker","Odontesthes hatcheri","2011-11-13","2011","","Mandante:  ENDESA S.A. Estacion:  BCAT21",6,"Red","Luis Vega",NA,"Colecta","Centro de Ecología Aplicada LTDA (Leopoldo Fuentes)","MMA2017","45c3d8d2-7352-4dd1-aefd-c21e0b6b004e","CC_BY_NC_4_0","consultar con institución/autor"
"MMA:ICT:0003111",4463086076,-72.583,-47.306,"Rio del Salto entre Rio Tranquilo y Rio Baker","Odontesthes hatcheri","2012-1-19","2012","","Mandante:  ENDESA S.A. Estacion:  BCAT21",5,"Red","Luis Vega",NA,"Colecta","Centro de Ecología Aplicada LTDA (Leopoldo Fuentes)","MMA2017","45c3d8d2-7352-4dd1-aefd-c21e0b6b004e","CC_BY_NC_4_0","consultar con institución/autor"
"MMA:ICT:0003112",4463086077,-72.583,-47.306,"Rio del Salto entre Rio Tranquilo y Rio Baker","Odontesthes hatcheri","2012-8-16","2012","","Mandante:  ENDESA S.A. Estacion:  BCAT21",1,"Red","Luis Vega",NA,"Colecta","Centro de Ecología Aplicada LTDA (Leopoldo Fuentes)","MMA2017","45c3d8d2-7352-4dd1-aefd-c21e0b6b004e","CC_BY_NC_4_0","consultar con institución/autor"
"MMA:ICT:0003113",4463086079,-72.583,-47.312,"Rio del Salto entre Rio Tranquilo y Rio Baker","Odontesthes hatcheri","2009-1-8","2009","","Mandante:  ENDESA S.A Estacion:  ES 1",2,"Red","Luis Vega",NA,"Colecta","Centro de Ecología Aplicada LTDA (Leopoldo Fuentes)","MMA2017","45c3d8d2-7352-4dd1-aefd-c21e0b6b004e","CC_BY_NC_4_0","consultar con institución/autor"
"MMA:ICT:0003114",4463086082,-72.713,-47.35,"Rio del Salto entre Rio Tranquilo y Rio Baker","Odontesthes hatcheri","2011-11-14","2011","","Mandante:  ENDESA S.A. Estacion:  BCAT 24",7,"Red","Luis Vega",NA,"Colecta","Centro de Ecología Aplicada LTDA (Leopoldo Fuentes)","MMA2017","45c3d8d2-7352-4dd1-aefd-c21e0b6b004e","CC_BY_NC_4_0","consultar con institución/autor"
"MMA:ICT:0003115",4463086083,-72.713,-47.35,"Rio del Salto entre Rio Tranquilo y Rio Baker","Odontesthes hatcheri","2012-1-19","2012","","Mandante:  ENDESA S.A. Estacion:  BCAT 24",4,"Red","Luis Vega",NA,"Colecta","Centro de Ecología Aplicada LTDA (Leopoldo Fuentes)","MMA2017","45c3d8d2-7352-4dd1-aefd-c21e0b6b004e","CC_BY_NC_4_0","consultar con institución/autor"
"MMA:ICT:0003116",4463086086,-72.714,-47.35,"Rio del Salto entre Rio Tranquilo y Rio Baker","Odontesthes hatcheri","2007-11","2007","","Mandante:  ENDESA S.A Estacion:  BCAT 24",6,"Red","Leopoldo Fuentes",NA,"Colecta","Centro de Ecología Aplicada LTDA (Leopoldo Fuentes)","MMA2017","45c3d8d2-7352-4dd1-aefd-c21e0b6b004e","CC_BY_NC_4_0","consultar con institución/autor"
"MMA:ICT:0003117",4463086088,-72.714,-47.35,"Rio del Salto entre Rio Tranquilo y Rio Baker","Odontesthes hatcheri","2010-3","2010","","Mandante:  ENDESA S.A. Estacion:  BCAT24",2,"Red","Luis Vega",NA,"Colecta","Centro de Ecología Aplicada LTDA (Leopoldo Fuentes)","MMA2017","45c3d8d2-7352-4dd1-aefd-c21e0b6b004e","CC_BY_NC_4_0","consultar con institución/autor"
"MMA:ICT:0003118",4463086089,-72.714,-47.35,"Rio del Salto entre Rio Tranquilo y Rio Baker","Odontesthes hatcheri","2007-9-13","2007","","Mandante:  ENDESA S.A Estacion:  BCAT24",4,"P.eléctrica","Leopoldo Fuentes",NA,"Colecta","Centro de Ecología Aplicada LTDA (Leopoldo Fuentes)","MMA2017","45c3d8d2-7352-4dd1-aefd-c21e0b6b004e","CC_BY_NC_4_0","consultar con institución/autor"
"MMA:ICT:0003119",4463086091,-73.086,-47.548,"Rio Baker Entre Rio de Los Ñadis y Rio Ventisquero","Odontesthes hatcheri","2010-8-26","2010","","Mandante:  ENDESA S.A. Estacion:  B16",1,"P.eléctrica","Roberto Bestard",NA,"Colecta","Centro de Ecología Aplicada LTDA (Leopoldo Fuentes)","MMA2017","45c3d8d2-7352-4dd1-aefd-c21e0b6b004e","CC_BY_NC_4_0","consultar con institución/autor"
"MMA:ICT:0003120",4463086045,-72.25,-47.25,"Lago Cochrane, approximately 1 km East of Rancho 'La Gauchita' (Mondelo family) at Pescadero de Las Truchas, a *. Lago y Rio Cochrane","Odontesthes hatcheri","1990-1-27","1990","OrigenReg: Fishnet2, FuenteReg: Colecta BS Dyer",NA,9,NA,"BS Dyer, and A Ormeno",NA,"Voucher","Colecta BS Dyer 1986","MMA2017","45c3d8d2-7352-4dd1-aefd-c21e0b6b004e","CC_BY_NC_4_0","consultar con institución/autor"
"MMA:ICT:0003121",4463086046,-72.25,-47.25,"Lago Cochrane, Prov. Capitan Prat, XI Region; Rio Baker drainage. Lago y Rio Cochrane","Odontesthes hatcheri","1990-1-27","1990","OrigenReg: Fishnet2, FuenteReg: Colecta BS Dyer",NA,74,NA,"BS Dyer, and A Ormeno",NA,"Voucher","Colecta BS Dyer 1986","MMA2017","45c3d8d2-7352-4dd1-aefd-c21e0b6b004e","CC_BY_NC_4_0","consultar con institución/autor"
"MMA:ICT:0003122",4463086049,-72.6,-47.333,"Laguna Esmeralda, about 5 km South of Cochrane on road to Puerto Yungay, Prov. Capitan Prat, XI Region; Rio Baker dr.. Rio del Salto entre Rio Tranquilo y Rio Baker","Odontesthes hatcheri","1990-1-28","1990","OrigenReg: Fishnet2, FuenteReg: Colecta BS Dyer",NA,2,NA,"BS Dyer, and C Ormeno",NA,"Voucher","Colecta BS Dyer 1986","MMA2017","45c3d8d2-7352-4dd1-aefd-c21e0b6b004e","CC_BY_NC_4_0","consultar con institución/autor"
"MMA:ICT:0003123",4463086051,-71.683,-46.533,"Lake General Carrera, Bahia Jara, 17 km W of Chile Chico, at mouth of Arroyo or Estero Bano, Prov. General Carrera,*. Costeras entre Rio Jeinemeni y Rio San Jose","Odontesthes hatcheri","1990-1-24","1990","OrigenReg: Fishnet2, FuenteReg: Colecta BS Dyer",NA,4,NA,"BS Dyer, M Reyes, and P Jaramillo",NA,"Voucher","Colecta BS Dyer 1986","MMA2017","45c3d8d2-7352-4dd1-aefd-c21e0b6b004e","CC_BY_NC_4_0","consultar con institución/autor"
"MMA:ICT:0003223",4463085449,-72.603,-42.56,"Caleta Gonzalo. Costeras entre Rio Reñihue y Rio Purilauquen","Odontesthes regia","2008-3-11","2008","OrigenReg: Base de Datos EULA UdeC, FuenteReg: Base Datos 2008",NA,30,"Red Encierro","Evelyn Habit","GPS","3","Centro EULA UDEC Evelyn Habit","MMA2017","45c3d8d2-7352-4dd1-aefd-c21e0b6b004e","CC_BY_NC_4_0","consultar con institución/autor"
"MMA:ICT:0003224",4463085451,-72.603,-42.56,"Caleta Gonzalo. Costeras entre Rio Reñihue y Rio Purilauquen","Odontesthes regia","2008-3-11","2008","OrigenReg: Base de Datos EULA UdeC, FuenteReg: Base Datos 2008",NA,94,"Red Encierro","Evelyn Habit","GPS","3","Centro EULA UDEC Evelyn Habit","MMA2017","45c3d8d2-7352-4dd1-aefd-c21e0b6b004e","CC_BY_NC_4_0","consultar con institución/autor"
"MMA:ICT:0003225",4463085453,-72.712,-42.915,"Chaiten. Playa. Rio Chaiten","Odontesthes regia","2008-3-11","2008","OrigenReg: Base de Datos EULA UdeC, FuenteReg: Base Datos 2008",NA,30,"Red Encierro","Evelyn Habit","GPS","3","Centro EULA UDEC Evelyn Habit","MMA2017","45c3d8d2-7352-4dd1-aefd-c21e0b6b004e","CC_BY_NC_4_0","consultar con institución/autor"
"MMA:ICT:0003434",4463086890,-71.725,-46.537,"Estero Burgos. Lago General Carrera. Costeras entre Rio Jeinemeni y Rio San Jose","Percichthys trucha","2007-1-15","2007","OrigenReg: Base de Datos EULA UdeC, FuenteReg: Base Datos 2007",NA,37,"Red Encierro","Juan Jose Ortiz","GPS","3","Centro EULA UDEC Evelyn Habit","MMA2017","45c3d8d2-7352-4dd1-aefd-c21e0b6b004e","CC_BY_NC_4_0","consultar con institución/autor"
"MMA:ICT:0003435",4463086894,-72.594,-47.305,"Laguna Esmeralda. Rio del Salto entre Rio Tranquilo y Rio Baker","Percichthys trucha","2007-1-19","2007","OrigenReg: Base de Datos EULA UdeC, FuenteReg: Base Datos 2007",NA,33,"Red Agallera","Juan Jose Ortiz","GPS","2","Centro EULA UDEC Evelyn Habit","MMA2017","45c3d8d2-7352-4dd1-aefd-c21e0b6b004e","CC_BY_NC_4_0","consultar con institución/autor"
"MMA:ICT:0003436",4463086898,-72.484,-46.7,"Laguna Silvia. Costeras entre Rio Jeinemeni y Rio San Jose","Percichthys trucha","2007-1-18","2007","OrigenReg: Base de Datos EULA UdeC, FuenteReg: Base Datos 2007",NA,37,"Red Agallera","Juan Jose Ortiz","GPS","2","Centro EULA UDEC Evelyn Habit","MMA2017","45c3d8d2-7352-4dd1-aefd-c21e0b6b004e","CC_BY_NC_4_0","consultar con institución/autor"
"MMA:ICT:0003442",4463086855,-72.69,-47.333,"Laguna Juncal. Rio del Salto entre Rio Tranquilo y Rio Baker","Percichthys trucha","2008-1-23","2008","OrigenReg: Base de Datos EULA UdeC, FuenteReg: Base Datos 2008",NA,3,"Red Agallera","Juan Jose Ortiz","GPS","2","Centro EULA UDEC Evelyn Habit","MMA2017","45c3d8d2-7352-4dd1-aefd-c21e0b6b004e","CC_BY_NC_4_0","consultar con institución/autor"
"MMA:ICT:0003443",4463086858,-72.514,-47.256,"Laguna Maldonado. Lago y Rio Cochrane","Percichthys trucha","2008-1-16","2008","OrigenReg: Base de Datos EULA UdeC, FuenteReg: Base Datos 2008",NA,20,"Red Agallera","Juan Jose Ortiz","GPS","2","Centro EULA UDEC Evelyn Habit","MMA2017","45c3d8d2-7352-4dd1-aefd-c21e0b6b004e","CC_BY_NC_4_0","consultar con institución/autor"
"MMA:ICT:0003444",4463086860,-72.514,-47.256,"Laguna Maldonado. Lago y Rio Cochrane","Percichthys trucha","2008-1-16","2008","OrigenReg: Base de Datos EULA UdeC, FuenteReg: Base Datos 2008",NA,31,"Pesca Electrica","Juan Jose Ortiz","GPS","3","Centro EULA UDEC Evelyn Habit","MMA2017","45c3d8d2-7352-4dd1-aefd-c21e0b6b004e","CC_BY_NC_4_0","consultar con institución/autor"
"MMA:ICT:0003445",4463086863,-72.864,-47.317,"Rio Baker. Balseo Colonia. Rio Baker Entre Rio de la Colonia y Rio de los Ñadis","Percichthys trucha","2008-12-11","2008","OrigenReg: Base de Datos EULA UdeC, FuenteReg: Base Datos 2008",NA,8,"Red Encierro","Priscila Piedra","GPS","3","Centro EULA UDEC Evelyn Habit","MMA2017","45c3d8d2-7352-4dd1-aefd-c21e0b6b004e","CC_BY_NC_4_0","consultar con institución/autor"
"MMA:ICT:0003446",4463086866,-73.503,-47.791,"Rio Baker. Brazo Chico. Rio Baker entre Rio del Paso y desembocadura","Percichthys trucha","2008-12-7","2008","OrigenReg: Base de Datos EULA UdeC, FuenteReg: Base Datos 2008",NA,1,"Pesca Electrica","Priscila Piedra","GPS","3","Centro EULA UDEC Evelyn Habit","MMA2017","45c3d8d2-7352-4dd1-aefd-c21e0b6b004e","CC_BY_NC_4_0","consultar con institución/autor"
"MMA:ICT:0003447",4463086871,-72.945,-47.465,"Rio Baker. Los Nadis. Rio Baker Entre Rio de la Colonia y Rio de los Ñadis","Percichthys trucha","2008-12","2008","OrigenReg: Base de Datos EULA UdeC, FuenteReg: Base Datos 2008",NA,1,"Pesca Electrica","Priscila Piedra","GPS","3","Centro EULA UDEC Evelyn Habit","MMA2017","45c3d8d2-7352-4dd1-aefd-c21e0b6b004e","CC_BY_NC_4_0","consultar con institución/autor"
"MMA:ICT:0003448",4463086873,-73.236,-47.726,"Rio Baker. Rio Vargas. Rio Baker entre Rio del Paso y desembocadura","Percichthys trucha","2008-12-9","2008","OrigenReg: Base de Datos EULA UdeC, FuenteReg: Base Datos 2008",NA,1,"Red Encierro","Priscila Piedra","GPS","3","Centro EULA UDEC Evelyn Habit","MMA2017","45c3d8d2-7352-4dd1-aefd-c21e0b6b004e","CC_BY_NC_4_0","consultar con institución/autor"
"MMA:ICT:0003449",4463086875,-73.234,-47.721,"Rio Baker. Rio Vargas. Rio Baker entre Rio del Paso y desembocadura","Percichthys trucha","2008-12-9","2008","OrigenReg: Base de Datos EULA UdeC, FuenteReg: Base Datos 2008",NA,13,"Red Encierro","Priscila Piedra","GPS","3","Centro EULA UDEC Evelyn Habit","MMA2017","45c3d8d2-7352-4dd1-aefd-c21e0b6b004e","CC_BY_NC_4_0","consultar con institución/autor"
"MMA:ICT:0003450",4463086819,-72.596,-47.312,"Laguna Esmeralda. Rio del Salto entre Rio Tranquilo y Rio Baker","Percichthys trucha","2008-12-12","2008","OrigenReg: Base de Datos EULA UdeC, FuenteReg: Base Datos 2008",NA,1,"Pesca Electrica","Priscila Piedra","GPS","3","Centro EULA UDEC Evelyn Habit","MMA2017","45c3d8d2-7352-4dd1-aefd-c21e0b6b004e","CC_BY_NC_4_0","consultar con institución/autor"
"MMA:ICT:0003451",4463086822,-72.594,-47.305,"Laguna Esmeralda. Rio del Salto entre Rio Tranquilo y Rio Baker","Percichthys trucha","2009-12-2","2009","OrigenReg: Base de Datos EULA UdeC, FuenteReg: Base Datos 2009  2010",NA,1,"Pesca Electrica","Catterina Sobenes","GPS","3","Centro EULA UDEC Evelyn Habit","MMA2017","45c3d8d2-7352-4dd1-aefd-c21e0b6b004e","CC_BY_NC_4_0","consultar con institución/autor"
"MMA:ICT:0003452",4463086826,-72.594,-47.305,"Laguna Esmeralda. Rio del Salto entre Rio Tranquilo y Rio Baker","Percichthys trucha","2009-12-3","2009","OrigenReg: Base de Datos EULA UdeC, FuenteReg: Base Datos 2009  2010",NA,2,"Pesca Electrica","Catterina Sobenes","GPS","3","Centro EULA UDEC Evelyn Habit","MMA2017","45c3d8d2-7352-4dd1-aefd-c21e0b6b004e","CC_BY_NC_4_0","consultar con institución/autor"
"MMA:ICT:0003453",4463086828,-72.594,-47.305,"Laguna Esmeralda. Rio del Salto entre Rio Tranquilo y Rio Baker","Percichthys trucha","2009-12-7","2009","OrigenReg: Base de Datos EULA UdeC, FuenteReg: Base Datos 2009  2010",NA,15,"Pesca Electrica","Catterina Sobenes","GPS","3","Centro EULA UDEC Evelyn Habit","MMA2017","45c3d8d2-7352-4dd1-aefd-c21e0b6b004e","CC_BY_NC_4_0","consultar con institución/autor"
"MMA:ICT:0003454",4463086831,-72.594,-47.305,"Laguna Esmeralda. Rio del Salto entre Rio Tranquilo y Rio Baker","Percichthys trucha","2010-2-2","2010","OrigenReg: Base de Datos EULA UdeC, FuenteReg: Base Datos 2009  2010",NA,1,"Pesca Electrica","Catterina Sobenes","GPS","3","Centro EULA UDEC Evelyn Habit","MMA2017","45c3d8d2-7352-4dd1-aefd-c21e0b6b004e","CC_BY_NC_4_0","consultar con institución/autor"
"MMA:ICT:0003455",4463086835,-72.594,-47.305,"Laguna Esmeralda. Rio del Salto entre Rio Tranquilo y Rio Baker","Percichthys trucha","2010-12","2010","OrigenReg: Base de Datos EULA UdeC, FuenteReg: Base Datos 2009  2010",NA,1,"Pesca Electrica","Catterina Sobenes","GPS","3","Centro EULA UDEC Evelyn Habit","MMA2017","45c3d8d2-7352-4dd1-aefd-c21e0b6b004e","CC_BY_NC_4_0","consultar con institución/autor"
"MMA:ICT:0003456",4463086838,-72.594,-47.305,"Laguna Esmeralda. Rio del Salto entre Rio Tranquilo y Rio Baker","Percichthys trucha","2010-12-11","2010","OrigenReg: Base de Datos EULA UdeC, FuenteReg: Base Datos 2009  2010",NA,2,"Pesca Electrica","Catterina Sobenes","GPS","3","Centro EULA UDEC Evelyn Habit","MMA2017","45c3d8d2-7352-4dd1-aefd-c21e0b6b004e","CC_BY_NC_4_0","consultar con institución/autor"
"MMA:ICT:0003457",4463086841,-72.594,-47.305,"Laguna Esmeralda. Rio del Salto entre Rio Tranquilo y Rio Baker","Percichthys trucha","2010-12-13","2010","OrigenReg: Base de Datos EULA UdeC, FuenteReg: Base Datos 2009  2010",NA,2,"Pesca Electrica","Catterina Sobenes","GPS","3","Centro EULA UDEC Evelyn Habit","MMA2017","45c3d8d2-7352-4dd1-aefd-c21e0b6b004e","CC_BY_NC_4_0","consultar con institución/autor"
"MMA:ICT:0003458",4463086843,-72.594,-47.305,"Laguna Esmeralda. Rio del Salto entre Rio Tranquilo y Rio Baker","Percichthys trucha","2009-11-29","2009","OrigenReg: Base de Datos EULA UdeC, FuenteReg: Base Datos 2009  2010",NA,37,"Red Agallera","Catterina Sobenes","GPS","2","Centro EULA UDEC Evelyn Habit","MMA2017","45c3d8d2-7352-4dd1-aefd-c21e0b6b004e","CC_BY_NC_4_0","consultar con institución/autor"
"MMA:ICT:0003459",4463086846,-72.594,-47.305,"Laguna Esmeralda. Rio del Salto entre Rio Tranquilo y Rio Baker","Percichthys trucha","2009-11","2009","OrigenReg: Base de Datos EULA UdeC, FuenteReg: Base Datos 2009  2010",NA,4,"Red Agallera","Catterina Sobenes","GPS","2","Centro EULA UDEC Evelyn Habit","MMA2017","45c3d8d2-7352-4dd1-aefd-c21e0b6b004e","CC_BY_NC_4_0","consultar con institución/autor"
"MMA:ICT:0003460",4463086790,-72.594,-47.305,"Laguna Esmeralda. Rio del Salto entre Rio Tranquilo y Rio Baker","Percichthys trucha","2009-12-1","2009","OrigenReg: Base de Datos EULA UdeC, FuenteReg: Base Datos 2009  2010",NA,7,"Red Agallera","Catterina Sobenes","GPS","2","Centro EULA UDEC Evelyn Habit","MMA2017","45c3d8d2-7352-4dd1-aefd-c21e0b6b004e","CC_BY_NC_4_0","consultar con institución/autor"
"MMA:ICT:0003461",4463086793,-72.594,-47.305,"Laguna Esmeralda. Rio del Salto entre Rio Tranquilo y Rio Baker","Percichthys trucha","2010-2-3","2010","OrigenReg: Base de Datos EULA UdeC, FuenteReg: Base Datos 2009  2010",NA,1,"Red Agallera","Catterina Sobenes","GPS","2","Centro EULA UDEC Evelyn Habit","MMA2017","45c3d8d2-7352-4dd1-aefd-c21e0b6b004e","CC_BY_NC_4_0","consultar con institución/autor"
"MMA:ICT:0003462",4463086796,-72.594,-47.305,"Laguna Esmeralda. Rio del Salto entre Rio Tranquilo y Rio Baker","Percichthys trucha","2010-2-4","2010","OrigenReg: Base de Datos EULA UdeC, FuenteReg: Base Datos 2009  2010",NA,1,"Red Agallera","Catterina Sobenes","GPS","2","Centro EULA UDEC Evelyn Habit","MMA2017","45c3d8d2-7352-4dd1-aefd-c21e0b6b004e","CC_BY_NC_4_0","consultar con institución/autor"
"MMA:ICT:0003463",4463086797,-72.594,-47.305,"Laguna Esmeralda. Rio del Salto entre Rio Tranquilo y Rio Baker","Percichthys trucha","2010-2-5","2010","OrigenReg: Base de Datos EULA UdeC, FuenteReg: Base Datos 2009  2010",NA,1,"Red Agallera","Catterina Sobenes","GPS","2","Centro EULA UDEC Evelyn Habit","MMA2017","45c3d8d2-7352-4dd1-aefd-c21e0b6b004e","CC_BY_NC_4_0","consultar con institución/autor"
"MMA:ICT:0003464",4463086800,-72.594,-47.305,"Laguna Esmeralda. Rio del Salto entre Rio Tranquilo y Rio Baker","Percichthys trucha","2010-2-6","2010","OrigenReg: Base de Datos EULA UdeC, FuenteReg: Base Datos 2009  2010",NA,4,"Red Agallera","Catterina Sobenes","GPS","2","Centro EULA UDEC Evelyn Habit","MMA2017","45c3d8d2-7352-4dd1-aefd-c21e0b6b004e","CC_BY_NC_4_0","consultar con institución/autor"
"MMA:ICT:0003465",4463086803,-72.594,-47.305,"Laguna Esmeralda. Rio del Salto entre Rio Tranquilo y Rio Baker","Percichthys trucha","2009-11-28","2009","OrigenReg: Base de Datos EULA UdeC, FuenteReg: Base Datos 2009  2010",NA,1,"Red Encierro","Catterina Sobenes","GPS","3","Centro EULA UDEC Evelyn Habit","MMA2017","45c3d8d2-7352-4dd1-aefd-c21e0b6b004e","CC_BY_NC_4_0","consultar con institución/autor"
"MMA:ICT:0003466",4463086807,-72.514,-47.256,"Laguna Maldonado. Lago y Rio Cochrane","Percichthys trucha","2009-12","2009","OrigenReg: Base de Datos EULA UdeC, FuenteReg: Base Datos 2009  2010",NA,51,"Pesca Electrica","Catterina Sobenes","GPS","3","Centro EULA UDEC Evelyn Habit","MMA2017","45c3d8d2-7352-4dd1-aefd-c21e0b6b004e","CC_BY_NC_4_0","consultar con institución/autor"
"MMA:ICT:0003467",4463086811,-72.514,-47.256,"Laguna Maldonado. Lago y Rio Cochrane","Percichthys trucha","2009-12","2009","OrigenReg: Base de Datos EULA UdeC, FuenteReg: Base Datos 2009  2010",NA,29,"Red Agallera","Catterina Sobenes","GPS","2","Centro EULA UDEC Evelyn Habit","MMA2017","45c3d8d2-7352-4dd1-aefd-c21e0b6b004e","CC_BY_NC_4_0","consultar con institución/autor"
"MMA:ICT:0003514",4463089168,-71.842,-41.983,"Lago Azul. Rio Puelo entre Arroyo Ventisquero y bajo Rio Negro","Percichthys trucha","2008-1-8","2008","OrigenReg: Base de Datos EULA UdeC, FuenteReg: Base Datos 2008",NA,6,"Red Agallera","Evelyn Habit","GPS","2","Centro EULA UDEC Evelyn Habit","MMA2017","45c3d8d2-7352-4dd1-aefd-c21e0b6b004e","CC_BY_NC_4_0","consultar con institución/autor"
"MMA:ICT:0003515",4463089166,-72.32,-41.681,"Lago Candelaria. Rio Puelo Entre Desague Laguna Tagua Tagua y Desembocadura","Percichthys trucha","2008-1-4","2008","OrigenReg: Base de Datos EULA UdeC, FuenteReg: Base Datos 2008",NA,10,"Red Agallera","Evelyn Habit","GPS","2","Centro EULA UDEC Evelyn Habit","MMA2017","45c3d8d2-7352-4dd1-aefd-c21e0b6b004e","CC_BY_NC_4_0","consultar con institución/autor"
"MMA:ICT:0003516",4463089172,-71.788,-42.091,"Lago InfeRior. Rio Puelo entre frontera y Rio Ventisquero","Percichthys trucha","2008-1-11","2008","OrigenReg: Base de Datos EULA UdeC, FuenteReg: Base Datos 2008",NA,7,"Pesca Electrica","Evelyn Habit","GPS","3","Centro EULA UDEC Evelyn Habit","MMA2017","45c3d8d2-7352-4dd1-aefd-c21e0b6b004e","CC_BY_NC_4_0","consultar con institución/autor"
"MMA:ICT:0003517",4463089170,-71.814,-42.081,"Lago InfeRior. Casa Mexicano. Rio Puelo entre frontera y Rio Ventisquero","Percichthys trucha","2008-1-12","2008","OrigenReg: Base de Datos EULA UdeC, FuenteReg: Base Datos 2008",NA,6,"Pesca Electrica","Evelyn Habit","GPS","3","Centro EULA UDEC Evelyn Habit","MMA2017","45c3d8d2-7352-4dd1-aefd-c21e0b6b004e","CC_BY_NC_4_0","consultar con institución/autor"
"MMA:ICT:0003518",4463089145,-71.788,-42.091,"Lago InfeRior. Rio Puelo entre frontera y Rio Ventisquero","Percichthys trucha","2008-1-11","2008","OrigenReg: Base de Datos EULA UdeC, FuenteReg: Base Datos 2008",NA,14,"Red Agallera","Evelyn Habit","GPS","2","Centro EULA UDEC Evelyn Habit","MMA2017","45c3d8d2-7352-4dd1-aefd-c21e0b6b004e","CC_BY_NC_4_0","consultar con institución/autor"
"MMA:ICT:0003519",4463089143,-72.168,-41.65,"Lago Tagua Tagua. Rio Puelo Entre Rio Manso y Desague Laguna Tagua Tagua","Percichthys trucha","2008-1-5","2008","OrigenReg: Base de Datos EULA UdeC, FuenteReg: Base Datos 2008",NA,1,"Red Agallera","Evelyn Habit","GPS","2","Centro EULA UDEC Evelyn Habit","MMA2017","45c3d8d2-7352-4dd1-aefd-c21e0b6b004e","CC_BY_NC_4_0","consultar con institución/autor"
"MMA:ICT:0003520",4463089124,-72.183,-41.641,"Lago Victoria. Rio Puelo Entre Rio Manso y Desague Laguna Tagua Tagua","Percichthys trucha","2008-1-6","2008","OrigenReg: Base de Datos EULA UdeC, FuenteReg: Base Datos 2008",NA,5,"Pesca Electrica","Evelyn Habit","GPS","3","Centro EULA UDEC Evelyn Habit","MMA2017","45c3d8d2-7352-4dd1-aefd-c21e0b6b004e","CC_BY_NC_4_0","consultar con institución/autor"
"MMA:ICT:0003521",4463089129,-72.317,-41.67,"Rio La Division. Desagua Lago Candelaria. Rio Puelo Entre Desague Laguna Tagua Tagua y Desembocadura","Percichthys trucha","2008-1-5","2008","OrigenReg: Base de Datos EULA UdeC, FuenteReg: Base Datos 2008",NA,1,"Pesca Electrica","Evelyn Habit","GPS","3","Centro EULA UDEC Evelyn Habit","MMA2017","45c3d8d2-7352-4dd1-aefd-c21e0b6b004e","CC_BY_NC_4_0","consultar con institución/autor"
"MMA:ICT:0003522",4463089127,-72.183,-41.641,"Lago Victoria. Rio Puelo Entre Rio Manso y Desague Laguna Tagua Tagua","Percichthys trucha","2008-3-18","2008","OrigenReg: Base de Datos EULA UdeC, FuenteReg: Base Datos 2008",NA,12,"Red Agallera","Evelyn Habit","GPS","2","Centro EULA UDEC Evelyn Habit","MMA2017","45c3d8d2-7352-4dd1-aefd-c21e0b6b004e","CC_BY_NC_4_0","consultar con institución/autor"
"MMA:ICT:0003523",4463089134,-72.169,-41.644,"Rio Puelo. Desague TaguaTagua. Rio Puelo Entre Rio Manso y Desague Laguna Tagua Tagua","Percichthys trucha","2008-3-17","2008","OrigenReg: Base de Datos EULA UdeC, FuenteReg: Base Datos 2008",NA,5,"Red Encierro","Evelyn Habit","GPS","3","Centro EULA UDEC Evelyn Habit","MMA2017","45c3d8d2-7352-4dd1-aefd-c21e0b6b004e","CC_BY_NC_4_0","consultar con institución/autor"
"MMA:ICT:0003525",4463089137,-72.312,-41.379,"Rio Petrohue. Rio Petrohue Entre Rio Hueñu-Hueñu y Desembocadura","Percichthys trucha","2008-3-9","2008","OrigenReg: Base de Datos EULA UdeC, FuenteReg: Base Datos 2008",NA,52,"Red Encierro","Evelyn Habit","GPS","3","Centro EULA UDEC Evelyn Habit","MMA2017","45c3d8d2-7352-4dd1-aefd-c21e0b6b004e","CC_BY_NC_4_0","consultar con institución/autor"
"MMA:ICT:0003526",4463089136,-71.86,-43.185,"Laguna Espejo. Rio Futaleufu entre frontera y Rio Azulado","Percichthys trucha","2008-3-14","2008","OrigenReg: Base de Datos EULA UdeC, FuenteReg: Base Datos 2008",NA,20,"Red Agallera","Evelyn Habit","GPS","2","Centro EULA UDEC Evelyn Habit","MMA2017","45c3d8d2-7352-4dd1-aefd-c21e0b6b004e","CC_BY_NC_4_0","consultar con institución/autor"
"MMA:ICT:0003683",4463088273,-72.803,-46.844,"Costeras Entre Rio Delta y Desague Lago Jose Miguel Carrera","Percichthys trucha","2008-1-28","2008","","Mandante:  ENDESA S.A Estacion:  BCAT8",1,"Espinel","Luis Vega",NA,"Colecta","Centro de Ecología Aplicada LTDA (Leopoldo Fuentes)","MMA2017","45c3d8d2-7352-4dd1-aefd-c21e0b6b004e","CC_BY_NC_4_0","consultar con institución/autor"
"MMA:ICT:0003684",4463088283,-72.803,-46.844,"Costeras Entre Rio Delta y Desague Lago Jose Miguel Carrera","Percichthys trucha","2008-4-29","2008","","Mandante:  ENDESA S.A Estacion:  BCAT8",1,"Espinel","Roberto Bestard",NA,"Colecta","Centro de Ecología Aplicada LTDA (Leopoldo Fuentes)","MMA2017","45c3d8d2-7352-4dd1-aefd-c21e0b6b004e","CC_BY_NC_4_0","consultar con institución/autor"
"MMA:ICT:0003685",4463088280,-72.803,-46.844,"Costeras Entre Rio Delta y Desague Lago Jose Miguel Carrera","Percichthys trucha","2009-1-11","2009","","Mandante:  ENDESA S.A Estacion:  BCAT8",1,"Espinel","Roberto Bestard",NA,"Colecta","Centro de Ecología Aplicada LTDA (Leopoldo Fuentes)","MMA2017","45c3d8d2-7352-4dd1-aefd-c21e0b6b004e","CC_BY_NC_4_0","consultar con institución/autor"
"MMA:ICT:0003686",4463088289,-72.83,-46.954,"Lago Bertrand","Percichthys trucha","2011-11","2011","","Mandante:  ENDESA S.A. Estacion:  BCAT 12.2",4,"Red","Luis Vega",NA,"Colecta","Centro de Ecología Aplicada LTDA (Leopoldo Fuentes)","MMA2017","45c3d8d2-7352-4dd1-aefd-c21e0b6b004e","CC_BY_NC_4_0","consultar con institución/autor"
"MMA:ICT:0003687",4463088286,-72.83,-46.954,"Lago Bertrand","Percichthys trucha","2012-1-16","2012","","Mandante:  ENDESA S.A. Estacion:  BCAT 12.2",1,"Red","Luis Vega",NA,"Colecta","Centro de Ecología Aplicada LTDA (Leopoldo Fuentes)","MMA2017","45c3d8d2-7352-4dd1-aefd-c21e0b6b004e","CC_BY_NC_4_0","consultar con institución/autor"
"MMA:ICT:0003688",4463088295,-73.134,-46.985,"Rio Soler","Percichthys trucha","2009-1-6","2009","","Mandante:  ENDESA S.A Estacion:  BCAT10",1,"P.eléctrica","Roberto Bestard",NA,"Colecta","Centro de Ecología Aplicada LTDA (Leopoldo Fuentes)","MMA2017","45c3d8d2-7352-4dd1-aefd-c21e0b6b004e","CC_BY_NC_4_0","consultar con institución/autor"
"MMA:ICT:0003689",4463088291,-72.832,-47.015,"Rio Baker Entre Desague Lago Bertrand y Rio Chacabuco","Percichthys trucha","2008-1-28","2008","","Mandante:  ENDESA S.A Estacion:  BCAT12",4,"Red","Luis Vega",NA,"Colecta","Centro de Ecología Aplicada LTDA (Leopoldo Fuentes)","MMA2017","45c3d8d2-7352-4dd1-aefd-c21e0b6b004e","CC_BY_NC_4_0","consultar con institución/autor"
"MMA:ICT:0003690",4463088239,-72.631,-47.202,"Rio Baker entre Rio Chacabuco y Rio de la Colonia","Percichthys trucha","2007-1-7","2007","","Mandante:  ENDESA S.A Estacion:  B8",1,"Espinel","Leopoldo Fuentes",NA,"Colecta","Centro de Ecología Aplicada LTDA (Leopoldo Fuentes)","MMA2017","45c3d8d2-7352-4dd1-aefd-c21e0b6b004e","CC_BY_NC_4_0","consultar con institución/autor"
"MMA:ICT:0003691",4463088243,-72.631,-47.202,"Rio Baker entre Rio Chacabuco y Rio de la Colonia","Percichthys trucha","2008-4-29","2008","","Mandante:  ENDESA S.A Estacion:  B8.1",2,"Espinel","Roberto Bestard",NA,"Colecta","Centro de Ecología Aplicada LTDA (Leopoldo Fuentes)","MMA2017","45c3d8d2-7352-4dd1-aefd-c21e0b6b004e","CC_BY_NC_4_0","consultar con institución/autor"
"MMA:ICT:0003692",4463088240,-72.204,-47.218,"Lago y Rio Cochrane","Percichthys trucha","2012-8-15","2012","","Mandante:  ENDESA S.A. Estacion:  L7",3,"Espinel","Roberto Bestard",NA,"Colecta","Centro de Ecología Aplicada LTDA (Leopoldo Fuentes)","MMA2017","45c3d8d2-7352-4dd1-aefd-c21e0b6b004e","CC_BY_NC_4_0","consultar con institución/autor"
"MMA:ICT:0003693",4463088249,-72.642,-47.229,"Rio Baker entre Rio Chacabuco y Rio de la Colonia","Percichthys trucha","2012-1-17","2012","","Mandante:  ENDESA S.A. Estacion:  B8.2",2,"Espinel","Luis Vega",NA,"Colecta","Centro de Ecología Aplicada LTDA (Leopoldo Fuentes)","MMA2017","45c3d8d2-7352-4dd1-aefd-c21e0b6b004e","CC_BY_NC_4_0","consultar con institución/autor"
"MMA:ICT:0003694",4463088247,-72.535,-47.249,"Lago y Rio Cochrane","Percichthys trucha","2012-8-15","2012","","Mandante:  ENDESA S.A. Estacion:  BCAT20",2,"Espinel","Luis Vega",NA,"Colecta","Centro de Ecología Aplicada LTDA (Leopoldo Fuentes)","MMA2017","45c3d8d2-7352-4dd1-aefd-c21e0b6b004e","CC_BY_NC_4_0","consultar con institución/autor"
"MMA:ICT:0003695",4463088254,-72.516,-47.255,"Lago y Rio Cochrane","Percichthys trucha","2012-1-18","2012","","Mandante:  ENDESA S.A. Estacion:  L2",4,"Red","Luis Vega",NA,"Colecta","Centro de Ecología Aplicada LTDA (Leopoldo Fuentes)","MMA2017","45c3d8d2-7352-4dd1-aefd-c21e0b6b004e","CC_BY_NC_4_0","consultar con institución/autor"
"MMA:ICT:0003696",4463088251,-72.516,-47.255,"Lago y Rio Cochrane","Percichthys trucha","2012-1-18","2012","","Mandante:  ENDESA S.A. Estacion:  L2",3,"P.eléctrica","Luis Vega",NA,"Colecta","Centro de Ecología Aplicada LTDA (Leopoldo Fuentes)","MMA2017","45c3d8d2-7352-4dd1-aefd-c21e0b6b004e","CC_BY_NC_4_0","consultar con institución/autor"
"MMA:ICT:0003697",4463088262,-72.756,-47.277,"Rio Baker entre Rio Chacabuco y Rio de la Colonia","Percichthys trucha","2012-8-16","2012","","Mandante:  ENDESA S.A. Estacion:  B11",1,"Espinel","Roberto Bestard",NA,"Colecta","Centro de Ecología Aplicada LTDA (Leopoldo Fuentes)","MMA2017","45c3d8d2-7352-4dd1-aefd-c21e0b6b004e","CC_BY_NC_4_0","consultar con institución/autor"
"MMA:ICT:0003698",4463088258,-73.374,-47.287,"Ventisquero de la Colonia y Arenales","Percichthys trucha","2007-1-7","2007","","Mandante:  ENDESA S.A Estacion:  B10",1,"P.eléctrica","Leopoldo Fuentes",NA,"Colecta","Centro de Ecología Aplicada LTDA (Leopoldo Fuentes)","MMA2017","45c3d8d2-7352-4dd1-aefd-c21e0b6b004e","CC_BY_NC_4_0","consultar con institución/autor"
"MMA:ICT:0003699",4463088266,-72.756,-47.277,"Rio Baker entre Rio Chacabuco y Rio de la Colonia","Percichthys trucha","2010-8-25","2010","","Mandante:  ENDESA S.A. Estacion:  B11",1,"Espinel","Luis Vega",NA,"Colecta","Centro de Ecología Aplicada LTDA (Leopoldo Fuentes)","MMA2017","45c3d8d2-7352-4dd1-aefd-c21e0b6b004e","CC_BY_NC_4_0","consultar con institución/autor"
"MMA:ICT:0003700",4463090460,-72.701,-47.28,"Rio Baker entre Rio Chacabuco y Rio de la Colonia","Percichthys trucha","2010-8-25","2010","","Mandante:  ENDESA S.A. Estacion:  B9",5,"Espinel","Luis Vega",NA,"Colecta","Centro de Ecología Aplicada LTDA (Leopoldo Fuentes)","MMA2017","45c3d8d2-7352-4dd1-aefd-c21e0b6b004e","CC_BY_NC_4_0","consultar con institución/autor"
"MMA:ICT:0003701",4463090462,-72.701,-47.281,"Rio Baker entre Rio Chacabuco y Rio de la Colonia","Percichthys trucha","2012-8-16","2012","","Mandante:  ENDESA S.A. Estacion:  B9",4,"Espinel","Roberto Bestard",NA,"Colecta","Centro de Ecología Aplicada LTDA (Leopoldo Fuentes)","MMA2017","45c3d8d2-7352-4dd1-aefd-c21e0b6b004e","CC_BY_NC_4_0","consultar con institución/autor"
"MMA:ICT:0003702",4463090461,-72.583,-47.306,"Rio del Salto entre Rio Tranquilo y Rio Baker","Percichthys trucha","2008-1-29","2008","","Mandante:  ENDESA S.A Estacion:  BCAT21",2,"Red","Roberto Bestard",NA,"Colecta","Centro de Ecología Aplicada LTDA (Leopoldo Fuentes)","MMA2017","45c3d8d2-7352-4dd1-aefd-c21e0b6b004e","CC_BY_NC_4_0","consultar con institución/autor"
"MMA:ICT:0003703",4463090465,-72.583,-47.306,"Rio del Salto entre Rio Tranquilo y Rio Baker","Percichthys trucha","2008-4","2008","","Mandante:  ENDESA S.A Estacion:  BCAT21",4,"Red","Roberto Bestard",NA,"Colecta","Centro de Ecología Aplicada LTDA (Leopoldo Fuentes)","MMA2017","45c3d8d2-7352-4dd1-aefd-c21e0b6b004e","CC_BY_NC_4_0","consultar con institución/autor"
"MMA:ICT:0003704",4463090463,-72.583,-47.306,"Rio del Salto entre Rio Tranquilo y Rio Baker","Percichthys trucha","2010-3","2010","","Mandante:  ENDESA S.A. Estacion:  BCAT21",11,"Red","Luis Vega",NA,"Colecta","Centro de Ecología Aplicada LTDA (Leopoldo Fuentes)","MMA2017","45c3d8d2-7352-4dd1-aefd-c21e0b6b004e","CC_BY_NC_4_0","consultar con institución/autor"
"MMA:ICT:0003705",4463090446,-72.583,-47.306,"Rio del Salto entre Rio Tranquilo y Rio Baker","Percichthys trucha","2012-1-19","2012","","Mandante:  ENDESA S.A. Estacion:  BCAT21",3,"Red","Luis Vega",NA,"Colecta","Centro de Ecología Aplicada LTDA (Leopoldo Fuentes)","MMA2017","45c3d8d2-7352-4dd1-aefd-c21e0b6b004e","CC_BY_NC_4_0","consultar con institución/autor"
"MMA:ICT:0003706",4463090445,-72.583,-47.306,"Rio del Salto entre Rio Tranquilo y Rio Baker","Percichthys trucha","2011-11-13","2011","","Mandante:  ENDESA S.A. Estacion:  BCAT21",3,"Espinel","Luis Vega",NA,"Colecta","Centro de Ecología Aplicada LTDA (Leopoldo Fuentes)","MMA2017","45c3d8d2-7352-4dd1-aefd-c21e0b6b004e","CC_BY_NC_4_0","consultar con institución/autor"
"MMA:ICT:0003707",4463090451,-72.583,-47.306,"Rio del Salto entre Rio Tranquilo y Rio Baker","Percichthys trucha","2012-1-19","2012","","Mandante:  ENDESA S.A. Estacion:  BCAT21",4,"Espinel","Luis Vega",NA,"Colecta","Centro de Ecología Aplicada LTDA (Leopoldo Fuentes)","MMA2017","45c3d8d2-7352-4dd1-aefd-c21e0b6b004e","CC_BY_NC_4_0","consultar con institución/autor"
"MMA:ICT:0003708",4463090449,-72.867,-47.313,"Rio Baker Entre Rio de la Colonia y Rio de los Ñadis","Percichthys trucha","2012-1-19","2012","","Mandante:  ENDESA S.A. Estacion:  EMBA 2.1",1,"Espinel","Roberto Bestard",NA,"Colecta","Centro de Ecología Aplicada LTDA (Leopoldo Fuentes)","MMA2017","45c3d8d2-7352-4dd1-aefd-c21e0b6b004e","CC_BY_NC_4_0","consultar con institución/autor"
"MMA:ICT:0003709",4463090454,-72.867,-47.314,"Rio Baker Entre Rio de la Colonia y Rio de los Ñadis","Percichthys trucha","2009-1-7","2009","","Mandante:  ENDESA S.A Estacion:  B12",9,"P.eléctrica","Luis Vega",NA,"Colecta","Centro de Ecología Aplicada LTDA (Leopoldo Fuentes)","MMA2017","45c3d8d2-7352-4dd1-aefd-c21e0b6b004e","CC_BY_NC_4_0","consultar con institución/autor"
"MMA:ICT:0003710",4463090440,-72.583,-47.312,"Rio del Salto entre Rio Tranquilo y Rio Baker","Percichthys trucha","2009-1-8","2009","","Mandante:  ENDESA S.A Estacion:  ES 1",1,"Red","Luis Vega",NA,"Colecta","Centro de Ecología Aplicada LTDA (Leopoldo Fuentes)","MMA2017","45c3d8d2-7352-4dd1-aefd-c21e0b6b004e","CC_BY_NC_4_0","consultar con institución/autor"
"MMA:ICT:0003711",4463090439,-72.583,-47.312,"Rio del Salto entre Rio Tranquilo y Rio Baker","Percichthys trucha","2009-1-12","2009","","Mandante:  ENDESA S.A Estacion:  ES 1",1,"Espinel","Roberto Bestard",NA,"Colecta","Centro de Ecología Aplicada LTDA (Leopoldo Fuentes)","MMA2017","45c3d8d2-7352-4dd1-aefd-c21e0b6b004e","CC_BY_NC_4_0","consultar con institución/autor"
"MMA:ICT:0003712",4463090442,-72.713,-47.35,"Rio del Salto entre Rio Tranquilo y Rio Baker","Percichthys trucha","2011-11-14","2011","","Mandante:  ENDESA S.A. Estacion:  BCAT 24",16,"Red","Luis Vega",NA,"Colecta","Centro de Ecología Aplicada LTDA (Leopoldo Fuentes)","MMA2017","45c3d8d2-7352-4dd1-aefd-c21e0b6b004e","CC_BY_NC_4_0","consultar con institución/autor"
"MMA:ICT:0003713",4463090441,-72.713,-47.35,"Rio del Salto entre Rio Tranquilo y Rio Baker","Percichthys trucha","2012-1-19","2012","","Mandante:  ENDESA S.A. Estacion:  BCAT 24",33,"Red","Luis Vega",NA,"Colecta","Centro de Ecología Aplicada LTDA (Leopoldo Fuentes)","MMA2017","45c3d8d2-7352-4dd1-aefd-c21e0b6b004e","CC_BY_NC_4_0","consultar con institución/autor"
"MMA:ICT:0003714",4463090444,-72.714,-47.35,"Rio del Salto entre Rio Tranquilo y Rio Baker","Percichthys trucha","2007-11","2007","","Mandante:  ENDESA S.A Estacion:  BCAT 24",4,"Red","Leopoldo Fuentes",NA,"Colecta","Centro de Ecología Aplicada LTDA (Leopoldo Fuentes)","MMA2017","45c3d8d2-7352-4dd1-aefd-c21e0b6b004e","CC_BY_NC_4_0","consultar con institución/autor"
"MMA:ICT:0003715",4463090443,-72.714,-47.35,"Rio del Salto entre Rio Tranquilo y Rio Baker","Percichthys trucha","2010-3","2010","","Mandante:  ENDESA S.A. Estacion:  BCAT24",6,"Red","Luis Vega",NA,"Colecta","Centro de Ecología Aplicada LTDA (Leopoldo Fuentes)","MMA2017","45c3d8d2-7352-4dd1-aefd-c21e0b6b004e","CC_BY_NC_4_0","consultar con institución/autor"
"MMA:ICT:0003716",4463090426,-72.714,-47.35,"Rio del Salto entre Rio Tranquilo y Rio Baker","Percichthys trucha","2007-9-13","2007","","Mandante:  ENDESA S.A Estacion:  BCAT24",1,"P.eléctrica","Leopoldo Fuentes",NA,"Colecta","Centro de Ecología Aplicada LTDA (Leopoldo Fuentes)","MMA2017","45c3d8d2-7352-4dd1-aefd-c21e0b6b004e","CC_BY_NC_4_0","consultar con institución/autor"
"MMA:ICT:0003717",4463090425,-72.595,-47.371,"Rio del Salto entre Rio Tranquilo y Rio Baker","Percichthys trucha","2012-8-17","2012","","Mandante:  ENDESA S.A. Estacion:  L3",4,"Espinel","Luis Vega",NA,"Colecta","Centro de Ecología Aplicada LTDA (Leopoldo Fuentes)","MMA2017","45c3d8d2-7352-4dd1-aefd-c21e0b6b004e","CC_BY_NC_4_0","consultar con institución/autor"
"MMA:ICT:0003718",4463090430,-72.583,-47.421,"Rio del Salto entre Rio Tranquilo y Rio Baker","Percichthys trucha","2012-1","2012","","Mandante:  ENDESA S.A. Estacion:  L6",2,"Espinel","Roberto Bestard",NA,"Colecta","Centro de Ecología Aplicada LTDA (Leopoldo Fuentes)","MMA2017","45c3d8d2-7352-4dd1-aefd-c21e0b6b004e","CC_BY_NC_4_0","consultar con institución/autor"
"MMA:ICT:0003719",4463090428,-73.089,-47.532,"Rio Baker Entre Rio de Los Ñadis y Rio Ventisquero","Percichthys trucha","2009-1","2009","","Mandante:  ENDESA S.A Estacion:  B15",1,"Espinel","Luis Vega",NA,"Colecta","Centro de Ecología Aplicada LTDA (Leopoldo Fuentes)","MMA2017","45c3d8d2-7352-4dd1-aefd-c21e0b6b004e","CC_BY_NC_4_0","consultar con institución/autor"
"MMA:ICT:0003720",4463090418,-73.086,-47.548,"Rio Baker Entre Rio de Los Ñadis y Rio Ventisquero","Percichthys trucha","2007-1-7","2007","","Mandante:  ENDESA S.A Estacion:  B16",2,"Espinel","Leopoldo Fuentes",NA,"Colecta","Centro de Ecología Aplicada LTDA (Leopoldo Fuentes)","MMA2017","45c3d8d2-7352-4dd1-aefd-c21e0b6b004e","CC_BY_NC_4_0","consultar con institución/autor"
"MMA:ICT:0003721",4463090420,-73.086,-47.548,"Rio Baker Entre Rio de Los Ñadis y Rio Ventisquero","Percichthys trucha","2010-8-26","2010","","Mandante:  ENDESA S.A. Estacion:  B16",4,"Espinel","Roberto Bestard",NA,"Colecta","Centro de Ecología Aplicada LTDA (Leopoldo Fuentes)","MMA2017","45c3d8d2-7352-4dd1-aefd-c21e0b6b004e","CC_BY_NC_4_0","consultar con institución/autor"
"MMA:ICT:0003722",4463090419,-73.08,-47.551,"Rio Baker Entre Rio de Los Ñadis y Rio Ventisquero","Percichthys trucha","2011-11-14","2011","","Mandante:  ENDESA S.A. Estacion:  B16",10,"Espinel","Roberto Bestard",NA,"Colecta","Centro de Ecología Aplicada LTDA (Leopoldo Fuentes)","MMA2017","45c3d8d2-7352-4dd1-aefd-c21e0b6b004e","CC_BY_NC_4_0","consultar con institución/autor"
"MMA:ICT:0003723",4463090422,-73.08,-47.551,"Rio Baker Entre Rio de Los Ñadis y Rio Ventisquero","Percichthys trucha","2012-1","2012","","Mandante:  ENDESA S.A. Estacion:  B16",2,"Espinel","Roberto Bestard",NA,"Colecta","Centro de Ecología Aplicada LTDA (Leopoldo Fuentes)","MMA2017","45c3d8d2-7352-4dd1-aefd-c21e0b6b004e","CC_BY_NC_4_0","consultar con institución/autor"
"MMA:ICT:0003724",4463090421,-73.145,-47.683,"Rio Baker Entre Rio Ventisquero y Bajo Rio del Paso","Percichthys trucha","2009-1","2009","","Mandante:  ENDESA S.A Estacion:  B18",1,"Espinel","Luis Vega",NA,"Colecta","Centro de Ecología Aplicada LTDA (Leopoldo Fuentes)","MMA2017","45c3d8d2-7352-4dd1-aefd-c21e0b6b004e","CC_BY_NC_4_0","consultar con institución/autor"
"MMA:ICT:0003725",4463090424,-73.146,-47.684,"Rio Baker Entre Rio Ventisquero y Bajo Rio del Paso","Percichthys trucha","2011-11-15","2011","","Mandante:  ENDESA S.A. Estacion:  B17",2,"Espinel","Roberto Bestard",NA,"Colecta","Centro de Ecología Aplicada LTDA (Leopoldo Fuentes)","MMA2017","45c3d8d2-7352-4dd1-aefd-c21e0b6b004e","CC_BY_NC_4_0","consultar con institución/autor"
"MMA:ICT:0003726",4463090423,-73.209,-47.71,"Rio Baker Entre Rio Ventisquero y Bajo Rio del Paso","Percichthys trucha","2007-1-7","2007","","Mandante:  ENDESA S.A Estacion:  B19",1,"Espinel","Leopoldo Fuentes",NA,"Colecta","Centro de Ecología Aplicada LTDA (Leopoldo Fuentes)","MMA2017","45c3d8d2-7352-4dd1-aefd-c21e0b6b004e","CC_BY_NC_4_0","consultar con institución/autor"
"MMA:ICT:0003727",4463090416,-73.436,-47.811,"Rio Baker entre Rio del Paso y desembocadura","Percichthys trucha","2011-11-15","2011","","Mandante:  ENDESA S.A. Estacion:  B41.1",1,"Espinel","Luis Vega",NA,"Colecta","Centro de Ecología Aplicada LTDA (Leopoldo Fuentes)","MMA2017","45c3d8d2-7352-4dd1-aefd-c21e0b6b004e","CC_BY_NC_4_0","consultar con institución/autor"
"MMA:ICT:0003733",4463090403,-71.683,-46.533,"Lake General Carrera, Bahia Jara, 17 km W of Chile Chico, at mouth of Arroyo or Estero Bano, Prov. General Carrera,*. Costeras entre Rio Jeinemeni y Rio San Jose","Percichthys trucha","1990-1-24","1990","OrigenReg: Fishnet2, FuenteReg: Colecta BS Dyer",NA,6,NA,"BS Dyer, M Reyes, and P Jaramillo",NA,"Voucher","Colecta BS Dyer 1986","MMA2017","45c3d8d2-7352-4dd1-aefd-c21e0b6b004e","CC_BY_NC_4_0","consultar con institución/autor"
"MMA:ICT:0003739",4463090396,-70.897,-53.164,"Punta Arenas. Costeras Entre Rio de los Ciervos (Incluido) y Rio Chabunco","Percichthys trucha","1919","1919","FuenteReg: Eigenmann 1927 Estudio: Campos et al. 1993b",NA,NA,NA,NA,NA,"Colecta","Laboratorio Limnología U. de Chile (Irma Vila)","MMA2017","45c3d8d2-7352-4dd1-aefd-c21e0b6b004e","CC_BY_NC_4_0","consultar con institución/autor"
"MMA:ICT:0003748",4463090392,-72.033,-41.083,"Lago Todos los Santos. en Puella. Lago Todos Los Santos","Percichthys trucha","1919","1919","FuenteReg: Eigenmann 1927 Estudio: Campos et al. 1993b",NA,NA,NA,NA,NA,"Colecta","Laboratorio Limnología U. de Chile (Irma Vila)","MMA2017","45c3d8d2-7352-4dd1-aefd-c21e0b6b004e","CC_BY_NC_4_0","consultar con institución/autor"
"MMA:ICT:0003793",4463090238,-74.068,-46.692,"Laguna del Río Negro. Ventisquero San Quintin, Campos de Hielo San Valentin","Percichthys trucha",NA,NA,"FuenteReg: Perugia 1891 Estudio: Campos et al. 1993b",NA,NA,NA,NA,NA,NA,"Laboratorio Limnología U. de Chile (Irma Vila)","MMA2017","45c3d8d2-7352-4dd1-aefd-c21e0b6b004e","CC_BY_NC_4_0","consultar con institución/autor"
"MMA:ICT:0005182",4463087312,-73.806,-42.375,"Río Cudil. Rio Chepu","Trichomycterus areolatus",NA,NA,"OrigenReg: Unmack et al 2009,",NA,8,NA,NA,NA,NA,NA,"MMA2017","45c3d8d2-7352-4dd1-aefd-c21e0b6b004e","CC_BY_NC_4_0","consultar con institución/autor"
"MMA:ICT:0005183",4463087315,-73.811,-42.12,"Río Puntra. Rio Chepu","Trichomycterus areolatus",NA,NA,"OrigenReg: Unmack et al 2009,",NA,8,NA,NA,NA,NA,NA,"MMA2017","45c3d8d2-7352-4dd1-aefd-c21e0b6b004e","CC_BY_NC_4_0","consultar con institución/autor"
"MMA:ICT:0005196",4463087275,-73.705,-42.278,"Río Butalcura. Rio Chepu","Trichomycterus areolatus","2002/2003","2002","FuenteReg: Gonzalez 2005",NA,NA,NA,NA,NA,"Colecta","Laboratorio Limnología U. de Chile (Irma Vila)","MMA2017","45c3d8d2-7352-4dd1-aefd-c21e0b6b004e","CC_BY_NC_4_0","consultar con institución/autor"
"MMA:ICT:0005199",4463087276,-73.809,-42.118,"Río Puntra. Rio Chepu","Trichomycterus areolatus","2002/2003","2002","FuenteReg: Gonzalez 2005",NA,NA,NA,NA,NA,"Colecta","Laboratorio Limnología U. de Chile (Irma Vila)","MMA2017","45c3d8d2-7352-4dd1-aefd-c21e0b6b004e","CC_BY_NC_4_0","consultar con institución/autor"
"MMA:ICT:0005217",4463086704,-71.883,-41.05,"Casa Pangue. Rio Peulla","Trichomycterus areolatus","1919","1919","FuenteReg: Eigenmann 1927",NA,NA,NA,NA,NA,"Colecta","Laboratorio Limnología U. de Chile (Irma Vila)","MMA2017","45c3d8d2-7352-4dd1-aefd-c21e0b6b004e","CC_BY_NC_4_0","consultar con institución/autor"
"MMA:ICT:0005228",4463086684,-72.033,-41.083,"Lago Todos los santos. En Peulla. Lago Todos Los Santos","Trichomycterus areolatus","1919","1919","FuenteReg: Eigenmann 1927",NA,NA,NA,NA,NA,"Colecta","Laboratorio Limnología U. de Chile (Irma Vila)","MMA2017","45c3d8d2-7352-4dd1-aefd-c21e0b6b004e","CC_BY_NC_4_0","consultar con institución/autor"
"MMA:ICT:0005229",4463086683,-72.417,-41.15,"Cascada de Petrohue. Lago Todos Los Santos","Trichomycterus areolatus","1919","1919","FuenteReg: Eigenmann 1927",NA,NA,NA,NA,NA,"Colecta","Laboratorio Limnología U. de Chile (Irma Vila)","MMA2017","45c3d8d2-7352-4dd1-aefd-c21e0b6b004e","CC_BY_NC_4_0","consultar con institución/autor"
"MMA:ICT:0005261",4463086636,-73.806,-42.375,"Río Cudil. Cuenca río Butalcura. Rio Chepu","Trichomycterus areolatus",NA,NA,"FuenteReg: Unmack et al. 2009b",NA,23,NA,NA,NA,"Colecta","Laboratorio Limnología U. de Chile (Irma Vila)","MMA2017","45c3d8d2-7352-4dd1-aefd-c21e0b6b004e","CC_BY_NC_4_0","consultar con institución/autor"
"MMA:ICT:0005262",4463086629,-73.811,-42.12,"Río Puntra. Cuenca río Butalcura. Rio Chepu","Trichomycterus areolatus",NA,NA,"FuenteReg: Unmack et al. 2009a",NA,8,NA,NA,NA,NA,"Laboratorio Limnología U. de Chile (Irma Vila)","MMA2017","45c3d8d2-7352-4dd1-aefd-c21e0b6b004e","CC_BY_NC_4_0","consultar con institución/autor"
"MMA:ICT:0005266",4463086633,-73.709,-42.28,"Río Butalcura. Rio Chepu","Trichomycterus areolatus",NA,NA,"FuenteReg: Campos et al. 1984",NA,NA,NA,NA,NA,"Colecta","Laboratorio Limnología U. de Chile (Irma Vila)","MMA2017","45c3d8d2-7352-4dd1-aefd-c21e0b6b004e","CC_BY_NC_4_0","consultar con institución/autor"
