InstitutionCode,CollectionCode,CatalogNumber,IndividualCount,ScientificName,Family,PreparationType,Tissues,Latitude,Longitude,decimalLatitude,decimalLongitude,CoordinateUncertaintyInMeters,HorizontalDatum,Country,StateProvince,County,Island,IslandGroup,Locality,VerbatimElevation,VerbatimDepth,YearCollected,MonthCollected,DayCollected,Collector,GeorefMethod,LatLongComments,BasisOfRecord,Remarks,DateLastModified
FMNH,Fishes,77399,2,Aplochiton zebra,Galaxiidae,,,-41.0500,-71.8833,-41.0500,-71.8833,,,Chile,,,,,Casa Panque,,,1919,3,6,C. H. Eigenmann,,,PreservedSpecimen,,2015-3-6T20:23:39.000CMT
FMNH,Fishes,96218,4,Percichthys trucha,Percichthyidae,,,-38.5333,-72.4333,-38.5333,-72.4333,,,Chile,,,,,"Lautaro, Rio Cautin 214 m. elev",,,1919,2,13,C. H. Eigenmann,,,PreservedSpecimen,,2015-3-6T20:17:39.000CMT
FMNH,Fishes,77554,15,Galaxias maculatus,Galaxiidae,,,-41.4667,-72.9500,-41.4667,-72.9500,,,Chile,,,,,"Puerto Montt, Estero Pilluco, elev. 5 m",,,1919,2,22,C. H. Eigenmann,,,PreservedSpecimen,,2015-3-6T20:23:17.000CMT
FMNH,Fishes,78368,5,Aplochiton zebra,Galaxiidae,,,-41.0833,-72.0333,-41.0833,-72.0333,,,Chile,,,,,"Peulla, Lago Todos Santos, 190 m elev",,,,,,C. H. Eigenmann,,,PreservedSpecimen,,2015-3-17T14:22:01.000CMT
FMNH,Fishes,80322,268,Galaxias maculatus,Galaxiidae,,,-41.0833,-72.0333,-41.0833,-72.0333,,,Chile,,,,,"Peulla; Lago Todos Santos, 190 m. elev",,,1919,,,C. H. Eigenmann,,,PreservedSpecimen,,2015-3-6T20:24:06.000CMT
FMNH,Fishes,96214,2,Aplochiton zebra,Galaxiidae,,,-39.8167,-73.2500,-39.8167,-73.2500,,,Chile,,,,,"Estero Cutipai, below Valdivia",,,1919,2,19,C. H. Eigenmann,,,PreservedSpecimen,,2015-3-7T01:44:25.000CMT
FMNH,Fishes,77907,48,Galaxias maculatus,Galaxiidae,,,-41.2000,-72.5167,-41.2000,-72.5167,,,Chile,,,,,"Ensenada, in to Laga Llanquihue",,,1919,3,9,C. H. Eigenmann,,,PreservedSpecimen,,2015-3-6T20:22:22.000CMT
FMNH,Fishes,78410,10,Galaxias plattii,Galaxiidae,,,-41.0833,-72.0333,-41.0833,-72.0333,,,Chile,,,,,Peulla:  Lago Tados Santos 190 m. elev,,,1919,2,,C. H. Eigenmann,,,PreservedSpecimen,,2015-3-6T20:22:17.000CMT
FMNH,Fishes,96241,47,Galaxias maculatus,Galaxiidae,,,-41.0833,-72.0333,-41.0833,-72.0333,,,Chile,,,,,"Peulla, Lago Todos Santos 190 m. elev",,,1919,3,,C. H. Eigenmann,,,PreservedSpecimen,,2015-3-6T20:12:04.000CMT
FMNH,Fishes,96213,6,Percichthys trucha,Percichthyidae,,,-38.5333,-72.4333,-38.5333,-72.4333,,,Chile,,,,,"Lautaro, Rio Cautin 214 m. elev",,,1919,2,13,C. H. Eigenmann,,,PreservedSpecimen,,2015-3-6T20:16:26.000CMT
FMNH,Fishes,77393,6,Aplochiton zebra,Galaxiidae,,,-41.1500,-72.4167,-41.1500,-72.4167,,,Chile,,,,,"Falls at Pitrohue, 100 m. elev",,,1919,3,8,C. H. Eigenmann,,,PreservedSpecimen,,2015-3-7T01:46:14.000CMT
FMNH,Fishes,89063,2,Aplochiton taeniatus,Galaxiidae,,,-41.0833,-72.0333,-41.0833,-72.0333,,,Chile,,,,,"Peulla, Lago Todos Santos, 190 m. elev",,,1919,2,27,C. H. Eigenmann,,,PreservedSpecimen,,2015-3-6T20:18:16.000CMT
FMNH,Fishes,96233,6,Galaxias maculatus,Galaxiidae,,,-39.8167,-73.2500,-39.8167,-73.2500,,,Chile,,,,,"Rio CalleCalle, Cutipai, near Valdivia",,,1919,2,19,C. H. Eigenmann,,,PreservedSpecimen,,2015-3-6T20:10:26.000CMT
NSMT,P,108551,,Aplochiton taeniatus,Galaxiidae,,,-41.085,-72.35499999999999,-41.085,-72.35499999999999,,,Chile,,,,,"Chile, Los Lagos Region, Llanquihue Lake",,,,,,,,,PreservedSpecimen,,2017-09-01T17:07:27+09:00
NSMT,P,61092,,Percichthys trucha,Percichthyidae,,,-47.233333333333334,-72.51666666666667,-47.233333333333334,-72.51666666666667,,,Chile,,,,,"Chile, Lake Maldonado",,3 meters-5 meters,,,,,,,PreservedSpecimen,,2017-09-06T06:24:48+09:00
UF,Fish,33951,,Salmo gairdnerii,Salmonidae,EtOH - 11,,-41.2261410,-72.6855680,-41.2261410,-72.6855680,,,Chile,Llanquihue Province,,,,"Rio Tupe, 12.0 km W of Ensanada.",,,1972,12,21,"Pescador, M",FishNet,,PreservedSpecimen,,1990-08-09 00:00:00.0
UF,Fish,33952,,Salmo trutta,Salmonidae,EtOH - 1,,-32.9670470,-70.2925890,-32.9670470,-70.2925890,,,Chile,Aconcagua Province,,,,"Rio Blanco at El Juncal, 21 kilometers southwest of Portillo",,,1972,11,21,"Pescador, M",,,PreservedSpecimen,,1990-08-09 00:00:00.0
UF,Fish,117110,,Diplomystes nahuelbutaensis,Diplomystidae,EtOH - 2,,-36.8123370,-73.0166670,-36.8123370,-73.0166670,,,Chile,Bio-Bio,,,,"Rio Laja at Puente Tupacel, approximately 2 miles south of the town of Tucapel",,,1992,10,9,"Ruiz, Victor",,,PreservedSpecimen,No field notes,2001-06-06 08:37:34.0
CAS,ICH,97398,7,Aplochiton taeniatus,Galaxiidae,alc-75% EtOH,,-39.8621290000,-73.3335940000,-39.8621290000,-73.3335940000,8856.00000000000000,,Chile,,,,,Below Validivia; from market.,,,1919,2,19,"Eigenmann, Carl H.",,Coordinates at mid-way point between Valdivia and the Pacific Ocean.,PreservedSpecimen,Irwin Exped.,1997-10-31 00:00:00.0
CAS,ICH,97399,11,Aplochiton taeniatus,Galaxiidae,alc-75% EtOH; radiograph,,-52.9692730000,-70.9858110000,-52.9692730000,-70.9858110000,9106.00000000000000,,Chile,,,,,R. Pescado.,,,1919,3,10,"Eigenmann, Carl H.",,"Polygon covers Rio Pescado, coordinates placed at center of polygon.",PreservedSpecimen,Irwin Exped.,2018-06-13 16:23:03.0
CAS,ICH,97400,2,Aplochiton taeniatus,Galaxiidae,alc-75% EtOH,,-41.4757690000,-72.9484410000,-41.4757690000,-72.9484410000,4658.00000000000000,,Chile,,,,,Puerto Montt.,,,1919,2,23,"Eigenmann, Carl H.",,,PreservedSpecimen,Irwin Exped.,1999-07-08 00:00:00.0
CAS,ICH,97401,3,Aplochiton taeniatus,Galaxiidae,alc-75% EtOH,,-41.3000000000,-72.9500000000,-41.3000000000,-72.9500000000,,,Chile,Los Lagos,,,,"Puerto Varas (74 m elev.): either creek through town, or estero into Lago Llanquihue",,,1919,3,12,"Eigenmann, Carl H.",,,PreservedSpecimen,Irwin Expedition,2002-07-03 00:00:00.0
CAS,ICH,97402,11,Aplochiton taeniatus,Galaxiidae,alc-75% EtOH; radiograph,,-41.1731930000,-72.4469420000,-41.1731930000,-72.4469420000,385.00000000000000,,Chile,,,,,Falls of Petrohue.,,,1919,3,8,"Eigenmann, Carl H.",,,PreservedSpecimen,Irwin Exped.,2018-06-13 16:23:06.0
CAS,ICH,97403,11,Aplochiton taeniatus,Galaxiidae,alc-75% EtOH; radiograph,,-40.5833330000,-73.1500000000,-40.5833330000,-73.1500000000,,,Chile,Los Lagos,,,,"R. Rahue, Osorno; 25 m elev.",,,1919,3,14,"Eigenmann, Carl H.",,,PreservedSpecimen,Irwin Expedition.,2018-06-13 16:23:13.0
CAS,ICH,97404,1,Aplochiton taeniatus,Galaxiidae,alc-75% EtOH; radiograph,,-39.8120090000,-73.2213290000,-39.8120090000,-73.2213290000,951.00000000000000,,Chile,,,,,"Estero Santa Rosa, near Valdivia.",,,,,,"Eigenmann, Carl H.",,"Coordinates at Santa Rosa-Las Animas, near Valdivia.",PreservedSpecimen,Irwin Exped.,2018-06-13 16:23:27.0
CAS,ICH,97405,4,Aplochiton taeniatus,Galaxiidae,alc-75% EtOH; radiograph,,-39.8313370000,-73.3405960000,-39.8313370000,-73.3405960000,3169.00000000000000,,Chile,,,,,Estero Cutipai.,,,1919,2,1,"Eigenmann, Carl H.",,"Polygon covers Estero Cutipay, below Valdivia.",PreservedSpecimen,Irwin Exped.,2018-06-13 16:23:20.0
CAS,SU,273,1,Aplochiton zebra,Galaxiidae,alc-75% EtOH,,-52.3750000000,-69.3666670000,-52.3750000000,-69.3666670000,,,Chile,,,,,"Strait of Magellan, ",,29.5 fa,1888,1,18,U.S. Fish Commission,,,PreservedSpecimen,Sta. 2775,2012-04-23 15:13:53.0
CAS,ICH,27839,1,Diplomystes chilensis,Diplomystidae,alc-75% EtOH,,-33.4762430000,-70.6667100000,-33.4762430000,-70.6667100000,21647.00000000000000,,Chile,,,,,Santiago market.,,,,,,"Eigenmann, C. H.; Murdock",,"Coordinates at Santiago, error covers town.",PreservedSpecimen,Irwin Expedition,2016-08-16 15:02:51.0
CAS,ICH,30875,2,Diplomystes nahuelbutaensis,Diplomystidae,alc-75% EtOH,,-36.8166670000,-73.0500000000,-36.8166670000,-73.0500000000,,,Chile,Biobio Region,,,,"Lower end of Estero Nonguen, into Rio Andalien on grounds of agricultural college at edge of Concepcion; 90 m elev.",,,1919,3,20,"Eigenmann, Carl H.",,,PreservedSpecimen,"Publ.: Bonner Zool. Monogr., No.24: 33, figs.8,10-18.",2013-06-28 00:00:00.0
CAS,ICH,30876,43,Galaxias platei,Galaxiidae,alc-75% EtOH; C&S-glycerine,,-39.8000000000,-72.4166670000,-39.8000000000,-72.4166670000,,,Chile,Los Lagos,,,,"Lago Rinihue, Estero Panqueco; 118 m elev.",,,1919,3,16,"Eigenmann, Carl H.",,,PreservedSpecimen,MISTAKEN FOR IU 15571; ONE SPEC. PARTIALLY STAINED (IN ETHYL).,2002-07-03 00:00:00.0
CAS,ICH,38644,47,Percichthys trucha,Percichthyidae,alc-75% EtOH; alc-75% EtOH; alc-75% EtOH; alc-75% EtOH,,-41.0833330000,-72.0333330000,-41.0833330000,-72.0333330000,,,Chile,Los Lagos,,,,"Lago Todos Santos, Peulla; 190 m elev.",,,1919,2,27,"Eigenmann, Carl H.",,,PreservedSpecimen,"ON LOAN: to Camm Swift, LACM; Inv. no. 77-1327.  3 spec. have been stained and dissected, in alc. in separate jar.",2018-12-20 17:41:06.0
CAS,ICH,38645,99,Percilia gillissi,Perciliidae,alc-75% EtOH; alc-75% EtOH; alc-75% EtOH; alc-75% EtOH,,-36.8166670000,-73.0500000000,-36.8166670000,-73.0500000000,,,Chile,Biobio Region,,,,"Lower end of Estero Nonguen, into Rio Andalien on grounds of agricultural college at edge of Concepcion; 90 m elev.",,,1919,3,20,"Eigenmann, Carl H.",,,PreservedSpecimen,"ON LOAN: to Camm Swift, LACM; Inv. no. 77-1327, 5 specimens have been stained and cleared, in alc in separate jar.",2018-12-20 17:41:13.0
CAS,ICH,38661,15,Percilia gillissi,Perciliidae,alc-75% EtOH,,-33.6062710000,-70.8764940000,-33.6062710000,-70.8764940000,3036.00000000000000,,Chile,,,,,Penaflor.,,,1919,3,29,"Eigenmann, Carl H.",,Coordinates at Peñaflor.,PreservedSpecimen,,2003-05-21 12:27:50.0
CAS,ICH,40606,47,Percichthys trucha,Percichthyidae,alc,,-41.2074550000,-72.5383980000,-41.2074550000,-72.5383980000,1063.00000000000000,,Chile,,,,,Ensenada,,,1919,3,9,"Eigenmann, Carl H.",,,PreservedSpecimen,,2013-08-28 17:17:16.0
CAS,ICH,42587,98,Basilichthys microlepidotus,Atherinopsidae,alc-75% EtOH; C&S-glycerine,,-29.9137550000,-71.2750280000,-29.9137550000,-71.2750280000,6862.00000000000000,,Chile,Coquimbo,,,,La Serena.,,,1919,4,8,"Eigenmann, Carl H.",,,PreservedSpecimen,1 of 99 specs. removed to CAS 12687.,1999-07-12 00:00:00.0
CAS,ICH,44699,54,Basilichthys australis,Atherinopsidae,alc-75% EtOH,,-40.5833330000,-73.1500000000,-40.5833330000,-73.1500000000,,,Chile,Los Lagos,,,,"R. Rahue, Osorno; 25 m elev.",,,1919,3,14,"Eigenmann, Carl H.",,,PreservedSpecimen,"Publ.: Mem. Natl. Acad. Sci. Wash., v.22(mem.2): 59, pl.12 (fig.3), 14 (fig.5).",2013-06-28 00:00:00.0
CAS,ICH,44702,6,Cauque mauleanum,Atherinopsidae,alc-75% EtOH,,-41.0857320000,-72.0219840000,-41.0857320000,-72.0219840000,946.00000000000000,,Chile,,,,,"Peulta, Lake Todos Los Santos",,,1919,2,27,"Eigenmann, Carl H.",,"Coordinates at Peulla, on the NE corner of Lago Todos Los Santos.",PreservedSpecimen,,2013-06-28 00:00:00.0
CAS,ICH,44703,32,Basilichthys australis,Atherinopsidae,alc-75% EtOH,,-33.8665080000,-70.7536600000,-33.8665080000,-70.7536600000,2803.00000000000000,,Chile,Santiago Metropolitan Region,,,,"Rio Angustura, Hospital, Santiago.",,,1919,4,22,"Eigenmann, Carl H.",,Polygon covers Rio Angostura (trib. of Rio Maipo)around Hospital.,PreservedSpecimen,"Publ.: Mem. Natl. Acad. Sci. Wash., v.22(mem.2): 59, pl.12 (fig.3), 14 (fig.5).",2013-06-28 00:00:00.0
CAS,ICH,44752,1,Cauque mauleanum,Atherinopsidae,alc-75% EtOH,,-39.8268070000,-73.2347170000,-39.8268070000,-73.2347170000,3913.00000000000000,,Chile,,,,,"Valdivia, near sea",,,,,,"Eigenmann, Carl H.",,Coordinates at Valdivia.,PreservedSpecimen,1 REMOVED AS CAS 66923; X-RAYED (FIG. 2 ON NEGATIVE),2013-06-28 00:00:00.0
CAS,ICH,45179,8,Basilichthys australis,Atherinopsidae,alc-75% EtOH; radiograph,,-39.8268070000,-73.2347170000,-39.8268070000,-73.2347170000,3913.00000000000000,,Chile,,,,,Valdivia.,,,1919,2,18,"Eigenmann, Carl H.",,Coordinates at Valdivia.,PreservedSpecimen,"Publ.: Mem. Natl. Acad. Sci. Wash., v.22(mem.2): 59, pl.12 (fig.3), 14 (fig.5).",2013-06-28 00:00:00.0
CAS,ICH,45180,42,Basilichthys australis,Atherinopsidae,alc-75% EtOH,,-38.5316710000,-72.4304240000,-38.5316710000,-72.4304240000,1998.00000000000000,,Chile,,,,,Lantaro.,,,1919,2,16,"Eigenmann, Carl H.",,Coordinates at Lautaro.,PreservedSpecimen,"Publ.: Mem. Natl. Acad. Sci. Wash., v.22(mem.2): 59, pl.12 (fig.3), 14 (fig.5).",2013-06-28 00:00:00.0
CAS,ICH,45181,30,Cauque mauleanum,Atherinopsidae,alc-75% EtOH,,-37.0094440000,-72.6000000000,-37.0094440000,-72.6000000000,,,Chile,Biobio Region,,,,"Rio Bio Bio, Coigue; 66 m elev.",,,1919,3,20,"Eigenmann, Carl H.",,,PreservedSpecimen,Irwin Expedition,2013-06-28 00:00:00.0
CAS,ICH,45182,21,Basilichthys australis,Atherinopsidae,alc-75% EtOH,,-39.8268070000,-73.2347170000,-39.8268070000,-73.2347170000,3913.00000000000000,,Chile,,,,,Valdivia.,,,1919,2,18,"Eigenmann, Carl H.",,Coordinates at Valdivia.,PreservedSpecimen,"Publ.: Mem. Natl. Acad. Sci. Wash., v.22(mem.2): 59, pl.12 (fig.3), 14 (fig.5).",2013-06-28 00:00:00.0
CAS,ICH,45183,18,Basilichthys australis,Atherinopsidae,alc-75% EtOH,,-33.6049490000,-70.9099470000,-33.6049490000,-70.9099470000,2478.00000000000000,,Chile,Santiago Metropolitan Region,,,,"Penaflor, Santiago.",,,1919,3,26,"Eigenmann, Carl H.",,Polygon covers Rio Mapocho around Peñaflor.,PreservedSpecimen,"Publ.: Mem. Natl. Acad. Sci. Wash., v.22(mem.2): 59, pl.12 (fig.3), 14 (fig.5).",2013-06-28 00:00:00.0
CAS,ICH,45184,9,Basilichthys australis,Atherinopsidae,alc-75% EtOH,,-35.5971510000,-71.7309550000,-35.5971510000,-71.7309550000,1569.00000000000000,,Chile,,,,,San Javier.,,,1919,3,26,"Eigenmann, Carl H.",,,PreservedSpecimen,"Publ.: Mem. Natl. Acad. Sci. Wash., v.22(mem.2): 59, pl.12 (fig.3), 14 (fig.5).",2013-06-28 00:00:00.0
CAS,ICH,45186,30,Basilichthys microlepidotus,Atherinopsidae,alc-75% EtOH; C&S-glycerine,,-32.7799660000,-71.2002130000,-32.7799660000,-71.2002130000,3720.00000000000000,,Chile,Valparaiso Region,,,,"Rio Aconcagua, La Calera.",,,1919,4,13,"Eigenmann, Carl H.",,Polygon covers Rio Aconcagua around La Calera.,PreservedSpecimen,Irwin Expedition,1995-11-30 00:00:00.0
CAS,ICH,45187,43,Basilichthys microlepidotus,Atherinopsidae,alc-75% EtOH,,-31.7257840000,-71.2044080000,-31.7257840000,-71.2044080000,1102.00000000000000,,Chile,Coquimbo,,,,"Rio Choapa, Choapa.",,,1919,4,10,"Eigenmann, Carl H.",,Polygon covers Rio Choapa around Choapa.,PreservedSpecimen,Irwin expedition,1995-11-30 00:00:00.0
CAS,ICH,45188,15,Basilichthys australis,Atherinopsidae,alc-75% EtOH,,-33.6049270000,-71.6004420000,-33.6049270000,-71.6004420000,2736.00000000000000,,Chile,,,,,Rio Llo-Lleo.,,,1919,3,28,"Eigenmann, Carl H.",,Polygon covers Estero Llolleo.,PreservedSpecimen,"Publ.: Mem. Natl. Acad. Sci. Wash., v.22(mem.2): 59, pl.12 (fig.3), 14 (fig.5).",2013-06-28 00:00:00.0
CAS,ICH,45190,30,Basilichthys australis,Atherinopsidae,alc-75% EtOH,,-37.5537410000,-72.5909590000,-37.5537410000,-72.5909590000,1232.00000000000000,,Chile,,,,,Coigue.,,,1919,3,28,"Eigenmann, Carl H.",,Polygon covers Rio Bio Bio at Coihue,PreservedSpecimen,"Publ.: Mem. Natl. Acad. Sci. Wash., v.22(mem.2): 59, pl.12 (fig.3), 14 (fig.5).",2013-06-28 00:00:00.0
CAS,ICH,45192,46,Basilichthys australis,Atherinopsidae,alc-75% EtOH,,-36.8282270000,-73.0078270000,-36.8282270000,-73.0078270000,1601.00000000000000,,Chile,,,,,"Rio Nongen, Concepcion.",,,1919,3,20,"Eigenmann, Carl H.",,Polygon covers Estero Nonguen around Concepcion.,PreservedSpecimen,"Publ.: Mem. Natl. Acad. Sci. Wash., v.22(mem.2): 59, pl.12 (fig.3), 14 (fig.5).",2013-06-28 00:00:00.0
CAS,ICH,45200,36,Cauque mauleanum,Atherinopsidae,alc-75% EtOH; C&S-glycerine,,-39.8268070000,-73.2347170000,-39.8268070000,-73.2347170000,3913.00000000000000,,Chile,,,,,Valdivia.,,,1919,2,18,"Eigenmann, Carl H.",,Coordinates at Valdivia.,PreservedSpecimen,,1995-11-30 00:00:00.0
CAS,ICH,45201,26,Cauque mauleanum,Atherinopsidae,alc-75% EtOH; C&S-glycerine,,-39.8268070000,-73.2347170000,-39.8268070000,-73.2347170000,3913.00000000000000,,Chile,,,,,Valdivia.,,,1919,2,18,"Eigenmann, Carl H.",,Coordinates at Valdivia.,PreservedSpecimen,1 of 27 specs. removed to CAS 83559.,1995-11-30 00:00:00.0
CAS,ICH,45203,4,Cauque mauleanum,Atherinopsidae,alc-75% EtOH,,-40.5833330000,-73.1500000000,-40.5833330000,-73.1500000000,,,Chile,Los Lagos,,,,"R. Rahue, Osorno; 25 m elev.",,,1919,3,14,"Eigenmann, Carl H.",,,PreservedSpecimen,Irwin Expedition.,2003-12-05 14:49:11.0
CAS,SU,16460,3,Brachygalaxias bullocki,Galaxiidae,alc-75% EtOH,,-41.3000000000,-72.9500000000,-41.3000000000,-72.9500000000,,,Chile,Los Lagos,,,,"Puerto Varas (74 m elev.): either creek through town, or estero into Lago Llanquihue",,,1919,3,12,"Eigenmann, Carl H.",,,PreservedSpecimen,Irwin Expedition,2015-11-17 19:09:18.0
CAS,SU,16461,3,Galaxias maculatus,Galaxiidae,alc-75% EtOH,,-41.4666670000,-72.9500000000,-41.4666670000,-72.9500000000,,,Chile,Los Lagos,,,,"Puerto Montt (5 m elev.): either Estero Pilluco, small brook west of town or larger one east of town",,,1919,2,22,"Eigenmann, Carl H.",,,PreservedSpecimen,Irwin Expedition.,2015-11-17 19:09:19.0
CAS,ICH,49903,1,Galaxias globiceps,Galaxiidae,alc-75% EtOH; radiograph,,-41.4000000000,-72.9000000000,-41.4000000000,-72.9000000000,,,Chile,Los Lagos,,,,Abtao; brook on heights between Puerto Varas and Puerto Montt; ca. 107 m elev.,,,1919,2,23,"Eigenmann, Carl H.",,,PreservedSpecimen,Irwin Expedition in Chile,2012-03-21 18:45:48.0
CAS,ICH,49904,7,Galaxias globiceps,Galaxiidae,alc-75% EtOH,,-41.4000000000,-72.9000000000,-41.4000000000,-72.9000000000,,,Chile,Los Lagos,,,,Abtao; brook on heights between Puerto Varas and Puerto Montt; ca. 107 m elev.,,,1919,2,23,"Eigenmann, Carl H.",,,PreservedSpecimen,"Publ.: Mem. Natl. Acad. Sci., Washl., v.22(Mem.2): 51; coll. date not 23 Mar 1919;",2013-06-28 00:00:00.0
CAS,ICH,49916,2,Cauque brevianalis,Atherinopsidae,alc-75% EtOH,,-29.9137550000,-71.2750280000,-29.9137550000,-71.2750280000,6862.00000000000000,,Chile,Coquimbo,,,,La Serena.,,,1919,4,8,"Eigenmann, Carl H.",,,PreservedSpecimen,,2013-06-28 00:00:00.0
CAS,ICH,49919,1,Percilia irwini,Perciliidae,alc-75% EtOH; radiograph,,-36.8166670000,-73.0500000000,-36.8166670000,-73.0500000000,,,Chile,Biobio Region,,,,"Lower end of Estero Nonguen, into Rio Andalien on grounds of agricultural college at edge of Concepcion; 90 m elev.",,,1919,3,20,"Eigenmann, Carl H.",,,PreservedSpecimen,Irwin Expedition,2013-06-28 00:00:00.0
CAS,ICH,49920,31,Percilia irwini,Perciliidae,alc-75% EtOH,,-36.8282270000,-73.0078270000,-36.8282270000,-73.0078270000,1601.00000000000000,,Chile,,,,,"Rio Nongen, Concepcion.",,,1919,3,20,"Eigenmann, Carl H.",,Polygon covers Estero Nonguen around Concepcion.,PreservedSpecimen,"Publ.: Mem. Nat. Acad. Sci., v.22, p.6.",2013-06-28 00:00:00.0
CAS,ICH,51274,1,Aplochiton marinus,Galaxiidae,alc-75% EtOH; radiograph,,-39.8313370000,-73.3405960000,-39.8313370000,-73.3405960000,3169.00000000000000,,Chile,,,,,Estero Cutipai; below Valdivia,,,1919,2,19,"Eigenmann, Carl H.",,"Polygon covers Estero Cutipay, below Valdivia.",PreservedSpecimen,"PUBL.: MEM. NATL. ACAD. SCI. 22 (2): 46, PL. 11.",2013-06-28 00:00:00.0
CAS,ICH,51275,6,Aplochiton marinus,Galaxiidae,alc-75% EtOH,,-39.8621290000,-73.3335940000,-39.8621290000,-73.3335940000,8856.00000000000000,,Chile,,,,,below Valdivia,,,1919,2,19,"Eigenmann, Carl H.",,Coordinates at mid-way point between Valdivia and the Pacific Ocean.,PreservedSpecimen,"PUBL.: MEM. NATL. ACAD. SCI. 22 (2): 46, PL. 11.",2013-06-28 00:00:00.0
CAS,ICH,51438,141,Brachygalaxias bullocki,Galaxiidae,alc-75% EtOH; C&S-glycerine,,-39.8313370000,-73.3405960000,-39.8313370000,-73.3405960000,3169.00000000000000,,Chile,Los Lagos,,,,Estero Cutipai below Valdivia.,,,1919,2,19,"Eigenmann, Carl H.",,"Polygon covers Estero Cutipay, below Valdivia.",PreservedSpecimen,Irwin Expedition,1997-10-31 00:00:00.0
CAS,ICH,55141,1,Aplochiton,Galaxiidae,alc-75% EtOH; radiograph,,-51.5277070000,-72.6468890000,-51.5277070000,-72.6468890000,3692.00000000000000,,Chile,,,,,"Laguna Sofia, Patagonian Chile",,,1968,2,10,"McDowall, R. M.",,,PreservedSpecimen,,2018-08-29 14:17:49.0
CAS,ICH,55423,1,Diplomystes nahuelbutaensis,Diplomystidae,alc-75% EtOH; radiograph,,-38.5316710000,-72.4304240000,-38.5316710000,-72.4304240000,1998.00000000000000,,Chile,Araucania Region,,,,Lautaro.,,,1919,2,13,"Eigenmann, Carl H.",,,PreservedSpecimen,"Publ.: Bonner Zool. Monogr., No.24: 33, figs.8,10-18.",2013-06-28 00:00:00.0
CAS,ICH,55424,6,Diplomystes nahuelbutaensis,Diplomystidae,alc-75% EtOH,,-38.5316710000,-72.4304240000,-38.5316710000,-72.4304240000,1998.00000000000000,,Chile,Araucania Region,,,,Lautaro.,,,1919,2,13,"Eigenmann, Carl H.",,,PreservedSpecimen,"Publ.: Bonner Zool. Monogr., No.24: 33, figs.8,10-18.",2013-06-28 00:00:00.0
CAS,ICH,55425,1,Diplomystes nahuelbutaensis,Diplomystidae,C&S-GLYCERINE,,-38.5316710000,-72.4304240000,-38.5316710000,-72.4304240000,1998.00000000000000,,Chile,Araucania Region,,,,Lautaro.,,,1919,2,13,"Eigenmann, Carl H.",,,PreservedSpecimen,"Publ.: Bonner Zool. Monogr., No.24: 33, figs.8,10-18.",2013-06-28 00:00:00.0
CAS,ICH,55426,1,Diplomystes nahuelbutaensis,Diplomystidae,alc-75% EtOH,,-35.5967580000,-71.7490290000,-35.5967580000,-71.7490290000,1690.00000000000000,,Chile,Maule,,,,"Rio Loncomilla, San Javier.",,,1919,3,23,"Eigenmann, Carl H.",,Polygon covers Rio Loncomilla around San Javier.,PreservedSpecimen,"Publ.: Bonner Zool. Monogr., No.24: 33, figs.8,10-18.",2013-06-28 00:00:00.0
CAS,ICH,55427,1,Diplomystes chilensis,Diplomystidae,alc-75% EtOH,,-33.4762430000,-70.6667100000,-33.4762430000,-70.6667100000,21647.00000000000000,,Chile,,,,,Santiago market.,,,,,,"Eigenmann, C. H.; Murdock",,"Coordinates at Santiago, error covers town.",PreservedSpecimen,"1 of 2 spec. given to Univ. Nac. de la Plata, Argentina, inv. 89-3722.",2016-08-16 15:02:51.0
CAS,SU,22676,7,Aplochiton zebra,Galaxiidae,alc-75% EtOH,,-52.3750000000,-69.3666670000,-52.3750000000,-69.3666670000,,,Chile,,,,,"Strait of Magellan, ",,29.5 fa,1888,1,18,U.S. Fish Commission,,,PreservedSpecimen,Sta. 2775,2012-04-23 15:13:53.0
CAS,SU,22679,7,Galaxias maculatus,Galaxiidae,alc-75% EtOH; C&S-glycerine,,-52.3750000000,-69.3666670000,-52.3750000000,-69.3666670000,,,Chile,,,,,"Strait of Magellan, ",,29.5 fa,1888,1,18,U.S. Fish Commission,,,PreservedSpecimen,1 fish C&S by D. E. McAllister NMC May 1961.,2012-04-23 15:13:53.0
CAS,SU,22690,90,Galaxias maculatus,Galaxiidae,alc-75% EtOH,,-53.3086760000,-73.9871660000,-53.3086760000,-73.9871660000,12856.00000000000000,,Chile,,,,,"Patagonia, Port Otway.",,,,,,U.S. Fish Commission,,Coordinates at Bahia Otway.,PreservedSpecimen,,2002-11-14 14:02:47.0
CAS,SU,22692,5,Aplochiton zebra,Galaxiidae,alc-75% EtOH; radiograph,,"52°22'30""S – 53°6'0""S","68°31'30""W - 70°42'15""W",-53.1,-70.70417,,,Chile,Magallanes y de la Antartica Chilena Region,,,,"Straits of Magellan, Latitude Cove, Patagonia; one of several Albatross stations between # 2774 & 2779",,,1888,1,18,U.S. Fish Commission,,,PreservedSpecimen,,2018-06-13 16:20:42.0
CAS,SU,22730,6,Cauque mauleanum,Atherinopsidae,alc-75% EtOH,,-37.0949360000,-73.1636240000,-37.0949360000,-73.1636240000,2721.00000000000000,,Chile,,,,,Lota,,,,,,U.S. Fish Commission,,Coordinates at Lota.,PreservedSpecimen,,2013-06-28 00:00:00.0
CAS,SU,22735,4,Basilichthys australis,Atherinopsidae,alc-75% EtOH,,-36.6190730000,-72.9631410000,-36.6190730000,-72.9631410000,2714.00000000000000,,Chile,,,,,Tome,,,1887,2,20,U.S. Fish Commission,,,PreservedSpecimen,,2013-06-28 00:00:00.0
CAS,SU,23224,1,Basilichthys microlepidotus,Atherinopsidae,alc-75% EtOH,,-32.7806220000,-71.2027610000,-32.7806220000,-71.2027610000,3397.00000000000000,,Chile,,,,,"Rio Aconcagua Basin, pools & riffles at edge of town at La Calera [Valparaiso Reg.?].",,,,,,"Eigenmann, Carl H.",,Coordinates at La Calera.,PreservedSpecimen,Irwin Expedition,2012-03-28 15:40:50.0
CAS,SU,23226,2,Basilichthys microlepidotus,Atherinopsidae,alc-75% EtOH,,-39.8151200000,-73.2140810000,-39.8151200000,-73.2140810000,4265.00000000000000,,Chile,Los Lagos,,,,"Rio Calle Calle, Valdivia; elev. 7m.",,,,,,"Eigenmann, Carl H.",,Polygon covers Rio Calle Calle around Valdivia.,PreservedSpecimen,Irwin Expedition.,1997-06-27 00:00:00.0
CAS,SU,23229,1,Cauque mauleanum,Atherinopsidae,alc,,-39.8151200000,-73.2140810000,-39.8151200000,-73.2140810000,4265.00000000000000,,Chile,Los Lagos,,,,"Rio Calle Calle, Valdivia; elev. 7m.",,,,,,"Eigenmann, Carl H.",,Polygon covers Rio Calle Calle around Valdivia.,PreservedSpecimen,Irwin Expedition.,1997-06-27 00:00:00.0
CAS,ICH,58102,1,Galaxias maculatus,Galaxiidae,alc-75% EtOH,,-36.8495990000,-73.0077410000,-36.8495990000,-73.0077410000,3965.00000000000000,,Chile,,,,,Estero Nonguen.,,,1919,3,20,"Eigenmann, Carl H.",,Polygon covers Estero Nonguen. Coordinates placed at center of polygon.,PreservedSpecimen,REMOVED FROM CAS 57597 = PARATYPES OF P. chiltoni,2018-10-03 10:52:47.0
CAS,SU,23954,1,Aplochiton taeniatus,Galaxiidae,alc-75% EtOH; radiograph,,-41.0833330000,-72.0333330000,-41.0833330000,-72.0333330000,,,Chile,Los Lagos,,,,"Lago Todos Santos, Peulla; 190 m elev.",,,1919,2,27,"Eigenmann, Carl H.",,,PreservedSpecimen,Irwin Expedition,2018-06-13 16:22:56.0
CAS,SU,23955,5,Galaxias maculatus,Galaxiidae,alc-75% EtOH,,-41.4666670000,-72.9500000000,-41.4666670000,-72.9500000000,,,Chile,Los Lagos,,,,"Puerto Montt (5 m elev.): either Estero Pilluco, small brook west of town or larger one east of town",,,1919,2,22,"Eigenmann, Carl H.",,,PreservedSpecimen,Irwin Expedition.,2011-12-28 17:51:41.0
CAS,SU,23956,7,Brachygalaxias bullocki,Galaxiidae,alc-75% EtOH,,-39.8313370000,-73.3405960000,-39.8313370000,-73.3405960000,3169.00000000000000,,Chile,Los Lagos,,,,Estero Cutipai below Valdivia.,,,1919,2,19,"Eigenmann, Carl H.",,"Polygon covers Estero Cutipay, below Valdivia.",PreservedSpecimen,Irwin Expedition,2015-11-17 18:40:44.0
CAS,SU,23958,2,Galaxias platei,Galaxiidae,alc-75% EtOH,,-39.8000000000,-72.4166670000,-39.8000000000,-72.4166670000,,,Chile,Los Lagos,,,,"Lago Rinihue, Estero Panqueco; 118 m elev.",,,1919,3,16,"Eigenmann, Carl H.",,,PreservedSpecimen,Irwin Expedition,2002-07-03 00:00:00.0
CAS,SU,23959,1,Galaxias platei,Galaxiidae,alc-75% EtOH,,-41.3000000000,-72.9500000000,-41.3000000000,-72.9500000000,,,Chile,Los Lagos,,,,"Puerto Varas (74 m elev.): either creek through town, or estero into Lago Llanquihue",,,1919,3,12,"Eigenmann, Carl H.",,,PreservedSpecimen,Irwin Expedition,2002-07-03 00:00:00.0
CAS,SU,23960,1,Aplochiton zebra,Galaxiidae,alc-75% EtOH,,-41.4000000000,-72.9000000000,-41.4000000000,-72.9000000000,,,Chile,Los Lagos,,,,Abtao; brook on heights between Puerto Varas and Puerto Montt; ca. 107 m elev.,,,1919,2,23,"Eigenmann, Carl H.",,,PreservedSpecimen,Irwin Expedition in Chile,2012-03-21 18:45:48.0
CAS,SU,23961,1,Aplochiton zebra,Galaxiidae,alc-75% EtOH; radiograph,,-41.0833330000,-72.0333330000,-41.0833330000,-72.0333330000,,,Chile,Los Lagos,,,,"Lago Todos Santos, Peulla; 190 m elev.",,,1919,2,27,"Eigenmann, Carl H.",,,PreservedSpecimen,Irwin Expedition,2018-06-13 16:22:24.0
CAS,SU,23962,5,Percilia gillissi,Perciliidae,alc-75% EtOH,,-33.8668530000,-70.7525380000,-33.8668530000,-70.7525380000,846.00000000000000,,Chile,,,,,Hospitol.,,,,,,"Eigenmann, Carl H.",,Coordinates at Hospital.,PreservedSpecimen,Scale photographed.,2006-07-14 18:40:50.0
CAS,SU,23963,1,Diplomystes chilensis,Diplomystidae,alc-75% EtOH,,-33.4762430000,-70.6667100000,-33.4762430000,-70.6667100000,21647.00000000000000,,Chile,,,,,Santiago Market,,,,,,"Eigenmann, Carl H.",,"Coordinates at Santiago, error covers town.",PreservedSpecimen,,1993-09-21 00:00:00.0
CAS,SU,23964,1,Aplochiton marinus,Galaxiidae,alc-75% EtOH,,-39.8313370000,-73.3405960000,-39.8313370000,-73.3405960000,3169.00000000000000,,Chile,Los Lagos,,,,"Estero Cutipai, Below Valdivia.",,,1919,2,18,"Eigenmann, Carl H.",,"Polygon covers Estero Cutipay, below Valdivia.",PreservedSpecimen,Irwin Expedition,2018-09-19 16:16:33.0
CAS,SU,23971,2,Percichthys trucha,Percichthyidae,alc-75% EtOH,,-33.6149360000,-71.6077800000,-33.6149360000,-71.6077800000,1512.00000000000000,,Chile,Valparaiso Region,,,,Llolleo.,,,,,,"Eigenmann, Carl H.",,,PreservedSpecimen,Scale photographed.,2012-03-28 15:41:32.0
CAS,ICH,59299,3,Geotria australis,Geotriidae,alc,,-39.8621290000,-73.3335940000,-39.8621290000,-73.3335940000,8856.00000000000000,,Chile,,,,,Off Valdivia,,,,,,"Eigenmann, Carl H.",,Coordinates at mid-way point between Valdivia and the Pacific Ocean.,PreservedSpecimen,FROM AUGUSTO BOENNING. IRWIN EXPED. COLL.,2013-06-28 00:00:00.0
CAS,ICH,208907,10,Oncorhynchus mykiss iridea,Salmonidae,alc-75% EtOH,,-32.9106080000,-70.3000000000,-32.9106080000,-70.3000000000,917.00000000000000,,Chile,,,,,"R. Blanco, Railway station and small stream entering R. Rimac at 11,000 ft. elev. on the w. slope of the western cordillera.",,,,,,"Eigenmann, Carl H.",,Coordinates at Rio Blanco at town of Rio Blanco.,PreservedSpecimen,,1999-12-16 00:00:00.0
CAS,ICH,208908,1,Salmo trutta fario,Salmonidae,alc-75% EtOH,,-32.9106080000,-70.3000000000,-32.9106080000,-70.3000000000,917.00000000000000,,Chile,,,,,"R. Blanco, Railway station and small stream entering R. Rimac at 11,000 ft. elev. on the w. slope of the western cordillera.",,,,,,"Eigenmann, Carl H.",,Coordinates at Rio Blanco at town of Rio Blanco.,PreservedSpecimen,,1999-07-08 00:00:00.0
CAS,ICH,208909,1,Salmo trutta fario,Salmonidae,alc-75% EtOH,,-41.4757690000,-72.9484410000,-41.4757690000,-72.9484410000,4658.00000000000000,,Chile,,,,,Puerto Montt.,,,,,,"Eigenmann, Carl H.",,,PreservedSpecimen,Head only.,1999-07-08 00:00:00.0
CAS,ICH,70006,18,Percichthys melanops,Percichthyidae,alc-75% EtOH,,-36.8166670000,-73.0500000000,-36.8166670000,-73.0500000000,,,Chile,Biobio Region,,,,"Lower end of Estero Nonguen, into Rio Andalien on grounds of agricultural college at edge of Concepcion; 90 m elev.",,,1919,3,20,"Eigenmann, Carl H.",,,PreservedSpecimen,Irwin Expedition,2012-03-21 18:24:39.0
CAS,ICH,70176,4,Percichthys trucha,Percichthyidae,alc-75% EtOH,,-22.5056970000,-68.9609530000,-22.5056970000,-68.9609530000,168911.00000000000000,,Chile,,,,,RIO LOA,,,1919,3,28,"Eigenmann, Carl H.",,"Polygon covers Rio Loa, coordinates placed at center of polygon.",PreservedSpecimen,IRWIN EXPEDITION,1993-09-21 00:00:00.0
CAS,ICH,70177,18,Percichthys trucha,Percichthyidae,alc-75% EtOH,,-41.2000000000,-72.5166670000,-41.2000000000,-72.5166670000,,,Chile,Los Lagos,,,,Ensenada; stream into Lago Llanquihue.,,,1919,3,9,"Eigenmann, Carl H.",,,PreservedSpecimen,Irwin Exped.,2015-11-17 19:00:32.0
CAS,ICH,70178,8,Percichthys trucha,Percichthyidae,alc-75% EtOH,,-41.3226840000,-72.9753360000,-41.3226840000,-72.9753360000,2284.00000000000000,,Chile,Los Lagos,,,,Puerto Varas,,,1919,3,14,"Eigenmann, Carl H.",,,PreservedSpecimen,IRWIN EXPEDITION,1997-10-03 00:00:00.0
CAS,ICH,70179,10,Percichthys trucha,Percichthyidae,alc-75% EtOH,,-35.5620180000,-71.7271910000,-35.5620180000,-71.7271910000,3288.00000000000000,,Chile,Maule,,,,RIO MAULE: at San Xavier,,,1919,3,23,"Eigenmann, Carl H.",,Polygon covers Rio Maule around San Javier.,PreservedSpecimen,IRWIN EXPEDITION,1997-10-03 00:00:00.0
CAS,ICH,70180,10,Percichthys trucha,Percichthyidae,alc-75% EtOH,,-37.5576880000,-72.5932340000,-37.5576880000,-72.5932340000,935.00000000000000,,Chile,,,,,Coigiie,,,1919,3,18,"Eigenmann, Carl H.",,Coordinates at Coihue.,PreservedSpecimen,IRWIN EXPEDITION,1997-10-03 00:00:00.0
CAS,ICH,70181,13,Percichthys trucha,Percichthyidae,alc-75% EtOH,,-40.5783810000,-73.1233500000,-40.5783810000,-73.1233500000,2681.00000000000000,,Chile,Los Lagos,,,,Osorno,,,1919,3,14,"Eigenmann, Carl H.",,Coordinates at Osorno.,PreservedSpecimen,IRWIN EXPEDITION,1997-10-03 00:00:00.0
CAS,ICH,70182,3,Percichthys trucha,Percichthyidae,alc-75% EtOH,,-39.8268070000,-73.2347170000,-39.8268070000,-73.2347170000,3913.00000000000000,,Chile,,,,,Valdivia,,,,,,"Eigenmann, Carl H.",,Coordinates at Valdivia.,PreservedSpecimen,IRWIN EXPEDITION,1997-10-03 00:00:00.0
CAS,ICH,70183,21,Percichthys melanops,Percichthyidae,alc-75% EtOH,,-41.0857320000,-72.0219840000,-41.0857320000,-72.0219840000,946.00000000000000,,Chile,,,,,"Penilla, Todos Santos",,,1919,2,27,"Eigenmann, Carl H.",,"Coordinates at Peulla, on the NE corner of Lago Todos Los Santos.",PreservedSpecimen,IRWIN EXPEDITION,2018-10-03 10:52:47.0
CAS,ICH,70184,19,Percichthys melanops,Percichthyidae,alc-75% EtOH,,-36.8495990000,-73.0077410000,-36.8495990000,-73.0077410000,3965.00000000000000,,Chile,,,,,Estero Nongnin?,,,1919,3,20,"Eigenmann, Carl H.",,Polygon covers Estero Nonguen. Coordinates placed at center of polygon.,PreservedSpecimen,IRWIN EXPED.; 3 SPECS. SENT TO W. GOSLINE 14 MAY 1964,1993-09-21 00:00:00.0
CAS,ICH,70185,34,Percilia gillissi,Perciliidae,alc-75% EtOH,,-40.5783810000,-73.1233500000,-40.5783810000,-73.1233500000,2681.00000000000000,,Chile,Los Lagos,,,,Osorno,,,1919,3,14,"Eigenmann, Carl H.",,Coordinates at Osorno.,PreservedSpecimen,IRWIN EXPEDITION,1997-10-03 00:00:00.0
CAS,ICH,70186,3,Percilia gillissi,Perciliidae,alc-75% EtOH,,-39.8120090000,-73.2213290000,-39.8120090000,-73.2213290000,951.00000000000000,,Chile,,,,,Esterito Santa Rosa,,,,,,"Eigenmann, Carl H.",,"Coordinates at Santa Rosa-Las Animas, near Valdivia.",PreservedSpecimen,IRWIN EXPEDITION,1997-10-03 00:00:00.0
CAS,ICH,70187,34,Percilia gillissi,Perciliidae,alc-75% EtOH,,-33.8665080000,-70.7536600000,-33.8665080000,-70.7536600000,2803.00000000000000,,Chile,Santiago Metropolitan Region,,,,"Rio Angustura, Hospital, Santiago.",,,1919,4,22,"Eigenmann, Carl H.",,Polygon covers Rio Angostura (trib. of Rio Maipo)around Hospital.,PreservedSpecimen,"6 of 40 specs. sent to W. Gosline, 14 May 1964.",2012-03-21 18:46:40.0
CAS,ICH,70188,30,Percilia gillissi,Perciliidae,alc-75% EtOH,,-33.8668530000,-70.7525380000,-33.8668530000,-70.7525380000,846.00000000000000,,Chile,,,,,Hospitol,,,1919,4,22,"Eigenmann, Carl H.",,Coordinates at Hospital.,PreservedSpecimen,IRWIN EXPEDITION,1997-10-03 00:00:00.0
CAS,ICH,70189,13,Percilia gillissi,Perciliidae,alc-75% EtOH,,-39.8366930000,-72.3098470000,-39.8366930000,-72.3098470000,14997.00000000000000,,Chile,,,,,Lake Rinihue,,,1919,3,16,"Eigenmann, Carl H.",,,PreservedSpecimen,IRWIN EXPEDITION,1997-10-03 00:00:00.0
CAS,ICH,70190,26,Percilia gillissi,Perciliidae,alc-75% EtOH,,-38.5316710000,-72.4304240000,-38.5316710000,-72.4304240000,1998.00000000000000,,Chile,,,,,Lantaro ?,,,1919,2,13,"Eigenmann, Carl H.",,Coordinates at Lautaro.,PreservedSpecimen,IRWIN EXPEDITION,1996-09-04 00:00:00.0
CAS,ICH,70191,1,Percilia gillissi,Perciliidae,alc-75% EtOH,,-37.5588450000,-72.5876550000,-37.5588450000,-72.5876550000,1010.00000000000000,,Chile,,,,,"Coigiie, Rio Bio-bio",,,1919,3,18,"Eigenmann, Carl H.",,Coordinates at Rio Bio Bio at Coihue.,PreservedSpecimen,IRWIN EXPEDITION,1997-10-03 00:00:00.0
CAS,ICH,70192,62,Percilia gillissi,Perciliidae,alc-75% EtOH,,-35.5620180000,-71.7271910000,-35.5620180000,-71.7271910000,3288.00000000000000,,Chile,,,,,RIO MAULE: at San Xavier,,,1919,3,23,"Eigenmann, Carl H.",,Polygon covers Rio Maule around San Javier.,PreservedSpecimen,IRWIN EXPEDITION,1997-10-03 00:00:00.0
CAS,ICH,70193,1,Percilia gillissi,Perciliidae,alc-75% EtOH,,-38.7666670000,-72.3666670000,-38.7666670000,-72.3666670000,,,Chile,,,,,"R. Quepe, 20 km east of Temuco.",,6 in.,1951,1,8,"Ross, E. S.",,,PreservedSpecimen,,2013-06-28 00:00:00.0
CAS,ICH,72277,1,Carassius auratus,Cyprinidae,alc-75% EtOH,,-33.6062710000,-70.8764940000,-33.6062710000,-70.8764940000,3036.00000000000000,,Chile,,,,,Penaflor,,,1919,3,26,"Eigenmann, Carl H.",,Coordinates at Peñaflor.,PreservedSpecimen,,
CAS,ICH,72283,4,Carassius auratus,Cyprinidae,alc-75% EtOH,,-27.3769240000,-70.3289990000,-27.3769240000,-70.3289990000,4253.00000000000000,,Chile,Atacama,,,,"Copiapo, city on Rio Copiapo in the former (pre-1975)province of Atacama",,,1919,4,4,"Eigenmann, Carl H.",,,PreservedSpecimen,3 spec. (diff. localities) removed to CAS 72284 85 & 86,2002-07-03 00:00:00.0
CAS,ICH,72284,1,Carassius auratus,Cyprinidae,alc-75% EtOH,,-33.8668530000,-70.7525380000,-33.8668530000,-70.7525380000,846.00000000000000,,Chile,,,,,"""hospital""",,,1919,4,22,"Eigenmann, Carl H.",,Coordinates at Hospital.,PreservedSpecimen,removed from common lot with CAS 72283 85 & 86,1997-10-07 00:00:00.0
CAS,ICH,72285,1,Carassius auratus,Cyprinidae,alc-75% EtOH,,-33.6062710000,-70.8764940000,-33.6062710000,-70.8764940000,3036.00000000000000,,Chile,,,,,Penaflor,,,1919,3,26,"Eigenmann, Carl H.",,Coordinates at Peñaflor.,PreservedSpecimen,removed from comoon lot with CAS 72283 84  & 86,1997-10-07 00:00:00.0
CAS,ICH,72286,1,Carassius auratus,Cyprinidae,alc-75% EtOH,,-33.6182480000,-71.6237760000,-33.6182480000,-71.6237760000,163.00000000000000,,Chile,Valparaiso Region,,,,"Llo Lleo (=Llolleo), at the mouth of Rio Maipoin the former (pre-1975) province of Valparaiso",,,,,,"Eigenmann, Carl H.",,Coordinates at mouth of Rio Llolleo into Rio Maipo.,PreservedSpecimen,removed from common lot with CAS 72283 84 & 85,1997-10-07 00:00:00.0
CAS,ICH,72365,5,Cyprinus carpio,Cyprinidae,alc-75% EtOH,,-29.9137550000,-71.2750280000,-29.9137550000,-71.2750280000,6862.00000000000000,,Chile,Coquimbo,,,,"La Serena, near coast.",,,1919,4,8,"Eigenmann, Carl H.",,,PreservedSpecimen,2 spec. from diff. locals. removed to CAS 72366 & 72367,2013-07-11 17:25:45.0
CAS,ICH,72366,1,Cyprinus carpio,Cyprinidae,alc-75% EtOH,,-33.6049270000,-71.6004420000,-33.6049270000,-71.6004420000,2736.00000000000000,,Chile,Valparaiso Region,,,,Llo Lleo (=LLolle).,,,,,,"Eigenmann, Carl H.",,Polygon covers Estero Llolleo.,PreservedSpecimen,removed from common lot with CAS 72365 & 72367,2013-07-11 17:26:06.0
CAS,ICH,72367,1,Cyprinus carpio,Cyprinidae,alc-75% EtOH,,-33.8668530000,-70.7525380000,-33.8668530000,-70.7525380000,846.00000000000000,,Chile,,,,,hospital (?),,,1919,4,22,"Eigenmann, Carl H.",,Coordinates at Hospital.,PreservedSpecimen,removed from common lot with CAS 72365 & 72366,1997-10-09 00:00:00.0
CAS,ICH,215006,11,Percichthys melanops,Percichthyidae,alc-75% EtOH,,-33.8665080000,-70.7536600000,-33.8665080000,-70.7536600000,2803.00000000000000,,Chile,Santiago Metropolitan Region,,,,"Rio Angustura, Hospital, Santiago.",,,1919,4,22,"Eigenmann, Carl H.",,Polygon covers Rio Angostura (trib. of Rio Maipo)around Hospital.,PreservedSpecimen,Irwin Expedition.,2012-03-21 18:46:40.0
CAS,ICH,77298,26,Aplochiton zebra,Galaxiidae,alc-75% EtOH; C&S-glycerine,,-41.4000000000,-72.9000000000,-41.4000000000,-72.9000000000,,,Chile,Los Lagos,,,,Abtao; brook on heights between Puerto Varas and Puerto Montt; ca. 107 m elev.,,,1919,2,23,"Eigenmann, Carl H.",,,PreservedSpecimen,Irwin Expedition in Chile,2012-03-21 18:45:48.0
CAS,ICH,77301,2,Diplomystes papillosus,Diplomystidae,alc-75% EtOH,,-36.8164580000,-73.0161050000,-36.8164580000,-73.0161050000,140.00000000000000,,Chile,,,,,"Estero Nonguen, into R. Andalien, Concepcion.",,,1919,5,20,"Eigenmann, Carl H.",,Coordinates at junction of Estero Nonguen into Rio Andalien.,PreservedSpecimen,Irwin Expedition,2002-03-25 13:10:19.0
CAS,ICH,78416,17,Aplochiton zebra,Galaxiidae,alc-75% EtOH,,-41.4666670000,-72.9500000000,-41.4666670000,-72.9500000000,,,Chile,Los Lagos,,,,"Puerto Montt (5 m elev.): either Estero Pilluco, small brook west of town or larger one east of town",,,1919,2,22,"Eigenmann, Carl H.",,,PreservedSpecimen,Irwin Expedition.,2015-11-17 19:05:00.0
CAS,ICH,78417,6,Aplochiton zebra,Galaxiidae,alc-75% EtOH; radiograph,,-41.7166670000,-72.7000000000,-41.7166670000,-72.7000000000,,,Chile,Los Lagos,,,,"Rio Pescado, into Lago Llanquihue; 74 m elev.",,,1919,3,10,"Eigenmann, Carl H.",,,PreservedSpecimen,Irwin expedition,2018-06-13 16:22:48.0
CAS,ICH,78418,10,Aplochiton zebra,Galaxiidae,alc-75% EtOH,,-39.8313370000,-73.3405960000,-39.8313370000,-73.3405960000,3169.00000000000000,,Chile,Los Lagos,,,,Estero Cutipai below Valdivia.,,,1919,2,19,"Eigenmann, Carl H.",,"Polygon covers Estero Cutipay, below Valdivia.",PreservedSpecimen,Irwin Expedition,2015-11-17 19:05:03.0
CAS,ICH,78419,24,Aplochiton zebra,Galaxiidae,alc-75% EtOH,,-39.8000000000,-72.4166670000,-39.8000000000,-72.4166670000,,,Chile,Los Lagos,,,,"Lago Rinihue, Estero Panqueco; 118 m elev.",,,1919,3,16,"Eigenmann, Carl H.",,,PreservedSpecimen,Irwin Expedition,2015-11-17 19:05:04.0
CAS,ICH,78420,12,Aplochiton zebra,Galaxiidae,alc-75% EtOH,,-39.8313370000,-73.3405960000,-39.8313370000,-73.3405960000,3169.00000000000000,,Chile,Los Lagos,,,,Estero Cutipai below Valdivia.,,,1919,2,19,"Eigenmann, Carl H.",,"Polygon covers Estero Cutipay, below Valdivia.",PreservedSpecimen,duplicates CAS 78418 (IU 15533);,2015-11-17 19:05:11.0
CAS,ICH,78421,36,Aplochiton zebra,Galaxiidae,alc-75% EtOH,,-41.0833330000,-72.0333330000,-41.0833330000,-72.0333330000,,,Chile,Los Lagos,,,,"Lago Todos Santos, Peulla; 190 m elev.",,,1919,2,27,"Eigenmann, Carl H.",,,PreservedSpecimen,14 to Weitzman for osteology;,2015-11-17 19:05:22.0
CAS,ICH,78422,39,Aplochiton zebra,Galaxiidae,alc-75% EtOH,,-41.0833330000,-72.0333330000,-41.0833330000,-72.0333330000,,,Chile,Los Lagos,,,,"Lago Todos Santos, Peulla; 190 m elev.",,,1919,2,27,"Eigenmann, Carl H.",,,PreservedSpecimen,duplicates CAS 78421 (IU 15529);,2015-11-17 19:05:29.0
CAS,ICH,78423,18,Aplochiton zebra,Galaxiidae,alc-75% EtOH,,-41.1500000000,-72.4166670000,-41.1500000000,-72.4166670000,,,Chile,Los Lagos,,,,"R. Petrohue, Below the falls formed by lava from Volcan Osorno flowing against the foot of Sierra Santo Domingo; 100 m elev.",,,1919,3,8,"Eigenmann, Carl H.",,,PreservedSpecimen,Irwin Exped.,2015-11-17 19:05:31.0
CAS,ICH,78424,7,Aplochiton zebra,Galaxiidae,alc-75% EtOH; radiograph,,-41.0500000000,-71.8833330000,-41.0500000000,-71.8833330000,,,Chile,Los Lagos,,,,"RIO PEULLA, at mouth of creek near base of Monte Tronador, Casa Panque; 320 m elev.",,,1919,3,1,"Eigenmann, Carl H.",,,PreservedSpecimen,IRWIN EXPEDITION.,2018-06-13 16:22:35.0
CAS,ICH,78425,99,Aplochiton zebra,Galaxiidae,alc-75% EtOH,,-41.1500000000,-72.4166670000,-41.1500000000,-72.4166670000,,,Chile,Los Lagos,,,,"R. Petrohue, Below the falls formed by lava from Volcan Osorno flowing against the foot of Sierra Santo Domingo; 100 m elev.",,,1919,3,8,"Eigenmann, Carl H.",,,PreservedSpecimen,duplicates CAS 78423 (IU 15531).,2015-11-17 19:05:40.0
CAS,ICH,78426,5,Brachygalaxias bullocki,Galaxiidae,alc-75% EtOH,,-40.3401780000,-72.7935930000,-40.3401780000,-72.7935930000,7657.00000000000000,,Chile,Los Lagos,,,,Residual field pond eight miles east of Rio Bueno at Valdivia.,,,1952,1,23,"Ross, E. S.",,Coordinates 8 miles east of Rio Bueno.,PreservedSpecimen,,2013-06-28 00:00:00.0
CAS,ICH,78428,5,Brachygalaxias bullocki,Galaxiidae,alc-75% EtOH,,-36.8166670000,-73.0500000000,-36.8166670000,-73.0500000000,,,Chile,Biobio Region,,,,"Lower end of Estero Nonguen, into Rio Andalien on grounds of agricultural college at edge of Concepcion; 90 m elev.",,,1919,3,20,"Eigenmann, Carl H.",,,PreservedSpecimen,Irwin Expedition,2015-11-17 19:05:41.0
CAS,ICH,78429,12,Brachygalaxias bullocki,Galaxiidae,alc-75% EtOH,,-41.4000000000,-72.9000000000,-41.4000000000,-72.9000000000,,,Chile,Los Lagos,,,,Abtao; brook on heights between Puerto Varas and Puerto Montt; ca. 107 m elev.,,,1919,2,23,"Eigenmann, Carl H.",,,PreservedSpecimen,radiographed fish seems to match this lot it was found separated from others with no cat. num.,2015-11-17 19:05:53.0
CAS,ICH,78430,9,Brachygalaxias bullocki,Galaxiidae,alc-75% EtOH,,-39.8313370000,-73.3405960000,-39.8313370000,-73.3405960000,3169.00000000000000,,Chile,Los Lagos,,,,Weedy ditch near Estero Cutipai below Valdivia.,,,1919,2,19,"Eigenmann, Carl H.",,"Polygon covers Estero Cutipay, below Valdivia.",PreservedSpecimen,Irwin Expedition,2015-11-17 19:05:54.0
CAS,ICH,78431,10,Brachygalaxias bullocki,Galaxiidae,alc-75% EtOH,,-41.2000000000,-72.5166670000,-41.2000000000,-72.5166670000,,,Chile,Los Lagos,,,,Ensenada; stream into Lago Llanquihue.,,,1919,3,9,"Eigenmann, Carl H.",,,PreservedSpecimen,Irwin Exped.,2015-11-17 19:05:55.0
CAS,ICH,78432,2,Brachygalaxias bullocki,Galaxiidae,alc-75% EtOH,,-41.3000000000,-72.9500000000,-41.3000000000,-72.9500000000,,,Chile,Los Lagos,,,,"Puerto Varas (74 m elev.): either creek through town, or estero into Lago Llanquihue",,,1919,3,12,"Eigenmann, Carl H.",,,PreservedSpecimen,Irwin Expedition,2015-11-17 19:05:57.0
CAS,ICH,78433,34,Galaxias maculatus,Galaxiidae,alc-75% EtOH,,-39.8166670000,-73.2500000000,-39.8166670000,-73.2500000000,,,Chile,Los Lagos,,,,"Esterito Santa Rosa, Rio Santa Rosa at Valdivia",,,1919,2,17,"Eigenmann, Carl H.",,,PreservedSpecimen,Irwin Expedition,2015-11-17 19:06:00.0
CAS,ICH,78434,5,Galaxias maculatus,Galaxiidae,alc-75% EtOH,,-37.0094440000,-72.6000000000,-37.0094440000,-72.6000000000,,,Chile,Biobio Region,,,,"Rio Bio Bio, Coigue; 66 m elev.",,,1919,3,20,"Eigenmann, Carl H.",,,PreservedSpecimen,Irwin Expedition,2015-11-17 19:06:01.0
CAS,ICH,78435,83,Galaxias maculatus,Galaxiidae,alc-75% EtOH,,-41.3000000000,-72.9500000000,-41.3000000000,-72.9500000000,,,Chile,Los Lagos,,,,"Puerto Varas (74 m elev.): either creek through town, or estero into Lago Llanquihue",,,1919,3,12,"Eigenmann, Carl H.",,,PreservedSpecimen,Irwin Expedition,2015-11-17 19:06:02.0
CAS,ICH,78436,52,Galaxias maculatus,Galaxiidae,alc-75% EtOH,,-38.5333330000,-72.4333330000,-38.5333330000,-72.4333330000,,,Chile,Araucania Region,,,,"Rio Cautin, Lautaro; 214 m elev.",,,1919,2,14,"Eigenmann, Carl H.",,,PreservedSpecimen,Irwin Expedition,2015-11-17 19:06:10.0
CAS,ICH,78437,75,Galaxias maculatus,Galaxiidae,alc-75% EtOH,,-41.7166670000,-72.7000000000,-41.7166670000,-72.7000000000,,,Chile,Los Lagos,,,,"Rio Pescado, into Lago Llanquihue; 74 m elev.",,,1919,3,10,"Eigenmann, Carl H.",,,PreservedSpecimen,Irwin expedition,2015-11-17 19:06:08.0
CAS,ICH,78439,13,Galaxias maculatus,Galaxiidae,alc-75% EtOH,,-39.8151200000,-73.2140810000,-39.8151200000,-73.2140810000,4265.00000000000000,,Chile,Los Lagos,,,,"RIO CALLE CALLE & TRIBUTARIES, Valdivia; 7 m elev.",,,1919,2,1,"Eigenmann, Carl H.",,Polygon covers Rio Calle Calle around Valdivia.,PreservedSpecimen,IRWIN EXPEDITION,2015-11-17 19:06:16.0
CAS,ICH,78440,39,Galaxias maculatus,Galaxiidae,alc-75% EtOH,,-36.8166670000,-73.0500000000,-36.8166670000,-73.0500000000,,,Chile,Biobio Region,,,,"Lower end of Estero Nonguen, into Rio Andalien on grounds of agricultural college at edge of Concepcion; 90 m elev.",,,1919,3,20,"Eigenmann, Carl H.",,,PreservedSpecimen,Irwin Expedition,2015-11-17 19:06:17.0
CAS,ICH,78441,87,Galaxias maculatus,Galaxiidae,alc-75% EtOH,,-41.0833330000,-72.0333330000,-41.0833330000,-72.0333330000,,,Chile,Los Lagos,,,,"Lago Todos Santos, Peulla; 190 m elev.",,,1919,2,27,"Eigenmann, Carl H.",,,PreservedSpecimen,6 removed as Aplochiton.,2015-11-17 19:06:26.0
CAS,ICH,78442,139,Galaxias maculatus,Galaxiidae,alc-75% EtOH,,-41.0833330000,-72.0333330000,-41.0833330000,-72.0333330000,,,Chile,Los Lagos,,,,"Lago Todos Santos, Peulla; 190 m elev.",,,1919,2,27,"Eigenmann, Carl H.",,,PreservedSpecimen,duplicates CAS 78441 (IU 15590).,2015-11-17 19:06:31.0
CAS,ICH,78443,100,Galaxias maculatus,Galaxiidae,alc-75% EtOH,,-41.2000000000,-72.5166670000,-41.2000000000,-72.5166670000,,,Chile,Los Lagos,,,,Ensenada; stream into Lago Llanquihue.,,,1919,3,9,"Eigenmann, Carl H.",,,PreservedSpecimen,count an estimate; duplicates CAS 78451 (IU 15589).,2015-11-17 19:06:39.0
CAS,ICH,78444,100,Galaxias maculatus,Galaxiidae,alc-75% EtOH,,-39.8000000000,-72.4166670000,-39.8000000000,-72.4166670000,,,Chile,Los Lagos,,,,"Lago Rinihue, Estero Panqueco; 118 m elev.",,,1919,3,16,"Eigenmann, Carl H.",,,PreservedSpecimen,Spec. count is an estimate.,2015-11-17 19:06:46.0
CAS,ICH,78445,41,Galaxias maculatus,Galaxiidae,alc-75% EtOH,,-39.8313370000,-73.3405960000,-39.8313370000,-73.3405960000,3169.00000000000000,,Chile,Los Lagos,,,,"Estero Cutipai, Below Valdivia.",,,1919,2,18,"Eigenmann, Carl H.",,"Polygon covers Estero Cutipay, below Valdivia.",PreservedSpecimen,Irwin Expedition,2015-11-17 19:06:50.0
CAS,ICH,78446,80,Galaxias maculatus,Galaxiidae,alc-75% EtOH,,-39.8313370000,-73.3405960000,-39.8313370000,-73.3405960000,3169.00000000000000,,Chile,Los Lagos,,,,"Estero Cutipai, Below Valdivia.",,,1919,2,18,"Eigenmann, Carl H.",,"Polygon covers Estero Cutipay, below Valdivia.",PreservedSpecimen,Spec. count is an estimate.,2015-11-17 19:06:56.0
CAS,ICH,78448,150,Galaxias maculatus,Galaxiidae,alc-75% EtOH,,-41.4666670000,-72.9500000000,-41.4666670000,-72.9500000000,,,Chile,Los Lagos,,,,"Puerto Montt (5 m elev.): either Estero Pilluco, small brook west of town or larger one east of town",,,1919,2,22,"Eigenmann, Carl H.",,,PreservedSpecimen,Count is an estimate.,2011-12-28 17:51:41.0
CAS,ICH,78449,50,Galaxias maculatus,Galaxiidae,alc-75% EtOH,,-41.4666670000,-72.9500000000,-41.4666670000,-72.9500000000,,,Chile,Los Lagos,,,,"Puerto Montt (5 m elev.): either Estero Pilluco, small brook west of town or larger one east of town",,,1919,2,22,"Eigenmann, Carl H.",,,PreservedSpecimen,Irwin Expedition.,2011-12-28 17:51:41.0
CAS,ICH,78451,50,Galaxias maculatus,Galaxiidae,alc-75% EtOH,,-41.2000000000,-72.5166670000,-41.2000000000,-72.5166670000,,,Chile,Los Lagos,,,,Ensenada; stream into Lago Llanquihue.,,,1919,3,9,"Eigenmann, Carl H.",,,PreservedSpecimen,Spec. count is an estimate.,2015-11-17 19:07:07.0
CAS,ICH,78452,50,Galaxias maculatus,Galaxiidae,alc-75% EtOH,,-39.8166670000,-73.2500000000,-39.8166670000,-73.2500000000,,,Chile,Los Lagos,,,,"Esterito Santa Rosa, Rio Santa Rosa at Valdivia",,,1919,2,17,"Eigenmann, Carl H.",,,PreservedSpecimen,Spec. count an estimate; duplicates CAS 78433 (IU 15581).,2015-11-17 19:07:14.0
CAS,ICH,78453,100,Galaxias maculatus,Galaxiidae,alc-75% EtOH,,-41.4666670000,-72.9500000000,-41.4666670000,-72.9500000000,,,Chile,Los Lagos,,,,"Puerto Montt (5 m elev.): either Estero Pilluco, small brook west of town or larger one east of town",,,1919,2,22,"Eigenmann, Carl H.",,,PreservedSpecimen,Spec. count an estimate; duplicates CAS 78449 IU  15587).,2015-11-17 19:07:23.0
CAS,ICH,78454,14,Galaxias maculatus,Galaxiidae,alc-75% EtOH,,-40.5833330000,-73.1500000000,-40.5833330000,-73.1500000000,,,Chile,Los Lagos,,,,"R. Rahue, Osorno; 25 m elev.",,,1919,3,14,"Eigenmann, Carl H.",,,PreservedSpecimen,Irwin Expedition.,2015-11-17 19:07:25.0
CAS,ICH,78455,30,Galaxias platei,Galaxiidae,alc-75% EtOH,,-41.3000000000,-72.9500000000,-41.3000000000,-72.9500000000,,,Chile,Los Lagos,,,,"Puerto Varas (74 m elev.): either creek through town, or estero into Lago Llanquihue",,,1919,3,12,"Eigenmann, Carl H.",,,PreservedSpecimen,Irwin Expedition,2015-11-17 19:07:27.0
CAS,ICH,78456,36,Galaxias platei,Galaxiidae,alc-75% EtOH,,-41.3000000000,-72.9500000000,-41.3000000000,-72.9500000000,,,Chile,Los Lagos,,,,"Puerto Varas (74 m elev.): either creek through town, or estero into Lago Llanquihue",,,1919,3,12,"Eigenmann, Carl H.",,,PreservedSpecimen,duplicates CAS 78455 (IU 15592).,2015-11-17 19:07:34.0
CAS,ICH,78457,22,Galaxias platei,Galaxiidae,alc-75% EtOH,,-41.7166670000,-72.7000000000,-41.7166670000,-72.7000000000,,,Chile,Los Lagos,,,,"Rio Pescado, into Lago Llanquihue; 74 m elev.",,,1919,3,10,"Eigenmann, Carl H.",,,PreservedSpecimen,Irwin expedition,2015-11-17 19:07:35.0
CAS,ICH,78458,3,Galaxias platei,Galaxiidae,alc-75% EtOH,,-41.1500000000,-72.4166670000,-41.1500000000,-72.4166670000,,,Chile,Los Lagos,,,,"R. Petrohue, Below the falls formed by lava from Volcan Osorno flowing against the foot of Sierra Santo Domingo; 100 m elev.",,,1919,3,8,"Eigenmann, Carl H.",,,PreservedSpecimen,Irwin Exped.,2015-11-17 19:07:37.0
CAS,ICH,78459,10,Galaxias platei,Galaxiidae,alc-75% EtOH,,-41.2000000000,-72.5166670000,-41.2000000000,-72.5166670000,,,Chile,Los Lagos,,,,Ensenada; stream into Lago Llanquihue.,,,1919,3,9,"Eigenmann, Carl H.",,,PreservedSpecimen,Irwin Exped.,2015-11-17 19:07:38.0
CAS,ICH,78460,50,Galaxias platei,Galaxiidae,alc-75% EtOH,,-41.0833330000,-72.0333330000,-41.0833330000,-72.0333330000,,,Chile,Los Lagos,,,,"Lago Todos Santos, Peulla; 190 m elev.",,,1919,2,27,"Eigenmann, Carl H.",,,PreservedSpecimen,Spec. count is an estimate.,2015-11-17 19:07:44.0
CAS,ICH,78462,3,Galaxias platei,Galaxiidae,alc-75% EtOH,,-53.1611650000,-70.8778790000,-53.1611650000,-70.8778790000,5292.00000000000000,,Chile,Magallanes y de la Antartica Chilena Region,,,,Punta Arenas,,,,,,"Hatcher, J. B.",,Coordinates at Punta Arenas.,PreservedSpecimen,,2012-03-21 18:45:15.0
CAS,ICH,78890,11,Aplochiton lacustris,Galaxiidae,alc-75% EtOH,,-41.0833330000,-72.0333330000,-41.0833330000,-72.0333330000,,,Chile,Los Lagos,,,,"Lago Todos Santos, Peulla; 190 m elev.",,,1919,2,27,"Eigenmann, Carl H.",,,PreservedSpecimen,>> MS NAME -- NEVER PUBLISHED (These may have been considered MS paratypes) <<    duplicates IU 15542 (CAS 78891).,2002-07-03 00:00:00.0
CAS,ICH,78891,15,Aplochiton lacustris,Galaxiidae,alc-75% EtOH,,-41.0833330000,-72.0333330000,-41.0833330000,-72.0333330000,,,Chile,Los Lagos,,,,"Lago Todos Santos, Peulla; 190 m elev.",,,1919,2,27,"Eigenmann, Carl H.",,,PreservedSpecimen,>> MS TYPE + COTYPES -- NEVER PUBLISHED <<   duplicated by CAS 78890.  One fish labelled as having been radiographed.,2002-07-03 00:00:00.0
CAS,ICH,79013,7,Percichthys trucha,Percichthyidae,alc-75% EtOH,,-36.8166670000,-73.0500000000,-36.8166670000,-73.0500000000,,,Chile,Biobio Region,,,,"Lower end of Estero Nonguen, into Rio Andalien on grounds of agricultural college at edge of Concepcion; 90 m elev.",,,1919,3,20,"Eigenmann, Carl H.",,,PreservedSpecimen,Irwin Expedition,2012-03-21 18:24:39.0
CAS,ICH,79016,2,Percichthys trucha,Percichthyidae,alc-75% EtOH,,-33.6149360000,-71.6077800000,-33.6149360000,-71.6077800000,1512.00000000000000,,Chile,Valparaiso Region,,,,Llolleo.,,,,,,"Eigenmann, Carl H.",,,PreservedSpecimen,,2012-03-28 15:41:32.0
CAS,ICH,79018,10,Percichthys trucha,Percichthyidae,alc-75% EtOH,,-39.8000000000,-72.4166670000,-39.8000000000,-72.4166670000,,,Chile,,,,,"Lago Rinihue, Estero Panqueco, elev. 118 m.",,,,,,"Eigenmann, Carl H.",,,PreservedSpecimen,Irwin Expedition,2002-07-03 00:00:00.0
CAS,ICH,79019,2,Percichthys trucha,Percichthyidae,alc-75% EtOH,,-35.5833330000,-71.7333330000,-35.5833330000,-71.7333330000,,,Chile,,,,,"Rio Loncomilla, San Javier, elev. 108 m.",,,,,,"Eigenmann, Carl H.",,,PreservedSpecimen,Irwin Expedition,2002-07-03 00:00:00.0
CAS,ICH,79020,1,Percichthys trucha,Percichthyidae,alc-75% EtOH,,-41.2166670000,-72.7000000000,-41.2166670000,-72.7000000000,,,Chile,,,,,"Rio Pescado, into L. Llanquihue, elev. 74 m.",,,,,,"Eigenmann, Carl H.",,,PreservedSpecimen,Irwin Expedition,2002-07-03 00:00:00.0
CAS,ICH,79620,7,Galaxias globiceps,Galaxiidae,alc-75% EtOH,,-41.4080560000,-72.9165300000,-41.4080560000,-72.9165300000,1425.00000000000000,,Chile,Los Lagos,,,,"R. Arenas, 7 km north of Puerto Montt at Bridge Arenas on Alerle Rd.",,,1992,11,27,"Berra, T. M.; Ruiz R., V. H.",,,PreservedSpecimen,,2013-09-19 11:23:31.0
CAS,ICH,81539,1,Diplomystes papillosus,Diplomystidae,C&S-GLYCERINE,,-36.8166670000,-73.0500000000,-36.8166670000,-73.0500000000,,,Chile,Biobio Region,,,,"Lower end of Estero Nonguen, into Rio Andalien on grounds of agricultural college at edge of Concepcion; 90 m elev.",,,1919,3,20,"Eigenmann, Carl H.",,,PreservedSpecimen,From same lot as paratypes of D. nahuelbutaensis;,2017-02-22 16:20:19.0
CAS,ICH,83559,1,Basilichthys,Atherinopsidae,alc-75% EtOH,,-39.8268070000,-73.2347170000,-39.8268070000,-73.2347170000,3913.00000000000000,,Chile,,,,,Valdivia.,,,1919,2,18,"Eigenmann, Carl H.",,Coordinates at Valdivia.,PreservedSpecimen,,2013-06-28 00:00:00.0
CAS,ICH,11546,32,Percichthys trucha,Percichthyidae,alc-75% EtOH,,-38.5316710000,-72.4304240000,-38.5316710000,-72.4304240000,1998.00000000000000,,Chile,Araucania Region,,,,Lautaro.,,,1919,2,13,"Eigenmann, Carl H.",,,PreservedSpecimen,Irwin Expedition,2012-03-21 18:43:24.0
CAS,ICH,11594,7,Percichthys trucha,Percichthyidae,alc-75% EtOH,,-38.5316710000,-72.4304240000,-38.5316710000,-72.4304240000,1998.00000000000000,,Chile,Araucania Region,,,,"Lautaro, Cautin Prov.",,,1919,2,3,"Eigenmann, Carl H.",,,PreservedSpecimen,,2012-03-28 15:43:20.0
CAS,ICH,11678,5,Basilichthys australis,Atherinopsidae,alc-75% EtOH,,-40.5833330000,-73.1500000000,-40.5833330000,-73.1500000000,,,Chile,Los Lagos,,,,"R. Rahue, Osorno; 25 m elev.",,,1919,3,14,"Eigenmann, Carl H.",,,PreservedSpecimen,"Publ.: Mem. Natl. Acad. Sci. Wash., v.22(mem.2): 59, pl.12 (fig.3), 14 (fig.5).",2013-06-28 00:00:00.0
CAS,ICH,11679,2,Basilichthys australis,Atherinopsidae,alc-75% EtOH,,-33.4762430000,-70.6667100000,-33.4762430000,-70.6667100000,21647.00000000000000,,Chile,,,,,Santiago market.,,,,,,"Eigenmann, C. H.; Murdock",,"Coordinates at Santiago, error covers town.",PreservedSpecimen,Irwin Expedition,2016-08-16 15:02:51.0
CAS,ICH,12676,2,Percichthys melanops,Percichthyidae,alc-75% EtOH,,-33.4762430000,-70.6667100000,-33.4762430000,-70.6667100000,21647.00000000000000,,Chile,,,,,Santiago Market,,,,,,"Eigenmann, Carl H.",,"Coordinates at Santiago, error covers town.",PreservedSpecimen,,2018-10-03 10:52:47.0
CAS,ICH,12677,1,Percichthys trucha,Percichthyidae,alc-75% EtOH,,-36.8495990000,-73.0077410000,-36.8495990000,-73.0077410000,3965.00000000000000,,Chile,,,,,Estero nongueu.,,,,,,"Eigenmann, Carl H.",,Polygon covers Estero Nonguen. Coordinates placed at center of polygon.,PreservedSpecimen,,1994-12-22 00:00:00.0
CAS,ICH,12678,2,Percichthys trucha,Percichthyidae,alc-75% EtOH,,-33.4762430000,-70.6667100000,-33.4762430000,-70.6667100000,21647.00000000000000,,Chile,,,,,Santiago market or Estero nongueu.,,,,,,"Eigenmann, Carl H.",,"Coordinates at Santiago, error covers town.",PreservedSpecimen,,1994-12-22 00:00:00.0
CAS,ICH,12690,4,Cauque mauleanum,Atherinopsidae,alc-75% EtOH,,-40.5783810000,-73.1233500000,-40.5783810000,-73.1233500000,2681.00000000000000,,Chile,Los Lagos,,,,Osorno.,,,,,,"Eigenmann, Carl H.",,Coordinates at Osorno.,PreservedSpecimen,,1997-06-27 00:00:00.0
CAS,ICH,12691,25,Cauque mauleanum,Atherinopsidae,alc-75% EtOH,,-41.3000000000,-72.9500000000,-41.3000000000,-72.9500000000,,,Chile,Los Lagos,,,,"Puerto Varas (74 m elev.): either creek through town, or estero into Lago Llanquihue",,,1919,3,12,"Eigenmann, Carl H.",,,PreservedSpecimen,COMBINED WITH CAS 45202.,2002-07-03 00:00:00.0
CAS,ICH,12697,8,Cauque mauleanum,Atherinopsidae,alc-75% EtOH,,-39.8268070000,-73.2347170000,-39.8268070000,-73.2347170000,3913.00000000000000,,Chile,Los Lagos,,,,Valdivia market.,,,1919,2,1,"Eigenmann, Carl H.",,Coordinates at Valdivia.,PreservedSpecimen,,1993-09-21 00:00:00.0
CAS,ICH,12702,1,Geotria australis,Geotriidae,alc,,-38.5333330000,-72.4333330000,-38.5333330000,-72.4333330000,,,Chile,Araucania Region,,,,"R. Cautin ?, Lautaro (elev. 214 m).",,,1919,1,1,"Eigenmann, Carl H.",,,PreservedSpecimen,Irwin Exped.,2003-12-05 15:01:19.0
CAS,ICH,13511,6,Aplochiton,Galaxiidae,alc-75% EtOH,,-41.0857320000,-72.0219840000,-41.0857320000,-72.0219840000,946.00000000000000,,Chile,,,,,Peulla,,,1919,2,1,"Eigenmann, Carl H.",,Coordinates at Peulla.,PreservedSpecimen,,1997-09-25 00:00:00.0
CAS,ICH,13706,8,Diplomystes chilensis,Diplomystidae,alc-75% EtOH,,-33.4762430000,-70.6667100000,-33.4762430000,-70.6667100000,21647.00000000000000,,Chile,,,,,Santiago market.,,,,,,"Eigenmann, C. H.; Murdock",,"Coordinates at Santiago, error covers town.",PreservedSpecimen,Irwin Expedition,2016-08-16 15:02:51.0
ANSP,FISH,22892,1,Percichthys melanops,Percichthyidae,1 alc; 0 sk; 0 c&s,,-33.476243,-70.66671,-33.476243,-70.66671,21647,WGS 84,Chile,,,,,"Santiago, tributary of the Rio de Maypo.",,,0,0,0,Lt. Jas. M. Gilliss,"GEOLocate (Rios & Bart, 2010)","Coordinates at Santiago, error covers town.",PreservedSpecimen,,
ANSP,FISH,69659,1,Mordacia lapicida,Petromyzontidae,1 alc; 0 sk; 0 c&s,,-37.821573,-72.6683,-37.821573,-72.6683,1557,WGS 84,Chile,,,,,"Pacific Ocean, El Vergal, Angol.",,,0,0,0,D. S. Bullock,"GEOLocate (Rios & Bart, 2010)","Coordinates at El Vergel, in the town of Argol.",PreservedSpecimen,,
ANSP,FISH,69660,1,Geotria australis,Petromyzontidae,1 alc; 0 sk; 0 c&s,,-38.012456,-73.074382,-38.012456,-73.074382,3711,WGS 84,Chile,,,,,"Rio Puren, Puren.",,,1938,1,3,D. S. Bullock,"GEOLocate (Rios & Bart, 2010)",Polygon covers Rio Puren around town of Puren.,PreservedSpecimen,,
ANSP,FISH,69696,14,Brachygalaxias bullocki,Galaxiidae,14 alc; 0 sk; 0 c&s,,-38.762341,-72.630002,-38.762341,-72.630002,1710,WGS 84,Chile,,,,,"Maquehue, Temuco.",,,1910,4,12,D. S. Bullock,"GEOLocate (Rios & Bart, 2010)","Coordinates at Maquehue, in town of Temuco.",PreservedSpecimen,,
ANSP,FISH,69710,3,Brachygalaxias bullocki,Galaxiidae,3 alc; 0 sk; 0 c&s,,-37.821573,-72.6683,-37.821573,-72.6683,1557,WGS 84,Chile,,,,,"El Vergal, Angol.",,,1933,0,0,D. S. Bullock,"GEOLocate (Rios & Bart, 2010)","Coordinates at El Vergel, in the town of Argol.",PreservedSpecimen,,
ANSP,FISH,71081,3,Percilia gillissii,Percichthyidae,3 alc; 0 sk; 0 c&s,,-34.688258,-71.048647,-34.688258,-71.048647,77112,WGS 84,Chile,Colchagua Prov.,,,,"San Francisco, Estero.",,,0,0,0,Carlos A. Marelli,"GEOLocate (Rios & Bart, 2010)","Polygon covers Province of Colchagua, coordinates placed at center of polygon.",PreservedSpecimen,,
ANSP,FISH,75668,24,Percilia gillissii,Percichthyidae,24 alc; 0 sk; 0 c&s,,-37.821573,-72.6683,-37.821573,-72.6683,1557,WGS 84,Chile,,,,,"El Vergal, Angol.",,,0,0,0,D. S. Bullock,"GEOLocate (Rios & Bart, 2010)","Coordinates at El Vergel, in the town of Argol.",PreservedSpecimen,,
ANSP,FISH,75669,3,Percilia gillissii,Percichthyidae,3 alc; 0 sk; 0 c&s,,-37.821573,-72.6683,-37.821573,-72.6683,1557,WGS 84,Chile,,,,,"El Vergal, Angol.",,,1931,0,0,D. S. Bullock,"GEOLocate (Rios & Bart, 2010)","Coordinates at El Vergel, in the town of Argol.",PreservedSpecimen,,
ANSP,FISH,75670,6,Percilia gillissii,Percichthyidae,6 alc; 0 sk; 0 c&s,,-37.801179,-72.650897,-37.801179,-72.650897,4860,WGS 84,Chile,,,,,"Mallico River, Angol.",,,1940,1,7,D. S. Bullock,"GEOLocate (Rios & Bart, 2010)",Polygon covers Rio Malleco around town of Angol.,PreservedSpecimen,,
ANSP,FISH,75671,2,Percilia gillissii,Percichthyidae,2 alc; 0 sk; 0 c&s,,-37.821573,-72.6683,-37.821573,-72.6683,1557,WGS 84,Chile,,,,,"El Vergal, Angol.",,,0,0,0,D. S. Bullock,"GEOLocate (Rios & Bart, 2010)","Coordinates at El Vergel, in the town of Argol.",PreservedSpecimen,,
ANSP,FISH,77949,1,Percichthys melanops,Percichthyidae,0 alc; 1 sk; 0 c&s,,-33.041803,-71.608664,-33.041803,-71.608664,4808,WGS 84,Chile,,,,,Valparaiso.,,,1865,0,0,Joseph Hyrtl Collection,"GEOLocate (Rios & Bart, 2010)","Coordinates at Valparaiso, error covers town.",PreservedSpecimen,,
ANSP,FISH,79404,9,Galaxias maculatus,Galaxiidae,8 alc; 0 sk; 1 c&s,,-37.801179,-72.650897,-37.801179,-72.650897,4860,WGS 84,Chile,,,,,"Mallico River, Angol.",,,1940,1,7,D. S. Bullock,"GEOLocate (Rios & Bart, 2010)",Polygon covers Rio Malleco around town of Angol.,PreservedSpecimen,,
ANSP,FISH,79405,5,Galaxias maculatus,Galaxiidae,5 alc; 0 sk; 0 c&s,,-37.821573,-72.6683,-37.821573,-72.6683,1557,WGS 84,Chile,,,,,"Vergal, Angol.",,,0,0,0,D. S. Bullock,"GEOLocate (Rios & Bart, 2010)","Coordinates at El Vergel, in the town of Argol.",PreservedSpecimen,,
ANSP,FISH,79406,1,Galaxias maculatus,Galaxiidae,1 alc; 0 sk; 0 c&s,,-37.821573,-72.6683,-37.821573,-72.6683,1557,WGS 84,Chile,,,,,"El Vergal, Angol.",,,0,0,0,D. S. Bullock,"GEOLocate (Rios & Bart, 2010)","Coordinates at El Vergel, in the town of Argol.",PreservedSpecimen,,
ANSP,FISH,84144,8,Percichthys trucha,Percichthyidae,8 alc; 0 sk; 0 c&s,,-37.821573,-72.6683,-37.821573,-72.6683,1557,WGS 84,Chile,Angol,,,,El Vergal.,,,0,0,0,D. S. Bullock,"GEOLocate (Rios & Bart, 2010)","Coordinates at El Vergel, in the town of Argol.",PreservedSpecimen,,
ANSP,FISH,84145,9,Percichthys trucha,Percichthyidae,9 alc; 0 sk; 0 c&s,,-37.821573,-72.6683,-37.821573,-72.6683,1557,WGS 84,Chile,,,,,"El Vergal, Angol.",,,1933,0,0,D. S. Bullock,"GEOLocate (Rios & Bart, 2010)","Coordinates at El Vergel, in the town of Argol.",PreservedSpecimen,,
ANSP,FISH,84191,9,Mordacia lapicida,Petromyzontidae,9 alc; 0 sk; 0 c&s,,-37.821573,-72.6683,-37.821573,-72.6683,1557,WGS 84,Chile,,,,,"Pacific Ocean, El Vergal, Angol.",,,0,0,0,D. S. Bullock,"GEOLocate (Rios & Bart, 2010)","Coordinates at El Vergel, in the town of Argol.",PreservedSpecimen,,
ANSP,FISH,84192,10,Mordacia lapicida,Petromyzontidae,10 alc; 0 sk; 0 c&s,,-37.798517,-72.702546,-37.798517,-72.702546,3036,WGS 84,Chile,,,,,"Mill Canal from Mallec River, Angol.",,,0,0,0,D. S. Bullock,"GEOLocate (Rios & Bart, 2010)",Coordinates at Angol. Error covers town.,PreservedSpecimen,,
ANSP,FISH,84193,4,Diplomystes chilensis,Diplomystidae,4 alc; 0 sk; 0 c&s,,-37.821573,-72.6683,-37.821573,-72.6683,1557,WGS 84,Chile,,,,,"El Vergal, Angol.",,,1931,0,0,D. S. Bullock,"GEOLocate (Rios & Bart, 2010)","Coordinates at El Vergel, in the town of Argol.",PreservedSpecimen,,
ANSP,FISH,84194,1,Diplomystes chilensis,Diplomystidae,1 alc; 0 sk; 0 c&s,,-37.821573,-72.6683,-37.821573,-72.6683,1557,WGS 84,Chile,,,,,"El Vergal, Angol.",,,1933,0,0,D. S. Bullock,"GEOLocate (Rios & Bart, 2010)","Coordinates at El Vergel, in the town of Argol.",PreservedSpecimen,,
ANSP,FISH,84620,6,Salmo trutta,Salmonidae,6 alc; 0 sk; 0 c&s,,-37.821573,-72.6683,-37.821573,-72.6683,1557,WGS 84,Chile,,,,,"El Vergal, Angol.",,,1931,0,0,D. S. Bullock,"GEOLocate (Rios & Bart, 2010)","Coordinates at El Vergel, in the town of Argol.",PreservedSpecimen,,
ANSP,FISH,84621,10,Salmo trutta,Salmonidae,10 alc; 0 sk; 0 c&s,,-37.821573,-72.6683,-37.821573,-72.6683,1557,WGS 84,Chile,,,,,"El Vergal, Angol.",,,1933,0,0,D. S. Bullock,"GEOLocate (Rios & Bart, 2010)","Coordinates at El Vergel, in the town of Argol.",PreservedSpecimen,,
ANSP,FISH,105668,1,Mordacia lapicida,Petromyzontidae,1 alc; 0 sk; 0 c&s,,-37.800416,-72.704177,-37.800416,-72.704177,4009,WGS 84,Chile,,,,,Angol; Canal del Globo.,,,1943,1,5,D. S. Bullock,"GEOLocate (Rios & Bart, 2010)","Polygon covers town of Angol, coordinates at El Vergal River.",PreservedSpecimen,,
ANSP,FISH,106262,14,Galaxias,Galaxiidae,14 alc; 0 sk; 0 c&s,,-37.803875,-72.681303,-37.803875,-72.681303,3253,WGS 84,Chile,,,,,Angol; Rio Huequen.,,,0,0,0,D. S. Bullock,"GEOLocate (Rios & Bart, 2010)",Polygon covers Rio Hueguen around Angol.,PreservedSpecimen,,
ANSP,FISH,106263,28,Galaxias,Galaxiidae,28 alc; 0 sk; 0 c&s,,-39.823444,-73.26248,-39.823444,-73.26248,4906,WGS 84,Chile,,,,,Valdivia; Rio Valdivia.,,,1942,9,19,"D. S. Bullock, J. Bartolotti","GEOLocate (Rios & Bart, 2010)",Polygon covers Rio Valdivia around town of Valdivia.,PreservedSpecimen,,
UMMZ,ummz_fish,61996,,Percichthys,Percichthyidae,EtOH - 2,,-36.8282270000,-73.0078270000,-36.8282270000,-73.0078270000,,,Chile,,,,,"Estero Nonguen, Concepcion",,,1919,3,20,CH Eigenmann,,,PreservedSpecimen,,
ANSP,FISH,119883,1,Percichthys melanops,Percichthyidae,1 alc; 0 sk; 0 c&s,,-37.821573,-72.6683,-37.821573,-72.6683,1557,WGS 84,Chile,,,,,"Malleco River, El Vergel Farm near Huegen, which is 3 km E of Angol.",,,1968,1,14,E.J. Hugghins,"GEOLocate (Rios & Bart, 2010)",,PreservedSpecimen,,
ANSP,FISH,121605,1,Carassius auratus,Cyprinidae,1 alc; 0 sk; 0 c&s,,-32.800097,-70.951819,-32.800097,-70.951819,2563,WGS 84,Chile,,,,,"Rio Aconcagua, Catemu.",,,1969,7,15,E.J. Hugghins,"GEOLocate (Rios & Bart, 2010)",Polygon covers Rio Aconcagua around Catemu.,PreservedSpecimen,,
ANSP,FISH,121629,1,Poeciliidae,Poeciliidae,1 alc; 0 sk; 0 c&s,,-32.800097,-70.951819,-32.800097,-70.951819,2563,WGS 84,Chile,,,,,"Rio Aconcagua, Catemu.",,,1969,7,15,E.J. Hugghins,"GEOLocate (Rios & Bart, 2010)",Polygon covers Rio Aconcagua around Catemu.,PreservedSpecimen,,
ANSP,FISH,122573,19,Mordacia lapicida,Petromyzontidae,19 alc; 0 sk; 0 c&s,,-37.798517,-72.702546,-37.798517,-72.702546,3036,WGS 84,Chile,,,,,"Mill Canal from Mallec River, Angol.",,,0,0,0,D. S. Bullock,"GEOLocate (Rios & Bart, 2010)",Coordinates at Angol. Error covers town.,PreservedSpecimen,,
ANSP,FISH,131419,7,Percilia,Percichthyidae,7 alc; 0 sk; 0 c&s,,-37.803875,-72.681303,-37.803875,-72.681303,3253,WGS 84,Chile,,,,,Angol; Rio Huequen.,,,0,0,0,D. S. Bullock,"GEOLocate (Rios & Bart, 2010)",Polygon covers Rio Hueguen around Angol.,PreservedSpecimen,,
ANSP,FISH,143466,50,Percichthys trucha,Percichthyidae,50 alc; 0 sk; 0 c&s,,-37.801179,-72.650897,-37.801179,-72.650897,4860,WGS 84,Chile,,,,,Angol; Rio Malleco.,,,0,0,0,D. S. Bullock,"GEOLocate (Rios & Bart, 2010)",Polygon covers Rio Malleco around town of Angol.,PreservedSpecimen,,
ANSP,FISH,159296,1,Galaxias maculatus,Galaxiidae,1 alc; 0 sk; 0 c&s,,-37.821573,-72.6683,-37.821573,-72.6683,1557,WGS 84,Chile,,,,,"El Vergal, Angol.",,,1933,0,0,D. S. Bullock,"GEOLocate (Rios & Bart, 2010)","Coordinates at El Vergel, in the town of Argol.",PreservedSpecimen,,
ANSP,FISH,177913,5,Diplomystes nahuelbutaensis,Diplomystidae,5 alc; 0 sk; 0 c&s,,-37.215389,-72.462482,-37.215389,-72.462482,500,WGS 84,Chile,,,,,"Rio Laja at La Cantera, 7 km below Salto Laja (Rio Bio Bio Drainage).",,0-60 cm,1992,12,9,"T.M. Berra, V.H. Ruiz, C. Meier","GEOLocate (Rios & Bart, 2010)",Coordinates placed 7 km downstream from Salto del Laja.,PreservedSpecimen,,
ANSP,FISH,177914,2,Diplomystes nahuelbutaensis,Diplomystidae,2 alc; 0 sk; 0 c&s,,-37.303031,-71.968153,-37.303031,-71.968153,90,WGS 84,Chile,,,,,Rio Laja at bridge 2 km south of Tucapel (Rio Bio Bio Drainage),,0-30 cm,1992,11,14,"T.M. Berra, V.H. Ruiz, C. Meier","GEOLocate (Rios & Bart, 2010)",,PreservedSpecimen,,
ANSP,FISH,177915,1,Diplomystes camposensis,Diplomystidae,1 alc; 0 sk; 0 c&s,,-40.668314,-72.464351,-40.668314,-72.464351,12081,WGS 84,Chile,,,,,Lago Piuihue [=Lago Puyehue ?],,,0,0,0,,"GEOLocate (Rios & Bart, 2010)",,PreservedSpecimen,,
ANSP,FISH,180476,2,Diplomystes nahuelbutaensis,Diplomystidae,2 alc; 0 sk; 0 c&s,,37°20'49''S,71°52'55''W,37°20'49''S,71°52'55''W,62417,WGS 84,Chile,,,,,Rio Laja (Bio Bio basin) en Fundo Calleuque.,,,2004,4,21,"D. A. Neely, R. L. Mayden, E. Habit & W. SanMartin","GEOLocate (Rios & Bart, 2010)",Polygon covers Rio Laja. Coordinates placed at center of polygon.,PreservedSpecimen,,
ANSP,FISH,191478,2,Diplomystes nahuelbutaensis,Diplomystidae,2 alc; 0 sk; 0 c&s,,-37.243104,-72.652743,-37.243104,-72.652743,978,WGS 84,Chile,Biobío,,,,"“Cruz de Piedra”, presumably locality on Río Laja (Biobío Dr.).",,,1994,1,23,Victor Ruiz,"GEOLocate (Rios & Bart, 2010)",Coordinates at Cruz de Piedra on the Rio Laja.,PreservedSpecimen,,
UMMZ,ummz_fish,212177,,nahuelbutaensis,Diplomystidae,EtOH - 1,,-38.7202800000,-71.1188980000,-38.7202800000,-71.1188980000,,,Chile,Malleco,,,,"Rio Bio Bio near Marimenuco, Prov. Malleco",,,1963,12,11,GF Edmunds,,,PreservedSpecimen,Philip Hirt,
UMMZ,ummz_fish,212695,,maculatus,Galaxiidae,EtOH - 7,,-35.7834580000,-71.5053380000,-35.7834580000,-71.5053380000,,,Chile,,,,,Tributary to Rio Putagan,,,1980,1,7,Brian Dyer,,,PreservedSpecimen,,
UMMZ,ummz_fish,212698,,Percichthys,Percichthyidae,EtOH - 2,,-35.7834580000,-71.5053380000,-35.7834580000,-71.5053380000,,,Chile,,,,,Trib to Rio Putagan,,,1980,1,7,B Dyer,,,PreservedSpecimen,,
UMMZ,ummz_fish,212699,,Percilia,Perciliidae,EtOH - 6,,-35.7834580000,-71.5053380000,-35.7834580000,-71.5053380000,,,Chile,,,,,Trib to Rio Putagan,,,1980,1,7,B Dyer,,,PreservedSpecimen,,
UMMZ,ummz_fish,212700,,nahuelbutaensis,Diplomystidae,EtOH - 2,,-37.6682400000,-72.0225240000,-37.6682400000,-72.0225240000,,,Chile,,,,,"Trib to Rio Bio-Bio, at San Jose de Corea, Santa Barbara",,,1980,11,5,B Dyer,,,PreservedSpecimen,,
UMMZ,ummz_fish,212771,,Brachygalaxias,Galaxiidae,EtOH - 2,,-40.5710790000,-73.1503010000,-40.5710790000,-73.1503010000,,,Chile,Osorno,,,,Rio Rahue 250m Osorno,,,1963,11,20,GF Edmunds,,,PreservedSpecimen,,
UMMZ,ummz_fish,212772,,maculatus,Galaxiidae,EtOH - 11,,-39.2918420000,-72.2249680000,-39.2918420000,-72.2249680000,,,Chile,Osorno,,,,Villarrica,,,1963,11,25,GF Edmunds,,,PreservedSpecimen,,
UMMZ,ummz_fish,212773,,Percilia,Perciliidae,EtOH - 1,,-39.2918420000,-72.2249680000,-39.2918420000,-72.2249680000,,,Chile,Cautin,,,,Villarrica,,,1963,11,25,GF Edmunds,,,PreservedSpecimen,,
UMMZ,ummz_fish,215036,,Mordacia,Petromyzontidae,EtOH - 5,,-39.0166667000,-72.4666667000,-39.0166667000,-72.4666667000,,,Chile,Cautin,,,,"Rio Allipen ca. 150 m upstream from Allipen bridge of road betw. Freire and Villarrica Lake, Region IX; R. Tolten dr.",,,1986,1,22,BS Dyer,,,PreservedSpecimen,Douglas Nelson,
UMMZ,ummz_fish,215037,,Mordacia,Petromyzontidae,EtOH - 7,,-39.0333333000,-72.2500000000,-39.0333333000,-72.2500000000,,,Chile,Cautin,,,,"Rio Allipen at confluence of Rio Curaco, near bridge 5 km S of Los Laureles on road to Pto. Corrales (L. Colico), *",,,1986,1,22,BS Dyer and party,,,PreservedSpecimen,Douglas Nelson,
UMMZ,ummz_fish,215038,,Mordacia,Petromyzontidae,EtOH - 2,,-38.8500000000,-72.5000000000,-38.8500000000,-72.5000000000,,,Chile,Cautin,,,,"Rio Quepe at Momberg bridge, 17 km SE of Temuco's Plaza de Armas, on road to Cunco, Region IX; Rio Imperial drainage",,,1986,1,23,BS Dyer and party,,,PreservedSpecimen,Douglas Nelson,
UMMZ,ummz_fish,215039,,Mordacia,Petromyzontidae,EtOH - 3,,-37.5333333000,-72.1833333000,-37.5333333000,-72.1833333000,,,Chile,Bio-Bio,,,,"R. Coreo at Coreo bridge (San Jose de Coreo), on Sta. Barbara-Los Angeles Rd., Region VIII; R. Duqueco->R. Bio-Bio dr.",,,1986,1,31,BS Dyer,,,PreservedSpecimen,Douglas Nelson,
UMMZ,ummz_fish,215040,,Mordacia,Petromyzontidae,EtOH - 13,,-39.0333333000,-73.0333333000,-39.0333333000,-73.0333333000,,,Chile,Cautin,,,,"Rio Tolten 7 km downstream from Comuy; Rio Tolten drainage, Region IX",,,1986,1,21,BS Dyer and party,,,PreservedSpecimen,Douglas Nelson,
UMMZ,ummz_fish,215359,,Gambusia,Poeciliidae,EtOH - 1,,-21.6000000000,-69.5500000000,-21.6000000000,-69.5500000000,,,Chile,Iquique,,,,"Rio Loa opposite Aduana Quillagua, ca. 300 m downstream (n0rth) from Panam bridge; Region I.",,,1986,1,7,BS Dyer and party,,,PreservedSpecimen,Douglas Nelson,
UMMZ,ummz_fish,215364,,Gambusia,Poeciliidae,EtOH - 1,,-32.1166667000,-71.5166667000,-32.1166667000,-71.5166667000,,,Chile,Choapa,,,,"Rio Quilimari, 1 km upstream from river mouth, 400 m up from Panam bridge, Region IV; Rio Quilimari drainage",,,1986,1,12,BS Dyer and party,,,PreservedSpecimen,Douglas Nelson,
UMMZ,ummz_fish,215366,,maculatus,Galaxiidae,EtOH - 1,,-32.3666667000,-71.3666667000,-32.3666667000,-71.3666667000,,,Chile,Petorca,,,,"Rio Petorca, 100 m downstream from Longotoma Panam bridge, at little dam, Region V; Rio Petorca drainage",,,1986,1,13,BS Dyer and party,,,PreservedSpecimen,Douglas Nelson,
UMMZ,ummz_fish,215367,,Carassius,Cyprinidae,EtOH - 2,,-32.3666667000,-71.3666667000,-32.3666667000,-71.3666667000,,,Chile,Petorca,,,,"Rio Petorca, 100 m downstream from Longotoma Panam bridge, at little dam, Region V; Rio Petorca drainage",,,1986,1,13,BS Dyer and party,,,PreservedSpecimen,Douglas Nelson,
UMMZ,ummz_fish,215368,,Gambusia,Poeciliidae,EtOH - 2,,-32.3666667000,-71.3666667000,-32.3666667000,-71.3666667000,,,Chile,Petorca,,,,"Rio Petorca, 100 m downstream from Longotoma Panam bridge, at little dam, Region V; Rio Petorca drainage",,,1986,1,13,BS Dyer and party,,,PreservedSpecimen,Douglas Nelson,
UMMZ,ummz_fish,215369,,maculatus,Galaxiidae,EtOH - 1,,-32.6166667000,-71.4166667000,-32.6166667000,-71.4166667000,,,Chile,Petorca,,,,"Est. Catapilco, app. 200 m upstream from Catapilco bridge, on road betw. Catapilco and Maitencillo, Region IV",,,1986,1,13,BS Dyer and party,,,PreservedSpecimen,Douglas Nelson,
UMMZ,ummz_fish,215371,,maculatus,Galaxiidae,EtOH - 11,,-40.5333333000,-73.7333333000,-40.5333333000,-73.7333333000,,,Chile,Osorno,,,,"Rio Tranallaquin or Contaco, 1 km upstream from river mouth, near Manzano bridge, Region X; Rio Contaco drainage",,,1986,1,17,BS Dyer and party,,,PreservedSpecimen,Douglas Nelson,
UMMZ,ummz_fish,215373,,maculatus,Galaxiidae,EtOH - 8,,-40.4500000000,-73.7666667000,-40.4500000000,-73.7666667000,,,Chile,Osorno,,,,"Rio Chorotraiguen, at river mouth 1 km N of Pucatrihue, Region X; Rio Chorotraiguen drainage",,,1986,1,18,BS Dyer and party,,,PreservedSpecimen,Douglas Nelson,
UMMZ,ummz_fish,215374,,Oncorhynchus,Salmonidae,EtOH - 1,,-40.4500000000,-73.7666667000,-40.4500000000,-73.7666667000,,,Chile,Osorno,,,,"Rio Chorotraiguen, at river mouth 1 km N of Pucatrihue, Region X; Rio Chorotraiguen drainage",,,1986,1,18,BS Dyer and party,,,PreservedSpecimen,Douglas Nelson,
UMMZ,ummz_fish,215378,,Percichthys,Percichthyidae,EtOH - 21,,-39.8000000000,-73.2333333000,-39.8000000000,-73.2333333000,,,Chile,Valdivia,,,,"Rio Calle-Calle, Valdivia, 200 m upstream from the Calle-Calle bridge, Region X; Rio Valdivia drainage",,,1986,1,21,BS Dyer and party,,,PreservedSpecimen,Douglas Nelson,
UMMZ,ummz_fish,215379,,maculatus,Galaxiidae,EtOH - 1|C&S - 10,,-39.4000000000,-73.2333333000,-39.4000000000,-73.2333333000,,,Chile,Cautin,,,,"Rio Queule, 2 km upstream from river mouth, Region IX; Rio Queule drainage",,,1986,1,21,BS Dyer and party,,,PreservedSpecimen,Douglas Nelson,
UMMZ,ummz_fish,215381,,Percichthys,Percichthyidae,EtOH - 1,,-39.0333333000,-73.0333333000,-39.0333333000,-73.0333333000,,,Chile,Cautin,,,,"Rio Tolten 7 km downstream from Comuy; Rio Tolten drainage, Region IX",,,1986,1,21,BS Dyer and party,,,PreservedSpecimen,Douglas Nelson,
UMMZ,ummz_fish,215382,,Percilia,Perciliidae,EtOH - 2,,-39.0333333000,-73.0333333000,-39.0333333000,-73.0333333000,,,Chile,Cautin,,,,"Rio Tolten 7 km downstream from Comuy; Rio Tolten drainage, Region IX",,,1986,1,21,BS Dyer and party,,,PreservedSpecimen,Douglas Nelson,
UMMZ,ummz_fish,215383,,maculatus,Galaxiidae,EtOH - 1,,-39.0166667000,-72.4666667000,-39.0166667000,-72.4666667000,,,Chile,Cautin,,,,"Rio Allipen ca. 150 m upstream from Allipen bridge of road betw. Freire and Villarrica Lake, Region IX; R. Tolten dr.",,,1986,1,22,BS Dyer,,,PreservedSpecimen,Douglas Nelson,
UMMZ,ummz_fish,215384,,Oncorhynchus,Salmonidae,EtOH - 1,,-39.0166667000,-72.4666667000,-39.0166667000,-72.4666667000,,,Chile,Cautin,,,,"Rio Allipen ca. 150 m upstream from Allipen bridge of road betw. Freire and Villarrica Lake, Region IX; R. Tolten dr.",,,1986,1,22,BS Dyer,,,PreservedSpecimen,Douglas Nelson,
UMMZ,ummz_fish,215385,,nahuelbutaensis,Diplomystidae,EtOH - 1,,-39.0166667000,-72.4666667000,-39.0166667000,-72.4666667000,,,Chile,Cautin,,,,"Rio Allipen ca. 150 m upstream from Allipen bridge of road betw. Freire and Villarrica Lake, Region IX; R. Tolten dr.",,,1986,1,22,BS Dyer,,,PreservedSpecimen,Douglas Nelson,
UMMZ,ummz_fish,215387,,Percichthys,Percichthyidae,EtOH - 2,,-39.0166667000,-72.4666667000,-39.0166667000,-72.4666667000,,,Chile,Cautin,,,,"Rio Allipen ca. 150 m upstream from Allipen bridge of road betw. Freire and Villarrica Lake, Region IX; R. Tolten dr.",,,1986,1,22,BS Dyer,,,PreservedSpecimen,Douglas Nelson,
UMMZ,ummz_fish,215388,,Oncorhynchus,Salmonidae,EtOH - 1,,-39.0333333000,-72.2500000000,-39.0333333000,-72.2500000000,,,Chile,Cautin,,,,"Rio Allipen at confluence of Rio Curaco, near bridge 5 km S of Los Laureles on road to Pto. Corrales (L. Colico), *",,,1986,1,22,BS Dyer and party,,,PreservedSpecimen,Douglas Nelson,
UMMZ,ummz_fish,215389,,maculatus,Galaxiidae,EtOH - 2,,-39.0333333000,-72.2500000000,-39.0333333000,-72.2500000000,,,Chile,Cautin,,,,"Rio Allipen at confluence of Rio Curaco, near bridge 5 km S of Los Laureles on road to Pto. Corrales (L. Colico), *",,,1986,1,22,BS Dyer and party,,,PreservedSpecimen,Douglas Nelson,
UMMZ,ummz_fish,215391,,Percilia,Perciliidae,EtOH - 2,,-39.0333333000,-72.2500000000,-39.0333333000,-72.2500000000,,,Chile,Cautin,,,,"Rio Allipen at confluence of Rio Curaco, near bridge 5 km S of Los Laureles on road to Pto. Corrales (L. Colico), *",,,1986,1,22,BS Dyer and party,,,PreservedSpecimen,Douglas Nelson,
UMMZ,ummz_fish,215392,,maculatus,Galaxiidae,EtOH - 1,,-38.8500000000,-72.5000000000,-38.8500000000,-72.5000000000,,,Chile,Cautin,,,,"Rio Quepe at Momberg bridge, 17 km SE of Temuco's Plaza de Armas, on road to Cunco, Region IX; Rio Imperial drainage",,,1986,1,23,BS Dyer and party,,,PreservedSpecimen,Douglas Nelson,
UMMZ,ummz_fish,215395,,Percilia,Perciliidae,EtOH - 2,,-38.8500000000,-72.5000000000,-38.8500000000,-72.5000000000,,,Chile,Cautin,,,,"Rio Quepe at Momberg bridge, 17 km SE of Temuco's Plaza de Armas, on road to Cunco, Region IX; Rio Imperial drainage",,,1986,1,23,BS Dyer and party,,,PreservedSpecimen,Douglas Nelson,
UMMZ,ummz_fish,215396,,Percichthys,Percichthyidae,EtOH - 1,,-38.8500000000,-72.5000000000,-38.8500000000,-72.5000000000,,,Chile,Cautin,,,,"Rio Quepe at Momberg bridge, 17 km SE of Temuco's Plaza de Armas, on road to Cunco, Region IX; Rio Imperial drainage",,,1986,1,23,BS Dyer and party,,,PreservedSpecimen,Douglas Nelson,
UMMZ,ummz_fish,215397,,maculatus,Galaxiidae,EtOH - 1,,-37.7833333000,-72.6833333000,-37.7833333000,-72.6833333000,,,Chile,Malleco,,,,"Rio Malleco, Angol, at Malleco or Vergara No. 2 bridge *, Region IX; Rio Bio-Bio drainage",,,1986,1,23,BS Dyer and party,,,PreservedSpecimen,Douglas Nelson,
UMMZ,ummz_fish,215400,,Percilia,Perciliidae,EtOH - 2,,-37.7833333000,-72.6833333000,-37.7833333000,-72.6833333000,,,Chile,Malleco,,,,"Rio Malleco, Angol, at Malleco or Vergara No. 2 bridge *, Region IX; Rio Bio-Bio drainage",,,1986,1,23,BS Dyer and party,,,PreservedSpecimen,Douglas Nelson,
UMMZ,ummz_fish,215401,,Percichthys,Percichthyidae,EtOH - 2,,-37.7833333000,-72.6833333000,-37.7833333000,-72.6833333000,,,Chile,Malleco,,,,"Rio Malleco, Angol, at Malleco or Vergara No. 2 bridge *, Region IX; Rio Bio-Bio drainage",,,1986,1,23,BS Dyer and party,,,PreservedSpecimen,Douglas Nelson,
UMMZ,ummz_fish,215402,,maculatus,Galaxiidae,EtOH - 1,,-37.6500000000,-72.0000000000,-37.6500000000,-72.0000000000,,,Chile,Bio-Bio,,,,"Rio Bio-Bio, near Quilaco bridge, 3 km upstream from Santa Barbara, Region VIII; Rio Bio-Bio drainage",,,1986,1,24,BS Dyer and party,,,PreservedSpecimen,Douglas Nelson,
UMMZ,ummz_fish,215404,,Percilia,Perciliidae,EtOH - 17,,-37.6500000000,-72.0000000000,-37.6500000000,-72.0000000000,,,Chile,Bio-Bio,,,,"Rio Bio-Bio, near Quilaco bridge, 3 km upstream from Santa Barbara, Region VIII; Rio Bio-Bio drainage",,,1986,1,24,BS Dyer and party,,,PreservedSpecimen,Douglas Nelson,
UMMZ,ummz_fish,215405,,Percichthys,Percichthyidae,EtOH - 3,,-37.6500000000,-72.0000000000,-37.6500000000,-72.0000000000,,,Chile,Bio-Bio,,,,"Rio Bio-Bio, near Quilaco bridge, 3 km upstream from Santa Barbara, Region VIII; Rio Bio-Bio drainage",,,1986,1,24,BS Dyer and party,,,PreservedSpecimen,Douglas Nelson,
UMMZ,ummz_fish,215406,,Oncorhynchus,Salmonidae,EtOH - 1,,-37.5333333000,-72.1833333000,-37.5333333000,-72.1833333000,,,Chile,Bio-Bio,,,,"R. Coreo at Coreo bridge (San Jose de Coreo), on Sta. Barbara-Los Angeles Rd., Region VIII; R. Duqueco->R. Bio-Bio dr.",,,1986,1,31,BS Dyer,,,PreservedSpecimen,Douglas Nelson,
UMMZ,ummz_fish,215408,,Percichthys,Percichthyidae,EtOH - 1,,-37.5333333000,-72.1833333000,-37.5333333000,-72.1833333000,,,Chile,Bio-Bio,,,,"R. Coreo at Coreo bridge (San Jose de Coreo), on Sta. Barbara-Los Angeles Rd., Region VIII; R. Duqueco->R. Bio-Bio dr.",,,1986,1,31,BS Dyer,,,PreservedSpecimen,Douglas Nelson,
UMMZ,ummz_fish,215409,,Percilia,Perciliidae,EtOH - 4,,-37.5333333000,-72.1833333000,-37.5333333000,-72.1833333000,,,Chile,Bio-Bio,,,,"R. Coreo at Coreo bridge (San Jose de Coreo), on Sta. Barbara-Los Angeles Rd., Region VIII; R. Duqueco->R. Bio-Bio dr.",,,1986,1,31,BS Dyer,,,PreservedSpecimen,Douglas Nelson,
UMMZ,ummz_fish,215410,,Oncorhynchus,Salmonidae,EtOH - 1,,-37.5500000000,-72.5833333000,-37.5500000000,-72.5833333000,,,Chile,Bio-Bio,,,,"Rio Bio-Bio at Coihue, 1 km upstream from Coihue bridge, Region VIII; Rio Bio-Bio drainage",,,1986,1,24,BS Dyer and party,,,PreservedSpecimen,Douglas Nelson,
UMMZ,ummz_fish,215413,,Percilia,Perciliidae,EtOH - 5,,-37.5500000000,-72.5833333000,-37.5500000000,-72.5833333000,,,Chile,Bio-Bio,,,,"Rio Bio-Bio at Coihue, 1 km upstream from Coihue bridge, Region VIII; Rio Bio-Bio drainage",,,1986,1,24,BS Dyer and party,,,PreservedSpecimen,Douglas Nelson,
UMMZ,ummz_fish,215429,,Oncorhynchus,Salmonidae,EtOH - 2,,-36.1000000000,-72.7833333000,-36.1000000000,-72.7833333000,,,Chile,Nuble,,,,"Rio Cobquecura, 5 km upstream from Cobquecura city, at El Molino farm, Region VIII: Rio Cobquecura drainage",,,1986,1,26,BS Dyer and party,,,PreservedSpecimen,Douglas Nelson,
UMMZ,ummz_fish,215431,,Percichthys,Percichthyidae,EtOH - 6,,-36.1000000000,-72.7833333000,-36.1000000000,-72.7833333000,,,Chile,Nuble,,,,"Rio Cobquecura, 5 km upstream from Cobquecura city, at El Molino farm, Region VIII: Rio Cobquecura drainage",,,1986,1,26,BS Dyer and party,,,PreservedSpecimen,Douglas Nelson,
UMMZ,ummz_fish,215432,,Percilia,Perciliidae,EtOH - 6,,-36.1000000000,-72.7833333000,-36.1000000000,-72.7833333000,,,Chile,Nuble,,,,"Rio Cobquecura, 5 km upstream from Cobquecura city, at El Molino farm, Region VIII: Rio Cobquecura drainage",,,1986,1,26,BS Dyer and party,,,PreservedSpecimen,Douglas Nelson,
UMMZ,ummz_fish,215433,,Carassius,Cyprinidae,EtOH - 3,,-35.3500000000,-72.4166667000,-35.3500000000,-72.4166667000,,,Chile,Talca,,,,"Rio Maule at Constitucion, N shore on road to Putu, Region VII; Rio Maule drainage",,,1986,1,27,BS Dyer and party,,,PreservedSpecimen,Douglas Nelson,
UMMZ,ummz_fish,215434,,Percilia,Perciliidae,EtOH - 1,,-35.3500000000,-72.4166667000,-35.3500000000,-72.4166667000,,,Chile,Talca,,,,"Rio Maule at Constitucion, N shore on road to Putu, Region VII; Rio Maule drainage",,,1986,1,27,BS Dyer and party,,,PreservedSpecimen,Douglas Nelson,
UMMZ,ummz_fish,215435,,maculatus,Galaxiidae,EtOH - 14,,-35.2666667000,-72.3333333000,-35.2666667000,-72.3333333000,,,Chile,Talca,,,,"Est. Junquillar, app. 10 km N of Constitucion on road to Putu, at Quilleico farm, Region VII",,,1986,1,27,BS Dyer and party,,,PreservedSpecimen,Douglas Nelson,
UMMZ,ummz_fish,215437,,Percilia,Perciliidae,EtOH - 5,,-35.2666667000,-72.3333333000,-35.2666667000,-72.3333333000,,,Chile,Talca,,,,"Est. Junquillar, app. 10 km N of Constitucion on road to Putu, at Quilleico farm, Region VII",,,1986,1,27,BS Dyer and party,,,PreservedSpecimen,Douglas Nelson,
UMMZ,ummz_fish,215438,,Gambusia,Poeciliidae,EtOH - 1,,-35.0833333000,-72.1333333000,-35.0833333000,-72.1333333000,,,Chile,Curico,,,,"Rio Mataquito, near Huelon, 21 km downstream from Licanten at ex Balsadero, on Huelon-Chanquiuque road, Region VII",,,1986,1,27,BS Dyer and party,,,PreservedSpecimen,Douglas Nelson,
UMMZ,ummz_fish,215439,,Percilia,Perciliidae,EtOH - 1,,-35.0833333000,-72.1333333000,-35.0833333000,-72.1333333000,,,Chile,Curico,,,,"Rio Mataquito, near Huelon, 21 km downstream from Licanten at ex Balsadero, on Huelon-Chanquiuque road, Region VII",,,1986,1,27,BS Dyer and party,,,PreservedSpecimen,Douglas Nelson,
UMMZ,ummz_fish,215440,,Gambusia,Poeciliidae,EtOH - 1,,-34.5666667000,-72.0333333000,-34.5666667000,-72.0333333000,,,Chile,Curico,,,,"Estero Vichuquen, under Uraco bridge, Vichuquen, Region VII",,,1986,1,27,BS Dyer and party,,,PreservedSpecimen,Douglas Nelson,
UMMZ,ummz_fish,215441,,maculatus,Galaxiidae,EtOH - 1,,-33.2666667000,-71.6500000000,-33.2666667000,-71.6500000000,,,Chile,San Antonio,,,,"Est. Casablanca, at Tunquen, 20 km N of Algarrobo and 5 km from river mouth, on Algarrobo - Quintay road, Region V",,,1986,1,29,BS Dyer and party,,,PreservedSpecimen,Douglas Nelson,
UMMZ,ummz_fish,215443,,Diplomystes,Diplomystidae,EtOH - 2,,-37.6500000000,-72.0000000000,-37.6500000000,-72.0000000000,,,Chile,Bio-Bio,,,,"Rio Bio-Bio, near Quilaco bridge, 3 km upstream from Santa Barbara, Region VIII; Rio Bio-Bio drainage",,,1986,1,24,BS Dyer and party,,,PreservedSpecimen,Douglas Nelson,
UMMZ,ummz_fish,215444,,Diplomystes,Diplomystidae,EtOH - 1,,-37.5333333000,-72.1833333000,-37.5333333000,-72.1833333000,,,Chile,Bio-Bio,,,,"R. Coreo at Coreo bridge (San Jose de Coreo), on Sta. Barbara-Los Angeles Rd., Region VIII; R. Duqueco->R. Bio-Bio dr.",,,1986,1,31,BS Dyer,,,PreservedSpecimen,Douglas Nelson,
UMMZ,ummz_fish,215449,,maculatus,Galaxiidae,EtOH - 2,,-36.4166667000,-72.8333333000,-36.4166667000,-72.8333333000,,,Chile,Nuble,,,,"Rio Itata, Boca Itata (N shore), 1 km up from river mouth, Region VIII; Rio Itata drainage",,,1986,1,25,BS Dyer and party,,,PreservedSpecimen,Douglas Nelson,
UMMZ,ummz_fish,215450,,Percilia,Perciliidae,EtOH - 1,,-36.3833333000,-72.8500000000,-36.3833333000,-72.8500000000,,,Chile,Nuble,,,,"Est. Mela, at Mela bridge, on Cobquecura - Boca Itata road, Region VIII",,,1986,1,25,BS Dyer and party,,,PreservedSpecimen,Douglas Nelson,
UMMZ,ummz_fish,217347,,maculatus,Galaxiidae,EtOH - 29|C&S - 7,,-39.8000000000,-73.2333333000,-39.8000000000,-73.2333333000,,,Chile,Valdivia,,,,"Rio Calle-Calle, Valdivia, 200 m upstream from the Calle-Calle bridge, Region X; Rio Valdivia drainage",,,1986,1,21,BS Dyer and party,,,PreservedSpecimen,Douglas Nelson,
UMMZ,ummz_fish,217348,,maculatus,Galaxiidae,EtOH - 22|C&S - 3,,-37.5333333000,-72.1833333000,-37.5333333000,-72.1833333000,,,Chile,Bio-Bio,,,,"R. Coreo at Coreo bridge (San Jose de Coreo), on Sta. Barbara-Los Angeles Rd., Region VIII; R. Duqueco->R. Bio-Bio dr.",,,1986,1,31,BS Dyer,,,PreservedSpecimen,Douglas Nelson,
UMMZ,ummz_fish,218451,,Galaxias,Galaxiidae,EtOH - 1,,-47.2500000000,-72.2500000000,-47.2500000000,-72.2500000000,,,Chile,Capitan Prat,,,,"Lago Cochrane, Prov. Capitan Prat, XI Region; Rio Baker drainage",,,1990,1,27,"BS Dyer, and A Ormeno",,,PreservedSpecimen,Paulo Buckup,
UMMZ,ummz_fish,218594,,Galaxias,Galaxiidae,EtOH - 1,,46.5333333000,-71.6833333000,46.5333333000,-71.6833333000,,,Chile,General Carrera,,,,"Lake General Carrera, Bahia Jara, 17 km W of Chile Chico, at mouth of Arroyo or Estero Bano, Prov. General Carrera,*",,,1990,1,24,"BS Dyer, M Reyes, and P Jaramillo",,Point,PreservedSpecimen,Paulo Buckup,
UMMZ,ummz_fish,218595,,Percichthys,Percichthyidae,EtOH - 5|C&S - 1,,46.5333333000,-71.6833333000,46.5333333000,-71.6833333000,,,Chile,General Carrera,,,,"Lake General Carrera, Bahia Jara, 17 km W of Chile Chico, at mouth of Arroyo or Estero Bano, Prov. General Carrera,*",,,1990,1,24,"BS Dyer, M Reyes, and P Jaramillo",,Point,PreservedSpecimen,Paulo Buckup,
UMMZ,ummz_fish,218597,,Percichthys,Percichthyidae,EtOH - 1,,46.5333333000,-71.6833333000,46.5333333000,-71.6833333000,,,Chile,General Carrera,,,,"Lake General Carrera, Bahia Jara, 17 km W of Chile Chico, at mouth of Arroyo or Estero Bano, Prov. General Carrera,*",,,1990,1,24,P Jaramillo,,Point,PreservedSpecimen,Paulo Buckup,
UMMZ,ummz_fish,221575,,nahuelbutaensis,Diplomystidae,EtOH - 1,,-39.0333333000,-72.2500000000,-39.0333333000,-72.2500000000,,,Chile,Cautin,,,,"Rio Allipen at confluence of Rio Curaco, near bridge 5 km S of Los Laureles on road to Pto. Corrales (L. Colico), *",,,1986,1,22,BS Dyer and party,,,PreservedSpecimen,Douglas Nelson,
UMMZ,ummz_fish,221576,,nahuelbutaensis,Diplomystidae,EtOH - 2,,-38.8500000000,-72.5000000000,-38.8500000000,-72.5000000000,,,Chile,Cautin,,,,"Rio Quepe at Momberg bridge, 17 km SE of Temuco's Plaza de Armas, on road to Cunco, Region IX; Rio Imperial drainage",,,1986,1,23,BS Dyer and party,,,PreservedSpecimen,Douglas Nelson,
UMMZ,ummz_fish,227156,,Percilia,Perciliidae,EtOH - 1,,-37.7833333000,-72.6833333000,-37.7833333000,-72.6833333000,,,Chile,Malleco,,,,"Rio Malleco, Angol, at Malleco or Vergara No. 2 bridge *, Region IX; Rio Bio-Bio drainage",,,1986,1,23,BS Dyer and party,,,PreservedSpecimen,Brian Dyer,
UMMZ,ummz_fish,227163,,Percilia,Perciliidae,EtOH - 2,,-37.3054790000,-71.9669380000,-37.3054790000,-71.9669380000,,,Chile,Biobio,,,,"Rio Laja, Tucapel; Region VIII; Biobio drainage",,,1994,1,23,VH Ruiz,,,PreservedSpecimen,Brian Dyer,
UMMZ,ummz_fish,227164,,Percilia,Perciliidae,EtOH - 1,,-37.4881140000,-73.3292890000,-37.4881140000,-73.3292890000,,,Chile,Arauco,,,,"Curanilahue, R. Descabezado; Region VIII, R. Curanilahue drainage",,,1994,1,25,VH Ruiz,,,PreservedSpecimen,Brian Dyer,
UMMZ,ummz_fish,227165,,Percilia,Perciliidae,EtOH - 1,,-37.2153890000,-72.4624820000,-37.2153890000,-72.4624820000,,,Chile,Biobio,,,,La Cantera,,,,,,VH Ruiz,,,PreservedSpecimen,Brian Dyer,
UMMZ,ummz_fish,227166,,Percichthys,Percichthyidae,EtOH - 1,,-37.2153890000,-72.4624820000,-37.2153890000,-72.4624820000,,,Chile,Biobio,,,,La Cantera,,,,,,VH Ruiz,,,PreservedSpecimen,Brian Dyer,
UMMZ,ummz_fish,227168,,nahuelbutaensis,Diplomystidae,EtOH - 2,,-37.3054790000,-71.9669380000,-37.3054790000,-71.9669380000,,,Chile,Biobio,,,,"Rio Laja, Tucapel; Region VIII; Biobio drainage",,,1994,1,23,VH Ruiz,,,PreservedSpecimen,Brian Dyer,
UMMZ,ummz_fish,227169,,nahuelbutaensis,Diplomystidae,EtOH - 1,,-37.1573200000,-72.0690770000,-37.1573200000,-72.0690770000,,,Chile,Biobio,,,,Fundo Siberia,,,1994,1,24,VH Ruiz,,,PreservedSpecimen,Brian Dyer,
UMMZ,ummz_fish,227170,,nahuelbutaensis,Diplomystidae,EtOH - 1,,-37.2153890000,-72.4624820000,-37.2153890000,-72.4624820000,,,Chile,Biobio,,,,La Cantera,,,,,,VH Ruiz,,,PreservedSpecimen,Brian Dyer,
NMV,Ichthyology,A13519,2,GALAXIIDAE,Galaxiidae,,,-42.12,-73.5,-42.12,-73.5,,EPSG:4326,Chile,,,,,"East Chiloe Island, 7 km W of Quemchi",,,1968,4,7,L E. Pena,,,PreservedSpecimen,,
NMV,Ichthyology,A22373,7,GALAXIIDAE,Galaxiidae,,,-42.5,-73.92,-42.5,-73.92,,EPSG:4326,Chile,,,,,Chiloe Island,,,1968,4,7,,,,PreservedSpecimen,,
NMV,Ichthyology,A13515,14,GALAXIIDAE,Galaxiidae,,,-42.12,-73.5,-42.12,-73.5,,EPSG:4326,Chile,,,,,"East Chloe Island, 7 km W of Quemchi",,,1968,4,7,L E. Pena,,,PreservedSpecimen,,
NMV,Ichthyology,A22279,3,GALAXIIDAE,Galaxiidae,,,-42.5,-73.92,-42.5,-73.92,,EPSG:4326,Chile,,,,,Chiloe' Island,,,,,,Roger S. Frankenberg - University of Melbourne (The),,,PreservedSpecimen,,
NMV,Ichthyology,A13518,7,GALAXIIDAE,Galaxiidae,,,-42.12,-73.5,-42.12,-73.5,,EPSG:4326,Chile,,,,,"Chiloe Island, 8-9 km W of Quemchi, in a small ravine",,,1968,10,10,L E. Pena,,,PreservedSpecimen,,
NMV,Ichthyology,A13516,5,GALAXIIDAE,Galaxiidae,,,-42.12,-73.5,-42.12,-73.5,,EPSG:4326,Chile,,,,,"Chiloe Island, Mocopulli, 5 km N of Dalcahue village",,,1966,4,25,L E. Pena,,,PreservedSpecimen,,
NMV,Ichthyology,A13517,162,GALAXIIDAE,Galaxiidae,,,-42.12,-73.5,-42.12,-73.5,,EPSG:4326,Chile,,,,,"Chiloe Island, Mocopulli, 5 km N of Dalcahue village",,,1966,4,25,L E. Pena,,,PreservedSpecimen,,
NMV,Ichthyology,A22340,1,Galaxias,Galaxiidae,,,-41.32,-72.98,-41.32,-72.98,,EPSG:4326,Chile,,,,,Puerto Varas,,,1919,,,,,,PreservedSpecimen,,
LACM,Fish,42705-1,2,Basilichthys australis,Atherinopsidae,,,-38.872549,-73.31485,-38.872549,-73.31485,8841,not recorded (forced WGS84),Chile,La Araucanía,,,,South America | Chile | Ninth Region | - | Lago De Budi,,,1980,9,15,Lavenburg and party,,,PreservedSpecimen,cleaned and stained,2018-10-08
LACM,Fish,43761-2,1,Basilichthys australis,Atherinopsidae,,,-36.5333333,-72.9666667,-36.5333333,-72.9666667,,not recorded (forced WGS84),Chile,Biobío,Concepción,,,"South Pacific Ocean, Eastern Pacific | Chile | Concepcion | - | Bahia de Coliumo - Estero de Coliumo",,3.5,1980,9,30,"J. Dunn, Lavenburg, Nafpaktitis",,Calculated from original coordinates,PreservedSpecimen,,2018-10-08
LACM,Fish,44826-1,1,Diplomystes camposensis,Diplomystidae,,,-39.836693,-72.309847,-39.836693,-72.309847,14997,not recorded (forced WGS84),Chile,,,,,South America | Chile | - | - | Lago Rius hue,,,,,,Hugo Campos via J Baskin,,Polygon covers Lago Riñihue.,PreservedSpecimen,,2018-10-08
LACM,Fish,55952-1,1,Diplomystes nahuelbutaensis,Diplomystidae,,,-36.894453,-72.377355,-36.894453,-72.377355,72997,not recorded (forced WGS84),Chile,,,,,South America | Chile | - | - | River Itata (Canal Cruz Cipres),,,1994,5,10,E. Habit,,"Polygon covers Rio Itata, coordinates placed at center of polygon.",PreservedSpecimen,Donated by Pedro Victoriano (Universidad de Concepcion),2018-10-08
LACM,Fish,55954-1,1,Diplomystes nahuelbutaensis,Diplomystidae,,,-37.247083,-71.870541,-37.247083,-71.870541,17165,not recorded (forced WGS84),Chile,,,,,South America | Chile | - | - | River Huepil,,,1994,2,16,E. Habit (Universidad de Concepcion),,"Polygon covers Rio Huepil, coordinates placed at center of polygon.",PreservedSpecimen,Donated by Pedro Victoriano (Universidad de Concepcion),2018-10-08
MCZ,Ich,10370,1,Percichthys melanops,Percichthyidae,whole animal (alcohol),,-35.0083333333,-71.2583333333,-35.0083333333,-71.2583333333,115000,deg. min. sec.,Chile,Maule Region,,,,Curicó,,,,,,Hassler Expedition,unknown,"Lat. seconds and Long. seconds blank in MUSE (Fish). Set to 30, Maximum Error set to 115 km. in MCZbase",PreservedSpecimen,age class: adult,2017-08-23 09:53:43.0
MCZ,Ich,10372,1,Percichthys trucha,Percichthyidae,whole animal (alcohol),,-36.625,-72.175,-36.625,-72.175,115000,deg. min. sec.,Chile,Biobio Region,,,,Chillán,,,,,,Hassler Expedition,unknown,"Lat. seconds and Long. seconds blank in MUSE (Fish). Set to 30, Maximum Error set to 115 km. in MCZbase",PreservedSpecimen,age class: adult,2017-11-17 16:10:58.0
MCZ,Ich,10373,1,Percichthys trucha,Percichthyidae,whole animal (alcohol),,-36.625,-72.175,-36.625,-72.175,115000,deg. min. sec.,Chile,Biobio Region,,,,Chillán,,,,,,Hassler Expedition,unknown,"Lat. seconds and Long. seconds blank in MUSE (Fish). Set to 30, Maximum Error set to 115 km. in MCZbase",PreservedSpecimen,age class: adult,2017-11-17 16:10:58.0
MCZ,Ich,10374,1,Percichthys trucha,Percichthyidae,whole animal (alcohol),,-36.625,-72.175,-36.625,-72.175,115000,deg. min. sec.,Chile,Biobio Region,,,,Chillán,,,,,,Hassler Expedition,unknown,"Lat. seconds and Long. seconds blank in MUSE (Fish). Set to 30, Maximum Error set to 115 km. in MCZbase",PreservedSpecimen,age class: adult; standard length: 220mm,2017-11-17 16:10:58.0
MCZ,Ich,10375,1,Percichthys trucha,Percichthyidae,whole animal (alcohol),,-36.824512,-73.082961,-36.824512,-73.082961,4879,decimal degrees,Chile,Biobio Region,,,,"Río Bíobío, probably near Concepción",,,,,,Hassler Expedition,MaNIS/HerpNET/ORNIS Georeferencing Guidelines,Polygon covers Rio Bio Bio around Concepcion.,PreservedSpecimen,age class: adult,2017-11-17 16:10:58.0
MCZ,Ich,10376,1,Percichthys trucha,Percichthyidae,whole animal (alcohol),,-33.337636,-71.842204,-33.337636,-71.842204,25325,decimal degrees,Chile,,,,,off Santiago,,,,,,Hassler Expedition,GEOLocate,Off Santiago error half way to Valparaiso,PreservedSpecimen,age class: adult; standard length: 290-365mm,2016-03-17 21:37:31.0
MCZ,Ich,4835,1,Percichthys melanops,Percichthyidae,whole animal (alcohol),,-35.0083333333,-71.2583333333,-35.0083333333,-71.2583333333,115000,deg. min. sec.,Chile,Maule Region,,,,Curicó,,,,,,Hassler Expedition,unknown,"Lat. seconds and Long. seconds blank in MUSE (Fish). Set to 30, Maximum Error set to 115 km. in MCZbase",PreservedSpecimen,age class: adult,2017-08-23 09:53:42.0
MCZ,Ich,4836,1,Percichthys trucha,Percichthyidae,whole skeleton (dry); whole animal (alcohol),,-36.625,-72.175,-36.625,-72.175,115000,deg. min. sec.,Chile,Biobio Region,,,,Chillán,,,,,,Hassler Expedition,unknown,"Lat. seconds and Long. seconds blank in MUSE (Fish). Set to 30, Maximum Error set to 115 km. in MCZbase",PreservedSpecimen,age class: adult; standard length: 275-320mm,2017-11-17 16:10:58.0
MCZ,Ich,18131,1,Cauque brevianalis,Atherinopsidae,whole animal (alcohol),,-33.0916666667,-71.675,-33.0916666667,-71.675,115000,deg. min. sec.,Chile,,,,,"Pacific, Southeast, Valparaiso",,,,,,Hassler Expedition,unknown,"Lat. seconds and Long. seconds blank in MUSE (Fish). Set to 30, Maximum Error set to 115 km. in MCZbase",PreservedSpecimen,age class: adult; standard length: 81-105mm,2016-03-17 21:37:33.0
MCZ,Ich,18132,1,Cauque brevianalis,Atherinopsidae,whole animal (alcohol),,-33.0916666667,-71.675,-33.0916666667,-71.675,115000,deg. min. sec.,Chile,,,,,"Pacific, Southeast, Valparaiso",,,,,,Hassler Expedition,unknown,"Lat. seconds and Long. seconds blank in MUSE (Fish). Set to 30, Maximum Error set to 115 km. in MCZbase",PreservedSpecimen,age class: adult; standard length: 77-102mm,2016-03-17 21:37:33.0
MCZ,Ich,18134,1,Odontesthes smitti,Atherinopsidae,whole animal (alcohol),,-53.161165,-70.877879,-53.161165,-70.877879,5292,decimal degrees,Chile,,,,,"Pacific, Southeast, off Straits of Magellan, Sandy Point",,,,,,Hassler Expedition,MaNIS/HerpNET/ORNIS Georeferencing Guidelines,,PreservedSpecimen,age class: adult; standard length: 235-295mm,2018-12-05 15:20:47.0
MCZ,Ich,18136,1,Odontesthes smitti,Atherinopsidae,whole animal (alcohol),,-53.161165,-70.877879,-53.161165,-70.877879,5292,decimal degrees,Chile,,,,,"Pacific, Southeast, off Straits of Magellan, Sandy Point",,,,,,Hassler Expedition,MaNIS/HerpNET/ORNIS Georeferencing Guidelines,,PreservedSpecimen,age class: adult; standard length: 248mm,2018-12-05 15:20:47.0
MCZ,Ich,18137,1,Odontesthes smitti,Atherinopsidae,whole animal (alcohol),,-53.161165,-70.877879,-53.161165,-70.877879,5292,decimal degrees,Chile,,,,,"Pacific, Southeast, off Straits of Magellan, Sandy Point",,,,,,Hassler Expedition,MaNIS/HerpNET/ORNIS Georeferencing Guidelines,,PreservedSpecimen,age class: adult; standard length: 235-277mm,2018-12-05 15:20:47.0
MCZ,Ich,18139,1,Basilichthys sp.,Atherinopsidae,whole animal (alcohol),,-35.0083333333,-71.2583333333,-35.0083333333,-71.2583333333,115000,deg. min. sec.,Chile,Maule Region,,,,Curicó,,,,,,Hassler Expedition,unknown,"Lat. seconds and Long. seconds blank in MUSE (Fish). Set to 30, Maximum Error set to 115 km. in MCZbase",PreservedSpecimen,age class: adult; standard length: 205-225mm,2017-08-23 09:53:48.0
MCZ,Ich,18140,1,Cauque sp.,Atherinopsidae,whole animal (alcohol),,-33.476243,-70.66671,-33.476243,-70.66671,21647,decimal degrees,Chile,,,,,Santiago,,,,,,Hassler Expedition,MaNIS/HerpNET/ORNIS Georeferencing Guidelines,"Coordinates at Santiago, error covers town.",PreservedSpecimen,age class: adult; standard length: 213mm,2016-03-17 21:37:33.0
MCZ,Ich,18141,1,Basilichthys australis,Atherinopsidae,whole animal (alcohol),,-41.057225,-73.033148,-41.057225,-73.033148,68197,decimal degrees,Chile,,,,,Near Santiago at San Fernando,,,,,,Hassler Expedition,GEOLocate,,PreservedSpecimen,age class: adult; standard length: 103-129mm,2017-06-28 17:25:48.0
MCZ,Ich,18151,1,Basilichthys sp.,Atherinopsidae,whole animal (alcohol),,-36.675,-73.175,-36.675,-73.175,115000,deg. min. sec.,Chile,,,,,"Pacific, Southeast, Talcahuano Bay",,,,,,Hassler Expedition,unknown,"Lat. seconds and Long. seconds blank in MUSE (Fish). Set to 30, Maximum Error set to 115 km. in MCZbase",PreservedSpecimen,age class: adult; standard length: 284-387mm,2018-08-16 13:59:12.0
MCZ,Ich,18158,1,Basilichthys australis,Atherinopsidae,whole animal (alcohol),,-36.675,-73.175,-36.675,-73.175,115000,deg. min. sec.,Chile,Biobio Region,,,,Chillán,,,,,,Hassler Expedition,unknown,"Lat. seconds and Long. seconds blank in MUSE (Fish). Set to 30, Maximum Error set to 115 km. in MCZbase",PreservedSpecimen,age class: adult; standard length: 178mm,2017-11-17 16:10:58.0
MCZ,Ich,18159,1,Odontesthes mauleanum,Atherinopsidae,whole animal (alcohol),,-36.675,-73.175,-36.675,-73.175,115000,deg. min. sec.,Chile,Biobio Region,,,,Chillán,,,,,,Hassler Expedition,unknown,"Lat. seconds and Long. seconds blank in MUSE (Fish). Set to 30, Maximum Error set to 115 km. in MCZbase",PreservedSpecimen,age class: adult; standard length: 180-208mm,2017-11-17 16:10:58.0
MCZ,Ich,18160,1,Basilichthys sp.,Atherinopsidae,whole animal (alcohol),,-36.675,-73.175,-36.675,-73.175,115000,deg. min. sec.,Chile,Biobio Region,,,,Chillán,,,,,,Hassler Expedition,unknown,"Lat. seconds and Long. seconds blank in MUSE (Fish). Set to 30, Maximum Error set to 115 km. in MCZbase",PreservedSpecimen,age class: adult; standard length: 196-212mm,2017-11-17 16:10:58.0
MCZ,Ich,18162,1,Cauque itatanum,Atherinopsidae,whole animal (alcohol),,-36.675,-73.175,-36.675,-73.175,115000,deg. min. sec.,Chile,Biobio Region,,,,Chillán,,,,,,Hassler Expedition,unknown,"Lat. seconds and Long. seconds blank in MUSE (Fish). Set to 30, Maximum Error set to 115 km. in MCZbase",PreservedSpecimen,age class: adult; standard length: 180-220mm,2017-11-17 16:10:58.0
MCZ,Ich,18163,1,Odontesthes mauleanum,Atherinopsidae,whole animal (alcohol),,-36.675,-73.175,-36.675,-73.175,115000,deg. min. sec.,Chile,Biobio Region,,,,Chillán,,,,,,Hassler Expedition,unknown,"Lat. seconds and Long. seconds blank in MUSE (Fish). Set to 30, Maximum Error set to 115 km. in MCZbase",PreservedSpecimen,age class: adult; standard length: 200-210mm,2017-11-17 16:10:58.0
MCZ,Ich,18164,1,Basilichthys australis,Atherinopsidae,whole animal (alcohol),,-36.675,-73.175,-36.675,-73.175,115000,deg. min. sec.,Chile,Biobio Region,,,,Chillán,,,,,,Hassler Expedition,unknown,"Lat. seconds and Long. seconds blank in MUSE (Fish). Set to 30, Maximum Error set to 115 km. in MCZbase",PreservedSpecimen,age class: adult; standard length: 181-200mm,2017-11-17 16:10:58.0
MCZ,Ich,18166,1,Cauque itatanum,Atherinopsidae,whole animal (alcohol),,-36.894453,-72.377355,-36.894453,-72.377355,72997,decimal degrees,Chile,,,,,Itata,,,,,,Hassler Expedition,MaNIS/HerpNET/ORNIS Georeferencing Guidelines,"Polygon covers Rio Itata, coordinates placed at center of polygon.",PreservedSpecimen,age class: adult; standard length: 58-110mm,2017-08-23 09:53:48.0
MCZ,Ich,18167,1,Cauque itatanum,Atherinopsidae,whole animal (alcohol),,-36.894453,-72.377355,-36.894453,-72.377355,72997,decimal degrees,Chile,,,,,Itata,,,,,,Hassler Expedition,MaNIS/HerpNET/ORNIS Georeferencing Guidelines,"Polygon covers Rio Itata, coordinates placed at center of polygon.",PreservedSpecimen,age class: adult; standard length: 120mm,2017-08-23 09:53:48.0
MCZ,Ich,18168,1,Cauque itatanum,Atherinopsidae,whole animal (alcohol),,-36.894453,-72.377355,-36.894453,-72.377355,72997,decimal degrees,Chile,,,,,Itata,,,,,,Hassler Expedition,MaNIS/HerpNET/ORNIS Georeferencing Guidelines,"Polygon covers Rio Itata, coordinates placed at center of polygon.",PreservedSpecimen,age class: adult; standard length: 114mm,2017-08-23 09:53:48.0
MCZ,Ich,18169,1,Cauque itatanum,Atherinopsidae,whole animal (alcohol),,-36.894453,-72.377355,-36.894453,-72.377355,72997,decimal degrees,Chile,,,,,Itata,,,,,,Hassler Expedition,MaNIS/HerpNET/ORNIS Georeferencing Guidelines,"Polygon covers Rio Itata, coordinates placed at center of polygon.",PreservedSpecimen,age class: adult; standard length: 63-88mm,2016-03-17 21:37:33.0
MCZ,Ich,18265,1,Cauque itatanum,Atherinopsidae,whole animal (alcohol),,-36.894453,-72.377355,-36.894453,-72.377355,72997,decimal degrees,Chile,,,,,Itata,,,,,,Hassler Expedition,MaNIS/HerpNET/ORNIS Georeferencing Guidelines,"Polygon covers Rio Itata, coordinates placed at center of polygon.",PreservedSpecimen,age class: adult; standard length: 72-105mm,2017-08-23 09:53:48.0
MCZ,Ich,18266,1,Odontesthes mauleanum,Atherinopsidae,whole animal (alcohol),,-36.894453,-72.377355,-36.894453,-72.377355,72997,decimal degrees,Chile,,,,,Itata,,,,,,Hassler Expedition,MaNIS/HerpNET/ORNIS Georeferencing Guidelines,"Polygon covers Rio Itata, coordinates placed at center of polygon.",PreservedSpecimen,age class: adult; standard length: 58-107mm,2017-08-23 09:53:48.0
MCZ,Ich,28400,1,Basilichthys sp.,Atherinopsidae,whole animal (alcohol),,-33.476243,-70.66671,-33.476243,-70.66671,21647,decimal degrees,Chile,Santiago Metropolitan Region,Santiago,,,Santiago,,,,,,M. Fernand Lataste,MaNIS/HerpNET/ORNIS Georeferencing Guidelines,"Coordinates at Santiago, error covers town.",PreservedSpecimen,age class: adult; standard length: 190-202mm,2017-09-12 16:37:46.0
MCZ,Ich,28403,1,Percichthys trucha,Percichthyidae,whole animal (alcohol),,-33.476243,-70.66671,-33.476243,-70.66671,21647,decimal degrees,Chile,Santiago Metropolitan Region,Santiago,,,Santiago,,,,,,M. Fernand Lataste,MaNIS/HerpNET/ORNIS Georeferencing Guidelines,"Coordinates at Santiago, error covers town.",PreservedSpecimen,age class: adult,2017-09-12 16:37:46.0
MCZ,Ich,28404,1,Carassius auratus,Cyprinidae,whole animal (alcohol),,-33.476243,-70.66671,-33.476243,-70.66671,21647,decimal degrees,Chile,Santiago Metropolitan Region,Santiago,,,Santiago,,,,,,M. Fernand Lataste,MaNIS/HerpNET/ORNIS Georeferencing Guidelines,"Coordinates at Santiago, error covers town.",PreservedSpecimen,,2017-09-12 16:37:46.0
MCZ,Ich,28405,1,Percichthys trucha,Percichthyidae,whole animal (alcohol),,-33.476243,-70.66671,-33.476243,-70.66671,21647,decimal degrees,Chile,Santiago Metropolitan Region,Santiago,,,Santiago,,,,,,M. Fernand Lataste,MaNIS/HerpNET/ORNIS Georeferencing Guidelines,"Coordinates at Santiago, error covers town.",PreservedSpecimen,age class: adult,2017-09-12 16:37:46.0
MCZ,Ich,28410,1,Basilichthys sp.,Atherinopsidae,whole animal (alcohol),,-33.476243,-70.66671,-33.476243,-70.66671,21647,decimal degrees,Chile,,,,,Near Santiago,,,,,,M. Fernand Lataste,MaNIS/HerpNET/ORNIS Georeferencing Guidelines,"Coordinates at Santiago, error covers town.",PreservedSpecimen,age class: adult; standard length: 55-60mm,2017-05-01 10:03:26.0
MCZ,Ich,36246,1,Percilia gillissi,Perciliidae,whole animal (alcohol),,-33.641234,-70.605836,-33.641234,-70.605836,95464,decimal degrees,Chile,,,,,Río de Maypo,,,,,,"J. M. Gilliss, US Navy Astronomical Expedition (1849-1852)",MaNIS/HerpNET/ORNIS Georeferencing Guidelines,"Polygon covers Rio Maipo, coordinates placed at center of polygon",PreservedSpecimen,age class: adult,2018-01-08 11:19:26.0
MCZ,Ich,27612,1,Galaxias maculatus,Galaxiidae,whole animal (alcohol),,-56.0083333333,-67.2583333333,-56.0083333333,-67.2583333333,115000,deg. min. sec.,Chile,,,,,"Pacific, Southeast, Cabo de Hornos, Orange Bay",,,,,,[no agent data],unknown,"Lat. seconds and Long. seconds blank in MUSE (Fish). Set to 30, Maximum Error set to 115 km. in MCZbase",PreservedSpecimen,age class: adult,2018-07-10 12:18:43.0
MCZ,Ich,36195,1,Diplomystes chilensis,Diplomystidae,whole animal (70% ethanol),,-33.476243,-70.66671,-33.476243,-70.66671,21647,decimal degrees,Chile,Santiago Metropolitan Region,Santiago,,,Santiago,,,,,,R. A. Philippi B,MaNIS/HerpNET/ORNIS Georeferencing Guidelines,"Coordinates at Santiago, error covers town.",PreservedSpecimen,age class: adult,2018-10-22 17:25:11.0
MCZ,Ich,25272,1,Percichthys trucha,Percichthyidae,whole animal (alcohol),,-36.625,-72.175,-36.625,-72.175,115000,deg. min. sec.,Chile,Biobio Region,,,,Chillán,,,,,,Hassler Expedition,unknown,"Lat. seconds and Long. seconds blank in MUSE (Fish). Set to 30, Maximum Error set to 115 km. in MCZbase",PreservedSpecimen,age class: adult,2017-11-17 16:10:58.0
MCZ,Ich,46268,1,Galaxias platei,Galaxiidae,whole animal (alcohol),,-51.379738,-72.443584,-51.379738,-72.443584,1141,decimal degrees,Chile,,,,,Lago Figueroa.,,,,,,Robert M. McDowall,MaNIS/HerpNET/ORNIS Georeferencing Guidelines,Polygon covers Lago Figueroa.,PreservedSpecimen,age class: adult,2017-06-28 17:33:26.0
MCZ,Ich,46269,1,Galaxias maculatus,Galaxiidae,whole animal (alcohol),,-39.831337,-73.340596,-39.831337,-73.340596,3169,decimal degrees,Chile,,,,,"Rio Cuitipai, lower Valdivia River System.",,,,,,Robert M. McDowall,MaNIS/HerpNET/ORNIS Georeferencing Guidelines,"Polygon covers Estero Cutipay, below Valdivia.",PreservedSpecimen,age class: adult,2016-01-13 14:58:00.0
MCZ,Ich,46270,1,Galaxias maculatus,Galaxiidae,whole animal (alcohol),,-40.571079,-73.150301,-40.571079,-73.150301,2755,decimal degrees,Chile,,,,,Rio Rahue at Osorno.,,,,,,Robert M. McDowall,MaNIS/HerpNET/ORNIS Georeferencing Guidelines,Polygon cover Rio Rahue around Osorno.,PreservedSpecimen,age class: adult,2016-01-13 14:58:00.0
MCZ,Ich,46273,1,Percichthys,Percichthyidae,whole animal (alcohol),,-39.482629,-72.157674,-39.482629,-72.157674,1327,decimal degrees,Chile,,,,,"Stream at Lacanray, Lago Colofquen.",,,,,,Robert M. McDowall,MaNIS/HerpNET/ORNIS Georeferencing Guidelines,"Coordinates at creek in Lican Ray, in the Lago Calfquen.",PreservedSpecimen,age class: adult,2016-01-13 14:58:00.0
MCZ,Ich,46275,1,Galaxias maculatus,Galaxiidae,whole animal (alcohol); whole animal (cleared and stained),,-39.831337,-73.340596,-39.831337,-73.340596,3169,decimal degrees,Chile,,,,,"Trib. of Rio Cutipai, lower Valdivia River System.",,,,,,Robert M. McDowall,MaNIS/HerpNET/ORNIS Georeferencing Guidelines,"Polygon covers Estero Cutipay, below Valdivia.",PreservedSpecimen,age class: adult,2016-09-12 14:49:26.0
MCZ,Ich,46279,1,Galaxias platei,Galaxiidae,whole animal (alcohol),,-46.526299,-72.117048,-46.526299,-72.117048,78689,decimal degrees,Chile,,,,,Stream entering Lago Buenos Ayres.,,,,,,Robert M. McDowall,MaNIS/HerpNET/ORNIS Georeferencing Guidelines,"Polygon covers Lago Buenos Aires, coordinates placed at center of polygon.",PreservedSpecimen,age class: adult,2016-10-24 17:29:07.0
MCZ,Ich,46283,1,Galaxias delfini,Galaxiidae,whole animal (alcohol),,-51.53647,-72.651863,-51.53647,-72.651863,4093,decimal degrees,Chile,,,,,Streams entering Lago Sofia,,,,,,Robert M. McDowall,MaNIS/HerpNET/ORNIS Georeferencing Guidelines,"Polygon covers Lago Sofia, coordinates at south shore.",PreservedSpecimen,age class: adult,2016-01-13 14:58:00.0
MCZ,Ich,46284,1,Galaxias delfini,Galaxiidae,whole animal (alcohol),,-51.379738,-72.443584,-51.379738,-72.443584,1141,decimal degrees,Chile,,,,,Lago Figueroa.,,,,,,Robert M. McDowall,MaNIS/HerpNET/ORNIS Georeferencing Guidelines,Polygon covers Lago Figueroa.,PreservedSpecimen,age class: adult,2017-06-28 17:33:26.0
MCZ,Ich,46286,1,Odontesthes mauleanum,Atherinopsidae,whole animal (alcohol),,-40.571079,-73.150301,-40.571079,-73.150301,2755,decimal degrees,Chile,,,,,"Rio Rahue, a trib. of Rio Bueno, at Osorno",,,,,,Robert M. McDowall,MaNIS/HerpNET/ORNIS Georeferencing Guidelines,Polygon cover Rio Rahue around Osorno.,PreservedSpecimen,age class: adult; standard length: 33-45mm,2017-08-23 09:53:48.0
MCZ,Ich,46287,1,Odontesthes mauleanum,Atherinopsidae,whole animal (alcohol),,-41.317656,-72.966324,-41.317656,-72.966324,1412,decimal degrees,Chile,,,,,"Lago Llanguihue, & trib. stream near Puerto Varas.",,,,,,Robert M. McDowall,MaNIS/HerpNET/ORNIS Georeferencing Guidelines,Coordinates at Lago Llanquihue at Puerto Varas.,PreservedSpecimen,age class: adult; standard length: 20-27mm,2017-08-23 09:53:48.0
MCZ,Ich,46300,1,Galaxias maculatus,Galaxiidae,whole animal (cleared and stained),,-40.359283,-71.299851,-40.359283,-71.299851,4069,decimal degrees,Chile,,,,,Lago Melequina.,,,,,,Robert M. McDowall,MaNIS/HerpNET/ORNIS Georeferencing Guidelines,"Polygon covers Lago Meliquina in Argentina, near the Chilean border.",PreservedSpecimen,age class: adult,2016-01-13 14:58:01.0
MCZ,Ich,46302,1,Galaxias maculatus,Galaxiidae,whole animal (cleared and stained),,-32.649142,-71.441465,-32.649142,-71.441465,814,decimal degrees,Chile,,,,,Punta Maitencillo,,,,,,Robert M. McDowall,MaNIS/HerpNET/ORNIS Georeferencing Guidelines,Coordinates at Punta Maintencillo.,PreservedSpecimen,age class: adult,2016-01-13 14:58:01.0
MCZ,Ich,46303,1,Galaxias maculatus,Galaxiidae,whole animal (cleared and stained),,-41.486224,-72.970034,-41.486224,-72.970034,567,decimal degrees,Chile,,,,,Stream west of Angelmo.,,,,,,Robert M. McDowall,MaNIS/HerpNET/ORNIS Georeferencing Guidelines,"Coordinates at stream west of Anselmo, error expanded to cover area around it.",PreservedSpecimen,age class: adult,2016-01-13 14:58:01.0
MCZ,Ich,46304,1,Galaxias maculatus,Galaxiidae,whole animal (cleared and stained),,-41.317656,-72.966324,-41.317656,-72.966324,1412,decimal degrees,Chile,,,,,"Lago Llanguihue, near Puerto Varas.",,,,,,Robert M. McDowall,MaNIS/HerpNET/ORNIS Georeferencing Guidelines,Coordinates at Lago Llanquihue at Puerto Varas.,PreservedSpecimen,age class: adult,2017-06-28 17:33:27.0
MCZ,Ich,46306,1,Brachygalaxias bullocki,Galaxiidae,whole animal (cleared and stained),,-39.062412,-72.504316,-39.062412,-72.504316,8482,decimal degrees,Chile,,,,,"Stream in Rio Tolten system, 15km E of Petrufguen.",,,,,,Robert M. McDowall,MaNIS/HerpNET/ORNIS Georeferencing Guidelines,Coordinates at Rio Toltem 15 km E of Pitrufquen.,PreservedSpecimen,age class: adult,2016-01-13 14:58:01.0
MCZ,Ich,46307,1,Brachygalaxias bullocki,Galaxiidae,whole animal (cleared and stained),,-40.355094,-73.14466,-40.355094,-73.14466,51735,decimal degrees,Chile,,,,,"Stream 2.5km S of Arroyo Huital, trib. of Rio Bueno, Rio Rahoe System.",,,,,,Robert M. McDowall,MaNIS/HerpNET/ORNIS Georeferencing Guidelines,"Polygon covers Rio Bueno, coordinates placed at center of polygon. Arroyo Huital not found.",PreservedSpecimen,age class: adult,2016-01-13 14:58:01.0
MCZ,Ich,46308,1,Brachygalaxias bullocki,Galaxiidae,whole animal (cleared and stained),,-39.831337,-73.340596,-39.831337,-73.340596,3169,decimal degrees,Chile,,,,,"Trib. of Rio Cutipai, lower Valdivia River System.",,,,,,Robert M. McDowall,MaNIS/HerpNET/ORNIS Georeferencing Guidelines,"Polygon covers Estero Cutipay, below Valdivia.",PreservedSpecimen,age class: adult,2016-01-13 14:58:01.0
MCZ,Ich,46309,1,Brachygalaxias bullocki,Galaxiidae,whole animal (cleared and stained),,-41.259864,-73.002351,-41.259864,-73.002351,301,decimal degrees,Chile,,,,,Rio Maullin at Lago Llanguihue.,,,,,,Robert M. McDowall,MaNIS/HerpNET/ORNIS Georeferencing Guidelines,Coordinates at mouth of Rio Maullin at Lago Llanquihue.,PreservedSpecimen,age class: adult,2016-01-13 14:58:01.0
MCZ,Ich,46312,1,Galaxias maculatus,Galaxiidae,whole animal (alcohol),,-51.092984,-73.034237,-51.092984,-73.034237,4783,decimal degrees,Chile,,,,,Lago Pehoe,,,,,,Robert M. McDowall,MaNIS/HerpNET/ORNIS Georeferencing Guidelines,"Polygon covers Lago Pehoe, coordinates placed at center of polygon.",PreservedSpecimen,age class: adult,2016-01-13 14:58:01.0
MCZ,Ich,58679,1,Geotria australis,Petromyzontidae,whole animal (alcohol),,-36.782438,-73.029572,-36.782438,-73.029572,3270,decimal degrees,Chile,Biobio Region,Concepcion,,,Río Andalien,,,,,,"V. H. Ruiz, H. Oyarzo",MaNIS/HerpNET/ORNIS Georeferencing Guidelines,Polygon covers Rio Andalien in Concepcion.,PreservedSpecimen,age class: adult,2017-11-17 16:13:26.0
MCZ,Ich,58682,1,Percichthys trucha,Percichthyidae,whole animal (alcohol),,-36.782438,-73.029572,-36.782438,-73.029572,3270,decimal degrees,Chile,Biobio Region,Concepcion,,,Río Andalien,,,,,,"V. H. Ruiz, H. Oyarzo",MaNIS/HerpNET/ORNIS Georeferencing Guidelines,Polygon covers Rio Andalien in Concepcion.,PreservedSpecimen,age class: adult; standard length: 44-53mm,2017-11-17 16:13:26.0
MCZ,Ich,58683,1,Basilichthys australis,Atherinopsidae,whole animal (alcohol),,-37.243104,-72.652743,-37.243104,-72.652743,978,decimal degrees,Chile,,,,,"Canal de Kiega, Funda Flor del Laja",,,,,,A. Hulot,MaNIS/HerpNET/ORNIS Georeferencing Guidelines,Coordinates at Cruz de Piedra on the Rio Laja.,PreservedSpecimen,age class: adult; standard length: 40-81mm,2016-01-13 14:58:36.0
MCZ,Ich,58684,1,Galaxias maculatus,Galaxiidae,whole animal (alcohol),,-37.407733,-73.211566,-37.407733,-73.211566,21192,decimal degrees,Chile,Biobio Region,Arauco,,,Rio Carampangue.,,,,,,"V. H. Ruiz, H. Oyarzo",MaNIS/HerpNET/ORNIS Georeferencing Guidelines,Polygon covers Rio Carampangue. Coordinates placed at center of polygon.,PreservedSpecimen,age class: adult,2018-09-17 16:32:38.0
MCZ,Ich,58685,1,Galaxias maculatus,Galaxiidae,whole animal (alcohol),,-36.809724,-72.849746,-36.809724,-72.849746,18879,decimal degrees,Chile,,,,,Rio Andalien,,,,,,"V. H. Ruiz, H. Oyarzo",MaNIS/HerpNET/ORNIS Georeferencing Guidelines,"Polygon covers Rio Andalien, coordinates placed at center of polygon.",PreservedSpecimen,age class: adult,2017-08-23 09:56:38.0
MCZ,Ich,46241,1,Galaxias maculatus,Galaxiidae,whole animal (alcohol),,-41.259864,-73.002351,-41.259864,-73.002351,6533,decimal degrees,Chile,,,,,Trib. of Rio Maullin at Lago Llanguihue.,,,,,,Robert M. McDowall,MaNIS/HerpNET/ORNIS Georeferencing Guidelines,Coordinates at mouth of Rio Maullin at Lago  Llanquihue. Error expanded to cover tributaries of Rio Maullin.,PreservedSpecimen,age class: adult,2016-01-13 14:58:46.0
MCZ,Ich,46242,1,Percichthys,Percichthyidae,whole animal (alcohol),,-40.571079,-73.150301,-40.571079,-73.150301,2755,decimal degrees,Chile,,,,,Rio Rahue at Osorno.,,,,,,Robert M. McDowall,MaNIS/HerpNET/ORNIS Georeferencing Guidelines,Polygon cover Rio Rahue around Osorno.,PreservedSpecimen,age class: adult,2016-01-13 14:58:46.0
MCZ,Ich,46243,1,Brachygalaxias bullocki,Galaxiidae,whole animal (alcohol),,-41.259864,-73.002351,-41.259864,-73.002351,301,decimal degrees,Chile,,,,,Rio Maullin at Lago Llanguihue.,,,,,,Robert M. McDowall,MaNIS/HerpNET/ORNIS Georeferencing Guidelines,Coordinates at mouth of Rio Maullin at Lago Llanquihue.,PreservedSpecimen,age class: adult,2016-01-13 14:58:46.0
MCZ,Ich,46244,1,Galaxias platei,Galaxiidae,whole animal (alcohol),,-50.883935,-72.7783,-50.883935,-72.7783,3296,decimal degrees,Chile,,,,,Laguna Azul.,,,,,,Robert M. McDowall,MaNIS/HerpNET/ORNIS Georeferencing Guidelines,Polygon covers Laguna Azul.,PreservedSpecimen,age class: adult,2016-10-24 17:29:27.0
MCZ,Ich,46246,1,Galaxias maculatus,Galaxiidae,whole animal (alcohol),,-32.649142,-71.441465,-32.649142,-71.441465,814,decimal degrees,Chile,,,,,Stream at Punta Maitencillo,,,,,,Robert M. McDowall,MaNIS/HerpNET/ORNIS Georeferencing Guidelines,Coordinates at Punta Maintencillo.,PreservedSpecimen,age class: adult,2016-01-13 14:58:46.0
MCZ,Ich,46247,1,Galaxias maculatus,Galaxiidae,whole animal (alcohol),,-39.855408,-73.316382,-39.855408,-73.316382,6647,decimal degrees,Chile,,,,,"Rio Valdivia, below University.",,,,,,Robert M. McDowall,MaNIS/HerpNET/ORNIS Georeferencing Guidelines,Polygon covers Rio Valdivia below University of Valdivia.,PreservedSpecimen,age class: adult,2016-01-13 14:58:46.0
MCZ,Ich,46248,1,Galaxias maculatus,Galaxiidae,whole animal (alcohol),,-39.828092,-73.256304,-39.828092,-73.256304,2105,decimal degrees,Chile,,,,,"Rio Valdivia, at University",,,,,,Robert M. McDowall,MaNIS/HerpNET/ORNIS Georeferencing Guidelines,,PreservedSpecimen,age class: adult,2016-01-13 14:58:46.0
MCZ,Ich,46249,1,Galaxias maculatus,Galaxiidae,whole animal (alcohol),,-41.486224,-72.970034,-41.486224,-72.970034,567,decimal degrees,Chile,,,,,Stream west of Angelmo.,,,,,,Robert M. McDowall,MaNIS/HerpNET/ORNIS Georeferencing Guidelines,"Coordinates at stream west of Anselmo, error expanded to cover area around it.",PreservedSpecimen,age class: adult,2016-01-13 14:58:46.0
MCZ,Ich,46209,1,Brachygalaxias bullocki,Galaxiidae,whole animal (alcohol),,-39.576661,-73.133562,-39.576661,-73.133562,13046,decimal degrees,Chile,,,,,Stream trib. to Rio Valdivia 30km N. of Valdivia.,,,,,,Robert M. McDowall,MaNIS/HerpNET/ORNIS Georeferencing Guidelines,Coordinates at creek 30 km N of Valdivia.,PreservedSpecimen,age class: adult,2016-01-13 14:59:40.0
MCZ,Ich,46213,1,Galaxias platei,Galaxiidae,whole animal (alcohol),,-41.322684,-72.975336,-41.322684,-72.975336,2284,decimal degrees,Chile,,,,,"Stream of Puerto Voras, Lago Llanguihue.",,,,,,Robert M. McDowall,MaNIS/HerpNET/ORNIS Georeferencing Guidelines,Coordinates at Puerto Varas.,PreservedSpecimen,age class: adult,2016-10-24 17:29:29.0
MCZ,Ich,46217,1,Galaxias maculatus,Galaxiidae,whole animal (alcohol),,-41.317656,-72.966324,-41.317656,-72.966324,1412,decimal degrees,Chile,,,,,"Lago Llanguihue, near Puerto Varas.",,,,,,Robert M. McDowall,MaNIS/HerpNET/ORNIS Georeferencing Guidelines,Coordinates at Lago Llanquihue at Puerto Varas.,PreservedSpecimen,age class: adult,2017-06-28 17:34:45.0
MCZ,Ich,46218,1,Brachygalaxias bullocki,Galaxiidae,whole animal (alcohol),,-38.998779,-72.362781,-38.998779,-72.362781,81651,decimal degrees,Chile,,,,,"Arroyo Colcoma, trib. Rio Tolten.",,,,,,Robert M. McDowall,MaNIS/HerpNET/ORNIS Georeferencing Guidelines,"Polygon covers Rio Tolten, coordinates placed at center of polygon.",PreservedSpecimen,age class: adult,2016-01-13 14:59:40.0
MCZ,Ich,46219,1,Percichthys trucha,Percichthyidae,whole animal (cleared and stained); whole animal (alcohol),,-46.526299,-72.117048,-46.526299,-72.117048,78689,decimal degrees,Chile,,,,,Stream entering Lago Buenos Ayres.,,,,,,Robert M. McDowall,MaNIS/HerpNET/ORNIS Georeferencing Guidelines,"Polygon covers Lago Buenos Aires, coordinates placed at center of polygon.",PreservedSpecimen,age class: adult; standard length: 57-70mm,2016-01-13 14:59:40.0
MCZ,Ich,46220,1,Galaxias maculatus,Galaxiidae,whole animal (alcohol),,-39.255317,-72.098783,-39.255317,-72.098783,11972,decimal degrees,Chile,,,,,"Lago Villarica, near town at entry of small stream",,,,,,Robert M. McDowall,MaNIS/HerpNET/ORNIS Georeferencing Guidelines,"Polygon covers Lago Villarica, coordinates placed at center of polygon.",PreservedSpecimen,age class: adult,2016-01-13 14:59:40.0
MCZ,Ich,46222,1,Galaxias delfini,Galaxiidae,whole animal (alcohol),,-51.379738,-72.443584,-51.379738,-72.443584,1141,decimal degrees,Chile,,,,,Lago Figueroa.,,,,,,Robert M. McDowall,MaNIS/HerpNET/ORNIS Georeferencing Guidelines,Polygon covers Lago Figueroa.,PreservedSpecimen,age class: adult,2017-06-28 17:34:45.0
MCZ,Ich,46224,1,Galaxias platei,Galaxiidae,whole animal (alcohol),,-51.050519,-72.756853,-51.050519,-72.756853,12403,decimal degrees,Chile,,,,,Lago Sarmiento.,,,,,,Robert M. McDowall,MaNIS/HerpNET/ORNIS Georeferencing Guidelines,Polygon covers Lago Figueroa.,PreservedSpecimen,age class: adult,2016-10-24 17:29:29.0
MCZ,Ich,46226,1,Brachygalaxias bullocki,Galaxiidae,whole animal (alcohol); whole animal (cleared and stained),,-39.062412,-72.504316,-39.062412,-72.504316,8482,decimal degrees,Chile,,,,,"Stream in Rio Tolten system, 15km E of Petrufguen.",,,,,,Robert M. McDowall,MaNIS/HerpNET/ORNIS Georeferencing Guidelines,Coordinates at Rio Toltem 15 km E of Pitrufquen.,PreservedSpecimen,age class: adult,2016-01-13 14:59:40.0
MCZ,Ich,46227,1,Brachygalaxias bullocki,Galaxiidae,whole animal (alcohol),,-40.355094,-73.14466,-40.355094,-73.14466,51735,decimal degrees,Chile,,,,,"Stream 2.5km S of Arroyo Huital, trib. of Rio Bueno, Rio Rahoe System.",,,,,,Robert M. McDowall,MaNIS/HerpNET/ORNIS Georeferencing Guidelines,"Polygon covers Rio Bueno, coordinates placed at center of polygon. Arroyo Huital not found.",PreservedSpecimen,age class: adult,2016-01-13 14:59:40.0
MCZ,Ich,46228,1,Galaxias maculatus,Galaxiidae,whole animal (alcohol),,-40.359283,-71.299851,-40.359283,-71.299851,4069,decimal degrees,Chile,,,,,Lago Melequina.,,,,,,Robert M. McDowall,MaNIS/HerpNET/ORNIS Georeferencing Guidelines,"Polygon covers Lago Meliquina in Argentina, near the Chilean border.",PreservedSpecimen,age class: adult,2016-01-13 14:59:40.0
MCZ,Ich,46230,1,Geotria australis,Petromyzontidae,whole animal (alcohol),,-40.571079,-73.150301,-40.571079,-73.150301,2755,decimal degrees,Chile,,,,,"Rio Rahue, a trib. of Rio Bueno, at Osorno",,,,,,Robert M. McDowall,MaNIS/HerpNET/ORNIS Georeferencing Guidelines,Polygon cover Rio Rahue around Osorno.,PreservedSpecimen,age class: adult,2017-08-23 09:53:45.0
MCZ,Ich,46233,1,Galaxias maculatus,Galaxiidae,whole animal (alcohol),,-40.355094,-73.14466,-40.355094,-73.14466,51735,decimal degrees,Chile,,,,,"Stream 2.5km S of Arroyo Huital, trib. of Rio Bueno, Rio Rahoe System.",,,,,,Robert M. McDowall,MaNIS/HerpNET/ORNIS Georeferencing Guidelines,"Polygon covers Rio Bueno, coordinates placed at center of polygon. Arroyo Huital not found.",PreservedSpecimen,age class: adult,2016-01-13 14:59:40.0
MCZ,Ich,46234,1,Geotria australis,Petromyzontidae,whole animal (alcohol),,-40.355094,-73.14466,-40.355094,-73.14466,51735,decimal degrees,Chile,,,,,"Stream 2.5km S of Arroyo Huital, trib. of Rio Bueno, Rio Rahoe System.",,,,,,Robert M. McDowall,MaNIS/HerpNET/ORNIS Georeferencing Guidelines,"Polygon covers Rio Bueno, coordinates placed at center of polygon. Arroyo Huital not found.",PreservedSpecimen,age class: adult,2016-01-13 14:59:40.0
MCZ,Ich,46235,1,Galaxias maculatus,Galaxiidae,whole animal (alcohol),,-51.229044,-72.729188,-51.229044,-72.729188,17592,decimal degrees,Chile,,,,,Lago Toro,,,,,,Robert M. McDowall,MaNIS/HerpNET/ORNIS Georeferencing Guidelines,Polygon covers Lago de Toro.,PreservedSpecimen,age class: adult,2016-01-13 14:59:40.0
MCZ,Ich,46236,1,Galaxias maculatus,Galaxiidae,whole animal (alcohol),,-41.259864,-73.002351,-41.259864,-73.002351,301,decimal degrees,Chile,,,,,Rio Maullin at Lago Llanguihue.,,,,,,Robert M. McDowall,MaNIS/HerpNET/ORNIS Georeferencing Guidelines,Coordinates at mouth of Rio Maullin at Lago Llanquihue.,PreservedSpecimen,age class: adult,2016-01-13 14:59:40.0
MCZ,Ich,46237,1,Galaxias maculatus,Galaxiidae,whole animal (alcohol),,-39.59394,-72.95583,-39.59394,-72.95583,8856,decimal degrees,Chile,,,,,"Stream crossing Pan-American Highway, 30km N of Valdivia.",,,,,,Robert M. McDowall,MaNIS/HerpNET/ORNIS Georeferencing Guidelines,Coordinates approx. 30 km N of Valdivia on Panamericana Hwy.,PreservedSpecimen,age class: adult,2016-01-13 14:59:40.0
MCZ,Ich,49882,1,Cnesterodon decemmaculatus,Poeciliidae,whole animal (alcohol),,-32.917802,-71.422825,-32.917802,-71.422825,1762,decimal degrees,Chile,,,,,"Río Aconcágua, 5 miles from its mouth",,,,,,Robert M. McDowall,MaNIS/HerpNET/ORNIS Georeferencing Guidelines,Polygon covers Rio Aconcagua 5 miles from mouth.,PreservedSpecimen,age class: adult,2016-01-13 14:59:48.0
MCZ,Ich,54537,1,Basilichthys desembocadura,Atherinopsidae,whole animal (alcohol),,-32.921729,-71.502219,-32.921729,-71.502219,993,decimal degrees,Chile,,,,,Río Aconcágua estuary,,,,,,Robert M. McDowall,MaNIS/HerpNET/ORNIS Georeferencing Guidelines,Coordinates at Rio Aconcagua estuary.,PreservedSpecimen,age class: adult; standard length: 43-170mm,2017-08-23 09:53:48.0
MCZ,Ich,54538,1,Basilichthys sp.,Atherinopsidae,whole animal (alcohol),,-32.917802,-71.422825,-32.917802,-71.422825,1762,decimal degrees,Chile,,,,,"Río Aconcágua, 5 miles from its mouth",,,,,,Robert M. McDowall,MaNIS/HerpNET/ORNIS Georeferencing Guidelines,Polygon covers Rio Aconcagua 5 miles from mouth.,PreservedSpecimen,age class: adult; standard length: 26-73mm,2017-08-23 09:53:48.0
MCZ,Ich,54388,1,Diplomystes camposensis,Diplomystidae,whole animal (70% ethanol),,-39.8416666667,-72.8416666667,-39.8416666667,-72.8416666667,115000,deg. min. sec.,Chile,Los Rios,Valdivia,,,Rio San Pedro at Los Lagos,,,,,,Gloria Arratia,unknown,"Lat. seconds and Long. seconds blank in MUSE (Fish). Set to 30, Maximum Error set to 115 km. in MCZbase",PreservedSpecimen,age class: adult,2017-08-23 09:57:27.0
MCZ,Ich,64907,1,Carassius auratus,Cyprinidae,whole animal (alcohol),,-32.921729,-71.502219,-32.921729,-71.502219,993,decimal degrees,Chile,,,,,Río Aconcágua estuary,,,,,,Robert M. McDowall,MaNIS/HerpNET/ORNIS Georeferencing Guidelines,Coordinates at Rio Aconcagua estuary.,PreservedSpecimen,age class: adult,2017-08-23 09:53:54.0
MCZ,Ich,46444,1,Aplochiton taeniatus,Galaxiidae,whole animal (70% ethanol),,-39.300231,-72.09226,-39.300231,-72.09226,13441,decimal degrees,Chile,,,,,Shores of Lago Villarica,,,,,,Robert M. McDowall,MaNIS/HerpNET/ORNIS Georeferencing Guidelines,"Polygon covers Lago Villarica, coordinates placed at souther shore.",PreservedSpecimen,age class: adult; standard length: 47.17mm,2018-04-03 11:28:24.0
MCZ,Ich,47678,1,Galaxias maculatus,Galaxiidae,whole animal (alcohol),,-19.894846,-69.227217,-19.894846,-69.227217,21589,decimal degrees,Chile,,,,,Estero Linga,,,,,,[no agent data],MaNIS/HerpNET/ORNIS Georeferencing Guidelines,"Polygon covers Estero Linga, coordinates placed at center of polygon.",PreservedSpecimen,age class: adult,2016-01-13 15:05:40.0
MCZ,Ich,90475,1,Percichthys trucha,Percichthyidae,whole animal (alcohol),,-30,-71,-30,-71,301,decimal degrees,Chile,,,,,"Pacific, Southeast, [no specific locality data]",,,,,,Hassler Expedition,GEOLocate,[UNDER REVIEW; GEOLOCATE_SCORE: 80; GEOLOCATE_PRECISION: High; GEOLOCATE_NUMRESULTS: 2],PreservedSpecimen,age class: adult; standard length: 270-310mm,2018-10-17 12:24:25.0
MCZ,Ich,147912,1,Basilichthys australis,Atherinopsidae,whole animal (alcohol),,-40.571079,-73.150301,-40.571079,-73.150301,2755,decimal degrees,Chile,,,,,"Rio Rahue, a trib. of Rio Bueno, at Osorno",,,,,,Robert M. McDowall,MaNIS/HerpNET/ORNIS Georeferencing Guidelines,Polygon cover Rio Rahue around Osorno.,PreservedSpecimen,age class: adult; standard length: 18-37mm,2017-08-23 09:53:51.0
MCZ,Ich,147913,1,Odontesthes smitti,Atherinopsidae,whole animal (alcohol),,-53.161165,-70.877879,-53.161165,-70.877879,5292,decimal degrees,Chile,,,,,"Pacific, Southeast, off Straits of Magellan, Sandy Point",,,,,,Hassler Expedition,MaNIS/HerpNET/ORNIS Georeferencing Guidelines,,PreservedSpecimen,age class: adult; standard length: 260mm,2018-12-05 15:20:47.0
MCZ,Ich,147918,1,Basilichthys australis,Atherinopsidae,whole animal (alcohol),,-36.894453,-72.377355,-36.894453,-72.377355,72997,decimal degrees,Chile,,,,,Itata,,,,,,Hassler Expedition,MaNIS/HerpNET/ORNIS Georeferencing Guidelines,"Polygon covers Rio Itata, coordinates placed at center of polygon.",PreservedSpecimen,age class: adult; standard length: 86mm,2017-08-23 09:53:51.0
MCZ,Ich,147906,1,Cauque brevianalis,Atherinopsidae,whole animal (alcohol),,-32.917802,-71.422825,-32.917802,-71.422825,1762,decimal degrees,Chile,,,,,"Río Aconcágua, 5 miles from its mouth",,,,,,Robert M. McDowall,MaNIS/HerpNET/ORNIS Georeferencing Guidelines,Polygon covers Rio Aconcagua 5 miles from mouth.,PreservedSpecimen,age class: adult; standard length: 83mm,2017-08-23 09:53:51.0
MCZ,Ich,147908,1,Basilichthys sp.,Atherinopsidae,whole animal (alcohol),,-36.625,-72.175,-36.625,-72.175,115000,deg. min. sec.,Chile,Biobio Region,,,,Chillán,,,,,,Hassler Expedition,unknown,"Lat. seconds and Long. seconds blank in MUSE (Fish). Set to 30, Maximum Error set to 115 km. in MCZbase",PreservedSpecimen,age class: adult; standard length: 200-210mm,2017-11-17 16:10:58.0
MCZ,Ich,147909,1,Cauque brevianalis,Atherinopsidae,whole animal (alcohol),,-32.921729,-71.502219,-32.921729,-71.502219,993,decimal degrees,Chile,,,,,Río Aconcágua estuary,,,,,,Robert M. McDowall,MaNIS/HerpNET/ORNIS Georeferencing Guidelines,Coordinates at Rio Aconcagua estuary.,PreservedSpecimen,age class: adult; standard length: 72-133mm,2017-08-23 09:53:51.0
MCZ,Ich,164189,1,Cyprinus carpio,Cyprinidae,whole animal (alcohol),,-32.921729,-71.502219,-32.921729,-71.502219,993,decimal degrees,Chile,,,,,Río Aconcágua estuary,,,,,,Robert M. McDowall,MaNIS/HerpNET/ORNIS Georeferencing Guidelines,Coordinates at Rio Aconcagua estuary.,PreservedSpecimen,age class: adult,2016-01-13 15:20:41.0
MCZ,Ich,162939,1,Cyprinus carpio,Cyprinidae,tissue (70% ethanol); whole animal (alcohol),,-32.918522,-71.467974,-32.918522,-71.467974,4202,decimal degrees,Chile,,,,,estuary of Rio Aconcagua and Rio Aconcagua 5 miles from its mouth,,,,,,Robert M. McDowall,MaNIS/HerpNET/ORNIS Georeferencing Guidelines,"Polygon covers Rio Aconcagua, 5 miles from mouth.",PreservedSpecimen,age class: adult,2017-06-28 17:56:26.0
MCZ,Ich,168675,1,Basilichthys sp.,Atherinopsidae,whole animal (alcohol),,-32.917802,-71.422825,-32.917802,-71.422825,1762,decimal degrees,Chile,,,,,"Río Aconcágua, 5 miles from its mouth",,,,,,Robert M. McDowall,MaNIS/HerpNET/ORNIS Georeferencing Guidelines,Polygon covers Rio Aconcagua 5 miles from mouth.,PreservedSpecimen,age class: adult; standard length: 38mm,2016-01-13 15:21:39.0
MCZ,Ich,18135,1,Atherinichthys laticlavia,Atherinopsidae,whole animal (alcohol),,-53.161165,-70.877879,-53.161165,-70.877879,5292,decimal degrees,Chile,,,,,"Pacific, Southeast, off Straits of Magellan, Sandy Point",,,,,,Hassler Expedition,MaNIS/HerpNET/ORNIS Georeferencing Guidelines,,PreservedSpecimen,age class: adult; standard length: 230-278mm,2018-12-05 15:20:47.0
MCZ,Ich,163097,1,Galaxias maculatus,Galaxiidae,whole animal (alcohol),,-39.550029,-72.918217,-39.550029,-72.918217,54817,decimal degrees,Chile,,,,,Río Valdivia,,,,,,Robert M. McDowall,MaNIS/HerpNET/ORNIS Georeferencing Guidelines,"Polygon covers Rio Valdivia, coordinates placed at center of polygon.",PreservedSpecimen,age class: adult; standard length: 39-90mm,2016-01-13 15:22:53.0
MCZ,Ich,8290,1,Diplomystes chilensis,Diplomystidae,whole animal (70% ethanol); whole animal (cleared and stained),,-33.476243,-70.66671,-33.476243,-70.66671,21647,decimal degrees,Chile,Santiago Metropolitan Region,Santiago,,,'Rivers of Santiago',,,,,,"Mr. Leybolt, Hassler Expedition",MaNIS/HerpNET/ORNIS Georeferencing Guidelines,"Coordinates at Santiago, error covers town.",PreservedSpecimen,age class: adult,2018-10-22 17:25:11.0
MCZ,Ich,46216,1,Brachygalaxias bullocki,Galaxiidae,whole animal (alcohol),,-39.831337,-73.340596,-39.831337,-73.340596,3169,decimal degrees,Chile,,,,,"Rio Cuitipai, lower Valdivia River System.",,,,,,Robert M. McDowall,MaNIS/HerpNET/ORNIS Georeferencing Guidelines,"Polygon covers Estero Cutipay, below Valdivia.",PreservedSpecimen,age class: adult,2016-01-13 14:59:40.0
MCZ,Ich,46232,1,Brachygalaxias bullocki,Galaxiidae,whole animal (alcohol),,-41.317656,-72.966324,-41.317656,-72.966324,1412,decimal degrees,Chile,,,,,"Shores of Lago Llanguihue, near Puerto Varas.",,,,,,Robert M. McDowall,MaNIS/HerpNET/ORNIS Georeferencing Guidelines,Coordinates at Lago Llanquihue at Puerto Varas.,PreservedSpecimen,age class: adult,2016-01-13 14:59:40.0
MCZ,Ich,46262,1,Galaxias maculatus,Galaxiidae,whole animal (alcohol),,-53.400656,-71.095888,-53.400656,-71.095888,7447,decimal degrees,Chile,,,,,Stream near Rio Aqua Fresca.,,,,,,Robert M. McDowall,MaNIS/HerpNET/ORNIS Georeferencing Guidelines,"Coordinates at Rio Agua Fresca, error expanded to cover area around river.",PreservedSpecimen,age class: adult,2016-01-13 14:58:00.0
MCZ,Ich,46266,1,Galaxias platei,Galaxiidae,whole animal (alcohol),,-51.092984,-73.034237,-51.092984,-73.034237,4783,decimal degrees,Chile,,,,,Lago Pehoe,,,,,,Robert M. McDowall,MaNIS/HerpNET/ORNIS Georeferencing Guidelines,"Polygon covers Lago Pehoe, coordinates placed at center of polygon.",PreservedSpecimen,age class: adult,2016-10-24 17:29:07.0
MCZ,Ich,46285,1,Cauque brevianalis,Atherinopsidae,whole animal (alcohol),,-32.649142,-71.441465,-32.649142,-71.441465,814,decimal degrees,Chile,,,,,Punta Maitencillo,,,,,,Robert M. McDowall,MaNIS/HerpNET/ORNIS Georeferencing Guidelines,Coordinates at Punta Maintencillo.,PreservedSpecimen,age class: adult; standard length: 24-80mm,2017-08-23 09:53:48.0
MCZ,Ich,46301,1,Galaxias maculatus,Galaxiidae,whole animal (cleared and stained),,-39.831337,-73.340596,-39.831337,-73.340596,3169,decimal degrees,Chile,,,,,"Trib. of Rio Cutipai, lower Valdivia River System.",,,,,,Robert M. McDowall,MaNIS/HerpNET/ORNIS Georeferencing Guidelines,"Polygon covers Estero Cutipay, below Valdivia.",PreservedSpecimen,age class: adult,2016-01-13 14:58:01.0
MCZ,Ich,46305,1,Galaxias maculatus,Galaxiidae,whole animal (cleared and stained),,-53.400656,-71.095888,-53.400656,-71.095888,7447,decimal degrees,Chile,,,,,Stream near Rio Aqua Fresca.,,,,,,Robert M. McDowall,MaNIS/HerpNET/ORNIS Georeferencing Guidelines,"Coordinates at Rio Agua Fresca, error expanded to cover area around river.",PreservedSpecimen,age class: adult,2016-01-13 14:58:01.0
MCZ,Ich,18138,1,Basilichthys australis,Atherinopsidae,whole animal (alcohol),,-35.0083333333,-71.2583333333,-35.0083333333,-71.2583333333,115000,deg. min. sec.,Chile,Maule Region,,,,Curicó,,,,,,Hassler Expedition,unknown,"Lat. seconds and Long. seconds blank in MUSE (Fish). Set to 30, Maximum Error set to 115 km. in MCZbase",PreservedSpecimen,age class: adult; standard length: 88-213mm,2016-03-17 21:37:33.0
MCZ,Ich,18165,1,Cauque itatanum,Atherinopsidae,whole animal (alcohol),,-36.894453,-72.377355,-36.894453,-72.377355,72997,decimal degrees,Chile,,,,,Itata,,,,,,Hassler Expedition,MaNIS/HerpNET/ORNIS Georeferencing Guidelines,"Polygon covers Rio Itata, coordinates placed at center of polygon.",PreservedSpecimen,age class: adult; standard length: 72-104mm,2017-08-23 09:53:43.0
MCZ,Ich,46245,1,Galaxias delfini,Galaxiidae,whole animal (alcohol),,-51.092984,-73.034237,-51.092984,-73.034237,4783,decimal degrees,Chile,,,,,Lago Pehoe below falls.,,,,,,Robert M. McDowall,MaNIS/HerpNET/ORNIS Georeferencing Guidelines,"Polygon covers Lago Pehoe, coordinates placed at center of polygon.",PreservedSpecimen,age class: adult,2016-01-13 14:58:46.0
MCZ,Ich,46240,1,Brachygalaxias bullocki,Galaxiidae,whole animal (alcohol),,-39.831337,-73.340596,-39.831337,-73.340596,3169,decimal degrees,Chile,,,,,"Trib. of Rio Cutipai, lower Valdivia River System.",,,,,,Robert M. McDowall,MaNIS/HerpNET/ORNIS Georeferencing Guidelines,"Polygon covers Estero Cutipay, below Valdivia.",PreservedSpecimen,age class: adult,2016-01-13 14:58:46.0
MCZ,Ich,46201,1,Aplochiton taeniatus,Galaxiidae,,,-39.300231,-72.09226,-39.300231,-72.09226,13441,decimal degrees,Chile,,,,,"From Lago Villarica, Chile",,,1968,3,3,Robert M. McDowall,MaNIS/HerpNET/ORNIS Georeferencing Guidelines,"Polygon covers Lago Villarica, coordinates placed at souther shore.",PreservedSpecimen,,2018-04-03 14:32:58.0
MCZ,Ich,46272,1,Aplochiton zebra,Galaxiidae,whole animal (cleared and stained); whole animal (70% ethanol),,-51.53647,-72.651863,-51.53647,-72.651863,4093,decimal degrees,Chile,,,,,Streams entering Lago Sofia from the south.,,,,,,Robert M. McDowall,MaNIS/HerpNET/ORNIS Georeferencing Guidelines,"Polygon covers Lago Sofia, coordinates at south shore.",PreservedSpecimen,age class: adult,2018-07-03 12:47:02.0
MCZ,Ich,18161,1,Odontesthes mauleanum,Atherinopsidae,whole animal (alcohol),,-36.625,-72.175,-36.625,-72.175,115000,deg. min. sec.,Chile,Biobio Region,,,,Chillán,,,,,,Hassler Expedition,unknown,"Lat. seconds and Long. seconds blank in MUSE (Fish). Set to 30, Maximum Error set to 115 km. in MCZbase",PreservedSpecimen,age class: adult; standard length: 186-190mm,2017-11-17 16:10:58.0
MCZ,Ich,61245,1,Diplomystes nahuelbutaensis,Diplomystidae,whole animal (alcohol),,-37.677273,-72.020377,-37.677273,-72.020377,141321,decimal degrees,Chile,Biobio Region,Concepcion,,,Upper Río Bío-Bío,,,,,,"V. H. Ruiz, H. Oyarzo",MaNIS/HerpNET/ORNIS Georeferencing Guidelines,"Polygon covers Rio Bio Bio, coordinates placed at center of polygon.",PreservedSpecimen,age class: adult,2018-09-17 16:32:38.0
CUMV,Fish,73193,,Basilichthys microlepidotus,Atherinopsidae,whole organism (isopropanol) - 4,,-39.826807,-73.234717,-39.826807,-73.234717,3913,WGS84,Chile,Los Ríos,Valdivia,,,"South America | Chile | Los Rios | Valdivia | Valdivia, Los Lagos,""Chile, Los Lagos, Valdivia"" (bad region assertion?)",,,1919,,,Carl Eigenmann,VertNet Georeferencing Guidelines,,PreservedSpecimen,,2018-06-28
YPM,VZ,YPM ICH 016654,6,Eleginops maclovinus,Eleginopidae,10% form.->70% alc.; tissue in EtOH; tissue in EtOH; tissue in EtOH; tissue in EtOH; tissue in EtOH; tissue in EtOH,,-53.158695,-70.890239,-53.158695,-70.890239,5292,WGS84,Chile,,,,,Punta Arenas fish market,,,2003,3,7,,digital resource,"from FishNet repatriation dataset for YPM, 2 Feb 2015",PreservedSpecimen,ICH number 16654; lot count 6,2016-03-04T13:06:31.000Z
YPM,VZ,YPM ICH 009315,2,Eleginops maclovinus,Eleginopidae,10% form.->70% alc.,,-41.60359,-72.994654,-41.60359,-72.994654,551,WGS84,Chile,,,,,"Gulfo de Ancud. Capesa Wappi Island, off Puerto Montt",,,1935,1,17,,digital resource,"from FishNet repatriation dataset for YPM, 2 Feb 2015",PreservedSpecimen,ICH number 9315; lot count 2,2017-10-18T13:11:54.000Z
YPM,VZ,YPM ICH 032275,1,Eleginops maclovinus,Eleginopidae,cleared & stained,,-39.38,-74.23,-39.38,-74.23,,,Chile,Cautin Province,,,,"Queule, about 80 km north of Valdivia, in an estuary zone with shallow water",,,1985,3,1,Germain Requeno Reyes,digital resource,,PreservedSpecimen,ICH number 32275; lot count 1,2018-07-19T11:11:30.000Z
YPM,VZ,YPM ICH 016549,3,Eleginops maclovinus,Eleginopidae,10% form.->70% alc.; tissue in EtOH; tissue in EtOH; tissue in EtOH,,-53.158695,-70.890239,-53.158695,-70.890239,5292,WGS84,Chile,,,,,Punta Arenas fish market,,,2006,2,15,Thomas J. Near,digital resource,"from FishNet repatriation dataset for YPM, 2 Feb 2015",PreservedSpecimen,ICH number 16549; lot count 3,2016-03-04T13:06:31.000Z
TNHC,Ichthyology Collection,68429,,Galaxiidae,Galaxiidae,Fluid,,-44.5333330000,-72.9166670000,-44.5333330000,-72.9166670000,1000,,Chile,Región XI,,,,Intertidal pools of river that originates in Lago Camillo on Isla Magdalena and flows to Seno Soto,,,1995,1,24,"Hendrickson,Dean; Jennings,John",,,PreservedSpecimen,"1/8"" seine used to survey",
TNHC,Ichthyology Collection,68430,,Galaxiidae,Galaxiidae,Fluid,,-44.5333330000,-72.9166670000,-44.5333330000,-72.9166670000,1000,,Chile,Región XI,,,,Intertidal pools of river that originates in Lago Camillo on Isla Magdalena and flows to Seno Soto,,,1995,1,24,"Hendrickson,Dean; Jennings,John",,,PreservedSpecimen,"1/8"" seine used to survey",
TNHC,Ichthyology Collection,68431,,Eleginops maclovinus,Eleginopidae,Fluid,,-44.5333330000,-72.9166670000,-44.5333330000,-72.9166670000,1000,,Chile,Región XI,,,,Intertidal pools of river that originates in Lago Camillo on Isla Magdalena and flows to Seno Soto,,,1995,1,24,"Hendrickson,Dean; Jennings,John",,,PreservedSpecimen,"1/8"" seine used to survey",
TNHC,Ichthyology Collection,68432,,Eleginops maclovinus,Eleginopidae,Fluid,,-44.5333330000,-72.9166670000,-44.5333330000,-72.9166670000,1000,,Chile,Región XI,,,,Intertidal pools of river that originates in Lago Camillo on Isla Magdalena and flows to Seno Soto,,,1995,1,24,"Hendrickson,Dean; Jennings,John",,,PreservedSpecimen,"1/8"" seine used to survey",
TNHC,Ichthyology Collection,68433,,Galaxias sp.,Galaxiidae,Fluid,,-44.5333330000,-72.9166670000,-44.5333330000,-72.9166670000,1000,,Chile,Región XI,,,,Intertidal pools of river that originates in Lago Camillo on Isla Magdalena and flows to Seno Soto,,,1995,1,24,"Hendrickson,Dean; Jennings,John",,,PreservedSpecimen,"1/8"" seine used to survey",
TNHC,Ichthyology Collection,69053,,Oncorhynchus mykiss,Salmonidae,Fluid,,-44.5333330000,-72.9166670000,-44.5333330000,-72.9166670000,500,,Chile,Región XI,,,,River that originates from Lago Comillo on Isla Magdalena from inter-tidal area to first waterfall,,,1995,1,26,"Hendrickson,Dean; Jennings,John",,,PreservedSpecimen,,
TNHC,Ichthyology Collection,69054,,Salmo trutta,Salmonidae,Fluid,,-44.5333330000,-72.9166670000,-44.5333330000,-72.9166670000,500,,Chile,Región XI,,,,River that originates from Lago Comillo on Isla Magdalena from inter-tidal area to first waterfall,,,1995,1,26,"Hendrickson,Dean; Jennings,John",,,PreservedSpecimen,,
ROM,Fishes,81200,27,Galaxias sp,Galaxiidae,whole animal (ETOH),,-52.91667,-70.9,-52.91667,-70.9,,decimal degrees,Chile,,,,,"Punta Arenas, Rio Pescado",,,1995,2,15,"Peck, M.;Baker, A.",,,PreservedSpecimen,,3/4/2018
ROM,Fishes,81190,36,Brachygalaxias bullocki,Galaxiidae,whole animal (ETOH),,-41.4,-73.01667,-41.4,-73.01667,,decimal degrees,Chile,Los Lagos,,,,"near Alerce, Rio Arenas",,,1995,2,12,"Peck, M.;Baker, A.",,,PreservedSpecimen,,3/4/2018
ROM,Fishes,81188,4,Salmo trutta,Salmonidae,whole animal (ETOH),,-41.4,-72.93333,-41.4,-72.93333,,decimal degrees,Chile,Los Lagos,,,,"near Alerce (""El Arrayan""), Estero Arrayan",,,1995,2,12,"Peck, M.;Baker, A.",,,PreservedSpecimen,,3/4/2018
ROM,Fishes,81195,37,Brachygalaxias bullocki,Galaxiidae,whole animal (ETOH),,-41.4,-72.93333,-41.4,-72.93333,,decimal degrees,Chile,Los Lagos,,,,"near Alerce (""El Arrayan""), Estero Arrayan",,,1995,2,12,"Peck, M.;Baker, A.",,,PreservedSpecimen,,3/4/2018
ROM,Fishes,81192,16,Galaxias sp,Galaxiidae,whole animal (ETOH),,-41.13334,-72.8,-41.13334,-72.8,,decimal degrees,Chile,Los Lagos,,,,"La Poza, near Punta Varas, Lago Llanquihue",,,1995,2,11,"Peck, M.;Baker, A.",,,PreservedSpecimen,,3/4/2018
ROM,Fishes,81197,1,Percilia gillissi,Perciliidae,whole animal (ETOH),,-41.13334,-72.8,-41.13334,-72.8,,decimal degrees,Chile,Los Lagos,,,,"La Poza, near Punta Varas, Lago Llanquihue",,,1995,2,11,"Peck, M.;Baker, A.",,,PreservedSpecimen,,3/4/2018
ROM,Fishes,81196,1,Oncorhynchus mykiss,Salmonidae,whole animal (ETOH),,-39.83333,-72.3,-39.83333,-72.3,,decimal degrees,Chile,Los Lagos,,,,,,,1995,2,11,"Peck, M.;Baker, A.",,,PreservedSpecimen,,3/4/2018
ROM,Fishes,81198,1,Percilia gillissi,Perciliidae,whole animal (ETOH),,-39.83333,-72.3,-39.83333,-72.3,,decimal degrees,Chile,Los Lagos,,,,,,,1995,2,11,"Peck, M.;Baker, A.",,,PreservedSpecimen,,3/4/2018
ROM,Fishes,81199,74,Galaxias maculatus,Galaxiidae,whole animal (ETOH),,-39.83333,-72.3,-39.83333,-72.3,,decimal degrees,Chile,Los Lagos,,,,,,,1995,2,11,"Peck, M.;Baker, A.",,,PreservedSpecimen,,3/4/2018
USNM,Fishes,176559,88,Odontesthes,Atherinopsidae,,,-42.48,07246 W,-42.48,07246 W,,Degrees Minutes Seconds,Chile,,,,,"Pacific, Chile: Castro",,,1945,1,20,M. Lobell,,,PreservedSpecimen,,
USNM,Fishes,331423,2,Galaxias maculatus,Galaxiidae,,,-53.8389,07027 W,-53.8389,07027 W,,Degrees Minutes Seconds,Chile,,,,,"Creek Near Chilean Naval Outpost, NNW of Harriss Bay, East Coast of Dawson Island, Chile.",,,1969,5,13,H. Fehlmann,,,PreservedSpecimen,,
USNM,Fishes,331419,87,Galaxias maculatus,Galaxiidae,,,-53.8389,07027 W,-53.8389,07027 W,,Degrees Minutes Seconds,Chile,,,,,"Creek Near Chilean Naval Outpost, NNW of Harriss Bay, East Coast of Dawson Island, Chile.",,,1969,5,13,H. Fehlmann,,,PreservedSpecimen,"5 spec. exchanged to chesapeake biol. lab. mar 1980, 2 specimens removed for c & s",
USNM,Fishes,432644,1,Basilichthys microlepidotus,Atherinopsidae,Glycerin with Bone and Cartilage Stain,,-37.08,07307 W,-37.08,07307 W,,Degrees Minutes Seconds,Chile,,,,,"Pacific, Lota, Chile",,,1888,2,15,,,,PreservedSpecimen,Out of USNM 077355.,
USNM,Fishes,77355,6,Basilichthys microlepidotus,Atherinopsidae,,,-37.08,07307 W,-37.08,07307 W,,Degrees Minutes Seconds,Chile,,,,,"Pacific, Lota, Chile",,,1888,2,15,,,,PreservedSpecimen,1 of original 8 spms to brit. mus. (1935).  1 of 7 specimens cleared and stained and recataloged as USNM 432644.,
USNM,Fishes,176568,22,Odontesthes,Atherinopsidae,,,-42.48,07246 W,-42.48,07246 W,,Degrees Minutes Seconds,Chile,,,,,"Pacific, Chile: Castro",,,1945,1,20,M. Lobell,,,PreservedSpecimen,,
USNM,Fishes,315406,2,Galaxias maculatus,Galaxiidae,Glycerin with Bone Stain,,-53.8389,07027 W,-53.8389,07027 W,,Degrees Minutes Seconds,Chile,,,,,"Creek Near Chilean Naval Outpost, NNW of Harriss Bay, East Coast of Dawson Island, Chile.",,,1969,5,13,H. Fehlmann,,,PreservedSpecimen,"Originally cataloged as 1 specimen but as of November 2009, there are actually 2 specimens in glycerin.",
USNM,Fishes,39119,1,Aplochiton zebra,Galaxiidae,,,-74.25,51,-74.25,51,,Degrees Minutes Seconds,Chile,,,,,"Chile: Puerto Bueno, From a Small Lake",,,,,,W. Wood,,,PreservedSpecimen,19287,
USNM,Fishes,176571,1,Odontesthes,Atherinopsidae,,,-29.98,07122 W,-29.98,07122 W,,Degrees Minutes Seconds,Chile,,,,,"Pacific, Chile: Guayacan Bay, Herradura",,,1944,10,15,M. Lobell,,,PreservedSpecimen,,
USNM,Fishes,331421,2,Galaxias maculatus,Galaxiidae,,,-53.8389,07027 W,-53.8389,07027 W,,Degrees Minutes Seconds,Chile,,,,,"Creek Near Chilean Naval Outpost, NNW of Harriss Bay, East Coast of Dawson Island, Chile.",,,1969,5,13,H. Fehlmann,,,PreservedSpecimen,,
USNM,Fishes,176502,6,Odontesthes,Atherinopsidae,,,-43.62,07300 W,-43.62,07300 W,,Degrees Minutes Seconds,Chile,,,,,"Pacific, Chile: Tictoc Bay",,,1945,1,24,M. Lobell & Derris,,,PreservedSpecimen,,
USNM,Fishes,176484,10,Odontesthes,Atherinopsidae,,,-42.47,07330 W,-42.47,07330 W,,Degrees Minutes Seconds,Chile,,,,,"Pacific, Chile: Archao, Chiloe Island, Chiloe Bay",,,1945,2,5,Fisherman,,,PreservedSpecimen,,
USNM,Fishes,77356,2,Basilichthys microlepidotus australis,Atherinopsidae,,,-36.58,07253 W,-36.58,07253 W,,Degrees Minutes Seconds,Chile,,,,,"Pacific, Tome, Chile",,,,,,United States Bureau of Fisheries,,,PreservedSpecimen,,
NCSM,NCSM-Fishes,50893,1,Aplochiton zebra,Galaxiidae,,,-55.017799377441406,-67.27539825439453,-55.017799377441406,-67.27539825439453,,WGS84,Chile,Magallanes and Antártica Chilena,Antártica Chilena,,,"Chile (S of Santiago) Minor Coastal (misc. creek tribs), Lago Pollollo [Lake Pollollo], [Isla Navarino], [ca. 14.8 air miles ESE center Puerto Williams], [Communa de Cabo de Hornos]",,,2006,2,25,,,,PreservedSpecimen,,2019-10-04 14:56:54.0
NCSM,NCSM-Fishes,50894,11,Galaxias maculatus,Galaxiidae,,,-54.945098876953125,-68.58820343017578,-54.945098876953125,-68.58820343017578,,WGS84,Chile,Magallanes and Antártica Chilena,Antártica Chilena,,,"Chile (S of Santiago) Minor Coastal (misc. creek tribs), [River (name unknown)], 50 meters upstream of [Canal Beagle], near estancia Canasaca, [Península Dumas], [Isla Hoste], [ca. 15.7 air miles SW center Ushuaia, Argentina], [Communa de Cabo de Hornos], [see remarks]",,,2006,2,21,,,,PreservedSpecimen,,2019-10-04 14:56:54.0
NCSM,NCSM-Fishes,50895,8,Salmo trutta,Salmonidae,,,-54.94169998168945,-67.65760040283203,-54.94169998168945,-67.65760040283203,,WGS84,Chile,Magallanes and Antártica Chilena,Antártica Chilena,,,"Chile (S of Santiago) Minor Coastal (misc. creek tribs), [Río] Robalo, 50 meters upstream of bridge [Y-905], [Isla Navarino], [ca. 1.7 air miles WSW center Puerto Williams], [Communa de Cabo de Hornos]",,,2006,2,10,,,,PreservedSpecimen,,2019-10-04 14:56:54.0
NCSM,NCSM-Fishes,50896,11,Galaxias maculatus,Galaxiidae,,,-54.94169998168945,-67.65760040283203,-54.94169998168945,-67.65760040283203,,WGS84,Chile,Magallanes and Antártica Chilena,Antártica Chilena,,,"Chile (S of Santiago) Minor Coastal (misc. creek tribs), [Río] Robalo, 50 meters upstream of bridge [Y-905], [Isla Navarino], [ca. 1.7 air miles WSW center Puerto Williams], [Communa de Cabo de Hornos]",,,2006,2,10,,,,PreservedSpecimen,,2019-10-04 14:56:54.0
NCSM,NCSM-Fishes,50897,10,Galaxias maculatus,Galaxiidae,,,-55.17070007324219,-68.10590362548828,-55.17070007324219,-68.10590362548828,,WGS84,Chile,Magallanes and Antártica Chilena,Antártica Chilena,,,"Chile (S of Santiago) Minor Coastal (misc. creek tribs), Small stream [name unknown], outflowing from beaver lagoon into Caleta Douglas [Douglas Bay], [Isla Navarino], [ca. 25.4 air miles SW center Puerto Williams], [Communa de Cabo de Hornos]",,,2006,2,19,,,,PreservedSpecimen,,2019-10-04 14:56:54.0
NCSM,NCSM-Fishes,50898,10,Galaxias maculatus,Galaxiidae,,,-54.98109817504883,-68.37359619140625,-54.98109817504883,-68.37359619140625,,WGS84,Chile,Magallanes and Antártica Chilena,Antártica Chilena,,,"Chile (S of Santiago) Minor Coastal (misc. creek tribs), [River (name unknown) flowing into Canal Murray], [Península Dumas], [Isla Hoste], [ca. 13.4 air miles SSW center Ushuaia, Argentina], [Communa de Cabo de Hornos]",,,2006,2,20,,,,PreservedSpecimen,,2019-10-04 14:56:54.0
NCSM,NCSM-Fishes,50899,5,Galaxias maculatus,Galaxiidae,,,-54.942501068115234,-68.59320068359375,-54.942501068115234,-68.59320068359375,,WGS84,Chile,Magallanes and Antártica Chilena,Antártica Chilena,,,"Chile (S of Santiago) Minor Coastal (misc. creek tribs), [Large river (name unknown)], near estancia Canasaca, [Península Dumas], [Isla Hoste], [ca. 15.7 air miles SW center Ushuaia, Argentina], [Communa de Cabo de Hornos], [see remarks]",,,2006,2,21,,,,PreservedSpecimen,,2019-10-04 14:56:54.0
NCSM,NCSM-Fishes,50900,5,Galaxias maculatus,Galaxiidae,,,-54.94160079956055,-68.56559753417969,-54.94160079956055,-68.56559753417969,,WGS84,Chile,Magallanes and Antártica Chilena,Antártica Chilena,,,"Chile (S of Santiago) Minor Coastal (misc. creek tribs), Small stream [name unknown] beside estancia Canasaca, [Península Dumas], [Isla Hoste], [ca. 14.9 air miles SW center Ushuaia, Argentina], [Communa de Cabo de Hornos], [see remarks]",,,2006,2,22,,,,PreservedSpecimen,,2019-10-04 14:56:54.0
NCSM,NCSM-Fishes,50901,1,Galaxias maculatus,Galaxiidae,,,-54.91279983520508,-67.84839630126953,-54.91279983520508,-67.84839630126953,,WGS84,Chile,Magallanes and Antártica Chilena,Antártica Chilena,,,"Chile (S of Santiago) Minor Coastal (misc. creek tribs), [Río] Guerrico, 50 meters upstream bridge [Y-905], [Isla Navarino], [ca. 9.3 air miles ENE center Puerto Williams], [Communa de Cabo de Hornos]",,,2006,2,13,,,,PreservedSpecimen,,2019-10-04 14:56:54.0
NCSM,NCSM-Fishes,50902,5,Galaxias maculatus,Galaxiidae,,,-54.94110107421875,-67.70269775390625,-54.94110107421875,-67.70269775390625,,WGS84,Chile,Magallanes and Antártica Chilena,Antártica Chilena,,,"Chile (S of Santiago) Minor Coastal (misc. creek tribs), [River (name unknown)], at [Cascada] Los Bronces [Los Bronces Falls], 50 meters upstream from road [Y-905], [Isla Navarino], [ca. 3.5 air miles WSW center Puerto Williams], [Comuna de Cabo de Hornos]",,,2006,2,18,,,,PreservedSpecimen,,2019-10-04 14:56:54.0
NCSM,NCSM-Fishes,50903,1,Galaxias maculatus,Galaxiidae,,,-54.929100036621094,-67.99040222167969,-54.929100036621094,-67.99040222167969,,WGS84,Chile,Magallanes and Antártica Chilena,Antártica Chilena,,,"Chile (S of Santiago) Minor Coastal (misc. creek tribs), Lago Mejillones [Lake Mejillones], [Isla Navarino], [ca. 15.5 air miles SE center Ushuaia, Argentina], [Communa de Cabo de Hornos]",,,2006,1,30,,,,PreservedSpecimen,,2019-10-04 14:56:54.0
NCSM,NCSM-Fishes,50904,7,Salmo trutta,Salmonidae,,,-54.9390983581543,-67.6011962890625,-54.9390983581543,-67.6011962890625,,WGS84,Chile,Magallanes and Antártica Chilena,Antártica Chilena,,,"Chile (S of Santiago) Minor Coastal (misc. creek tribs), Río Ukika, [Isla Navarino], [ca. 0.7 air miles SE center Puerto Williams], [Communa de Cabo de Hornos]",,,2006,2,2,,,,PreservedSpecimen,,2019-10-04 14:56:54.0
NCSM,NCSM-Fishes,50905,3,Galaxias maculatus,Galaxiidae,,,-54.90530014038086,-67.99849700927734,-54.90530014038086,-67.99849700927734,,WGS84,Chile,Magallanes and Antártica Chilena,Antártica Chilena,,,"Chile (S of Santiago) Minor Coastal (misc. creek tribs), Río Mejillones, [Isla Navarino], [ca. 15.3 air miles WNW center Puerto Williams], [Comuna de Cabo de Hornos]",,,2006,1,9,,,,PreservedSpecimen,,2019-10-04 14:56:54.0
NCSM,NCSM-Fishes,50906,15,Galaxias maculatus,Galaxiidae,,,-54.90879821777344,-68.10900115966797,-54.90879821777344,-68.10900115966797,,WGS84,Chile,Magallanes and Antártica Chilena,Antártica Chilena,,,"Chile (S of Santiago) Minor Coastal (misc. creek tribs), Río Lum, 50 meters upstream from road [Y-905], [Isla Navarino], [ca. 11.0 air miles SE center Ushuaia, Argentina], [Comuna de Cabo de Hornos]",,,2006,2,6,,,,PreservedSpecimen,,2019-10-04 14:56:54.0
NCSM,NCSM-Fishes,50907,5,Galaxias maculatus,Galaxiidae,,,-54.93870162963867,-67.62339782714844,-54.93870162963867,-67.62339782714844,,WGS84,Chile,Magallanes and Antártica Chilena,Antártica Chilena,,,"Chile (S of Santiago) Minor Coastal (misc. creek tribs), [Stream (name unknown) entering Seno Lauro inlet], 50 meters upstream of bridge [Y-905/Avenida Costanera Juan Pablo Segundo], [Isla Navarino], [ca. 0.5 air miles SW center Puerto Williams], [Communa de Cabo de Hornos], [see remarks]",,,2006,2,24,,,,PreservedSpecimen,,2019-10-04 14:56:54.0
SIO,Marine Vertebrates,65-670,,Odontesthes,Atherinopsidae,,,-32.7421667,-71.4931667,-32.7421667,-71.4931667,,not recorded (forced WGS84),Chile,Valparaíso,,,,"South Pacific Ocean, Chile | Valparaiso | So Pacific Ocean | La Ventana, 30 mi N of Valparaiso",,tidepools,1965,12,22,WJ Baldwin & party,,,PreservedSpecimen,,2019-10-11
AUM,Fish,71271,,Geotria australis,Geotriidae,39 - 95% EtOH,,-39.90656,-73.13916,-39.90656,-73.13916,,not recorded (forced WGS84),Chile,Los Ríos,,,,"South America | Chile | Los Rios | Valdivia River | Rio Santo Domingo, Puente Santo Domingo at highway outside of Valdivia, 5 miles N of Los Ulmos",,,2004,4,19,D.A. Neely,,,PreservedSpecimen,"The mileage to Los Ulmos didn't match up, but the coordinates seemed to be the best fit based on the locality.",33:03.0
KU,KUI,19209,,Diplomystes camposensis,Diplomystidae,EtOH - 3; C&S - 1,,-39.7455900000,-72.6578220000,-39.7455900000,-72.6578220000,18265.0000000000,WGS84,Chile,Los Lagos,,,,San Pedro River,,,1976,2,1,"Arratia, Gloria; Diaz, H",,"Fishnet2 georeferencer's comment: Polygon covers San Pedro River, coordinates placed at center of polygon.",PreservedSpecimen,,07/30/2018
KU,KUI,19210,,Diplomystes camposensis,Diplomystidae,C&S - 1,,-42.2981220000,-72.7592930000,-42.2981220000,-72.7592930000,242554.0000000000,WGS84,Chile,Los Lagos,,,,Purey River,,,1976,11,19,"Arratia, Gloria; Diaz, H",,"Fishnet2 georeferencer's comment: Polygon covers Region of Los Lagos, coordinates placed at center of polygon. Rio Purey not found.",PreservedSpecimen,,07/30/2018
KU,KUI,19215,,Percichthys melanops,Percichthyidae,EtOH - 14,,-35.3074420000,-71.7738620000,-35.3074420000,-71.7738620000,20890.0000000000,WGS84,Chile,Maule,Talca,,,"Los Puercos River, Talca",,,1975,1,1,"Arratia, Gloria",,"Fishnet2 georeferencer's comment: Polygon covers Estero Los Puercos, coordinates placed at center of polygon.",PreservedSpecimen,,10/06/2003
KU,KUI,19219,,Basilichthys australis,Atherinopsidae,EtOH - 18,,-33.8394170000,-70.7919610000,-33.8394170000,-70.7919610000,10919.0000000000,WGS84,Chile,Region Metropolitana de Santiago,,,,Angostura River,,,1975,10,24,"Arratia, Gloria",,Fishnet2 georeferencer's comment: Polygon covers Rio Angostura in Santiago.,PreservedSpecimen,,10/06/2003
KU,KUI,19220,,Basilichthys microlepidotus,Atherinopsidae,EtOH - 30,,-32.4506640000,-71.2323760000,-32.4506640000,-71.2323760000,1693.0000000000,WGS84,Chile,Valparaiso,,,,La Ligua,,,1975,9,8,"Arratia, Gloria",,,PreservedSpecimen,,10/06/2003
KU,KUI,19225,,Geotria australis,Geotriidae,EtOH - 1,,-37.8111760000,-72.7082540000,-37.8111760000,-72.7082540000,1595.0000000000,WGS84,Chile,Araucania,Malleco,,,Rehue River at Angol,,,1980,10,7,"Arratia, Gloria",,Fishnet2 georeferencer's comment: Polygon covers Rio Rehue in Angol.,PreservedSpecimen,,09/02/2022
KU,KUI,19234,,Brachygalaxias bullocki,Galaxiidae,EtOH - 4; C&S - 3,,-38.8981410000,-73.2549640000,-38.8981410000,-73.2549640000,505.0000000000,WGS84,Chile,,,,,Streams of Puerto Dominquez (Comue River),,,1975,12,1,"Camilo, F",,Fishnet2 georeferencer's comment: Coordinates at Puerto Rodriguez.,PreservedSpecimen,,08/03/2010
KU,KUI,19235,,Galaxias maculatus,Galaxiidae,C&S - 3; EtOH - 5,,-37.8038750000,-72.6813030000,-37.8038750000,-72.6813030000,3253.0000000000,WGS84,Chile,Araucania,Malleco,,,Angol: Hueguen River,,,1980,10,6,"Camilo, F; Arratia, Gloria",,Fishnet2 georeferencer's comment: Polygon covers Rio Hueguen around Angol.,PreservedSpecimen,,04/05/2017
KU,KUI,19241,,Percilia gillissi,Perciliidae,EtOH - 47; C&S - 2,,-34.1912840000,-70.7528200000,-34.1912840000,-70.7528200000,17672.0000000000,WGS84,Chile,Libertador General Bernardo O'Higgins,Cachapoal,,,"Copequen River, Rancagua",,,1980,3,20,"Arratia, Gloria; et. al.",,,PreservedSpecimen,,05/22/2019
KU,KUI,19242,,Percilia gillissi,Perciliidae,EtOH - 4,,-34.1912840000,-70.7528200000,-34.1912840000,-70.7528200000,17672.0000000000,WGS84,Chile,Libertador General Bernardo O'Higgins,Cachapoal,,,"Copequen River, Rancagua",,,1980,3,20,"Arratia, Gloria; et. al.",,,PreservedSpecimen,,07/05/2022
KU,KUI,19243,,Percilia gillissi,Perciliidae,EtOH - 4,,-33.8394170000,-70.7919610000,-33.8394170000,-70.7919610000,10919.0000000000,WGS84,Chile,Region Metropolitana de Santiago,,,,Angostura River,,,1981,3,1,"Arratia, Gloria",,Fishnet2 georeferencer's comment: Polygon covers Rio Angostura in Santiago.,PreservedSpecimen,,10/06/2003
KU,KUI,19244,,Percilia irwini,Perciliidae,EtOH - 1,,-37.8038750000,-72.6813030000,-37.8038750000,-72.6813030000,3253.0000000000,WGS84,Chile,Araucania,Malleco,,,Hueguen River at Angol,,,1978,12,8,"Camilo, F; Arratia, Gloria",,Fishnet2 georeferencer's comment: Polygon covers Rio Hueguen around Angol.,PreservedSpecimen,,10/06/2003
KU,KUI,19245,,Percilia irwini,Perciliidae,EtOH - 15,,-37.8038750000,-72.6813030000,-37.8038750000,-72.6813030000,3253.0000000000,WGS84,Chile,Araucania,Malleco,,,Angol: Hueguen River,,,1980,10,6,"Camilo, F; Arratia, Gloria",,Fishnet2 georeferencer's comment: Polygon covers Rio Hueguen around Angol.,PreservedSpecimen,,10/06/2003
KU,KUI,19246,,Percilia irwini,Perciliidae,EtOH - 30,,-37.8038750000,-72.6813030000,-37.8038750000,-72.6813030000,3253.0000000000,WGS84,Chile,Araucania,Malleco,,,Hueguen River at Angol,,,1980,10,7,"Camilo, F; Arratia, Gloria",,Fishnet2 georeferencer's comment: Polygon covers Rio Hueguen around Angol.,PreservedSpecimen,,05/22/2019
KU,KUI,19255,,Diplomystes chilensis,Diplomystidae,EtOH - 1,,-35.4839680000,-71.8734260000,-35.4839680000,-71.8734260000,53411.0000000000,WGS84,Chile,Maule,Talca,,,"Maule River, Talca",,,1974,12,2,"Chang, Augusto; Diaz, H",,"Fishnet2 georeferencer's comment: Polygon covers Rio Maule, coordinates placed at center of polygon.",PreservedSpecimen,,07/05/2022
KU,KUI,19256,,Diplomystes chilensis,Diplomystidae,EtOH - 1,,-34.6482740000,-70.9235790000,-34.6482740000,-70.9235790000,62911.0000000000,WGS84,Chile,Los Maquis,,,,Tinguiririca River,,,1976,2,1,"Cid, L",,"Fishnet2 georeferencer's comment: Polygon covers Tinguiririca River, coordinates placed at center of polygon.",PreservedSpecimen,,07/30/2018
KU,KUI,19257,,Diplomystes camposensis,Diplomystidae,EtOH - 1,,-43.3071800000,-71.9717610000,-43.3071800000,-71.9717610000,23037.0000000000,WGS84,Chile,Los Lagos,,,,Curalufu River,,,1976,2,21,"Arratia, Gloria; Diaz, H",,"Fishnet2 georeferencer's comment: Polygon covers Futaleufu River, coordinates placed at center of polygon.",PreservedSpecimen,,03/30/2016
KU,KUI,19258,,Percichthys melanops,Percichthyidae,EtOH - 3,,-37.8038750000,-72.6813030000,-37.8038750000,-72.6813030000,3253.0000000000,WGS84,Chile,Araucania,Malleco,,,Angol: Hueguen River,,,1980,10,6,"Camilo, F; Arratia, Gloria",,Fishnet2 georeferencer's comment: Polygon covers Rio Hueguen around Angol.,PreservedSpecimen,,10/06/2003
KU,KUI,19259,,Percichthys sp.,Percichthyidae,EtOH - 1,,-35.4839680000,-71.8734260000,-35.4839680000,-71.8734260000,53411.0000000000,WGS84,Chile,Maule,Talca,,,"Maule River, Talca",,,1975,1,11,"Camilo, F",,"Fishnet2 georeferencer's comment: Polygon covers Rio Maule, coordinates placed at center of polygon.",PreservedSpecimen,,10/06/2003
KU,KUI,19277,,Basilichthys australis,Atherinopsidae,C&S - 3,,-33.8394170000,-70.7919610000,-33.8394170000,-70.7919610000,10919.0000000000,WGS84,Chile,Region Metropolitana de Santiago,,,,Angostura River,,,1980,5,11,"Gajardo, G",,Fishnet2 georeferencer's comment: Polygon covers Rio Angostura in Santiago.,PreservedSpecimen,,10/06/2003
KU,KUI,19278,,Basilichthys australis,Atherinopsidae,C&S - 7,,-33.8394170000,-70.7919610000,-33.8394170000,-70.7919610000,10919.0000000000,WGS84,Chile,Region Metropolitana de Santiago,,,,Angostura River,,,1979,4,13,"Arratia, Gloria",,Fishnet2 georeferencer's comment: Polygon covers Rio Angostura in Santiago.,PreservedSpecimen,,10/06/2003
KU,KUI,19279,,Basilichthys microlepidotus,Atherinopsidae,C&S - 7,,-32.3695370000,-71.0837860000,-32.3695370000,-71.0837860000,30753.0000000000,WGS84,Chile,,,,,Petorca River,,,1980,5,18,"Arratia, Gloria; et. al.",,"Fishnet2 georeferencer's comment: Polygon covers Petorca River, coordinates placed at center of polygon.",PreservedSpecimen,,10/06/2003
KU,KUI,19280,,Basilichthys microlepidotus,Atherinopsidae,C&S - 5,,-32.3695370000,-71.0837860000,-32.3695370000,-71.0837860000,30753.0000000000,WGS84,Chile,,,,,Petorca River,,,1980,6,1,"Arratia, Gloria; et. al.",,"Fishnet2 georeferencer's comment: Polygon covers Petorca River, coordinates placed at center of polygon.",PreservedSpecimen,,10/06/2003
KU,KUI,19281,,Percichthys melanops,Percichthyidae,C&S - 1,,-35.3074420000,-71.7738620000,-35.3074420000,-71.7738620000,20890.0000000000,WGS84,Chile,Maule,Talca,,,"Los Puercos River, Talca",,,1976,1,1,"Chang, Augusto; Arratia, Gloria; Diaz, H",,"Fishnet2 georeferencer's comment: Polygon covers Estero Los Puercos, coordinates placed at center of polygon.",PreservedSpecimen,,08/24/2004
KU,KUI,19282,,Percichthys melanops,Percichthyidae,C&S - 1,,-35.4839680000,-71.8734260000,-35.4839680000,-71.8734260000,53411.0000000000,WGS84,Chile,Maule,Talca,,,"Maule River, Talca",,,1974,1,1,"Moran, A",,"Fishnet2 georeferencer's comment: Polygon covers Rio Maule, coordinates placed at center of polygon.",PreservedSpecimen,,07/31/2018
KU,KUI,19283,,Percichthys melanops,Percichthyidae,C&S - 1,,-34.1487220000,-71.4848100000,-34.1487220000,-71.4848100000,16002.0000000000,WGS84,Chile,Maule,,,,Rapel Reservoir,,,1976,11,1,"Rojas, Guido; Diaz, H",,,PreservedSpecimen,,05/22/2019
KU,KUI,19284,,Percichthys trucha,Percichthyidae,C&S - 1,,-34.1487220000,-71.4848100000,-34.1487220000,-71.4848100000,16002.0000000000,WGS84,Chile,Maule,,,,Rapel Reservoir,,,1976,11,1,"Rojas, Guido; Diaz, H",,,PreservedSpecimen,,10/06/2003
KU,KUI,19285,,Percichthys trucha,Percichthyidae,C&S - 1,,-34.1912840000,-70.7528200000,-34.1912840000,-70.7528200000,17672.0000000000,WGS84,Chile,Libertador General Bernardo O'Higgins,Cachapoal,,,"Copequen River, Rancagua",,,1976,3,4,"Arratia, Gloria",,,PreservedSpecimen,,10/06/2003
KU,KUI,19286,,Percichthys trucha,Percichthyidae,C&S - 1,,-33.8394170000,-70.7919610000,-33.8394170000,-70.7919610000,10919.0000000000,WGS84,Chile,Region Metropolitana de Santiago,,,,Angostura River,,,1975,12,13,"Diaz, H",,Fishnet2 georeferencer's comment: Polygon covers Rio Angostura in Santiago.,PreservedSpecimen,,10/06/2003
KU,KUI,19287,,Percichthys trucha,Percichthyidae,C&S - 2,,-34.4167000000,-71.1833000000,-34.4167000000,-71.1833000000,,WGS84,Chile,Libertador General Bernardo O'Higgins,Colchagua,,,"Zamorano River, Tinquiririca",,,1975,12,5,"Arratia, Gloria; Chang, Augusto",,,PreservedSpecimen,,10/06/2003
KU,KUI,19288,,Percichthys trucha,Percichthyidae,C&S - 12,,-34.4167000000,-71.1833000000,-34.4167000000,-71.1833000000,,WGS84,Chile,Libertador General Bernardo O'Higgins,Colchagua,,,"Zamorano River, Tinquiririca",,,1974,6,4,"Arratia, Gloria; Chang, Augusto",,,PreservedSpecimen,,04/06/2016
KU,KUI,19289,,Percichthys trucha,Percichthyidae,C&S - 1,,-43.3071800000,-71.9717610000,-43.3071800000,-71.9717610000,23037.0000000000,WGS84,Chile,Los Lagos,,,,Curalelfu River,,,1976,2,10,"Diaz, H",,"Fishnet2 georeferencer's comment: Polygon covers Futaleufu River, coordinates placed at center of polygon.",PreservedSpecimen,,10/06/2003
KU,KUI,19290,,Percichthys trucha,Percichthyidae,C&S - 1,,-43.3071800000,-71.9717610000,-43.3071800000,-71.9717610000,23037.0000000000,WGS84,Chile,Los Lagos,,,,Curalelfu River,,,1976,2,10,"Diaz, H",,"Fishnet2 georeferencer's comment: Polygon covers Futaleufu River, coordinates placed at center of polygon.",PreservedSpecimen,,07/08/2015
KU,KUI,19296,,Percilia gillissi,Perciliidae,C&S - 1,,-34.1912840000,-70.7528200000,-34.1912840000,-70.7528200000,17672.0000000000,WGS84,Chile,Libertador General Bernardo O'Higgins,Cachapoal,,,"Copequen River, Rancagua",,,1973,6,14,"Gimpell, S",,,PreservedSpecimen,,10/06/2003
KU,KUI,19297,,Percilia gillissi,Perciliidae,C&S - 1,,-34.4167000000,-71.1833000000,-34.4167000000,-71.1833000000,,WGS84,Chile,Libertador General Bernardo O'Higgins,Colchagua,,,"Zamorano River, Tinquiririca",,,1974,5,3,"Arratia, Gloria",,,PreservedSpecimen,,10/06/2003
KU,KUI,19298,,Percilia gillissi,Perciliidae,C&S - 1,,-33.5994970000,-70.9060620000,-33.5994970000,-70.9060620000,2905.0000000000,WGS84,Chile,Region Metropolitana de Santiago,,,,"Penaflor, Mapocho River",,,1974,12,5,"Arratia, Gloria",,Fishnet2 georeferencer's comment: Polygon covers Rio Mapocho around PeÃ±aflor.,PreservedSpecimen,,10/06/2003
KU,KUI,19299,,Percilia gillissi,Perciliidae,C&S - 7,,-33.5994970000,-70.9060620000,-33.5994970000,-70.9060620000,2905.0000000000,WGS84,Chile,Region Metropolitana de Santiago,,,,"Penaflor, Mapocho River",,,1974,11,23,"Arratia, Gloria; et. al.",,Fishnet2 georeferencer's comment: Polygon covers Rio Mapocho around PeÃ±aflor.,PreservedSpecimen,,10/06/2003
KU,KUI,19300,,Percilia gillissi,Perciliidae,C&S - 7,,-33.8394170000,-70.7919610000,-33.8394170000,-70.7919610000,10919.0000000000,WGS84,Chile,Region Metropolitana de Santiago,,,,"Angostura, Angostura River",,,1974,9,6,"Arratia, Gloria; et. al.",,Fishnet2 georeferencer's comment: Polygon covers Rio Angostura in Santiago.,PreservedSpecimen,,10/06/2003
KU,KUI,19301,,Percilia gillissi,Perciliidae,C&S - 1,,-36.2697660000,-71.7660630000,-36.2697660000,-71.7660630000,54013.0000000000,WGS84,Chile,,,,,Perquilauquen River,,,1975,12,2,"Gimpell, S",,"Fishnet2 georeferencer's comment: Polygon covers Perquilauquen River, coordinates placed at center of polygon.",PreservedSpecimen,,10/06/2003
KU,KUI,19302,,Percilia gillissi,Perciliidae,C&S - 10,,-34.1912840000,-70.7528200000,-34.1912840000,-70.7528200000,17672.0000000000,WGS84,Chile,Libertador General Bernardo O'Higgins,Cachapoal,,,"Copequen River, Rancagua",,,1975,5,13,"Diaz, H; Arratia, Gloria",,,PreservedSpecimen,,10/06/2003
KU,KUI,19303,,Percilia gillissi,Perciliidae,C&S - 5,,-33.8394170000,-70.7919610000,-33.8394170000,-70.7919610000,10919.0000000000,WGS84,Chile,Region Metropolitana de Santiago,,,,Angostura River,,,1975,12,13,"Diaz, H",,Fishnet2 georeferencer's comment: Polygon covers Rio Angostura in Santiago.,PreservedSpecimen,,05/22/2019
KU,KUI,19304,,Percilia gillissi,Perciliidae,C&S - 10,,-33.8394170000,-70.7919610000,-33.8394170000,-70.7919610000,10919.0000000000,WGS84,Chile,Region Metropolitana de Santiago,,,,Angostura River,,,1975,1,17,"Diaz, H; Camilo, F",,Fishnet2 georeferencer's comment: Polygon covers Rio Angostura in Santiago.,PreservedSpecimen,,10/06/2003
KU,KUI,19305,,Percilia gillissi,Perciliidae,C&S - 10,,-33.8394170000,-70.7919610000,-33.8394170000,-70.7919610000,10919.0000000000,WGS84,Chile,Region Metropolitana de Santiago,,,,Angostura River,,,1976,1,1,"Arratia, Gloria; Diaz, H",,Fishnet2 georeferencer's comment: Polygon covers Rio Angostura in Santiago.,PreservedSpecimen,,10/06/2003
KU,KUI,19306,,Percilia gillissi,Perciliidae,C&S - 3,,-34.4167000000,-71.1833000000,-34.4167000000,-71.1833000000,,WGS84,Chile,Libertador General Bernardo O'Higgins,Colchagua,,,"Zamorano River, Tinquiririca",,,1976,6,21,"Arratia, Gloria; Chang, Augusto",,,PreservedSpecimen,,10/06/2003
KU,KUI,19307,,Percilia gillissi,Perciliidae,C&S - 1,,-33.8394170000,-70.7919610000,-33.8394170000,-70.7919610000,10919.0000000000,WGS84,Chile,Region Metropolitana de Santiago,,,,Angostura River,,,1980,3,5,"Arratia, Gloria",,Fishnet2 georeferencer's comment: Polygon covers Rio Angostura in Santiago.,PreservedSpecimen,,10/06/2003
KU,KUI,19309,,Percilia gillissi,Perciliidae,C&S - 1,,-33.8394170000,-70.7919610000,-33.8394170000,-70.7919610000,10919.0000000000,WGS84,Chile,Region Metropolitana de Santiago,,,,"Angostura, Angostura River",,,1972,11,12,"Arratia, Gloria",,Fishnet2 georeferencer's comment: Polygon covers Rio Angostura in Santiago.,PreservedSpecimen,,08/24/2004
KU,KUI,19310,,Percilia gillissi,Perciliidae,C&S - 1,,-34.2675850000,-70.9512690000,-34.2675850000,-70.9512690000,829.0000000000,WGS84,Chile,Libertador General Bernardo O'Higgins,Cachapoal,,,"Copequen River, Coinco",,,1973,10,8,"Arratia, Gloria; et. al.",,Fishnet2 georeferencer's comment: Coordinates at Coinco.,PreservedSpecimen,,07/08/2015
KU,KUI,19312,,Percilia gillissi,Perciliidae,C&S - 20,,-35.4839680000,-71.8734260000,-35.4839680000,-71.8734260000,53411.0000000000,WGS84,Chile,Maule,Talca,,,"Maule River, Talca",,,1974,1,23,"Arratia, Gloria; Diaz, H; Chang, Augusto",,"Fishnet2 georeferencer's comment: Polygon covers Rio Maule, coordinates placed at center of polygon.",PreservedSpecimen,,10/06/2003
KU,KUI,19313,,Percilia gillissi,Perciliidae,C&S - 3,,-35.4839680000,-71.8734260000,-35.4839680000,-71.8734260000,53411.0000000000,WGS84,Chile,Maule,Talca,,,"Maule River, Talca",,,1974,10,28,"Arratia, Gloria; Diaz, H; Chang, Augusto",,"Fishnet2 georeferencer's comment: Polygon covers Rio Maule, coordinates placed at center of polygon.",PreservedSpecimen,,10/06/2003
KU,KUI,19314,,Percilia gillissi,Perciliidae,C&S - 1,,-35.0525620000,-70.8674120000,-35.0525620000,-70.8674120000,48280.0000000000,WGS84,Chile,Maule,Curico,,,Guaquillo River,,,1974,12,2,"Chang, Augusto; Diaz, H",,Fishnet2 georeferencer's comment: Polygon covers Curico Province. Coordinates placed at center of polygon. Rio Guaquillo not found.,PreservedSpecimen,,05/22/2019
KU,KUI,19315,,Percilia gillissi,Perciliidae,C&S - 2,,-35.0525620000,-70.8674120000,-35.0525620000,-70.8674120000,48280.0000000000,WGS84,Chile,Maule,Curico,,,Guaquillo River,,,1974,12,2,"Chang, Augusto; Diaz, H",,Fishnet2 georeferencer's comment: Polygon covers Curico Province. Coordinates placed at center of polygon. Rio Guaquillo not found.,PreservedSpecimen,,10/06/2003
KU,KUI,19316,,Percilia gillissi,Perciliidae,C&S - 2,,-33.5994970000,-70.9060620000,-33.5994970000,-70.9060620000,2905.0000000000,WGS84,Chile,Region Metropolitana de Santiago,,,,"Penflor, Mapocho River",,,1974,1,8,"Arratia, Gloria; Diaz, H; Chang, Augusto",,Fishnet2 georeferencer's comment: Polygon covers Rio Mapocho around PeÃ±aflor.,PreservedSpecimen,,10/06/2003
KU,KUI,19317,,Percilia gillissi,Perciliidae,C&S - 7,,-33.5994970000,-70.9060620000,-33.5994970000,-70.9060620000,2905.0000000000,WGS84,Chile,Region Metropolitana de Santiago,,,,"Penflor, Mapocho River",,,1974,9,16,"Arratia, Gloria; Diaz, H; Chang, Augusto",,Fishnet2 georeferencer's comment: Polygon covers Rio Mapocho around PeÃ±aflor.,PreservedSpecimen,,10/06/2003
KU,KUI,19318,,Percilia gillissi,Perciliidae,C&S - 3,,-33.9468570000,-70.7159150000,-33.9468570000,-70.7159150000,3435.0000000000,WGS84,Chile,Libertador General Bernardo O'Higgins,Cachapoal,,,Angostura River,,,1974,1,9,"Arratia, Gloria; Diaz, H",,Fishnet2 georeferencer's comment: Polygon covers Angostura River in the Cachapoal Province.,PreservedSpecimen,,10/06/2003
KU,KUI,19319,,Percilia gillissi,Perciliidae,C&S - 7,,-34.1912840000,-70.7528200000,-34.1912840000,-70.7528200000,17672.0000000000,WGS84,Chile,Libertador General Bernardo O'Higgins,Cachapoal,,,"Copequen River, Rancagua",,,1974,7,11,"Arratia, Gloria",,,PreservedSpecimen,,10/06/2003
KU,KUI,19320,,Percilia gillissi,Perciliidae,C&S - 9,,-34.1912840000,-70.7528200000,-34.1912840000,-70.7528200000,17672.0000000000,WGS84,Chile,Libertador General Bernardo O'Higgins,Cachapoal,,,"Copequen River, Rancagua",,,1974,8,24,"Arratia, Gloria; Diaz, H",,,PreservedSpecimen,,10/06/2003
KU,KUI,19321,,Percilia gillissi,Perciliidae,C&S - 1,,-34.2675850000,-70.9512690000,-34.2675850000,-70.9512690000,829.0000000000,WGS84,Chile,Libertador General Bernardo O'Higgins,Cachapoal,,,"Copequen River, Coinco",,,1974,4,8,"Arratia, Gloria; Diaz, H",,Fishnet2 georeferencer's comment: Coordinates at Coinco.,PreservedSpecimen,,10/06/2003
KU,KUI,19322,,Percilia gillissi,Perciliidae,C&S - 7,,-33.8394170000,-70.7919610000,-33.8394170000,-70.7919610000,10919.0000000000,WGS84,Chile,Region Metropolitana de Santiago,,,,"Angostura, Angostura River",,,1974,1,5,"Arratia, Gloria; et. al.",,Fishnet2 georeferencer's comment: Polygon covers Rio Angostura in Santiago.,PreservedSpecimen,,10/06/2003
KU,KUI,19323,,Percilia gillissi,Perciliidae,C&S - 6,,-33.8394170000,-70.7919610000,-33.8394170000,-70.7919610000,10919.0000000000,WGS84,Chile,Region Metropolitana de Santiago,,,,"Angostura, Angostura River",,,1974,1,9,"Arratia, Gloria; Diaz, H",,Fishnet2 georeferencer's comment: Polygon covers Rio Angostura in Santiago.,PreservedSpecimen,,10/06/2003
KU,KUI,19324,,Percilia gillissi,Perciliidae,C&S - 5,,-33.8394170000,-70.7919610000,-33.8394170000,-70.7919610000,10919.0000000000,WGS84,Chile,Region Metropolitana de Santiago,,,,"Angostura, Angostura River",,,1974,1,11,"Gimpell, S",,Fishnet2 georeferencer's comment: Polygon covers Rio Angostura in Santiago.,PreservedSpecimen,,10/06/2003
KU,KUI,19325,,Percilia gillissi,Perciliidae,C&S - 2,,-33.8394170000,-70.7919610000,-33.8394170000,-70.7919610000,10919.0000000000,WGS84,Chile,Region Metropolitana de Santiago,,,,"Angostura, Angostura River",,,1974,1,13,"Arratia, Gloria; Diaz, H",,Fishnet2 georeferencer's comment: Polygon covers Rio Angostura in Santiago.,PreservedSpecimen,,10/06/2003
KU,KUI,19326,,Percichthys melanops,Percichthyidae,C&S - 3,,-36.7824380000,-73.0295720000,-36.7824380000,-73.0295720000,3270.0000000000,WGS84,Chile,Bio-Bio,Concepcion,,,Andalien River,,,1975,10,10,"Arratia, Gloria; Chang, Augusto",,Fishnet2 georeferencer's comment: Polygon covers Rio Andalien in Concepcion.,PreservedSpecimen,,05/22/2019
KU,KUI,19327,,Percilia gillissi,Perciliidae,C&S - 1,,-33.8394170000,-70.7919610000,-33.8394170000,-70.7919610000,10919.0000000000,WGS84,Chile,Region Metropolitana de Santiago,,,,Angostura River,,,1977,4,17,"Diaz, H",,Fishnet2 georeferencer's comment: Polygon covers Rio Angostura in Santiago.,PreservedSpecimen,,10/06/2003
KU,KUI,19328,,Percilia gillissi,Perciliidae,C&S - 1,,-38.4935430000,-72.5040310000,-38.4935430000,-72.5040310000,36439.0000000000,WGS84,Chile,Araucania,Malleco,,,Quillen River,,,1975,1,27,"Arratia, Gloria",,"Fishnet2 georeferencer's comment: Polygon covers Rio Guillen, coordinates placed at center of polygon.",PreservedSpecimen,,10/06/2003
KU,KUI,19329,,Percilia gillissi,Perciliidae,C&S - 12,,-34.1912840000,-70.7528200000,-34.1912840000,-70.7528200000,17672.0000000000,WGS84,Chile,Libertador General Bernardo O'Higgins,Cachapoal,,,"Copequen River, Rancagua",,,1975,5,11,"Arratia, Gloria; Diaz, H",,,PreservedSpecimen,,10/06/2003
KU,KUI,19330,,Percilia gillissi,Perciliidae,C&S - 4,,-34.1912840000,-70.7528200000,-34.1912840000,-70.7528200000,17672.0000000000,WGS84,Chile,Libertador General Bernardo O'Higgins,Cachapoal,,,"Copequen River, Rancagua",,,1975,7,2,"Arratia, Gloria; Diaz, H",,,PreservedSpecimen,,10/06/2003
KU,KUI,19331,,Percilia gillissi,Perciliidae,C&S - 8,,-35.0525620000,-70.8674120000,-35.0525620000,-70.8674120000,48280.0000000000,WGS84,Chile,Maule,Curico,,,Guaquillo River,,,1975,11,3,"Arratia, Gloria; Chang, Augusto",,Fishnet2 georeferencer's comment: Polygon covers Curico Province. Coordinates placed at center of polygon. Rio Guaquillo not found.,PreservedSpecimen,,10/06/2003
KU,KUI,19332,,Percilia gillissi,Perciliidae,C&S - 2,,-37.6396990000,-72.6407660000,-37.6396990000,-72.6407660000,18718.0000000000,WGS84,Chile,Araucania,Malleco,,,Vergara River,,,1975,12,1,"Diaz, H; Chang, Augusto",,"Fishnet2 georeferencer's comment: Polygon covers Rio Vergara, coordinates placed at center of polygon.",PreservedSpecimen,,10/06/2003
KU,KUI,19333,,Percilia gillissi,Perciliidae,C&S - 3,,-34.4167000000,-71.1833000000,-34.4167000000,-71.1833000000,,WGS84,Chile,Libertador General Bernardo O'Higgins,Colchagua,,,"Zamorano River, Tinquiririca",,,1976,10,5,"Arratia, Gloria",,,PreservedSpecimen,,10/06/2003
KU,KUI,19334,,Percilia gillissi,Perciliidae,C&S - 2,,-36.7824380000,-73.0295720000,-36.7824380000,-73.0295720000,3270.0000000000,WGS84,Chile,Bio-Bio,Concepcion,,,Andalien River,,,1976,11,13,"Arratia, Gloria; Chang, Augusto",,Fishnet2 georeferencer's comment: Polygon covers Rio Andalien in Concepcion.,PreservedSpecimen,,05/22/2019
KU,KUI,19335,,Percilia gillissi,Perciliidae,EtOH - 9,,-39.8011950000,-72.9642400000,-39.8011950000,-72.9642400000,1947.0000000000,WGS84,Chile,Los Rios,,,,Rio San Pedro near Antilhue,,,1976,2,19,"Arratia, Gloria; Diaz, H",,Fishnet2 georeferencer's comment: Coordinates at Antilhue.,PreservedSpecimen,,10/06/2003
KU,KUI,19356,,Gambusia affinis,Poeciliidae,C&S - 4,,-33.5994970000,-70.9060620000,-33.5994970000,-70.9060620000,2905.0000000000,WGS84,Chile,Region Metropolitana de Santiago,,,,"Penaflor, Mapocho River",,,1973,12,4,"Arratia, Gloria",,Fishnet2 georeferencer's comment: Polygon covers Rio Mapocho around PeÃ±aflor.,PreservedSpecimen,,10/06/2003
KU,KUI,19372,,Percichthys melanops,Percichthyidae,C&S - 3,,-35.3074420000,-71.7738620000,-35.3074420000,-71.7738620000,20890.0000000000,WGS84,Chile,Maule,Talca,,,"Los Puercos River, Talca",,,1975,2,1,"Diaz, H; Moran, A",,"Fishnet2 georeferencer's comment: Polygon covers Estero Los Puercos, coordinates placed at center of polygon.",PreservedSpecimen,,04/06/2016
KU,KUI,19373,,Percichthys melanops,Percichthyidae,C&S - 1,,-35.3074420000,-71.7738620000,-35.3074420000,-71.7738620000,20890.0000000000,WGS84,Chile,Maule,Talca,,,"Los Puercos River, Talca",,,1975,1,1,"Arratia, Gloria; Diaz, H",,"Fishnet2 georeferencer's comment: Polygon covers Estero Los Puercos, coordinates placed at center of polygon.",PreservedSpecimen,,04/06/2016
KU,KUI,19374,,Percichthys melanops,Percichthyidae,C&S - 27,,-35.3074420000,-71.7738620000,-35.3074420000,-71.7738620000,20890.0000000000,WGS84,Chile,Maule,Talca,,,"Los Puercos River, Talca",,,1975,1,1,"Arratia, Gloria; Diaz, H",,"Fishnet2 georeferencer's comment: Polygon covers Estero Los Puercos, coordinates placed at center of polygon.",PreservedSpecimen,,04/06/2016
KU,KUI,19375,,Percichthys trucha,Percichthyidae,C&S - 1,,-35.4839680000,-71.8734260000,-35.4839680000,-71.8734260000,53411.0000000000,WGS84,Chile,Maule,Talca,,,"Maule River, Talca",,,1975,10,27,"Diaz, H",,"Fishnet2 georeferencer's comment: Polygon covers Rio Maule, coordinates placed at center of polygon.",PreservedSpecimen,,10/06/2003
KU,KUI,19376,,Percichthys melanops,Percichthyidae,C&S - 1,,-35.4839680000,-71.8734260000,-35.4839680000,-71.8734260000,53411.0000000000,WGS84,Chile,Maule,Talca,,,"Maule River, Talca",,,1975,10,27,"Diaz, H",,"Fishnet2 georeferencer's comment: Polygon covers Rio Maule, coordinates placed at center of polygon.",PreservedSpecimen,,05/22/2019
KU,KUI,19377,,Percilia irwini,Perciliidae,C&S - 2,,-37.8111760000,-72.7082540000,-37.8111760000,-72.7082540000,1595.0000000000,WGS84,Chile,Araucania,Malleco,,,Rehue River at Angol,,,1976,12,1,"Camilo, F",,Fishnet2 georeferencer's comment: Polygon covers Rio Rehue in Angol.,PreservedSpecimen,,10/06/2003
KU,KUI,19378,,Percilia irwini,Perciliidae,C&S - 4,,-37.8111760000,-72.7082540000,-37.8111760000,-72.7082540000,1595.0000000000,WGS84,Chile,Araucania,Malleco,,,Rehue River at Angol,,,1976,12,1,"Camilo, F",,Fishnet2 georeferencer's comment: Polygon covers Rio Rehue in Angol.,PreservedSpecimen,,10/06/2003
