"scientific_name","datetime","description","place_guess","latitude","longitude","tag_list","common_name","url","image_url","user_login","id","species_guess","iconic_taxon_name","taxon_id","num_identification_agreements","num_identification_disagreements","observed_on_string","observed_on","time_observed_at","time_zone","positional_accuracy","public_positional_accuracy","geoprivacy","taxon_geoprivacy","coordinates_obscured","positioning_method","positioning_device","user_id","user_name","created_at","updated_at","quality_grade","license","sound_url","oauth_application_id","captive_cultivated"
"Actinopterygii","2025-11-14 10:54:06 -0300","","Ushuaia, AR-TF, AR",-54.8112222222,-68.2958805556,"","Ray-finned Fishes","https://www.inaturalist.org/observations/327398176","","weinbers",327398176,"","Actinopterygii",47178,0,0,"2025-11-14 10:54:06","2025-11-14","2025-11-14 13:54:06 UTC","America/Argentina/Ushuaia",NA,NA,NA,"","false","","",9957153,"","2025-11-20 18:06:39 UTC","2025-11-21 00:41:58 UTC","casual","CC-BY-NC",NA,2,"true"
"Salmo trutta","2025-10-29 16:56:29 -0300","","Río Grande, Tierra del Fuego, Argentina",-53.8311319468,-67.8027268499,"","Brown Trout","https://www.inaturalist.org/observations/326902158","https://inaturalist-open-data.s3.amazonaws.com/photos/592145553/medium.jpg","maxi762aguilar",326902158,"Trucha marrón","Actinopterygii",47518,2,0,"2025-10-29 16:56:29","2025-10-29","2025-10-29 19:56:29 UTC","America/Argentina/Ushuaia",432,432,NA,"open","false","gps","gps",7693045,"Maximiliano Aguilar","2025-11-17 02:59:52 UTC","2025-11-22 22:10:47 UTC","research","CC-BY-NC",NA,2,"false"
"Salvelinus fontinalis","2025-11-13 15:46:47 -0300","","Campamento Rio Cambaceres, Ruta Provincial J Km 58, Tierra del Fuego, Argentina",-54.8817805997,-67.2395745997,"","Brook Trout","https://www.inaturalist.org/observations/326411644","https://inaturalist-open-data.s3.amazonaws.com/photos/591165149/medium.jpg","mariana912",326411644,"Trucha de arroyo","Actinopterygii",49596,3,0,"2025-11-13 15:46:47","2025-11-13","2025-11-13 18:46:47 UTC","America/Argentina/Ushuaia",NA,NA,NA,"open","false","gps","gps",3653366,"Mariana","2025-11-14 02:16:08 UTC","2025-11-14 17:29:50 UTC","research","CC-BY-NC",NA,2,"false"
"Liparidae","2025-10-18 17:57:37 -0300","","Natales, Magallanes and Antartica Chilena Region, CL",-52.692816508,-73.7604463943,"","Snailfishes","https://www.inaturalist.org/observations/321786319","https://static.inaturalist.org/photos/581999858/medium.jpg","brettmonroegarner",321786319,"","Actinopterygii",49032,0,0,"2025-10-18 17:57:37","2025-10-18","2025-10-18 20:57:37 UTC","America/Punta_Arenas",18002,18002,NA,"","false","","",1900503,"Brett Monroe Garner","2025-10-19 07:37:01 UTC","2025-10-19 07:37:02 UTC","needs_id","",NA,843,"false"
"Harpagifer bispinis","2025-10-14 18:44:00 -0300","","V9410 Ushuaia, Tierra del Fuego, Argentina",-54.8076116,-68.3058409,"","Magellanic plunderfish","https://www.inaturalist.org/observations/321134161","https://inaturalist-open-data.s3.amazonaws.com/photos/580727183/medium.jpg","fede_munoz",321134161,"Diablito","Actinopterygii",615190,0,0,"2025/10/14 6:44 PM","2025-10-14","2025-10-14 21:44:00 UTC","America/Argentina/Ushuaia",6954,6954,NA,"open","false","","",4444997,"Federico Muñoz","2025-10-15 23:28:32 UTC","2025-10-15 23:28:32 UTC","needs_id","CC0",NA,NA,"false"
"Harpagifer bispinis","2025-10-14 18:44:00 -0300","","V9410 Ushuaia, Tierra del Fuego, Argentina",-54.8076116,-68.3058409,"","Magellanic plunderfish","https://www.inaturalist.org/observations/321134158","https://inaturalist-open-data.s3.amazonaws.com/photos/580727161/medium.jpg","fede_munoz",321134158,"Diablito","Actinopterygii",615190,0,0,"2025/10/14 6:44 PM","2025-10-14","2025-10-14 21:44:00 UTC","America/Argentina/Ushuaia",6954,6954,NA,"open","false","","",4444997,"Federico Muñoz","2025-10-15 23:28:31 UTC","2025-10-15 23:28:31 UTC","needs_id","CC0",NA,NA,"false"
"Harpagifer bispinis","2025-10-12 17:14:00 -0300","","V9410 Ushuaia, Tierra del Fuego, Argentina",-54.8076116,-68.3058409,"","Magellanic plunderfish","https://www.inaturalist.org/observations/320759674","https://inaturalist-open-data.s3.amazonaws.com/photos/579993955/medium.jpg","fede_munoz",320759674,"Diablito","Actinopterygii",615190,0,0,"2025/10/12 5:14 PM","2025-10-12","2025-10-12 20:14:00 UTC","America/Argentina/Ushuaia",6954,6954,NA,"open","false","","",4444997,"Federico Muñoz","2025-10-14 00:34:18 UTC","2025-10-14 00:34:18 UTC","needs_id","CC0",NA,NA,"false"
"Patagonotothen","2025-10-12 17:03:00 -0300","","V9410 Ushuaia, Tierra del Fuego, Argentina",-54.8076116,-68.3058409,"","","https://www.inaturalist.org/observations/320759672","https://inaturalist-open-data.s3.amazonaws.com/photos/579993929/medium.jpg","fede_munoz",320759672,"Patagonotothen","Actinopterygii",90874,0,0,"2025/10/12 5:03 PM","2025-10-12","2025-10-12 20:03:00 UTC","America/Argentina/Ushuaia",6954,6954,NA,"","false","","",4444997,"Federico Muñoz","2025-10-14 00:34:17 UTC","2025-10-14 00:34:17 UTC","needs_id","CC0",NA,NA,"false"
"Harpagifer bispinis","2025-10-12 16:09:00 -0300","","V9410 Ushuaia, Tierra del Fuego, Argentina",-54.8076116,-68.3058409,"","Magellanic plunderfish","https://www.inaturalist.org/observations/320759665","https://inaturalist-open-data.s3.amazonaws.com/photos/579993854/medium.jpg","fede_munoz",320759665,"Diablito","Actinopterygii",615190,0,0,"2025/10/12 4:09 PM","2025-10-12","2025-10-12 19:09:00 UTC","America/Argentina/Ushuaia",6954,6954,NA,"open","false","","",4444997,"Federico Muñoz","2025-10-14 00:34:16 UTC","2025-10-14 00:34:16 UTC","needs_id","CC0",NA,NA,"false"
"Harpagifer bispinis","2025-10-12 16:08:00 -0300","","V9410 Ushuaia, Tierra del Fuego, Argentina",-54.8076116,-68.3058409,"","Magellanic plunderfish","https://www.inaturalist.org/observations/320759662","https://inaturalist-open-data.s3.amazonaws.com/photos/579993846/medium.jpg","fede_munoz",320759662,"Diablito","Actinopterygii",615190,0,0,"2025/10/12 4:08 PM","2025-10-12","2025-10-12 19:08:00 UTC","America/Argentina/Ushuaia",6954,6954,NA,"open","false","","",4444997,"Federico Muñoz","2025-10-14 00:34:15 UTC","2025-10-14 00:34:15 UTC","needs_id","CC0",NA,NA,"false"
"Harpagifer bispinis","2025-10-12 16:06:00 -0300","","V9410 Ushuaia, Tierra del Fuego, Argentina",-54.8076116,-68.3058409,"","Magellanic plunderfish","https://www.inaturalist.org/observations/320759660","https://inaturalist-open-data.s3.amazonaws.com/photos/579993834/medium.jpg","fede_munoz",320759660,"Diablito","Actinopterygii",615190,0,0,"2025/10/12 4:06 PM","2025-10-12","2025-10-12 19:06:00 UTC","America/Argentina/Ushuaia",6954,6954,NA,"open","false","","",4444997,"Federico Muñoz","2025-10-14 00:34:14 UTC","2025-10-14 00:34:14 UTC","needs_id","CC0",NA,NA,"false"
"Actinopterygii","2025-08-27 21:46:28 -0300","","Magallanes, Magallanes y la Antártica Chilena, Chile",-53.6909056,-70.9710244997,"","Ray-finned Fishes","https://www.inaturalist.org/observations/316196823","https://inaturalist-open-data.s3.amazonaws.com/photos/571268380/medium.jpg","kae96",316196823,"","Actinopterygii",47178,0,0,"2025-08-27 21:46:28","2025-08-27","2025-08-28 00:46:28 UTC","America/Punta_Arenas",NA,NA,NA,"","false","gps","gps",5608874,"","2025-09-24 02:24:54 UTC","2025-09-24 02:53:29 UTC","needs_id","CC-BY-NC",NA,2,"false"
"Patagonotothen","2025-08-28 11:24:54 -0300","","San Juan, Punta Arenas, Magallanes y la Antártica Chilena, Chile",-53.6405193482,-70.9466553479,"","","https://www.inaturalist.org/observations/316196624","https://inaturalist-open-data.s3.amazonaws.com/photos/571267894/medium.jpg","kae96",316196624,"Patagonotothen","Actinopterygii",90874,2,0,"2025-08-28 11:24:54","2025-08-28","2025-08-28 14:24:54 UTC","America/Punta_Arenas",539,539,NA,"","false","gps","gps",5608874,"","2025-09-24 02:23:14 UTC","2025-10-06 11:00:44 UTC","needs_id","CC-BY-NC",NA,2,"false"
"Patagonotothen","2025-08-28 11:03:04 -0300","","San Juan, Punta Arenas, Magallanes y la Antártica Chilena, Chile",-53.6405193482,-70.9466553479,"","","https://www.inaturalist.org/observations/316196477","https://inaturalist-open-data.s3.amazonaws.com/photos/571267683/medium.jpg","kae96",316196477,"","Actinopterygii",90874,0,0,"2025-08-28 11:03:04","2025-08-28","2025-08-28 14:03:04 UTC","America/Punta_Arenas",539,539,NA,"","false","gps","gps",5608874,"","2025-09-24 02:22:20 UTC","2025-09-24 02:34:45 UTC","needs_id","CC-BY-NC",NA,2,"false"
"Notothenioidei","2025-09-20 08:15:34 -0300","","V9410 Ushuaia, Tierra del Fuego, Argentina",-54.8099715239,-68.3120297268,"","Icefishes and allies","https://www.inaturalist.org/observations/315556164","https://inaturalist-open-data.s3.amazonaws.com/photos/570053248/medium.jpg","joaco_tdf",315556164,"Notothenioidei","Actinopterygii",1303563,1,0,"2025-09-20 08:15:34","2025-09-20","2025-09-20 11:15:34 UTC","America/Argentina/Ushuaia",22,22,NA,"","false","gps","gps",5282735,"Joaquín Cano","2025-09-21 16:16:58 UTC","2025-09-22 10:27:04 UTC","needs_id","CC-BY-NC",NA,2,"false"
"Nototheniidae","2025-08-27 21:23:25 -0300","No sé que especie en especifico","Punta Arenas, Magallanes y la Antártica Chilena, Chile",-53.6910537997,-70.9710639997,"","Cod Icefishes","https://www.inaturalist.org/observations/309810461","https://inaturalist-open-data.s3.amazonaws.com/photos/559098924/medium.jpg","kae96",309810461,"Bacalaos de Hielo","Actinopterygii",85936,1,0,"2025-08-27 21:23:25","2025-08-27","2025-08-28 00:23:25 UTC","America/Punta_Arenas",NA,NA,NA,"","false","gps","gps",5608874,"","2025-08-28 20:47:09 UTC","2025-09-02 02:13:29 UTC","needs_id","CC-BY-NC",NA,2,"false"
"Nototheniidae","2025-08-27 21:46:35 -0300","","Magallanes, Magallanes y la Antártica Chilena, Chile",-53.6909056,-70.9710244997,"","Cod Icefishes","https://www.inaturalist.org/observations/309810228","https://inaturalist-open-data.s3.amazonaws.com/photos/559098435/medium.jpg","kae96",309810228,"Bacalaos de Hielo","Actinopterygii",85936,0,0,"2025-08-27 21:46:35","2025-08-27","2025-08-28 00:46:35 UTC","America/Punta_Arenas",NA,NA,NA,"","false","gps","gps",5608874,"","2025-08-28 20:45:48 UTC","2025-09-02 11:25:58 UTC","needs_id","CC-BY-NC",NA,2,"false"
"Actinopterygii","2025-08-28 11:08:06 -0300","","Magallanes, CL-MA, CL",-53.6881971634,-70.9715844691,"","Ray-finned Fishes","https://www.inaturalist.org/observations/309795519","https://inaturalist-open-data.s3.amazonaws.com/photos/559069796/medium.jpg","kae96",309795519,"","Actinopterygii",47178,0,0,"2025-08-28 11:08:06","2025-08-28","2025-08-28 14:08:06 UTC","America/Punta_Arenas",88,88,NA,"","false","gps","gps",5608874,"","2025-08-28 19:33:33 UTC","2025-09-19 18:42:02 UTC","needs_id","CC-BY-NC",NA,2,"false"
"Patagonotothen","2025-08-28 11:33:07 -0300","","Punta Arenas, Magallanes y la Antártica Chilena, Chile",-53.6862843514,-70.9728511423,"","","https://www.inaturalist.org/observations/309794902","https://inaturalist-open-data.s3.amazonaws.com/photos/559068536/medium.jpg","kae96",309794902,"Patagonotothen","Actinopterygii",90874,2,0,"2025-08-28 11:33:07","2025-08-28","2025-08-28 14:33:07 UTC","America/Punta_Arenas",201,201,NA,"","false","gps","gps",5608874,"","2025-08-28 19:31:02 UTC","2025-09-02 02:13:24 UTC","needs_id","CC-BY-NC",NA,2,"false"
"Patagonotothen wiltoni","2025-04-01 13:11:00 -0300","a 100 m de profundidad en Seno Skyring. Grabado mediante ROV","Magallanes, Magallanes y la Antártica Chilena, Chile",-52.6259617053,-71.6380752957,"","Wilton's Patagonian Rockcod","https://www.inaturalist.org/observations/284596843","https://inaturalist-open-data.s3.amazonaws.com/photos/511482388/medium.jpg","mgargiulo",284596843,"Patagonotothen wiltoni","Actinopterygii",618326,1,0,"2025/04/01 1:11 PM","2025-04-01","2025-04-01 16:11:00 UTC","America/Punta_Arenas",977,977,NA,"","false","","",2479418,"MatiasG","2025-05-27 17:15:09 UTC","2025-05-27 22:03:02 UTC","research","CC-BY-ND",NA,NA,"false"
"Salvelinus fontinalis","2025-02-04 16:33:00 -0300","Brook Trout hunted by a Cinclodes patagonicus","Ushuaia Department, Tierra del Fuego Province, Argentina",-54.6809118521,-67.8146034029,"","Brook Trout","https://www.inaturalist.org/observations/269317390","https://static.inaturalist.org/photos/484217920/medium.jpg","frankdietze",269317390,"Brook Trout","Actinopterygii",49596,1,0,"2025/02/04 4:33 PM","2025-02-04","2025-02-04 19:33:00 UTC","America/Argentina/Ushuaia",708,708,NA,"open","false","","",1366509,"Frank Dietze","2025-04-08 17:35:31 UTC","2025-04-10 00:11:20 UTC","research","",NA,NA,"false"
"Notothenioidei","2025-03-12 14:37:00 -0300","","V9410 Ushuaia, Tierra del Fuego Province, Argentina",-54.8070766667,-68.3005866667,"","Icefishes and allies","https://www.inaturalist.org/observations/267792468","https://inaturalist-open-data.s3.amazonaws.com/photos/481284967/medium.jpeg","craigjhowe",267792468,"Icefishes and allies","Actinopterygii",1303563,1,0,"2025/03/12 2:37 PM","2025-03-12","2025-03-12 17:37:00 UTC","America/Argentina/Ushuaia",NA,NA,NA,"","false","","",2460541,"","2025-03-30 21:41:36 UTC","2025-03-30 22:45:49 UTC","needs_id","CC-BY-NC",NA,NA,"false"
"Leptonotus blainvilleanus","2024-12-02 13:45:00 -0300","","Provincia de Última Esperanza, Magallanes y de la Antártica Chilena, Chile",-52.686872989,-73.7671005308,"","Deep-bodied Pipefish","https://www.inaturalist.org/observations/267040700","https://inaturalist-open-data.s3.amazonaws.com/photos/479847014/medium.png","annehedlund",267040700,"Leptonotus blainvilleanus","Actinopterygii",621457,1,0,"2024/12/02 13:45","2024-12-02","2024-12-02 16:45:00 UTC","America/Punta_Arenas",122,122,NA,"open","false","","",6094872,"","2025-03-26 12:57:22 UTC","2025-04-14 07:52:14 UTC","research","CC-BY-NC",NA,NA,"false"
"Galaxias maculatus","2025-03-24 10:18:00 -0300","","Antártica Chilena, Cabo de Hornos, Magallanes y la Antártica Chilena, Chile",-54.9280889482,-68.3185055852,"","Common Galaxias","https://www.inaturalist.org/observations/266895294","https://inaturalist-open-data.s3.amazonaws.com/photos/479570051/medium.jpeg","javierrendoll",266895294,"Puyen chico","Actinopterygii",321994,0,0,"2025-03-24 10:18:00","2025-03-24","2025-03-24 13:18:00 UTC","America/Punta_Arenas",43,43,NA,"open","false","gps","gps",5211529,"Javier Rendoll Cárcamo","2025-03-25 13:18:46 UTC","2025-03-25 13:19:00 UTC","needs_id","CC-BY-NC",NA,2,"false"
"Patagonotothen","2025-03-09 10:50:00 -0300","","Ushuaia, Tierra del Fuego, Argentina",-54.8508456987,-68.5041282756,"","","https://www.inaturalist.org/observations/264715991","https://inaturalist-open-data.s3.amazonaws.com/photos/475361031/medium.jpeg","fede_munoz",264715991,"Patagonotothen","Actinopterygii",90874,0,0,"2025/03/09 10:50 AM","2025-03-09","2025-03-09 13:50:00 UTC","America/Argentina/Ushuaia",977,977,NA,"","false","","",4444997,"Federico Muñoz","2025-03-09 21:02:10 UTC","2025-03-09 21:02:10 UTC","needs_id","CC0",NA,NA,"false"
"Patagonotothen","2025-03-06 08:50:00 -0300","SCUBA, <50ft","Magallanes and Chilean Antarctica, Chile",-54.4214011262,-70.4496799525,"","","https://www.inaturalist.org/observations/264680741","https://inaturalist-open-data.s3.amazonaws.com/photos/475297839/medium.jpg","gvashton",264680741,"Patagonotothen","Actinopterygii",90874,1,0,"2025/03/06 8:50 AM","2025-03-06","2025-03-06 11:50:00 UTC","America/Punta_Arenas",532,532,NA,"","false","","",2038933,"Gail Ashton PhD","2025-03-09 16:54:08 UTC","2025-04-23 18:41:31 UTC","needs_id","CC-BY-NC",NA,NA,"false"
"Perciformes","2025-03-06 17:18:00 -0300","","4GVV+H7, Ushuaia, Tierra del Fuego, Argentina",-54.8560625,-68.4568125,"","Perches, Scorpionfishes, Sticklebacks, and Allies","https://www.inaturalist.org/observations/264307058","https://inaturalist-open-data.s3.amazonaws.com/photos/474751897/medium.jpeg","fede_munoz",264307058,"Percas y parientes","Actinopterygii",47233,1,0,"2025/03/06 5:18 PM","2025-03-06","2025-03-06 20:18:00 UTC","America/Argentina/Ushuaia",173,173,NA,"","false","","",4444997,"Federico Muñoz","2025-03-07 15:06:33 UTC","2025-07-18 17:16:59 UTC","needs_id","CC0",NA,NA,"false"
"Perciformes","2025-03-06 17:16:00 -0300","","4GVV+H7, Ushuaia, Tierra del Fuego, Argentina",-54.8560625,-68.4568125,"","Perches, Scorpionfishes, Sticklebacks, and Allies","https://www.inaturalist.org/observations/264307054","https://inaturalist-open-data.s3.amazonaws.com/photos/474751885/medium.jpeg","fede_munoz",264307054,"Percas y parientes","Actinopterygii",47233,1,0,"2025/03/06 5:16 PM","2025-03-06","2025-03-06 20:16:00 UTC","America/Argentina/Ushuaia",173,173,NA,"","false","","",4444997,"Federico Muñoz","2025-03-07 15:06:31 UTC","2025-07-18 17:16:59 UTC","needs_id","CC0",NA,NA,"false"
"Perciformes","2025-03-06 17:16:00 -0300","","4GVV+H7, Ushuaia, Tierra del Fuego, Argentina",-54.8560625,-68.4568125,"","Perches, Scorpionfishes, Sticklebacks, and Allies","https://www.inaturalist.org/observations/264307050","https://inaturalist-open-data.s3.amazonaws.com/photos/474751876/medium.jpeg","fede_munoz",264307050,"Percas y parientes","Actinopterygii",47233,1,0,"2025/03/06 5:16 PM","2025-03-06","2025-03-06 20:16:00 UTC","America/Argentina/Ushuaia",173,173,NA,"","false","","",4444997,"Federico Muñoz","2025-03-07 15:06:31 UTC","2025-07-18 17:16:58 UTC","needs_id","CC0",NA,NA,"false"
"Actinopterygii","2025-03-06 17:14:00 -0300","","4GVV+H7, Ushuaia, Tierra del Fuego, Argentina",-54.8560625,-68.4568125,"","Ray-finned Fishes","https://www.inaturalist.org/observations/264307043","https://inaturalist-open-data.s3.amazonaws.com/photos/474751863/medium.jpeg","fede_munoz",264307043,"Peces con aletas radiadas","Actinopterygii",47178,2,1,"2025/03/06 5:14 PM","2025-03-06","2025-03-06 20:14:00 UTC","America/Argentina/Ushuaia",173,173,NA,"","false","","",4444997,"Federico Muñoz","2025-03-07 15:06:29 UTC","2025-10-24 19:35:42 UTC","needs_id","CC0",NA,NA,"false"
"Actinopterygii","2025-03-06 17:13:00 -0300","","4GVV+H7, Ushuaia, Tierra del Fuego, Argentina",-54.8560625,-68.4568125,"","Ray-finned Fishes","https://www.inaturalist.org/observations/264307041","https://inaturalist-open-data.s3.amazonaws.com/photos/474751861/medium.jpeg","fede_munoz",264307041,"Peces con aletas radiadas","Actinopterygii",47178,2,1,"2025/03/06 5:13 PM","2025-03-06","2025-03-06 20:13:00 UTC","America/Argentina/Ushuaia",173,173,NA,"","false","","",4444997,"Federico Muñoz","2025-03-07 15:06:29 UTC","2025-10-24 19:35:27 UTC","needs_id","CC0",NA,NA,"false"
"Nototheniidae","2025-03-06 17:16:00 -0300","","4GVV+H7, Ushuaia, Tierra del Fuego, Argentina",-54.8560625,-68.4568125,"","Cod Icefishes","https://www.inaturalist.org/observations/264307040","https://inaturalist-open-data.s3.amazonaws.com/photos/474751873/medium.jpeg","fede_munoz",264307040,"Bacalaos de Hielo","Actinopterygii",85936,1,0,"2025/03/06 5:16 PM","2025-03-06","2025-03-06 20:16:00 UTC","America/Argentina/Ushuaia",173,173,NA,"","false","","",4444997,"Federico Muñoz","2025-03-07 15:06:29 UTC","2025-09-26 21:30:42 UTC","needs_id","CC0",NA,NA,"false"
"Patagonotothen","2025-03-06 17:12:00 -0300","","4GVV+H7, Ushuaia, Tierra del Fuego, Argentina",-54.8560625,-68.4568125,"","","https://www.inaturalist.org/observations/264307033","https://inaturalist-open-data.s3.amazonaws.com/photos/474751847/medium.jpeg","fede_munoz",264307033,"Patagonotothen","Actinopterygii",90874,0,0,"2025/03/06 5:12 PM","2025-03-06","2025-03-06 20:12:00 UTC","America/Argentina/Ushuaia",173,173,NA,"","false","","",4444997,"Federico Muñoz","2025-03-07 15:06:28 UTC","2025-03-07 15:06:28 UTC","needs_id","CC0",NA,NA,"false"
"Patagonotothen","2025-03-06 16:05:00 -0300","","4GVV+H7, Ushuaia, Tierra del Fuego, Argentina",-54.8560625,-68.4568125,"","","https://www.inaturalist.org/observations/264307025","https://inaturalist-open-data.s3.amazonaws.com/photos/474751817/medium.jpeg","fede_munoz",264307025,"Patagonotothen","Actinopterygii",90874,0,0,"2025/03/06 4:05 PM","2025-03-06","2025-03-06 19:05:00 UTC","America/Argentina/Ushuaia",173,173,NA,"","false","","",4444997,"Federico Muñoz","2025-03-07 15:06:26 UTC","2025-03-07 15:06:26 UTC","needs_id","CC0",NA,NA,"false"
"Nototheniidae","2025-03-01 11:37:24 -0300","","Fiordo Garibaldi, Cabo de Hornos, Magallanes and Antartica Chilena Region, CL",-54.76503,-69.97792,"","Cod Icefishes","https://www.inaturalist.org/observations/263648847","https://inaturalist-open-data.s3.amazonaws.com/photos/473676214/medium.jpg","jhskevington",263648847,"Cod Icefishes","Actinopterygii",85936,1,0,"2025-03-01 11:37:24-03:00","2025-03-01","2025-03-01 14:37:24 UTC","America/Punta_Arenas",12,12,NA,"","false","","",151757,"Jeffrey H. Skevington","2025-03-02 17:35:48 UTC","2025-07-18 17:14:23 UTC","needs_id","CC-BY-NC",NA,3,"false"
"Actinopterygii","2025-01-10 16:25:57 -0300","","tucuman 4230 3, V9410 Ushuaia, Tierra del Fuego, Argentine",-54.9003628869,-68.3464726433,"","Ray-finned Fishes","https://www.inaturalist.org/observations/262963430","https://inaturalist-open-data.s3.amazonaws.com/photos/472319960/medium.jpeg","veronique-t",262963430,"Actinoptérygiens","Actinopterygii",47178,1,0,"2025-01-10 16:25:57","2025-01-10","2025-01-10 19:25:57 UTC","America/Punta_Arenas",6427,6427,NA,"","false","gps","gps",8360578,"Véronique","2025-02-24 18:32:27 UTC","2025-09-23 00:31:02 UTC","casual","CC-BY-NC-SA",NA,2,"false"
"Odontesthes regia","2025-02-23 12:49:37 -0300","","Punta Arenas, Magallanes y la Antártica Chilena, Chile",-53.1631177297,-70.8888899168,"","Chilean Silverside","https://www.inaturalist.org/observations/262822615","https://inaturalist-open-data.s3.amazonaws.com/photos/472039299/medium.jpeg","bernilasos",262822615,"Pejerrey de mar","Actinopterygii",107358,1,0,"2025-02-23 12:49:37","2025-02-23","2025-02-23 15:49:37 UTC","America/Punta_Arenas",4,4,NA,"open","false","","",8880435,"","2025-02-23 15:48:53 UTC","2025-05-29 01:57:34 UTC","needs_id","CC-BY-NC",NA,2,"false"
"Sebastes oculatus","2025-02-07 15:32:00 -0300","Taken with ROV between 300-400 feet","Magallanes Province, Magallanes and Chilean Antarctica, Chile",-52.9636818638,-72.9485943552,"","Patagonian Redfish","https://www.inaturalist.org/observations/262007258","https://inaturalist-open-data.s3.amazonaws.com/photos/470803740/medium.png","justinhofman13",262007258,"Patagonian Redfish","Actinopterygii",620534,1,0,"2025/02/07 3:32 PM","2025-02-07","2025-02-07 18:32:00 UTC","America/Punta_Arenas",1953,1953,NA,"open","false","","",7940105,"Justin Hofman","2025-02-17 19:03:40 UTC","2025-04-16 04:56:29 UTC","research","CC-BY-NC",NA,NA,"false"
"Coelorinchus fasciatus","2025-02-07 15:32:00 -0300","Taken with ROV between 300-400 feet","Magallanes Province, Magallanes and Chilean Antarctica, Chile",-52.9636818638,-72.9485943552,"","Banded Whiptail","https://www.inaturalist.org/observations/262007240","https://inaturalist-open-data.s3.amazonaws.com/photos/470800696/medium.png","justinhofman13",262007240,"Banded Whiptail","Actinopterygii",320531,3,1,"2025/02/07 3:32 PM","2025-02-07","2025-02-07 18:32:00 UTC","America/Punta_Arenas",1953,1953,NA,"","false","","",7940105,"Justin Hofman","2025-02-17 19:03:36 UTC","2025-07-07 08:26:35 UTC","research","CC-BY-NC",NA,NA,"false"
"Sprattus fuegensis","2025-02-07 15:32:00 -0300","Taken with ROV between 300-400 feet","Magallanes Province, Magallanes and Chilean Antarctica, Chile",-52.9636818638,-72.9485943552,"","Fuegian Sprat","https://www.inaturalist.org/observations/262007234","https://inaturalist-open-data.s3.amazonaws.com/photos/470800156/medium.png","justinhofman13",262007234,"Fuegian Sprat","Actinopterygii",611810,1,0,"2025/02/07 3:32 PM","2025-02-07","2025-02-07 18:32:00 UTC","America/Punta_Arenas",1953,1953,NA,"open","false","","",7940105,"Justin Hofman","2025-02-17 19:03:34 UTC","2025-02-19 23:39:46 UTC","research","CC-BY-NC",NA,NA,"false"
"Salmo trutta","2025-02-08 13:40:00 -0300","","Río Grande, Tierra del Fuego, Argentina",-52.6649666153,-68.6034983293,"","Brown Trout","https://www.inaturalist.org/observations/261122998","https://inaturalist-open-data.s3.amazonaws.com/photos/469053929/medium.jpeg","fede_munoz",261122998,"Trucha marrón","Actinopterygii",47518,1,0,"2025/02/08 1:40 PM","2025-02-08","2025-02-08 16:40:00 UTC","America/Argentina/Ushuaia",122,122,NA,"open","false","","",4444997,"Federico Muñoz","2025-02-09 14:06:16 UTC","2025-04-15 01:33:03 UTC","research","CC0",NA,NA,"false"
"Patagonotothen tessellata","2025-01-31 15:57:49 -0300","","Ushuaia Department, Tierra del Fuego Province, Argentina",-54.87032,-68.2338866667,"","Black Southern Cod","https://www.inaturalist.org/observations/260217039","https://inaturalist-open-data.s3.amazonaws.com/photos/467265036/medium.jpeg","charlottekirchner",260217039,"Black Southern Cod","Actinopterygii",618325,0,0,"2025-01-31 15:57:49","2025-01-31","2025-01-31 18:57:49 UTC","America/Argentina/Ushuaia",NA,NA,NA,"open","false","gps","gps",816774,"Charlotte Kirchner","2025-02-01 02:42:15 UTC","2025-02-01 13:20:06 UTC","needs_id","CC-BY",NA,2,"false"
"Galaxias","2025-01-01 12:55:00 -0300","","Laguna de las Becasinas",-54.1858954402,-67.2504472565,"","Galaxias","https://www.inaturalist.org/observations/258385215","https://static.inaturalist.org/photos/463568542/medium.jpeg","ralph-roberts",258385215,"Galaxias","Actinopterygii",85002,2,0,"2025/01/01 12:55 PM","2025-01-01","2025-01-01 15:55:00 UTC","America/Argentina/Ushuaia",214,214,NA,"","false","","",4513062,"Ralph Roberts","2025-01-13 17:04:20 UTC","2025-05-21 01:09:16 UTC","needs_id","",NA,NA,"false"
"Harpagifer bispinis","2024-12-15 12:55:42 -0300","","Ushuaia, Tierra del Fuego, Argentina",-54.855685,-68.4203954,"","Magellanic plunderfish","https://www.inaturalist.org/observations/257853683","https://static.inaturalist.org/photos/462576431/medium.jpeg","agustinramos",257853683,"Diablito","Actinopterygii",615190,3,0,"2024-12-15 12:55:42","2024-12-15","2024-12-15 15:55:42 UTC","America/Argentina/Ushuaia",NA,NA,NA,"open","false","","",1364547,"agustin ramos","2025-01-08 21:05:48 UTC","2025-07-18 16:44:12 UTC","research","",NA,2,"false"
"Salmoninae","2024-12-29 13:46:00 -0300","","Río Grande, Tierra del Fuego, Argentina",-53.7860374,-67.7002243,"","Salmons and Trouts","https://www.inaturalist.org/observations/256751472","https://inaturalist-open-data.s3.amazonaws.com/photos/460415511/medium.jpeg","fede_munoz",256751472,"Salmoninae","Actinopterygii",342904,2,0,"2024/12/29 1:46 PM","2024-12-29","2024-12-29 16:46:00 UTC","America/Argentina/Ushuaia",7580,7580,NA,"open","false","","",4444997,"Federico Muñoz","2024-12-30 12:31:53 UTC","2024-12-30 15:02:00 UTC","research","CC0",NA,NA,"false"
"Galaxias maculatus","2024-12-29 13:26:00 -0300","","Río Grande, Tierra del Fuego, Argentina",-53.7860374,-67.7002243,"","Common Galaxias","https://www.inaturalist.org/observations/256751459","https://inaturalist-open-data.s3.amazonaws.com/photos/460415426/medium.jpeg","fede_munoz",256751459,"Puyen Chico","Actinopterygii",321994,0,0,"2024/12/29 1:26 PM","2024-12-29","2024-12-29 16:26:00 UTC","America/Argentina/Ushuaia",7580,7580,NA,"open","false","","",4444997,"Federico Muñoz","2024-12-30 12:31:51 UTC","2024-12-30 12:31:51 UTC","needs_id","CC0",NA,NA,"false"
"Galaxias maculatus","2024-12-29 13:26:00 -0300","","Río Grande, Tierra del Fuego, Argentina",-53.7860374,-67.7002243,"","Common Galaxias","https://www.inaturalist.org/observations/256751458","https://inaturalist-open-data.s3.amazonaws.com/photos/460415424/medium.jpeg","fede_munoz",256751458,"Puyen Chico","Actinopterygii",321994,0,0,"2024/12/29 1:26 PM","2024-12-29","2024-12-29 16:26:00 UTC","America/Argentina/Ushuaia",7580,7580,NA,"open","false","","",4444997,"Federico Muñoz","2024-12-30 12:31:51 UTC","2024-12-30 12:31:51 UTC","needs_id","CC0",NA,NA,"false"
"Genypterus blacodes","2024-12-28 12:19:00 -0300","","Puerto San Juan de la Posesión, Région de Magallanes y de la Antártica Chilena, CL",-53.6307570572,-70.9336958361,"","Pink Ling","https://www.inaturalist.org/observations/256575457","https://inaturalist-open-data.s3.amazonaws.com/photos/460061859/medium.jpg","jacquescousteau2",256575457,"Genypterus blacodes","Actinopterygii",125290,1,0,"2024-12-28 12:19:00-03:00","2024-12-28","2024-12-28 15:19:00 UTC","America/Punta_Arenas",8,8,NA,"","false","","",7493734,"André Terwei","2024-12-29 02:21:34 UTC","2025-04-17 06:15:04 UTC","research","CC-BY-NC",NA,3,"false"
"Harpagifer bispinis","2024-12-21 16:00:58 -0300","","Senda Costera, Tierra del Fuego, AR",-54.847105,-68.4835283333,"","Magellanic plunderfish","https://www.inaturalist.org/observations/255868047","https://static.inaturalist.org/photos/458629669/medium.jpg","iandavies",255868047,"Magellanic plunderfish","Actinopterygii",615190,1,0,"2024-12-21 16:00:58","2024-12-21","2024-12-21 19:00:58 UTC","America/Argentina/Ushuaia",21,21,NA,"open","false","","",273418,"Ian Davies","2024-12-22 12:31:22 UTC","2024-12-23 22:46:03 UTC","research","CC-BY",NA,843,"false"
"Crossostomus chilensis","2024-12-21 16:16:44 -0300","","Senda Costera, Tierra del Fuego, AR",-54.847625,-68.4854583333,"","","https://www.inaturalist.org/observations/255867651","https://static.inaturalist.org/photos/458628968/medium.jpg","iandavies",255867651,"Crossostomus chilensis","Actinopterygii",622085,1,0,"2024-12-21 16:16:44","2024-12-21","2024-12-21 19:16:44 UTC","America/Argentina/Ushuaia",6,6,NA,"","false","","",273418,"Ian Davies","2024-12-22 12:25:11 UTC","2025-04-16 07:35:41 UTC","research","CC-BY",NA,843,"false"
"Crossostomus chilensis","2024-12-21 16:16:10 -0300","","Argentina",-54.8476049,-68.4854167,"","","https://www.inaturalist.org/observations/255813506","https://inaturalist-open-data.s3.amazonaws.com/photos/458520631/medium.jpeg","reallysmallbee",255813506,"Crossostomus chilensis","Actinopterygii",622085,1,0,"2024-12-21 16:16:10","2024-12-21","2024-12-21 19:16:10 UTC","America/Argentina/Ushuaia",NA,NA,NA,"","false","gps","gps",3803385,"Alli Smith","2024-12-21 23:05:45 UTC","2024-12-23 20:27:54 UTC","needs_id","CC-BY-NC",NA,2,"false"
"Harpagifer bispinis","2024-12-20 19:01:22 -0300","","Tierra del Fuego, AR",-54.8545,-68.4115833333,"","Magellanic plunderfish","https://www.inaturalist.org/observations/255723630","https://static.inaturalist.org/photos/458338545/medium.jpg","iandavies",255723630,"","Actinopterygii",615190,0,0,"2024-12-20 19:01:22","2024-12-20","2024-12-20 22:01:22 UTC","America/Argentina/Ushuaia",5,5,NA,"open","false","","",273418,"Ian Davies","2024-12-21 00:29:13 UTC","2024-12-21 00:29:14 UTC","needs_id","CC-BY",NA,843,"false"
"Harpagifer bispinis","2024-12-20 19:01:29 -0300","","Argentina",-54.8544298997,-68.4116767997,"","Magellanic plunderfish","https://www.inaturalist.org/observations/255723549","https://inaturalist-open-data.s3.amazonaws.com/photos/458339236/medium.jpeg","reallysmallbee",255723549,"Magellanic plunderfish","Actinopterygii",615190,0,0,"2024-12-20 19:01:29","2024-12-20","2024-12-20 22:01:29 UTC","America/Argentina/Ushuaia",NA,NA,NA,"open","false","gps","gps",3803385,"Alli Smith","2024-12-21 00:27:51 UTC","2024-12-21 00:33:18 UTC","needs_id","CC-BY-NC",NA,2,"false"
"Zoarcidae","2024-12-16 19:36:37 -0300","","Surgidero Mc Klelland, Région de Magallanes y de la Antártica Chilena, CL",-53.6290583333,-69.6439583333,"","Eelpouts","https://www.inaturalist.org/observations/255340532","https://inaturalist-open-data.s3.amazonaws.com/photos/457572837/medium.jpg","jacquescousteau2",255340532,"Wolfsfische","Actinopterygii",60631,2,0,"2024-12-16 19:36:37-03:00","2024-12-16","2024-12-16 22:36:37 UTC","America/Punta_Arenas",4,4,NA,"","false","","",7493734,"André Terwei","2024-12-16 23:56:23 UTC","2025-01-06 18:48:08 UTC","needs_id","CC-BY-NC",NA,3,"false"
"Harpagifer bispinis","2024-12-15 12:54:01 -0300","","V9410 Ushuaia, Tierra del Fuego, Argentina",-54.8197666667,-68.3499611111,"","Magellanic plunderfish","https://www.inaturalist.org/observations/255217344","https://inaturalist-open-data.s3.amazonaws.com/photos/457322632/medium.jpeg","fede_munoz",255217344,"Diablito","Actinopterygii",615190,0,0,"2024-12-15 12:54:01","2024-12-15","2024-12-15 15:54:01 UTC","America/Argentina/Ushuaia",NA,NA,NA,"open","false","gps","gps",4444997,"Federico Muñoz","2024-12-15 20:59:19 UTC","2024-12-15 20:59:33 UTC","needs_id","CC0",NA,2,"false"
"Crossostomus chilensis","2024-12-07 11:51:00 -0300","","Isla Martillo, Islas del Atlantico Sur, V9410 Ushuaia, Tierra del Fuego, Argentina",-54.9076018,-67.3822996,"","","https://www.inaturalist.org/observations/254502009","https://inaturalist-open-data.s3.amazonaws.com/photos/455875019/medium.jpeg","fede_munoz",254502009,"Morenita chilena","Actinopterygii",622085,1,0,"2024/12/07 11:51 AM","2024-12-07","2024-12-07 14:51:00 UTC","America/Argentina/Ushuaia",173,173,NA,"","false","","",4444997,"Federico Muñoz","2024-12-08 12:36:57 UTC","2025-04-14 11:21:36 UTC","research","CC0",NA,NA,"false"
"Crossostomus chilensis","2022-12-24 12:04:08 -0300","Small black eel found under a rock at low tide","Tierra del Fuego, Tierra del Fuego, AR",-54.8682666667,-67.44065,"","","https://www.inaturalist.org/observations/253055428","https://static.inaturalist.org/photos/453042656/medium.jpeg","nathskw",253055428,"Crossostomus chilensis","Actinopterygii",622085,1,0,"2022-12-24 12:04:08-03:00","2022-12-24","2022-12-24 15:04:08 UTC","America/Argentina/Ushuaia",4,4,NA,"","false","","",792425,"Nathan Weiss","2024-11-25 15:49:33 UTC","2025-04-13 01:24:30 UTC","research","",NA,3,"false"
"Crossostomus chilensis","2024-11-18 12:21:56 -0300","","Ushuaia, AR-TF, AR",-54.85495,-68.4147616667,"","","https://www.inaturalist.org/observations/252259348","https://inaturalist-open-data.s3.amazonaws.com/photos/451543046/medium.jpeg","pablo_jusim",252259348,"Morenita chilena","Actinopterygii",622085,1,0,"2024-11-18 12:21:56","2024-11-18","2024-11-18 15:21:56 UTC","America/Argentina/Ushuaia",15,15,NA,"","false","","",1876268,"Pablo","2024-11-19 10:50:08 UTC","2024-11-24 12:20:30 UTC","needs_id","CC-BY",NA,2,"false"
"Patagonotothen","2024-11-18 12:13:01 -0300","","Ushuaia, AR-TF, AR",-54.85505675,-68.4146652222,"","","https://www.inaturalist.org/observations/252259214","https://inaturalist-open-data.s3.amazonaws.com/photos/451542724/medium.jpeg","pablo_jusim",252259214,"","Actinopterygii",90874,0,0,"2024-11-18 12:13:01","2024-11-18","2024-11-18 15:13:01 UTC","America/Argentina/Ushuaia",NA,NA,NA,"","false","gps","gps",1876268,"Pablo","2024-11-19 10:47:42 UTC","2024-11-24 12:22:17 UTC","needs_id","CC-BY",NA,2,"false"
"Crossostomus chilensis","2024-11-18 12:03:33 -0300","","Ushuaia, AR-TF, AR",-54.8550884027,-68.4143868461,"","","https://www.inaturalist.org/observations/252217499","https://inaturalist-open-data.s3.amazonaws.com/photos/451458247/medium.jpeg","pablo_jusim",252217499,"","Actinopterygii",622085,0,0,"2024-11-18 12:03:33","2024-11-18","2024-11-18 15:03:33 UTC","America/Argentina/Ushuaia",6,6,NA,"","false","gps","gps",1876268,"Pablo","2024-11-19 00:35:50 UTC","2024-11-24 12:24:18 UTC","needs_id","CC-BY",NA,2,"false"
"Harpagifer bispinis","2024-11-18 11:57:06 -0300","","Ushuaia, AR-TF, AR",-54.8550383333,-68.4144566667,"","Magellanic plunderfish","https://www.inaturalist.org/observations/252217390","https://inaturalist-open-data.s3.amazonaws.com/photos/451458008/medium.jpeg","pablo_jusim",252217390,"Diablito","Actinopterygii",615190,1,0,"2024-11-18 11:57:06","2024-11-18","2024-11-18 14:57:06 UTC","America/Argentina/Ushuaia",5,5,NA,"open","false","","",1876268,"Pablo","2024-11-19 00:34:44 UTC","2024-11-19 11:13:19 UTC","research","CC-BY",NA,2,"false"
"Patagonotothen squamiceps","2024-03-16 06:03:00 -0300","0-39fsw","Magallanes and Chilean Antarctica, Chile",-54.5202445492,-70.2012219986,"","Kelp Notothen","https://www.inaturalist.org/observations/252175725","https://static.inaturalist.org/photos/450664529/medium.png","underwaterpat",252175725,"Kelp Notothen","Actinopterygii",618324,0,0,"2024/03/16 6:03 AM","2024-03-16","2024-03-16 09:03:00 UTC","America/Punta_Arenas",354,354,NA,"","false","","",752052,"Pat Webster @underwaterpat","2024-11-18 17:50:51 UTC","2024-11-18 18:23:29 UTC","needs_id","CC-BY",NA,NA,"false"
"Patagonotothen","2024-03-16 06:03:00 -0300","0-39fsw","Magallanes and Chilean Antarctica, Chile",-54.5202445492,-70.2012219986,"","","https://www.inaturalist.org/observations/252175711","https://static.inaturalist.org/photos/450664458/medium.png","underwaterpat",252175711,"Patagonotothen","Actinopterygii",90874,0,0,"2024/03/16 6:03 AM","2024-03-16","2024-03-16 09:03:00 UTC","America/Punta_Arenas",354,354,NA,"","false","","",752052,"Pat Webster @underwaterpat","2024-11-18 17:50:43 UTC","2024-11-18 18:23:23 UTC","needs_id","CC-BY",NA,NA,"false"
"Patagonotothen tessellata","2024-03-16 06:03:00 -0300","0-39fsw","Magallanes and Chilean Antarctica, Chile",-54.5202445492,-70.2012219986,"","Black Southern Cod","https://www.inaturalist.org/observations/252175708","https://static.inaturalist.org/photos/450664442/medium.png","underwaterpat",252175708,"Black Southern Cod","Actinopterygii",618325,1,0,"2024/03/16 6:03 AM","2024-03-16","2024-03-16 09:03:00 UTC","America/Punta_Arenas",354,354,NA,"open","false","","",752052,"Pat Webster @underwaterpat","2024-11-18 17:50:40 UTC","2025-10-09 19:40:43 UTC","research","CC-BY",NA,NA,"false"
"Galaxias maculatus","2024-11-02 18:20:03 -0300","Puyen chico","Tierra del Fuego National Park, AR-TF-US, AR-TF, AR",-54.8439433333,-68.568655,"","Common Galaxias","https://www.inaturalist.org/observations/250216624","https://inaturalist-open-data.s3.amazonaws.com/photos/447952442/medium.jpeg","pablo_jusim",250216624,"Puyen chico","Actinopterygii",321994,1,0,"2024-11-02 18:20:03","2024-11-02","2024-11-02 21:20:03 UTC","America/Argentina/Ushuaia",7,7,NA,"open","false","","",1876268,"Pablo","2024-11-02 23:48:01 UTC","2025-04-09 02:25:13 UTC","research","CC-BY",NA,2,"false"
"Oncorhynchus","2024-11-02 15:57:43 -0300","Salmón chinook juvenil","Tierra del Fuego National Park, AR-TF-US, AR-TF, AR",-54.8420866667,-68.5613116667,"","Pacific Salmons and Trouts","https://www.inaturalist.org/observations/250216612","https://inaturalist-open-data.s3.amazonaws.com/photos/448588501/medium.jpeg","pablo_jusim",250216612,"Salmones y truchas del Pacífico","Actinopterygii",47522,3,0,"2024-11-02 15:57:43","2024-11-02","2024-11-02 18:57:43 UTC","America/Argentina/Ushuaia",9,9,NA,"open","false","","",1876268,"Pablo","2024-11-02 23:47:55 UTC","2025-06-21 01:21:12 UTC","needs_id","CC-BY",NA,2,"false"
"Salmoninae","2024-11-02 15:25:53 -0300","Salmon chinook","Tierra del Fuego National Park, AR-TF-US, AR-TF, AR",-54.838685,-68.562275,"","Salmons and Trouts","https://www.inaturalist.org/observations/250216599","https://inaturalist-open-data.s3.amazonaws.com/photos/448590637/medium.jpeg","pablo_jusim",250216599,"Salmoninae","Actinopterygii",342904,2,0,"2024-11-02 15:25:53","2024-11-02","2024-11-02 18:25:53 UTC","America/Argentina/Ushuaia",7,7,NA,"open","false","","",1876268,"Pablo","2024-11-02 23:47:49 UTC","2024-11-07 22:06:22 UTC","needs_id","CC-BY",NA,2,"false"
"Notothenioidei","2024-10-27 14:23:00 -0300","ROV 170-220ft","Magallanes and Chilean Antarctica, Chile",-54.53377335,-70.3117197841,"","Icefishes and allies","https://www.inaturalist.org/observations/249633634","https://inaturalist-open-data.s3.amazonaws.com/photos/446281211/medium.jpg","gvashton",249633634,"Icefishes and Allies","Actinopterygii",1303563,0,0,"2024/10/27 2:23 PM","2024-10-27","2024-10-27 17:23:00 UTC","America/Punta_Arenas",488,488,NA,"","false","","",2038933,"Gail Ashton PhD","2024-10-29 14:31:23 UTC","2024-10-29 14:53:16 UTC","needs_id","CC-BY-NC",NA,NA,"false"
"Harpagifer bispinis","2024-10-19 13:36:08 -0300","","Ushuaia, Tierra del Fuego, Argentina",-54.8565011997,-68.4199485,"","Magellanic plunderfish","https://www.inaturalist.org/observations/248437106","https://static.inaturalist.org/photos/443905115/medium.jpeg","agustinramos",248437106,"Diablito","Actinopterygii",615190,1,0,"2024-10-19 13:36:08","2024-10-19","2024-10-19 16:36:08 UTC","America/Argentina/Ushuaia",NA,NA,NA,"open","false","","",1364547,"agustin ramos","2024-10-21 12:21:15 UTC","2025-08-21 12:57:28 UTC","research","",NA,2,"false"
"Patagonotothen","2024-08-30 21:44:12 -0300","","V9410 Ushuaia, Tierra del Fuego, Argentina",-54.8387472222,-68.3658361111,"","","https://www.inaturalist.org/observations/238962909","https://inaturalist-open-data.s3.amazonaws.com/photos/425515288/medium.jpeg","fede_munoz",238962909,"Patagonotothen","Actinopterygii",90874,0,0,"2024-08-30 21:44:12","2024-08-30","2024-08-31 00:44:12 UTC","America/Argentina/Ushuaia",NA,NA,NA,"","false","gps","gps",4444997,"Federico Muñoz","2024-08-31 14:11:53 UTC","2024-11-24 16:09:55 UTC","needs_id","CC0",NA,2,"false"
"Patagonotothen","2024-08-24 22:06:00 -0300","","V9410 Ushuaia, Tierra del Fuego, Argentina",-54.8019121,-68.3029511,"","","https://www.inaturalist.org/observations/238892427","https://inaturalist-open-data.s3.amazonaws.com/photos/425374572/medium.jpeg","fede_munoz",238892427,"Patagonotothen","Actinopterygii",90874,0,0,"2024/08/24 10:06 PM","2024-08-24","2024-08-25 01:06:00 UTC","America/Argentina/Ushuaia",6410,6410,NA,"","false","","",4444997,"Federico Muñoz","2024-08-31 02:59:47 UTC","2024-11-24 16:09:50 UTC","needs_id","CC0",NA,NA,"false"
"Patagonotothen","2024-08-24 22:04:00 -0300","","V9410 Ushuaia, Tierra del Fuego, Argentina",-54.8019121,-68.3029511,"","","https://www.inaturalist.org/observations/238892422","https://inaturalist-open-data.s3.amazonaws.com/photos/425374568/medium.jpeg","fede_munoz",238892422,"Patagonotothen","Actinopterygii",90874,0,0,"2024/08/24 10:04 PM","2024-08-24","2024-08-25 01:04:00 UTC","America/Argentina/Ushuaia",6410,6410,NA,"","false","","",4444997,"Federico Muñoz","2024-08-31 02:59:46 UTC","2024-11-24 16:09:49 UTC","needs_id","CC0",NA,NA,"false"
"Patagonotothen","2024-08-24 22:04:00 -0300","","V9410 Ushuaia, Tierra del Fuego, Argentina",-54.8019121,-68.3029511,"","","https://www.inaturalist.org/observations/238892421","https://inaturalist-open-data.s3.amazonaws.com/photos/425374559/medium.jpeg","fede_munoz",238892421,"Patagonotothen","Actinopterygii",90874,0,0,"2024/08/24 10:04 PM","2024-08-24","2024-08-25 01:04:00 UTC","America/Argentina/Ushuaia",6410,6410,NA,"","false","","",4444997,"Federico Muñoz","2024-08-31 02:59:46 UTC","2024-11-24 16:09:48 UTC","needs_id","CC0",NA,NA,"false"
"Patagonotothen","2024-08-24 22:03:00 -0300","","V9410 Ushuaia, Tierra del Fuego, Argentina",-54.8019121,-68.3029511,"","","https://www.inaturalist.org/observations/238892420","https://inaturalist-open-data.s3.amazonaws.com/photos/425374553/medium.jpeg","fede_munoz",238892420,"Patagonotothen","Actinopterygii",90874,0,0,"2024/08/24 10:03 PM","2024-08-24","2024-08-25 01:03:00 UTC","America/Argentina/Ushuaia",6410,6410,NA,"","false","","",4444997,"Federico Muñoz","2024-08-31 02:59:46 UTC","2024-11-24 16:09:47 UTC","needs_id","CC0",NA,NA,"false"
"Patagonotothen","2024-08-24 22:00:00 -0300","","V9410 Ushuaia, Tierra del Fuego, Argentina",-54.8019121,-68.3029511,"","","https://www.inaturalist.org/observations/238892417","https://inaturalist-open-data.s3.amazonaws.com/photos/425374544/medium.jpeg","fede_munoz",238892417,"Patagonotothen","Actinopterygii",90874,0,0,"2024/08/24 10:00 PM","2024-08-24","2024-08-25 01:00:00 UTC","America/Argentina/Ushuaia",6410,6410,NA,"","false","","",4444997,"Federico Muñoz","2024-08-31 02:59:45 UTC","2024-11-24 16:09:44 UTC","needs_id","CC0",NA,NA,"false"
"Patagonotothen","2024-08-24 22:01:00 -0300","","V9410 Ushuaia, Tierra del Fuego, Argentina",-54.8019121,-68.3029511,"","","https://www.inaturalist.org/observations/238892416","https://inaturalist-open-data.s3.amazonaws.com/photos/425374546/medium.jpeg","fede_munoz",238892416,"Patagonotothen","Actinopterygii",90874,0,0,"2024/08/24 10:01 PM","2024-08-24","2024-08-25 01:01:00 UTC","America/Argentina/Ushuaia",6410,6410,NA,"","false","","",4444997,"Federico Muñoz","2024-08-31 02:59:45 UTC","2024-11-24 16:09:46 UTC","needs_id","CC0",NA,NA,"false"
"Patagonotothen","2024-08-24 22:00:00 -0300","","V9410 Ushuaia, Tierra del Fuego, Argentina",-54.8019121,-68.3029511,"","","https://www.inaturalist.org/observations/238892414","https://inaturalist-open-data.s3.amazonaws.com/photos/425374538/medium.jpeg","fede_munoz",238892414,"Patagonotothen","Actinopterygii",90874,0,0,"2024/08/24 10:00 PM","2024-08-24","2024-08-25 01:00:00 UTC","America/Argentina/Ushuaia",6410,6410,NA,"","false","","",4444997,"Federico Muñoz","2024-08-31 02:59:45 UTC","2024-11-24 16:09:44 UTC","needs_id","CC0",NA,NA,"false"
"Patagonotothen","2024-08-24 21:59:00 -0300","","V9410 Ushuaia, Tierra del Fuego, Argentina",-54.8019121,-68.3029511,"","","https://www.inaturalist.org/observations/238892411","https://inaturalist-open-data.s3.amazonaws.com/photos/425374532/medium.jpeg","fede_munoz",238892411,"Patagonotothen","Actinopterygii",90874,0,0,"2024/08/24 9:59 PM","2024-08-24","2024-08-25 00:59:00 UTC","America/Argentina/Ushuaia",6410,6410,NA,"","false","","",4444997,"Federico Muñoz","2024-08-31 02:59:44 UTC","2024-11-24 16:09:43 UTC","needs_id","CC0",NA,NA,"false"
"Patagonotothen","2024-08-24 21:54:00 -0300","","V9410 Ushuaia, Tierra del Fuego, Argentina",-54.8019121,-68.3029511,"","","https://www.inaturalist.org/observations/238892410","https://inaturalist-open-data.s3.amazonaws.com/photos/425374530/medium.jpeg","fede_munoz",238892410,"Patagonotothen","Actinopterygii",90874,0,0,"2024/08/24 9:54 PM","2024-08-24","2024-08-25 00:54:00 UTC","America/Argentina/Ushuaia",6410,6410,NA,"","false","","",4444997,"Federico Muñoz","2024-08-31 02:59:44 UTC","2024-11-24 16:09:42 UTC","needs_id","CC0",NA,NA,"false"
"Patagonotothen","2024-08-24 21:54:00 -0300","","V9410 Ushuaia, Tierra del Fuego, Argentina",-54.8019121,-68.3029511,"","","https://www.inaturalist.org/observations/238892409","https://inaturalist-open-data.s3.amazonaws.com/photos/425374507/medium.jpeg","fede_munoz",238892409,"Patagonotothen","Actinopterygii",90874,0,0,"2024/08/24 9:54 PM","2024-08-24","2024-08-25 00:54:00 UTC","America/Argentina/Ushuaia",6410,6410,NA,"","false","","",4444997,"Federico Muñoz","2024-08-31 02:59:44 UTC","2024-11-24 16:09:41 UTC","needs_id","CC0",NA,NA,"false"
"Patagonotothen","2024-08-24 21:43:00 -0300","","V9410 Ushuaia, Tierra del Fuego, Argentina",-54.8019121,-68.3029511,"","","https://www.inaturalist.org/observations/238892405","https://inaturalist-open-data.s3.amazonaws.com/photos/425374492/medium.jpeg","fede_munoz",238892405,"Patagonotothen","Actinopterygii",90874,0,0,"2024/08/24 9:43 PM","2024-08-24","2024-08-25 00:43:00 UTC","America/Argentina/Ushuaia",6410,6410,NA,"","false","","",4444997,"Federico Muñoz","2024-08-31 02:59:43 UTC","2024-11-24 16:09:38 UTC","needs_id","CC0",NA,NA,"false"
"Patagonotothen","2024-08-24 21:37:00 -0300","","V9410 Ushuaia, Tierra del Fuego, Argentina",-54.8019121,-68.3029511,"","","https://www.inaturalist.org/observations/238892397","https://inaturalist-open-data.s3.amazonaws.com/photos/425374372/medium.jpeg","fede_munoz",238892397,"Patagonotothen","Actinopterygii",90874,0,0,"2024/08/24 9:37 PM","2024-08-24","2024-08-25 00:37:00 UTC","America/Argentina/Ushuaia",6410,6410,NA,"","false","","",4444997,"Federico Muñoz","2024-08-31 02:59:42 UTC","2024-11-24 16:09:33 UTC","needs_id","CC0",NA,NA,"false"
"Patagonotothen","2024-08-24 21:37:00 -0300","","V9410 Ushuaia, Tierra del Fuego, Argentina",-54.8019121,-68.3029511,"","","https://www.inaturalist.org/observations/238892396","https://inaturalist-open-data.s3.amazonaws.com/photos/425374341/medium.jpeg","fede_munoz",238892396,"Patagonotothen","Actinopterygii",90874,0,0,"2024/08/24 9:37 PM","2024-08-24","2024-08-25 00:37:00 UTC","America/Argentina/Ushuaia",6410,6410,NA,"","false","","",4444997,"Federico Muñoz","2024-08-31 02:59:42 UTC","2024-11-24 16:09:25 UTC","needs_id","CC0",NA,NA,"false"
"Patagonotothen","2024-08-24 21:34:00 -0300","","V9410 Ushuaia, Tierra del Fuego, Argentina",-54.8019121,-68.3029511,"","","https://www.inaturalist.org/observations/238892391","https://inaturalist-open-data.s3.amazonaws.com/photos/425374284/medium.jpeg","fede_munoz",238892391,"Patagonotothen","Actinopterygii",90874,0,0,"2024/08/24 9:34 PM","2024-08-24","2024-08-25 00:34:00 UTC","America/Argentina/Ushuaia",6410,6410,NA,"","false","","",4444997,"Federico Muñoz","2024-08-31 02:59:40 UTC","2024-11-24 16:09:23 UTC","needs_id","CC0",NA,NA,"false"
"Notothenioidei","2023-01-12 09:35:00 -0300","","Ushuaia, Tierra del Fuego, Argentina",-54.8546031133,-68.5261377216,"","Icefishes and allies","https://www.inaturalist.org/observations/238394332","https://inaturalist-open-data.s3.amazonaws.com/photos/424416271/medium.jpg","mhcassini",238394332,"Notothenioidei","Actinopterygii",1303563,1,0,"2023/01/12 9:35 AM","2023-01-12","2023-01-12 12:35:00 UTC","America/Argentina/Ushuaia",3906,3906,NA,"","false","","",8492862,"","2024-08-28 11:03:20 UTC","2024-08-28 23:31:25 UTC","needs_id","CC-BY-NC",NA,NA,"false"
"Cottoperca trigloides","2024-05-22 12:24:00 -0300","","Magallanes, Magallanes y la Antártica Chilena, Chile",-52.387132193,-68.4351353152,"","Mimic Bull Blenny","https://www.inaturalist.org/observations/224003791","https://inaturalist-open-data.s3.amazonaws.com/photos/396957940/medium.jpeg","opino",224003791,"Torito de los canales","Actinopterygii",609395,2,0,"2024/05/22 12:24 PM","2024-05-22","2024-05-22 15:24:00 UTC","America/Punta_Arenas",31,31,NA,"open","false","","",1632837,"","2024-06-20 16:26:44 UTC","2024-06-24 14:11:21 UTC","research","CC-BY-NC",NA,NA,"false"
"Cottoperca trigloides","2024-05-22 12:24:00 -0300","","Magallanes, Magallanes y la Antártica Chilena, Chile",-52.387341758,-68.436894927,"","Mimic Bull Blenny","https://www.inaturalist.org/observations/224003788","https://inaturalist-open-data.s3.amazonaws.com/photos/396957844/medium.jpeg","opino",224003788,"Torito de los canales","Actinopterygii",609395,2,0,"2024/05/22 12:24 PM","2024-05-22","2024-05-22 15:24:00 UTC","America/Punta_Arenas",488,488,NA,"open","false","","",1632837,"","2024-06-20 16:26:44 UTC","2024-07-20 20:10:54 UTC","research","CC-BY-NC",NA,NA,"false"
"Patagonotothen tessellata","2024-03-22 18:28:00 -0300","","Magallanes and Chilean Antarctica, Chile",-54.9318972499,-67.5962712758,"","Black Southern Cod","https://www.inaturalist.org/observations/205288392","https://inaturalist-open-data.s3.amazonaws.com/photos/362968964/medium.png","scienceco_ra",205288392,"Black Southern Cod","Actinopterygii",618325,0,0,"2024/03/22 6:28 PM","2024-03-22","2024-03-22 21:28:00 UTC","America/Punta_Arenas",30,30,NA,"open","false","","",5319847,"MS Roald Amundsen","2024-04-03 21:29:06 UTC","2024-04-03 21:29:06 UTC","needs_id","CC-BY-NC",NA,NA,"false"
"Leptonotus blainvilleanus","2022-03-20 19:04:00 -0300","Encontrado por Pamela Espinoza a orillas del Canal Fitz Roy, Río Verde, Magallanes. 
Eduardo Faúndez sugiere Leptonotus blainvillianus.

Marzo de 2022.","Magallanes, Magallanes y la Antártica Chilena, Chile",-52.7106093319,-71.3999395464,"leptonotus, hippocampus, patagonia","Deep-bodied Pipefish","https://www.inaturalist.org/observations/205270614","https://inaturalist-open-data.s3.amazonaws.com/photos/362931021/medium.jpg","sebastian_saiter_v",205270614,"Leptonotus blainvilleanus","Actinopterygii",621457,2,0,"2022/03/20 7:04 PM","2022-03-20","2022-03-20 22:04:00 UTC","America/Punta_Arenas",695,695,NA,"open","false","","",3029606,"Sebastián Saiter V.","2024-04-03 19:07:55 UTC","2024-04-09 19:19:57 UTC","research","CC-BY",NA,NA,"false"
"Centrolophidae","2024-03-24 16:08:00 -0300","Hiding out inside Chrysaora plocamia","Magallanes and Chilean Antarctica, Chile",-55.1002169926,-69.802659471,"","Medusafishes","https://www.inaturalist.org/observations/204556875","https://static.inaturalist.org/photos/361583995/medium.png","underwaterpat",204556875,"Medusafishes","Actinopterygii",51416,1,0,"2024/03/24 4:08 PM","2024-03-24","2024-03-24 19:08:00 UTC","America/Punta_Arenas",220,220,NA,"","false","","",752052,"Pat Webster @underwaterpat","2024-03-30 14:48:59 UTC","2024-04-09 19:17:26 UTC","needs_id","CC-BY",NA,NA,"false"
"Odontesthes","2024-03-22 21:02:00 -0300","","Río Grande, Tierra del Fuego, Argentina",-53.7860374,-67.7002243,"","","https://www.inaturalist.org/observations/203955322","https://inaturalist-open-data.s3.amazonaws.com/photos/360427280/medium.jpeg","fede_munoz",203955322,"Pejerreyes","Actinopterygii",90404,2,0,"2024/03/22 9:02 PM","2024-03-22","2024-03-23 00:02:00 UTC","America/Argentina/Ushuaia",7580,7580,NA,"","false","","",4444997,"Federico Muñoz","2024-03-25 23:30:38 UTC","2024-11-24 16:03:00 UTC","needs_id","CC0",NA,NA,"false"
"Odontesthes","2024-03-22 21:00:00 -0300","","Río Grande, Tierra del Fuego, Argentina",-53.7860374,-67.7002243,"","","https://www.inaturalist.org/observations/203955321","https://inaturalist-open-data.s3.amazonaws.com/photos/360427272/medium.jpeg","fede_munoz",203955321,"Pejerreyes","Actinopterygii",90404,1,0,"2024/03/22 9:00 PM","2024-03-22","2024-03-23 00:00:00 UTC","America/Argentina/Ushuaia",7580,7580,NA,"","false","","",4444997,"Federico Muñoz","2024-03-25 23:30:37 UTC","2024-11-24 16:02:58 UTC","needs_id","CC0",NA,NA,"false"
"Patagonotothen wiltoni","2024-03-20 11:38:10 -0300","","Magallanes Province, Magallanes and Chilean Antarctica, Chile",-53.7299033949,-70.9682726115,"","Wilton's Patagonian Rockcod","https://www.inaturalist.org/observations/203470698","https://inaturalist-open-data.s3.amazonaws.com/photos/359501645/medium.jpeg","bradleyfishes",203470698,"Wilton's Patagonian Rockcod","Actinopterygii",618326,1,0,"2024-03-20 11:38:10","2024-03-20","2024-03-20 14:38:10 UTC","America/Punta_Arenas",69,69,NA,"","false","gps","gps",641347,"Bradley Rasmussen","2024-03-22 14:18:13 UTC","2024-04-21 00:17:20 UTC","research","CC-BY-NC",NA,2,"false"
"Patagonotothen cornucola","2024-03-20 11:31:54 -0300","","Magallanes Province, Magallanes and Chilean Antarctica, Chile",-53.6904469722,-70.9709009722,"","Nototenia","https://www.inaturalist.org/observations/203469755","https://inaturalist-open-data.s3.amazonaws.com/photos/359500156/medium.jpeg","bradleyfishes",203469755,"Nototenia","Actinopterygii",108966,1,0,"2024-03-20 11:31:54","2024-03-20","2024-03-20 14:31:54 UTC","America/Punta_Arenas",NA,NA,NA,"open","false","gps","gps",641347,"Bradley Rasmussen","2024-03-22 14:07:49 UTC","2024-04-21 00:17:08 UTC","research","CC-BY-NC",NA,2,"false"
"Patagonotothen sima","2024-03-20 11:23:47 -0300","","Magallanes Province, Magallanes and Chilean Antarctica, Chile",-53.69006,-70.971196,"","Falkland Notothen","https://www.inaturalist.org/observations/203469703","https://inaturalist-open-data.s3.amazonaws.com/photos/359500088/medium.jpeg","bradleyfishes",203469703,"Patagonotothen sima","Actinopterygii",618323,1,0,"2024-03-20 11:23:47","2024-03-20","2024-03-20 14:23:47 UTC","America/Punta_Arenas",NA,NA,NA,"","false","gps","gps",641347,"Bradley Rasmussen","2024-03-22 14:07:21 UTC","2024-04-21 00:16:52 UTC","research","CC-BY-NC",NA,2,"false"
"Patagonotothen cornucola","2024-03-20 11:21:19 -0300","","Punta Arenas, Magallanes and Chilean Antarctica, Chile",-53.690167,-70.971191,"","Nototenia","https://www.inaturalist.org/observations/203469650","https://inaturalist-open-data.s3.amazonaws.com/photos/359499950/medium.jpeg","bradleyfishes",203469650,"Nototenia","Actinopterygii",108966,1,0,"2024-03-20 11:21:19","2024-03-20","2024-03-20 14:21:19 UTC","America/Punta_Arenas",NA,NA,NA,"open","false","gps","gps",641347,"Bradley Rasmussen","2024-03-22 14:06:34 UTC","2024-04-21 00:16:33 UTC","research","CC-BY-NC",NA,2,"false"
"Patagonotothen cornucola","2024-03-20 11:17:26 -0300","","Magallanes, CL-MA, CL",-53.6901659722,-70.971202,"","Nototenia","https://www.inaturalist.org/observations/203469519","https://inaturalist-open-data.s3.amazonaws.com/photos/359499773/medium.jpeg","bradleyfishes",203469519,"Nototenia","Actinopterygii",108966,1,0,"2024-03-20 11:17:26","2024-03-20","2024-03-20 14:17:26 UTC","America/Punta_Arenas",NA,NA,NA,"open","false","gps","gps",641347,"Bradley Rasmussen","2024-03-22 14:05:44 UTC","2024-04-21 00:14:32 UTC","research","CC-BY-NC",NA,2,"false"
"Patagonotothen cornucola","2024-03-20 11:14:43 -0300","","Punta Arenas, Magallanes and Chilean Antarctica, Chile",-53.6778169722,-70.973714,"","Nototenia","https://www.inaturalist.org/observations/203388733","https://inaturalist-open-data.s3.amazonaws.com/photos/359499176/medium.jpeg","bradleyfishes",203388733,"Nototenia","Actinopterygii",108966,1,0,"2024-03-20 11:14:43","2024-03-20","2024-03-20 14:14:43 UTC","America/Punta_Arenas",NA,NA,NA,"open","false","gps","gps",641347,"Bradley Rasmussen","2024-03-21 19:58:16 UTC","2024-04-21 00:15:46 UTC","research","CC-BY-NC",NA,2,"false"
"Galaxias maculatus","2024-03-21 15:11:11 -0300","","Punta Arenas, Magallanes and Chilean Antarctica, Chile",-53.108592,-70.8807589722,"","Common Galaxias","https://www.inaturalist.org/observations/203388392","https://inaturalist-open-data.s3.amazonaws.com/photos/359342135/medium.jpeg","bradleyfishes",203388392,"Common Galaxias","Actinopterygii",321994,4,0,"2024-03-21 15:11:11","2024-03-21","2024-03-21 18:11:11 UTC","America/Punta_Arenas",NA,NA,NA,"open","false","gps","gps",641347,"Bradley Rasmussen","2024-03-21 19:54:10 UTC","2025-08-05 06:16:43 UTC","research","CC-BY-NC",NA,2,"false"
"Odontesthes","2024-03-20 19:13:56 -0300","Maybe?","Punta Arenas, Magallanes and Chilean Antarctica, Chile",-52.9190309722,-70.897164,"","","https://www.inaturalist.org/observations/203295584","https://inaturalist-open-data.s3.amazonaws.com/photos/359162992/medium.jpeg","bradleyfishes",203295584,"Odontesthes","Actinopterygii",90404,2,1,"2024-03-20 19:13:56","2024-03-20","2024-03-20 22:13:56 UTC","America/Punta_Arenas",NA,NA,NA,"","false","gps","gps",641347,"Bradley Rasmussen","2024-03-21 00:03:12 UTC","2025-10-03 11:19:02 UTC","needs_id","CC-BY-NC",NA,2,"false"
"Galaxias maculatus","2025-10-27 15:18:11 -0300","","Lago Argentino, Santa Cruz, Argentina",-50.5280959011,-72.8011735529,NA,"Common Galaxias","https://www.inaturalist.org/observations/323568618","https://static.inaturalist.org/photos/585497273/medium.jpg","samantasubires",323568618,"Common Galaxias","Actinopterygii",321994,3,0,"2025-10-27 15:18:11","2025-10-27","2025-10-27 18:18:11 UTC","America/Argentina/Rio_Gallegos",75,75,NA,"open","false","gps","gps",5653470,"Samanta Subires","2025-10-28 01:12:08 UTC","2025-11-04 21:26:43 UTC","research","",NA,2,"false"
"Patagonotothen","2025-10-19 16:57:46 -0300","","Argentina",-49.1733665278,-67.6124648889,NA,"","https://www.inaturalist.org/observations/321976267","https://inaturalist-open-data.s3.amazonaws.com/photos/582375432/medium.jpg","ianwalker",321976267,"Patagonotothen","Actinopterygii",90874,0,0,"2025-10-19 16:57:46","2025-10-19","2025-10-19 19:57:46 UTC","America/Argentina/Rio_Gallegos",NA,NA,NA,"","false","gps","gps",6562508,"","2025-10-20 02:15:38 UTC","2025-10-20 02:16:15 UTC","needs_id","CC-BY-NC",NA,2,"false"
"Phucocoetes latitans","2025-10-07 17:57:00 -0300","","Argentina",-49.26036,-67.6072383333,NA,"","https://www.inaturalist.org/observations/319553720","https://inaturalist-open-data.s3.amazonaws.com/photos/577655163/medium.jpg","ianwalker",319553720,"Phucocoetes latitans","Actinopterygii",109367,0,0,"2025-10-07 17:57:00","2025-10-07","2025-10-07 20:57:00 UTC","America/Argentina/Rio_Gallegos",NA,NA,NA,"open","false","gps","gps",6562508,"","2025-10-08 13:12:42 UTC","2025-10-08 13:12:49 UTC","needs_id","CC-BY-NC",NA,2,"false"
"Salmoninae","2025-08-13 15:06:05 -0300","","Torres de Paine, Magallanes y la Antártica Chilena, Chile",-51.0415149016,-73.1809652969,NA,"Salmons and Trouts","https://www.inaturalist.org/observations/314627257","https://static.inaturalist.org/photos/568276781/medium.jpg","fede_ibarreta",314627257,"Salmons and Trouts","Actinopterygii",342904,2,0,"2025-08-13 15:06:05","2025-08-13","2025-08-13 18:06:05 UTC","America/Punta_Arenas",8758,8758,NA,"","false","","",4379140,"Federico Ibarreta","2025-09-17 18:26:29 UTC","2025-11-26 20:19:05 UTC","needs_id","",NA,2,"false"
"Oncorhynchus tshawytscha","2022-04-14 11:33:00 -0300","","Última Esperanza, Magallanes y la Antártica Chilena, Chile",-51.1210514511,-73.1180859607,NA,"Chinook Salmon","https://www.inaturalist.org/observations/307180706","https://inaturalist-open-data.s3.amazonaws.com/photos/554029951/medium.jpg","delafuentedario",307180706,"Salmón chinook","Actinopterygii",54191,2,0,"2022/04/14 11:33 AM","2022-04-14","2022-04-14 14:33:00 UTC","America/Punta_Arenas",61,61,NA,"open","false","","",2226520,"Darío De la Fuente","2025-08-18 02:04:41 UTC","2025-08-18 05:36:08 UTC","needs_id","CC-BY",NA,NA,"false"
"Oncorhynchus tshawytscha","2022-04-14 10:39:00 -0300","","Última Esperanza, Magallanes y la Antártica Chilena, Chile",-51.1218539722,-73.116819,NA,"Chinook Salmon","https://www.inaturalist.org/observations/307180705","https://inaturalist-open-data.s3.amazonaws.com/photos/554029944/medium.jpg","delafuentedario",307180705,"Salmoninae","Actinopterygii",54191,1,0,"2022/04/14 10:39 AM","2022-04-14","2022-04-14 13:39:00 UTC","America/Punta_Arenas",NA,NA,NA,"open","false","","",2226520,"Darío De la Fuente","2025-08-18 02:04:40 UTC","2025-08-18 05:36:19 UTC","needs_id","CC-BY",NA,NA,"false"
"Coelorinchus fasciatus","2007-02-04 00:15:00 -0300","","Última Esperanza, Magallanes and Chilean Antarctica, Chile",-50.0613789743,-74.5948103813,NA,"Banded Whiptail","https://www.inaturalist.org/observations/301851678","https://static.inaturalist.org/photos/543957156/medium.jpg","peterraskmoller",301851678,"Coelorinchus fasciatus","Actinopterygii",320531,2,0,"2007/02/04 00:15","2007-02-04","2007-02-04 03:15:00 UTC","America/Punta_Arenas",977,977,NA,"","false","","",1188166,"","2025-07-28 15:46:17 UTC","2025-07-31 05:48:45 UTC","research","",NA,NA,"false"
"Cataetyx messieri","2007-02-04 00:16:00 -0300","","Última Esperanza, Magallanes and Chilean Antarctica, Chile",-50.0998646679,-74.6504124744,NA,"","https://www.inaturalist.org/observations/301848821","https://static.inaturalist.org/photos/543951803/medium.jpg","peterraskmoller",301848821,"Cataetyx messieri","Actinopterygii",347137,2,0,"2007/02/04 00:16","2007-02-04","2007-02-04 03:16:00 UTC","America/Punta_Arenas",3906,3906,NA,"open","false","","",1188166,"","2025-07-28 15:34:51 UTC","2025-08-25 13:12:36 UTC","research","",NA,NA,"false"
"Salmoninae","2024-11-13 14:12:08 -0300","mandibula en el costado del rio serrano - a jaw that i found on the coast of serrano river","Torres de Paine, Magallanes y la Antártica Chilena, Chile",-51.2902727006,-73.1113448739,NA,"Salmons and Trouts","https://www.inaturalist.org/observations/295256532","https://inaturalist-open-data.s3.amazonaws.com/photos/531512698/medium.jpg","devirou",295256532,"Salmons and Trouts","Actinopterygii",342904,2,0,"2024-11-13 14:12:08","2024-11-13","2024-11-13 17:12:08 UTC","America/Punta_Arenas",16857,16857,NA,"","false","gps","gps",9494711,"Devi","2025-07-05 00:03:06 UTC","2025-07-11 22:46:38 UTC","research","CC-BY-NC",NA,2,"false"
"Notocheirus hubbsi","2025-04-23 10:31:54 -0300","","Argentina",-49.2356338333,-67.6689453056,NA,"Surf Silverside","https://www.inaturalist.org/observations/272475748","https://inaturalist-open-data.s3.amazonaws.com/photos/490433394/medium.jpeg","ianwalker",272475748,"Pejerrey Surfista","Actinopterygii",511431,3,0,"2025-04-23 10:31:54","2025-04-23","2025-04-23 13:31:54 UTC","America/Argentina/Rio_Gallegos",NA,NA,NA,"","false","gps","gps",6562508,"","2025-04-23 16:52:24 UTC","2025-06-19 04:30:45 UTC","research","CC-BY-NC",NA,2,"false"
"Salmo trutta","2025-03-14 17:50:17 -0300","","Torres del Paine, Torres del Paine, Magallanes and Antartica Chilena Region, CL",-51.26713,-72.8465416667,NA,"Brown Trout","https://www.inaturalist.org/observations/265428927","https://inaturalist-open-data.s3.amazonaws.com/photos/476762844/medium.jpg","threeagoutdoors",265428927,"Brown Trout","Actinopterygii",47518,2,0,"2025-03-14 17:50:17-03:00","2025-03-14","2025-03-14 20:50:17 UTC","America/Punta_Arenas",3,3,NA,"open","false","","",2645618,"Luke Padon","2025-03-15 17:30:46 UTC","2025-03-15 20:00:00 UTC","research","CC-BY",NA,3,"false"
"Salmo trutta","2025-03-13 18:25:10 -0300","","Última Esperanza, CL-MA, CL",-51.2847416667,-72.8376083333,NA,"Brown Trout","https://www.inaturalist.org/observations/265294951","https://inaturalist-open-data.s3.amazonaws.com/photos/476502603/medium.jpg","threeagoutdoors",265294951,"Brown Trout","Actinopterygii",47518,1,0,"2025-03-13 18:25:10-03:00","2025-03-13","2025-03-13 21:25:10 UTC","America/Punta_Arenas",4,4,NA,"open","false","","",2645618,"Luke Padon","2025-03-14 16:43:06 UTC","2025-03-15 14:16:17 UTC","research","CC-BY",NA,3,"false"
"Salmo trutta","2025-03-12 18:51:46 -0300","","Última Esperanza, CL-MA, CL",-51.2827916667,-72.8402466667,NA,"Brown Trout","https://www.inaturalist.org/observations/265266579","https://inaturalist-open-data.s3.amazonaws.com/photos/476449125/medium.jpg","threeagoutdoors",265266579,"Brown Trout","Actinopterygii",47518,1,0,"2025-03-12 18:51:46-03:00","2025-03-12","2025-03-12 21:51:46 UTC","America/Punta_Arenas",14,14,NA,"open","false","","",2645618,"Luke Padon","2025-03-14 11:06:39 UTC","2025-03-15 15:09:58 UTC","research","CC-BY",NA,3,"false"
"Salilota australis","2025-03-06 12:02:55 -0300","","Argentina",-49.1630063911,-67.6132636517,NA,"Tadpole codling","https://www.inaturalist.org/observations/264413113","https://inaturalist-open-data.s3.amazonaws.com/photos/474842060/medium.jpeg","ianwalker",264413113,"Bacalao criollo","Actinopterygii",617503,3,0,"2025-03-06 12:02:55","2025-03-06","2025-03-06 15:02:55 UTC","America/Argentina/Rio_Gallegos",408,408,NA,"open","false","gps","gps",6562508,"","2025-03-07 23:01:48 UTC","2025-06-19 04:31:07 UTC","research","CC-BY-NC",NA,2,"false"
"Salmo trutta","2025-01-19 17:20:16 -0300","","Lago Argentino, Santa Cruz, Argentina",-49.1346994437,-72.923595272,NA,"Brown Trout","https://www.inaturalist.org/observations/259067734","https://inaturalist-open-data.s3.amazonaws.com/photos/464966163/medium.jpeg","gonzalopardo",259067734,"Trucha marrón","Actinopterygii",47518,2,0,"2025-01-19 17:20:16","2025-01-19","2025-01-19 20:20:16 UTC","America/Argentina/Rio_Gallegos",88,88,NA,"open","false","gps","gps",2653479,"Gonzalo Pardo","2025-01-20 17:01:15 UTC","2025-02-14 18:16:48 UTC","research","CC0",NA,2,"false"
"Salmo trutta","2025-01-06 12:08:10 -0300","","Santa Cruz, AR",-49.2177489313,-72.9245752485,NA,"Brown Trout","https://www.inaturalist.org/observations/257792575","https://inaturalist-open-data.s3.amazonaws.com/photos/462506164/medium.jpg","jaraxeste",257792575,"Trucha común","Actinopterygii",47518,2,0,"2025-01-06 09:08:10-06:00","2025-01-06","2025-01-06 15:08:10 UTC","America/Argentina/Rio_Gallegos",2761,2761,NA,"open","false","","",6074734,"Esteban JS","2025-01-08 12:28:48 UTC","2025-01-08 20:08:58 UTC","research","CC-BY-NC",NA,3,"false"
"Salmoninae","2025-01-06 16:11:46 -0300","","Ruta Provincial 41, Santa Cruz, AR",-49.3123083333,-72.898225,NA,"Salmons and Trouts","https://www.inaturalist.org/observations/257754285","https://inaturalist-open-data.s3.amazonaws.com/photos/462427247/medium.jpg","jaraxeste",257754285,"Salmoninae","Actinopterygii",342904,3,0,"2025-01-06 16:11:46-03:00","2025-01-06","2025-01-06 19:11:46 UTC","America/Argentina/Rio_Gallegos",3,3,NA,"open","false","","",6074734,"Esteban JS","2025-01-08 00:37:37 UTC","2025-02-22 15:13:15 UTC","needs_id","CC-BY-NC",NA,3,"false"
"Salmo trutta","2024-04-17 17:49:00 -0300","","Última Esperanza, CL-MA, CL",-51.816758932,-72.1614906985,NA,"Brown Trout","https://www.inaturalist.org/observations/254728025","https://inaturalist-open-data.s3.amazonaws.com/photos/456330981/medium.jpg","roderich_barria_quintana",254728025,"Trucha común","Actinopterygii",47518,2,0,"2024/04/17 5:49 PM","2024-04-17","2024-04-17 20:49:00 UTC","America/Punta_Arenas",61,61,NA,"open","false","","",6907523,"Roderich Barria Quintana","2024-12-10 16:12:39 UTC","2024-12-18 14:53:54 UTC","research","CC-BY-NC",NA,NA,"false"
"Notothenioidei","2024-10-24 10:04:00 -0300","ROV dive to 220ft","Última Esperanza, Magallanes and Chilean Antarctica, Chile",-51.8700025062,-73.2990143069,NA,"Icefishes and allies","https://www.inaturalist.org/observations/249574899","https://inaturalist-open-data.s3.amazonaws.com/photos/446162429/medium.jpg","gvashton",249574899,"Icefishes and allies","Actinopterygii",1303563,1,0,"2024/10/24 10:04 AM","2024-10-24","2024-10-24 13:04:00 UTC","America/Punta_Arenas",468,468,NA,"","false","","",2038933,"Gail Ashton PhD","2024-10-29 01:16:52 UTC","2024-10-29 04:15:37 UTC","needs_id","CC-BY-NC",NA,NA,"false"
"Perciformes","2024-10-24 10:04:00 -0300","ROV dive to 220ft","Última Esperanza, Magallanes and Chilean Antarctica, Chile",-51.8700025062,-73.2990143069,NA,"Perches, Scorpionfishes, Sticklebacks, and Allies","https://www.inaturalist.org/observations/249574896","https://inaturalist-open-data.s3.amazonaws.com/photos/446162384/medium.jpg","gvashton",249574896,"Perch-like Fishes","Actinopterygii",47233,1,0,"2024/10/24 10:04 AM","2024-10-24","2024-10-24 13:04:00 UTC","America/Punta_Arenas",468,468,NA,"","false","","",2038933,"Gail Ashton PhD","2024-10-29 01:16:51 UTC","2024-10-29 01:37:57 UTC","needs_id","CC-BY-NC",NA,NA,"false"
"Salmo trutta","2024-10-23 09:26:33 -0300","","Parque Nacional Torres del Paine, Torres del Paine, Magallanes and Antartica Chilena Region, CL",-51.1790383333,-72.9569633333,NA,"Brown Trout","https://www.inaturalist.org/observations/248805572","https://static.inaturalist.org/photos/444642847/medium.jpeg","timkoul",248805572,"Brown Trout","Actinopterygii",47518,1,0,"2024-10-23 09:26:33-03:00","2024-10-23","2024-10-23 12:26:33 UTC","America/Punta_Arenas",9,9,NA,"open","false","","",2223040,"Timothy Kouloumpas","2024-10-23 21:48:35 UTC","2025-04-07 06:49:30 UTC","research","",NA,3,"false"
"Salmoninae","2024-10-23 09:48:02 -0300","","Parque Nacional Torres del Paine, Torres del Paine, Magallanes and Antartica Chilena Region, CL",-51.1611028333,-72.9624716667,NA,"Salmons and Trouts","https://www.inaturalist.org/observations/248802067","https://static.inaturalist.org/photos/444634987/medium.jpeg","timkoul",248802067,"Salmons and Trouts","Actinopterygii",342904,5,0,"2024-10-23 09:48:02-03:00","2024-10-23","2024-10-23 12:48:02 UTC","America/Punta_Arenas",3,3,NA,"open","false","","",2223040,"Timothy Kouloumpas","2024-10-23 21:21:01 UTC","2025-05-31 02:16:35 UTC","needs_id","",NA,3,"false"
"Phucocoetes latitans","2024-10-05 18:53:51 -0300","","Argentina",-50.3209164116,-68.8446285948,NA,"","https://www.inaturalist.org/observations/246074731","https://inaturalist-open-data.s3.amazonaws.com/photos/439226188/medium.jpeg","ianwalker",246074731,"Phucocoetes latitans","Actinopterygii",109367,0,0,"2024-10-05 18:53:51","2024-10-05","2024-10-05 21:53:51 UTC","America/Argentina/Rio_Gallegos",251,251,NA,"open","false","gps","gps",6562508,"","2024-10-07 01:28:15 UTC","2024-12-16 22:36:43 UTC","needs_id","CC-BY-NC",NA,2,"false"
"Salmo trutta","2023-11-21 13:30:00 -0300","","Lago Argentino Department, Santa Cruz Province, Argentina",-49.1004583561,-72.9004791949,NA,"Brown Trout","https://www.inaturalist.org/observations/239527528","https://inaturalist-open-data.s3.amazonaws.com/photos/426616292/medium.jpg","pkondrashov",239527528,"Brown Trout","Actinopterygii",47518,4,0,"2023/11/21 1:30 PM","2023-11-21","2023-11-21 16:30:00 UTC","America/Argentina/Rio_Gallegos",248,248,NA,"open","false","","",6579262,"","2024-09-03 01:10:03 UTC","2025-05-19 01:29:40 UTC","research","CC-BY-NC",NA,NA,"false"
"Percichthys trucha","2019-11-06 08:43:42 -0300","","Lago Argentino, Santa Cruz, Argentina",-50.4727675498,-72.7613642067,NA,"Creole Perch","https://www.inaturalist.org/observations/237114702","https://static.inaturalist.org/photos/421942537/medium.jpeg","caminosdepescador",237114702,"Perca patagonica","Actinopterygii",423999,3,0,"2019-11-06 08:43:42","2019-11-06","2019-11-06 11:43:42 UTC","America/Argentina/Rio_Gallegos",745,745,NA,"","false","gps","gps",7632081,"Raul Longobardi","2024-08-21 15:33:23 UTC","2025-07-29 06:38:03 UTC","research","",NA,2,"false"
"Odontesthes","2024-08-19 15:29:15 -0300","","Angamos, Natales, Magallanes and Antartica Chilena Region, CL",-51.72478,-72.5010533333,NA,"","https://www.inaturalist.org/observations/236789178","https://static.inaturalist.org/photos/421314508/medium.jpeg","hugovanvliet",236789178,"","Actinopterygii",90404,0,0,"2024-08-19 15:29:15-03:00","2024-08-19","2024-08-19 18:29:15 UTC","America/Punta_Arenas",4,4,NA,"","false","","",3075903,"Hugo van Vliet","2024-08-19 20:50:43 UTC","2024-08-19 20:51:04 UTC","casual","CC-BY-NC",NA,3,"true"
"Salmo trutta","2023-03-29 00:00:00 -0300","","Lago Argentino, Santa Cruz, Argentina",-49.1144421718,-72.9178288579,NA,"Brown Trout","https://www.inaturalist.org/observations/234864264","https://static.inaturalist.org/photos/417604148/medium.jpeg","caminosdepescador",234864264,"Trucha común","Actinopterygii",47518,3,0,"2023-03-29","2023-03-29","","America/Argentina/Rio_Gallegos",872,872,NA,"open","false","","",7632081,"Raul Longobardi","2024-08-10 12:42:22 UTC","2024-08-22 14:08:23 UTC","research","",NA,2,"false"
"Oncorhynchus mykiss","2023-03-29 00:00:00 -0300","","El Chalten, Santa Cruz, Argentina",-49.3293366544,-72.8815318644,NA,"Rainbow Trout","https://www.inaturalist.org/observations/234864005","https://static.inaturalist.org/photos/417603606/medium.jpeg","caminosdepescador",234864005,"Trucha arcoiris","Actinopterygii",47516,4,0,"2023-03-29","2023-03-29","","America/Argentina/Rio_Gallegos",1199,1199,NA,"","false","gps","gps",7632081,"Raul Longobardi","2024-08-10 12:40:16 UTC","2024-11-26 16:47:21 UTC","research","",NA,2,"false"
"Salmoninae","2022-02-10 16:43:00 -0300","","Lago Argentino, Santa Cruz, Argentina",-49.303592,-72.902767,NA,"Salmons and Trouts","https://www.inaturalist.org/observations/212785208","https://inaturalist-open-data.s3.amazonaws.com/photos/375918158/medium.jpeg","trekman",212785208,"Salmoninae","Actinopterygii",342904,2,0,"2022/02/10 4:43 PM","2022-02-10","2022-02-10 19:43:00 UTC","America/Argentina/Rio_Gallegos",NA,NA,NA,"","false","","",144,"Gustavo Fernando Durán","2024-05-02 02:18:21 UTC","2024-08-10 21:42:54 UTC","needs_id","CC-BY-NC",NA,NA,"false"
"Oncorhynchus tshawytscha","2024-03-19 09:44:00 -0300","","El Chalten, Santa Cruz, Argentina",-49.1804252557,-72.9775690326,NA,"Chinook Salmon","https://www.inaturalist.org/observations/207815550","https://inaturalist-open-data.s3.amazonaws.com/photos/367627225/medium.jpeg","belendri",207815550,"Salmon chinook","Actinopterygii",54191,4,0,"2024/03/19 9:44 AM","2024-03-19","2024-03-19 12:44:00 UTC","America/Argentina/Rio_Gallegos",7948,7948,NA,"","false","","",753960,"María Belén Dri","2024-04-17 20:17:22 UTC","2025-05-15 23:08:59 UTC","research","CC-BY-NC",NA,NA,"false"
"Sciaenidae","2024-03-26 15:42:35 -0300","","Torres del Paine, CL-AI-CP, CL-MA, CL",-51.1170528333,-73.1228028333,NA,"Drums","https://www.inaturalist.org/observations/205658614","https://inaturalist-open-data.s3.amazonaws.com/photos/363669790/medium.jpg","santiagoparada",205658614,"Drums","Actinopterygii",49172,1,0,"2024-03-26 15:42:35-03:00","2024-03-26","2024-03-26 18:42:35 UTC","America/Punta_Arenas",6,6,NA,"","false","","",2690892,"","2024-04-06 13:14:57 UTC","2025-03-03 17:58:31 UTC","needs_id","CC-BY-NC",NA,3,"false"
"Oncorhynchus mykiss","2024-02-29 18:04:40 -0300","","Laguna del Medio, Santa Cruz, AR",-48.671955,-71.4132383333,NA,"Rainbow Trout","https://www.inaturalist.org/observations/202348289","https://inaturalist-open-data.s3.amazonaws.com/photos/357356010/medium.jpg","gabrielceledon",202348289,"Trucha arcoiris","Actinopterygii",47516,5,0,"2024-02-29 18:04:40-03:00","2024-02-29","2024-02-29 21:04:40 UTC","America/Argentina/Rio_Gallegos",6,6,NA,"open","false","","",1757672,"Gabriel Celedon","2024-03-14 00:36:02 UTC","2025-07-29 06:37:14 UTC","research","CC-BY-NC",NA,3,"false"
"Patagonotothen tessellata","2017-08-29 00:00:00 -0300","","Puerto Natales, Natales, Magallanes y la Antártica Chilena, Chile",-51.7324628396,-72.5134308636,NA,"Black Southern Cod","https://www.inaturalist.org/observations/201677835","https://static.inaturalist.org/photos/356050756/medium.jpeg","karelian",201677835,"Black Southern Cod","Actinopterygii",618325,1,0,"2017-08-29","2017-08-29","","America/Punta_Arenas",99,99,NA,"open","false","gps","gps",3996971,"Karelian","2024-03-08 14:27:16 UTC","2024-12-25 20:02:38 UTC","needs_id","",NA,2,"false"
"Salmo trutta","2024-01-17 15:07:00 -0300","","Lago Argentino, Santa Cruz, Argentina",-49.0814069184,-72.8874012654,NA,"Brown Trout","https://www.inaturalist.org/observations/201158751","https://inaturalist-open-data.s3.amazonaws.com/photos/355041219/medium.jpeg","demianlescano",201158751,"Trucha marrón","Actinopterygii",47518,3,0,"2024/01/17 3:07 PM","2024-01-17","2024-01-17 18:07:00 UTC","America/Argentina/Rio_Gallegos",126,126,NA,"open","false","","",2569170,"","2024-03-03 18:51:37 UTC","2024-03-05 20:05:51 UTC","research","CC-BY-NC",NA,NA,"false"
"Salmoninae","2024-01-17 14:59:00 -0300","","Lago Argentino, Santa Cruz, Argentina",-49.0814069184,-72.8874012654,NA,"Salmons and Trouts","https://www.inaturalist.org/observations/201158745","https://inaturalist-open-data.s3.amazonaws.com/photos/355040642/medium.jpeg","demianlescano",201158745,"Salmoninae","Actinopterygii",342904,2,0,"2024/01/17 2:59 PM","2024-01-17","2024-01-17 17:59:00 UTC","America/Argentina/Rio_Gallegos",126,126,NA,"","false","","",2569170,"","2024-03-03 18:51:35 UTC","2024-05-14 04:54:12 UTC","needs_id","CC-BY-NC",NA,NA,"false"
"Dadyanos insignis","2024-02-12 20:36:45 -0300","","Argentina",-49.3038101111,-67.6043548333,NA,"","https://www.inaturalist.org/observations/199991438","https://inaturalist-open-data.s3.amazonaws.com/photos/352762663/medium.jpeg","ianwalker",199991438,"Viuda manchada","Actinopterygii",622087,1,0,"2024-02-12 20:36:45","2024-02-12","2024-02-12 23:36:45 UTC","America/Argentina/Rio_Gallegos",NA,NA,NA,"","false","gps","gps",6562508,"","2024-02-21 13:33:11 UTC","2024-04-12 17:37:20 UTC","research","CC-BY-NC",NA,2,"false"
"Dadyanos insignis","2024-02-12 20:39:13 -0300","","Corpen Aike, Santa Cruz, Argentina",-49.2992197213,-67.6011336967,NA,"","https://www.inaturalist.org/observations/199163938","https://static.inaturalist.org/photos/351183463/medium.jpeg","nicoguardaparque",199163938,"Dadyanos insignis","Actinopterygii",622087,2,0,"2024-02-12 20:39:13","2024-02-12","2024-02-12 23:39:13 UTC","America/Argentina/Rio_Gallegos",2048,2048,NA,"","false","","",6618008,"Guardaparques PIM Makenke","2024-02-13 04:11:06 UTC","2024-04-15 11:45:12 UTC","research","",NA,2,"false"
"Actinopterygii","2024-01-30 22:11:54 -0300","","Argentina",-49.2014516611,-67.6565182954,NA,"Ray-finned Fishes","https://www.inaturalist.org/observations/198957602","https://static.inaturalist.org/photos/350770965/medium.jpeg","nicoguardaparque",198957602,"Ray-finned Fishes","Actinopterygii",47178,3,0,"2024-01-30 22:11:54","2024-01-30","2024-01-31 01:11:54 UTC","America/Argentina/Rio_Gallegos",1158,1158,NA,"open","false","gps","gps",6618008,"Guardaparques PIM Makenke","2024-02-11 01:56:09 UTC","2025-05-20 21:13:05 UTC","needs_id","",NA,2,"false"
"Oncorhynchus mykiss","2024-01-16 13:23:00 -0300","","Chorrillo del Salto, Ruta Provincial 23, El Chalten, Santa Cruz, Argentina",-49.2954961,-72.9075198,NA,"Rainbow Trout","https://www.inaturalist.org/observations/198505831","https://inaturalist-open-data.s3.amazonaws.com/photos/349891693/medium.jpeg","demianlescano",198505831,"Trucha arcoiris","Actinopterygii",47516,2,0,"2024/01/16 1:23 PM","2024-01-16","2024-01-16 16:23:00 UTC","America/Argentina/Rio_Gallegos",237,237,NA,"","false","","",2569170,"","2024-02-05 19:11:59 UTC","2024-02-07 10:55:35 UTC","research","CC-BY-NC",NA,NA,"false"
"Salmo trutta","2024-01-16 13:05:00 -0300","","Chorrillo del Salto, Ruta Provincial 23, El Chalten, Santa Cruz, Argentina",-49.2954961,-72.9075198,NA,"Brown Trout","https://www.inaturalist.org/observations/198505818","https://inaturalist-open-data.s3.amazonaws.com/photos/349891627/medium.jpeg","demianlescano",198505818,"Trucha marrón","Actinopterygii",47518,2,0,"2024/01/16 1:05 PM","2024-01-16","2024-01-16 16:05:00 UTC","America/Argentina/Rio_Gallegos",237,237,NA,"open","false","","",2569170,"","2024-02-05 19:11:55 UTC","2024-02-07 10:55:52 UTC","research","CC-BY-NC",NA,NA,"false"
"Patagonotothen","2024-01-27 20:10:00 -0300","","Argentina",-49.1857063543,-67.6130725443,NA,"","https://www.inaturalist.org/observations/197831184","https://static.inaturalist.org/photos/348532869/medium.jpeg","nicoguardaparque",197831184,"Patagonotothen","Actinopterygii",90874,2,0,"2024-01-27 20:10:00","2024-01-27","2024-01-27 23:10:00 UTC","America/Argentina/Rio_Gallegos",180,180,NA,"","false","gps","gps",6618008,"Guardaparques PIM Makenke","2024-01-28 21:38:21 UTC","2024-01-29 21:08:50 UTC","needs_id","",NA,2,"false"
"Salmo trutta","2019-01-05 17:09:10 -0300","","Cerro Castillo, Torres del Paine, Magallanes and Antartica Chilena Region, CL",-50.95118,-72.3858716667,NA,"Brown Trout","https://www.inaturalist.org/observations/189659925","https://static.inaturalist.org/photos/332306480/medium.jpg","bobmahone13",189659925,"Brown Trout","Actinopterygii",47518,3,0,"2019-01-05 15:09:10-05:00","2019-01-05","2019-01-05 20:09:10 UTC","America/Punta_Arenas",35,35,NA,"open","false","","",5941924,"","2023-11-01 13:11:58 UTC","2023-11-02 16:37:50 UTC","research","",NA,3,"false"
"Actinopterygii","2023-03-29 14:52:00 -0300","Entre las redes de centros de cultivo de salmónidos. Ejemplares ubicados entre 15-30 m de profundidad, fotografiados y devueltos al mar.
De unos 14 cm de largo (estimación visual aproximada).","Golfo Almirante Montt, Región de Magallanes y de la Antártica Chilena, Chile.",-51.7615758799,-72.8910954993,NA,"Ray-finned Fishes","https://www.inaturalist.org/observations/159996669","https://inaturalist-open-data.s3.amazonaws.com/photos/276447063/medium.jpeg","leonardomondacalara",159996669,"Actinopterygii","Actinopterygii",47178,0,0,"2023/03/29 2:52 PM","2023-03-29","2023-03-29 17:52:00 UTC","America/Punta_Arenas",31,31,NA,"","false","","",2216853,"Leonardo Mondaca Lara","2023-05-06 02:35:46 UTC","2025-04-29 03:20:48 UTC","needs_id","CC-BY",NA,NA,"false"
"Leptonotus blainvilleanus","2023-03-28 12:30:00 -0300","Entre las redes de centros de cultivo de salmónidos. Ejemplares ubicados entre 15-30 m de profundidad, fotografiados y devueltos al mar.","Golfo Almirante Montt, Región de Magallanes y de la Antártica Chilena, Chile.",-51.7615758799,-72.8910954993,NA,"Deep-bodied Pipefish","https://www.inaturalist.org/observations/159996662","https://inaturalist-open-data.s3.amazonaws.com/photos/276444719/medium.jpeg","leonardomondacalara",159996662,"Leptonotus blainvilleanus","Actinopterygii",621457,2,0,"2023/03/28 12:30 PM","2023-03-28","2023-03-28 15:30:00 UTC","America/Punta_Arenas",31,31,NA,"open","false","","",2216853,"Leonardo Mondaca Lara","2023-05-06 02:35:45 UTC","2025-04-29 03:20:41 UTC","research","CC-BY",NA,NA,"false"
"Actinopterygii","2023-03-28 12:26:00 -0300","Entre las redes de centros de cultivo de salmónidos. Ejemplares ubicados entre 15-30 m de profundidad, fotografiados y devueltos al mar.
De unos 12 cm de largo (estimación visual aproximada).","Golfo Almirante Montt, Región de Magallanes y de la Antártica Chilena, Chile.",-51.7615758799,-72.8910954993,NA,"Ray-finned Fishes","https://www.inaturalist.org/observations/159996661","https://inaturalist-open-data.s3.amazonaws.com/photos/276442943/medium.jpeg","leonardomondacalara",159996661,"Actinopterygii","Actinopterygii",47178,0,0,"2023/03/28 12:26 PM","2023-03-28","2023-03-28 15:26:00 UTC","America/Punta_Arenas",31,31,NA,"","false","","",2216853,"Leonardo Mondaca Lara","2023-05-06 02:35:44 UTC","2025-04-29 03:20:41 UTC","needs_id","CC-BY",NA,NA,"false"
"Austrolycus laticinctus","2023-01-18 12:20:51 -0300","","Argentina",-49.6341685282,-67.7174668014,NA,"","https://www.inaturalist.org/observations/152853355","https://static.inaturalist.org/photos/263919885/medium.jpeg","nicoguardaparque",152853355,"Austrolycus laticinctus","Actinopterygii",622071,3,0,"2023-01-18 12:20:51","2023-01-18","2023-01-18 15:20:51 UTC","America/Argentina/Rio_Gallegos",957,957,NA,"","false","gps","gps",6618008,"Guardaparques PIM Makenke","2023-03-30 18:28:39 UTC","2023-12-16 08:14:54 UTC","research","",NA,2,"false"
"Patagonotothen","2023-02-17 14:55:00 -0300","","Bahía San Julian - Canal de roca",-49.2815843158,-67.6786188606,NA,"","https://www.inaturalist.org/observations/149107721","https://static.inaturalist.org/photos/256882533/medium.jpeg","argentinasubmarina",149107721,"Patagonotothen","Actinopterygii",90874,1,0,"2023/02/17 2:55 PM","2023-02-17","2023-02-17 17:55:00 UTC","America/Argentina/Rio_Gallegos",122,122,NA,"","false","","",1757020,"Mariano Rodriguez","2023-02-19 05:20:50 UTC","2025-06-24 17:38:32 UTC","needs_id","",NA,NA,"false"
"Galaxias maculatus","2023-01-04 18:58:00 -0300","","Última Esperanza, Magallanes and Chilean Antarctica, Chile",-50.9106200202,-73.0263397728,NA,"Common Galaxias","https://www.inaturalist.org/observations/146368192","","oscarnigam",146368192,"Common Galaxias","Actinopterygii",321994,0,0,"2023/01/04 6:58 PM","2023-01-04","2023-01-04 21:58:00 UTC","America/Punta_Arenas",19380,19380,NA,"open","false","","",1871455,"","2023-01-12 00:01:21 UTC","2023-01-12 00:01:21 UTC","casual","CC-BY-NC",NA,NA,"false"
"Salvelinus fontinalis","2018-01-01 10:11:00 -0300","","Güer Aike Department, Santa Cruz Province, Argentina",-50.9486111111,-71.6911111111,NA,"Brook Trout","https://www.inaturalist.org/observations/142510508","https://inaturalist-open-data.s3.amazonaws.com/photos/244335355/medium.jpg","michaelangelo",142510508,"Trucha de arroyo","Actinopterygii",49596,3,0,"2018/01/01 10:11 AM","2018-01-01","2018-01-01 13:11:00 UTC","America/Argentina/Rio_Gallegos",NA,NA,NA,"","false","","",1395031,"Michael Verdirame","2022-11-21 04:27:13 UTC","2023-12-10 20:35:32 UTC","research","CC-BY-NC",NA,NA,"false"
"Salmo trutta","2022-11-09 15:10:36 -0300","","Provincia de Santa Cruz, AR",-49.2956866667,-72.9071716667,NA,"Brown Trout","https://www.inaturalist.org/observations/141565428","https://static.inaturalist.org/photos/242555077/medium.jpg","amaliejc",141565428,"Trucha común","Actinopterygii",47518,3,0,"2022-11-09 15:10:36-03:00","2022-11-09","2022-11-09 18:10:36 UTC","America/Argentina/Rio_Gallegos",4,4,NA,"open","false","","",1495162,"Amalie JC","2022-11-09 21:50:10 UTC","2023-12-14 03:58:40 UTC","research","",NA,3,"false"
"Salmo trutta","2019-02-04 14:42:27 -0300","","Lago del Toro, Torres del Paine, Magallanes and Antartica Chilena, CL",-51.279595,-72.8369916667,NA,"Brown Trout","https://www.inaturalist.org/observations/132080309","https://inaturalist-open-data.s3.amazonaws.com/photos/224872372/medium.jpg","mitchellkostecki",132080309,"Brown Trout","Actinopterygii",47518,3,0,"2019-02-04 12:42:27-05:00","2019-02-04","2019-02-04 17:42:27 UTC","America/Punta_Arenas",5,5,NA,"open","false","","",6058692,"","2022-08-24 00:19:04 UTC","2024-01-16 18:25:57 UTC","research","CC-BY-NC",NA,3,"false"
"Actinopterygii","2022-02-20 11:40:00 -0300","","Puerto Natales, Natales, Magallanes and Chilean Antarctica, Chile",-51.7306136954,-72.5144961597,NA,"Ray-finned Fishes","https://www.inaturalist.org/observations/129099960","https://static.inaturalist.org/photos/219352335/medium.jpg","kiwikiu",129099960,"Ray-finned Fishes","Actinopterygii",47178,1,0,"2022/02/20 11:40 AM","2022-02-20","2022-02-20 14:40:00 UTC","America/Punta_Arenas",1264,1264,NA,"","false","","",1185504,"Mason Maron","2022-08-02 05:18:49 UTC","2025-01-31 05:02:55 UTC","needs_id","",NA,NA,"false"
"Galaxias maculatus","2022-02-15 07:11:00 -0300","","Última Esperanza, Magallanes and Chilean Antarctica, Chile",-51.530768,-72.594588,NA,"Common Galaxias","https://www.inaturalist.org/observations/129098984","https://static.inaturalist.org/photos/219349767/medium.jpg","kiwikiu",129098984,"Puyen chico","Actinopterygii",321994,1,0,"2022/02/15 7:11 AM","2022-02-15","2022-02-15 10:11:00 UTC","America/Punta_Arenas",NA,NA,NA,"open","false","","",1185504,"Mason Maron","2022-08-02 05:03:46 UTC","2022-08-07 13:08:18 UTC","research","",NA,NA,"false"
"Oncorhynchus tshawytscha","2021-04-03 18:35:00 -0300","","Lago Argentino Department, Santa Cruz Province, Argentina",-49.1051819722,-72.9088809722,NA,"Chinook Salmon","https://www.inaturalist.org/observations/115220072","https://inaturalist-open-data.s3.amazonaws.com/photos/194485904/medium.jpg","arabirding",115220072,"Salmon chinook","Actinopterygii",54191,2,0,"2021/04/03 6:35 PM","2021-04-03","2021-04-03 21:35:00 UTC","America/Argentina/Rio_Gallegos",NA,NA,NA,"","false","","",4662401,"Mariam Trejo","2022-05-03 21:36:48 UTC","2024-05-04 03:06:34 UTC","research","CC-BY-NC",NA,NA,"false"
"Atherinopsidae","2022-04-07 16:17:06 -0300","","Magallanes, Santa Cruz, Argentina",-49.1990519112,-67.6614327729,NA,"Neotropical Silversides","https://www.inaturalist.org/observations/111715599","https://inaturalist-open-data.s3.amazonaws.com/photos/188621111/medium.jpeg","lucero_moyano",111715599,"Peces con aletas radiadas","Actinopterygii",85612,1,0,"2022-04-07 16:17:06","2022-04-07","2022-04-07 19:17:06 UTC","Buenos Aires",2726,2726,NA,"","false","gps","gps",2846722,"Lucero Moyano","2022-04-16 23:24:02 UTC","2022-04-19 23:13:13 UTC","needs_id","CC-BY-NC",NA,2,"false"
"Galaxias maculatus","2022-04-08 09:26:00 -0700","","Puerto Natales, Natales, Magallanes and Chilean Antarctica, Chile",-51.7217549715,-72.5091172629,NA,"Common Galaxias","https://www.inaturalist.org/observations/110969599","https://static.inaturalist.org/photos/187279970/medium.jpg","kiwikiu",110969599,"Common Galaxias","Actinopterygii",321994,2,0,"2022/04/08 9:26 AM PDT","2022-04-08","2022-04-08 16:26:00 UTC","Pacific Time (US & Canada)",167,167,NA,"open","false","","",1185504,"Mason Maron","2022-04-10 15:27:45 UTC","2024-03-25 15:15:17 UTC","research","",NA,NA,"false"
"Sprattus fuegensis","2022-03-31 17:46:30 -0300","","Argentina",-49.319492554,-67.7221100405,NA,"Fuegian Sprat","https://www.inaturalist.org/observations/110066127","https://inaturalist-open-data.s3.amazonaws.com/photos/185615315/medium.jpeg","lucero_moyano",110066127,"Sardina fueguina","Actinopterygii",611810,1,0,"2022-03-31 17:46:30","2022-03-31","2022-03-31 20:46:30 UTC","Buenos Aires",259,259,NA,"open","false","gps","gps",2846722,"Lucero Moyano","2022-04-01 04:13:51 UTC","2024-11-30 00:00:23 UTC","research","CC-BY-NC",NA,2,"false"
"Actinopterygii","2022-01-26 15:03:16 -0300","","Última Esperanza, CL-MA, CL",-50.4123852506,-75.3788882711,NA,"Ray-finned Fishes","https://www.inaturalist.org/observations/105769910","https://static.inaturalist.org/photos/177543227/medium.jpg","emutschke",105769910,"","Actinopterygii",47178,0,0,"Wed Jan 26 2022 15:03:16 GMT-0300 (GMT-3)","2022-01-26","2022-01-26 18:03:16 UTC","Brasilia",4,4,NA,"","false","","",708557,"Erika Mutschke","2022-01-29 14:01:02 UTC","2025-01-16 13:14:08 UTC","needs_id","",NA,3,"false"
"Leptonotus blainvilleanus","2022-01-24 19:33:08 -0300","","Isla Guarello, Natales, Magallanes y de la Antártica Chilena, CL",-50.3680428143,-75.3371905394,NA,"Deep-bodied Pipefish","https://www.inaturalist.org/observations/105525138","https://static.inaturalist.org/photos/177337015/medium.jpg","emutschke",105525138,"Deep-bodied Pipefish","Actinopterygii",621457,4,0,"Mon Jan 24 2022 19:33:08 GMT-0300 (GMT-3)","2022-01-24","2022-01-24 22:33:08 UTC","Brasilia",9,9,NA,"open","false","","",708557,"Erika Mutschke","2022-01-24 23:22:14 UTC","2023-05-11 18:44:08 UTC","research","",NA,3,"false"
"Salmonidae","2016-04-14 11:51:00 UTC","","Ultima Esperanza, Magallanes y la Antártica Chilena, Chile",-51.1679506478,-72.8234161732,NA,"Salmons, Trouts, and Whitefishes","https://www.inaturalist.org/observations/86659767","https://inaturalist-open-data.s3.amazonaws.com/photos/142798047/medium.jpeg","nicolas_arcos",86659767,"Salmones y truchas","Actinopterygii",47520,2,0,"2016/04/14 11:51 AM UTC","2016-04-14","2016-04-14 11:51:00 UTC","UTC",32660,32660,NA,"","false","","",1684167,"Nicolás Arcos","2021-07-12 01:23:24 UTC","2024-06-04 16:16:13 UTC","needs_id","CC-BY-NC",NA,NA,"false"
"Eleginops maclovinus","2009-03-21 13:37:00 -0400","","Corpen Aike, Santa Cruz, Argentina",-50.3541846356,-68.8814284642,NA,"Patagonian Blenny","https://www.inaturalist.org/observations/65236063","https://inaturalist-open-data.s3.amazonaws.com/photos/104962256/medium.jpeg","hhulsberg",65236063,"Patagonian Blenny","Actinopterygii",541858,1,0,"2009/03/21 1:37 PM -0400","2009-03-21","2009-03-21 17:37:00 UTC","Santiago",488,488,NA,"","false","","",1514402,"Hugo Hulsberg","2020-11-19 21:07:06 UTC","2021-10-04 19:08:32 UTC","research","CC-BY",NA,NA,"false"
"Eleginops maclovinus","2016-11-17 09:34:00 -1000","","Magallanes Province, Magallanes and Chilean Antarctica, Chile",-52.0881402029,-70.7665580375,NA,"Patagonian Blenny","https://www.inaturalist.org/observations/49496863","https://static.inaturalist.org/photos/78557889/medium.jpeg","a1virginia",49496863,"Eleginops maclovinus","Actinopterygii",541858,1,0,"2016/11/17 9:34 AM HST","2016-11-17","2016-11-17 19:34:00 UTC","Hawaii",62500,62500,NA,"","false","","",572477,"Virginia","2020-06-13 21:18:25 UTC","2021-03-31 01:19:47 UTC","casual","",NA,NA,"false"
"Salmo trutta","2019-11-17 13:13:33 -0300","","Güer Aike, Güer Aike, Santa Cruz, AR",-51.9858232598,-71.411314582,NA,"Brown Trout","https://www.inaturalist.org/observations/47056351","https://static.inaturalist.org/photos/74629603/medium.jpg","simnstipeti",47056351,"Brown Trout","Actinopterygii",47518,5,0,"Sun Nov 17 2019 13:13:33 GMT-0300 (GMT-3)","2019-11-17","2019-11-17 16:13:33 UTC","Brasilia",10381,10381,NA,"open","false","","",3046858,"Simón Stipetić","2020-05-24 01:35:57 UTC","2023-10-18 17:43:57 UTC","research","",NA,3,"false"
"Macruronus novaezelandiae","2000-03-13 05:34:00 -0800","","Eyre Fjord, Natales, Magallanes and Chilean Antarctica, Chile",-49.2394879713,-73.9895554623,NA,"Blue Grenadier","https://www.inaturalist.org/observations/39385111","https://inaturalist-open-data.s3.amazonaws.com/photos/62475638/medium.jpg","douglasglobal",39385111,"Blue Grenadier","Actinopterygii",338921,0,0,"2000/03/13 5:34 AM PST","2000-03-13","2000-03-13 13:34:00 UTC","Pacific Time (US & Canada)",61,61,NA,"","false","","",1831095,"Douglas J. Long","2020-03-01 03:10:08 UTC","2025-07-07 08:07:48 UTC","needs_id","CC-BY-NC",NA,NA,"false"
"Salmo trutta","2019-01-10 16:57:00 -0500","caught on fly in Rio Gallegos river, Tierra Del Fuego","Güer Aike Department, Santa Cruz Province, Argentina",-51.80705,-70.3775722222,NA,"Brown Trout","https://www.inaturalist.org/observations/31287922","https://inaturalist-open-data.s3.amazonaws.com/photos/48955970/medium.jpg","jgcoraci",31287922,"Brown Trout","Actinopterygii",47518,2,0,"2019/01/10 4:57 PM EST","2019-01-10","2019-01-10 21:57:00 UTC","Eastern Time (US & Canada)",4,4,NA,"open","false","","",2158335,"","2019-08-22 13:44:40 UTC","2023-08-15 03:25:08 UTC","research","CC-BY-NC",NA,NA,"false"
"Salvelinus namaycush","2003-12-29 16:04:00 -0800","","Lago Argentino Department, Santa Cruz Province, Argentina",-50.4606912972,-72.6405027886,NA,"Lake Trout","https://www.inaturalist.org/observations/19863690","https://inaturalist-open-data.s3.amazonaws.com/photos/30396186/medium.jpg","joescience1",19863690,"Lake Trout","Actinopterygii",111991,4,0,"2003/12/29 4:04 PM PST","2003-12-29","2003-12-30 00:04:00 UTC","Pacific Time (US & Canada)",122,122,NA,"","false","","",1420389,"","2019-01-25 17:33:22 UTC","2023-10-05 16:30:07 UTC","research","CC-BY-NC",NA,NA,"false"
"Oncorhynchus mykiss","2003-12-29 16:04:00 -0800","extensively planted in patagonia","Lago Argentino Department, Santa Cruz Province, Argentina",-50.4606912972,-72.6405027886,NA,"Rainbow Trout","https://www.inaturalist.org/observations/19729568","https://inaturalist-open-data.s3.amazonaws.com/photos/30396186/medium.jpg","joescience1",19729568,"Rainbow Trout","Actinopterygii",47516,2,1,"2003/12/29 4:04 PM PST","2003-12-29","2003-12-30 00:04:00 UTC","Pacific Time (US & Canada)",122,122,NA,"","false","","",1420389,"","2019-01-19 14:34:22 UTC","2022-12-08 02:07:25 UTC","research","CC-BY-NC",NA,NA,"false"
"Genypterus chilensis","2016-03-11 04:18:01 -0800","","Calle Pedro Montt, Puerto Natales, Magallanes and Antartica Chilena, CL",-51.72145,-72.5083083333,NA,"Red Cusk-eel","http://www.inaturalist.org/observations/2824486","https://inaturalist-open-data.s3.amazonaws.com/photos/3214131/medium.jpg","damontighe",2824486,"Red Cusk-eel","Actinopterygii",618673,2,0,"Fri Mar 11 2016 04:18:01 GMT-0800 (PST)","2016-03-11","2016-03-11 12:18:01 UTC","Pacific Time (US & Canada)",NA,NA,NA,"","false","","",3494,"Damon Tighe","2016-03-24 13:58:57 UTC","2025-09-13 15:39:29 UTC","research","CC-BY-NC",NA,3,"false"
"Salmo trutta","2010-01-14 00:00:00 +1000","Unsure of specific location and date","Argentina",-50.736455137,-74.531254,NA,"Brown Trout","http://www.inaturalist.org/observations/173459","https://static.inaturalist.org/photos/229963/medium.jpg","mccain",173459,"Brown Trout","Actinopterygii",47518,3,0,"2010-01-14","2010-01-14","","Brisbane",NA,NA,NA,"open","false","","",8074,"McCain McMurray","2013-01-06 07:47:57 UTC","2020-12-09 05:23:57 UTC","research","CC-BY",NA,NA,"false"
"Salmo trutta","2025-11-11 16:28:00 -0300","Brown trout 25 cm in length caught in Lago Jeinemeni. Healthy red dots running down the lateral line. Caught at mouth of little stream in heavy flow with high levels of sediment deposition into the lake. Winds ~15 km/hr, air temperature ~12°C","Chile Chico, Aysén Region, CL",-46.8419762262,-72.0140127128,"","Brown Trout","https://www.inaturalist.org/observations/328218958","https://inaturalist-open-data.s3.amazonaws.com/photos/594711668/medium.jpg","nico60428",328218958,"Brown Trout","Actinopterygii",47518,2,0,"2025-11-11T16:28","2025-11-11","2025-11-11 19:28:00 UTC","Santiago",26,26,"","open","false","","",9816612,"Nico Hochanadel","2025-11-25 17:18:50 UTC","2025-11-25 21:36:03 UTC","research","CC-BY-NC",NA,843,"false"
"Salmo trutta","2025-11-10 21:02:45 -0300","Caught from Lago Jeinimeni in Jeinimeni Sector of Patagonia National Park. Fished at the mouth of an intermittent stream on the north side of the lake.  Partly cloudy with lmoderate wind (15 kph). Did not keep this fish, but other brown trout caught had full stomachs from a recent bug hatch; midges, beetles, and freshwater shrimp. Caught brown trout ranged in size from 18-45cm. ","Chile Chico, Aysén Region, CL",-46.83995,-72.0130527833,"","Brown Trout","https://www.inaturalist.org/observations/327946722","https://inaturalist-open-data.s3.amazonaws.com/photos/594182676/medium.jpg","noah_besemann",327946722,"Brown Trout","Actinopterygii",47518,2,0,"2025-11-10 21:02:45","2025-11-10","2025-11-11 00:02:45 UTC","Santiago",17,17,"","open","false","","",9821556,"","2025-11-23 22:56:21 UTC","2025-11-25 21:58:23 UTC","research","CC-BY-NC",NA,843,"false"
"Patagonotothen cornucola","2025-11-16 22:54:38 -0300","","Argentina",-44.8005367688,-65.7023392618,"","Nototenia","https://www.inaturalist.org/observations/327597753","https://static.inaturalist.org/photos/593526617/medium.jpg","jmboudouve",327597753,"Nototenia","Actinopterygii",108966,0,0,"2025-11-16 22:54:38","2025-11-16","2025-11-17 01:54:38 UTC","America/Argentina/Catamarca",7,7,"","open","false","gps","gps",2458755,"Juan Manuel Boudouve","2025-11-22 02:02:53 UTC","2025-11-27 23:13:52 UTC","needs_id","CC-BY-NC-ND",NA,2,"false"
"Salmo trutta","2025-11-07 18:21:32 -0300","Caught from the start of the Jeinimeni river. Many were seen. Few were caught. Feeding frequently in the morning and evening when bugs were more common.","Chile Chico, Aysén, Chile",-46.8383944444,-72.01145,"","Brown Trout","https://www.inaturalist.org/observations/327162358","https://inaturalist-open-data.s3.amazonaws.com/photos/592655508/medium.jpg","margaret90751",327162358,"Brown Trout","Actinopterygii",47518,2,0,"2025-11-07 18:21:32","2025-11-07","2025-11-07 21:21:32 UTC","Santiago",NA,NA,"","open","false","gps","gps",9821536,"Margaret Lowell","2025-11-18 21:22:24 UTC","2025-11-19 15:20:04 UTC","research","CC-BY-NC",NA,2,"false"
"Oncorhynchus mykiss","2025-11-02 07:16:28 -0300","A mature female and male rainbow trout caught with a handline and worms from a backwater pond of the Rio Tranquilo. During the morning (06:30-08:30), many trout were seen cruising the edges of the pond, which dropped of abruptly (~2m) from the edge of an adjacent peat moss bog. The water was extremely clear, with patches of several kinds of submerged aquatic vegetation visible. Aquatic rushes were present on the north and west sides of the pond. ","Cochrane, Aysén Region, CL",-47.3886133333,-72.5922083333,"","Rainbow Trout","https://www.inaturalist.org/observations/324861786","https://inaturalist-open-data.s3.amazonaws.com/photos/588082350/medium.jpg","noah_besemann",324861786,"Rainbow Trout","Actinopterygii",47516,3,0,"2025-11-02 07:16:28","2025-11-02","2025-11-02 10:16:28 UTC","Santiago",3,3,"","open","false","","",9821556,"","2025-11-04 12:46:43 UTC","2025-11-04 20:25:46 UTC","research","CC-BY-NC",NA,843,"false"
"Bovichtus argentinus","2025-04-05 19:48:00 -0300","","Argentina ",-45.1094171625,-65.9752851362,"","Vieja Thornfish","https://www.inaturalist.org/observations/323919556","https://inaturalist-open-data.s3.amazonaws.com/photos/586186800/medium.jpg","ttamagno",323919556,"Vieja","Actinopterygii",520294,1,0,"2025/04/05 7:48 PM","2025-04-05","2025-04-05 22:48:00 UTC","America/Argentina/Catamarca",4,4,"","","false","","",5212013,"Tomás Tamagno","2025-10-30 00:17:15 UTC","2025-10-30 00:34:17 UTC","research","CC-BY",NA,NA,"false"
"Sebastes oculatus","2025-10-24 14:22:10 -0300","Encontrado junto a restos de cuises y otros peces. Aparente sitio de alimentacion de alguna rapaz","Florentino Ameghino, Chubut, Argentina",-45.0886132997,-66.0105449997,"","Patagonian Redfish","https://www.inaturalist.org/observations/323568646","https://inaturalist-open-data.s3.amazonaws.com/photos/585497331/medium.jpg","ttamagno",323568646,"Escrófalo","Actinopterygii",620534,0,0,"2025-10-24 14:22:10","2025-10-24","2025-10-24 17:22:10 UTC","America/Argentina/Catamarca",NA,NA,"","open","false","gps","gps",5212013,"Tomás Tamagno","2025-10-28 01:12:16 UTC","2025-10-28 01:12:49 UTC","needs_id","CC-BY",NA,2,"false"
"Odontesthes incisa","2025-09-30 16:58:00 -0300","Ofrecido en cortejo por Gaviotín Sudamericano","Florentino Ameghino, AR-CH, AR",-45.1017376307,-65.9589813952,"","","https://www.inaturalist.org/observations/317894592","https://inaturalist-open-data.s3.amazonaws.com/photos/574462348/medium.jpg","ttamagno",317894592,"Cornalito","Actinopterygii",107356,1,0,"2025/09/30 4:58 PM","2025-09-30","2025-09-30 19:58:00 UTC","America/Argentina/Catamarca",8,8,"","open","false","","",5212013,"Tomás Tamagno","2025-10-01 00:58:11 UTC","2025-10-24 23:27:42 UTC","research","CC-BY",NA,NA,"false"
"Eleginops maclovinus","2025-09-25 17:36:32 -0300","","Argentina",-45.1066582997,-65.9650713,"","Patagonian Blenny","https://www.inaturalist.org/observations/316665390","https://inaturalist-open-data.s3.amazonaws.com/photos/572157884/medium.jpg","ttamagno",316665390,"Róbalo","Actinopterygii",541858,0,0,"2025-09-25 17:36:32","2025-09-25","2025-09-25 20:36:32 UTC","America/Argentina/Catamarca",NA,NA,"","","false","gps","gps",5212013,"Tomás Tamagno","2025-09-26 04:45:10 UTC","2025-09-26 04:45:51 UTC","needs_id","CC-BY",NA,2,"false"
"Oncorhynchus mykiss","2015-12-26 11:53:00 -0300","","Lago Buenos Aires, Santa Cruz, Argentina",-46.5460587627,-71.6061890589,"","Rainbow Trout","https://www.inaturalist.org/observations/309977800","https://inaturalist-open-data.s3.amazonaws.com/photos/559396242/medium.jpg","agus1276",309977800,"Trucha arcoiris","Actinopterygii",47516,1,0,"2015/12/26 11:53 AM","2015-12-26","2015-12-26 14:53:00 UTC","America/Argentina/Rio_Gallegos",488,488,"","open","false","","",9625072,"Agus","2025-08-29 14:55:08 UTC","2025-08-29 15:41:31 UTC","research","CC-BY-NC",NA,NA,"false"
"Oncorhynchus mykiss","2016-02-11 11:49:00 -0300","","Lago Buenos Aires, Santa Cruz, Argentina",-46.5486024481,-71.6058693086,"","Rainbow Trout","https://www.inaturalist.org/observations/309977329","https://inaturalist-open-data.s3.amazonaws.com/photos/559394194/medium.jpg","agus1276",309977329,"Trucha arcoiris","Actinopterygii",47516,2,0,"2016/02/11 11:49 AM","2016-02-11","2016-02-11 14:49:00 UTC","America/Argentina/Rio_Gallegos",977,977,"","open","false","","",9625072,"Agus","2025-08-29 14:52:57 UTC","2025-08-29 21:49:55 UTC","research","CC-BY-NC",NA,NA,"false"
"Patagonotothen","2025-08-21 12:11:00 -0300","","Camarones, Chubut, Argentina",-44.8017988151,-65.701310635,"","","https://www.inaturalist.org/observations/308584077","https://inaturalist-open-data.s3.amazonaws.com/photos/556736299/medium.jpg","romigaleota",308584077,"Patagonotothen","Actinopterygii",90874,1,0,"2025/08/21 12:11 PM","2025-08-21","2025-08-21 15:11:00 UTC","America/Argentina/Catamarca",166,166,"","","false","","",1255162,"Romi Galeota Lencina","2025-08-24 00:30:44 UTC","2025-08-24 15:43:39 UTC","needs_id","CC-BY",NA,NA,"false"
"Galaxias maculatus","2024-10-05 13:26:00 -0300","","Puerto Cisnes, Cisnes, Aysén, Chile",-44.7300119328,-72.6829547116,"","Common Galaxias","https://www.inaturalist.org/observations/306552811","https://inaturalist-open-data.s3.amazonaws.com/photos/552838397/medium.jpg","danielmpina",306552811,"Puyen chico","Actinopterygii",321994,2,0,"2024/10/05 1:26 PM","2024-10-05","2024-10-05 16:26:00 UTC","Santiago",15,15,"","open","false","","",9476244,"Daniel Martínez-Piña","2025-08-15 19:01:12 UTC","2025-10-27 14:36:43 UTC","research","CC-BY-NC",NA,NA,"false"
"Salmo trutta","2025-07-16 12:07:49 -0400","","Capitán Prat, CL-AI, CL",-47.2248793317,-72.4980450422,"","Brown Trout","https://www.inaturalist.org/observations/299057748","https://static.inaturalist.org/photos/538754452/medium.jpg","jorge170",299057748,"Brown Trout","Actinopterygii",47518,1,0,"2025-07-16 12:07:49","2025-07-16","2025-07-16 16:07:49 UTC","Santiago",91,91,"","open","false","","",789765,"Jorge Alejandro Molina Vidal","2025-07-19 00:02:11 UTC","2025-07-22 13:42:18 UTC","research","",NA,2,"false"
"Trachurus murphyi","2025-04-05 16:34:49 -0300","","Chile",-45.7479845622,-74.5694399625,"","Chilean jack mackerel","https://www.inaturalist.org/observations/297101428","https://inaturalist-open-data.s3.amazonaws.com/photos/535035227/medium.jpg","dafny",297101428,"Jurel","Actinopterygii",114273,1,0,"2025-04-05 16:34:49","2025-04-05","2025-04-05 19:34:49 UTC","Santiago",1680,1680,"","open","false","gps","gps",742302,"","2025-07-11 19:53:59 UTC","2025-07-11 23:39:31 UTC","needs_id","CC-BY-NC",NA,2,"false"
"Pseudopercis semifasciata","2024-04-20 15:31:01 -0300","","RN3, Santa Cruz, Argentina",-46.046540767,-67.6031500474,"","Argentinian Sandperch","https://www.inaturalist.org/observations/289943712","https://inaturalist-open-data.s3.amazonaws.com/photos/521536058/medium.jpg","abelsumergido",289943712,"Falso salmón de mar","Actinopterygii",448282,1,0,"2024-04-20 15:31:01","2024-04-20","2024-04-20 18:31:01 UTC","America/Argentina/Rio_Gallegos",287,287,"","","false","gps","gps",7978713,"Abel Romero","2025-06-15 20:27:08 UTC","2025-07-01 15:38:28 UTC","research","CC-BY-NC",NA,2,"false"
"Patagonotothen cornucola","2024-07-13 12:29:27 -0300","","RN3, Santa Cruz, Argentina",-46.0462210275,-67.6036670431,"","Nototenia","https://www.inaturalist.org/observations/289942166","https://inaturalist-open-data.s3.amazonaws.com/photos/521533224/medium.jpg","abelsumergido",289942166,"Nototenia","Actinopterygii",108966,0,0,"2024-07-13 12:29:27","2024-07-13","2024-07-13 15:29:27 UTC","America/Argentina/Rio_Gallegos",287,287,"","open","false","gps","gps",7978713,"Abel Romero","2025-06-15 20:22:23 UTC","2025-06-15 20:22:32 UTC","needs_id","CC-BY-NC",NA,2,"false"
"Bovichtus argentinus","2025-06-14 13:59:48 -0300","","RN3, Santa Cruz, Argentina",-46.0446748957,-67.6051791385,"","Vieja Thornfish","https://www.inaturalist.org/observations/289727160","https://inaturalist-open-data.s3.amazonaws.com/photos/521132721/medium.jpg","abelsumergido",289727160,"Vieja","Actinopterygii",520294,1,0,"2025-06-14 13:59:48","2025-06-14","2025-06-14 16:59:48 UTC","America/Argentina/Rio_Gallegos",287,287,"","","false","gps","gps",7978713,"Abel Romero","2025-06-15 04:12:42 UTC","2025-06-15 07:14:56 UTC","research","CC-BY-NC",NA,2,"false"
"Sebastes oculatus","2025-06-14 13:59:35 -0300","","RN3, Santa Cruz, Argentina",-46.0446748957,-67.6051791385,"","Patagonian Redfish","https://www.inaturalist.org/observations/289726132","https://inaturalist-open-data.s3.amazonaws.com/photos/521130793/medium.jpg","abelsumergido",289726132,"Escrófalo","Actinopterygii",620534,1,0,"2025-06-14 13:59:35","2025-06-14","2025-06-14 16:59:35 UTC","America/Argentina/Rio_Gallegos",287,287,"","open","false","gps","gps",7978713,"Abel Romero","2025-06-15 04:05:59 UTC","2025-06-15 07:14:43 UTC","research","CC-BY-NC",NA,2,"false"
"Helcogrammoides cunninghami","2025-06-14 13:21:03 -0300","","RN3, Santa Cruz, Argentina",-46.0446748957,-67.6051791385,"","Cunningham's Triplefin","https://www.inaturalist.org/observations/289725204","https://inaturalist-open-data.s3.amazonaws.com/photos/521128839/medium.jpg","abelsumergido",289725204,"Diablillo","Actinopterygii",446098,1,0,"2025-06-14 13:21:03","2025-06-14","2025-06-14 16:21:03 UTC","America/Argentina/Rio_Gallegos",287,287,"","open","false","gps","gps",7978713,"Abel Romero","2025-06-15 03:59:53 UTC","2025-06-15 07:14:24 UTC","research","CC-BY-NC",NA,2,"false"
"Sebastes oculatus","2025-06-06 22:39:09 -0300","","RN3, Santa Cruz, Argentina",-46.0450933143,-67.6048710197,"","Patagonian Redfish","https://www.inaturalist.org/observations/287569641","https://inaturalist-open-data.s3.amazonaws.com/photos/517079812/medium.jpg","abelsumergido",287569641,"Escrófalo","Actinopterygii",620534,0,0,"2025-06-06 22:39:09","2025-06-06","2025-06-07 01:39:09 UTC","America/Argentina/Rio_Gallegos",468,468,"","open","false","gps","gps",7978713,"Abel Romero","2025-06-07 13:42:05 UTC","2025-06-07 13:42:41 UTC","needs_id","CC-BY-NC",NA,2,"false"
"Sebastes oculatus","2025-02-23 14:44:57 -0300","","RN3, Santa Cruz, Argentina",-46.0450039527,-67.6043697819,"","Patagonian Redfish","https://www.inaturalist.org/observations/277614855","https://inaturalist-open-data.s3.amazonaws.com/photos/498485701/medium.jpeg","abelsumergido",277614855,"Escrófalo","Actinopterygii",620534,1,0,"2025-02-23 14:44:57","2025-02-23","2025-02-23 17:44:57 UTC","America/Argentina/Rio_Gallegos",272,272,"","open","false","gps","gps",7978713,"Abel Romero","2025-05-02 04:59:50 UTC","2025-05-10 11:32:22 UTC","research","CC-BY-NC",NA,2,"false"
"Bovichtus argentinus","2025-04-19 13:30:46 -0300","","RN3, Santa Cruz, Argentina",-46.0454691437,-67.6040278003,"","Vieja Thornfish","https://www.inaturalist.org/observations/277611457","https://inaturalist-open-data.s3.amazonaws.com/photos/498479344/medium.jpeg","abelsumergido",277611457,"Vieja","Actinopterygii",520294,1,0,"2025-04-19 13:30:46","2025-04-19","2025-04-19 16:30:46 UTC","America/Argentina/Rio_Gallegos",251,251,"","","false","gps","gps",7978713,"Abel Romero","2025-05-02 04:39:24 UTC","2025-06-02 23:54:31 UTC","research","CC-BY-NC",NA,2,"false"
"Cottoperca trigloides","2025-04-27 11:09:15 -0300","","RN3, Santa Cruz, Argentina",-46.0455231326,-67.604178004,"","Mimic Bull Blenny","https://www.inaturalist.org/observations/275309571","https://inaturalist-open-data.s3.amazonaws.com/photos/494747636/medium.jpeg","abelsumergido",275309571,"Torito de los canales","Actinopterygii",609395,1,0,"2025-04-27 11:09:15","2025-04-27","2025-04-27 14:09:15 UTC","America/Argentina/Rio_Gallegos",80,80,"","open","false","gps","gps",7978713,"Abel Romero","2025-04-28 03:03:59 UTC","2025-05-02 02:38:22 UTC","research","CC-BY-NC",NA,2,"false"
"Salmo trutta","2022-01-25 12:58:00 -0300","","Coihaique, Aysén, Chile",-45.5061685247,-72.0140332629,"","Brown Trout","https://www.inaturalist.org/observations/272282363","https://inaturalist-open-data.s3.amazonaws.com/photos/489844125/medium.jpeg","javiercruzormeno",272282363,"Trucha común","Actinopterygii",47518,2,0,"2022/01/25 12:58 PM","2022-01-25","2022-01-25 15:58:00 UTC","Santiago",7813,7813,"","open","false","","",8924084,"Javier Cruz Ormeño","2025-04-22 20:18:46 UTC","2025-05-04 03:03:32 UTC","research","CC-BY-NC",NA,NA,"false"
"Salmo trutta","2022-01-25 12:58:00 -0300","","Coihaique, Aysén, Chile",-45.516216654,-72.0229480293,"","Brown Trout","https://www.inaturalist.org/observations/272282362","https://inaturalist-open-data.s3.amazonaws.com/photos/489844018/medium.jpeg","javiercruzormeno",272282362,"Trucha común","Actinopterygii",47518,1,0,"2022/01/25 12:58 PM","2022-01-25","2022-01-25 15:58:00 UTC","Santiago",1953,1953,"","open","false","","",8924084,"Javier Cruz Ormeño","2025-04-22 20:18:46 UTC","2025-05-04 03:03:32 UTC","research","CC-BY-NC",NA,NA,"false"
"Oncopterus darwinii","2025-02-20 22:55:32 -0300","","Océano Atlántico, Chubut, AR",-45.8592177202,-67.4698406878,"","Remo Flounder","https://www.inaturalist.org/observations/270894984","https://inaturalist-open-data.s3.amazonaws.com/photos/520011094/medium.jpg","danicaleta",270894984,"","Actinopterygii",619383,0,0,"2025-02-20 22:55:32-03:00","2025-02-20","2025-02-21 01:55:32 UTC","America/Argentina/Catamarca",144,144,"","","false","","",5893060,"Daniel Fernando Vidal","2025-04-16 21:07:58 UTC","2025-06-12 23:16:47 UTC","needs_id","CC-BY-NC",NA,3,"false"
"Actinopterygii","2025-04-10 15:32:57 -0400","Fish skeleton on shoreline near Jorge Montt glacier,Aysen. No way to ID what species or even genus, but I wonder what ate it. Maybe a seabird or raptor, but also maybe a predatoey fish and it washed up. ","Tortel, Aysén, Chile",-48.2210527778,-73.4713444444,"","Ray-finned Fishes","https://www.inaturalist.org/observations/270036518","https://inaturalist-open-data.s3.amazonaws.com/photos/485588320/medium.jpeg","haydentim",270036518,"Ray-finned Fishes","Actinopterygii",47178,2,0,"2025-04-10 15:32:57","2025-04-10","2025-04-10 19:32:57 UTC","Santiago",NA,NA,"","","false","gps","gps",8963645,"","2025-04-12 19:31:57 UTC","2025-04-24 17:34:48 UTC","needs_id","CC-BY-NC",NA,2,"false"
"Oncorhynchus mykiss","2024-11-23 09:31:00 -0300","","Río Claro, Coyhaique, Región de Aysén del General Carlos Ibáñez del Campo, CL",-45.6433572081,-72.1478386722,"","Rainbow Trout","https://www.inaturalist.org/observations/269186954","https://inaturalist-open-data.s3.amazonaws.com/photos/483964836/medium.jpg","joselarraingh",269186954,"Trucha arcoiris","Actinopterygii",47516,3,0,"2024-11-23 09:31:00-03:00","2024-11-23","2024-11-23 12:31:00 UTC","Santiago",397,397,"","open","false","","",9055651,"","2025-04-07 21:19:19 UTC","2025-04-10 00:10:24 UTC","research","CC-BY-NC",NA,3,"false"
"Salmo trutta","2024-08-15 21:40:00 -0400","","Río reserva nacional Río Simpson, Aysén, Región de Aysén del General Carlos Ibáñez del Campo, CL",-45.4780728014,-72.1541099729,"","Brown Trout","https://www.inaturalist.org/observations/267992197","https://inaturalist-open-data.s3.amazonaws.com/photos/481666280/medium.jpg","cgarciaovalle",267992197,"Trucha común","Actinopterygii",47518,2,0,"2024-08-15 21:40:00-04:00","2024-08-15","2024-08-16 01:40:00 UTC","Santiago",120062,120062,"","open","false","","",9051709,"","2025-04-01 00:41:33 UTC","2025-04-02 21:47:41 UTC","research","CC-BY-NC",NA,3,"false"
"Centrolophidae","2025-03-28 12:19:03 -0300","","Chile",-44.8618167086,-74.1371516883,"","Medusafishes","https://www.inaturalist.org/observations/267822083","https://static.inaturalist.org/photos/481343231/medium.jpeg","mmunkps",267822083,"Gorgueras","Actinopterygii",51416,1,0,"2025-03-28 12:19:03","2025-03-28","2025-03-28 15:19:03 UTC","Santiago",9,9,"","","false","gps","gps",9075215,"","2025-03-31 00:51:16 UTC","2025-03-31 12:27:17 UTC","needs_id","CC-BY-NC",NA,2,"false"
"Centrolophidae","2025-03-28 12:19:04 -0300","","Chile",-44.8616073411,-74.1376177222,"","Medusafishes","https://www.inaturalist.org/observations/267822066","https://static.inaturalist.org/photos/481343200/medium.jpeg","mmunkps",267822066,"Gorgueras","Actinopterygii",51416,1,0,"2025-03-28 12:19:04","2025-03-28","2025-03-28 15:19:04 UTC","Santiago",85,85,"","","false","gps","gps",9075215,"","2025-03-31 00:51:09 UTC","2025-03-31 12:27:03 UTC","needs_id","CC-BY-NC",NA,2,"false"
"Zoarces viviparus","2025-03-29 13:10:00 -0300","","",-46.0711707352,-66.2106926367,"","Viviparous Blenny","https://www.inaturalist.org/observations/267564069","https://inaturalist-open-data.s3.amazonaws.com/photos/480848844/medium.jpeg","gustavobonastre",267564069,"Anguila Hocicuda Vivipara","Actinopterygii",483237,0,0,"2025-03-29 13:10:00","2025-03-29","2025-03-29 16:10:00 UTC","America/Argentina/Rio_Gallegos",1652822,1652822,"","","false","gps","gps",1546362,"David Gustavo R Bonastre","2025-03-29 19:16:31 UTC","2025-03-29 19:16:50 UTC","needs_id","CC-BY-NC",NA,2,"false"
"Helcogrammoides cunninghami","2025-03-09 18:35:03 -0300","En pozon de marea","Chubut, AR",-45.3720861974,-66.5349972338,"","Cunningham's Triplefin","https://www.inaturalist.org/observations/264999636","https://inaturalist-open-data.s3.amazonaws.com/photos/475919830/medium.jpeg","portagonia",264999636,"Diablillo","Actinopterygii",446098,2,0,"2025-03-09 18:35:03","2025-03-09","2025-03-09 21:35:03 UTC","America/Argentina/Catamarca",125,27190,"obscured","open","true","gps","gps",8690556,"","2025-03-12 01:23:47 UTC","2025-07-10 12:33:42 UTC","research","CC-BY-NC",NA,2,"false"
"Merluccius australis","2025-03-09 15:12:38 -0300","","Puerto Chacabuco, Aysén, Aysén Region, CL",-45.462375,-72.8241416667,"","Southern Hake","https://www.inaturalist.org/observations/264693390","https://inaturalist-open-data.s3.amazonaws.com/photos/475322372/medium.jpg","jhskevington",264693390,"Southern Hake","Actinopterygii",82350,1,0,"2025-03-09 15:12:38-03:00","2025-03-09","2025-03-09 18:12:38 UTC","Santiago",4,4,"","","false","","",151757,"Jeffrey H. Skevington","2025-03-09 18:23:02 UTC","2025-04-12 00:06:01 UTC","research","CC-BY-NC",NA,3,"false"
"Sebastes oculatus","2024-01-14 12:43:00 -0300","","Canales de Punta Peligro",-46.0129597297,-67.5836569293,"","Patagonian Redfish","https://www.inaturalist.org/observations/264301397","https://inaturalist-open-data.s3.amazonaws.com/photos/474748530/medium.jpeg","danicaleta",264301397,"Escrófalo","Actinopterygii",620534,2,0,"2024/01/14 12:43 pM","2024-01-14","2024-01-14 15:43:00 UTC","America/Argentina/Rio_Gallegos",61,61,"","open","false","","",5893060,"Daniel Fernando Vidal","2025-03-07 14:39:20 UTC","2025-06-11 02:13:55 UTC","research","CC-BY-NC",NA,NA,"false"
"Bovichtus argentinus","2024-01-14 12:58:00 -0300","","Canales Punta Peligro",-46.0130078296,-67.5872105279,"","Vieja Thornfish","https://www.inaturalist.org/observations/264147006","https://inaturalist-open-data.s3.amazonaws.com/photos/474633477/medium.jpeg","danicaleta",264147006,"Vieja","Actinopterygii",520294,1,0,"2024/01/14 12:58 pM","2024-01-14","2024-01-14 15:58:00 UTC","America/Argentina/Rio_Gallegos",244,244,"","","false","","",5893060,"Daniel Fernando Vidal","2025-03-06 23:41:28 UTC","2025-06-11 02:14:37 UTC","research","CC-BY-NC",NA,NA,"false"
"Bovichtus argentinus","2024-01-14 12:59:00 -0300","","Canales Punta Peligro",-46.0130078296,-67.5872105279,"","Vieja Thornfish","https://www.inaturalist.org/observations/264147000","https://inaturalist-open-data.s3.amazonaws.com/photos/474633465/medium.jpeg","danicaleta",264147000,"Vieja","Actinopterygii",520294,2,0,"2024/01/14 12:59 pM","2024-01-14","2024-01-14 15:59:00 UTC","America/Argentina/Rio_Gallegos",244,244,"","","false","","",5893060,"Daniel Fernando Vidal","2025-03-06 23:41:23 UTC","2025-06-11 02:14:47 UTC","research","CC-BY-NC",NA,NA,"false"
"Helcogrammoides cunninghami","2024-01-14 12:40:00 -0300","","Canales Punta Peligro",-46.0130078296,-67.5872105279,"","Cunningham's Triplefin","https://www.inaturalist.org/observations/264146760","https://inaturalist-open-data.s3.amazonaws.com/photos/474633131/medium.jpeg","danicaleta",264146760,"Diablillo","Actinopterygii",446098,1,0,"2024/01/14 12:40 pM","2024-01-14","2024-01-14 15:40:00 UTC","America/Argentina/Rio_Gallegos",244,244,"","open","false","","",5893060,"Daniel Fernando Vidal","2025-03-06 23:37:34 UTC","2025-06-11 02:15:02 UTC","research","CC-BY-NC",NA,NA,"false"
"Patagonotothen","2024-01-13 11:57:00 -0300","","Canales Punta Peligro",-46.0130078296,-67.5872105279,"","","https://www.inaturalist.org/observations/264146074","https://inaturalist-open-data.s3.amazonaws.com/photos/474631277/medium.jpeg","danicaleta",264146074,"Patagonotothen","Actinopterygii",90874,0,0,"2024/01/13 11:57 aM","2024-01-13","2024-01-13 14:57:00 UTC","America/Argentina/Rio_Gallegos",244,244,"","","false","","",5893060,"Daniel Fernando Vidal","2025-03-06 23:26:06 UTC","2025-03-06 23:26:06 UTC","needs_id","CC-BY-NC",NA,NA,"false"
"Paranotothenia magellanica","2024-01-14 12:15:00 -0300","","Canales Punta Peligro",-46.0130078296,-67.5872105279,"","Orange-throat Notothen","https://www.inaturalist.org/observations/264121630","https://inaturalist-open-data.s3.amazonaws.com/photos/474584615/medium.jpeg","danicaleta",264121630,"Trama Común","Actinopterygii",550281,0,0,"2024/01/14 12:15 pM","2024-01-14","2024-01-14 15:15:00 UTC","America/Argentina/Rio_Gallegos",244,244,"","","false","","",5893060,"Daniel Fernando Vidal","2025-03-06 19:01:17 UTC","2025-03-06 20:29:10 UTC","needs_id","CC-BY-NC",NA,NA,"false"
"Helcogrammoides cunninghami","2023-12-31 13:13:00 -0300","","Canales de Punta Peligro",-46.0124737241,-67.5858030318,"","Cunningham's Triplefin","https://www.inaturalist.org/observations/264120623","https://inaturalist-open-data.s3.amazonaws.com/photos/474583424/medium.jpeg","danicaleta",264120623,"Diablillo","Actinopterygii",446098,1,0,"2023/12/31 1:13 pM","2023-12-31","2023-12-31 16:13:00 UTC","America/Argentina/Rio_Gallegos",262,262,"","open","false","","",5893060,"Daniel Fernando Vidal","2025-03-06 18:51:06 UTC","2025-06-11 02:15:36 UTC","research","CC-BY-NC",NA,NA,"false"
"Sebastes oculatus","2023-12-03 14:33:00 -0300","","Deseado, AR-SC, AR",-46.0449836884,-67.6047277969,"","Patagonian Redfish","https://www.inaturalist.org/observations/264119862","https://inaturalist-open-data.s3.amazonaws.com/photos/474578450/medium.jpeg","danicaleta",264119862,"Escrófalo","Actinopterygii",620534,2,0,"2023/12/03 2:33 pM","2023-12-03","2023-12-03 17:33:00 UTC","America/Argentina/Rio_Gallegos",2,2,"","open","false","","",5893060,"Daniel Fernando Vidal","2025-03-06 18:43:26 UTC","2025-06-11 02:15:44 UTC","research","CC-BY-NC",NA,NA,"false"
"Sebastes oculatus","2023-12-03 14:27:00 -0300","","La V corta",-46.0449836884,-67.6047277969,"","Patagonian Redfish","https://www.inaturalist.org/observations/264119859","https://inaturalist-open-data.s3.amazonaws.com/photos/474578446/medium.jpeg","danicaleta",264119859,"Escrófalo","Actinopterygii",620534,2,0,"2023/12/03 2:27 pM","2023-12-03","2023-12-03 17:27:00 UTC","America/Argentina/Rio_Gallegos",2,2,"","open","false","","",5893060,"Daniel Fernando Vidal","2025-03-06 18:43:24 UTC","2025-06-11 02:15:55 UTC","research","CC-BY-NC",NA,NA,"false"
"Sebastes oculatus","2023-12-03 14:27:00 -0300","","Deseado, AR-SC, AR",-46.0449836884,-67.6047277969,"","Patagonian Redfish","https://www.inaturalist.org/observations/264119857","https://inaturalist-open-data.s3.amazonaws.com/photos/474578380/medium.jpeg","danicaleta",264119857,"Escrófalo","Actinopterygii",620534,2,0,"2023/12/03 2:27 pM","2023-12-03","2023-12-03 17:27:00 UTC","America/Argentina/Rio_Gallegos",2,2,"","open","false","","",5893060,"Daniel Fernando Vidal","2025-03-06 18:43:23 UTC","2025-06-11 02:16:02 UTC","research","CC-BY-NC",NA,NA,"false"
"Salilota australis","2025-02-24 17:13:02 -0300","","Parque Nacional Laguna San Rafael, Aysén, Región de Aysén del General Carlos Ibáñez del Campo, CL",-46.6723209401,-73.8557587298,"","Tadpole codling","https://www.inaturalist.org/observations/263667538","https://static.inaturalist.org/photos/473712591/medium.jpg","patagontorres",263667538,"Bacalao criollo","Actinopterygii",617503,3,1,"2025-02-24 17:13:02-03:00","2025-02-24","2025-02-24 20:13:02 UTC","Santiago",11923,11923,"","open","false","","",3380317,"Daniel Torres","2025-03-02 20:05:01 UTC","2025-07-07 08:27:16 UTC","research","",NA,3,"false"
"Merluccius australis","2025-02-25 13:37:25 -0300","","Glaciar San Rafael, Aysén, Región de Aysén del General Carlos Ibáñez del Campo, CL",-46.6849172612,-73.8388060663,"","Southern Hake","https://www.inaturalist.org/observations/263667457","https://static.inaturalist.org/photos/473712460/medium.jpg","patagontorres",263667457,"Merluza austral","Actinopterygii",82350,1,0,"2025-02-25 13:37:25-03:00","2025-02-25","2025-02-25 16:37:25 UTC","Santiago",1025,1025,"","","false","","",3380317,"Daniel Torres","2025-03-02 20:04:16 UTC","2025-04-11 03:34:33 UTC","research","",NA,3,"false"
"Salmo trutta","2020-01-13 21:15:18 -0300","","km 2 camino a puerto aysen km 2, Coyhaique, Aysén, Chile",-45.5478447407,-72.0661148429,"","Brown Trout","https://www.inaturalist.org/observations/261902731","https://inaturalist-open-data.s3.amazonaws.com/photos/470619607/medium.jpeg","diariodelguardaparque",261902731,"Trucha común","Actinopterygii",47518,1,0,"2020-01-13 21:15:18","2020-01-13","2020-01-14 00:15:18 UTC","Santiago",360,360,"","open","false","gps","gps",7448644,"Manuel Alejandro Henríquez","2025-02-16 23:03:57 UTC","2025-02-17 03:25:16 UTC","research","CC-BY-NC",NA,2,"false"
"Helcogrammoides cunninghami","2024-01-21 07:43:00 -0300","","Canales de Punta Peligro (Punta Maqueda)",-46.0127222705,-67.5839931602,"","Cunningham's Triplefin","https://www.inaturalist.org/observations/261068549","https://inaturalist-open-data.s3.amazonaws.com/photos/468951695/medium.jpeg","danicaleta",261068549,"Diablillo","Actinopterygii",446098,0,0,"2024/01/21 7:43 AM","2024-01-21","2024-01-21 10:43:00 UTC","America/Argentina/Rio_Gallegos",127,127,"","open","false","","",5893060,"Daniel Fernando Vidal","2025-02-09 02:01:52 UTC","2025-02-09 02:01:52 UTC","needs_id","CC-BY-NC",NA,NA,"false"
"Helcogrammoides cunninghami","2024-01-21 07:42:00 -0300","","Canales de Punta Peligro (Punta Maqueda)",-46.0124737241,-67.5858030318,"","Cunningham's Triplefin","https://www.inaturalist.org/observations/261068352","https://inaturalist-open-data.s3.amazonaws.com/photos/468951293/medium.jpeg","danicaleta",261068352,"Diablillo","Actinopterygii",446098,0,0,"2024/01/21 7:42 AM","2024-01-21","2024-01-21 10:42:00 UTC","America/Argentina/Rio_Gallegos",133,133,"","open","false","","",5893060,"Daniel Fernando Vidal","2025-02-09 02:00:03 UTC","2025-02-09 02:00:03 UTC","needs_id","CC-BY-NC",NA,NA,"false"
"Helcogrammoides cunninghami","2024-01-21 07:33:00 -0300","","Canales de Punta Peligro (Punta Maqueda)",-46.0124737241,-67.5858030318,"","Cunningham's Triplefin","https://www.inaturalist.org/observations/261067854","https://inaturalist-open-data.s3.amazonaws.com/photos/468950440/medium.jpeg","danicaleta",261067854,"Diablillo","Actinopterygii",446098,0,0,"2024/01/21 7:33 AM","2024-01-21","2024-01-21 10:33:00 UTC","America/Argentina/Rio_Gallegos",78,78,"","open","false","","",5893060,"Daniel Fernando Vidal","2025-02-09 01:56:17 UTC","2025-02-09 01:56:17 UTC","needs_id","CC-BY-NC",NA,NA,"false"
"Helcogrammoides cunninghami","2024-01-21 05:37:00 -0300","","Canales de Punta Peligro (Punta Maqueda)",-46.0122145103,-67.5846152206,"","Cunningham's Triplefin","https://www.inaturalist.org/observations/261065913","https://inaturalist-open-data.s3.amazonaws.com/photos/468946047/medium.jpeg","danicaleta",261065913,"Diablillo","Actinopterygii",446098,0,0,"2024/01/21 5:37 AM","2024-01-21","2024-01-21 08:37:00 UTC","America/Argentina/Rio_Gallegos",61,61,"","open","false","","",5893060,"Daniel Fernando Vidal","2025-02-09 01:35:22 UTC","2025-02-09 01:35:22 UTC","needs_id","CC-BY-NC",NA,NA,"false"
"Sebastes oculatus","2024-11-30 14:00:00 -0300","","El Boyero",-46.072216274,-67.6210957021,"","Patagonian Redfish","https://www.inaturalist.org/observations/261061068","https://inaturalist-open-data.s3.amazonaws.com/photos/468936394/medium.jpeg","danicaleta",261061068,"Escrófalo","Actinopterygii",620534,0,0,"2024/11/30 2:00 PM","2024-11-30","2024-11-30 17:00:00 UTC","America/Argentina/Rio_Gallegos",157,157,"","open","false","","",5893060,"Daniel Fernando Vidal","2025-02-09 00:49:51 UTC","2025-02-09 00:49:51 UTC","needs_id","CC-BY-NC",NA,NA,"false"
"Bovichtus argentinus","2024-11-30 13:49:00 -0300","","El Boyero",-46.072216274,-67.6210957021,"","Vieja Thornfish","https://www.inaturalist.org/observations/261061000","https://inaturalist-open-data.s3.amazonaws.com/photos/468936112/medium.jpeg","danicaleta",261061000,"Vieja","Actinopterygii",520294,0,0,"2024/11/30 1:49 PM","2024-11-30","2024-11-30 16:49:00 UTC","America/Argentina/Rio_Gallegos",157,157,"","","false","","",5893060,"Daniel Fernando Vidal","2025-02-09 00:49:04 UTC","2025-02-09 00:49:04 UTC","needs_id","CC-BY-NC",NA,NA,"false"
"Helcogrammoides cunninghami","2025-01-04 14:19:44 -0300","","Argentina",-46.01278268,-67.5859476998,"","Cunningham's Triplefin","https://www.inaturalist.org/observations/260007475","https://inaturalist-open-data.s3.amazonaws.com/photos/466847882/medium.jpeg","danicaleta",260007475,"Diablillo","Actinopterygii",446098,1,0,"2025-01-04 14:19:44","2025-01-04","2025-01-04 17:19:44 UTC","America/Argentina/Rio_Gallegos",8,8,"","open","false","gps","gps",5893060,"Daniel Fernando Vidal","2025-01-29 22:57:40 UTC","2025-04-13 17:29:44 UTC","research","CC-BY-NC",NA,2,"false"
"Helcogrammoides cunninghami","2025-01-04 14:14:50 -0300","","Argentina",-46.0122967229,-67.5862286612,"","Cunningham's Triplefin","https://www.inaturalist.org/observations/260007155","https://inaturalist-open-data.s3.amazonaws.com/photos/466847160/medium.jpeg","danicaleta",260007155,"Diablillo","Actinopterygii",446098,1,0,"2025-01-04 14:14:50","2025-01-04","2025-01-04 17:14:50 UTC","America/Argentina/Rio_Gallegos",13,13,"","open","false","gps","gps",5893060,"Daniel Fernando Vidal","2025-01-29 22:53:09 UTC","2025-04-13 17:29:24 UTC","research","CC-BY-NC",NA,2,"false"
"Helcogrammoides cunninghami","2025-01-04 14:11:45 -0300","","Argentina",-46.012268548,-67.5857857615,"","Cunningham's Triplefin","https://www.inaturalist.org/observations/260006609","https://inaturalist-open-data.s3.amazonaws.com/photos/466846836/medium.jpeg","danicaleta",260006609,"Diablillo","Actinopterygii",446098,1,0,"2025-01-04 14:11:45","2025-01-04","2025-01-04 17:11:45 UTC","America/Argentina/Rio_Gallegos",10,10,"","open","false","gps","gps",5893060,"Daniel Fernando Vidal","2025-01-29 22:46:27 UTC","2025-04-13 17:28:55 UTC","research","CC-BY-NC",NA,2,"false"
"Helcogrammoides cunninghami","2025-01-04 14:11:36 -0300","","Argentina",-46.0123146524,-67.5858534873,"","Cunningham's Triplefin","https://www.inaturalist.org/observations/259915122","https://inaturalist-open-data.s3.amazonaws.com/photos/466664811/medium.jpeg","danicaleta",259915122,"Diablillo","Actinopterygii",446098,1,0,"2025-01-04 14:11:36","2025-01-04","2025-01-04 17:11:36 UTC","America/Argentina/Rio_Gallegos",11,11,"","open","false","gps","gps",5893060,"Daniel Fernando Vidal","2025-01-29 00:41:29 UTC","2025-04-13 14:35:56 UTC","research","CC-BY-NC",NA,2,"false"
"Genidens barbus","2025-01-21 15:25:15 -0300","","5GGQ+5F, Comodoro Rivadavia, Chubut, Argentina",-45.8257926896,-67.4601956829,"","White Sea Catfish","https://www.inaturalist.org/observations/259195156","https://inaturalist-open-data.s3.amazonaws.com/photos/465225018/medium.jpeg","jazma1",259195156,"Bagre de mar","Actinopterygii",359778,1,0,"2025-01-21 15:25:15","2025-01-21","2025-01-21 18:25:15 UTC","America/Argentina/Catamarca",305,305,"","","false","gps","gps",8733667,"Jazma Todoroff","2025-01-21 22:55:39 UTC","2025-01-24 17:25:49 UTC","research","CC-BY-NC-SA",NA,2,"false"
"Sardina","2025-01-21 11:09:41 -0300","","Chile",-44.9395669,-73.1547357,"","","https://www.inaturalist.org/observations/259158607","","daniel_carrizo",259158607,"Sardina","Actinopterygii",91865,0,0,"2025-01-21 11:09:41","2025-01-21","2025-01-21 14:09:41 UTC","Santiago",12,12,"","","false","","",6323443,"Daniel Patricio Carrizo Águila","2025-01-21 14:25:19 UTC","2025-01-21 14:25:19 UTC","casual","",NA,2,"false"
"Atherinops","2025-01-21 11:08:13 -0300","","Chile",-44.9395663,-73.1547374,"","","https://www.inaturalist.org/observations/259158604","","daniel_carrizo",259158604,"Pejerrey pescadillo","Actinopterygii",86718,0,0,"2025-01-21 11:08:13","2025-01-21","2025-01-21 14:08:13 UTC","Santiago",12,12,"","","false","","",6323443,"Daniel Patricio Carrizo Águila","2025-01-21 14:25:17 UTC","2025-01-21 14:25:17 UTC","casual","",NA,2,"false"
"Salmo salar","2025-01-21 11:06:32 -0300","","Chile",-44.9395681,-73.1547353,"","Atlantic Salmon","https://www.inaturalist.org/observations/259158600","","daniel_carrizo",259158600,"Salmón del Atlantico","Actinopterygii",48648,0,0,"2025-01-21 11:06:32","2025-01-21","2025-01-21 14:06:32 UTC","Santiago",11,11,"","open","false","","",6323443,"Daniel Patricio Carrizo Águila","2025-01-21 14:25:14 UTC","2025-01-21 14:25:14 UTC","casual","",NA,2,"false"
"Salilota australis","2025-01-16 14:16:40 -0300","","Aysén, Chile",-46.6854802652,-73.8452032954,"","Tadpole codling","https://www.inaturalist.org/observations/258665355","https://inaturalist-open-data.s3.amazonaws.com/photos/464146703/medium.jpeg","cristian_cad",258665355,"Bacalao criollo","Actinopterygii",617503,3,1,"2025-01-16 14:16:40","2025-01-16","2025-01-16 17:16:40 UTC","Santiago",521,521,"","open","false","gps","gps",3492576,"","2025-01-16 17:23:26 UTC","2025-11-26 18:17:18 UTC","research","CC-BY-NC",NA,2,"false"
"Galaxias platei","2023-12-23 18:23:00 -0300","","Lago Pueyrredon - Refugio Lago Pueyrredon",-47.4307456094,-71.9189054115,"","Plate's Galaxias","https://www.inaturalist.org/observations/255593810","https://static.inaturalist.org/photos/458071393/medium.jpeg","argentinasubmarina",255593810,"Puyen grande","Actinopterygii",614165,3,0,"2023/12/23 6:23 PM","2023-12-23","2023-12-23 21:23:00 UTC","America/Argentina/Rio_Gallegos",4,4,"","","false","","",1757020,"Mariano Rodriguez","2024-12-19 15:42:38 UTC","2025-11-15 03:27:45 UTC","research","",NA,NA,"false"
"Patagonotothen","2008-12-31 12:05:00 -0300","","Escalante, AR-CH, AR",-45.9566612835,-67.5347206818,"","","https://www.inaturalist.org/observations/254996566","https://inaturalist-open-data.s3.amazonaws.com/photos/456873904/medium.jpeg","gonzalopardo",254996566,"Patagonotothen","Actinopterygii",90874,0,0,"2008/12/31 12:05 PM","2008-12-31","2008-12-31 15:05:00 UTC","America/Argentina/Catamarca",8,8,"","","false","","",2653479,"Gonzalo Pardo","2024-12-13 16:46:30 UTC","2024-12-13 16:46:30 UTC","needs_id","CC0",NA,NA,"false"
"Galaxias maculatus","2024-10-06 00:00:00 -0400","Observaciones: Se puede observar que, en comparación con la moneda, que mide 2.4 cm, el organismo mide 6.3 cm de altura aproximadamente. Presenta un cuerpo alargado con un color amarillo/café, con textura lisa y blanda. En la parte inferior tiene colores plateados, grisáceos y negros. También se observa un opérculo con color rojizo alrededor, aleta pectoral, ojo, una aleta caudal alargada y poco desarrollada. Presenta líneas negras en la parte lateral del organismo y puntos negros, simulando una línea en la parte superior. Este organismo es encontrado en la costa de Bahía acantilado.","Aysén, Chile",-45.3938249294,-72.7975478768,"","Common Galaxias","https://www.inaturalist.org/observations/253349453","https://inaturalist-open-data.s3.amazonaws.com/photos/453614324/medium.jpeg","cristina_orena",253349453,"Puyen chico","Actinopterygii",321994,2,0,"2024-10-06","2024-10-06","","Santiago",111,111,"","open","false","","",8440186,"Cristina Orena","2024-11-28 00:59:41 UTC","2025-08-05 06:16:20 UTC","research","CC-BY-NC",NA,2,"false"
"Helcogrammoides cunninghami","2024-10-26 17:14:46 -0300","","Tranquera",-46.0407730709,-67.5978208333,"","Cunningham's Triplefin","https://www.inaturalist.org/observations/249427156","https://inaturalist-open-data.s3.amazonaws.com/photos/445871817/medium.jpeg","danicaleta",249427156,"Diablillo","Actinopterygii",446098,1,0,"2024-10-26 17:14:46","2024-10-26","2024-10-26 20:14:46 UTC","America/Argentina/Rio_Gallegos",84,84,"","open","false","gps","gps",5893060,"Daniel Fernando Vidal","2024-10-28 00:57:34 UTC","2025-04-08 02:02:40 UTC","research","CC-BY-NC",NA,2,"false"
"Oncorhynchus kisutch","2019-04-18 12:01:00 -0400","","Coihaique, Aysén, Chile",-44.9990587935,-72.203632704,"","Coho Salmon","https://www.inaturalist.org/observations/246092519","https://static.inaturalist.org/photos/439262902/medium.jpg","omarbravo",246092519,"Salmón Plateado","Actinopterygii",53692,3,0,"2019/04/18 12:01 PM","2019-04-18","2019-04-18 16:01:00 UTC","Santiago",8,8,"","","false","","",4451562,"Omar Bravo Rodríguez","2024-10-07 03:30:25 UTC","2025-06-02 19:50:53 UTC","research","",NA,NA,"false"
"Notothenia angustata","2024-10-06 11:51:20 -0300","","RN3, Santa Cruz, Argentina",-46.0447330742,-67.6026085764,"","Maori Chief","https://www.inaturalist.org/observations/246079878","https://inaturalist-open-data.s3.amazonaws.com/photos/439237990/medium.jpeg","abelsumergido",246079878,"Pez sapo","Actinopterygii",618305,0,0,"2024-10-06 11:51:20","2024-10-06","2024-10-06 14:51:20 UTC","America/Argentina/Rio_Gallegos",359,359,"","","false","gps","gps",7978713,"Abel Romero","2024-10-07 02:02:12 UTC","2025-06-07 20:58:38 UTC","needs_id","CC-BY-NC",NA,2,"false"
"Congiopodus peruvianus","2024-10-06 12:23:19 -0300","","RN3, Santa Cruz, Argentina",-46.0452501623,-67.6048549265,"","Horsefish","https://www.inaturalist.org/observations/246079075","https://inaturalist-open-data.s3.amazonaws.com/photos/439237805/medium.jpeg","abelsumergido",246079075,"Cacique","Actinopterygii",505380,2,0,"2024-10-06 12:23:19","2024-10-06","2024-10-06 15:23:19 UTC","America/Argentina/Rio_Gallegos",122,122,"","open","false","gps","gps",7978713,"Abel Romero","2024-10-07 01:57:04 UTC","2025-11-25 19:17:16 UTC","research","CC-BY-NC",NA,2,"false"
"Galaxias maculatus","2024-10-05 16:23:00 -0300","","Aysen, Aysén, Chile",-45.3855065186,-72.7962336359,"","Common Galaxias","https://www.inaturalist.org/observations/245874050","https://inaturalist-open-data.s3.amazonaws.com/photos/438829726/medium.jpg","netoguz8",245874050,"Puyen chico","Actinopterygii",321994,1,0,"2024/10/05 4:23 PM","2024-10-05","2024-10-05 19:23:00 UTC","Santiago",15,15,"","open","false","","",2435441,"Ernesto Octavio Guzman Tapia","2024-10-06 02:58:58 UTC","2024-10-07 14:02:28 UTC","research","CC-BY-NC",NA,NA,"false"
"Patagonotothen","2024-08-21 14:19:00 -0400","","Capitán Prat Province, Aysén, Chile",-47.6635903376,-74.4254745739,"","","https://www.inaturalist.org/observations/241324002","https://inaturalist-open-data.s3.amazonaws.com/photos/430076509/medium.png","heatherthehawk",241324002,"Patagonotothen","Actinopterygii",90874,0,0,"2024/08/21 2:19 PM","2024-08-21","2024-08-21 18:19:00 UTC","Santiago",21975,21975,"","","false","","",705586,"Heather Hawk","2024-09-12 18:20:22 UTC","2024-09-12 18:20:22 UTC","needs_id","CC-BY-NC",NA,NA,"false"
"Percichthys trucha","2024-09-08 18:25:56 -0300","","Cochrane, Aysén, Chile",-47.2786059858,-72.6946781203,"","Creole Perch","https://www.inaturalist.org/observations/240686690","https://static.inaturalist.org/photos/428844549/medium.jpeg","jorge170",240686690,"Creole Perch","Actinopterygii",423999,2,0,"2024-09-08 17:25:56","2024-09-08","2024-09-08 21:25:56 UTC","Santiago",503,503,"","","false","gps","gps",789765,"Jorge Alejandro Molina Vidal","2024-09-09 02:29:06 UTC","2025-07-29 06:38:01 UTC","research","",NA,2,"false"
"Galaxias platei","2024-08-24 14:39:00 -0400","Fotos de Matías Hune ","Lago Cochrane, Cochrane, Región de Aysén del General Carlos Ibáñez del Campo, CL",-47.47322705,-72.44377305,"","Plate's Galaxias","https://www.inaturalist.org/observations/238463068","https://inaturalist-open-data.s3.amazonaws.com/photos/424544997/medium.jpeg","fran_z",238463068,"Puyen grande","Actinopterygii",614165,2,0,"2024-08-24 14:39:00-04:00","2024-08-24","2024-08-24 18:39:00 UTC","Santiago",28198,28198,"","","false","","",8480891,"","2024-08-28 18:41:55 UTC","2025-08-05 06:16:22 UTC","research","CC-BY-NC",NA,3,"false"
"Galaxias platei","2024-08-24 16:10:25 -0400","","Capitán Prat, CL-AI, CL",-47.2045542376,-72.4404610321,"","Plate's Galaxias","https://www.inaturalist.org/observations/237772912","https://static.inaturalist.org/photos/423211254/medium.jpeg","jorge170",237772912,"galaxias platei","Actinopterygii",614165,0,0,"2024-08-24 16:10:25","2024-08-24","2024-08-24 20:10:25 UTC","Santiago",2072,2072,"","","false","gps","gps",789765,"Jorge Alejandro Molina Vidal","2024-08-25 01:55:19 UTC","2024-08-25 01:55:26 UTC","casual","",NA,2,"false"
"Sebastes oculatus","2024-07-13 14:13:00 -0300","","RN3, Santa Cruz, Argentina ",-46.045356485,-67.6043935446,"","Patagonian Redfish","https://www.inaturalist.org/observations/233497303","https://inaturalist-open-data.s3.amazonaws.com/photos/414970843/medium.jpeg","danicaleta",233497303,"Escrófalo","Actinopterygii",620534,1,0,"2024/07/13 2:13 PM","2024-07-13","2024-07-13 17:13:00 UTC","America/Argentina/Rio_Gallegos",15,15,"","open","false","","",5893060,"Daniel Fernando Vidal","2024-08-03 15:12:05 UTC","2024-08-03 15:51:45 UTC","research","CC-BY-NC",NA,NA,"false"
"Helcogrammoides cunninghami","2024-01-21 19:32:00 -0300","","Canales de Punta Peligro (Punta Maqueda)",-46.0120935924,-67.5859522711,"","Cunningham's Triplefin","https://www.inaturalist.org/observations/231115107","https://inaturalist-open-data.s3.amazonaws.com/photos/410441005/medium.jpeg","danicaleta",231115107,"Diablillo","Actinopterygii",446098,1,0,"2024/01/21 7:32 pM","2024-01-21","2024-01-21 22:32:00 UTC","America/Argentina/Rio_Gallegos",8,8,"","open","false","","",5893060,"Daniel Fernando Vidal","2024-07-23 01:16:55 UTC","2024-07-23 01:59:36 UTC","research","CC-BY-NC",NA,NA,"false"
"Sebastes oculatus","2024-01-21 19:09:00 -0300","","Canales de Punta Peligro (Punta Maqueda)",-46.0121241038,-67.5831613171,"","Patagonian Redfish","https://www.inaturalist.org/observations/231111292","https://inaturalist-open-data.s3.amazonaws.com/photos/410433130/medium.jpeg","danicaleta",231111292,"Escrófalo","Actinopterygii",620534,1,0,"2024/01/21 7:09 pM","2024-01-21","2024-01-21 22:09:00 UTC","America/Argentina/Rio_Gallegos",4,4,"","open","false","","",5893060,"Daniel Fernando Vidal","2024-07-23 00:50:17 UTC","2024-07-23 02:00:08 UTC","research","CC-BY-NC",NA,NA,"false"
"Sebastes oculatus","2024-01-21 19:05:00 -0300","","Canales de Punta Peligro (Punta Maqueda)",-46.0121110421,-67.5831392817,"","Patagonian Redfish","https://www.inaturalist.org/observations/231075511","https://inaturalist-open-data.s3.amazonaws.com/photos/410360064/medium.jpeg","danicaleta",231075511,"Escrófalo","Actinopterygii",620534,1,0,"2024/01/21 7:05 pM","2024-01-21","2024-01-21 22:05:00 UTC","America/Argentina/Rio_Gallegos",4,4,"","open","false","","",5893060,"Daniel Fernando Vidal","2024-07-22 21:17:43 UTC","2024-07-22 21:27:39 UTC","research","CC-BY-NC",NA,NA,"false"
"Bovichtus argentinus","2024-01-21 18:20:00 -0300","","Canales de Punta Peligro (Punta Maqueda)",-46.0120438616,-67.5835954897,"","Vieja Thornfish","https://www.inaturalist.org/observations/231071337","https://inaturalist-open-data.s3.amazonaws.com/photos/410353244/medium.jpeg","danicaleta",231071337,"Vieja","Actinopterygii",520294,1,0,"2024/01/21 6:20 pM","2024-01-21","2024-01-21 21:20:00 UTC","America/Argentina/Rio_Gallegos",4,4,"","","false","","",5893060,"Daniel Fernando Vidal","2024-07-22 20:57:03 UTC","2024-07-22 21:27:21 UTC","research","CC-BY-NC",NA,NA,"false"
"Helcogrammoides cunninghami","2024-01-21 17:40:00 -0300","","Canales de Punta Peligro (Punta Maqueda)",-46.0122004596,-67.5854784636,"","Cunningham's Triplefin","https://www.inaturalist.org/observations/231025313","https://inaturalist-open-data.s3.amazonaws.com/photos/410266855/medium.jpeg","danicaleta",231025313,"Diablillo","Actinopterygii",446098,2,0,"2024/01/21 5:40 pM","2024-01-21","2024-01-21 20:40:00 UTC","America/Argentina/Rio_Gallegos",4,4,"","open","false","","",5893060,"Daniel Fernando Vidal","2024-07-22 17:13:54 UTC","2024-07-22 18:57:21 UTC","research","CC-BY-NC",NA,NA,"false"
"Patagonotothen","2024-07-11 16:33:30 -0300","Hallado debajo de una roca (el escondite no tenía agua, estaba seco) en el intermareal costero. ","Argentina",-45.1058749997,-65.9670507997,"","","https://www.inaturalist.org/observations/230196718","https://inaturalist-open-data.s3.amazonaws.com/photos/408705520/medium.jpeg","ttamagno",230196718,"Patagonotothen","Actinopterygii",90874,0,0,"2024-07-11 16:33:30","2024-07-11","2024-07-11 19:33:30 UTC","America/Argentina/Catamarca",NA,NA,"","","false","gps","gps",5212013,"Tomás Tamagno","2024-07-18 23:40:42 UTC","2024-07-18 23:41:45 UTC","needs_id","CC-BY",NA,2,"false"
"Odontesthes smitti","2024-07-11 15:26:11 -0300","","Argentina",-45.1054079,-65.9678655,"","","https://www.inaturalist.org/observations/230195947","https://inaturalist-open-data.s3.amazonaws.com/photos/408704244/medium.jpeg","ttamagno",230195947,"Pejerreyes","Actinopterygii",608803,1,0,"2024-07-11 15:26:11","2024-07-11","2024-07-11 18:26:11 UTC","America/Argentina/Catamarca",NA,NA,"","","false","gps","gps",5212013,"Tomás Tamagno","2024-07-18 23:35:57 UTC","2024-07-19 13:46:19 UTC","needs_id","CC-BY",NA,2,"false"
"Bovichtus argentinus","2024-05-26 12:52:00 -0300","","RN3, Santa Cruz, Argentina ",-46.0454011655,-67.604334536,"","Vieja Thornfish","https://www.inaturalist.org/observations/230100920","https://inaturalist-open-data.s3.amazonaws.com/photos/408527029/medium.jpeg","danicaleta",230100920,"Vieja","Actinopterygii",520294,1,0,"2024/05/26 12:52 pM","2024-05-26","2024-05-26 15:52:00 UTC","America/Argentina/Rio_Gallegos",8,8,"","","false","","",5893060,"Daniel Fernando Vidal","2024-07-18 14:48:30 UTC","2024-07-18 14:52:19 UTC","research","CC-BY-NC",NA,NA,"false"
"Sebastes oculatus","2024-05-26 12:49:00 -0300","","RN3, Santa Cruz, Argentina ",-46.0453639317,-67.6042862563,"","Patagonian Redfish","https://www.inaturalist.org/observations/230100712","https://inaturalist-open-data.s3.amazonaws.com/photos/408526514/medium.jpeg","danicaleta",230100712,"Escrófalo","Actinopterygii",620534,1,0,"2024/05/26 12:49 pM","2024-05-26","2024-05-26 15:49:00 UTC","America/Argentina/Rio_Gallegos",8,8,"","open","false","","",5893060,"Daniel Fernando Vidal","2024-07-18 14:47:29 UTC","2024-07-18 14:51:53 UTC","research","CC-BY-NC",NA,NA,"false"
"Sebastes oculatus","2024-05-26 12:49:00 -0300","","RN3, Santa Cruz, Argentina ",-46.0452298898,-67.6043023495,"","Patagonian Redfish","https://www.inaturalist.org/observations/230094058","https://inaturalist-open-data.s3.amazonaws.com/photos/408512964/medium.jpeg","danicaleta",230094058,"Escrófalo","Actinopterygii",620534,1,0,"2024/05/26 12:49 pM","2024-05-26","2024-05-26 15:49:00 UTC","America/Argentina/Rio_Gallegos",8,8,"","open","false","","",5893060,"Daniel Fernando Vidal","2024-07-18 14:14:05 UTC","2024-07-18 14:42:25 UTC","research","CC-BY-NC",NA,NA,"false"
"Salmo trutta","2024-06-20 15:24:00 -0400","","Sendero 2: Los Carpinteros, Cochrane, Région del Aisén, CL",-47.2229450994,-72.4964164523,"","Brown Trout","https://www.inaturalist.org/observations/224304897","https://inaturalist-open-data.s3.amazonaws.com/photos/397533340/medium.jpg","jacquescousteau2",224304897,"Forelle","Actinopterygii",47518,2,0,"2024-06-20 15:24:00-04:00","2024-06-20","2024-06-20 19:24:00 UTC","Santiago",22,22,"","open","false","","",7493734,"André Terwei","2024-06-22 01:49:03 UTC","2024-06-24 23:53:45 UTC","research","CC-BY-NC",NA,3,"false"
"Helcogrammoides cunninghami","2024-06-08 13:16:59 -0300","","Argentina",-46.0470487627,-67.608233504,"","Cunningham's Triplefin","https://www.inaturalist.org/observations/222162579","https://inaturalist-open-data.s3.amazonaws.com/photos/393507975/medium.jpeg","abelsumergido",222162579,"Diablillo","Actinopterygii",446098,2,0,"2024-06-08 13:16:59","2024-06-08","2024-06-08 16:16:59 UTC","America/Argentina/Rio_Gallegos",414,414,"","open","false","gps","gps",7978713,"Abel Romero","2024-06-12 02:32:30 UTC","2024-06-12 11:19:03 UTC","research","CC-BY-NC",NA,2,"false"
"Sebastes oculatus","2024-06-08 13:10:51 -0300","","Argentina",-46.0472412088,-67.6112576947,"","Patagonian Redfish","https://www.inaturalist.org/observations/222162141","https://inaturalist-open-data.s3.amazonaws.com/photos/393507011/medium.jpeg","abelsumergido",222162141,"Escrófalo","Actinopterygii",620534,4,0,"2024-06-08 13:10:51","2024-06-08","2024-06-08 16:10:51 UTC","America/Argentina/Rio_Gallegos",310,310,"","open","false","gps","gps",7978713,"Abel Romero","2024-06-12 02:28:49 UTC","2024-06-12 11:18:51 UTC","research","CC-BY-NC",NA,2,"false"
"Bovichtus argentinus","2024-06-08 13:11:58 -0300","","Deseado, AR-SC, AR",-46.0475756026,-67.6105489209,"","Vieja Thornfish","https://www.inaturalist.org/observations/222161679","https://inaturalist-open-data.s3.amazonaws.com/photos/393505841/medium.jpeg","abelsumergido",222161679,"Vieja","Actinopterygii",520294,2,0,"2024-06-08 13:11:58","2024-06-08","2024-06-08 16:11:58 UTC","America/Argentina/Rio_Gallegos",151,151,"","","false","","",7978713,"Abel Romero","2024-06-12 02:24:27 UTC","2024-06-12 11:18:37 UTC","research","CC-BY-NC",NA,2,"false"
"Helcogrammoides cunninghami","2024-02-04 16:20:00 -0300","Diablillo devorando algo.","Canales de Punta Peligro (Punta Maqueda)",-46.0124737241,-67.5858030318,"Golfo San Jorge","Cunningham's Triplefin","https://www.inaturalist.org/observations/220463441","https://inaturalist-open-data.s3.amazonaws.com/photos/390331531/medium.jpeg","danicaleta",220463441,"Diablillo","Actinopterygii",446098,2,0,"2024/02/04 4:20 pM","2024-02-04","2024-02-04 19:20:00 UTC","America/Argentina/Rio_Gallegos",8,8,"","open","false","","",5893060,"Daniel Fernando Vidal","2024-06-04 13:27:51 UTC","2024-06-04 18:21:01 UTC","research","CC-BY-NC",NA,NA,"false"
"Bovichtus argentinus","2024-05-26 00:00:00 -0300","","Deseado, AR-SC, AR",-46.0449618316,-67.6040066779,"","Vieja Thornfish","https://www.inaturalist.org/observations/218543724","https://inaturalist-open-data.s3.amazonaws.com/photos/386732508/medium.jpeg","abelsumergido",218543724,"Vieja","Actinopterygii",520294,1,0,"2024-05-26","2024-05-26","","America/Argentina/Rio_Gallegos",48,48,"","","false","gps","gps",7978713,"Abel Romero","2024-05-27 02:01:26 UTC","2024-05-27 02:41:04 UTC","research","CC-BY-NC",NA,2,"false"
"Acanthomorpha","2024-04-06 20:16:00 -0300","","RN3, Santa Cruz, Argentina ",-46.0449394646,-67.6053323178,"","Spiny-rayed fishes","https://www.inaturalist.org/observations/215698898","https://inaturalist-open-data.s3.amazonaws.com/photos/381388844/medium.jpeg","danicaleta",215698898,"Acanthomorpha","Actinopterygii",1632273,3,0,"2024/04/06 8:16 pM","2024-04-06","2024-04-06 23:16:00 UTC","America/Argentina/Rio_Gallegos",15,15,"","","false","","",5893060,"Daniel Fernando Vidal","2024-05-14 13:17:46 UTC","2025-07-18 15:36:18 UTC","needs_id","CC-BY-NC",NA,NA,"false"
"Salmo trutta","2024-02-29 17:13:00 -0300","","Aysen, Aysén, Chile",-45.4561208234,-72.4526246732,"","Brown Trout","https://www.inaturalist.org/observations/213697796","https://inaturalist-open-data.s3.amazonaws.com/photos/377676565/medium.jpg","netoguz8",213697796,"Trucha común","Actinopterygii",47518,4,0,"2024/02/29 5:13 PM","2024-02-29","2024-02-29 20:13:00 UTC","Santiago",15,15,"","open","false","","",2435441,"Ernesto Octavio Guzman Tapia","2024-05-05 14:42:13 UTC","2024-05-15 06:28:40 UTC","research","CC-BY-NC",NA,NA,"false"
"Oncorhynchus mykiss","2022-12-06 13:06:00 -0300","","Lago Ardillas, Río Ibáñez, Región de Aysén del General Carlos Ibáñez del Campo, CL",-46.1620334079,-72.2053747533,"","Rainbow Trout","https://www.inaturalist.org/observations/208997710","https://static.inaturalist.org/photos/369827427/medium.jpg","ignacioeyzaguirre",208997710,"Trucha arcoiris","Actinopterygii",47516,4,0,"2022-12-06 13:06:00-03:00","2022-12-06","2022-12-06 16:06:00 UTC","Santiago",203,203,"","","false","","",7946587,"Ignacio Eyzaguirre","2024-04-24 00:17:16 UTC","2024-04-24 17:58:39 UTC","research","",NA,3,"false"
"Nemadactylus bergi","2024-04-20 15:28:46 -0300","","Deseado, AR-SC, AR",-46.0460008855,-67.6039221883,"","Castaneta","https://www.inaturalist.org/observations/208414461","https://inaturalist-open-data.s3.amazonaws.com/photos/368750203/medium.jpeg","abelsumergido",208414461,"Papamoscas","Actinopterygii",411178,0,0,"2024-04-20 15:28:46","2024-04-20","2024-04-20 18:28:46 UTC","America/Argentina/Rio_Gallegos",189,189,"","","false","","",7978713,"Abel Romero","2024-04-21 03:32:49 UTC","2025-07-21 16:17:55 UTC","needs_id","CC-BY-NC",NA,2,"false"
"Sebastes oculatus","2024-04-20 15:19:25 -0300","","Deseado, AR-SC, AR",-46.046810473,-67.6027976722,"","Patagonian Redfish","https://www.inaturalist.org/observations/208412855","https://inaturalist-open-data.s3.amazonaws.com/photos/368747138/medium.jpeg","abelsumergido",208412855,"Escrófalo","Actinopterygii",620534,1,0,"2024-04-20 15:19:25","2024-04-20","2024-04-20 18:19:25 UTC","America/Argentina/Rio_Gallegos",392,392,"","open","false","gps","gps",7978713,"Abel Romero","2024-04-21 03:20:39 UTC","2024-04-21 23:01:53 UTC","research","CC-BY-NC",NA,2,"false"
"Patagonotothen cornucola","2024-04-20 15:16:37 -0300","","Deseado, AR-SC, AR",-46.0460374208,-67.6036710665,"","Nototenia","https://www.inaturalist.org/observations/208412596","https://inaturalist-open-data.s3.amazonaws.com/photos/368746688/medium.jpeg","abelsumergido",208412596,"Nototenia","Actinopterygii",108966,1,0,"2024-04-20 15:16:37","2024-04-20","2024-04-20 18:16:37 UTC","America/Argentina/Rio_Gallegos",190,190,"","open","false","gps","gps",7978713,"Abel Romero","2024-04-21 03:18:37 UTC","2024-04-21 23:01:41 UTC","research","CC-BY-NC",NA,2,"false"
"Patagonotothen cornucola","2024-04-13 16:06:00 -0300","Buceando con Poseidón Buceo ","Deseado, AR-SC, AR",-46.0448138533,-67.6050032894,"","Nototenia","https://www.inaturalist.org/observations/207305501","https://inaturalist-open-data.s3.amazonaws.com/photos/366671977/medium.jpg","abelsumergido",207305501,"Nototenia","Actinopterygii",108966,1,0,"2024/04/13 4:06 PM","2024-04-13","2024-04-13 19:06:00 UTC","America/Argentina/Rio_Gallegos",8,8,"","open","false","","",7978713,"Abel Romero","2024-04-15 00:46:08 UTC","2024-04-15 19:05:49 UTC","research","CC-BY-NC",NA,NA,"false"
"Odontesthes","2024-02-08 15:27:00 -0300","","Deseado, Santa Cruz, Argentina",-47.8661454198,-66.5386026953,"","","https://www.inaturalist.org/observations/204004837","https://inaturalist-open-data.s3.amazonaws.com/photos/360523011/medium.jpg","mikelzubi",204004837,"Pejerreyes","Actinopterygii",90404,0,0,"2024/02/08 3:27 PM","2024-02-08","2024-02-08 18:27:00 UTC","America/Argentina/Rio_Gallegos",224,224,"","","false","","",5615914,"Mikel Zubimendi","2024-03-26 11:17:05 UTC","2024-03-26 11:18:20 UTC","needs_id","CC-BY",NA,NA,"false"
"Ophiogobius jenynsi","2025-10-31 16:21:16 -0300","Se observa un pez de simetría bilateral con aproximadamente 6-7 cm de largo, se observan sus dos aletas pectorales, con una aleta dorsal cercana a su aleta caudal, estas son de color amarillento, mientras que su cuerpo es de color marrón con su cabeza de color más rojizo, presenta manchas distribuidas aleatoriamente en su cabeza y cuerpo, aunque en su dorso se presentan además manchones de mayor tamaño ubicadas de forma lineal y uniforme. Este individuo se encontraba en un poza bajo una roca que se encontraba en el intermareal medio-bajo con sustrato arenoso mezclado con una gran variedad de conchas y rocas pequeñas (la roca fue devuelta a su posición original).","Campo en venta - 532R+VF, Ancud, Los Lagos, Chile",-41.8468746412,-73.9066449925,NA,"","https://www.inaturalist.org/observations/328435552","https://inaturalist-open-data.s3.amazonaws.com/photos/595145994/medium.jpg","noah_barria",328435552,"Ophiogobius jenynsi","Actinopterygii",614739,1,0,"2025-10-31 16:21:16","2025-10-31","2025-10-31 19:21:16 UTC","Santiago",117,117,"","","false","","",9646680,"Noah barria","2025-11-27 03:04:04 UTC","2025-11-27 13:35:21 UTC","research","CC-BY-NC",NA,2,"false"
"Oncorhynchus mykiss","2025-11-22 16:34:56 -0300","","Puerto Cisnes, Cisnes, Región de Aysén del General Carlos Ibáñez del Campo, CL",-44.634836951,-72.6771416932,NA,"Rainbow Trout","https://www.inaturalist.org/observations/327989537","https://inaturalist-open-data.s3.amazonaws.com/photos/594257750/medium.jpg","fernacncn",327989537,"Trucha arcoiris","Actinopterygii",47516,3,0,"2025-11-22 16:34:56-03:00","2025-11-22","2025-11-22 19:34:56 UTC","Santiago",1325,1325,"","open","false","","",9116870,"","2025-11-24 02:33:57 UTC","2025-11-25 21:56:06 UTC","research","CC-BY-NC",NA,3,"false"
"Salmo trutta","2025-11-22 17:05:58 -0300","","Puerto Cisnes, Cisnes, Región de Aysén del General Carlos Ibáñez del Campo, CL",-44.6332061277,-72.6793825063,NA,"Brown Trout","https://www.inaturalist.org/observations/327989336","https://inaturalist-open-data.s3.amazonaws.com/photos/594257374/medium.jpg","fernacncn",327989336,"Trucha común","Actinopterygii",47518,4,0,"2025-11-22 17:05:58-03:00","2025-11-22","2025-11-22 20:05:58 UTC","Santiago",1325,1325,"","open","false","","",9116870,"","2025-11-24 02:32:55 UTC","2025-11-25 21:56:09 UTC","research","CC-BY-NC",NA,3,"false"
"Eleginops maclovinus","2025-11-14 10:44:42 -0300","","FM7W+47, 5560000 Cochamo, Los Lagos, Chile",-41.5373901279,-72.3043633997,NA,"Patagonian Blenny","https://www.inaturalist.org/observations/326471787","https://inaturalist-open-data.s3.amazonaws.com/photos/591283718/medium.jpg","rocioelisa",326471787,"Róbalo","Actinopterygii",541858,1,0,"2025-11-14 10:44:42","2025-11-14","2025-11-14 13:44:42 UTC","Santiago",5,5,"","","false","gps","gps",5493921,"Rocío Elisa","2025-11-14 14:33:18 UTC","2025-11-19 18:07:09 UTC","research","CC-BY-NC",NA,2,"false"
"Salmo trutta","2025-11-08 17:16:00 -0300","","San Carlos de Bariloche, Río Negro Province, Argentina",-41.1292405648,-71.4172305196,NA,"Brown Trout","https://www.inaturalist.org/observations/325600868","https://static.inaturalist.org/photos/589539450/medium.jpg","leahmv",325600868,"Brown Trout","Actinopterygii",47518,1,0,"2025/11/08 5:16 PM","2025-11-08","2025-11-08 20:16:00 UTC","America/Argentina/Salta",1266,1266,"","open","false","","",1015192,"","2025-11-09 01:28:40 UTC","2025-11-09 02:32:54 UTC","needs_id","",NA,NA,"false"
"Oncorhynchus mykiss","2025-04-18 15:00:00 -0300","","Futaleufú, Chubut, Argentina",-42.8830845952,-71.6054141461,NA,"Rainbow Trout","https://www.inaturalist.org/observations/323475650","https://inaturalist-open-data.s3.amazonaws.com/photos/585311707/medium.jpg","danicaleta",323475650,"Trucha arcoiris","Actinopterygii",47516,4,0,"2025/04/18 15:00 PM","2025-04-18","2025-04-18 18:00:00 UTC","America/Argentina/Catamarca",244,244,"","open","false","","",5893060,"Daniel Fernando Vidal","2025-10-27 15:52:59 UTC","2025-11-08 12:46:22 UTC","research","CC-BY-NC",NA,NA,"false"
"Oncorhynchus mykiss","2025-04-20 16:27:00 -0300","","Lago Futalaufquen, Chubut, AR",-42.8839411748,-71.6044733284,NA,"Rainbow Trout","https://www.inaturalist.org/observations/323035241","https://inaturalist-open-data.s3.amazonaws.com/photos/584473044/medium.jpg","danicaleta",323035241,"Trucha arcoiris","Actinopterygii",47516,3,0,"2025-04-20 16:27:00-03:00","2025-04-20","2025-04-20 19:27:00 UTC","America/Argentina/Catamarca",225,225,"","open","false","","",5893060,"Daniel Fernando Vidal","2025-10-25 19:28:09 UTC","2025-11-08 12:46:29 UTC","research","CC-BY-NC",NA,3,"false"
"Salmo trutta","2025-04-20 14:57:00 -0300","","Lago Futalaufquen, Chubut, AR",-42.8838248431,-71.6025154375,NA,"Brown Trout","https://www.inaturalist.org/observations/323034986","https://inaturalist-open-data.s3.amazonaws.com/photos/584472537/medium.jpg","danicaleta",323034986,"Trucha marrón","Actinopterygii",47518,4,0,"2025-04-20 14:57:00-03:00","2025-04-20","2025-04-20 17:57:00 UTC","America/Argentina/Catamarca",69,69,"","open","false","","",5893060,"Daniel Fernando Vidal","2025-10-25 19:26:51 UTC","2025-11-08 12:46:33 UTC","research","CC-BY-NC",NA,3,"false"
"Salmo trutta","2025-10-23 10:36:00 -0300","","Futaleufú Department, Chubut Province, Argentina",-42.7263058217,-71.7416448265,NA,"Brown Trout","https://www.inaturalist.org/observations/322845012","https://inaturalist-open-data.s3.amazonaws.com/photos/584099402/medium.jpg","nicoolejnik",322845012,"Trucha marrón","Actinopterygii",47518,2,0,"2025/10/23 10:36 AM","2025-10-23","2025-10-23 13:36:00 UTC","America/Argentina/Catamarca",31,31,"","open","false","","",50445,"Nicolas Olejnik","2025-10-24 22:05:40 UTC","2025-10-27 06:49:40 UTC","research","CC-BY",NA,NA,"false"
"Galaxias maculatus","2025-10-23 15:44:43 -0300","","Puyehue, Los Lagos, Chile",-40.7656643654,-72.6270566136,NA,"Common Galaxias","https://www.inaturalist.org/observations/322628680","https://inaturalist-open-data.s3.amazonaws.com/photos/583743300/medium.jpg","daniel_stange",322628680,"Puyen chico","Actinopterygii",321994,1,0,"2025-10-23 15:44:43","2025-10-23","2025-10-23 18:44:43 UTC","Santiago",4,4,"","open","false","gps","gps",5268396,"Daniel Stange","2025-10-23 19:46:51 UTC","2025-11-06 15:56:23 UTC","research","CC-BY-NC",NA,2,"false"
"Alosidae","2025-10-18 17:04:58 -0300","","CL",-42.1018611667,-74.0514916667,NA,"Shads and Sardines","https://www.inaturalist.org/observations/322136349","https://inaturalist-open-data.s3.amazonaws.com/photos/582692037/medium.jpg","morganharr",322136349,"Shads and Sardines","Actinopterygii",1416131,1,0,"2025-10-18 17:04:58","2025-10-18","2025-10-18 20:04:58 UTC","Santiago",20,20,"","","false","","",9118863,"","2025-10-20 22:56:41 UTC","2025-10-21 05:14:00 UTC","needs_id","CC-BY-NC",NA,843,"false"
"Pinguipes chilensis","2025-10-19 11:46:00 -0300","","Chiloé, CL-LL, CL",-42.5776235622,-73.7528165761,NA,"Chilean Sandperch","https://www.inaturalist.org/observations/321940258","https://inaturalist-open-data.s3.amazonaws.com/photos/582291015/medium.jpg","mgargiulo",321940258,"Pinguipes chilensis","Actinopterygii",559300,2,0,"2025/10/19 11:46 AM","2025-10-19","2025-10-19 14:46:00 UTC","Santiago",2,2,"","","false","","",2479418,"MatiasG","2025-10-19 22:31:30 UTC","2025-11-05 23:53:36 UTC","research","CC-BY-ND",NA,NA,"false"
"Pinguipes chilensis","2025-10-19 11:48:00 -0300","","Chiloé, CL-LL, CL",-42.577698615,-73.7528755847,NA,"Chilean Sandperch","https://www.inaturalist.org/observations/321940255","https://inaturalist-open-data.s3.amazonaws.com/photos/582291016/medium.jpg","mgargiulo",321940255,"Pinguipes chilensis","Actinopterygii",559300,3,0,"2025/10/19 11:48 AM","2025-10-19","2025-10-19 14:48:00 UTC","Santiago",2,2,"","","false","","",2479418,"MatiasG","2025-10-19 22:31:30 UTC","2025-11-27 13:44:33 UTC","research","CC-BY-ND",NA,NA,"false"
"Helcogrammoides cunninghami","2025-10-19 11:51:00 -0300","","Chiloé, CL-LL, CL",-42.5775564096,-73.752854127,NA,"Cunningham's Triplefin","https://www.inaturalist.org/observations/321940253","https://inaturalist-open-data.s3.amazonaws.com/photos/582290985/medium.jpg","mgargiulo",321940253,"Diablillo","Actinopterygii",446098,2,0,"2025/10/19 11:51 AM","2025-10-19","2025-10-19 14:51:00 UTC","Santiago",2,2,"","open","false","","",2479418,"MatiasG","2025-10-19 22:31:29 UTC","2025-11-27 13:48:21 UTC","research","CC-BY-ND",NA,NA,"false"
"Cottoperca trigloides","2025-10-19 12:00:00 -0300","","Chiloé, CL-LL, CL",-42.577600717,-73.7527996578,NA,"Mimic Bull Blenny","https://www.inaturalist.org/observations/321940251","https://inaturalist-open-data.s3.amazonaws.com/photos/582290955/medium.jpg","mgargiulo",321940251,"Torito de los canales","Actinopterygii",609395,1,0,"2025/10/19 12:00 PM","2025-10-19","2025-10-19 15:00:00 UTC","Santiago",2,2,"","open","false","","",2479418,"MatiasG","2025-10-19 22:31:29 UTC","2025-10-20 01:56:42 UTC","research","CC-BY-ND",NA,NA,"false"
"Cottoperca trigloides","2025-10-19 12:05:00 -0300","","Chiloé, CL-LL, CL",-42.5776609568,-73.7528596984,NA,"Mimic Bull Blenny","https://www.inaturalist.org/observations/321940249","https://inaturalist-open-data.s3.amazonaws.com/photos/582290942/medium.jpg","mgargiulo",321940249,"Torito de los canales","Actinopterygii",609395,1,0,"2025/10/19 12:05 PM","2025-10-19","2025-10-19 15:05:00 UTC","Santiago",2,2,"","open","false","","",2479418,"MatiasG","2025-10-19 22:31:28 UTC","2025-10-20 01:56:40 UTC","research","CC-BY-ND",NA,NA,"false"
"Actinopterygii","2025-10-18 13:20:19 -0300","Alevinos","Pilcaniyeu, AR-RN, AR",-41.0559133333,-71.1423316667,NA,"Ray-finned Fishes","https://www.inaturalist.org/observations/321718245","https://inaturalist-open-data.s3.amazonaws.com/photos/581861195/medium.jpg","carolina52655",321718245,"","Actinopterygii",47178,0,0,"2025-10-18 13:20:19","2025-10-18","2025-10-18 16:20:19 UTC","America/Argentina/Salta",7,7,"","","false","","",9875043,"Carolina Cief","2025-10-18 22:53:22 UTC","2025-10-18 23:25:45 UTC","needs_id","CC-BY-NC",NA,2,"false"
"Salvelinus fontinalis","2025-10-11 13:25:00 -0300","","Lago Futalaufquen, Chubut, AR",-42.8068694569,-71.6750953307,NA,"Brook Trout","https://www.inaturalist.org/observations/321294095","https://inaturalist-open-data.s3.amazonaws.com/photos/584471375/medium.jpg","danicaleta",321294095,"Trucha de arroyo","Actinopterygii",49596,4,0,"2025-10-11 13:25:00-03:00","2025-10-11","2025-10-11 16:25:00 UTC","America/Argentina/Catamarca",2759,2759,"","open","false","","",5893060,"Daniel Fernando Vidal","2025-10-16 20:25:23 UTC","2025-11-17 22:46:38 UTC","research","CC-BY-NC",NA,3,"false"
"Actinopterygii","2023-01-06 13:06:00 -0300","","Cajón Del Azul, Río Azul, El Bolsón, Río Negro, Argentina",-41.8531652,-71.620102,NA,"Ray-finned Fishes","https://www.inaturalist.org/observations/321286467","https://inaturalist-open-data.s3.amazonaws.com/photos/581024112/medium.jpg","lucazooch",321286467,"Peces con aletas radiadas","Actinopterygii",47178,1,0,"2023/01/06 1:06 PM","2023-01-06","2023-01-06 16:06:00 UTC","America/Argentina/Salta",206,206,"","","false","","",1802925,"Luca","2025-10-16 19:40:02 UTC","2025-10-16 20:20:48 UTC","needs_id","CC-BY-NC",NA,NA,"false"
"Congiopodus peruvianus","2025-10-04 13:41:00 -0300","","Llanquihue, CL-LL, CL",-41.6446669092,-72.6748771489,NA,"Horsefish","https://www.inaturalist.org/observations/320561444","https://inaturalist-open-data.s3.amazonaws.com/photos/579594334/medium.jpg","marcelocosas",320561444,"Cacique","Actinopterygii",505380,2,0,"2025/10/04 1:41 PM","2025-10-04","2025-10-04 16:41:00 UTC","Santiago",122,122,"","open","false","","",556694,"Marcelo Andrés Rojas González","2025-10-13 02:21:51 UTC","2025-10-26 01:40:26 UTC","research","CC-BY-NC",NA,NA,"false"
"Sicyases sanguineus","2025-09-18 11:49:00 -0300","","Melinka, Aysén, Chile",-43.8917728241,-73.7360828064,NA,"Common Chilean clingfish","https://www.inaturalist.org/observations/319556793","https://static.inaturalist.org/photos/577660653/medium.jpg","ricardomontiel",319556793,"chalaco","Actinopterygii",505078,1,0,"2025/09/18 11:49 AM","2025-09-18","2025-09-18 14:49:00 UTC","Santiago",15,15,"","","false","","",8965046,"Ricardo Montiel","2025-10-08 13:30:44 UTC","2025-10-26 01:40:42 UTC","research","",NA,NA,"false"
"Nototheniidae","2025-09-19 19:31:19 -0300","","Isla Teuquelin, Los Lagos, Chile",-42.4656870137,-73.2360451296,NA,"Cod Icefishes","https://www.inaturalist.org/observations/315135548","https://inaturalist-open-data.s3.amazonaws.com/photos/569261805/medium.jpg","rmditoo",315135548,"Bacalaos de Hielo","Actinopterygii",85936,1,0,"2025-09-19 19:31:19","2025-09-19","2025-09-19 22:31:19 UTC","Santiago",23,23,"","","false","","",7836950,"José Raimundo Peranchiguay","2025-09-20 01:03:44 UTC","2025-09-23 19:54:18 UTC","needs_id","CC-BY-NC",NA,2,"false"
"Leptonotus blainvilleanus","2025-07-16 12:23:00 -0400","","Chiloé, CL-LL, CL",-42.5772662864,-73.7527547457,NA,"Deep-bodied Pipefish","https://www.inaturalist.org/observations/298508759","https://inaturalist-open-data.s3.amazonaws.com/photos/537698548/medium.jpg","mgargiulo",298508759,"Caballito de mar","Actinopterygii",621457,2,0,"2025/07/16 12:23 PM","2025-07-16","2025-07-16 16:23:00 UTC","Santiago",4,4,"","open","false","","",2479418,"MatiasG","2025-07-16 20:18:19 UTC","2025-07-17 06:28:36 UTC","research","CC-BY-ND",NA,NA,"false"
"Salmo trutta","2025-06-27 12:05:00 -0300","","Futaleufú, Chubut, Argentina",-42.8901105712,-71.6092836688,NA,"Brown Trout","https://www.inaturalist.org/observations/297916407","https://static.inaturalist.org/photos/536558147/medium.jpg","tahiel_elal",297916407,"Salmoninae","Actinopterygii",47518,0,0,"2025/06/27 12:05 PM","2025-06-27","2025-06-27 15:05:00 UTC","America/Argentina/Catamarca",31,31,"","open","false","","",6312514,"Tahiel Elal","2025-07-14 15:49:51 UTC","2025-07-14 19:03:22 UTC","needs_id","",NA,NA,"false"
"Oncorhynchus mykiss","2025-07-13 12:18:53 -0300","With brook trout","Arroyo La Angostura, Bariloche, Río Negro, Argentina",-41.0716858698,-71.5630779415,NA,"Rainbow Trout","https://www.inaturalist.org/observations/297889059","https://inaturalist-open-data.s3.amazonaws.com/photos/536523171/medium.jpg","paulazermoglio",297889059,"Trucha arcoiris","Actinopterygii",47516,1,0,"2025-07-13 12:18:53","2025-07-13","2025-07-13 15:18:53 UTC","America/Argentina/Salta",4,4,"","open","false","gps","gps",1675164,"Paula Zermoglio","2025-07-14 13:55:49 UTC","2025-07-14 17:07:37 UTC","research","CC0",NA,2,"false"
"Salvelinus fontinalis","2025-07-13 12:19:07 -0300","With rainbow trout","Arroyo La Angostura, Bariloche, Río Negro, Argentina",-41.0717250477,-71.5630849823,NA,"Brook Trout","https://www.inaturalist.org/observations/297634498","https://inaturalist-open-data.s3.amazonaws.com/photos/536038102/medium.jpg","paulazermoglio",297634498,"Trucha de arroyo","Actinopterygii",49596,3,0,"2025-07-13 12:19:07","2025-07-13","2025-07-13 15:19:07 UTC","America/Argentina/Salta",4,4,"","open","false","","",1675164,"Paula Zermoglio","2025-07-13 16:46:13 UTC","2025-07-14 17:07:12 UTC","research","CC0",NA,2,"false"
"Odontesthes regia","2025-07-04 10:16:03 -0400","","Pargua, Calbuco, Los Lagos, Chile",-41.7933463889,-73.4591598333,NA,"Chilean Silverside","https://www.inaturalist.org/observations/295180275","https://static.inaturalist.org/photos/531369844/medium.jpg","miguel_patinho",295180275,"Pejerrey de mar","Actinopterygii",107358,1,0,"2025-07-04 10:16:03","2025-07-04","2025-07-04 14:16:03 UTC","Santiago",NA,NA,"","open","false","gps","gps",3813648,"Miguel Patiño M.","2025-07-04 18:41:57 UTC","2025-08-06 03:19:16 UTC","research","",NA,2,"false"
"Agonopsis chiloensis","2025-06-29 17:12:00 -0400","","Chiloé, CL-LL, CL",-42.5733402024,-73.7444189687,NA,"Snailfish","https://www.inaturalist.org/observations/294173113","https://inaturalist-open-data.s3.amazonaws.com/photos/529465404/medium.jpg","mgargiulo",294173113,"Acorazadito","Actinopterygii",607870,2,0,"2025/06/29 5:12 PM","2025-06-29","2025-06-29 21:12:00 UTC","Santiago",4,4,"","","false","","",2479418,"MatiasG","2025-06-30 22:22:25 UTC","2025-07-05 21:51:14 UTC","research","CC-BY-ND",NA,NA,"false"
"Actinopterygii","2025-06-03 13:52:00 -0400","Restos sacados de fecas de nutrias en el estero del río Chepu, Chiloé. Tamaño menor a una moneda de 10 pesos","Río Chepu, Ancud, Los Lagos, Chile",-42.0867839419,-73.9594764128,NA,"Ray-finned Fishes","https://www.inaturalist.org/observations/288636537","https://inaturalist-open-data.s3.amazonaws.com/photos/519090230/medium.jpg","belen_6253_",288636537,"","Actinopterygii",47178,0,0,"2025/06/03 1:52 PM","2025-06-03","2025-06-03 17:52:00 UTC","Santiago",8799,8799,"","","false","","",9398833,"","2025-06-11 02:36:17 UTC","2025-06-11 03:09:46 UTC","needs_id","CC-BY-NC",NA,NA,"false"
"Salmoniformes","2025-06-03 13:51:00 -0400","Restos sacados de fecas de nutrias en el estero del río Chepu, Chiloé. Tamaño menor a una moneda de 10 pesos","Río Chepu, Ancud, Los Lagos, Chile",-42.0867839419,-73.9594764128,NA,"Salmons, pikes and mudminnows","https://www.inaturalist.org/observations/288636536","https://inaturalist-open-data.s3.amazonaws.com/photos/519090224/medium.jpg","belen_6253_",288636536,"","Actinopterygii",47521,0,0,"2025/06/03 1:51 PM","2025-06-03","2025-06-03 17:51:00 UTC","Santiago",8799,8799,"","","false","","",9398833,"","2025-06-11 02:36:17 UTC","2025-06-18 02:37:24 UTC","needs_id","CC-BY-NC",NA,NA,"false"
"Actinopterygii","2025-06-03 13:50:00 -0400","Restos sacados de fecas de nutrias en el estero del río Chepu, Chiloé. Tamaño menor a una moneda de 10 pesos","Río Chepu, Ancud, Los Lagos, Chile",-42.0867839419,-73.9594764128,NA,"Ray-finned Fishes","https://www.inaturalist.org/observations/288636534","https://inaturalist-open-data.s3.amazonaws.com/photos/519090228/medium.jpg","belen_6253_",288636534,"","Actinopterygii",47178,0,0,"2025/06/03 1:50 PM","2025-06-03","2025-06-03 17:50:00 UTC","Santiago",8799,8799,"","","false","","",9398833,"","2025-06-11 02:36:17 UTC","2025-06-11 03:07:08 UTC","needs_id","CC-BY-NC",NA,NA,"false"
"Actinopterygii","2025-06-03 13:50:00 -0400","Restos sacados de fecas de nutrias en el estero del río Chepu, Chiloé. Tamaño menor a una moneda de 10 pesos","Río Chepu, Ancud, Los Lagos, Chile",-42.0867839419,-73.9594764128,NA,"Ray-finned Fishes","https://www.inaturalist.org/observations/288636533","https://inaturalist-open-data.s3.amazonaws.com/photos/519090210/medium.jpg","belen_6253_",288636533,"","Actinopterygii",47178,0,0,"2025/06/03 1:50 PM","2025-06-03","2025-06-03 17:50:00 UTC","Santiago",8799,8799,"","","false","","",9398833,"","2025-06-11 02:36:16 UTC","2025-06-11 03:07:01 UTC","needs_id","CC-BY-NC",NA,NA,"false"
"Actinopterygii","2025-06-03 13:48:00 -0400","Restos sacados de fecas de nutrias en el estero del río Chepu, Chiloé. Tamaño menor a una moneda de 10 pesos","Río Chepu, Ancud, Los Lagos, Chile",-42.0867839419,-73.9594764128,NA,"Ray-finned Fishes","https://www.inaturalist.org/observations/288636532","https://inaturalist-open-data.s3.amazonaws.com/photos/519090205/medium.jpg","belen_6253_",288636532,"","Actinopterygii",47178,0,0,"2025/06/03 1:48 PM","2025-06-03","2025-06-03 17:48:00 UTC","Santiago",8799,8799,"","","false","","",9398833,"","2025-06-11 02:36:16 UTC","2025-06-11 03:06:53 UTC","needs_id","CC-BY-NC",NA,NA,"false"
"Actinopterygii","2025-06-03 13:15:00 -0400","Resto sacados de fecas de nutrias del estero en la cuenca del río Chepu, Chiloé. Tamaño menor a una moneda de 10 pesos","Río Chepu, Ancud, Los Lagos, Chile",-42.0867839419,-73.9594764128,NA,"Ray-finned Fishes","https://www.inaturalist.org/observations/288635517","https://inaturalist-open-data.s3.amazonaws.com/photos/519088147/medium.jpg","belen_6253_",288635517,"Partes de peces","Actinopterygii",47178,0,0,"2025/06/03 1:15 PM","2025-06-03","2025-06-03 17:15:00 UTC","Santiago",8799,8799,"","","false","","",9398833,"","2025-06-11 02:31:21 UTC","2025-06-11 03:05:03 UTC","needs_id","CC-BY-NC",NA,NA,"false"
"Actinopterygii","2025-06-03 13:13:00 -0400","Resto sacados de fecas de nutrias del estero en la cuenca del río Chepu, Chiloé. Tamaño menor a una moneda de 10 pesos","Río Chepu, Ancud, Los Lagos, Chile",-42.0867839419,-73.9594764128,NA,"Ray-finned Fishes","https://www.inaturalist.org/observations/288635516","https://inaturalist-open-data.s3.amazonaws.com/photos/519088131/medium.jpg","belen_6253_",288635516,"Partes de peces","Actinopterygii",47178,0,0,"2025/06/03 1:13 PM","2025-06-03","2025-06-03 17:13:00 UTC","Santiago",8799,8799,"","","false","","",9398833,"","2025-06-11 02:31:21 UTC","2025-06-11 03:05:10 UTC","needs_id","CC-BY-NC",NA,NA,"false"
"Actinopterygii","2025-06-03 13:12:00 -0400","Resto sacados de fecas de nutrias del estero en la cuenca del río Chepu, Chiloé. Tamaño menor a una moneda de 10 pesos","Río Chepu, Ancud, Los Lagos, Chile",-42.0867839419,-73.9594764128,NA,"Ray-finned Fishes","https://www.inaturalist.org/observations/288635515","https://inaturalist-open-data.s3.amazonaws.com/photos/519088132/medium.jpg","belen_6253_",288635515,"Partes de peces","Actinopterygii",47178,0,0,"2025/06/03 1:12 PM","2025-06-03","2025-06-03 17:12:00 UTC","Santiago",8799,8799,"","","false","","",9398833,"","2025-06-11 02:31:20 UTC","2025-06-11 03:00:47 UTC","needs_id","CC-BY-NC",NA,NA,"false"
"Actinopterygii","2025-06-03 14:35:00 -0400","Resto sacados de fecas de nutrias del estero en la cuenca del río Chepu, Chiloé. Tamaño menor a una moneda de 10 pesos","Río Chepu, Ancud, Los Lagos, Chile",-42.0867839419,-73.9594764128,NA,"Ray-finned Fishes","https://www.inaturalist.org/observations/288633977","https://inaturalist-open-data.s3.amazonaws.com/photos/519084572/medium.jpg","belen_6253_",288633977,"Partes de peces","Actinopterygii",47178,0,0,"2025/06/03 2:35 PM","2025-06-03","2025-06-03 18:35:00 UTC","Santiago",8799,8799,"","","false","","",9398833,"","2025-06-11 02:21:51 UTC","2025-06-12 22:19:13 UTC","needs_id","CC-BY-NC",NA,NA,"false"
"Oncorhynchus mykiss","2025-03-23 11:00:00 -0300","","RP 82 y Virgen de las Nieves, Río Negro, Argentina",-41.1333626215,-71.4146270603,NA,"Rainbow Trout","https://www.inaturalist.org/observations/286535876","https://inaturalist-open-data.s3.amazonaws.com/photos/515131637/medium.jpg","huemalen",286535876,"Trucha arcoiris","Actinopterygii",47516,3,0,"2025-03-23 11:00:00","2025-03-23","2025-03-23 14:00:00 UTC","America/Argentina/Salta",115,115,"","open","false","gps","gps",9338778,"Huemalén Flores","2025-06-03 13:46:32 UTC","2025-06-24 14:36:40 UTC","research","CC-BY-NC",NA,2,"false"
"Salmonidae","2025-05-10 12:41:00 -0400","","Caleta La Arena, Región de Los Lagos, CL",-41.6915583015,-72.6519757039,NA,"Salmons, Trouts, and Whitefishes","https://www.inaturalist.org/observations/284353142","https://inaturalist-open-data.s3.amazonaws.com/photos/511018821/medium.jpg","juan_coronado1",284353142,"","Actinopterygii",47520,0,0,"2025-05-10 12:41:00-04:00","2025-05-10","2025-05-10 16:41:00 UTC","Santiago",561,561,"","","false","","",9360857,"Juan Coronado","2025-05-26 19:56:11 UTC","2025-08-05 22:37:39 UTC","needs_id","CC-BY-NC",NA,3,"false"
"Thyrsites atun","2025-02-27 17:51:56 -0300","","Quemchi, Los Lagos, Chile",-42.1445960833,-73.4771880833,NA,"Snoek","https://www.inaturalist.org/observations/283704603","https://static.inaturalist.org/photos/509794068/medium.jpg","marty7832",283704603,"Sierra","Actinopterygii",47258,1,0,"2025-02-27 17:51:56","2025-02-27","2025-02-27 20:51:56 UTC","Santiago",NA,NA,"","","false","gps","gps",7775907,"Marty Barria barria","2025-05-24 18:23:38 UTC","2025-05-26 14:26:57 UTC","research","",NA,2,"false"
"Oncorhynchus mykiss","2025-05-12 17:00:28 -0300","","Los Lagos, Neuquén, Argentina",-40.9597742683,-71.0467530414,NA,"Rainbow Trout","https://www.inaturalist.org/observations/280784374","https://inaturalist-open-data.s3.amazonaws.com/photos/504333247/medium.jpeg","gonzalopardo",280784374,"Trucha arcoiris","Actinopterygii",47516,1,0,"2025-05-12 17:00:28","2025-05-12","2025-05-12 20:00:28 UTC","America/Argentina/Salta",80,80,"","open","false","gps","gps",2653479,"Gonzalo Pardo","2025-05-13 14:32:56 UTC","2025-05-13 16:22:25 UTC","research","CC0",NA,2,"false"
"Oncorhynchus mykiss","2024-11-20 17:14:26 -0300","","Los Lagos Department, Neuquén Province, Argentina",-40.9063023,-71.0350327,NA,"Rainbow Trout","https://www.inaturalist.org/observations/280264565","https://inaturalist-open-data.s3.amazonaws.com/photos/503345591/medium.jpeg","sciffy",280264565,"Rainbow Trout","Actinopterygii",47516,2,0,"2024-11-20 17:14:26","2024-11-20","2024-11-20 20:14:26 UTC","America/Argentina/Salta",NA,NA,"","open","false","gps","gps",9288190,"","2025-05-11 16:14:26 UTC","2025-05-11 18:55:49 UTC","research","CC-BY-NC",NA,2,"false"
"Eleginops maclovinus","2025-05-04 19:47:10 -0400","","Quemchi, Los Lagos, Chile",-42.1423792947,-73.4772337228,NA,"Patagonian Blenny","https://www.inaturalist.org/observations/278599818","https://static.inaturalist.org/photos/500251773/medium.jpeg","raulbvc",278599818,"Patagonian Blenny","Actinopterygii",541858,1,0,"2025-05-04 19:47:10","2025-05-04","2025-05-04 23:47:10 UTC","Santiago",10,10,"","","false","gps","gps",6616097,"raulbvc barria","2025-05-05 00:35:02 UTC","2025-05-24 23:14:19 UTC","research","",NA,2,"false"
"Leptonotus blainvilleanus","2025-05-03 12:20:00 -0400","","Chiloé, CL-LL, CL",-42.5391124057,-73.6295760221,NA,"Deep-bodied Pipefish","https://www.inaturalist.org/observations/278257797","https://inaturalist-open-data.s3.amazonaws.com/photos/499632150/medium.jpg","mgargiulo",278257797,"Caballito de mar","Actinopterygii",621457,1,0,"2025/05/03 12:20 PM","2025-05-03","2025-05-03 16:20:00 UTC","Santiago",4,4,"","open","false","","",2479418,"MatiasG","2025-05-04 02:05:25 UTC","2025-05-05 00:26:02 UTC","research","CC-BY-ND",NA,NA,"false"
"Sebastes oculatus","2025-05-03 12:38:00 -0400","","Chiloé, CL-LL, CL",-42.539174152,-73.6286554192,NA,"Patagonian Redfish","https://www.inaturalist.org/observations/278254283","https://inaturalist-open-data.s3.amazonaws.com/photos/499623033/medium.jpg","mgargiulo",278254283,"Cabrilla","Actinopterygii",620534,2,0,"2025/05/03 12:38 PM","2025-05-03","2025-05-03 16:38:00 UTC","Santiago",8,8,"","open","false","","",2479418,"MatiasG","2025-05-04 01:50:18 UTC","2025-05-23 13:55:57 UTC","research","CC-BY-ND",NA,NA,"false"
"Patagonotothen cornucola","2025-05-03 12:22:00 -0400","","Chiloé, CL-LL, CL",-42.5392611088,-73.6284783934,NA,"Nototenia","https://www.inaturalist.org/observations/278254269","https://inaturalist-open-data.s3.amazonaws.com/photos/499622883/medium.jpg","mgargiulo",278254269,"Trama","Actinopterygii",108966,0,0,"2025/05/03 12:22 PM","2025-05-03","2025-05-03 16:22:00 UTC","Santiago",8,8,"","open","false","","",2479418,"MatiasG","2025-05-04 01:50:15 UTC","2025-05-04 01:50:15 UTC","needs_id","CC-BY-ND",NA,NA,"false"
"Leptonotus blainvilleanus","2025-04-27 12:50:00 -0400","","Chiloé, CL-LL, CL",-42.5731153726,-73.7450857361,NA,"Deep-bodied Pipefish","https://www.inaturalist.org/observations/275017811","https://inaturalist-open-data.s3.amazonaws.com/photos/494249175/medium.jpg","mgargiulo",275017811,"Caballito de mar","Actinopterygii",621457,3,0,"2025/04/27 12:50 PM","2025-04-27","2025-04-27 16:50:00 UTC","Santiago",8,8,"","open","false","","",2479418,"MatiasG","2025-04-27 20:38:19 UTC","2025-04-28 22:53:19 UTC","research","CC-BY-ND",NA,NA,"false"
"Cottoperca trigloides","2025-04-27 12:14:00 -0400","","Chiloé, CL-LL, CL",-42.5727587487,-73.7450696429,NA,"Mimic Bull Blenny","https://www.inaturalist.org/observations/275017760","https://inaturalist-open-data.s3.amazonaws.com/photos/494248469/medium.jpg","mgargiulo",275017760,"Torito de los canales","Actinopterygii",609395,3,0,"2025/04/27 12:14 PM","2025-04-27","2025-04-27 16:14:00 UTC","Santiago",8,8,"","open","false","","",2479418,"MatiasG","2025-04-27 20:38:15 UTC","2025-04-28 22:53:10 UTC","research","CC-BY-ND",NA,NA,"false"
"Aplochiton taeniatus","2025-04-23 16:58:26 -0400","","Puyehue, Los Lagos, Chile",-40.7690746063,-72.6245380193,NA,"","https://www.inaturalist.org/observations/272549196","https://inaturalist-open-data.s3.amazonaws.com/photos/490341116/medium.jpeg","daniel_stange",272549196,"Peladilla","Actinopterygii",94391,2,0,"2025-04-23 16:58:26","2025-04-23","2025-04-23 20:58:26 UTC","Santiago",4,4,"","","false","gps","gps",5268396,"Daniel Stange","2025-04-23 22:19:22 UTC","2025-08-05 06:16:18 UTC","research","CC-BY-NC",NA,2,"false"
"Cottoperca trigloides","2025-04-20 15:43:38 -0400","","Ruta V-69, Cochamó, Región de Los Lagos, CL",-41.6511783333,-72.3059083333,NA,"Mimic Bull Blenny","https://www.inaturalist.org/observations/271819913","https://inaturalist-open-data.s3.amazonaws.com/photos/489668829/medium.jpg","camilaurrutia",271819913,"Torito de los canales","Actinopterygii",609395,3,0,"2025-04-20 15:43:38-04:00","2025-04-20","2025-04-20 19:43:38 UTC","Santiago",6,6,"","open","false","","",6121442,"","2025-04-20 21:58:44 UTC","2025-04-22 14:31:09 UTC","research","CC-BY-NC",NA,3,"false"
"Leptonotus blainvilleanus","2025-04-18 15:55:38 -0400","","Isla Teuquelin, Los Lagos, Chile",-42.4582971859,-73.2423235103,NA,"Deep-bodied Pipefish","https://www.inaturalist.org/observations/271303904","https://inaturalist-open-data.s3.amazonaws.com/photos/488002446/medium.jpeg","rmditoo",271303904,"Caballito de mar","Actinopterygii",621457,2,0,"2025-04-18 15:55:38","2025-04-18","2025-04-18 19:55:38 UTC","Santiago",126,126,"","open","false","gps","gps",7836950,"José Raimundo Peranchiguay","2025-04-18 21:42:55 UTC","2025-04-22 16:46:59 UTC","research","CC-BY-NC",NA,2,"false"
"Oncorhynchus mykiss","2022-10-08 14:10:37 -0300","","Futaleufú, Chubut, Argentina",-42.8894761997,-71.6099815997,NA,"Rainbow Trout","https://www.inaturalist.org/observations/271262652","https://static.inaturalist.org/photos/487923656/medium.jpeg","tahiel_elal",271262652,"Rainbow Trout","Actinopterygii",47516,1,0,"2022-10-08 14:10:37","2022-10-08","2022-10-08 17:10:37 UTC","America/Argentina/Catamarca",NA,NA,"","open","false","gps","gps",6312514,"Tahiel Elal","2025-04-18 18:18:17 UTC","2025-04-18 18:51:13 UTC","research","",NA,2,"false"
"Oncorhynchus mykiss","2025-04-15 15:10:02 -0300","","Futaleufú, AR-CH, AR",-43.2690086365,-71.6896820068,NA,"Rainbow Trout","https://www.inaturalist.org/observations/271096286","https://inaturalist-open-data.s3.amazonaws.com/photos/499203797/medium.jpeg","happyokapi",271096286,"","Actinopterygii",47516,0,0,"Tue Apr 15 2025 15:10:02 GMT -0300 (GMT)","2025-04-15","2025-04-15 18:10:02 UTC","America/Argentina/Catamarca",4,4,"","open","false","","",3339749,"","2025-04-17 22:06:30 UTC","2025-05-03 12:26:49 UTC","casual","CC-BY-NC",NA,333,"false"
"Sicyases sanguineus","2024-03-30 11:59:31 -0300","","Chiloé, CL-LL, CL",-42.1277850148,-73.3825641498,NA,"Common Chilean clingfish","https://www.inaturalist.org/observations/269882397","https://static.inaturalist.org/photos/485300583/medium.jpeg","marty7832",269882397,"pejesapo","Actinopterygii",505078,0,0,"2024-03-30 11:59:31","2024-03-30","2024-03-30 14:59:31 UTC","Santiago",792,792,"","","false","gps","gps",7775907,"Marty Barria barria","2025-04-12 01:04:20 UTC","2025-05-22 03:29:45 UTC","needs_id","",NA,2,"false"
"Seriolella caerulea","2024-04-19 00:00:00 -0400","Cojinova del sur","Chiloé, CL-LL, CL",-42.0569058945,-73.5338489598,NA,"White Warehou","https://www.inaturalist.org/observations/269881966","https://static.inaturalist.org/photos/485299706/medium.jpeg","marty7832",269881966,"Seriolella caerulea","Actinopterygii",112483,0,0,"2024-04-19","2024-04-19","","Santiago",369,27692,"obscured","open","true","","",7775907,"Marty Barria barria","2025-04-12 01:00:41 UTC","2025-04-16 17:17:30 UTC","needs_id","",NA,2,"false"
"Salmo trutta","2021-02-12 13:04:59 -0300","","Puerto Cisnes, Cisnes, Región de Aysén del General Carlos Ibáñez del Campo, CL",-44.6358916667,-72.678305,NA,"Brown Trout","https://www.inaturalist.org/observations/269662355","https://inaturalist-open-data.s3.amazonaws.com/photos/484880457/medium.jpg","fernacncn",269662355,"Trucha común","Actinopterygii",47518,4,0,"2021-02-12 13:04:59-03:00","2021-02-12","2021-02-12 16:04:59 UTC","Santiago",10,10,"","open","false","","",9116870,"","2025-04-10 19:10:10 UTC","2025-04-11 01:45:36 UTC","research","CC-BY-NC",NA,3,"false"
"Prolatilus jugularis","2020-10-29 16:43:08 -0300","","Océano Pacífico, Región de Aysén del General Carlos Ibáñez del Campo, CL",-44.62352,-72.665275,NA,"Pacific Sandperch","https://www.inaturalist.org/observations/269661589","https://inaturalist-open-data.s3.amazonaws.com/photos/484881161/medium.jpg","fernacncn",269661589,"Blanquillo","Actinopterygii",619293,2,0,"2020-10-29 16:43:08-03:00","2020-10-29","2020-10-29 19:43:08 UTC","Santiago",5,5,"","","false","","",9116870,"","2025-04-10 19:04:43 UTC","2025-04-10 19:16:26 UTC","research","CC-BY-NC",NA,3,"false"
"Salmo trutta","2025-02-08 20:54:00 -0300","","Ensenada, Puerto Varas, Región de Los Lagos, CL",-41.1519749312,-72.2858012182,NA,"Brown Trout","https://www.inaturalist.org/observations/269187481","https://inaturalist-open-data.s3.amazonaws.com/photos/483965696/medium.jpg","joselarraingh",269187481,"Trucha común","Actinopterygii",47518,2,0,"2025-02-08 20:54:00-03:00","2025-02-08","2025-02-08 23:54:00 UTC","Santiago",761,761,"","open","false","","",9055651,"","2025-04-07 21:22:48 UTC","2025-04-10 00:12:08 UTC","research","CC-BY-NC",NA,3,"false"
"Oncorhynchus mykiss","2025-02-09 12:59:47 -0300","","Lago Todos Los Santos, Puerto Varas, Región de Los Lagos, CL",-41.0832172624,-72.2499609461,NA,"Rainbow Trout","https://www.inaturalist.org/observations/269187158","https://inaturalist-open-data.s3.amazonaws.com/photos/483965159/medium.jpg","joselarraingh",269187158,"Trucha arcoiris","Actinopterygii",47516,1,0,"2025-02-09 12:59:47-03:00","2025-02-09","2025-02-09 15:59:47 UTC","Santiago",16,16,"","open","false","","",9055651,"","2025-04-07 21:20:49 UTC","2025-04-07 21:30:36 UTC","research","CC-BY-NC",NA,3,"false"
"Galaxias platei","2025-03-31 09:33:42 -0300","","Puyehue, Los Lagos, Chile",-40.7709111885,-72.6261704788,NA,"Plate's Galaxias","https://www.inaturalist.org/observations/268161884","https://inaturalist-open-data.s3.amazonaws.com/photos/481990579/medium.jpeg","daniel_stange",268161884,"Puyen grande","Actinopterygii",614165,2,0,"2025-03-31 09:33:42","2025-03-31","2025-03-31 12:33:42 UTC","Santiago",18,18,"","","false","gps","gps",5268396,"Daniel Stange","2025-04-02 01:53:03 UTC","2025-08-05 06:16:18 UTC","research","CC-BY-NC",NA,2,"false"
"Oncorhynchus mykiss","2025-03-27 10:43:57 -0300","","R8402, Río Negro, Argentina",-41.0558047667,-71.1511593685,NA,"Rainbow Trout","https://www.inaturalist.org/observations/267987696","https://static.inaturalist.org/photos/508477067/medium.jpg","caminosdepescador",267987696,"Trucha arcoiris","Actinopterygii",47516,2,0,"2025-03-27 10:43:57","2025-03-27","2025-03-27 13:43:57 UTC","America/Argentina/Salta",1933,1933,"","open","false","gps","gps",7632081,"Raul Longobardi","2025-04-01 00:07:53 UTC","2025-05-21 22:13:17 UTC","research","",NA,2,"false"
"Salmo trutta","2025-03-24 10:26:54 -0300","","Bariloche, Río Negro, Argentina",-41.3519833015,-71.59881033,NA,"Brown Trout","https://www.inaturalist.org/observations/267987581","https://static.inaturalist.org/photos/481657774/medium.jpeg","caminosdepescador",267987581,"Trucha marrón","Actinopterygii",47518,2,0,"2025-03-24 10:26:54","2025-03-24","2025-03-24 13:26:54 UTC","America/Argentina/Salta",1633,1633,"","open","false","gps","gps",7632081,"Raul Longobardi","2025-04-01 00:06:54 UTC","2025-04-10 00:10:30 UTC","research","",NA,2,"false"
"Galaxias maculatus","2025-02-17 18:27:28 -0300","","Lago Todos Los Santos, Puerto Varas, Región de Los Lagos, CL",-41.2273749903,-72.264595,NA,"Common Galaxias","https://www.inaturalist.org/observations/267617966","https://inaturalist-open-data.s3.amazonaws.com/photos/480953650/medium.jpg","joselarraingh",267617966,"Puyen chico","Actinopterygii",321994,2,0,"2025-02-17 18:27:28-03:00","2025-02-17","2025-02-17 21:27:28 UTC","Santiago",20,20,"","open","false","","",9055651,"","2025-03-30 00:34:09 UTC","2025-08-05 06:16:19 UTC","research","CC-BY-NC",NA,3,"false"
"Odontesthes mauleanum","2025-02-13 18:12:00 -0300","","Vicente Perez Rosales, CL-LL-LL, CL-LL, CL",-41.0913748596,-72.2510748218,NA,"","https://www.inaturalist.org/observations/267616976","https://inaturalist-open-data.s3.amazonaws.com/photos/480951915/medium.jpg","joselarraingh",267616976,"Cauque del Maule","Actinopterygii",107357,1,0,"2025-02-13 18:12:00-03:00","2025-02-13","2025-02-13 21:12:00 UTC","Santiago",94,27847,"","obscured","true","","",9055651,"","2025-03-30 00:28:23 UTC","2025-03-30 23:58:42 UTC","research","CC-BY-NC",NA,3,"false"
"Percichthys chilensis","2025-02-21 19:57:00 -0300","","Lago Todos Los Santos, Puerto Varas, Región de Los Lagos, CL",-41.2276475037,-72.2654384408,NA,"","https://www.inaturalist.org/observations/267616713","https://inaturalist-open-data.s3.amazonaws.com/photos/480951384/medium.jpg","joselarraingh",267616713,"Percichthys chilensis","Actinopterygii",619069,1,0,"2025-02-21 19:57:00-03:00","2025-02-21","2025-02-21 22:57:00 UTC","Santiago",59,59,"","","false","","",9055651,"","2025-03-30 00:26:35 UTC","2025-03-30 17:30:57 UTC","research","CC-BY-NC",NA,3,"false"
"Oncorhynchus mykiss","2024-12-24 09:40:06 -0300","","Puerto Varas, Los Lagos, Chile",-41.2174925997,-72.6737025997,NA,"Rainbow Trout","https://www.inaturalist.org/observations/264011571","https://inaturalist-open-data.s3.amazonaws.com/photos/474388992/medium.jpeg","fvercin",264011571,"Trucha arcoiris","Actinopterygii",47516,2,0,"2024-12-24 09:40:06","2024-12-24","2024-12-24 12:40:06 UTC","Santiago",NA,NA,"","open","false","gps","gps",8997585,"Felipe A. Navarro Cordone","2025-03-05 20:12:55 UTC","2025-03-07 01:17:40 UTC","research","CC-BY-NC",NA,2,"false"
"Salmo trutta","2025-02-06 21:01:57 -0300","","GPQX+PM, El Gato, Puerto Montt, Los Lagos, Chile",-41.4600983333,-73.2485966667,NA,"Brown Trout","https://www.inaturalist.org/observations/264011367","https://inaturalist-open-data.s3.amazonaws.com/photos/474388513/medium.jpeg","fvercin",264011367,"Trucha común","Actinopterygii",47518,1,0,"2025-02-06 21:01:57","2025-02-06","2025-02-07 00:01:57 UTC","Santiago",NA,NA,"","open","false","gps","gps",8997585,"Felipe A. Navarro Cordone","2025-03-05 20:11:04 UTC","2025-03-05 23:03:17 UTC","research","CC-BY-NC",NA,2,"false"
"Salmo trutta","2025-02-06 20:39:41 -0300","","GPQX+PM, El Gato, Puerto Montt, Los Lagos, Chile",-41.459945,-73.249405,NA,"Brown Trout","https://www.inaturalist.org/observations/264011289","https://inaturalist-open-data.s3.amazonaws.com/photos/474388311/medium.jpeg","fvercin",264011289,"Trucha común","Actinopterygii",47518,3,0,"2025-02-06 20:39:41","2025-02-06","2025-02-06 23:39:41 UTC","Santiago",NA,NA,"","open","false","gps","gps",8997585,"Felipe A. Navarro Cordone","2025-03-05 20:09:59 UTC","2025-03-07 05:29:35 UTC","research","CC-BY-NC",NA,2,"false"
"Gobiesox marmoratus","2025-02-05 11:12:00 -0300","","Chiloé, Los Lagos, Chile",-42.6141681,-73.5684329,NA,"Austral Clingfish","https://www.inaturalist.org/observations/263500549","https://inaturalist-open-data.s3.amazonaws.com/photos/473381870/medium.jpeg","eric-schmitty",263500549,"Austral Clingfish","Actinopterygii",481592,1,0,"2025/02/05 11:12 AM","2025-02-05","2025-02-05 14:12:00 UTC","Santiago",NA,NA,"","","false","","",824054,"Eric Schmidt","2025-03-01 15:37:13 UTC","2025-03-03 17:05:24 UTC","needs_id","CC-BY",NA,NA,"false"
"Hypsoblennius sordidus","2025-03-01 09:56:40 -0300","Un pez de la familia salariinae./A fish of the family salariinae.","Chile",-42.1287321451,-73.4136787802,NA,"Bull Blenny","https://www.inaturalist.org/observations/263495471","https://static.inaturalist.org/photos/473374931/medium.jpeg","marty7832",263495471,"Hypsoblennius sordidus","Actinopterygii",103217,1,0,"2025-03-01 09:56:40","2025-03-01","2025-03-01 12:56:40 UTC","Santiago",978,978,"","open","false","","",7775907,"Marty Barria barria","2025-03-01 14:53:02 UTC","2025-05-24 18:21:27 UTC","research","",NA,2,"false"
"Percichthys","2016-02-18 10:46:00 -0300","","Futaleufú, Chubut, Argentina",-42.7262035433,-71.7423929857,NA,"","https://www.inaturalist.org/observations/263155737","https://inaturalist-open-data.s3.amazonaws.com/photos/472705935/medium.jpg","martin_ferrari_fsa",263155737,"Percichthys","Actinopterygii",90919,2,0,"2016/02/18 10:46 AM","2016-02-18","2016-02-18 13:46:00 UTC","America/Argentina/Catamarca",4,4,"","","false","","",2445036,"Martín Ferrari","2025-02-26 13:49:47 UTC","2025-07-21 17:36:27 UTC","needs_id","CC-BY-NC",NA,NA,"false"
"Leptonotus blainvilleanus","2025-02-14 09:34:25 -0300","","Chile",-41.8209855478,-73.6235646531,NA,"Deep-bodied Pipefish","https://www.inaturalist.org/observations/262262271","https://inaturalist-open-data.s3.amazonaws.com/photos/471166296/medium.jpeg","daniel_stange",262262271,"Caballito de mar","Actinopterygii",621457,1,0,"2025-02-14 09:34:25","2025-02-14","2025-02-14 12:34:25 UTC","Santiago",21,21,"","open","false","gps","gps",5268396,"Daniel Stange","2025-02-19 11:56:07 UTC","2025-04-16 09:39:12 UTC","research","CC-BY-NC",NA,2,"false"
"Leptonotus blainvilleanus","2025-02-13 10:50:24 -0300","","Chile",-41.8208706128,-73.6225128919,NA,"Deep-bodied Pipefish","https://www.inaturalist.org/observations/262261997","https://inaturalist-open-data.s3.amazonaws.com/photos/471165752/medium.jpeg","daniel_stange",262261997,"Caballito de mar","Actinopterygii",621457,1,0,"2025-02-13 10:50:24","2025-02-13","2025-02-13 13:50:24 UTC","Santiago",20,20,"","open","false","gps","gps",5268396,"Daniel Stange","2025-02-19 11:51:21 UTC","2025-04-16 09:38:59 UTC","research","CC-BY-NC",NA,2,"false"
"Hatcheria macraei","2011-07-28 15:02:00 -0300","","9107, U9107 Dolavon, Chubut, Argentina",-43.3058737772,-65.7064601406,NA,"","https://www.inaturalist.org/observations/261582269","https://inaturalist-open-data.s3.amazonaws.com/photos/469972079/medium.jpeg","cytorax",261582269,"Bagre patagonico","Actinopterygii",429155,1,0,"2011-07-28 15:02:00","2011-07-28","2011-07-28 18:02:00 UTC","America/Argentina/Catamarca",23,23,"","","false","gps","gps",8756091,"Brian","2025-02-14 00:10:26 UTC","2025-07-29 06:38:50 UTC","research","CC-BY-NC-ND",NA,2,"false"
"Astronotus ocellatus","","","9 de Julio, Río Negro, Argentina",-41.9023027437,-68.0284810066,NA,"Oscar","https://www.inaturalist.org/observations/260669470","https://static.inaturalist.org/photos/468163749/medium.jpeg","valeria83049",260669470,"Tigre Óscar","Actinopterygii",208885,1,0,"","","","America/Argentina/Salta",1790894,1790894,"","","false","gps","gps",8740220,"Valeria Hernández","2025-02-05 02:40:14 UTC","2025-10-09 04:19:15 UTC","casual","",NA,2,"true"
"Cichlinae","","","25 de Mayo, Río Negro, Argentina",-40.9798512437,-68.3797095716,NA,"South and Central American Cichlids","https://www.inaturalist.org/observations/260669420","https://static.inaturalist.org/photos/468163593/medium.jpeg","valeria83049",260669420,"Cichlinae","Actinopterygii",567544,2,0,"","","","America/Argentina/Salta",1820723,1820723,"","","false","gps","gps",8740220,"Valeria Hernández","2025-02-05 02:39:24 UTC","2025-02-17 14:28:17 UTC","casual","",NA,2,"true"
"Hypsoblennius sordidus","2025-02-01 16:23:00 -0300","","Chiloé, CL-LL, CL",-42.5777458836,-73.7541038706,NA,"Bull Blenny","https://www.inaturalist.org/observations/260404866","https://inaturalist-open-data.s3.amazonaws.com/photos/467620669/medium.jpg","mgargiulo",260404866,"Hypsoblennius sordidus","Actinopterygii",103217,1,0,"2025/02/01 4:23 PM","2025-02-01","2025-02-01 19:23:00 UTC","Santiago",4,4,"","open","false","","",2479418,"MatiasG","2025-02-02 17:53:00 UTC","2025-04-14 04:25:04 UTC","research","CC-BY-ND",NA,NA,"false"
"Helcogrammoides cunninghami","2025-02-01 15:14:00 -0300","","Chiloé, CL-LL, CL",-42.5777063822,-73.7529667125,NA,"Cunningham's Triplefin","https://www.inaturalist.org/observations/260404853","https://inaturalist-open-data.s3.amazonaws.com/photos/467620571/medium.jpg","mgargiulo",260404853,"Diablillo","Actinopterygii",446098,1,0,"2025/02/01 3:14 PM","2025-02-01","2025-02-01 18:14:00 UTC","Santiago",4,4,"","open","false","","",2479418,"MatiasG","2025-02-02 17:52:56 UTC","2025-04-14 04:25:03 UTC","research","CC-BY-ND",NA,NA,"false"
"Helcogrammoides","2025-01-29 20:22:40 -0300","","Manao s/n Hueihue, Ancud, Los Lagos, Chile",-41.8956930615,-73.5172539577,NA,"","https://www.inaturalist.org/observations/260182403","https://inaturalist-open-data.s3.amazonaws.com/photos/467195473/medium.jpeg","leotempesta",260182403,"Helcogrammoides","Actinopterygii",88755,2,0,"2025-01-29 20:22:40","2025-01-29","2025-01-29 23:22:40 UTC","Santiago",74,74,"","open","false","","",774395,"Leonardo Tempesta","2025-01-31 19:30:57 UTC","2025-08-01 17:34:52 UTC","needs_id","CC-BY-NC",NA,2,"false"
"Salvelinus fontinalis","2025-01-15 21:24:25 -0300","","Llanquihue, CL-LL, CL",-41.4488833333,-71.957475,NA,"Brook Trout","https://www.inaturalist.org/observations/259578623","https://static.inaturalist.org/photos/466014626/medium.jpg","agustinvalleugu",259578623,"Trucha de arroyo","Actinopterygii",49596,1,0,"2025-01-15 21:24:25-03:00","2025-01-15","2025-01-16 00:24:25 UTC","Santiago",41,41,"","open","false","","",8830171,"THE UGU","2025-01-25 22:27:03 UTC","2025-02-24 05:31:54 UTC","research","",NA,3,"false"
"Percichthys trucha","2025-01-16 18:12:00 -0300","","Bariloche, Río Negro, Argentina",-41.055278635,-71.5519809735,NA,"Creole Perch","https://www.inaturalist.org/observations/259100316","https://inaturalist-open-data.s3.amazonaws.com/photos/465029537/medium.jpeg","yako",259100316,"Perca patagonica","Actinopterygii",423999,3,0,"2025/01/16 6:12 PM","2025-01-16","2025-01-16 21:12:00 UTC","America/Argentina/Salta",1040,1040,"","","false","","",1064018,"Joaquin Valentinuzzi","2025-01-20 23:06:47 UTC","2025-07-29 06:38:00 UTC","research","CC-BY",NA,NA,"false"
"Salmoninae","2025-01-12 23:52:00 -0300","","Bariloche, Río Negro, Argentina",-41.8530685745,-71.6158819277,NA,"Salmons and Trouts","https://www.inaturalist.org/observations/259019187","https://inaturalist-open-data.s3.amazonaws.com/photos/464861803/medium.png","yako",259019187,"Salmoninae","Actinopterygii",342904,2,0,"2025/01/12 11:52 PM","2025-01-12","2025-01-13 02:52:00 UTC","America/Argentina/Salta",665,665,"","open","false","","",1064018,"Joaquin Valentinuzzi","2025-01-20 03:09:16 UTC","2025-01-21 04:17:16 UTC","research","CC-BY",NA,NA,"false"
"Actinopterygii","2025-01-13 14:59:25 -0300","Eran pesces de un color muy oscuro de unos 10 a 20 cms","Futaleufu, Futaleufú, Los Lagos, Chile",-43.1839753979,-71.8594432622,NA,"Ray-finned Fishes","https://www.inaturalist.org/observations/258389257","https://static.inaturalist.org/photos/463580237/medium.jpeg","camcs",258389257,"Peces con aletas radiadas","Actinopterygii",47178,1,0,"2025-01-13 14:59:25","2025-01-13","2025-01-13 17:59:25 UTC","Santiago",62,62,"","","false","gps","gps",7976936,"Chris","2025-01-13 17:59:58 UTC","2025-09-23 09:22:30 UTC","casual","",NA,2,"false"
"Salmoninae","2025-01-10 22:37:17 -0300","","Dalcahue, Los Lagos, Chile",-42.3837778803,-73.9168528095,NA,"Salmons and Trouts","https://www.inaturalist.org/observations/258346366","https://inaturalist-open-data.s3.amazonaws.com/photos/463490681/medium.jpeg","leotempesta",258346366,"Salmoninae","Actinopterygii",342904,1,0,"2025-01-10 22:37:17","2025-01-10","2025-01-11 01:37:17 UTC","Santiago",23,23,"","","false","","",774395,"Leonardo Tempesta","2025-01-13 06:01:04 UTC","2025-01-13 06:46:24 UTC","research","CC-BY-NC",NA,2,"false"
"Pinguipes chilensis","2025-01-08 15:23:35 -0300","Lo pescamos con chancharro, por si acaso ","Puerto Cisnes, Cisnes, Aysén, Chile",-44.7299184537,-72.6822812855,NA,"Chilean Sandperch","https://www.inaturalist.org/observations/257849564","https://static.inaturalist.org/photos/462571740/medium.jpeg","dodopeuco",257849564,"Pinguipes chilensis","Actinopterygii",559300,2,0,"2025-01-08 15:23:35","2025-01-08","2025-01-08 18:23:35 UTC","Santiago",1068,1068,"","","false","gps","gps",7734309,"Matias (Dodo)","2025-01-08 20:38:37 UTC","2025-11-06 00:05:10 UTC","research","",NA,2,"false"
"Leptonotus blainvilleanus","2024-12-20 15:00:00 -0300","","Ancud, Los Lagos, Chile",-41.8724466836,-73.7714824453,NA,"Deep-bodied Pipefish","https://www.inaturalist.org/observations/257580062","https://static.inaturalist.org/photos/462105503/medium.jpeg","pichonn",257580062,"Caballito de mar","Actinopterygii",621457,2,0,"2024-12-20 15:00:00","2024-12-20","2024-12-20 18:00:00 UTC","Santiago",234,234,"","open","false","gps","gps",8264637,"Antonia","2025-01-06 12:01:42 UTC","2025-07-11 09:41:03 UTC","research","",NA,2,"false"
"Actinopterygii","2024-12-29 19:05:31 -0300","","San Carlos de Bariloche",-41.1273002625,-71.4522094727,NA,"Ray-finned Fishes","https://www.inaturalist.org/observations/256681809","https://inaturalist-open-data.s3.amazonaws.com/photos/460275970/medium.jpeg","ehd1210",256681809,"Ray-finned Fishes","Actinopterygii",47178,4,0,"Sun Dec 29 2024 19:05:31 GMT -0300 (GMT)","2024-12-29","2024-12-29 22:05:31 UTC","America/Argentina/Salta",3,3,"","open","false","","",8625882,"","2024-12-29 22:05:44 UTC","2025-09-23 09:30:53 UTC","needs_id","CC-BY-NC",NA,333,"false"
"Poeciliinae","2024-12-27 18:15:31 -0300","","5502531 Llanquihue, Puerto Montt, Los Lagos, Chile",-41.4734797361,-72.9342764989,NA,"Live-bearers","https://www.inaturalist.org/observations/256537339","https://static.inaturalist.org/photos/459981693/medium.jpeg","fabianvillegas1a",256537339,"Poeciliinae","Actinopterygii",788516,2,1,"2024-12-27 18:15:31","2024-12-27","2024-12-27 21:15:31 UTC","Santiago",202,202,"","open","false","gps","gps",8828079,"Fabian Osvaldo Villegas Cardenas","2024-12-28 20:10:59 UTC","2025-10-28 00:21:03 UTC","casual","",NA,2,"true"
"Amphilophus citrinellus × Vieja melanurus","2024-12-27 18:15:11 -0300","","5502531 Llanquihue, Puerto Montt, Los Lagos, Chile",-41.4734797361,-72.9342764989,NA,"Blood Parrot Cichlid","https://www.inaturalist.org/observations/256537035","https://static.inaturalist.org/photos/459981048/medium.jpeg","fabianvillegas1a",256537035,"Cíclido Perico","Actinopterygii",1475104,4,1,"2024-12-27 18:15:11","2024-12-27","2024-12-27 21:15:11 UTC","Santiago",202,202,"","open","false","","",8828079,"Fabian Osvaldo Villegas Cardenas","2024-12-28 20:08:01 UTC","2025-05-23 09:26:46 UTC","casual","",NA,2,"true"
"Myloplus","2024-12-27 18:15:06 -0300","","5502531 Llanquihue, Puerto Montt, Los Lagos, Chile",-41.4734797361,-72.9342764989,NA,"","https://www.inaturalist.org/observations/256537017","https://static.inaturalist.org/photos/459980987/medium.jpeg","fabianvillegas1a",256537017,"Myloplus","Actinopterygii",90083,0,0,"2024-12-27 18:15:06","2024-12-27","2024-12-27 21:15:06 UTC","Santiago",202,202,"","","false","gps","gps",8828079,"Fabian Osvaldo Villegas Cardenas","2024-12-28 20:07:47 UTC","2024-12-28 20:08:00 UTC","casual","",NA,2,"true"
"Cyprinus rubrofuscus","2024-12-27 18:14:53 -0300","","5502531 Llanquihue, Puerto Montt, Los Lagos, Chile",-41.4734797361,-72.9342764989,NA,"Amur Carp","https://www.inaturalist.org/observations/256536970","https://static.inaturalist.org/photos/459980877/medium.jpeg","fabianvillegas1a",256536970,"Carpa china","Actinopterygii",187316,1,0,"2024-12-27 18:14:53","2024-12-27","2024-12-27 21:14:53 UTC","Santiago",202,202,"","open","false","","",8828079,"Fabian Osvaldo Villegas Cardenas","2024-12-28 20:07:21 UTC","2024-12-29 18:34:59 UTC","casual","",NA,2,"true"
"Poecilia reticulata","2024-12-27 18:14:33 -0300","","5502531 Llanquihue, Puerto Montt, Los Lagos, Chile",-41.4734797361,-72.9342764989,NA,"Guppy","https://www.inaturalist.org/observations/256536878","https://static.inaturalist.org/photos/459980656/medium.jpeg","fabianvillegas1a",256536878,"Gupi africano","Actinopterygii",173412,1,0,"2024-12-27 18:14:33","2024-12-27","2024-12-27 21:14:33 UTC","Santiago",202,202,"","open","false","","",8828079,"Fabian Osvaldo Villegas Cardenas","2024-12-28 20:06:25 UTC","2024-12-29 18:34:57 UTC","casual","",NA,2,"true"
"Actinopterygii","","","5504750 Puerto Montt, Los Lagos, Chile",-41.4729461643,-72.9362717271,NA,"Ray-finned Fishes","https://www.inaturalist.org/observations/256224251","https://static.inaturalist.org/photos/459341878/medium.jpeg","fabianvillegas1a",256224251,"Peces con aletas radiadas","Actinopterygii",47178,3,0,"","","","Santiago",164,164,"","open","false","gps","gps",8828079,"Fabian Osvaldo Villegas Cardenas","2024-12-26 01:28:15 UTC","2025-07-08 08:58:38 UTC","casual","",NA,2,"true"
"Amphiprion","","","5504750 Puerto Montt, Los Lagos, Chile",-41.4729514398,-72.9362016544,NA,"Anemonefishes","https://www.inaturalist.org/observations/256224177","https://static.inaturalist.org/photos/459341727/medium.jpeg","fabianvillegas1a",256224177,"Peces Payaso","Actinopterygii",57742,0,0,"","","","Santiago",359,359,"","","false","gps","gps",8828079,"Fabian Osvaldo Villegas Cardenas","2024-12-26 01:26:41 UTC","2024-12-27 17:02:49 UTC","casual","",NA,2,"true"
"Galaxias maculatus","2024-12-17 14:52:00 -0300","Puerto Raúl Marín Balmaceda, Rampa Punta Remolino Río Palena.","Aysen, Aysén, Chile",-43.8507712997,-72.9455573997,NA,"Common Galaxias","https://www.inaturalist.org/observations/255875896","https://inaturalist-open-data.s3.amazonaws.com/photos/458646134/medium.jpg","cesar383",255875896,"Puyen chico","Actinopterygii",321994,2,0,"2024/12/17 2:52 PM","2024-12-17","2024-12-17 17:52:00 UTC","Santiago",NA,NA,"","open","false","","",4998548,"Cesar Ormazabal","2024-12-22 14:23:45 UTC","2025-08-05 06:16:19 UTC","research","CC-BY-NC",NA,NA,"false"
"Oncorhynchus mykiss","","","Puerto Montt, Los Lagos, Chile",-41.4391606763,-73.0441723019,NA,"Rainbow Trout","https://www.inaturalist.org/observations/255576980","https://static.inaturalist.org/photos/458037760/medium.jpeg","fabianvillegas1a",255576980,"Trucha arcoiris","Actinopterygii",47516,0,0,"","","","Santiago",5211,5211,"","","false","gps","gps",8828079,"Fabian Osvaldo Villegas Cardenas","2024-12-19 10:57:41 UTC","2024-12-28 19:57:26 UTC","casual","",NA,2,"false"
"Arripis georgiana","","","Chile",-42.602407691,-74.6226580068,NA,"Australian Herring","https://www.inaturalist.org/observations/254979057","https://static.inaturalist.org/photos/456841832/medium.jpeg","maximoaristegui8b",254979057,"Australian Herring","Actinopterygii",1316660,0,0,"","","","Etc/GMT+5",106533,106533,"","","false","gps","gps",8823127,"maximo pro","2024-12-13 11:39:15 UTC","2024-12-13 11:39:20 UTC","casual","",NA,2,"false"
"Sebastes oculatus","","","5502237 Llanquihue, Puerto Montt, Los Lagos, Chile",-41.4693539866,-72.9424404725,NA,"Patagonian Redfish","https://www.inaturalist.org/observations/254978950","https://static.inaturalist.org/photos/456841500/medium.jpeg","maximoaristegui8b",254978950,"Escrófalo","Actinopterygii",620534,1,0,"","","","Santiago",5209,5209,"","open","false","gps","gps",8823127,"maximo pro","2024-12-13 11:36:22 UTC","2025-07-18 16:31:29 UTC","casual","",NA,2,"false"
"Salmoninae","","","5502237 Llanquihue, Puerto Montt, Los Lagos, Chile",-41.4693539866,-72.9424404725,NA,"Salmons and Trouts","https://www.inaturalist.org/observations/254978518","https://static.inaturalist.org/photos/456840677/medium.jpeg","maximoaristegui8b",254978518,"Salmoninae","Actinopterygii",342904,2,0,"","","","Santiago",5209,5209,"","open","false","gps","gps",8823127,"maximo pro","2024-12-13 11:27:21 UTC","2024-12-15 15:58:42 UTC","casual","",NA,2,"false"
"Carassius auratus","2024-10-25 21:05:26 -0300","","Suyai, Puerto Montt, Región de Los Lagos, CL",-41.4529583333,-72.92183,NA,"Goldfish","https://www.inaturalist.org/observations/254900418","https://static.inaturalist.org/photos/456682553/medium.jpg","gaelsolisbalcazar2d",254900418,"Carpa asiática dorada","Actinopterygii",58612,0,0,"2024-10-25 21:05:26-03:00","2024-10-25","2024-10-26 00:05:26 UTC","Santiago",14,14,"","open","false","","",8816554,"Gael Balcazar","2024-12-12 14:19:32 UTC","2024-12-12 17:00:02 UTC","casual","",NA,3,"true"
