"license","catalogNumber","occurrenceID","taxonID","scientificName","eventDate","verbatimEventDate","eventRemarks","occurrenceRemarks","locality","decimalLatitude","decimalLongitude","coordinateUncertaintyInMeters","associatedMedia","basisOfRecord","datasetName","geodeticDatum","otherCatalogNumbers"
"CC-BY-NC",347968623,"https://www.inaturalist.org/observations/347968623","49596","Salvelinus fontinalis",2025-01-15,"2025-01-15 21:08:15","","","Antártica Chilena, Cabo de Hornos, Magallanes y la Antártica Chilena, Chile",-54.8358144376,-68.7788427249,2248,"https://static.inaturalist.org/photos/634543097/medium.jpg","HumanObservation","iNaturalist research-grade observations","WGS84",NA
"CC-BY-NC",341723000,"https://www.inaturalist.org/observations/341723000","620534","Sebastes oculatus",2026-03-06,"2026/03/06 10:00 AM","on SCUBA, <70ft","on SCUBA, <70ft","Última Esperanza, Magallanes and Chilean Antarctica, Chile",-52.6851749411,-73.7544967191,325,"https://inaturalist-open-data.s3.amazonaws.com/photos/622143061/medium.jpg","HumanObservation","iNaturalist research-grade observations","WGS84","gbifID:6179536516"
"CC-BY-NC",341722999,"https://www.inaturalist.org/observations/341722999","620534","Sebastes oculatus",2026-03-06,"2026/03/06 10:00 AM","on SCUBA, <70ft","on SCUBA, <70ft","Última Esperanza, Magallanes and Chilean Antarctica, Chile",-52.6851749411,-73.7544967191,325,"https://inaturalist-open-data.s3.amazonaws.com/photos/622143074/medium.jpg","HumanObservation","iNaturalist research-grade observations","WGS84","gbifID:6179056828"
"CC-BY",341445881,"https://www.inaturalist.org/observations/341445881","607870","Agonopsis chiloensis",2026-03-05,"2026/03/05 6:05 AM","","","Magallanes and Chilean Antarctica, Chile",-54.4376828724,-69.0951099991,9001,"https://inaturalist-open-data.s3.amazonaws.com/photos/621582862/medium.jpg","HumanObservation","iNaturalist research-grade observations","WGS84","gbifID:6178834071"
"",340952495,"https://www.inaturalist.org/observations/340952495","622087","Dadyanos insignis",2026-02-28,"2026-02-28 03:10:00","","","Punta Arenas, Magallanes y la Antártica Chilena, Chile",-53.7652022359,-70.9789142758,370,"https://static.inaturalist.org/photos/620568957/medium.jpg","HumanObservation","iNaturalist research-grade observations","WGS84",NA
"CC-BY-NC",339618295,"https://www.inaturalist.org/observations/339618295","321994","Galaxias maculatus",2026-02-19,"2026-02-19 10:29:00","","","Ushuaia Department, Provinz Tierra del Fuego, Argentinien",-54.8379153583,-68.5630037722,NA,"https://inaturalist-open-data.s3.amazonaws.com/photos/617849712/medium.jpg","HumanObservation","iNaturalist research-grade observations","WGS84","gbifID:6163279087"
"",338971687,"https://www.inaturalist.org/observations/338971687","47518","Salmo trutta",2026-02-16,"2026-02-16 20:24:42","","","Porvenir, Magallanes y la Antártica Chilena, Chile",-53.5482712704,-68.6976649985,63,"https://static.inaturalist.org/photos/616531912/medium.jpg","HumanObservation","iNaturalist research-grade observations","WGS84",NA
"CC0",333799365,"https://www.inaturalist.org/observations/333799365","615190","Harpagifer bispinis",2014-01-15,"2014/01/15 6:06 PM","","","V9410 Ushuaia, Tierra del Fuego, Argentina",-54.8076116,-68.3058409,6954,"https://inaturalist-open-data.s3.amazonaws.com/photos/606036357/medium.jpg","HumanObservation","iNaturalist research-grade observations","WGS84","gbifID:6130464440"
"CC0",333799364,"https://www.inaturalist.org/observations/333799364","615190","Harpagifer bispinis",2014-01-15,"2014/01/15 5:57 PM","","","V9410 Ushuaia, Tierra del Fuego, Argentina",-54.8076116,-68.3058409,6954,"https://inaturalist-open-data.s3.amazonaws.com/photos/606036299/medium.jpg","HumanObservation","iNaturalist research-grade observations","WGS84","gbifID:6130843501"
"CC-BY-NC",332895894,"https://www.inaturalist.org/observations/332895894","615190","Harpagifer bispinis",2013-01-12,"2013/01/12 6:50 PM","","","Magallanes, Magallanes y la Antártica Chilena, Chile",-53.1647526471,-70.8982940978,61,"https://inaturalist-open-data.s3.amazonaws.com/photos/604248172/medium.jpg","HumanObservation","iNaturalist research-grade observations","WGS84","gbifID:6131263681"
"CC-BY-NC",326902158,"https://www.inaturalist.org/observations/326902158","47518","Salmo trutta",2025-10-29,"2025-10-29 16:56:29","","","Río Grande, Tierra del Fuego, Argentina",-53.8311319468,-67.8027268499,432,"https://inaturalist-open-data.s3.amazonaws.com/photos/592145553/medium.jpg","HumanObservation","iNaturalist research-grade observations","WGS84","gbifID:5897270787"
"CC-BY-NC",326411644,"https://www.inaturalist.org/observations/326411644","49596","Salvelinus fontinalis",2025-11-13,"2025-11-13 15:46:47","","","Campamento Rio Cambaceres, Ruta Provincial J Km 58, Tierra del Fuego, Argentina",-54.8817805997,-67.2395745997,NA,"https://inaturalist-open-data.s3.amazonaws.com/photos/591165149/medium.jpg","HumanObservation","iNaturalist research-grade observations","WGS84","gbifID:5897717550"
"",321786319,"https://www.inaturalist.org/observations/321786319","187209","Careproctus pallidus",2025-10-18,"2025-10-18 17:57:37","","","Natales, Magallanes and Antartica Chilena Region, CL",-52.692816508,-73.7604463943,18002,"https://static.inaturalist.org/photos/581999858/medium.jpg","HumanObservation","iNaturalist research-grade observations","WGS84",NA
"CC-BY-ND",284596843,"https://www.inaturalist.org/observations/284596843","618326","Patagonotothen wiltoni",2025-04-01,"2025/04/01 1:11 PM","a 100 m de profundidad en Seno Skyring. Grabado mediante ROV","a 100 m de profundidad en Seno Skyring. Grabado mediante ROV","Magallanes, Magallanes y la Antártica Chilena, Chile",-52.6259617053,-71.6380752957,977,"https://inaturalist-open-data.s3.amazonaws.com/photos/511482388/medium.jpg","HumanObservation","iNaturalist research-grade observations","WGS84",NA
"",269317390,"https://www.inaturalist.org/observations/269317390","49596","Salvelinus fontinalis",2025-02-04,"2025/02/04 4:33 PM","Brook Trout hunted by a Cinclodes patagonicus","Brook Trout hunted by a Cinclodes patagonicus","Ushuaia Department, Tierra del Fuego Province, Argentina",-54.6809118521,-67.8146034029,708,"https://static.inaturalist.org/photos/484217920/medium.jpg","HumanObservation","iNaturalist research-grade observations","WGS84",NA
"CC-BY-NC",267040700,"https://www.inaturalist.org/observations/267040700","621457","Leptonotus blainvilleanus",2024-12-02,"2024/12/02 13:45","","","Provincia de Última Esperanza, Magallanes y de la Antártica Chilena, Chile",-52.686872989,-73.7671005308,122,"https://inaturalist-open-data.s3.amazonaws.com/photos/479847014/medium.png","HumanObservation","iNaturalist research-grade observations","WGS84","gbifID:5108178398"
"CC-BY-NC",266895294,"https://www.inaturalist.org/observations/266895294","321994","Galaxias maculatus",2025-03-24,"2025-03-24 10:18:00","","","Antártica Chilena, Cabo de Hornos, Magallanes y la Antártica Chilena, Chile",-54.9280889482,-68.3185055852,43,"https://inaturalist-open-data.s3.amazonaws.com/photos/479570051/medium.jpeg","HumanObservation","iNaturalist research-grade observations","WGS84","gbifID:5932432593"
"CC-BY-NC",262007258,"https://www.inaturalist.org/observations/262007258","620534","Sebastes oculatus",2025-02-07,"2025/02/07 3:32 PM","Taken with ROV between 300-400 feet","Taken with ROV between 300-400 feet","Magallanes Province, Magallanes and Chilean Antarctica, Chile",-52.9636818638,-72.9485943552,1953,"https://inaturalist-open-data.s3.amazonaws.com/photos/470803740/medium.png","HumanObservation","iNaturalist research-grade observations","WGS84","gbifID:5069990935"
"CC-BY-NC",262007240,"https://www.inaturalist.org/observations/262007240","320531","Coelorinchus fasciatus",2025-02-07,"2025/02/07 3:32 PM","Taken with ROV between 300-400 feet","Taken with ROV between 300-400 feet","Magallanes Province, Magallanes and Chilean Antarctica, Chile",-52.9636818638,-72.9485943552,1953,"https://inaturalist-open-data.s3.amazonaws.com/photos/470800696/medium.png","HumanObservation","iNaturalist research-grade observations","WGS84","gbifID:5206057441"
"CC-BY-NC",262007234,"https://www.inaturalist.org/observations/262007234","611810","Sprattus fuegensis",2025-02-07,"2025/02/07 3:32 PM","Taken with ROV between 300-400 feet","Taken with ROV between 300-400 feet","Magallanes Province, Magallanes and Chilean Antarctica, Chile",-52.9636818638,-72.9485943552,1953,"https://inaturalist-open-data.s3.amazonaws.com/photos/470800156/medium.png","HumanObservation","iNaturalist research-grade observations","WGS84","gbifID:5069993909"
"CC0",261122998,"https://www.inaturalist.org/observations/261122998","47518","Salmo trutta",2025-02-08,"2025/02/08 1:40 PM","","","Río Grande, Tierra del Fuego, Argentina",-52.6649666153,-68.6034983293,122,"https://inaturalist-open-data.s3.amazonaws.com/photos/469053929/medium.jpeg","HumanObservation","iNaturalist research-grade observations","WGS84","gbifID:5064055825"
"",257853683,"https://www.inaturalist.org/observations/257853683","615190","Harpagifer bispinis",2024-12-15,"2024-12-15 12:55:42","","","Ushuaia, Tierra del Fuego, Argentina",-54.855685,-68.4203954,NA,"https://static.inaturalist.org/photos/462576431/medium.jpeg","HumanObservation","iNaturalist research-grade observations","WGS84",NA
"CC-BY-NC",256575457,"https://www.inaturalist.org/observations/256575457","125290","Genypterus blacodes",2024-12-28,"2024-12-28 12:19:00-03:00","","","Puerto San Juan de la Posesión, Région de Magallanes y de la Antártica Chilena, CL",-53.6307570572,-70.9336958361,8,"https://inaturalist-open-data.s3.amazonaws.com/photos/460061859/medium.jpg","HumanObservation","iNaturalist research-grade observations","WGS84","gbifID:5007544224"
"CC-BY",255868047,"https://www.inaturalist.org/observations/255868047","615190","Harpagifer bispinis",2024-12-21,"2024-12-21 16:00:58","","","Senda Costera, Tierra del Fuego, AR",-54.847105,-68.4835283333,21,"https://static.inaturalist.org/photos/458629669/medium.jpg","HumanObservation","iNaturalist research-grade observations","WGS84","gbifID:5006808624"
"CC-BY",255867651,"https://www.inaturalist.org/observations/255867651","622085","Crossostomus chilensis",2024-12-21,"2024-12-21 16:16:44","","","Senda Costera, Tierra del Fuego, AR",-54.847625,-68.4854583333,6,"https://static.inaturalist.org/photos/458628968/medium.jpg","HumanObservation","iNaturalist research-grade observations","WGS84","gbifID:5007081008"
"CC0",254502009,"https://www.inaturalist.org/observations/254502009","622085","Crossostomus chilensis",2024-12-07,"2024/12/07 11:51 AM","","","Isla Martillo, Islas del Atlantico Sur, V9410 Ushuaia, Tierra del Fuego, Argentina",-54.9076018,-67.3822996,173,"https://inaturalist-open-data.s3.amazonaws.com/photos/455875019/medium.jpeg","HumanObservation","iNaturalist research-grade observations","WGS84","gbifID:4994412510"
"",253055428,"https://www.inaturalist.org/observations/253055428","622085","Crossostomus chilensis",2022-12-24,"2022-12-24 12:04:08-03:00","Small black eel found under a rock at low tide","Small black eel found under a rock at low tide","Tierra del Fuego, Tierra del Fuego, AR",-54.8682666667,-67.44065,4,"https://static.inaturalist.org/photos/453042656/medium.jpeg","HumanObservation","iNaturalist research-grade observations","WGS84",NA
"CC-BY",252217390,"https://www.inaturalist.org/observations/252217390","615190","Harpagifer bispinis",2024-11-18,"2024-11-18 11:57:06","","","Ushuaia, AR-TF, AR",-54.8550383333,-68.4144566667,5,"https://inaturalist-open-data.s3.amazonaws.com/photos/451458008/medium.jpeg","HumanObservation","iNaturalist research-grade observations","WGS84","gbifID:4982135130"
"CC-BY",252175708,"https://www.inaturalist.org/observations/252175708","618325","Patagonotothen tessellata",2024-03-16,"2024/03/16 6:03 AM","0-39fsw","0-39fsw","Magallanes and Chilean Antarctica, Chile",-54.5202445492,-70.2012219986,354,"https://static.inaturalist.org/photos/450664442/medium.png","HumanObservation","iNaturalist research-grade observations","WGS84","gbifID:5844003862"
"CC-BY",250216624,"https://www.inaturalist.org/observations/250216624","321994","Galaxias maculatus",2024-11-02,"2024-11-02 18:20:03","Puyen chico","Puyen chico","Tierra del Fuego National Park, AR-TF-US, AR-TF, AR",-54.8439433333,-68.568655,7,"https://inaturalist-open-data.s3.amazonaws.com/photos/447952442/medium.jpeg","HumanObservation","iNaturalist research-grade observations","WGS84","gbifID:4978536347"
"",248437106,"https://www.inaturalist.org/observations/248437106","615190","Harpagifer bispinis",2024-10-19,"2024-10-19 13:36:08","","","Ushuaia, Tierra del Fuego, Argentina",-54.8565011997,-68.4199485,NA,"https://static.inaturalist.org/photos/443905115/medium.jpeg","HumanObservation","iNaturalist research-grade observations","WGS84",NA
"CC-BY",205270614,"https://www.inaturalist.org/observations/205270614","621457","Leptonotus blainvilleanus",2022-03-20,"2022/03/20 7:04 PM","Encontrado por Pamela Espinoza a orillas del Canal Fitz Roy, Río Verde, Magallanes. 
Eduardo Faúndez sugiere Leptonotus blainvillianus.

Marzo de 2022.","Encontrado por Pamela Espinoza a orillas del Canal Fitz Roy, Río Verde, Magallanes. 
Eduardo Faúndez sugiere Leptonotus blainvillianus.

Marzo de 2022.","Magallanes, Magallanes y la Antártica Chilena, Chile",-52.7106093319,-71.3999395464,695,"https://inaturalist-open-data.s3.amazonaws.com/photos/362931021/medium.jpg","HumanObservation","iNaturalist research-grade observations","WGS84","gbifID:4607233888"
"CC-BY-NC",203470698,"https://www.inaturalist.org/observations/203470698","618326","Patagonotothen wiltoni",2024-03-20,"2024-03-20 11:38:10","","","Magallanes Province, Magallanes and Chilean Antarctica, Chile",-53.7299033949,-70.9682726115,69,"https://inaturalist-open-data.s3.amazonaws.com/photos/359501645/medium.jpeg","HumanObservation","iNaturalist research-grade observations","WGS84","gbifID:4851765043"
"CC-BY-NC",203469755,"https://www.inaturalist.org/observations/203469755","108966","Patagonotothen cornucola",2024-03-20,"2024-03-20 11:31:54","","","Magallanes Province, Magallanes and Chilean Antarctica, Chile",-53.6904469722,-70.9709009722,NA,"https://inaturalist-open-data.s3.amazonaws.com/photos/359500156/medium.jpeg","HumanObservation","iNaturalist research-grade observations","WGS84","gbifID:4852721585"
"CC-BY-NC",203469703,"https://www.inaturalist.org/observations/203469703","618323","Patagonotothen sima",2024-03-20,"2024-03-20 11:23:47","","","Magallanes Province, Magallanes and Chilean Antarctica, Chile",-53.69006,-70.971196,NA,"https://inaturalist-open-data.s3.amazonaws.com/photos/359500088/medium.jpeg","HumanObservation","iNaturalist research-grade observations","WGS84","gbifID:4852666191"
"CC-BY-NC",203469650,"https://www.inaturalist.org/observations/203469650","108966","Patagonotothen cornucola",2024-03-20,"2024-03-20 11:21:19","","","Punta Arenas, Magallanes and Chilean Antarctica, Chile",-53.690167,-70.971191,NA,"https://inaturalist-open-data.s3.amazonaws.com/photos/359499950/medium.jpeg","HumanObservation","iNaturalist research-grade observations","WGS84","gbifID:4852742382"
"CC-BY-NC",203469519,"https://www.inaturalist.org/observations/203469519","108966","Patagonotothen cornucola",2024-03-20,"2024-03-20 11:17:26","","","Magallanes, CL-MA, CL",-53.6901659722,-70.971202,NA,"https://inaturalist-open-data.s3.amazonaws.com/photos/359499773/medium.jpeg","HumanObservation","iNaturalist research-grade observations","WGS84","gbifID:4852246234"
"CC-BY-NC",203388733,"https://www.inaturalist.org/observations/203388733","108966","Patagonotothen cornucola",2024-03-20,"2024-03-20 11:14:43","","","Punta Arenas, Magallanes and Chilean Antarctica, Chile",-53.6778169722,-70.973714,NA,"https://inaturalist-open-data.s3.amazonaws.com/photos/359499176/medium.jpeg","HumanObservation","iNaturalist research-grade observations","WGS84","gbifID:4851777901"
"CC-BY-NC",203388392,"https://www.inaturalist.org/observations/203388392","321994","Galaxias maculatus",2024-03-21,"2024-03-21 15:11:11","","","Punta Arenas, Magallanes and Chilean Antarctica, Chile",-53.108592,-70.8807589722,NA,"https://inaturalist-open-data.s3.amazonaws.com/photos/359342135/medium.jpeg","HumanObservation","iNaturalist research-grade observations","WGS84","gbifID:4599794278"
"CC-BY-NC",203276543,"https://www.inaturalist.org/observations/203276543","53692","Oncorhynchus kisutch",2024-03-20,"2024-03-20 13:57:54","","","Punta Arenas, Magallanes and Chilean Antarctica, Chile",-53.698084,-70.9688369722,NA,"https://inaturalist-open-data.s3.amazonaws.com/photos/359126631/medium.jpeg","HumanObservation","iNaturalist research-grade observations","WGS84","gbifID:4600103989"
"CC-BY-NC",202764354,"https://www.inaturalist.org/observations/202764354","108966","Patagonotothen cornucola",2024-02-03,"2024/02/03 6:00 PM","","","Ushuaia, Tierra del Fuego, Argentina",-54.8735574167,-68.523597555,NA,"https://inaturalist-open-data.s3.amazonaws.com/photos/358148737/medium.jpg","HumanObservation","iNaturalist research-grade observations","WGS84","gbifID:4847108497"
"CC-BY-NC",202345105,"https://www.inaturalist.org/observations/202345105","620534","Sebastes oculatus",2024-03-13,"2024/03/13 7:13 PM","","","Magallanes Province, Magallanes and Chilean Antarctica, Chile",-53.6276763389,-70.9180255335,244,"https://inaturalist-open-data.s3.amazonaws.com/photos/357347969/medium.jpeg","HumanObservation","iNaturalist research-grade observations","WGS84","gbifID:4597467631"
"",200201652,"https://www.inaturalist.org/observations/200201652","47518","Salmo trutta",2024-02-12,"2024-02-12 22:29:58-03:00","","","Tierra del Fuego, Tierra del Fuego, AR",-53.8755033333,-68.149125,4,"https://static.inaturalist.org/photos/353172666/medium.jpg","HumanObservation","iNaturalist research-grade observations","WGS84",NA
"CC-BY-NC",198461043,"https://www.inaturalist.org/observations/198461043","618325","Patagonotothen tessellata",2024-02-02,"2024-02-02 15:34:07-03:00","","","Caleta Aspirante, Tierra del Fuego, AR",-54.809405,-68.3063716667,4,"https://inaturalist-open-data.s3.amazonaws.com/photos/349803586/medium.jpg","HumanObservation","iNaturalist research-grade observations","WGS84","gbifID:4519240768"
"CC-BY-NC",198460990,"https://www.inaturalist.org/observations/198460990","615190","Harpagifer bispinis",2024-02-01,"2024-02-01 17:06:57-03:00","","","Tierra del Fuego, Tierra del Fuego, AR",-54.846775,-68.4821383333,4,"https://inaturalist-open-data.s3.amazonaws.com/photos/349803464/medium.jpg","HumanObservation","iNaturalist research-grade observations","WGS84","gbifID:4519272746"
"CC-BY-NC",197180559,"https://www.inaturalist.org/observations/197180559","49596","Salvelinus fontinalis",2024-01-11,"2024-01-11 11:10:06","En laguna de castorera en bosque de nothofagus ","En laguna de castorera en bosque de nothofagus ","Antártica Chilena, Cabo de Hornos, Magallanes y la Antártica Chilena, Chile",-54.8560427789,-68.6047120392,1169,"https://inaturalist-open-data.s3.amazonaws.com/photos/347220455/medium.jpeg","HumanObservation","iNaturalist research-grade observations","WGS84","gbifID:4516711573"
"",195655369,"https://www.inaturalist.org/observations/195655369","622070","Austrolycus depressiceps",2024-01-03,"2024-01-03 09:06:32-03:00","","","Silva Palma, Punta Arenas, Región de Magallanes y de la Antártica Chilena, CL",-53.6761769559,-70.9734688254,150,"https://static.inaturalist.org/photos/344264459/medium.jpg","HumanObservation","iNaturalist research-grade observations","WGS84",NA
"CC-BY",195515876,"https://www.inaturalist.org/observations/195515876","615190","Harpagifer bispinis",2024-01-01,"2024-01-01 16:26:03","","","Ushuaia, AR-TF, AR",-54.85692327,-68.42039211,4,"https://inaturalist-open-data.s3.amazonaws.com/photos/343983414/medium.jpeg","HumanObservation","iNaturalist research-grade observations","WGS84","gbifID:4981982225"
"CC-BY",195165906,"https://www.inaturalist.org/observations/195165906","49596","Salvelinus fontinalis",2023-12-27,"2023-12-27 12:17:37","","","Ushuaia, AR-TF, AR",-54.87971225,-67.24208289,3,"https://inaturalist-open-data.s3.amazonaws.com/photos/343269875/medium.jpeg","HumanObservation","iNaturalist research-grade observations","WGS84","gbifID:4507646206"
"CC0",193814654,"https://www.inaturalist.org/observations/193814654","321994","Galaxias maculatus",2023-12-08,"2023/12/08 4:17 PM","","","Ushuaia, Tierra del Fuego, Argentina",-54.8019121,-68.3029511,6410,"https://inaturalist-open-data.s3.amazonaws.com/photos/340522056/medium.jpeg","HumanObservation","iNaturalist research-grade observations","WGS84","gbifID:4987825535"
"CC-BY-NC",192462612,"https://www.inaturalist.org/observations/192462612","541858","Eleginops maclovinus",2023-11-28,"2023-11-28 17:09:30","","","Argentinien",-54.8705459373,-68.068613559,97956,"https://inaturalist-open-data.s3.amazonaws.com/photos/337868150/medium.jpeg","HumanObservation","iNaturalist research-grade observations","WGS84","gbifID:4454090017"
"CC-BY",187904953,"https://www.inaturalist.org/observations/187904953","47516","Oncorhynchus mykiss",2023-10-17,"2023-10-17 11:52:57","","","Ushuaia, Tierra del Fuego, Argentina",-54.7985233816,-68.2262915745,8,"https://inaturalist-open-data.s3.amazonaws.com/photos/328716170/medium.jpeg","HumanObservation","iNaturalist research-grade observations","WGS84","gbifID:4436068264"
"CC-BY",187899396,"https://www.inaturalist.org/observations/187899396","47516","Oncorhynchus mykiss",2023-10-17,"2023-10-17 10:53:00","","","Río Olivia PARCELA 113 (playa larga, Tierra del Fuego, Argentina",-54.7981264009,-68.2255673781,9,"https://inaturalist-open-data.s3.amazonaws.com/photos/328705438/medium.jpeg","HumanObservation","iNaturalist research-grade observations","WGS84","gbifID:5903939976"
"CC-BY",187837183,"https://www.inaturalist.org/observations/187837183","53692","Oncorhynchus kisutch",2023-10-16,"2023-10-16 15:45:43","Salmón coho","Salmón coho","Tierra del Fuego National Park, AR-TF-US, AR-TF, AR",-54.8323824551,-68.5665894672,8,"https://inaturalist-open-data.s3.amazonaws.com/photos/328585871/medium.jpeg","HumanObservation","iNaturalist research-grade observations","WGS84","gbifID:4430628862"
"CC-BY",187837142,"https://www.inaturalist.org/observations/187837142","47518","Salmo trutta",2023-10-16,"2023-10-16 13:52:28","Trucha marrón ","Trucha marrón ","Tierra del Fuego National Park, AR-TF-US, AR-TF, AR",-54.8342598183,-68.5688478872,12,"https://inaturalist-open-data.s3.amazonaws.com/photos/328585775/medium.jpeg","HumanObservation","iNaturalist research-grade observations","WGS84","gbifID:4431136047"
"CC-BY",187833057,"https://www.inaturalist.org/observations/187833057","49596","Salvelinus fontinalis",2023-10-16,"2023-10-16 13:10:58","","","Tierra del Fuego National Park, AR-TF-US, AR-TF, AR",-54.8357553512,-68.5688267648,7,"https://inaturalist-open-data.s3.amazonaws.com/photos/328585660/medium.jpeg","HumanObservation","iNaturalist research-grade observations","WGS84","gbifID:4431097896"
"CC-BY",187833010,"https://www.inaturalist.org/observations/187833010","321994","Galaxias maculatus",2023-10-16,"2023-10-16 12:24:13","Puyen chico","Puyen chico","Tierra del Fuego National Park, AR-TF-US, AR-TF, AR",-54.840095462,-68.5729992762,7,"https://inaturalist-open-data.s3.amazonaws.com/photos/328577807/medium.jpeg","HumanObservation","iNaturalist research-grade observations","WGS84","gbifID:4430639939"
"",171204022,"https://www.inaturalist.org/observations/171204022","608797","Odontesthes nigricans",2023-06-21,"2023/06/21 10:52 AM","","","Playa Larga - Canal Onashaga - Ushuaia - Tierra del Fuego",-54.8059357288,-68.2216004319,15,"https://static.inaturalist.org/photos/297056575/medium.jpg","HumanObservation","iNaturalist research-grade observations","WGS84",NA
"CC0",160679794,"https://www.inaturalist.org/observations/160679794","541858","Eleginops maclovinus",2023-05-07,"2023/05/07 8:10 PM","","","Ushuaia, Tierra del Fuego, Argentina",-54.8019121,-68.3029511,6410,"https://inaturalist-open-data.s3.amazonaws.com/photos/277675537/medium.jpeg","HumanObservation","iNaturalist research-grade observations","WGS84","gbifID:4987411981"
"CC-BY-NC",154164815,"https://www.inaturalist.org/observations/154164815","55388","Champsocephalus esox",2023-04-09,"2023-04-09","","","",-53.2712137231,-72.0108800344,673323,"https://inaturalist-open-data.s3.amazonaws.com/photos/266347894/medium.jpeg","HumanObservation","iNaturalist research-grade observations","WGS84","gbifID:4080906337"
"CC-BY-NC",153205619,"https://www.inaturalist.org/observations/153205619","47516","Oncorhynchus mykiss",2023-01-30,"2023-01-30 17:31:22","","","Camerón, Timaukel, Magallanes y la Antártica Chilena, Chile",-53.6384743704,-69.6450477093,496,"https://inaturalist-open-data.s3.amazonaws.com/photos/264581446/medium.jpeg","HumanObservation","iNaturalist research-grade observations","WGS84","gbifID:4076106612"
"CC-BY-NC",153205385,"https://www.inaturalist.org/observations/153205385","47518","Salmo trutta",2021-12-15,"2021-12-15 19:02:00","","","Timaukel, Magallanes y la Antártica Chilena, Chile",-53.6605641421,-69.663919732,13575,"https://inaturalist-open-data.s3.amazonaws.com/photos/264581054/medium.jpeg","HumanObservation","iNaturalist research-grade observations","WGS84","gbifID:4076029552"
"",148560551,"https://www.inaturalist.org/observations/148560551","615190","Harpagifer bispinis",2022-12-07,"2022-12-07 11:21:47","","","Argentina",-54.8480818765,-68.4895949811,24,"https://static.inaturalist.org/photos/255854737/medium.jpeg","HumanObservation","iNaturalist research-grade observations","WGS84",NA
"",148560541,"https://www.inaturalist.org/observations/148560541","615190","Harpagifer bispinis",2022-12-07,"2022-12-07 11:21:37","","","Argentina",-54.8481007938,-68.4894404188,18,"https://static.inaturalist.org/photos/255854720/medium.jpeg","HumanObservation","iNaturalist research-grade observations","WGS84",NA
"",148410791,"https://www.inaturalist.org/observations/148410791","53692","Oncorhynchus kisutch",2023-02-09,"2023-02-09 10:14:19","","","Argentina",-54.8572055626,-68.4147489443,423,"https://inaturalist-open-data.s3.amazonaws.com/photos/255568826/medium.jpeg","HumanObservation","iNaturalist research-grade observations","WGS84",NA
"CC-BY-NC",147537327,"https://www.inaturalist.org/observations/147537327","607870","Agonopsis chiloensis",2023-01-10,"2023-01-10 12:19:32","","","Ushuaia Department, Tierra del Fuego Province, Argentina",-54.8555694444,-68.5302444444,NA,"https://inaturalist-open-data.s3.amazonaws.com/photos/253891614/medium.jpeg","HumanObservation","iNaturalist research-grade observations","WGS84","gbifID:4029098944"
"",147116064,"https://www.inaturalist.org/observations/147116064","622070","Austrolycus depressiceps",2023-01-22,"2023-01-22 12:01:42","","","Ushuaia, Tierra del Fuego, Argentina",-54.837671,-68.358733,NA,"https://static.inaturalist.org/photos/253088392/medium.jpeg","HumanObservation","iNaturalist research-grade observations","WGS84",NA
"CC-BY",147055006,"https://www.inaturalist.org/observations/147055006","49596","Salvelinus fontinalis",2023-01-21,"2023-01-21 17:38:09","","","Ushuaia, AR-TF, AR",-54.7619189722,-68.1955279722,NA,"https://inaturalist-open-data.s3.amazonaws.com/photos/252970478/medium.jpeg","HumanObservation","iNaturalist research-grade observations","WGS84","gbifID:4022073956"
"CC0",146536158,"https://www.inaturalist.org/observations/146536158","47518","Salmo trutta",2023-01-08,"2023/01/08 4:46 PM","","","Ushuaia, Tierra del Fuego, Argentina",-54.8433094,-68.5540865,10565,"https://inaturalist-open-data.s3.amazonaws.com/photos/251952682/medium.jpeg","HumanObservation","iNaturalist research-grade observations","WGS84","gbifID:4987381306"
"CC-BY-NC",145800372,"https://www.inaturalist.org/observations/145800372","53692","Oncorhynchus kisutch",2022-12-06,"2022/12/06 4:05 PM","","","Ushuaia, Tierra del Fuego, Argentina",-54.8304685547,-68.5638426771,794,"https://inaturalist-open-data.s3.amazonaws.com/photos/250516781/medium.jpeg","HumanObservation","iNaturalist research-grade observations","WGS84","gbifID:4901782451"
"CC0",142030334,"https://www.inaturalist.org/observations/142030334","321994","Galaxias maculatus",2022-11-13,"2022/11/13 5:27 PM","","","Ushuaia, Tierra del Fuego, Argentina",-54.8453471032,-68.5639678236,15,"https://inaturalist-open-data.s3.amazonaws.com/photos/243437066/medium.jpeg","HumanObservation","iNaturalist research-grade observations","WGS84","gbifID:4987642125"
"CC0",142026939,"https://www.inaturalist.org/observations/142026939","321994","Galaxias maculatus",2022-11-12,"2022/11/12 4:58 PM","","","Ushuaia, Tierra del Fuego, Argentina",-54.7989213533,-68.2313593784,31,"https://inaturalist-open-data.s3.amazonaws.com/photos/243431906/medium.jpeg","HumanObservation","iNaturalist research-grade observations","WGS84","gbifID:4987581676"
"CC0",125777258,"https://www.inaturalist.org/observations/125777258","47518","Salmo trutta",2022-07-10,"2022-07-10 15:43:07","","","Aeropuerto Internacional de Ushuaia ""Malvinas Argentinas"" (USH), V9401 Ushuaia, Tierra del Fuego, Argentina",-54.8392944444,-68.3146722222,NA,"https://inaturalist-open-data.s3.amazonaws.com/photos/213334390/medium.jpeg","HumanObservation","iNaturalist research-grade observations","WGS84","gbifID:4987826932"
"",121877544,"https://www.inaturalist.org/observations/121877544","108966","Patagonotothen cornucola",2021-11-10,"2021/11/10 6:37 PM","","","Punta Cauquenes - Ushuaia, Tierra del Fuego, Argentina",-54.842445029,-68.3632213585,15,"https://static.inaturalist.org/photos/206287565/medium.jpeg","HumanObservation","iNaturalist research-grade observations","WGS84",NA
"",121877531,"https://www.inaturalist.org/observations/121877531","108966","Patagonotothen cornucola",2021-11-10,"2021/11/10 6:31 PM","","","Punta Cauquenes - Ushuaia, Tierra del Fuego, Argentina",-54.842445029,-68.3632213585,15,"https://static.inaturalist.org/photos/206287201/medium.jpeg","HumanObservation","iNaturalist research-grade observations","WGS84",NA
"",121868933,"https://www.inaturalist.org/observations/121868933","618325","Patagonotothen tessellata",2021-04-09,"2021/04/09 10:01 PM","","","Puerto Pirata - Canal Beagle",-54.880383639,-67.7470818111,15,"https://static.inaturalist.org/photos/206270433/medium.jpeg","HumanObservation","iNaturalist research-grade observations","WGS84",NA
"",121868926,"https://www.inaturalist.org/observations/121868926","618325","Patagonotothen tessellata",2021-04-09,"2021/04/09 9:48 PM","","","Puerto Pirata - Canal Beagle",-54.880383639,-67.7470818111,15,"https://static.inaturalist.org/photos/206270309/medium.jpeg","HumanObservation","iNaturalist research-grade observations","WGS84",NA
"",118524451,"https://www.inaturalist.org/observations/118524451","607870","Agonopsis chiloensis",2021-12-11,"2021/12/11 1:57 PM","","","Playita Los Fueguitos - Canal Beagle",-54.9416744763,-66.9111728527,15,"https://static.inaturalist.org/photos/200250756/medium.jpeg","HumanObservation","iNaturalist research-grade observations","WGS84",NA
"CC0",109099669,"https://www.inaturalist.org/observations/109099669","321994","Galaxias maculatus",2022-03-19,"2022-03-19 17:12:11","","","Ushuaia",-54.8018915692,-68.3029511198,6410,"https://inaturalist-open-data.s3.amazonaws.com/photos/183813219/medium.jpeg","HumanObservation","iNaturalist research-grade observations","WGS84","gbifID:4987445201"
"",108657826,"https://www.inaturalist.org/observations/108657826","618325","Patagonotothen tessellata",2021-03-29,"2021/03/29 4:49 PM -0300","","","Playa Begué - Ushuaia",-54.8470586175,-68.3727368143,61,"https://static.inaturalist.org/photos/182988101/medium.jpeg","HumanObservation","iNaturalist research-grade observations","WGS84",NA
"",108657321,"https://www.inaturalist.org/observations/108657321","108966","Patagonotothen cornucola",2021-04-28,"2021/04/28 12:38 PM -0300","","","Monte Sarmiento - Canal Beagle - Tierra del Fuego",-54.8616875133,-67.8568417007,61,"https://static.inaturalist.org/photos/182985546/medium.jpeg","HumanObservation","iNaturalist research-grade observations","WGS84",NA
"",107893174,"https://www.inaturalist.org/observations/107893174","618325","Patagonotothen tessellata",2021-07-16,"2021/07/16 4:33 PM -0300","","","Baliza Escarpados - Canal Beagle - Tierra del Fuego",-54.8197558348,-68.1849245143,31,"https://static.inaturalist.org/photos/181534292/medium.jpeg","HumanObservation","iNaturalist research-grade observations","WGS84",NA
"",107893171,"https://www.inaturalist.org/observations/107893171","607870","Agonopsis chiloensis",2021-07-16,"2021/07/16 3:47 PM -0300","","","Baliza Escarpados - Canal Beagle - Tierra del Fuego",-54.8197558348,-68.1849245143,31,"https://static.inaturalist.org/photos/181534257/medium.jpeg","HumanObservation","iNaturalist research-grade observations","WGS84",NA
"",107893168,"https://www.inaturalist.org/observations/107893168","550281","Paranotothenia magellanica",2021-07-16,"2021/07/16 3:36 PM -0300","","","Baliza Escarpados - Canal Beagle - Tierra del Fuego",-54.8197558348,-68.1849245143,31,"https://static.inaturalist.org/photos/181534228/medium.jpeg","HumanObservation","iNaturalist research-grade observations","WGS84",NA
"",107893148,"https://www.inaturalist.org/observations/107893148","108966","Patagonotothen cornucola",2021-03-19,"2021/03/19 12:09 PM -0300","","","Baliza Escarpados - Canal Beagle - Tierra del Fuego",-54.8197558348,-68.1849245143,31,"https://static.inaturalist.org/photos/181534013/medium.jpeg","HumanObservation","iNaturalist research-grade observations","WGS84",NA
"",107893142,"https://www.inaturalist.org/observations/107893142","618325","Patagonotothen tessellata",2021-03-19,"2021/03/19 11:49 AM -0300","","","Baliza Escarpados - Canal Beagle - Tierra del Fuego",-54.8197558348,-68.1849245143,31,"https://static.inaturalist.org/photos/181533923/medium.jpeg","HumanObservation","iNaturalist research-grade observations","WGS84",NA
"",107893125,"https://www.inaturalist.org/observations/107893125","618324","Patagonotothen squamiceps",2021-02-10,"2021/02/10 3:37 PM -0300","","","Baliza Escarpados - Canal Beagle - Tierra del Fuego",-54.8197558348,-68.1849245143,31,"https://static.inaturalist.org/photos/181533631/medium.jpeg","HumanObservation","iNaturalist research-grade observations","WGS84",NA
"",107893120,"https://www.inaturalist.org/observations/107893120","108966","Patagonotothen cornucola",2021-02-10,"2021/02/10 3:22 PM -0300","","","Baliza Escarpados - Canal Beagle - Tierra del Fuego",-54.8197558348,-68.1849245143,31,"https://static.inaturalist.org/photos/181533572/medium.jpeg","HumanObservation","iNaturalist research-grade observations","WGS84",NA
"",107893098,"https://www.inaturalist.org/observations/107893098","609395","Cottoperca trigloides",2021-10-03,"2021/10/03 12:45 PM -0300","","","Baliza Escarpados - Canal Beagle - Tierra del Fuego",-54.8197558348,-68.1849245143,31,"https://static.inaturalist.org/photos/181533272/medium.jpeg","HumanObservation","iNaturalist research-grade observations","WGS84",NA
"",107893069,"https://www.inaturalist.org/observations/107893069","108966","Patagonotothen cornucola",2021-03-03,"2021/03/03 5:12 PM -0300","","","Baliza Escarpados - Canal Beagle - Tierra del Fuego",-54.8197558348,-68.1849245143,31,"https://static.inaturalist.org/photos/181532970/medium.jpeg","HumanObservation","iNaturalist research-grade observations","WGS84",NA
"",107263187,"https://www.inaturalist.org/observations/107263187","618325","Patagonotothen tessellata",2021-01-14,"2021/01/14 5:28 PM -0300","","","Bahía Ensenada - Parque Nacional Tierra del Fuego",-54.8487423795,-68.4825291396,31,"https://static.inaturalist.org/photos/180368321/medium.jpeg","HumanObservation","iNaturalist research-grade observations","WGS84",NA
"CC-BY",107069166,"https://www.inaturalist.org/observations/107069166","49596","Salvelinus fontinalis",2022-02-19,"2022-02-19 18:14:18","Trucha fontinalis","Trucha fontinalis","Ushuaia, AR-TF, AR",-54.70920931,-68.10579527,9,"https://inaturalist-open-data.s3.amazonaws.com/photos/180004085/medium.jpeg","HumanObservation","iNaturalist research-grade observations","WGS84","gbifID:3698158710"
"",106085451,"https://www.inaturalist.org/observations/106085451","615190","Harpagifer bispinis",2021-09-14,"2021/09/14 4:55 PM -0300","","","Ushuaia, AR-TF, AR",-54.8580900005,-68.4497022519,488,"https://inaturalist-open-data.s3.amazonaws.com/photos/178142697/medium.jpg","HumanObservation","iNaturalist research-grade observations","WGS84",NA
"",106084975,"https://www.inaturalist.org/observations/106084975","541858","Eleginops maclovinus",2021-06-17,"2021/06/17 3:45 PM -0400","","","Ushuaia, AR-TF, AR",-54.8748364567,-67.2765442712,397,"https://inaturalist-open-data.s3.amazonaws.com/photos/178141933/medium.jpg","HumanObservation","iNaturalist research-grade observations","WGS84",NA
"",106084758,"https://www.inaturalist.org/observations/106084758","541858","Eleginops maclovinus",2022-01-27,"2022/01/27 4:40 PM -0300","","","Ushuaia, Tierra del Fuego, Argentina",-54.8740986766,-67.2755283248,385,"https://inaturalist-open-data.s3.amazonaws.com/photos/178141545/medium.jpg","HumanObservation","iNaturalist research-grade observations","WGS84",NA
"",106084695,"https://www.inaturalist.org/observations/106084695","321994","Galaxias maculatus",2022-01-27,"2022/01/27 4:38 PM -0300","","","Ushuaia, Tierra del Fuego, Argentina",-54.8739900347,-67.2758868696,308,"https://inaturalist-open-data.s3.amazonaws.com/photos/178141422/medium.jpg","HumanObservation","iNaturalist research-grade observations","WGS84",NA
"",106084644,"https://www.inaturalist.org/observations/106084644","541858","Eleginops maclovinus",2022-01-27,"2022/01/27 4:36 PM -0300","","","Ushuaia, Tierra del Fuego, Argentina",-54.8727932182,-67.2752313326,353,"https://inaturalist-open-data.s3.amazonaws.com/photos/178141232/medium.jpg","HumanObservation","iNaturalist research-grade observations","WGS84",NA
"",106084517,"https://www.inaturalist.org/observations/106084517","541858","Eleginops maclovinus",2022-01-27,"2022/01/27 4:29 PM -0300","","","Ushuaia, Tierra del Fuego, Argentina",-54.872575131,-67.2752229892,429,"https://inaturalist-open-data.s3.amazonaws.com/photos/178140973/medium.jpg","HumanObservation","iNaturalist research-grade observations","WGS84",NA
"",106082203,"https://www.inaturalist.org/observations/106082203","609395","Cottoperca trigloides",2021-05-12,"2021/05/12 1:09 PM -0300","","","Bahía Cambaceres - Tierra del Fuego - Argentina",-54.8811731641,-67.2734473465,15,"https://static.inaturalist.org/photos/178136863/medium.jpeg","HumanObservation","iNaturalist research-grade observations","WGS84",NA
"",103481574,"https://www.inaturalist.org/observations/103481574","446098","Helcogrammoides cunninghami",2021-01-20,"2021/01/20 2:33 PM -0300","","","Baliza Davison, Tierra del Fuego, Argentina",-54.9430507177,-66.9044865093,15,"https://static.inaturalist.org/photos/173201617/medium.jpeg","HumanObservation","iNaturalist research-grade observations","WGS84",NA
"",103481547,"https://www.inaturalist.org/observations/103481547","446098","Helcogrammoides cunninghami",2021-11-12,"2021/11/12 2:09 PM -0300","","","Baliza Davison, Tierra del Fuego, Argentina",-54.9430507177,-66.9044865093,15,"https://static.inaturalist.org/photos/173201028/medium.jpeg","HumanObservation","iNaturalist research-grade observations","WGS84",NA
"",103481527,"https://www.inaturalist.org/observations/103481527","108966","Patagonotothen cornucola",2021-02-07,"2021/02/07 12:56 PM -0300","","","Baliza Davison, Tierra del Fuego, Argentina",-54.9430507177,-66.9044865093,15,"https://static.inaturalist.org/photos/173199532/medium.jpeg","HumanObservation","iNaturalist research-grade observations","WGS84",NA
"",103481514,"https://www.inaturalist.org/observations/103481514","618325","Patagonotothen tessellata",2021-02-07,"2021/02/07 12:35 PM -0300","","","Baliza Davison, Tierra del Fuego, Argentina",-54.9430507177,-66.9044865093,15,"https://static.inaturalist.org/photos/173199407/medium.jpeg","HumanObservation","iNaturalist research-grade observations","WGS84",NA
"",103479854,"https://www.inaturalist.org/observations/103479854","47518","Salmo trutta",2021-01-29,"2021/01/29 3:23 PM -0300","","","Laguna Bombilla, Tierra del Fuego, Argentina",-54.602946354,-67.9848056036,8,"https://static.inaturalist.org/photos/173198856/medium.jpeg","HumanObservation","iNaturalist research-grade observations","WGS84",NA
"",103479851,"https://www.inaturalist.org/observations/103479851","47518","Salmo trutta",2021-01-29,"2021/01/29 2:38 PM -0300","","","Laguna Bombilla, Tierra del Fuego, Argentina",-54.602946354,-67.9848056036,8,"https://static.inaturalist.org/photos/173198808/medium.jpeg","HumanObservation","iNaturalist research-grade observations","WGS84",NA
"",103479846,"https://www.inaturalist.org/observations/103479846","321994","Galaxias maculatus",2021-01-29,"2021/01/29 2:08 PM -0300","","","Laguna Bombilla, Tierra del Fuego, Argentina",-54.602946354,-67.9848056036,8,"https://static.inaturalist.org/photos/173198717/medium.jpeg","HumanObservation","iNaturalist research-grade observations","WGS84",NA
"",103475294,"https://www.inaturalist.org/observations/103475294","47518","Salmo trutta",2021-01-11,"2021/01/11 4:08 PM -0300","","","Ushuaia, Tierra del Fuego, Argentina",-54.6386734635,-67.7633236926,8,"https://static.inaturalist.org/photos/173189475/medium.jpeg","HumanObservation","iNaturalist research-grade observations","WGS84",NA
"",103475290,"https://www.inaturalist.org/observations/103475290","49596","Salvelinus fontinalis",2021-01-07,"2021/01/07 7:35 PM -0300","","","Lago Escondido, Tierra del Fuego, Argentina",-54.6578257136,-67.8040388296,31,"https://static.inaturalist.org/photos/173189362/medium.jpeg","HumanObservation","iNaturalist research-grade observations","WGS84",NA
"",103475287,"https://www.inaturalist.org/observations/103475287","49596","Salvelinus fontinalis",2021-03-21,"2021/03/21 1:14 PM -0300","","","Lago Escondido, Tierra del Fuego, Argentina",-54.6578257136,-67.8040388296,31,"https://static.inaturalist.org/photos/173188887/medium.jpeg","HumanObservation","iNaturalist research-grade observations","WGS84",NA
"",103415544,"https://www.inaturalist.org/observations/103415544","108966","Patagonotothen cornucola",2020-07-20,"2020/07/20 2:51 PM -0300","","","Punta Cauquenes - Ushuaia, Tierra del Fuego, Argentina",-54.8421351737,-68.3632193518,15,"https://static.inaturalist.org/photos/173074925/medium.jpeg","HumanObservation","iNaturalist research-grade observations","WGS84",NA
"",102669550,"https://www.inaturalist.org/observations/102669550","618325","Patagonotothen tessellata",2020-06-21,"2020/06/21 7:48 PM -0300","","","Playa Begue - Bahía Golondrina - Ushuaia",-54.8465036873,-68.3736986179,8,"https://static.inaturalist.org/photos/171677094/medium.jpeg","HumanObservation","iNaturalist research-grade observations","WGS84",NA
"",102668545,"https://www.inaturalist.org/observations/102668545","618325","Patagonotothen tessellata",2020-03-10,"2020/03/10 4:40 AM -0300","","","Playa Begue - Bahía Golondrina - Ushuaia",-54.8465036873,-68.3736986179,8,"https://static.inaturalist.org/photos/171675442/medium.jpeg","HumanObservation","iNaturalist research-grade observations","WGS84",NA
"",102608023,"https://www.inaturalist.org/observations/102608023","607870","Agonopsis chiloensis",2020-01-27,"2020/01/27 6:31 AM -0300","","","Baliza Escarpados - Canal Beagle - Ushuaia - Tierra del Fuego - Argentina",-54.8200783,-68.1864242447,61,"https://static.inaturalist.org/photos/171561288/medium.jpeg","HumanObservation","iNaturalist research-grade observations","WGS84",NA
"",102607981,"https://www.inaturalist.org/observations/102607981","550281","Paranotothenia magellanica",2020-01-27,"2020/01/27 6:28 AM -0300","","","Baliza Escarpados - Canal Beagle - Ushuaia - Tierra del Fuego - Argentina",-54.8200783,-68.1864242447,61,"https://static.inaturalist.org/photos/171561169/medium.jpeg","HumanObservation","iNaturalist research-grade observations","WGS84",NA
"",102607925,"https://www.inaturalist.org/observations/102607925","108966","Patagonotothen cornucola",2020-01-27,"2020/01/27 6:23 AM -0300","","","Baliza Escarpados - Canal Beagle - Ushuaia - Tierra del Fuego - Argentina",-54.8200783,-68.1864242447,61,"https://static.inaturalist.org/photos/171561127/medium.jpeg","HumanObservation","iNaturalist research-grade observations","WGS84",NA
"",102606801,"https://www.inaturalist.org/observations/102606801","622087","Dadyanos insignis",2020-02-20,"2020/02/20 10:57 PM -0300","","","Baliza Escarpados - Canal Beagle - Ushuaia - Tierra del Fuego - Argentina",-54.8200783,-68.1864242447,61,"https://static.inaturalist.org/photos/171559986/medium.jpeg","HumanObservation","iNaturalist research-grade observations","WGS84",NA
"",102606799,"https://www.inaturalist.org/observations/102606799","609395","Cottoperca trigloides",2020-02-20,"2020/02/20 11:03 PM -0300","","","Baliza Escarpados - Canal Beagle - Ushuaia - Tierra del Fuego - Argentina",-54.8200783,-68.1864242447,61,"https://static.inaturalist.org/photos/171560014/medium.jpeg","HumanObservation","iNaturalist research-grade observations","WGS84",NA
"",102606791,"https://www.inaturalist.org/observations/102606791","617503","Salilota australis",2020-02-20,"2020/02/20 10:14 PM -0300","","","Baliza Escarpados - Canal Beagle - Ushuaia - Tierra del Fuego - Argentina",-54.8200783,-68.1864242447,61,"https://static.inaturalist.org/photos/171559856/medium.jpeg","HumanObservation","iNaturalist research-grade observations","WGS84",NA
"",102606789,"https://www.inaturalist.org/observations/102606789","609395","Cottoperca trigloides",2020-02-20,"2020/02/20 10:04 PM -0300","","","Baliza Escarpados - Canal Beagle - Ushuaia - Tierra del Fuego - Argentina",-54.8200783,-68.1864242447,61,"https://static.inaturalist.org/photos/171559792/medium.jpeg","HumanObservation","iNaturalist research-grade observations","WGS84",NA
"",102606199,"https://www.inaturalist.org/observations/102606199","609395","Cottoperca trigloides",2020-12-10,"2020/12/10 4:35 PM -0300","","","Baliza Escarpados - Canal Beagle - Ushuaia - Tierra del Fuego - Argentina",-54.8200783,-68.1864242447,61,"https://static.inaturalist.org/photos/171558793/medium.jpeg","HumanObservation","iNaturalist research-grade observations","WGS84",NA
"",102606190,"https://www.inaturalist.org/observations/102606190","108966","Patagonotothen cornucola",2020-08-14,"2020/08/14 1:39 PM -0300","","","Baliza Escarpados - Canal Beagle - Ushuaia - Tierra del Fuego - Argentina",-54.8200783,-68.1864242447,61,"https://static.inaturalist.org/photos/171558675/medium.jpeg","HumanObservation","iNaturalist research-grade observations","WGS84",NA
"",102605884,"https://www.inaturalist.org/observations/102605884","609395","Cottoperca trigloides",2020-09-02,"2020/09/02 5:13 PM -0300","","","Baliza Escarpados - Canal Beagle - Ushuaia - Tierra del Fuego - Argentina",-54.8200783,-68.1864242447,61,"https://static.inaturalist.org/photos/171557294/medium.jpeg","HumanObservation","iNaturalist research-grade observations","WGS84",NA
"",102605876,"https://www.inaturalist.org/observations/102605876","108966","Patagonotothen cornucola",2020-09-02,"2020/09/02 5:11 PM -0300","","","Baliza Escarpados - Canal Beagle - Ushuaia - Tierra del Fuego - Argentina",-54.8200783,-68.1864242447,61,"https://static.inaturalist.org/photos/171557264/medium.jpeg","HumanObservation","iNaturalist research-grade observations","WGS84",NA
"",102604810,"https://www.inaturalist.org/observations/102604810","53692","Oncorhynchus kisutch",2020-01-24,"2020/01/24 12:34 AM -0300","","","Bahía Ensenada - Parque Nacional Tierra del Fuego",-54.8478804744,-68.4806470964,31,"https://static.inaturalist.org/photos/171556061/medium.jpeg","HumanObservation","iNaturalist research-grade observations","WGS84",NA
"",102600871,"https://www.inaturalist.org/observations/102600871","108966","Patagonotothen cornucola",2020-01-23,"2020/01/23 11:48 PM -0300","","","Bahía Ensenada - Parque Nacional Tierra del Fuego",-54.8478804744,-68.4806470964,31,"https://static.inaturalist.org/photos/171548618/medium.jpeg","HumanObservation","iNaturalist research-grade observations","WGS84",NA
"",102600867,"https://www.inaturalist.org/observations/102600867","607870","Agonopsis chiloensis",2020-01-23,"2020/01/23 11:34 PM -0300","","","Bahía Ensenada - Parque Nacional Tierra del Fuego",-54.8478804744,-68.4806470964,31,"https://static.inaturalist.org/photos/171548538/medium.jpeg","HumanObservation","iNaturalist research-grade observations","WGS84",NA
"",99976607,"https://www.inaturalist.org/observations/99976607","49596","Salvelinus fontinalis",2020-12-07,"2020/12/07 3:33 PM -0300","","","Laguna Margarita, Tierra del Fuego, Argentina",-54.6360946392,-67.991427119,61,"https://static.inaturalist.org/photos/166789242/medium.jpeg","HumanObservation","iNaturalist research-grade observations","WGS84",NA
"",98885250,"https://www.inaturalist.org/observations/98885250","609395","Cottoperca trigloides",2019-05-17,"2019/05/17 12:45 PM -0300","","","Bahía Ensenada - Parque Nacional Tierra del Fuego",-54.8473867041,-68.4825966188,8,"https://static.inaturalist.org/photos/164735677/medium.jpeg","HumanObservation","iNaturalist research-grade observations","WGS84",NA
"",98881701,"https://www.inaturalist.org/observations/98881701","618325","Patagonotothen tessellata",2019-06-15,"2019/06/15 7:08 PM -0300","","","Canal Beagle - Ushuaia - Tierra del Fuego - Argentina",-54.7964393842,-68.2441014438,8,"https://static.inaturalist.org/photos/164730949/medium.jpeg","HumanObservation","iNaturalist research-grade observations","WGS84",NA
"",98877501,"https://www.inaturalist.org/observations/98877501","550281","Paranotothenia magellanica",2019-06-18,"2019/06/18 1:36 PM -0300","","","Baliza Escarpados - Canal Beagle - Tierra del Fuego - Argentina",-54.8190693019,-68.1853619813,15,"https://static.inaturalist.org/photos/164719712/medium.jpeg","HumanObservation","iNaturalist research-grade observations","WGS84",NA
"",98877499,"https://www.inaturalist.org/observations/98877499","609395","Cottoperca trigloides",2019-07-09,"2019/07/09 4:04 PM -0300","","","Baliza Escarpados - Canal Beagle - Tierra del Fuego - Argentina",-54.8190693019,-68.1853619813,15,"https://static.inaturalist.org/photos/164719674/medium.jpeg","HumanObservation","iNaturalist research-grade observations","WGS84",NA
"",98877461,"https://www.inaturalist.org/observations/98877461","609395","Cottoperca trigloides",2019-07-07,"2019/07/07 1:00 PM -0300","","","Baliza Escarpados - Canal Beagle - Tierra del Fuego - Argentina",-54.8190693019,-68.1853619813,15,"https://static.inaturalist.org/photos/164719317/medium.jpeg","HumanObservation","iNaturalist research-grade observations","WGS84",NA
"CC-BY",97767731,"https://www.inaturalist.org/observations/97767731","622085","Crossostomus chilensis",2021-10-09,"2021-10-09 16:29:14","Crossostomus chilensis","Crossostomus chilensis","Tierra del Fuego National Park, AR-TF-US, AR-TF, AR",-54.84993193,-68.49461174,6,"https://inaturalist-open-data.s3.amazonaws.com/photos/162652914/medium.jpeg","HumanObservation","iNaturalist research-grade observations","WGS84","gbifID:3888707383"
"CC-BY",96951904,"https://www.inaturalist.org/observations/96951904","615190","Harpagifer bispinis",2021-10-02,"2021-10-02 17:40:58","","","Ushuaia, AR-TF, AR",-54.85513815,-68.41951766,3,"https://inaturalist-open-data.s3.amazonaws.com/photos/161138815/medium.jpeg","HumanObservation","iNaturalist research-grade observations","WGS84","gbifID:3384711070"
"CC-BY",96951757,"https://www.inaturalist.org/observations/96951757","615190","Harpagifer bispinis",2021-10-02,"2021-10-02 17:29:44","Harpagifer bispinis","Harpagifer bispinis","Ushuaia, AR-TF, AR",-54.85505293,-68.41893482,4,"https://inaturalist-open-data.s3.amazonaws.com/photos/161138614/medium.jpeg","HumanObservation","iNaturalist research-grade observations","WGS84","gbifID:3384576074"
"",96583739,"https://www.inaturalist.org/observations/96583739","550281","Paranotothenia magellanica",2019-04-08,"2019/04/08 9:44 PM -0300","","","Bahía Ensenada - PNTDF - Argentina",-54.8479079295,-68.48246805,15,"https://static.inaturalist.org/photos/160466445/medium.jpeg","HumanObservation","iNaturalist research-grade observations","WGS84",NA
"",96583710,"https://www.inaturalist.org/observations/96583710","618325","Patagonotothen tessellata",2019-04-08,"2019/04/08 9:34 PM -0300","","","Bahía Ensenada - PNTDF - Argentina",-54.8479079295,-68.48246805,15,"https://static.inaturalist.org/photos/160466257/medium.jpeg","HumanObservation","iNaturalist research-grade observations","WGS84",NA
"",96583705,"https://www.inaturalist.org/observations/96583705","618325","Patagonotothen tessellata",2019-04-08,"2019/04/08 9:32 PM -0300","","","Bahía Ensenada - PNTDF - Argentina",-54.8479079295,-68.48246805,15,"https://static.inaturalist.org/photos/160466209/medium.jpeg","HumanObservation","iNaturalist research-grade observations","WGS84",NA
"",96583538,"https://www.inaturalist.org/observations/96583538","607870","Agonopsis chiloensis",2019-10-26,"2019/10/26 2:32 PM -0300","","","Bahía Ensenada - PNTDF - Argentina",-54.8479079295,-68.48246805,15,"https://static.inaturalist.org/photos/160461993/medium.jpeg","HumanObservation","iNaturalist research-grade observations","WGS84",NA
"",96583508,"https://www.inaturalist.org/observations/96583508","550281","Paranotothenia magellanica",2019-02-04,"2019/02/04 7:07 PM -0300","","","Bahía Ensenada - PNTDF - Argentina",-54.8479079295,-68.48246805,15,"https://static.inaturalist.org/photos/160460910/medium.jpeg","HumanObservation","iNaturalist research-grade observations","WGS84",NA
"",96583503,"https://www.inaturalist.org/observations/96583503","607870","Agonopsis chiloensis",2019-02-04,"2019/02/04 6:48 PM -0300","","","Bahía Ensenada - PNTDF - Argentina",-54.8479079295,-68.48246805,15,"https://static.inaturalist.org/photos/160460671/medium.jpeg","HumanObservation","iNaturalist research-grade observations","WGS84",NA
"CC-BY-NC",93207948,"https://www.inaturalist.org/observations/93207948","622087","Dadyanos insignis",2021-08-15,"2021/08/15 9:20 PM -0400","","","Islas Becasses, Argentina",-54.9504101985,-67.0284731373,71,"https://inaturalist-open-data.s3.amazonaws.com/photos/154446834/medium.jpeg","HumanObservation","iNaturalist research-grade observations","WGS84","gbifID:3383849172"
"CC-BY-NC",92796536,"https://www.inaturalist.org/observations/92796536","187209","Careproctus pallidus",2021-08-14,"2021/08/14 8:56 PM -0400","Buceo Nocturno","Buceo Nocturno","Ushuaia",-54.9502224712,-67.0293120574,1,"https://inaturalist-open-data.s3.amazonaws.com/photos/153699390/medium.jpg","HumanObservation","iNaturalist research-grade observations","WGS84","gbifID:3355062036"
"CC-BY-NC",92796529,"https://www.inaturalist.org/observations/92796529","615190","Harpagifer bispinis",2021-08-14,"2021/08/14 9:08 PM -0400","Buceo Nocturno","Buceo Nocturno","Ushuaia",-54.9502224712,-67.0293120574,1,"https://inaturalist-open-data.s3.amazonaws.com/photos/153698798/medium.jpg","HumanObservation","iNaturalist research-grade observations","WGS84","gbifID:3383893157"
"CC-BY-NC",92796521,"https://www.inaturalist.org/observations/92796521","622087","Dadyanos insignis",2021-08-14,"2021/08/14 9:17 PM -0400","Buceo Nocturno","Buceo Nocturno","Ushuaia",-54.9502224712,-67.0293120574,1,"https://inaturalist-open-data.s3.amazonaws.com/photos/153698528/medium.jpg","HumanObservation","iNaturalist research-grade observations","WGS84","gbifID:3383855152"
"CC-BY-NC",92796519,"https://www.inaturalist.org/observations/92796519","609395","Cottoperca trigloides",2021-08-14,"2021/08/14 9:22 PM -0400","Buceo Nocturno","Buceo Nocturno","Ushuaia",-54.9502224712,-67.0293120574,1,"https://inaturalist-open-data.s3.amazonaws.com/photos/153698453/medium.jpg","HumanObservation","iNaturalist research-grade observations","WGS84","gbifID:3355066012"
"",92571962,"https://www.inaturalist.org/observations/92571962","618325","Patagonotothen tessellata",2021-08-14,"2021/08/14 9:53 PM -0300","","","Islas Becasses - Canal Beagle - Tierra del Fuego - Argentina",-54.9502502003,-67.0293560424,8,"https://static.inaturalist.org/photos/153291355/medium.jpeg","HumanObservation","iNaturalist research-grade observations","WGS84",NA
"",92571927,"https://www.inaturalist.org/observations/92571927","609395","Cottoperca trigloides",2021-08-14,"2021/08/14 9:14 PM -0300","","","Islas Becasses - Canal Beagle - Tierra del Fuego - Argentina",-54.9502502003,-67.0293560424,8,"https://static.inaturalist.org/photos/153290783/medium.jpeg","HumanObservation","iNaturalist research-grade observations","WGS84",NA
"",92571864,"https://www.inaturalist.org/observations/92571864","622087","Dadyanos insignis",2021-08-14,"2021/08/14 9:06 PM -0300","","","Islas Becasses - Canal Beagle - Tierra del Fuego - Argentina",-54.9502502003,-67.0293560424,8,"https://static.inaturalist.org/photos/153289591/medium.jpeg","HumanObservation","iNaturalist research-grade observations","WGS84",NA
"",92571844,"https://www.inaturalist.org/observations/92571844","550281","Paranotothenia magellanica",2021-08-14,"2021/08/14 8:54 PM -0300","","","Islas Becasses - Canal Beagle - Tierra del Fuego - Argentina",-54.9502502003,-67.0293560424,8,"https://static.inaturalist.org/photos/153289425/medium.jpeg","HumanObservation","iNaturalist research-grade observations","WGS84",NA
"CC-BY-NC",92320111,"https://www.inaturalist.org/observations/92320111","550281","Paranotothenia magellanica",2021-08-14,"2021/08/14 12:56 PM -0400","","","Islas Becasses, Tierra del Fuego, Argentina - costa oeste",-54.9513121152,-67.0339867255,21,"https://inaturalist-open-data.s3.amazonaws.com/photos/152846085/medium.jpeg","HumanObservation","iNaturalist research-grade observations","WGS84","gbifID:3873608479"
"",89768976,"https://www.inaturalist.org/observations/89768976","618325","Patagonotothen tessellata",2019-02-25,"2019/02/25 7:09 PM -0300","","","Cauquenes, Ushuaia, Tierra del Fuego, Argentina",-54.8429492367,-68.3696161076,15,"https://static.inaturalist.org/photos/148276405/medium.jpeg","HumanObservation","iNaturalist research-grade observations","WGS84",NA
"",89768930,"https://www.inaturalist.org/observations/89768930","618325","Patagonotothen tessellata",2019-10-16,"2019/10/16 4:39 PM -0300","","","Cauquenes, Ushuaia, Tierra del Fuego, Argentina",-54.8429492367,-68.3696161076,15,"https://static.inaturalist.org/photos/148275776/medium.jpeg","HumanObservation","iNaturalist research-grade observations","WGS84",NA
"",89632917,"https://www.inaturalist.org/observations/89632917","614165","Galaxias platei",2019-03-12,"2019/03/12 2:21 PM -0300","","","Laguna San Ricardo, Tierra del Fuego, Argentina",-54.6886818349,-67.7566568636,8,"https://static.inaturalist.org/photos/148038729/medium.jpeg","HumanObservation","iNaturalist research-grade observations","WGS84",NA
"",89632913,"https://www.inaturalist.org/observations/89632913","614165","Galaxias platei",2019-03-12,"2019/03/12 2:20 PM -0300","","","Laguna San Ricardo, Tierra del Fuego, Argentina",-54.6886818349,-67.7566568636,8,"https://static.inaturalist.org/photos/148038673/medium.jpeg","HumanObservation","iNaturalist research-grade observations","WGS84",NA
"",89632905,"https://www.inaturalist.org/observations/89632905","614165","Galaxias platei",2019-03-12,"2019/03/12 1:53 PM -0300","","","Laguna San Ricardo, Tierra del Fuego, Argentina",-54.6886818349,-67.7566568636,8,"https://static.inaturalist.org/photos/148038552/medium.jpeg","HumanObservation","iNaturalist research-grade observations","WGS84",NA
"",89631198,"https://www.inaturalist.org/observations/89631198","47518","Salmo trutta",2019-03-30,"2019/03/30 3:37 PM -0300","","","Río Valdez, Tierra del Fuego, Argentina",-54.5840526758,-67.3326495239,1,"https://static.inaturalist.org/photos/148037041/medium.jpeg","HumanObservation","iNaturalist research-grade observations","WGS84",NA
"",89631197,"https://www.inaturalist.org/observations/89631197","47518","Salmo trutta",2019-03-30,"2019/03/30 3:36 PM -0300","","","Río Valdez, Tierra del Fuego, Argentina",-54.5840526758,-67.3326495239,1,"https://static.inaturalist.org/photos/148036993/medium.jpeg","HumanObservation","iNaturalist research-grade observations","WGS84",NA
"",89630903,"https://www.inaturalist.org/observations/89630903","47518","Salmo trutta",2019-03-09,"2019/03/09 3:39 PM -0300","Visión afectada por un parásito hasta donde sé.","Visión afectada por un parásito hasta donde sé.","Laguna Margarita, Tierra del Fuego, Argentina",-54.6373570362,-67.9913597525,15,"https://static.inaturalist.org/photos/148032081/medium.jpeg","HumanObservation","iNaturalist research-grade observations","WGS84",NA
"",89630902,"https://www.inaturalist.org/observations/89630902","49596","Salvelinus fontinalis",2019-03-09,"2019/03/09 3:23 PM -0300","","","Laguna Margarita, Tierra del Fuego, Argentina",-54.6373570362,-67.9913597525,15,"https://static.inaturalist.org/photos/148032035/medium.jpeg","HumanObservation","iNaturalist research-grade observations","WGS84",NA
"",89630899,"https://www.inaturalist.org/observations/89630899","47518","Salmo trutta",2019-03-09,"2019/03/09 2:04 PM -0300","Visión afectada por un parásito hasta donde sé.","Visión afectada por un parásito hasta donde sé.","Laguna Margarita, Tierra del Fuego, Argentina",-54.6373570362,-67.9913597525,15,"https://static.inaturalist.org/photos/148031926/medium.jpeg","HumanObservation","iNaturalist research-grade observations","WGS84",NA
"",87015202,"https://www.inaturalist.org/observations/87015202","609395","Cottoperca trigloides",2018-07-08,"2018/07/08 1:56 PM -0300","Cottoperca gobio tengo entendido que cambió a trigloides. No se en ese caso como se modifican las identificaciones realizadas con gobio o si se debe modificar.","Cottoperca gobio tengo entendido que cambió a trigloides. No se en ese caso como se modifican las identificaciones realizadas con gobio o si se debe modificar.","Punta cauquenes, Canal Beagle, Ushuaia, Tierra del Fuego, Argentina",-54.8422540446,-68.3628102647,15,"https://static.inaturalist.org/photos/143442112/medium.jpeg","HumanObservation","iNaturalist research-grade observations","WGS84",NA
"",84212591,"https://www.inaturalist.org/observations/84212591","618325","Patagonotothen tessellata",2018-10-31,"2018/10/31 3:12 PM -0300","","","Cauquenes - Canal Beagle",-54.8429974505,-68.3692286698,31,"https://static.inaturalist.org/photos/138384077/medium.jpeg","HumanObservation","iNaturalist research-grade observations","WGS84",NA
"",84193893,"https://www.inaturalist.org/observations/84193893","622085","Crossostomus chilensis",2018-11-17,"2018/11/17 6:56 PM -0300","","","Intermareal Playa Begué Oeste - Canal Beagle",-54.8476070269,-68.3762127998,15,"https://static.inaturalist.org/photos/138352307/medium.jpeg","HumanObservation","iNaturalist research-grade observations","WGS84",NA
"",84103002,"https://www.inaturalist.org/observations/84103002","108966","Patagonotothen cornucola",2018-09-09,"2018/09/09 11:42 AM -0300","","","Baliza Escarpados - Canal Beagle",-54.819624871,-68.1851782105,31,"https://static.inaturalist.org/photos/138190705/medium.jpeg","HumanObservation","iNaturalist research-grade observations","WGS84",NA
"",84102955,"https://www.inaturalist.org/observations/84102955","622070","Austrolycus depressiceps",2018-01-04,"2018/01/04 11:52 AM -0300","","","Baliza Escarpados - Canal Beagle",-54.819624871,-68.1851782105,31,"https://static.inaturalist.org/photos/138180665/medium.jpeg","HumanObservation","iNaturalist research-grade observations","WGS84",NA
"",84084449,"https://www.inaturalist.org/observations/84084449","615190","Harpagifer bispinis",2018-03-29,"2018/03/29 3:03 PM -0300","","","Bahía Ensenada - Parque Nacional Tierra del Fuego",-54.8473041566,-68.482172617,15,"https://static.inaturalist.org/photos/138138439/medium.jpeg","HumanObservation","iNaturalist research-grade observations","WGS84",NA
"",84084441,"https://www.inaturalist.org/observations/84084441","618324","Patagonotothen squamiceps",2018-12-14,"2018/12/14 11:32 PM -0300","","","Bahía Ensenada - Parque Nacional Tierra del Fuego",-54.8473041566,-68.482172617,15,"https://static.inaturalist.org/photos/138138250/medium.jpeg","HumanObservation","iNaturalist research-grade observations","WGS84",NA
"",80820922,"https://www.inaturalist.org/observations/80820922","55388","Champsocephalus esox",2020-02-20,"2020/02/20 11:28 PM -0300","Buceo Nocturno","Buceo Nocturno","Ushuaia, AR-TF, AR",-54.9137515469,-68.1092182474,31,"https://static.inaturalist.org/photos/132500043/medium.jpeg","HumanObservation","iNaturalist research-grade observations","WGS84",NA
"",80373214,"https://www.inaturalist.org/observations/80373214","618325","Patagonotothen tessellata",2018-01-10,"2018/01/10 10:46 PM -0300","","","Bahía Cauquenes - Ushuaia",-54.8433410047,-68.3706732785,31,"https://static.inaturalist.org/photos/131722909/medium.jpeg","HumanObservation","iNaturalist research-grade observations","WGS84",NA
"",80373210,"https://www.inaturalist.org/observations/80373210","607870","Agonopsis chiloensis",2018-11-05,"2018/11/05 11:11 PM -0300","","","Bahía Cauquenes - Ushuaia",-54.8433410047,-68.3706732785,31,"https://static.inaturalist.org/photos/131722740/medium.jpeg","HumanObservation","iNaturalist research-grade observations","WGS84",NA
"",80373145,"https://www.inaturalist.org/observations/80373145","609395","Cottoperca trigloides",2018-08-31,"2018/08/31 11:45 AM -0300","","","Bahía Cauquenes - Ushuaia",-54.8433410047,-68.3706732785,31,"https://static.inaturalist.org/photos/131718144/medium.jpeg","HumanObservation","iNaturalist research-grade observations","WGS84",NA
"",80373104,"https://www.inaturalist.org/observations/80373104","618325","Patagonotothen tessellata",2018-03-31,"2018/03/31 5:49 PM -0300","","","Bahía Cauquenes - Ushuaia",-54.8433410047,-68.3706732785,31,"https://static.inaturalist.org/photos/131714441/medium.jpeg","HumanObservation","iNaturalist research-grade observations","WGS84",NA
"",80373088,"https://www.inaturalist.org/observations/80373088","615190","Harpagifer bispinis",2018-08-24,"2018/08/24 1:27 PM -0300","","","Bahía Cauquenes - Ushuaia",-54.8433410047,-68.3706732785,31,"https://static.inaturalist.org/photos/131712968/medium.jpeg","HumanObservation","iNaturalist research-grade observations","WGS84",NA
"",80373087,"https://www.inaturalist.org/observations/80373087","607870","Agonopsis chiloensis",2018-05-27,"2018/05/27 5:10 PM -0300","","","Bahía Cauquenes - Ushuaia",-54.8433410047,-68.3706732785,31,"https://static.inaturalist.org/photos/131712788/medium.jpeg","HumanObservation","iNaturalist research-grade observations","WGS84",NA
"",80373055,"https://www.inaturalist.org/observations/80373055","609395","Cottoperca trigloides",2018-06-02,"2018/06/02 7:09 PM -0300","","","Bahía Cauquenes - Ushuaia",-54.8433410047,-68.3706732785,31,"https://static.inaturalist.org/photos/131711313/medium.jpeg","HumanObservation","iNaturalist research-grade observations","WGS84",NA
"CC-BY-NC",71424255,"https://www.inaturalist.org/observations/71424255","615190","Harpagifer bispinis",2020-12-19,"2020-12-19 4:39:08 PM GMT-03:00","","","Antartica Chilena, Magallanes y la Antártica Chilena, Chile",-54.912117,-67.8080889722,NA,"https://inaturalist-open-data.s3.amazonaws.com/photos/116286278/medium.jpeg","HumanObservation","iNaturalist research-grade observations","WGS84","gbifID:3061798601"
"",70901182,"https://www.inaturalist.org/observations/70901182","614165","Galaxias platei",2018-09-27,"2018/09/27 12:57 PM -0300","","","Lago Escondido - Tierra del Fuego - Argentina",-54.6575562207,-67.8026049229,15,"https://static.inaturalist.org/photos/115347337/medium.jpg","HumanObservation","iNaturalist research-grade observations","WGS84",NA
"",65752511,"https://www.inaturalist.org/observations/65752511","615190","Harpagifer bispinis",2020-11-24,"2020/11/24 7:39 PM -0300","","","Ushuaia, AR-TF, AR",-54.8553836337,-68.4146414746,61,"https://inaturalist-open-data.s3.amazonaws.com/photos/105882927/medium.jpeg","HumanObservation","iNaturalist research-grade observations","WGS84",NA
"",65752478,"https://www.inaturalist.org/observations/65752478","615190","Harpagifer bispinis",2020-11-24,"2020/11/24 7:30 PM -0300","","","Ushuaia, AR-TF, AR",-54.855062848,-68.4133189473,977,"https://inaturalist-open-data.s3.amazonaws.com/photos/105882847/medium.jpeg","HumanObservation","iNaturalist research-grade observations","WGS84",NA
"",65752273,"https://www.inaturalist.org/observations/65752273","615190","Harpagifer bispinis",2020-11-24,"2020/11/24 7:11 PM -0300","","","Ushuaia, AR-TF, AR",-54.8553358388,-68.4094668139,122,"https://inaturalist-open-data.s3.amazonaws.com/photos/105882376/medium.jpeg","HumanObservation","iNaturalist research-grade observations","WGS84",NA
"",65752072,"https://www.inaturalist.org/observations/65752072","615190","Harpagifer bispinis",2020-11-24,"2020/11/24 6:59 PM -0300","","","Ushuaia, AR-TF, AR",-54.8556227601,-68.412284546,244,"https://inaturalist-open-data.s3.amazonaws.com/photos/105882062/medium.jpeg","HumanObservation","iNaturalist research-grade observations","WGS84",NA
"",65752048,"https://www.inaturalist.org/observations/65752048","615190","Harpagifer bispinis",2020-11-24,"2020/11/24 6:58 PM -0300","","","Ushuaia, AR-TF, AR",-54.8546381151,-68.4096904666,441,"https://inaturalist-open-data.s3.amazonaws.com/photos/105881947/medium.jpeg","HumanObservation","iNaturalist research-grade observations","WGS84",NA
"",65713810,"https://www.inaturalist.org/observations/65713810","615190","Harpagifer bispinis",2017-02-14,"2017/02/14 5:27 PM -0300","","","Playa Monte Susana - Canal Beagle",-54.8565550171,-68.4176580568,31,"https://static.inaturalist.org/photos/105811618/medium.jpeg","HumanObservation","iNaturalist research-grade observations","WGS84",NA
"",65712369,"https://www.inaturalist.org/observations/65712369","615190","Harpagifer bispinis",2017-04-24,"2017/04/24 11:05 AM -0300","","","Playa Los Yámanas - Canal Beagle",-54.8387249358,-68.3617991849,15,"https://static.inaturalist.org/photos/105810424/medium.jpeg","HumanObservation","iNaturalist research-grade observations","WGS84",NA
"",65293942,"https://www.inaturalist.org/observations/65293942","615190","Harpagifer bispinis",2017-09-21,"2017/09/21 2:35 PM -0300","","","Playa Begué - Canal Beagle",-54.8465749697,-68.3727098424,61,"https://static.inaturalist.org/photos/105063884/medium.jpeg","HumanObservation","iNaturalist research-grade observations","WGS84",NA
"",64487904,"https://www.inaturalist.org/observations/64487904","550281","Paranotothenia magellanica",2017-02-05,"2017/02/05 11:43 AM -0300","","","Isla Martillo - Canal Beagle",-54.9079237343,-67.371255015,31,"https://static.inaturalist.org/photos/103685537/medium.jpeg","HumanObservation","iNaturalist research-grade observations","WGS84",NA
"",64404297,"https://www.inaturalist.org/observations/64404297","615190","Harpagifer bispinis",2017-04-01,"2017/04/01 2:58 PM -0300","","","Estancia Túnel intermareal - Canal Beagle",-54.8205896217,-68.1526342763,15,"https://static.inaturalist.org/photos/103536078/medium.jpeg","HumanObservation","iNaturalist research-grade observations","WGS84",NA
"",64404294,"https://www.inaturalist.org/observations/64404294","622070","Austrolycus depressiceps",2017-04-01,"2017/04/01 3:35 PM -0300","","","Estancia Túnel intermareal - Canal Beagle",-54.8205896217,-68.1526342763,15,"https://static.inaturalist.org/photos/103535929/medium.jpeg","HumanObservation","iNaturalist research-grade observations","WGS84",NA
"",64339701,"https://www.inaturalist.org/observations/64339701","615190","Harpagifer bispinis",2017-09-23,"2017/09/23 4:13 PM -0300","","","Escarpados intermareal - Canal Beagle",-54.8193090496,-68.1789392052,31,"https://static.inaturalist.org/photos/103422908/medium.jpeg","HumanObservation","iNaturalist research-grade observations","WGS84",NA
"",63975804,"https://www.inaturalist.org/observations/63975804","618322","Patagonotothen ramsayi",2017-07-17,"2017/07/17 5:35 PM -0300","","","Baliza Escarpados - Canal Beagle",-54.8192765738,-68.1850320916,31,"https://static.inaturalist.org/photos/102762845/medium.jpeg","HumanObservation","iNaturalist research-grade observations","WGS84",NA
"",63975800,"https://www.inaturalist.org/observations/63975800","615190","Harpagifer bispinis",2017-07-17,"2017/07/17 4:49 PM -0300","","","Baliza Escarpados - Canal Beagle",-54.8192765738,-68.1850320916,31,"https://static.inaturalist.org/photos/102762898/medium.jpeg","HumanObservation","iNaturalist research-grade observations","WGS84",NA
"",63975790,"https://www.inaturalist.org/observations/63975790","108966","Patagonotothen cornucola",2017-11-28,"2017/11/28 3:58 PM -0300","","","Baliza Escarpados - Canal Beagle",-54.8192765738,-68.1850320916,31,"https://static.inaturalist.org/photos/102762411/medium.jpeg","HumanObservation","iNaturalist research-grade observations","WGS84",NA
"",63975767,"https://www.inaturalist.org/observations/63975767","609395","Cottoperca trigloides",2017-02-24,"2017/02/24 12:37 PM -0300","","","Baliza Escarpados - Canal Beagle",-54.8192765738,-68.1850320916,31,"https://static.inaturalist.org/photos/102761165/medium.jpeg","HumanObservation","iNaturalist research-grade observations","WGS84",NA
"",63975729,"https://www.inaturalist.org/observations/63975729","108966","Patagonotothen cornucola",2017-12-01,"2017/12/01 12:04 PM -0300","","","Baliza Escarpados - Canal Beagle",-54.8192765738,-68.1850320916,31,"https://static.inaturalist.org/photos/102759435/medium.jpeg","HumanObservation","iNaturalist research-grade observations","WGS84",NA
"",63636258,"https://www.inaturalist.org/observations/63636258","615190","Harpagifer bispinis",2017-11-29,"2017/11/29 6:05 PM -0300","","","Parque Nacional Tierra del Fuego",-54.8548471668,-68.50252895,8,"https://static.inaturalist.org/photos/102164992/medium.jpeg","HumanObservation","iNaturalist research-grade observations","WGS84",NA
"",63008495,"https://www.inaturalist.org/observations/63008495","321994","Galaxias maculatus",2019-10-06,"2019/10/06 4:18 PM -0300","","","PNTDF, Ushuaia, Tierra del Fuego, Argentina",-54.8449391365,-68.5638769452,2,"https://static.inaturalist.org/photos/101051510/medium.jpeg","HumanObservation","iNaturalist research-grade observations","WGS84",NA
"",62407007,"https://www.inaturalist.org/observations/62407007","108966","Patagonotothen cornucola",2017-10-28,"2017/10/28 11:24 PM -0300","","","Bahía Ensenada - PNTDF",-54.8482811802,-68.4828134502,61,"https://static.inaturalist.org/photos/99982283/medium.jpeg","HumanObservation","iNaturalist research-grade observations","WGS84",NA
"",62407003,"https://www.inaturalist.org/observations/62407003","607870","Agonopsis chiloensis",2017-10-29,"2017/10/29 12:02 AM -0300","","","Bahía Ensenada - PNTDF",-54.8482811802,-68.4828134502,61,"https://static.inaturalist.org/photos/99982063/medium.jpeg","HumanObservation","iNaturalist research-grade observations","WGS84",NA
"",62404353,"https://www.inaturalist.org/observations/62404353","622070","Austrolycus depressiceps",2017-10-28,"2017/10/28 12:21 PM -0300","","","Bahía Ensenada - PNTDF",-54.8482811802,-68.4828134502,61,"https://static.inaturalist.org/photos/99977732/medium.jpeg","HumanObservation","iNaturalist research-grade observations","WGS84",NA
"",62404347,"https://www.inaturalist.org/observations/62404347","108966","Patagonotothen cornucola",2017-04-23,"2017/04/23 12:50 PM -0300","","","Bahía Ensenada - PNTDF",-54.8482811802,-68.4828134502,61,"https://static.inaturalist.org/photos/99977229/medium.jpeg","HumanObservation","iNaturalist research-grade observations","WGS84",NA
"",60142743,"https://www.inaturalist.org/observations/60142743","618325","Patagonotothen tessellata",2017-11-22,"2017/11/22 11:09 AM -0300","","","Cauquenes Ushuaia, Tierra del Fuego, Argentina",-54.8429735401,-68.370988475,15,"https://static.inaturalist.org/photos/96144554/medium.jpeg","HumanObservation","iNaturalist research-grade observations","WGS84",NA
"",60142741,"https://www.inaturalist.org/observations/60142741","615190","Harpagifer bispinis",2017-11-20,"2017/11/20 5:37 PM -0300","","","Cauquenes Ushuaia, Tierra del Fuego, Argentina",-54.8429735401,-68.370988475,15,"https://static.inaturalist.org/photos/96144424/medium.jpeg","HumanObservation","iNaturalist research-grade observations","WGS84",NA
"",60142735,"https://www.inaturalist.org/observations/60142735","615190","Harpagifer bispinis",2017-11-20,"2017/11/20 5:48 PM -0300","","","Cauquenes Ushuaia, Tierra del Fuego, Argentina",-54.8429735401,-68.370988475,15,"https://static.inaturalist.org/photos/96144013/medium.jpeg","HumanObservation","iNaturalist research-grade observations","WGS84",NA
"",60142731,"https://www.inaturalist.org/observations/60142731","609395","Cottoperca trigloides",2017-08-11,"2017/08/11 1:51 PM -0300","","","Cauquenes Ushuaia, Tierra del Fuego, Argentina",-54.8429735401,-68.370988475,15,"https://static.inaturalist.org/photos/96143792/medium.jpeg","HumanObservation","iNaturalist research-grade observations","WGS84",NA
"",60142730,"https://www.inaturalist.org/observations/60142730","622070","Austrolycus depressiceps",2017-02-09,"2017/02/09 5:10 PM -0300","","","Cauquenes Ushuaia, Tierra del Fuego, Argentina",-54.8429735401,-68.370988475,15,"https://static.inaturalist.org/photos/96143305/medium.jpeg","HumanObservation","iNaturalist research-grade observations","WGS84",NA
"",58154337,"https://www.inaturalist.org/observations/58154337","614165","Galaxias platei",2015-11-15,"2015/11/15 1:08 PM -0300","","","Laguna San Ricardo, Tierra del Fuego, Argentina",-54.6617241496,-67.7132283198,61,"https://static.inaturalist.org/photos/92820803/medium.jpeg","HumanObservation","iNaturalist research-grade observations","WGS84",NA
"",58153253,"https://www.inaturalist.org/observations/58153253","47518","Salmo trutta",2015-11-29,"2015/11/29 2:22 PM -0300","","","Lago Yehuin, Tierra del Fuego, Argentina",-54.432405705,-67.7187654684,61,"https://static.inaturalist.org/photos/92818876/medium.jpeg","HumanObservation","iNaturalist research-grade observations","WGS84",NA
"",57058941,"https://www.inaturalist.org/observations/57058941","618325","Patagonotothen tessellata",2016-05-27,"2016/05/27 3:44 PM -0300","","","Recta Aeropuerto - Canal Beagle",-54.8318507247,-68.3325637053,15,"https://static.inaturalist.org/photos/90981528/medium.jpeg","HumanObservation","iNaturalist research-grade observations","WGS84",NA
"CC-BY-NC",53199171,"https://www.inaturalist.org/observations/53199171","618325","Patagonotothen tessellata",2020-01-25,"2020/01/25 9:14 PM -0300","","","Ushuaia, Tierra del Fuego, Argentina",-54.88763,-67.246368,NA,"https://inaturalist-open-data.s3.amazonaws.com/photos/84597276/medium.jpg","HumanObservation","iNaturalist research-grade observations","WGS84","gbifID:2823225593"
"CC-BY-NC",53198842,"https://www.inaturalist.org/observations/53198842","108966","Patagonotothen cornucola",2020-01-27,"2020/01/27 6:06 PM -0300","","","Ushuaia, Tierra del Fuego, Argentina",-54.818747,-68.186387,NA,"https://inaturalist-open-data.s3.amazonaws.com/photos/84595871/medium.jpg","HumanObservation","iNaturalist research-grade observations","WGS84","gbifID:2818827501"
"CC-BY-NC",53198841,"https://www.inaturalist.org/observations/53198841","108966","Patagonotothen cornucola",2020-01-27,"2020/01/27 6:11 PM -0300","","","Ushuaia, Tierra del Fuego, Argentina",-54.818747,-68.186387,NA,"https://inaturalist-open-data.s3.amazonaws.com/photos/84595746/medium.jpg","HumanObservation","iNaturalist research-grade observations","WGS84","gbifID:2818842488"
"",53109044,"https://www.inaturalist.org/observations/53109044","607870","Agonopsis chiloensis",2016-10-18,"2016/10/18 1:34 PM -0300","","","Playa Begue intermareal - Canal Beagle",-54.8485869079,-68.3772139692,77,"https://static.inaturalist.org/photos/84449756/medium.jpeg","HumanObservation","iNaturalist research-grade observations","WGS84",NA
"",53108979,"https://www.inaturalist.org/observations/53108979","622070","Austrolycus depressiceps",2016-04-12,"2016/04/12 12:06 PM -0300","","","Playa Begue - Canal Beagle",-54.8479586668,-68.3719801115,122,"https://static.inaturalist.org/photos/84449130/medium.jpeg","HumanObservation","iNaturalist research-grade observations","WGS84",NA
"",53104576,"https://www.inaturalist.org/observations/53104576","622087","Dadyanos insignis",2016-05-12,"2016/05/12 1:47 PM -0300","Puesta de Dadyanos insignis","Puesta de Dadyanos insignis","Playa Aeropuerto - Canal Beagle",-54.8349137997,-68.3199200783,122,"https://static.inaturalist.org/photos/84443951/medium.jpeg","HumanObservation","iNaturalist research-grade observations","WGS84",NA
"",53104567,"https://www.inaturalist.org/observations/53104567","622087","Dadyanos insignis",2016-05-12,"2016/05/12 1:45 PM -0300","","","Playa Aeropuerto - Canal Beagle",-54.8349137997,-68.3199200783,122,"https://static.inaturalist.org/photos/84443895/medium.jpeg","HumanObservation","iNaturalist research-grade observations","WGS84",NA
"",52994496,"https://www.inaturalist.org/observations/52994496","615190","Harpagifer bispinis",2016-03-30,"2016/03/30 3:44 PM -0300","","","Baliza Escarpados - Canal Beagle",-54.819843522,-68.1871854559,31,"https://static.inaturalist.org/photos/84269941/medium.jpeg","HumanObservation","iNaturalist research-grade observations","WGS84",NA
"",52990354,"https://www.inaturalist.org/observations/52990354","618325","Patagonotothen tessellata",2016-03-16,"2016/03/16 4:19 PM -0300","","","Baliza Escarpados - Canal Beagle",-54.819843522,-68.1871854559,31,"https://static.inaturalist.org/photos/84262313/medium.jpeg","HumanObservation","iNaturalist research-grade observations","WGS84",NA
"",52989013,"https://www.inaturalist.org/observations/52989013","622087","Dadyanos insignis",2016-10-07,"2016/10/07 1:28 PM -0300","","","Baliza Escarpados - Canal Beagle",-54.819843522,-68.1871854559,31,"https://static.inaturalist.org/photos/84259917/medium.jpeg","HumanObservation","iNaturalist research-grade observations","WGS84",NA
"",52945610,"https://www.inaturalist.org/observations/52945610","615190","Harpagifer bispinis",2016-02-28,"2016/02/28 2:36 PM -0300","","","Bahía Ensenada - Canal Beagle",-54.8506989717,-68.4937745985,15,"https://static.inaturalist.org/photos/84191885/medium.jpeg","HumanObservation","iNaturalist research-grade observations","WGS84",NA
"",52945574,"https://www.inaturalist.org/observations/52945574","615190","Harpagifer bispinis",2016-02-28,"2016/02/28 4:15 PM -0300","","","Bahía Ensenada - Canal Beagle",-54.8506989717,-68.4937745985,15,"https://static.inaturalist.org/photos/84190207/medium.jpeg","HumanObservation","iNaturalist research-grade observations","WGS84",NA
"",52945571,"https://www.inaturalist.org/observations/52945571","615190","Harpagifer bispinis",2016-02-28,"2016/02/28 3:57 PM -0300","","","Bahía Ensenada - Canal Beagle",-54.8506989717,-68.4937745985,15,"https://static.inaturalist.org/photos/84190077/medium.jpeg","HumanObservation","iNaturalist research-grade observations","WGS84",NA
"",52944863,"https://www.inaturalist.org/observations/52944863","615190","Harpagifer bispinis",2019-10-31,"2019/10/31 12:47 PM -0300","","","Ushuaia, Tierra del Fuego, Argentina",-54.8489678846,-68.3887905076,3416,"https://inaturalist-open-data.s3.amazonaws.com/photos/84190812/medium.jpeg","HumanObservation","iNaturalist research-grade observations","WGS84",NA
"",52944660,"https://www.inaturalist.org/observations/52944660","615190","Harpagifer bispinis",2019-10-31,"2019/10/31 12:43 PM -0300","","","Ushuaia, Tierra del Fuego, Argentina",-54.8532016753,-68.3832178973,1901,"https://inaturalist-open-data.s3.amazonaws.com/photos/84190484/medium.jpeg","HumanObservation","iNaturalist research-grade observations","WGS84",NA
"",52944535,"https://www.inaturalist.org/observations/52944535","615190","Harpagifer bispinis",2019-10-31,"2019/10/31 12:54 PM -0300","","","Ushuaia, Tierra del Fuego, Argentina",-54.8442304434,-68.3764438486,2885,"https://inaturalist-open-data.s3.amazonaws.com/photos/84190300/medium.jpeg","HumanObservation","iNaturalist research-grade observations","WGS84",NA
"",52944382,"https://www.inaturalist.org/observations/52944382","615190","Harpagifer bispinis",2019-10-31,"2019/10/31 1:09 PM -0300","","","Ushuaia, Tierra del Fuego, Argentina",-54.8501518125,-68.3867391837,3370,"https://inaturalist-open-data.s3.amazonaws.com/photos/84190083/medium.jpeg","HumanObservation","iNaturalist research-grade observations","WGS84",NA
"",52943817,"https://www.inaturalist.org/observations/52943817","615190","Harpagifer bispinis",2016-02-26,"2016/02/26 1:45 PM -0300","","","Bahía Ensenada - Canal Beagle",-54.8506989717,-68.4937745985,15,"https://static.inaturalist.org/photos/84188798/medium.jpeg","HumanObservation","iNaturalist research-grade observations","WGS84",NA
"",52943074,"https://www.inaturalist.org/observations/52943074","615190","Harpagifer bispinis",2019-05-08,"2019/05/08 11:09 AM -0400","","","Ushuaia, Tierra del Fuego, Argentina",-54.8493504684,-68.4306702957,4470,"https://inaturalist-open-data.s3.amazonaws.com/photos/84188022/medium.jpg","HumanObservation","iNaturalist research-grade observations","WGS84",NA
"",52941953,"https://www.inaturalist.org/observations/52941953","615190","Harpagifer bispinis",2018-09-27,"2018/09/27 11:57 AM -0300","","","Ushuaia, Tierra del Fuego, Argentina",-54.8533255942,-68.4018268008,2666,"https://inaturalist-open-data.s3.amazonaws.com/photos/84186219/medium.jpg","HumanObservation","iNaturalist research-grade observations","WGS84",NA
"",52941756,"https://www.inaturalist.org/observations/52941756","622087","Dadyanos insignis",2016-04-04,"2016/04/04 2:02 PM -0300","","","Bahía Ensenada - Canal Beagle",-54.8506989717,-68.4937745985,15,"https://static.inaturalist.org/photos/84184970/medium.jpeg","HumanObservation","iNaturalist research-grade observations","WGS84",NA
"",52941708,"https://www.inaturalist.org/observations/52941708","615190","Harpagifer bispinis",2016-11-02,"2016/11/02 12:28 PM -0300","","","Bahía Ensenada - Canal Beagle",-54.8506989717,-68.4937745985,15,"https://static.inaturalist.org/photos/84182710/medium.jpeg","HumanObservation","iNaturalist research-grade observations","WGS84",NA
"",52941682,"https://www.inaturalist.org/observations/52941682","609395","Cottoperca trigloides",2016-11-02,"2016/11/02 11:50 AM -0300","","","Bahía Ensenada - Canal Beagle",-54.8506989717,-68.4937745985,15,"https://static.inaturalist.org/photos/84182159/medium.jpeg","HumanObservation","iNaturalist research-grade observations","WGS84",NA
"",52941654,"https://www.inaturalist.org/observations/52941654","108966","Patagonotothen cornucola",2018-09-04,"2018/09/04 11:53 AM -0300","","","Ushuaia, Tierra del Fuego, Argentina",-54.8019121,-68.3029511,6410,"https://inaturalist-open-data.s3.amazonaws.com/photos/84185552/medium.jpg","HumanObservation","iNaturalist research-grade observations","WGS84",NA
"",52879844,"https://www.inaturalist.org/observations/52879844","609395","Cottoperca trigloides",2016-11-23,"2016/11/23 11:43 AM -0300","","","Río Pipo - Canal Beagle",-54.8400635118,-68.3498334174,31,"https://static.inaturalist.org/photos/84080465/medium.jpeg","HumanObservation","iNaturalist research-grade observations","WGS84",NA
"",52878050,"https://www.inaturalist.org/observations/52878050","615190","Harpagifer bispinis",2016-10-23,"2016/10/23 6:01 PM -0300","","","Canal Beagle ",-54.8612396785,-67.83714364,31,"https://static.inaturalist.org/photos/84078554/medium.jpeg","HumanObservation","iNaturalist research-grade observations","WGS84",NA
"",52878043,"https://www.inaturalist.org/observations/52878043","615190","Harpagifer bispinis",2016-10-23,"2016/10/23 5:59 PM -0300","","","Canal Beagle ",-54.8612396785,-67.83714364,31,"https://static.inaturalist.org/photos/84078460/medium.jpeg","HumanObservation","iNaturalist research-grade observations","WGS84",NA
"",52876531,"https://www.inaturalist.org/observations/52876531","618325","Patagonotothen tessellata",2016-10-09,"2016/10/09 12:19 PM -0300","","","Canal Beagle ",-54.8612396785,-67.83714364,31,"https://static.inaturalist.org/photos/84076186/medium.jpeg","HumanObservation","iNaturalist research-grade observations","WGS84",NA
"",52875552,"https://www.inaturalist.org/observations/52875552","622085","Crossostomus chilensis",2016-09-20,"2016/09/20 10:29 PM -0300","","","Cauquenes - Canal Beagle",-54.8426823967,-68.3702444289,8,"https://static.inaturalist.org/photos/84074873/medium.jpeg","HumanObservation","iNaturalist research-grade observations","WGS84",NA
"",52760346,"https://www.inaturalist.org/observations/52760346","618325","Patagonotothen tessellata",2016-08-03,"2016/08/03 9:42 PM -0300","","","Cauquenes - Canal Beagle",-54.8426823967,-68.3702444289,8,"https://static.inaturalist.org/photos/83889948/medium.jpeg","HumanObservation","iNaturalist research-grade observations","WGS84",NA
"",52760341,"https://www.inaturalist.org/observations/52760341","618325","Patagonotothen tessellata",2016-08-03,"2016/08/03 9:39 PM -0300","","","Cauquenes - Canal Beagle",-54.8426823967,-68.3702444289,8,"https://static.inaturalist.org/photos/83889815/medium.jpeg","HumanObservation","iNaturalist research-grade observations","WGS84",NA
"",52760327,"https://www.inaturalist.org/observations/52760327","618325","Patagonotothen tessellata",2016-08-03,"2016/08/03 8:53 PM -0300","","","Cauquenes - Canal Beagle",-54.8426823967,-68.3702444289,8,"https://static.inaturalist.org/photos/83889455/medium.jpeg","HumanObservation","iNaturalist research-grade observations","WGS84",NA
"",52754442,"https://www.inaturalist.org/observations/52754442","609395","Cottoperca trigloides",2016-05-07,"2016/05/07 1:16 PM -0300","","","Baliza Davison - Canal Beagle",-54.9426183791,-66.9046032028,15,"https://static.inaturalist.org/photos/83881284/medium.jpeg","HumanObservation","iNaturalist research-grade observations","WGS84",NA
"",52754403,"https://www.inaturalist.org/observations/52754403","108966","Patagonotothen cornucola",2016-12-10,"2016/12/10 12:42 PM -0300","","","Baliza Davison - Canal Beagle",-54.9426183791,-66.9046032028,15,"https://static.inaturalist.org/photos/83879168/medium.jpeg","HumanObservation","iNaturalist research-grade observations","WGS84",NA
"CC-BY-NC",52159892,"https://www.inaturalist.org/observations/52159892","607870","Agonopsis chiloensis",2020-01-25,"2020/01/25 1:11 PM -03","","","Canal de Beagle",-54.8250922883,-68.159108137,488,"https://inaturalist-open-data.s3.amazonaws.com/photos/82899553/medium.jpeg","HumanObservation","iNaturalist research-grade observations","WGS84","gbifID:2813972318"
"",52117245,"https://www.inaturalist.org/observations/52117245","609395","Cottoperca trigloides",2016-01-17,"2016/01/17 12:39 PM -0300","","","Faro San Isidro - Estrecho de Magallanes",-53.7816986897,-70.9716572066,31,"https://static.inaturalist.org/photos/82830166/medium.jpeg","HumanObservation","iNaturalist research-grade observations","WGS84",NA
"",52117241,"https://www.inaturalist.org/observations/52117241","622087","Dadyanos insignis",2016-01-17,"2016/01/17 12:32 PM -0300","","","Faro San Isidro - Estrecho de Magallanes",-53.7816986897,-70.9716572066,31,"https://static.inaturalist.org/photos/82830094/medium.jpeg","HumanObservation","iNaturalist research-grade observations","WGS84",NA
"",52117221,"https://www.inaturalist.org/observations/52117221","607870","Agonopsis chiloensis",2016-01-17,"2016/01/17 12:04 AM -0300","","","Faro San Isidro - Estrecho de Magallanes",-53.7816986897,-70.9716572066,31,"https://static.inaturalist.org/photos/82829675/medium.jpeg","HumanObservation","iNaturalist research-grade observations","WGS84",NA
"",52116093,"https://www.inaturalist.org/observations/52116093","622087","Dadyanos insignis",2016-01-15,"2016/01/15 11:55 PM -0300","","","Faro San Isidro - Estrecho de Magallanes",-53.7816986897,-70.9716572066,31,"https://static.inaturalist.org/photos/82829132/medium.jpeg","HumanObservation","iNaturalist research-grade observations","WGS84",NA
"",52093175,"https://www.inaturalist.org/observations/52093175","622070","Austrolycus depressiceps",2015-11-05,"2015/11/05 3:52 PM -0300","","","Playa Begué - Canal Beagle",-54.846166818,-68.3737397429,31,"https://static.inaturalist.org/photos/82790347/medium.jpeg","HumanObservation","iNaturalist research-grade observations","WGS84",NA
"",52093143,"https://www.inaturalist.org/observations/52093143","108966","Patagonotothen cornucola",2015-11-05,"2015/11/05 2:52 PM -0300","","","Playa Begué - Canal Beagle",-54.846166818,-68.3737397429,31,"https://static.inaturalist.org/photos/82790189/medium.jpeg","HumanObservation","iNaturalist research-grade observations","WGS84",NA
"",52088237,"https://www.inaturalist.org/observations/52088237","607870","Agonopsis chiloensis",2015-11-26,"2015/11/26 2:48 PM -0300","","","Bahía Ensenada - Canal Beagle - PNTDF",-54.8476913817,-68.4834386141,31,"https://static.inaturalist.org/photos/82782539/medium.jpeg","HumanObservation","iNaturalist research-grade observations","WGS84",NA
"",52085833,"https://www.inaturalist.org/observations/52085833","607870","Agonopsis chiloensis",2015-12-26,"2015/12/26 11:16 AM -0300","","","Bahía Ensenada - Canal Beagle - PNTDF",-54.8476913817,-68.4834386141,31,"https://static.inaturalist.org/photos/82777977/medium.jpeg","HumanObservation","iNaturalist research-grade observations","WGS84",NA
"",52085818,"https://www.inaturalist.org/observations/52085818","615190","Harpagifer bispinis",2015-11-26,"2015/11/26 4:06 PM -0300","","","Bahía Ensenada - Canal Beagle - PNTDF",-54.8476913817,-68.4834386141,31,"https://static.inaturalist.org/photos/82777694/medium.jpeg","HumanObservation","iNaturalist research-grade observations","WGS84",NA
"",51863178,"https://www.inaturalist.org/observations/51863178","622087","Dadyanos insignis",2014-12-03,"2014/12/03 3:50 PM -0300","","","Baliza Escarpados - Canal Beagle",-54.8201309323,-68.1858077429,61,"https://static.inaturalist.org/photos/82421197/medium.jpeg","HumanObservation","iNaturalist research-grade observations","WGS84",NA
"",51293022,"https://www.inaturalist.org/observations/51293022","541858","Eleginops maclovinus",2019-04-08,"2019/04/08 9:26 PM -0300","","","Bahía Ensenada - Parque Nacional Tierra del Fuego",-54.8472492549,-68.4824056465,14,"https://static.inaturalist.org/photos/81481888/medium.jpeg","HumanObservation","iNaturalist research-grade observations","WGS84",NA
"",45682010,"https://www.inaturalist.org/observations/45682010","615190","Harpagifer bispinis",2019-10-31,"2019/10/31 1:04 PM -0300","","","Ushuaia, Tierra del Fuego, Argentina",-54.822484141,-68.3949511811,6410,"https://inaturalist-open-data.s3.amazonaws.com/photos/72448151/medium.jpeg","HumanObservation","iNaturalist research-grade observations","WGS84",NA
"",45272916,"https://www.inaturalist.org/observations/45272916","609395","Cottoperca trigloides",2016-01-15,"2016/01/15 11:44 PM -0300","","","Faro San Isidro - Punta Arenas - Chile",-53.7823046282,-70.9712137398,31,"https://static.inaturalist.org/photos/71782191/medium.jpg","HumanObservation","iNaturalist research-grade observations","WGS84",NA
"",44415685,"https://www.inaturalist.org/observations/44415685","108966","Patagonotothen cornucola",2019-08-29,"2019/08/29 10:47 PM -0400","","","Ushuaia, Tierra del Fuego, Argentina",-54.8462158192,-68.3729889418,775,"https://inaturalist-open-data.s3.amazonaws.com/photos/71317555/medium.jpg","HumanObservation","iNaturalist research-grade observations","WGS84",NA
"CC-BY-NC",39678681,"https://www.inaturalist.org/observations/39678681","615190","Harpagifer bispinis",2020-01-27,"2020/01/27 6:47 PM -0300","","","Ushuaia, Tierra del Fuego, Argentina",-54.818747,-68.186387,NA,"https://inaturalist-open-data.s3.amazonaws.com/photos/62959777/medium.jpg","HumanObservation","iNaturalist research-grade observations","WGS84","gbifID:2597689860"
"CC-BY-NC",39678621,"https://www.inaturalist.org/observations/39678621","607870","Agonopsis chiloensis",2020-01-23,"2020/01/23 11:53 PM -0300","","","Tierra del Fuego National Park, Ushuaia, Tierra del Fuego, Argentina",-54.849615,-68.480647,NA,"https://inaturalist-open-data.s3.amazonaws.com/photos/62952235/medium.jpg","HumanObservation","iNaturalist research-grade observations","WGS84","gbifID:2579232037"
"",39283268,"https://www.inaturalist.org/observations/39283268","615190","Harpagifer bispinis",2016-11-02,"2016/11/02 12:34 PM -0300","","","Bahía Ensenada - Parque Nacional Tierra del Fuego - Argentina",-54.8509391454,-68.4942595979,31,"https://static.inaturalist.org/photos/62304739/medium.jpeg","HumanObservation","iNaturalist research-grade observations","WGS84",NA
"",39282417,"https://www.inaturalist.org/observations/39282417","609395","Cottoperca trigloides",2016-11-02,"2016/11/02 11:49 AM -0300","","","Bahía Ensenada - Parque Nacional Tierra del Fuego - Argentina",-54.8528980487,-68.4985606014,41,"https://static.inaturalist.org/photos/62303553/medium.jpeg","HumanObservation","iNaturalist research-grade observations","WGS84",NA
"",39281927,"https://www.inaturalist.org/observations/39281927","622070","Austrolycus depressiceps",2016-11-23,"2016/11/23 1:38 PM -0300","","","Desembocadura Río Pipo - Ushuaia - Tierra del Fuego",-54.8345482463,-68.34005152,15,"https://static.inaturalist.org/photos/62302893/medium.jpeg","HumanObservation","iNaturalist research-grade observations","WGS84",NA
"",39239888,"https://www.inaturalist.org/observations/39239888","615190","Harpagifer bispinis",2015-11-26,"2015/11/26 4:05 PM -0300","","","Bahía Ensenada - Parque Nacional Tierra del Fuego - Argentina",-54.8473835437,-68.4823588695,28,"https://static.inaturalist.org/photos/62229261/medium.jpeg","HumanObservation","iNaturalist research-grade observations","WGS84",NA
"",38844447,"https://www.inaturalist.org/observations/38844447","622070","Austrolycus depressiceps",2015-03-03,"2015/03/03 2:36 PM -0300","","","Playa Begué - Ushuaia - Tierra del Fuego - Argentina",-54.847781435,-68.3754337243,31,"https://static.inaturalist.org/photos/61786097/medium.jpeg","HumanObservation","iNaturalist research-grade observations","WGS84",NA
"",38844213,"https://www.inaturalist.org/observations/38844213","622087","Dadyanos insignis",2015-02-17,"2015/02/17 2:25 PM -0300","","","Playa Begue - Ushuaia - Tierra del Fuego - Argentina",-54.8459871981,-68.3744365386,31,"https://static.inaturalist.org/photos/61785759/medium.jpeg","HumanObservation","iNaturalist research-grade observations","WGS84",NA
"",38836010,"https://www.inaturalist.org/observations/38836010","618325","Patagonotothen tessellata",2018-03-29,"2018/03/29 4:12 PM -0300","","","Bahía Ensenada - Parque Nacional Tierra del Fuego - Argentina",-54.8476291729,-68.4801843818,31,"https://static.inaturalist.org/photos/61776225/medium.jpeg","HumanObservation","iNaturalist research-grade observations","WGS84",NA
"",38835626,"https://www.inaturalist.org/observations/38835626","108966","Patagonotothen cornucola",2016-05-19,"2016/05/19 1:05 PM -0400","","","Baliza Escarpados - Ushuaia - Tierra del Fuego",-54.8190072283,-68.1858930495,15,"https://static.inaturalist.org/photos/61775896/medium.jpeg","HumanObservation","iNaturalist research-grade observations","WGS84",NA
"",38835390,"https://www.inaturalist.org/observations/38835390","614165","Galaxias platei",2018-01-01,"2018/01/01 1:49 PM -0300","","","Lago Escondido, Tierra del Fuego, Argentina",-54.6547531419,-67.800161383,61,"https://static.inaturalist.org/photos/61775345/medium.jpeg","HumanObservation","iNaturalist research-grade observations","WGS84",NA
"",38835125,"https://www.inaturalist.org/observations/38835125","55388","Champsocephalus esox",2018-01-05,"2018/01/05 12:20 PM -0300","Buceo Nocturno","Buceo Nocturno","Ushuaia, AR-TF, AR",-54.9164261505,-68.2685337191,31,"https://static.inaturalist.org/photos/61774745/medium.jpg","HumanObservation","iNaturalist research-grade observations","WGS84",NA
"",38833732,"https://www.inaturalist.org/observations/38833732","47518","Salmo trutta",2019-03-09,"2019/03/09 1:47 PM -0300","","","Laguna Margarita,  Tierra del Fuego, Argentina",-54.6369718995,-67.9903324766,100,"https://static.inaturalist.org/photos/61772781/medium.jpeg","HumanObservation","iNaturalist research-grade observations","WGS84",NA
"CC-BY",36240337,"https://www.inaturalist.org/observations/36240337","49596","Salvelinus fontinalis",2016-12-06,"2016/12/06 11:56 AM -0300","","","Ushuaia, Tierra del Fuego, Argentina",-54.6945664673,-67.4980240004,24022,"https://inaturalist-open-data.s3.amazonaws.com/photos/57262923/medium.jpg","HumanObservation","iNaturalist research-grade observations","WGS84","gbifID:2465216485"
"",27999544,"https://www.inaturalist.org/observations/27999544","187209","Careproctus pallidus",2015-10-09,"2015/10/09 4:50 PM -03","Imagen realizada en apnea a 2 mts. de profundidad","Imagen realizada en apnea a 2 mts. de profundidad","Bahía Cauquenes - Canal Beagle - Ushuaia - Tierra del Fuego - Argentina",-54.8462534484,-68.3747791845,15,"https://static.inaturalist.org/photos/43617166/medium.jpeg","HumanObservation","iNaturalist research-grade observations","WGS84",NA
"CC-BY-NC",27351950,"https://www.inaturalist.org/observations/27351950","622070","Austrolycus depressiceps",2018-01-04,"2018/01/04 8:03 PM -0300","Familia Zoarcidae. Comunmente llamods anguilas o viudas.","Familia Zoarcidae. Comunmente llamods anguilas o viudas.","Ushuaia, Tierra del Fuego, Argentina",-54.8132737011,-68.2917412545,1953,"https://inaturalist-open-data.s3.amazonaws.com/photos/42546964/medium.jpeg","HumanObservation","iNaturalist research-grade observations","WGS84","gbifID:2818550338"
"CC-BY-NC",27351785,"https://www.inaturalist.org/observations/27351785","618325","Patagonotothen tessellata",2018-01-05,"2018/01/05 8:00 PM -0300","","","Ushuaia, Tierra del Fuego, Argentina",-54.8390378407,-68.3447737863,488,"https://inaturalist-open-data.s3.amazonaws.com/photos/42546651/medium.jpeg","HumanObservation","iNaturalist research-grade observations","WGS84","gbifID:2850956404"
"CC-BY-NC",27351486,"https://www.inaturalist.org/observations/27351486","607870","Agonopsis chiloensis",2018-01-07,"2018/01/07 7:53 PM -0300","Acorazadito. ","Acorazadito. ","Ushuaia, Tierra del Fuego, Argentina",-54.8349115193,-68.2233548684,3906,"https://inaturalist-open-data.s3.amazonaws.com/photos/42546211/medium.jpeg","HumanObservation","iNaturalist research-grade observations","WGS84","gbifID:2269330993"
"CC-BY-NC",25825254,"https://www.inaturalist.org/observations/25825254","607870","Agonopsis chiloensis",2018-11-05,"2018-11-05 11:12:59 p. m. GMT-03:00","","","Ushuaia, Tierra del Fuego, Argentina",-54.8424034119,-68.3692779541,NA,"https://inaturalist-open-data.s3.amazonaws.com/photos/40040888/medium.jpeg","HumanObservation","iNaturalist research-grade observations","WGS84","gbifID:2251908779"
"",25517303,"https://www.inaturalist.org/observations/25517303","618324","Patagonotothen squamiceps",2016-09-20,"2016/09/20 10:00 PM -03","","","Ushuaia, Tierra del Fuego Province, Argentina",-54.8427084285,-68.3703993947,31,"https://static.inaturalist.org/photos/39532097/medium.jpeg","HumanObservation","iNaturalist research-grade observations","WGS84",NA
"",25502620,"https://www.inaturalist.org/observations/25502620","607870","Agonopsis chiloensis",2016-09-20,"2016/09/20 10:14 PM -03","Buceo nocturno con equipo autónomo a 8 metros","Buceo nocturno con equipo autónomo a 8 metros","Ushuaia, Tierra del Fuego Province, Argentina",-54.8427173976,-68.3715719206,15,"https://static.inaturalist.org/photos/39507868/medium.jpeg","HumanObservation","iNaturalist research-grade observations","WGS84",NA
"CC-BY-NC",22214119,"https://www.inaturalist.org/observations/22214119","609394","Cottoperca gobio",2015-05-15,"2015-05-15 2:55:38 p. m. GMT-03:00","","","Ushuaia, AR-TF, AR",-54.8211364746,-68.1836929321,NA,"https://inaturalist-open-data.s3.amazonaws.com/photos/34396832/medium.jpeg","HumanObservation","iNaturalist research-grade observations","WGS84","gbifID:2236260329"
"",11263847,"https://www.inaturalist.org/observations/11263847","47518","Salmo trutta",2018-04-17,"Tue Apr 17 2018 17:55:30 GMT-0300 (GMT-3)","","","Timaukel, Timaukel, Magallanes y La Antártica Chilena, CL",-54.1391459704,-68.6913698763,586,"https://static.inaturalist.org/photos/16008143/medium.jpg","HumanObservation","iNaturalist research-grade observations","WGS84",NA
"CC-BY",173458,"http://www.inaturalist.org/observations/173458","47518","Salmo trutta",2012-09-23,"Sun Sep 23 2012 02:53:33 GMT+1000 (GMT+10:00)","","","Isla Grande de Tierra del Fuego, Timaukel, Magallanes and Antartica Chilena, CL",-53.96054833,-70.06027333,NA,"https://static.inaturalist.org/photos/229964/medium.jpg","HumanObservation","iNaturalist research-grade observations","WGS84","gbifID:1024178050"
"CC-BY-NC-SA",122689,"http://www.inaturalist.org/observations/122689","47518","Salmo trutta",2008-03-16,"March 16, 2008 08:23","Brown trout tagging study on the Rio Grande in Tierra Del Fuego.  Study was conducted by U Montana. ","Brown trout tagging study on the Rio Grande in Tierra Del Fuego.  Study was conducted by U Montana. ","Rio Grande, Tierra Del Fuego",-53.8547453855,-68.2513761877,NA,"https://inaturalist-open-data.s3.amazonaws.com/photos/174871/medium.jpg","HumanObservation","iNaturalist research-grade observations","WGS84",NA
"CC-BY",307180706,"https://www.inaturalist.org/observations/307180706","54191","Oncorhynchus tshawytscha",2022-04-14,"2022/04/14 11:33 AM","","","Última Esperanza, Magallanes y la Antártica Chilena, Chile",-51.1210514511,-73.1180859607,61,"https://inaturalist-open-data.s3.amazonaws.com/photos/554029951/medium.jpg","HumanObservation","iNaturalist research-grade observations","WGS84","gbifID:5932451669"
"",301851678,"https://www.inaturalist.org/observations/301851678","320531","Coelorinchus fasciatus",2007-02-04,"2007/02/04 00:15","","","Última Esperanza, Magallanes and Chilean Antarctica, Chile",-50.0613789743,-74.5948103813,977,"https://static.inaturalist.org/photos/543957156/medium.jpg","HumanObservation","iNaturalist research-grade observations","WGS84",NA
"",301848821,"https://www.inaturalist.org/observations/301848821","347137","Cataetyx messieri",2007-02-04,"2007/02/04 00:16","","","Última Esperanza, Magallanes and Chilean Antarctica, Chile",-50.0998646679,-74.6504124744,3906,"https://static.inaturalist.org/photos/543951803/medium.jpg","HumanObservation","iNaturalist research-grade observations","WGS84",NA
"CC-BY-NC",295256532,"https://www.inaturalist.org/observations/295256532","342904","Salmoninae",2024-11-13,"2024-11-13 14:12:08","mandibula en el costado del rio serrano - a jaw that i found on the coast of serrano river","mandibula en el costado del rio serrano - a jaw that i found on the coast of serrano river","Torres de Paine, Magallanes y la Antártica Chilena, Chile",-51.2902727006,-73.1113448739,16857,"https://inaturalist-open-data.s3.amazonaws.com/photos/531512698/medium.jpg","HumanObservation","iNaturalist research-grade observations","WGS84","gbifID:5230984894"
"CC-BY",265428927,"https://www.inaturalist.org/observations/265428927","47518","Salmo trutta",2025-03-14,"2025-03-14 17:50:17-03:00","","","Torres del Paine, Torres del Paine, Magallanes and Antartica Chilena Region, CL",-51.26713,-72.8465416667,3,"https://inaturalist-open-data.s3.amazonaws.com/photos/476762844/medium.jpg","HumanObservation","iNaturalist research-grade observations","WGS84","gbifID:5088007985"
"CC-BY",265294951,"https://www.inaturalist.org/observations/265294951","47518","Salmo trutta",2025-03-13,"2025-03-13 18:25:10-03:00","","","Última Esperanza, CL-MA, CL",-51.2847416667,-72.8376083333,4,"https://inaturalist-open-data.s3.amazonaws.com/photos/476502603/medium.jpg","HumanObservation","iNaturalist research-grade observations","WGS84","gbifID:5088141553"
"CC-BY",265266579,"https://www.inaturalist.org/observations/265266579","47518","Salmo trutta",2025-03-12,"2025-03-12 18:51:46-03:00","","","Última Esperanza, CL-MA, CL",-51.2827916667,-72.8402466667,14,"https://inaturalist-open-data.s3.amazonaws.com/photos/476449125/medium.jpg","HumanObservation","iNaturalist research-grade observations","WGS84","gbifID:5087941302"
"CC-BY-NC",254728025,"https://www.inaturalist.org/observations/254728025","47518","Salmo trutta",2024-04-17,"2024/04/17 5:49 PM","","","Última Esperanza, CL-MA, CL",-51.816758932,-72.1614906985,61,"https://inaturalist-open-data.s3.amazonaws.com/photos/456330981/medium.jpg","HumanObservation","iNaturalist research-grade observations","WGS84","gbifID:4993738074"
"",248805572,"https://www.inaturalist.org/observations/248805572","47518","Salmo trutta",2024-10-23,"2024-10-23 09:26:33-03:00","","","Parque Nacional Torres del Paine, Torres del Paine, Magallanes and Antartica Chilena Region, CL",-51.1790383333,-72.9569633333,9,"https://static.inaturalist.org/photos/444642847/medium.jpeg","HumanObservation","iNaturalist research-grade observations","WGS84",NA
"",189659925,"https://www.inaturalist.org/observations/189659925","47518","Salmo trutta",2019-01-05,"2019-01-05 15:09:10-05:00","","","Cerro Castillo, Torres del Paine, Magallanes and Antartica Chilena Region, CL",-50.95118,-72.3858716667,35,"https://static.inaturalist.org/photos/332306480/medium.jpg","HumanObservation","iNaturalist research-grade observations","WGS84",NA
"CC-BY",159996662,"https://www.inaturalist.org/observations/159996662","621457","Leptonotus blainvilleanus",2023-03-28,"2023/03/28 12:30 PM","Entre las redes de centros de cultivo de salmónidos. Ejemplares ubicados entre 15-30 m de profundidad, fotografiados y devueltos al mar.","Entre las redes de centros de cultivo de salmónidos. Ejemplares ubicados entre 15-30 m de profundidad, fotografiados y devueltos al mar.","Golfo Almirante Montt, Región de Magallanes y de la Antártica Chilena, Chile.",-51.7615758799,-72.8910954993,31,"https://inaturalist-open-data.s3.amazonaws.com/photos/276444719/medium.jpeg","HumanObservation","iNaturalist research-grade observations","WGS84","gbifID:4112025527"
"CC-BY-NC",132080309,"https://www.inaturalist.org/observations/132080309","47518","Salmo trutta",2019-02-04,"2019-02-04 12:42:27-05:00","","","Lago del Toro, Torres del Paine, Magallanes and Antartica Chilena, CL",-51.279595,-72.8369916667,5,"https://inaturalist-open-data.s3.amazonaws.com/photos/224872372/medium.jpg","HumanObservation","iNaturalist research-grade observations","WGS84","gbifID:3902276916"
"",129098984,"https://www.inaturalist.org/observations/129098984","321994","Galaxias maculatus",2022-02-15,"2022/02/15 7:11 AM","","","Última Esperanza, Magallanes and Chilean Antarctica, Chile",-51.530768,-72.594588,NA,"https://static.inaturalist.org/photos/219349767/medium.jpg","HumanObservation","iNaturalist research-grade observations","WGS84",NA
"",110969599,"https://www.inaturalist.org/observations/110969599","321994","Galaxias maculatus",2022-04-08,"2022/04/08 9:26 AM PDT","","","Puerto Natales, Natales, Magallanes and Chilean Antarctica, Chile",-51.7217549715,-72.5091172629,167,"https://static.inaturalist.org/photos/187279970/medium.jpg","HumanObservation","iNaturalist research-grade observations","WGS84",NA
"",105525138,"https://www.inaturalist.org/observations/105525138","621457","Leptonotus blainvilleanus",2022-01-24,"Mon Jan 24 2022 19:33:08 GMT-0300 (GMT-3)","","","Isla Guarello, Natales, Magallanes y de la Antártica Chilena, CL",-50.3680428143,-75.3371905394,9,"https://static.inaturalist.org/photos/177337015/medium.jpg","HumanObservation","iNaturalist research-grade observations","WGS84",NA
"",47056351,"https://www.inaturalist.org/observations/47056351","47518","Salmo trutta",2019-11-17,"Sun Nov 17 2019 13:13:33 GMT-0300 (GMT-3)","","","Güer Aike, Güer Aike, Santa Cruz, AR",-51.9858232598,-71.411314582,10381,"https://static.inaturalist.org/photos/74629603/medium.jpg","HumanObservation","iNaturalist research-grade observations","WGS84",NA
"CC-BY-NC",31287922,"https://www.inaturalist.org/observations/31287922","47518","Salmo trutta",2019-01-10,"2019/01/10 4:57 PM EST","caught on fly in Rio Gallegos river, Tierra Del Fuego","caught on fly in Rio Gallegos river, Tierra Del Fuego","Güer Aike Department, Santa Cruz Province, Argentina",-51.80705,-70.3775722222,4,"https://inaturalist-open-data.s3.amazonaws.com/photos/48955970/medium.jpg","HumanObservation","iNaturalist research-grade observations","WGS84","gbifID:2366149559"
"CC-BY-NC",2824486,"http://www.inaturalist.org/observations/2824486","618673","Genypterus chilensis",2016-03-11,"Fri Mar 11 2016 04:18:01 GMT-0800 (PST)","","","Calle Pedro Montt, Puerto Natales, Magallanes and Antartica Chilena, CL",-51.72145,-72.5083083333,NA,"https://inaturalist-open-data.s3.amazonaws.com/photos/3214131/medium.jpg","HumanObservation","iNaturalist research-grade observations","WGS84","gbifID:5828318396"
"CC-BY",173459,"http://www.inaturalist.org/observations/173459","47518","Salmo trutta",2010-01-14,"2010-01-14","Unsure of specific location and date","Unsure of specific location and date","Argentina",-50.736455137,-74.531254,NA,"https://static.inaturalist.org/photos/229963/medium.jpg","HumanObservation","iNaturalist research-grade observations","WGS84","gbifID:1024178051"
"CC-BY-NC",350253251,"https://www.inaturalist.org/observations/350253251","47516","Oncorhynchus mykiss",2026-03-22,"2026-03-22 13:39:55","Caught on Rio Cochrane using a dry fly in the afternoon. Water was less than a meter deep where fish was caught. Caught using a dry fly. ","Caught on Rio Cochrane using a dry fly in the afternoon. Water was less than a meter deep where fish was caught. Caught using a dry fly. ","Cochrane, Aysén Region, CL",-47.2529384274,-72.545764798,56,"https://inaturalist-open-data.s3.amazonaws.com/photos/639039187/medium.jpg","HumanObservation","iNaturalist research-grade observations","WGS84",NA
"CC-BY-NC",350253191,"https://www.inaturalist.org/observations/350253191","47516","Oncorhynchus mykiss",2026-03-22,"2026-03-22 13:38:27","Caught on the Rio Cochrane in the afternoon using a dry fly. Caught in water less than a meter deep.","Caught on the Rio Cochrane in the afternoon using a dry fly. Caught in water less than a meter deep.","Cochrane, Aysén Region, CL",-47.2532638662,-72.5461152406,18,"https://inaturalist-open-data.s3.amazonaws.com/photos/639039102/medium.jpg","HumanObservation","iNaturalist research-grade observations","WGS84",NA
"CC-BY-NC",350253081,"https://www.inaturalist.org/observations/350253081","47516","Oncorhynchus mykiss",2026-03-22,"2026-03-22 13:28:07","Caught in the afternoon in Rio Cochrane in relatively shallow water using a dry fly. Fish was released after it was caught. ","Caught in the afternoon in Rio Cochrane in relatively shallow water using a dry fly. Fish was released after it was caught. ","Cochrane, Aysén Region, CL",-47.2533395503,-72.5461249153,6,"https://inaturalist-open-data.s3.amazonaws.com/photos/639038934/medium.jpg","HumanObservation","iNaturalist research-grade observations","WGS84",NA
"CC-BY-NC",350076702,"https://www.inaturalist.org/observations/350076702","340557","Oncorhynchus masou",2026-02-26,"2026-02-26 12:53:49","Found in a small pool next to our camp. Their was one cherry Salmon and 5 brook trout. They are invasive species ","Found in a small pool next to our camp. Their was one cherry Salmon and 5 brook trout. They are invasive species ","Aisén del General Carlos Ibáñez del Campo, CL",-46.8951763754,-72.1329626899,46,"https://inaturalist-open-data.s3.amazonaws.com/photos/638688648/medium.jpg","HumanObservation","iNaturalist research-grade observations","WGS84",NA
"CC-BY-NC",350076261,"https://www.inaturalist.org/observations/350076261","47518","Salmo trutta",2026-02-26,"2026-02-26 15:10:53","Found in a small pool of water next to our camp in Jeinimeni. There were 5 brook trout in here as well as one cherry salmon. They are invasive ","Found in a small pool of water next to our camp in Jeinimeni. There were 5 brook trout in here as well as one cherry salmon. They are invasive ","Chile Chico, Aysén Region, CL",-46.8623366667,-72.0266028333,12,"https://inaturalist-open-data.s3.amazonaws.com/photos/638687757/medium.jpg","HumanObservation","iNaturalist research-grade observations","WGS84",NA
"CC-BY-NC",350075899,"https://www.inaturalist.org/observations/350075899","47516","Oncorhynchus mykiss",2026-02-16,"2026/02/16 3:30 PM","","","Cochrane, Aysén, Chile",-47.2556491275,-72.578353462,1236,"https://inaturalist-open-data.s3.amazonaws.com/photos/638686691/medium.jpg","HumanObservation","iNaturalist research-grade observations","WGS84",NA
"CC-BY-NC",350075045,"https://www.inaturalist.org/observations/350075045","340557","Oncorhynchus masou",2026-02-26,"2026-02-26 12:52:43","","","Aisén del General Carlos Ibáñez del Campo, CL",-46.8704941754,-72.1839949797,684,"https://inaturalist-open-data.s3.amazonaws.com/photos/638685374/medium.jpg","HumanObservation","iNaturalist research-grade observations","WGS84",NA
"CC-BY-NC",349074912,"https://www.inaturalist.org/observations/349074912","47516","Oncorhynchus mykiss",2026-03-09,"2026-03-09 19:25:15","Fish was caught using a dry fly in Rio Cochrane. It was caught close to the bank in a somewhat shallow part of the river.","Fish was caught using a dry fly in Rio Cochrane. It was caught close to the bank in a somewhat shallow part of the river.","Cochrane, Aysén Region, CL",-47.25363,-72.5458966667,6,"https://inaturalist-open-data.s3.amazonaws.com/photos/636725195/medium.jpg","HumanObservation","iNaturalist research-grade observations","WGS84",NA
"CC-BY-NC",342978600,"https://www.inaturalist.org/observations/342978600","541858","Eleginops maclovinus",2026-03-14,"2026-03-14 15:50:26","","","Aysén, Aysén Region, CL",-45.462445,-72.8245916667,4,"https://inaturalist-open-data.s3.amazonaws.com/photos/624675851/medium.jpg","HumanObservation","iNaturalist research-grade observations","WGS84","gbifID:6178399540"
"",342861785,"https://www.inaturalist.org/observations/342861785","54191","Oncorhynchus tshawytscha",2026-01-17,"2026-01-17 07:02:59","","","Coyhaique, Aysén, Chile",-44.9941719662,-72.0406915247,12,"https://static.inaturalist.org/photos/624438696/medium.jpg","HumanObservation","iNaturalist research-grade observations","WGS84",NA
"CC-BY-NC",342073049,"https://www.inaturalist.org/observations/342073049","47516","Oncorhynchus mykiss",2026-02-17,"2026-02-17 12:22:01","Caught in Rio Cochrane using a fly. Weather was sunny. Was swimming in shallow water by the bank. Caught around noon. Was around 1 dm long. ","Caught in Rio Cochrane using a fly. Weather was sunny. Was swimming in shallow water by the bank. Caught around noon. Was around 1 dm long. ","Cochrane, Aysén Region, CL",-47.2536283333,-72.545655,3,"https://inaturalist-open-data.s3.amazonaws.com/photos/622859329/medium.jpg","HumanObservation","iNaturalist research-grade observations","WGS84","gbifID:6179076570"
"CC-BY-NC",342073042,"https://www.inaturalist.org/observations/342073042","47516","Oncorhynchus mykiss",2026-02-17,"2026-02-17 08:42:44","Caught in Rio Cochrane using a fly. Weather was sunny. Was swimming in shallow water by the bank. Caught in the morning. ","Caught in Rio Cochrane using a fly. Weather was sunny. Was swimming in shallow water by the bank. Caught in the morning. ","Cochrane, Aysén Region, CL",-47.2537283333,-72.5459216667,6,"https://inaturalist-open-data.s3.amazonaws.com/photos/622859060/medium.jpg","HumanObservation","iNaturalist research-grade observations","WGS84","gbifID:6178415447"
"CC-BY-NC",342069098,"https://www.inaturalist.org/observations/342069098","340557","Oncorhynchus masou",2026-02-27,"2026-02-27 02:28:51","Located on the south side of Lago Jeinimeni in a creek that runs down one of the mountain faces, located in a small pool (formerly a full stream but dried up) with some brook trout, confident in ID, minimal to no spotting on the adipose and dorsal fins, believe it to be a cherry salmon inland morph ","Located on the south side of Lago Jeinimeni in a creek that runs down one of the mountain faces, located in a small pool (formerly a full stream but dried up) with some brook trout, confident in ID, minimal to no spotting on the adipose and dorsal fins, believe it to be a cherry salmon inland morph ","Aisén del General Carlos Ibáñez del Campo, CL",-46.9716937236,-72.1192407009,992,"https://inaturalist-open-data.s3.amazonaws.com/photos/622851616/medium.jpg","HumanObservation","iNaturalist research-grade observations","WGS84","gbifID:6178512895"
"CC-BY-NC",340851421,"https://www.inaturalist.org/observations/340851421","618673","Genypterus chilensis",2026-03-01,"2026/03/01 10:09 AM","","","Aisén, CL-AI, CL",-45.083800739,-74.2734035676,31,"https://inaturalist-open-data.s3.amazonaws.com/photos/620359760/medium.jpg","HumanObservation","iNaturalist research-grade observations","WGS84","gbifID:6171208636"
"CC-BY-NC",340851420,"https://www.inaturalist.org/observations/340851420","620534","Sebastes oculatus",2026-03-01,"2026/03/01 10:06 AM","","","Isla Kent, Aysén, Chile",-45.0839385247,-74.273372977,136,"https://inaturalist-open-data.s3.amazonaws.com/photos/620358564/medium.jpg","HumanObservation","iNaturalist research-grade observations","WGS84","gbifID:6170946695"
"CC-BY-NC",340851418,"https://www.inaturalist.org/observations/340851418","607870","Agonopsis chiloensis",2026-03-01,"2026/03/01 10:33 AM","","","Isla Kent, Aysén, Chile",-45.0839385247,-74.273372977,136,"https://inaturalist-open-data.s3.amazonaws.com/photos/620358547/medium.jpg","HumanObservation","iNaturalist research-grade observations","WGS84","gbifID:6171280737"
"",339574376,"https://www.inaturalist.org/observations/339574376","609395","Cottoperca trigloides",2026-02-21,"2026-02-21 12:14:42","","","Aisén, CL-AI, CL",-44.8955109057,-73.3012818173,701,"https://static.inaturalist.org/photos/617765355/medium.jpg","HumanObservation","iNaturalist research-grade observations","WGS84",NA
"",338158273,"https://www.inaturalist.org/observations/338158273","47518","Salmo trutta",2026-02-08,"2026/02/08 3:43 PM","","","Coihaique, Aysén, Chile",-45.5353688633,-72.0182270137,8,"https://static.inaturalist.org/photos/614879622/medium.jpg","HumanObservation","iNaturalist research-grade observations","WGS84",NA
"",335750082,"https://www.inaturalist.org/observations/335750082","618231","Notacanthus sexspinis",2026-01-22,"2026-01-22 17:44:11","","","Aisén, CL-AI, CL",-44.895178156,-73.3005485684,77,"https://static.inaturalist.org/photos/610001711/medium.jpg","HumanObservation","iNaturalist research-grade observations","WGS84",NA
"CC-BY-NC",328218958,"https://www.inaturalist.org/observations/328218958","47518","Salmo trutta",2025-11-11,"2025-11-11T16:28","Brown trout 25 cm in length caught in Lago Jeinemeni. Healthy red dots running down the lateral line. Caught at mouth of little stream in heavy flow with high levels of sediment deposition into the lake. Winds ~15 km/hr, air temperature ~12°C","Brown trout 25 cm in length caught in Lago Jeinemeni. Healthy red dots running down the lateral line. Caught at mouth of little stream in heavy flow with high levels of sediment deposition into the lake. Winds ~15 km/hr, air temperature ~12°C","Chile Chico, Aysén Region, CL",-46.8419762262,-72.0140127128,26,"https://inaturalist-open-data.s3.amazonaws.com/photos/594711668/medium.jpg","HumanObservation","iNaturalist research-grade observations","WGS84","gbifID:5908886095"
"CC-BY-NC",327946722,"https://www.inaturalist.org/observations/327946722","47518","Salmo trutta",2025-11-10,"2025-11-10 21:02:45","Caught from Lago Jeinimeni in Jeinimeni Sector of Patagonia National Park. Fished at the mouth of an intermittent stream on the north side of the lake.  Partly cloudy with lmoderate wind (15 kph). Did not keep this fish, but other brown trout caught had full stomachs from a recent bug hatch; midges, beetles, and freshwater shrimp. Caught brown trout ranged in size from 18-45cm. ","Caught from Lago Jeinimeni in Jeinimeni Sector of Patagonia National Park. Fished at the mouth of an intermittent stream on the north side of the lake.  Partly cloudy with lmoderate wind (15 kph). Did not keep this fish, but other brown trout caught had full stomachs from a recent bug hatch; midges, beetles, and freshwater shrimp. Caught brown trout ranged in size from 18-45cm. ","Chile Chico, Aysén Region, CL",-46.83995,-72.0130527833,17,"https://inaturalist-open-data.s3.amazonaws.com/photos/594182676/medium.jpg","HumanObservation","iNaturalist research-grade observations","WGS84","gbifID:5903698587"
"CC-BY-NC",327162358,"https://www.inaturalist.org/observations/327162358","47518","Salmo trutta",2025-11-07,"2025-11-07 18:21:32","Caught from the start of the Jeinimeni river. Many were seen. Few were caught. Feeding frequently in the morning and evening when bugs were more common.","Caught from the start of the Jeinimeni river. Many were seen. Few were caught. Feeding frequently in the morning and evening when bugs were more common.","Chile Chico, Aysén, Chile",-46.8383944444,-72.01145,NA,"https://inaturalist-open-data.s3.amazonaws.com/photos/592655508/medium.jpg","HumanObservation","iNaturalist research-grade observations","WGS84","gbifID:5897653370"
"CC-BY-NC",324861786,"https://www.inaturalist.org/observations/324861786","47516","Oncorhynchus mykiss",2025-11-02,"2025-11-02 07:16:28","A mature female and male rainbow trout caught with a handline and worms from a backwater pond of the Rio Tranquilo. During the morning (06:30-08:30), many trout were seen cruising the edges of the pond, which dropped of abruptly (~2m) from the edge of an adjacent peat moss bog. The water was extremely clear, with patches of several kinds of submerged aquatic vegetation visible. Aquatic rushes were present on the north and west sides of the pond. ","A mature female and male rainbow trout caught with a handline and worms from a backwater pond of the Rio Tranquilo. During the morning (06:30-08:30), many trout were seen cruising the edges of the pond, which dropped of abruptly (~2m) from the edge of an adjacent peat moss bog. The water was extremely clear, with patches of several kinds of submerged aquatic vegetation visible. Aquatic rushes were present on the north and west sides of the pond. ","Cochrane, Aysén Region, CL",-47.3886133333,-72.5922083333,3,"https://inaturalist-open-data.s3.amazonaws.com/photos/588082350/medium.jpg","HumanObservation","iNaturalist research-grade observations","WGS84","gbifID:5892713748"
"CC-BY-NC",309977800,"https://www.inaturalist.org/observations/309977800","47516","Oncorhynchus mykiss",2015-12-26,"2015/12/26 11:53 AM","","","Lago Buenos Aires, Santa Cruz, Argentina",-46.5460587627,-71.6061890589,488,"https://inaturalist-open-data.s3.amazonaws.com/photos/559396242/medium.jpg","HumanObservation","iNaturalist research-grade observations","WGS84","gbifID:5760284404"
"CC-BY-NC",309977329,"https://www.inaturalist.org/observations/309977329","47516","Oncorhynchus mykiss",2016-02-11,"2016/02/11 11:49 AM","","","Lago Buenos Aires, Santa Cruz, Argentina",-46.5486024481,-71.6058693086,977,"https://inaturalist-open-data.s3.amazonaws.com/photos/559394194/medium.jpg","HumanObservation","iNaturalist research-grade observations","WGS84","gbifID:5760641429"
"CC-BY-NC",306552811,"https://www.inaturalist.org/observations/306552811","321994","Galaxias maculatus",2024-10-05,"2024/10/05 1:26 PM","","","Puerto Cisnes, Cisnes, Aysén, Chile",-44.7300119328,-72.6829547116,15,"https://inaturalist-open-data.s3.amazonaws.com/photos/552838397/medium.jpg","HumanObservation","iNaturalist research-grade observations","WGS84","gbifID:5292824696"
"",299057748,"https://www.inaturalist.org/observations/299057748","47518","Salmo trutta",2025-07-16,"2025-07-16 12:07:49","","","Capitán Prat, CL-AI, CL",-47.2248793317,-72.4980450422,91,"https://static.inaturalist.org/photos/538754452/medium.jpg","HumanObservation","iNaturalist research-grade observations","WGS84",NA
"CC-BY-NC",297101428,"https://www.inaturalist.org/observations/297101428","114273","Trachurus murphyi",2025-04-05,"2025-04-05 16:34:49","","","Chile",-45.7479845622,-74.5694399625,1680,"https://inaturalist-open-data.s3.amazonaws.com/photos/535035227/medium.jpg","HumanObservation","iNaturalist research-grade observations","WGS84","gbifID:5932673723"
"CC-BY-NC",272282363,"https://www.inaturalist.org/observations/272282363","47518","Salmo trutta",2022-01-25,"2022/01/25 12:58 PM","","","Coihaique, Aysén, Chile",-45.5061685247,-72.0140332629,7813,"https://inaturalist-open-data.s3.amazonaws.com/photos/489844125/medium.jpeg","HumanObservation","iNaturalist research-grade observations","WGS84","gbifID:5134489716"
"CC-BY-NC",272282362,"https://www.inaturalist.org/observations/272282362","47518","Salmo trutta",2022-01-25,"2022/01/25 12:58 PM","","","Coihaique, Aysén, Chile",-45.516216654,-72.0229480293,1953,"https://inaturalist-open-data.s3.amazonaws.com/photos/489844018/medium.jpeg","HumanObservation","iNaturalist research-grade observations","WGS84","gbifID:5134795461"
"CC-BY-NC",269186954,"https://www.inaturalist.org/observations/269186954","47516","Oncorhynchus mykiss",2024-11-23,"2024-11-23 09:31:00-03:00","","","Río Claro, Coyhaique, Región de Aysén del General Carlos Ibáñez del Campo, CL",-45.6433572081,-72.1478386722,397,"https://inaturalist-open-data.s3.amazonaws.com/photos/483964836/medium.jpg","HumanObservation","iNaturalist research-grade observations","WGS84","gbifID:5134399550"
"CC-BY-NC",267992197,"https://www.inaturalist.org/observations/267992197","47518","Salmo trutta",2024-08-15,"2024-08-15 21:40:00-04:00","","","Río reserva nacional Río Simpson, Aysén, Región de Aysén del General Carlos Ibáñez del Campo, CL",-45.4780728014,-72.1541099729,120062,"https://inaturalist-open-data.s3.amazonaws.com/photos/481666280/medium.jpg","HumanObservation","iNaturalist research-grade observations","WGS84","gbifID:5108532203"
"CC-BY-NC",264693390,"https://www.inaturalist.org/observations/264693390","82350","Merluccius australis",2025-03-09,"2025-03-09 15:12:38-03:00","","","Puerto Chacabuco, Aysén, Aysén Region, CL",-45.462375,-72.8241416667,4,"https://inaturalist-open-data.s3.amazonaws.com/photos/475322372/medium.jpg","HumanObservation","iNaturalist research-grade observations","WGS84","gbifID:5087784084"
"",263667538,"https://www.inaturalist.org/observations/263667538","617503","Salilota australis",2025-02-24,"2025-02-24 17:13:02-03:00","","","Parque Nacional Laguna San Rafael, Aysén, Región de Aysén del General Carlos Ibáñez del Campo, CL",-46.6723209401,-73.8557587298,11923,"https://static.inaturalist.org/photos/473712591/medium.jpg","HumanObservation","iNaturalist research-grade observations","WGS84",NA
"",263667457,"https://www.inaturalist.org/observations/263667457","82350","Merluccius australis",2025-02-25,"2025-02-25 13:37:25-03:00","","","Glaciar San Rafael, Aysén, Región de Aysén del General Carlos Ibáñez del Campo, CL",-46.6849172612,-73.8388060663,1025,"https://static.inaturalist.org/photos/473712460/medium.jpg","HumanObservation","iNaturalist research-grade observations","WGS84",NA
"CC-BY-NC",261902731,"https://www.inaturalist.org/observations/261902731","47518","Salmo trutta",2020-01-13,"2020-01-13 21:15:18","","","km 2 camino a puerto aysen km 2, Coyhaique, Aysén, Chile",-45.5478447407,-72.0661148429,360,"https://inaturalist-open-data.s3.amazonaws.com/photos/470619607/medium.jpeg","HumanObservation","iNaturalist research-grade observations","WGS84","gbifID:5070036481"
"CC-BY-NC",258665355,"https://www.inaturalist.org/observations/258665355","617503","Salilota australis",2025-01-16,"2025-01-16 14:16:40","","","Aysén, Chile",-46.6854802652,-73.8452032954,521,"https://inaturalist-open-data.s3.amazonaws.com/photos/464146703/medium.jpeg","HumanObservation","iNaturalist research-grade observations","WGS84","gbifID:5830762049"
"",255593810,"https://www.inaturalist.org/observations/255593810","614165","Galaxias platei",2023-12-23,"2023/12/23 6:23 PM","","","Lago Pueyrredon - Refugio Lago Pueyrredon",-47.4307456094,-71.9189054115,4,"https://static.inaturalist.org/photos/458071393/medium.jpeg","HumanObservation","iNaturalist research-grade observations","WGS84",NA
"CC-BY-NC",253349453,"https://www.inaturalist.org/observations/253349453","321994","Galaxias maculatus",2024-10-06,"2024-10-06","Observaciones: Se puede observar que, en comparación con la moneda, que mide 2.4 cm, el organismo mide 6.3 cm de altura aproximadamente. Presenta un cuerpo alargado con un color amarillo/café, con textura lisa y blanda. En la parte inferior tiene colores plateados, grisáceos y negros. También se observa un opérculo con color rojizo alrededor, aleta pectoral, ojo, una aleta caudal alargada y poco desarrollada. Presenta líneas negras en la parte lateral del organismo y puntos negros, simulando una línea en la parte superior. Este organismo es encontrado en la costa de Bahía acantilado.","Observaciones: Se puede observar que, en comparación con la moneda, que mide 2.4 cm, el organismo mide 6.3 cm de altura aproximadamente. Presenta un cuerpo alargado con un color amarillo/café, con textura lisa y blanda. En la parte inferior tiene colores plateados, grisáceos y negros. También se observa un opérculo con color rojizo alrededor, aleta pectoral, ojo, una aleta caudal alargada y poco desarrollada. Presenta líneas negras en la parte lateral del organismo y puntos negros, simulando una línea en la parte superior. Este organismo es encontrado en la costa de Bahía acantilado.","Aysén, Chile",-45.3938249294,-72.7975478768,111,"https://inaturalist-open-data.s3.amazonaws.com/photos/453614324/medium.jpeg","HumanObservation","iNaturalist research-grade observations","WGS84","gbifID:5167910651"
"",246092519,"https://www.inaturalist.org/observations/246092519","53692","Oncorhynchus kisutch",2019-04-18,"2019/04/18 12:01 PM","","","Coihaique, Aysén, Chile",-44.9990587935,-72.203632704,8,"https://static.inaturalist.org/photos/439262902/medium.jpg","HumanObservation","iNaturalist research-grade observations","WGS84",NA
"CC-BY-NC",245874050,"https://www.inaturalist.org/observations/245874050","321994","Galaxias maculatus",2024-10-05,"2024/10/05 4:23 PM","","","Aysen, Aysén, Chile",-45.3855065186,-72.7962336359,15,"https://inaturalist-open-data.s3.amazonaws.com/photos/438829726/medium.jpg","HumanObservation","iNaturalist research-grade observations","WGS84","gbifID:4952517812"
"",240686690,"https://www.inaturalist.org/observations/240686690","423999","Percichthys trucha",2024-09-08,"2024-09-08 17:25:56","","","Cochrane, Aysén, Chile",-47.2786059858,-72.6946781203,503,"https://static.inaturalist.org/photos/428844549/medium.jpeg","HumanObservation","iNaturalist research-grade observations","WGS84",NA
"CC-BY-NC",238463068,"https://www.inaturalist.org/observations/238463068","614165","Galaxias platei",2024-08-24,"2024-08-24 14:39:00-04:00","Fotos de Matías Hune ","Fotos de Matías Hune ","Lago Cochrane, Cochrane, Región de Aysén del General Carlos Ibáñez del Campo, CL",-47.47322705,-72.44377305,28198,"https://inaturalist-open-data.s3.amazonaws.com/photos/424544997/medium.jpeg","HumanObservation","iNaturalist research-grade observations","WGS84","gbifID:4936915679"
"CC-BY-NC",224304897,"https://www.inaturalist.org/observations/224304897","47518","Salmo trutta",2024-06-20,"2024-06-20 15:24:00-04:00","","","Sendero 2: Los Carpinteros, Cochrane, Région del Aisén, CL",-47.2229450994,-72.4964164523,22,"https://inaturalist-open-data.s3.amazonaws.com/photos/397533340/medium.jpg","HumanObservation","iNaturalist research-grade observations","WGS84","gbifID:4901810464"
"CC-BY-NC",213697796,"https://www.inaturalist.org/observations/213697796","47518","Salmo trutta",2024-02-29,"2024/02/29 5:13 PM","","","Aysen, Aysén, Chile",-45.4561208234,-72.4526246732,15,"https://inaturalist-open-data.s3.amazonaws.com/photos/377676565/medium.jpg","HumanObservation","iNaturalist research-grade observations","WGS84","gbifID:4855101628"
"",208997710,"https://www.inaturalist.org/observations/208997710","47516","Oncorhynchus mykiss",2022-12-06,"2022-12-06 13:06:00-03:00","","","Lago Ardillas, Río Ibáñez, Región de Aysén del General Carlos Ibáñez del Campo, CL",-46.1620334079,-72.2053747533,203,"https://static.inaturalist.org/photos/369827427/medium.jpg","HumanObservation","iNaturalist research-grade observations","WGS84",NA
"CC-BY-NC",197887769,"https://www.inaturalist.org/observations/197887769","620534","Sebastes oculatus",2024-01-29,"2024-01-29 10:45:05","","","G5QF+JG, Puerto Chacabuco, Aysén, Chile",-45.46088834,-72.82560613,10,"https://inaturalist-open-data.s3.amazonaws.com/photos/348651818/medium.jpeg","HumanObservation","iNaturalist research-grade observations","WGS84","gbifID:4519054359"
"",193823563,"https://www.inaturalist.org/observations/193823563","47516","Oncorhynchus mykiss",2023-11-27,"2023/11/27 6:47 PM","caught in lago brown. there was an insane amount of very large rainbow trout in the lake. invasive species. ","caught in lago brown. there was an insane amount of very large rainbow trout in the lake. invasive species. ","Capitán Prat Province, Aysén, Chile",-47.4072162685,-72.3278713304,7813,"https://static.inaturalist.org/photos/340540541/medium.jpg","HumanObservation","iNaturalist research-grade observations","WGS84",NA
"CC-BY-NC",192776616,"https://www.inaturalist.org/observations/192776616","47518","Salmo trutta",2023-11-25,"2023/11/25 11:05 AM","","","Coihaique, Aysén, Chile",-45.5370524976,-72.0160969345,122,"https://inaturalist-open-data.s3.amazonaws.com/photos/338495678/medium.jpg","HumanObservation","iNaturalist research-grade observations","WGS84","gbifID:4599796207"
"CC-BY-NC",192482691,"https://www.inaturalist.org/observations/192482691","47516","Oncorhynchus mykiss",2023-11-13,"2023-11-13 16:20:20-03:00","Fish caught in Cochrane river about 1 mile upstream of town. Caught in fly rod with large nymph imitating minnow in the later afternoon. This trout differed from my past rainbow trout because it is larger (45cm) but also shows much different coloring. Is pale green with red stripe and black dots throughout. ","Fish caught in Cochrane river about 1 mile upstream of town. Caught in fly rod with large nymph imitating minnow in the later afternoon. This trout differed from my past rainbow trout because it is larger (45cm) but also shows much different coloring. Is pale green with red stripe and black dots throughout. ","Río Chacabuco, Cochrane, Aysén Region, CL",-47.2510755001,-72.5427449623,151,"https://inaturalist-open-data.s3.amazonaws.com/photos/337909353/medium.jpg","HumanObservation","iNaturalist research-grade observations","WGS84","gbifID:4454034519"
"CC-BY-NC",192482681,"https://www.inaturalist.org/observations/192482681","47518","Salmo trutta",2023-11-10,"2023-11-10 20:50:00-03:00","Trout caught in the Cochrane river one mile upstream of town. Caught on a fly rod with a nymph being held in the current to imitate a small minnow. Was caught at dusk. About 42cm in length. Silver, black, and gold coloring with dark spikes surrounded by white. ","Trout caught in the Cochrane river one mile upstream of town. Caught on a fly rod with a nymph being held in the current to imitate a small minnow. Was caught at dusk. About 42cm in length. Silver, black, and gold coloring with dark spikes surrounded by white. ","Río Chacabuco, Cochrane, Aysén Region, CL",-47.2510808883,-72.5427793737,279,"https://inaturalist-open-data.s3.amazonaws.com/photos/337909328/medium.jpg","HumanObservation","iNaturalist research-grade observations","WGS84","gbifID:4454003647"
"CC-BY-NC",192482664,"https://www.inaturalist.org/observations/192482664","47516","Oncorhynchus mykiss",2023-11-01,"2023-11-01 16:08:12-03:00","Fish caught in Cochrane river a mile upstream from town. Caught on a nymph being held in the current to imitate a minnow in the afternoon. Trout does not have much of the coloring that most rainbows show. About 35cm in length. Silver but also shinny with hints if blue and green and light black dots. ","Fish caught in Cochrane river a mile upstream from town. Caught on a nymph being held in the current to imitate a minnow in the afternoon. Trout does not have much of the coloring that most rainbows show. About 35cm in length. Silver but also shinny with hints if blue and green and light black dots. ","Río Chacabuco, Cochrane, Aysén Region, CL",-47.2510207884,-72.5425988669,213,"https://inaturalist-open-data.s3.amazonaws.com/photos/337909300/medium.jpg","HumanObservation","iNaturalist research-grade observations","WGS84","gbifID:4454095423"
"CC-BY-NC",191941982,"https://www.inaturalist.org/observations/191941982","47516","Oncorhynchus mykiss",2023-09-28,"2023-09-28 15:31:50-03:00","A rainbow trout caught with a snare in a small tributary to lake Cochrane. About half a meter in length with dark spots and a shiny dark blue color with a red stripe down the side. ","A rainbow trout caught with a snare in a small tributary to lake Cochrane. About half a meter in length with dark spots and a shiny dark blue color with a red stripe down the side. ","Parque Nacional Patagonia, Cochrane, Aysén Region, CL",-47.200536915,-72.4454723405,757,"https://inaturalist-open-data.s3.amazonaws.com/photos/336845977/medium.jpg","HumanObservation","iNaturalist research-grade observations","WGS84","gbifID:4453835432"
"CC-BY",191645505,"https://www.inaturalist.org/observations/191645505","54191","Oncorhynchus tshawytscha",2016-04-23,"2016/04/23 1:28 PM","Chile","Chile","Capitán Prat Province, Aysén, Chile",-47.7030494485,-73.0763388902,1460,"https://inaturalist-open-data.s3.amazonaws.com/photos/336142299/medium.jpg","HumanObservation","iNaturalist research-grade observations","WGS84","gbifID:4442746634"
"CC-BY",191645490,"https://www.inaturalist.org/observations/191645490","54191","Oncorhynchus tshawytscha",2016-04-23,"2016/04/23 1:28 PM","Chile","Chile","Capitán Prat Province, Aysén, Chile",-47.7002396186,-73.0529936075,192,"https://inaturalist-open-data.s3.amazonaws.com/photos/336142213/medium.jpg","HumanObservation","iNaturalist research-grade observations","WGS84","gbifID:4442748351"
"CC-BY",191645489,"https://www.inaturalist.org/observations/191645489","54191","Oncorhynchus tshawytscha",2016-04-24,"2016/04/24 5:34 PM","Chile","Chile","Capitán Prat Province, Aysén, Chile",-47.7002396186,-73.0529936075,192,"https://inaturalist-open-data.s3.amazonaws.com/photos/336142183/medium.jpg","HumanObservation","iNaturalist research-grade observations","WGS84","gbifID:4442434089"
"CC-BY-NC",188767847,"https://www.inaturalist.org/observations/188767847","47516","Oncorhynchus mykiss",2023-09-28,"2023-09-28 16:02:06-03:00","Common name: Rainbow trout 
Scientific name: Oncorhynchus mykiss

This fish was caught by a ranger in the Tamango sector of Patagonia National Park off the shore of Lago Cochrane. Lago Cochrane is an extremely clear lake fed by glacial runoff.","Common name: Rainbow trout 
Scientific name: Oncorhynchus mykiss

This fish was caught by a ranger in the Tamango sector of Patagonia National Park off the shore of Lago Cochrane. Lago Cochrane is an extremely clear lake fed by glacial runoff.","Parque Nacional Patagonia, Cochrane, Aysén Region, CL",-47.197395,-72.451905,19,"https://inaturalist-open-data.s3.amazonaws.com/photos/330488977/medium.jpg","HumanObservation","iNaturalist research-grade observations","WGS84","gbifID:4430812559"
"CC-BY-NC",185607307,"https://www.inaturalist.org/observations/185607307","47516","Oncorhynchus mykiss",2023-09-28,"2023-09-28 15:28:03-03:00","Fish caught by a local ranger and bought by Jose for dinner. Caught in a stream off of Lake Cochrane. Rainbow trout are introduced to this area and are a tourism draw, despite being harmful to the native ecology. The fish looks large and healthy by my standards, but the person who caught it remarked that it was relatively small. What is the fish community composition of this lake? The surrounding terrestrial plant life has a dense understory with many shrubs and grasses with interspersed tall standing trees that I observe to be mostly coihue common. The beach is made up of small rocks that continue into the water, which is very clear and clean (we have been drinking this lake water in our tea!).","Fish caught by a local ranger and bought by Jose for dinner. Caught in a stream off of Lake Cochrane. Rainbow trout are introduced to this area and are a tourism draw, despite being harmful to the native ecology. The fish looks large and healthy by my standards, but the person who caught it remarked that it was relatively small. What is the fish community composition of this lake? The surrounding terrestrial plant life has a dense understory with many shrubs and grasses with interspersed tall standing trees that I observe to be mostly coihue common. The beach is made up of small rocks that continue into the water, which is very clear and clean (we have been drinking this lake water in our tea!).","Capitán Prat, CL-AI, CL",-47.1977080169,-72.4526492042,18,"https://inaturalist-open-data.s3.amazonaws.com/photos/324183647/medium.jpg","HumanObservation","iNaturalist research-grade observations","WGS84","gbifID:4420912818"
"",155072575,"https://www.inaturalist.org/observations/155072575","423999","Percichthys trucha",2023-02-16,"2023/02/16 10:56 AM","","","Gral Carrera, Aysén, Chile",-46.5367830978,-71.7241895198,15,"https://static.inaturalist.org/photos/268004505/medium.jpeg","HumanObservation","iNaturalist research-grade observations","WGS84",NA
"",155072569,"https://www.inaturalist.org/observations/155072569","423999","Percichthys trucha",2023-02-16,"2023/02/16 10:56 AM","","","Gral Carrera, Aysén, Chile",-46.5368052386,-71.72418952,27,"https://static.inaturalist.org/photos/268004136/medium.jpg","HumanObservation","iNaturalist research-grade observations","WGS84",NA
"",155072568,"https://www.inaturalist.org/observations/155072568","423999","Percichthys trucha",2023-02-16,"2023/02/16 11:24 AM","","","Gral Carrera, Aysén, Chile",-46.5366053784,-71.7226228326,106,"https://static.inaturalist.org/photos/268000584/medium.jpeg","HumanObservation","iNaturalist research-grade observations","WGS84",NA
"CC-BY-NC",154265831,"https://www.inaturalist.org/observations/154265831","47518","Salmo trutta",2023-02-21,"2023-02-21","","","Coihaique, Aysén, Chile",-45.5643085039,-72.0777140558,856,"https://inaturalist-open-data.s3.amazonaws.com/photos/266536557/medium.jpeg","HumanObservation","iNaturalist research-grade observations","WGS84","gbifID:4080815456"
"CC-BY",146482217,"https://www.inaturalist.org/observations/146482217","47518","Salmo trutta",2022-12-26,"2022/12/26 1:16 PM","","","Lago Buenos Aires, Santa Cruz, Argentina",-46.6945038343,-71.4489585714,2863,"https://inaturalist-open-data.s3.amazonaws.com/photos/251848470/medium.jpeg","HumanObservation","iNaturalist research-grade observations","WGS84","gbifID:4018549115"
"CC-BY-NC",142510419,"https://www.inaturalist.org/observations/142510419","541858","Eleginops maclovinus",2018-01-04,"2018/01/04 4:40 PM","","","Puerto Chacabuco, Aysén, Chile",-45.4607233333,-72.82683,NA,"https://inaturalist-open-data.s3.amazonaws.com/photos/244334759/medium.jpg","HumanObservation","iNaturalist research-grade observations","WGS84","gbifID:3986246606"
"CC-BY-ND",128846729,"https://www.inaturalist.org/observations/128846729","620534","Sebastes oculatus",2020-11-10,"2020/11/10 1:40 PM","","","Aisén, CL-AI, CL",-45.2950061793,-73.6896971943,977,"https://inaturalist-open-data.s3.amazonaws.com/photos/218866260/medium.jpg","HumanObservation","iNaturalist research-grade observations","WGS84",NA
"CC-BY-ND",128846728,"https://www.inaturalist.org/observations/128846728","559300","Pinguipes chilensis",2020-11-10,"2020/11/10 1:40 PM","","","Aisén, CL-AI, CL",-45.3007096843,-73.681444769,1953,"https://inaturalist-open-data.s3.amazonaws.com/photos/218866249/medium.jpg","HumanObservation","iNaturalist research-grade observations","WGS84",NA
"CC-BY-NC",117754496,"https://www.inaturalist.org/observations/117754496","47518","Salmo trutta",2021-12-13,"2021-12-13 13:34:27-03:00","","","Farellones, Aysén, Aysén del General Carlos Ibáñez del Campo, CL",-45.4628318463,-72.3261592227,24,"https://inaturalist-open-data.s3.amazonaws.com/photos/200993393/medium.jpg","HumanObservation","iNaturalist research-grade observations","WGS84","gbifID:3988585477"
"CC-BY-NC",109309871,"https://www.inaturalist.org/observations/109309871","614165","Galaxias platei",2022-02-05,"Sat Feb 05 2022 07:29:01 GMT-0300 (GMT-3)","","","Lago General Carrera / Lago Buenos Aires, Río Ibáñez, Aysén del General Carlos Ibáñez del Campo, CL",-46.2989459536,-71.9261120804,715,"https://inaturalist-open-data.s3.amazonaws.com/photos/184324212/medium.jpg","HumanObservation","iNaturalist research-grade observations","WGS84","gbifID:4153780387"
"CC-BY",106858140,"https://www.inaturalist.org/observations/106858140","614165","Galaxias platei",2022-01-22,"2022-01-22 17:46:36","Estaba flotando en el agua en la orilla, algo hinchado como si le hubiese entrado aire.","Estaba flotando en el agua en la orilla, algo hinchado como si le hubiese entrado aire.","Cochrane, Aysén, Chile",-47.2011975522,-72.4667527154,475,"https://inaturalist-open-data.s3.amazonaws.com/photos/179602903/medium.jpeg","HumanObservation","iNaturalist research-grade observations","WGS84","gbifID:5936054106"
"CC-BY",103445989,"https://www.inaturalist.org/observations/103445989","47516","Oncorhynchus mykiss",2019-11-24,"2019-11-24 13:35:43","","","Lago Buenos Aires, Santa Cruz, Argentina",-46.5311468346,-71.6278908402,546,"https://inaturalist-open-data.s3.amazonaws.com/photos/173133871/medium.jpeg","HumanObservation","iNaturalist research-grade observations","WGS84","gbifID:4980256015"
"",97024012,"https://www.inaturalist.org/observations/97024012","47516","Oncorhynchus mykiss",2021-09-26,"2021/09/26 9:46 AM -03","","","Capitan Prat, Aysén, Chile",-47.2328040802,-72.5292491429,3855,"https://static.inaturalist.org/photos/161246632/medium.jpeg","HumanObservation","iNaturalist research-grade observations","WGS84",NA
"",71685720,"https://www.inaturalist.org/observations/71685720","47516","Oncorhynchus mykiss",2021-03-09,"2021-03-09 10:52:33 AM GMT-03:00","","","Cisnes, Aysén, Chile",-44.765768646,-72.6573457941,698,"https://static.inaturalist.org/photos/116749678/medium.jpeg","HumanObservation","iNaturalist research-grade observations","WGS84",NA
"CC-BY-SA",65270147,"https://www.inaturalist.org/observations/65270147","515224","Normanichthys crockeri",2020-11-01,"2020-11-01","Pienso que es un jurel pero no estoy seguro","Pienso que es un jurel pero no estoy seguro","Chile",-44.7461376949,-72.7205949649,1068,"https://inaturalist-open-data.s3.amazonaws.com/photos/105022080/medium.jpeg","HumanObservation","iNaturalist research-grade observations","WGS84",NA
"CC-BY-NC",63140548,"https://www.inaturalist.org/observations/63140548","47518","Salmo trutta",2020-09-06,"2020/09/06 5:27 PM UTC","EXOTICA","EXOTICA","Capitán Prat, CL-AI, CL",-48.2499066047,-73.4698539975,61,"https://inaturalist-open-data.s3.amazonaws.com/photos/101285687/medium.jpg","HumanObservation","iNaturalist research-grade observations","WGS84","gbifID:2901702185"
"",41360027,"https://www.inaturalist.org/observations/41360027","614165","Galaxias platei",2020-01-28,"2020-01-28 4:24:52 PM EST","Lo encontré muerto en el agua 
Found it dead in the water","Lo encontré muerto en el agua 
Found it dead in the water","Cochrane, Aysén, Chile",-47.1971944444,-72.4545388889,NA,"https://static.inaturalist.org/photos/65607535/medium.jpeg","HumanObservation","iNaturalist research-grade observations","WGS84",NA
"CC-BY-NC-ND",38273676,"https://www.inaturalist.org/observations/38273676","321994","Galaxias maculatus",2020-01-10,"2020/01/10 11:23 PM -0300","","","Aysén Province, Aysén, Chile",-46.2964828366,-73.4083732576,4,"https://static.inaturalist.org/photos/60788983/medium.jpg","HumanObservation","iNaturalist research-grade observations","WGS84",NA
"CC-BY-NC",36054850,"https://www.inaturalist.org/observations/36054850","47516","Oncorhynchus mykiss",2019-03-17,"2019-03-17","","","Coyhaique, Aysén, Chile",-45.6657145966,-71.943631433,983,"https://inaturalist-open-data.s3.amazonaws.com/photos/56943743/medium.jpeg","HumanObservation","iNaturalist research-grade observations","WGS84","gbifID:2465163824"
"CC-BY",32238550,"https://www.inaturalist.org/observations/32238550","609395","Cottoperca trigloides",2018-06-22,"2018-06-22 3:08:50 p. m. GMT-04:00","","","Isla Dring, Región de Aysén, Chile",-45.1955547181,-74.2856106162,132,"https://inaturalist-open-data.s3.amazonaws.com/photos/59644143/medium.jpg","HumanObservation","iNaturalist research-grade observations","WGS84","gbifID:4075682338"
"CC-BY-NC",27877144,"https://www.inaturalist.org/observations/27877144","614165","Galaxias platei",2018-12-18,"2018/12/18 10:33 AM UTC","","","Coyhaique, Región de Aysén del General Carlos Ibáñez del Campo, Chile",-45.5239248511,-71.8173924384,977,"https://inaturalist-open-data.s3.amazonaws.com/photos/43416766/medium.jpeg","HumanObservation","iNaturalist research-grade observations","WGS84","gbifID:2283070926"
"",16777226,"https://www.inaturalist.org/observations/16777226","54191","Oncorhynchus tshawytscha",2018-04-14,"2018/04/14 2:22 PM UTC","Spawned-out Chinook 

Un Chinook muerto, después de su reproducción ","Spawned-out Chinook 

Un Chinook muerto, después de su reproducción ","Aysén Province, Aysén Region, Chile",-45.1656484945,-72.1186896322,31,"https://static.inaturalist.org/photos/25321832/medium.jpeg","HumanObservation","iNaturalist research-grade observations","WGS84",NA
"CC-BY",9912433,"https://www.inaturalist.org/observations/9912433","47518","Salmo trutta",2018-02-16,"2018/02/16 12:48 PM PST","","","Coyhaique Province, Aysén Region, Chile",-45.53636,-72.01728,NA,"https://inaturalist-open-data.s3.amazonaws.com/photos/13596004/medium.jpg","HumanObservation","iNaturalist research-grade observations","WGS84","gbifID:1839279359"
"CC-BY-NC",347970025,"https://www.inaturalist.org/observations/347970025","49596","Salvelinus fontinalis",2023-11-06,"2023-11-06 13:02:38","","","Chubut, AR",-42.7256,-71.7476583333,4,"https://inaturalist-open-data.s3.amazonaws.com/photos/634546569/medium.jpg","HumanObservation","iNaturalist research-grade observations","WGS84",NA
"CC-BY-NC",347969082,"https://www.inaturalist.org/observations/347969082","47516","Oncorhynchus mykiss",2023-11-07,"2023-11-07 11:23:06","","","Huella Andina, Chubut, AR",-42.6738783333,-71.69908,4,"https://inaturalist-open-data.s3.amazonaws.com/photos/634544124/medium.jpg","HumanObservation","iNaturalist research-grade observations","WGS84",NA
"CC-BY-NC",347968838,"https://www.inaturalist.org/observations/347968838","47518","Salmo trutta",2023-11-09,"2023-11-09 16:21:11","","","Chubut, AR",-42.68997,-71.846595,4,"https://inaturalist-open-data.s3.amazonaws.com/photos/634543541/medium.jpg","HumanObservation","iNaturalist research-grade observations","WGS84",NA
"CC-BY-NC",342725172,"https://www.inaturalist.org/observations/342725172","47516","Oncorhynchus mykiss",2026-03-12,"2026-03-12 12:06:11","","","El Bolsón, Río Negro, AR",-41.7717033333,-71.730505,10,"https://inaturalist-open-data.s3.amazonaws.com/photos/624162639/medium.jpg","HumanObservation","iNaturalist research-grade observations","WGS84","gbifID:6179540700"
"CC-BY-NC",342584231,"https://www.inaturalist.org/observations/342584231","47516","Oncorhynchus mykiss",2026-03-12,"2026-03-12 11:24:16","","","Camino a Los Laguitos, El Bolsón, Río Negro, AR",-41.7715866667,-71.7277,6,"https://inaturalist-open-data.s3.amazonaws.com/photos/623895953/medium.jpg","HumanObservation","iNaturalist research-grade observations","WGS84","gbifID:6178905094"
"CC-BY-NC",340689879,"https://www.inaturalist.org/observations/340689879","617503","Salilota australis",2026-02-25,"2026/02/25 1:21 PM","","","Palena, Los Lagos, Chile",-42.4855110108,-72.3949752504,77,"https://inaturalist-open-data.s3.amazonaws.com/photos/620030873/medium.jpg","HumanObservation","iNaturalist research-grade observations","WGS84","gbifID:6171243090"
"CC-BY-NC",340549293,"https://www.inaturalist.org/observations/340549293","620534","Sebastes oculatus",2026-02-13,"2026/02/13 9:09 PM","","","Palena, Los Lagos, Chile",-42.3868699413,-72.4132140739,1953,"https://inaturalist-open-data.s3.amazonaws.com/photos/619749234/medium.jpg","HumanObservation","iNaturalist research-grade observations","WGS84","gbifID:6179007505"
"CC-BY-NC",340549289,"https://www.inaturalist.org/observations/340549289","541858","Eleginops maclovinus",2026-02-13,"2026/02/13 8:53 PM","","","Palena, CL-LL, CL",-42.3964406995,-72.4255384244,488,"https://inaturalist-open-data.s3.amazonaws.com/photos/619749213/medium.jpg","HumanObservation","iNaturalist research-grade observations","WGS84","gbifID:6178610068"
"CC-BY-NC",340336114,"https://www.inaturalist.org/observations/340336114","47518","Salmo trutta",2026-02-08,"2026/02/08 20:47","","","Llanquihue Province, Los Lagos, Chile",-41.462494,-72.646154,24,"https://inaturalist-open-data.s3.amazonaws.com/photos/619319248/medium.jpg","HumanObservation","iNaturalist research-grade observations","WGS84","gbifID:6170942430"
"",340198952,"https://www.inaturalist.org/observations/340198952","617503","Salilota australis",2026-02-25,"2026-02-25 13:20:17","","","Parque Nacional Pumalín Douglas Tompkins - Sector Río Amarillo S Chaiten, Chaitén, Los Lagos, Chile",-42.4701591997,-72.3970448,NA,"https://static.inaturalist.org/photos/619042963/medium.jpg","HumanObservation","iNaturalist research-grade observations","WGS84",NA
"",339041956,"https://www.inaturalist.org/observations/339041956","47516","Oncorhynchus mykiss",2026-01-01,"2026-01-01 13:53:28","","","Palena, CL-LL, CL",-42.713638176,-72.5829681382,171,"https://static.inaturalist.org/photos/616673686/medium.jpg","HumanObservation","iNaturalist research-grade observations","WGS84",NA
"CC-BY-ND",338962349,"https://www.inaturalist.org/observations/338962349","446098","Helcogrammoides cunninghami",2026-02-15,"2026/02/15 11:02 AM","","","Chiloé, CL-LL, CL",-42.576883321,-73.7530033123,15,"https://inaturalist-open-data.s3.amazonaws.com/photos/616510199/medium.jpg","HumanObservation","iNaturalist research-grade observations","WGS84",NA
"CC-BY-ND",337973386,"https://www.inaturalist.org/observations/337973386","505078","Sicyases sanguineus",2026-02-07,"2026/02/07 11:14 AM","","","Chiloé, CL-LL, CL",-42.6284003104,-73.5781114888,8,"https://inaturalist-open-data.s3.amazonaws.com/photos/614515071/medium.jpg","HumanObservation","iNaturalist research-grade observations","WGS84",NA
"CC-BY-NC",337332701,"https://www.inaturalist.org/observations/337332701","614739","Ophiogobius jenynsi",2026-02-01,"2026/02/01 6:34 AM","","","Chiloé, Los Lagos, Chile",-42.41272,-73.32536,NA,"https://inaturalist-open-data.s3.amazonaws.com/photos/613196920/medium.jpg","HumanObservation","iNaturalist research-grade observations","WGS84","gbifID:6147464204"
"",336625965,"https://www.inaturalist.org/observations/336625965","49596","Salvelinus fontinalis",2026-01-29,"2026-01-29 18:15:48","","","El Hoyo, Chubut, Argentina",-42.0636274571,-71.5187775716,1194,"https://static.inaturalist.org/photos/611762210/medium.jpg","HumanObservation","iNaturalist research-grade observations","WGS84",NA
"CC-BY",336314803,"https://www.inaturalist.org/observations/336314803","47516","Oncorhynchus mykiss",2026-01-12,"2026/01/12 10:28 AM","","","Llanquihue Province, Los Lagos, Chile",-41.1751200873,-72.4491421522,4,"https://inaturalist-open-data.s3.amazonaws.com/photos/611129492/medium.jpg","HumanObservation","iNaturalist research-grade observations","WGS84","gbifID:6133434203"
"",336046640,"https://www.inaturalist.org/observations/336046640","423999","Percichthys trucha",2026-01-24,"2026-01-24 17:10:07","","","RFWH+37, El Hoyo, Chubut, Argentina",-42.1548829116,-71.5222208574,69,"https://static.inaturalist.org/photos/611762014/medium.jpg","HumanObservation","iNaturalist research-grade observations","WGS84",NA
"CC-BY-NC",335644147,"https://www.inaturalist.org/observations/335644147","621457","Leptonotus blainvilleanus",2024-12-02,"2024/12/02 4:54 PM","","","Chaiten, Chaitén, Los Lagos, Chile",-42.9178700049,-72.7126791111,61,"https://inaturalist-open-data.s3.amazonaws.com/photos/609783440/medium.jpg","HumanObservation","iNaturalist research-grade observations","WGS84","gbifID:6131366991"
"CC-BY-NC",335023366,"https://www.inaturalist.org/observations/335023366","47516","Oncorhynchus mykiss",2026-01-05,"2026/01/05 6:15 PM","","","Chiloé, Los Lagos, Chile",-42.353307839,-73.8436499656,8,"https://inaturalist-open-data.s3.amazonaws.com/photos/608536304/medium.jpg","HumanObservation","iNaturalist research-grade observations","WGS84","gbifID:6131649474"
"CC-BY",334868322,"https://www.inaturalist.org/observations/334868322","47516","Oncorhynchus mykiss",2026-01-15,"2026-01-15 09:41:00","","","3CHR+5F, El Bolsón, Río Negro, Argentina",-41.9200329,-71.5597501997,NA,"https://inaturalist-open-data.s3.amazonaws.com/photos/608215303/medium.jpg","HumanObservation","iNaturalist research-grade observations","WGS84","gbifID:6131219692"
"CC-BY",334868275,"https://www.inaturalist.org/observations/334868275","47516","Oncorhynchus mykiss",2026-01-15,"2026-01-15 10:16:27","","","3CHR+5F, El Bolsón, Río Negro, Argentina",-41.9201514,-71.5595667,NA,"https://inaturalist-open-data.s3.amazonaws.com/photos/608215109/medium.jpg","HumanObservation","iNaturalist research-grade observations","WGS84","gbifID:6130186748"
"CC-BY-NC",334842438,"https://www.inaturalist.org/observations/334842438","54191","Oncorhynchus tshawytscha",2026-01-05,"2026-01-05 09:18:50","","","Llanquihue, CL-LL, CL",-41.6485866667,-73.0444111667,4,"https://inaturalist-open-data.s3.amazonaws.com/photos/608162037/medium.jpg","HumanObservation","iNaturalist research-grade observations","WGS84","gbifID:6130497301"
"",333367353,"https://www.inaturalist.org/observations/333367353","47516","Oncorhynchus mykiss",2026-01-01,"2026-01-01 14:00:37","","","Llanquihue, CL-LL, CL",-41.9037945997,-71.9028844997,NA,"https://static.inaturalist.org/photos/605211370/medium.jpg","HumanObservation","iNaturalist research-grade observations","WGS84",NA
"CC-BY-NC",331471652,"https://www.inaturalist.org/observations/331471652","99979","Engraulis ringens",2025-12-20,"2025-12-20 17:09:00","","","Chile",-43.3636699722,-74.12829,NA,"https://inaturalist-open-data.s3.amazonaws.com/photos/601332047/medium.jpg","HumanObservation","iNaturalist research-grade observations","WGS84","gbifID:5936152024"
"",331454829,"https://www.inaturalist.org/observations/331454829","47518","Salmo trutta",2025-12-17,"2025/12/17 5:12 PM","","","Chiloé, Los Lagos, Chile",-42.2826835184,-73.6963681001,15,"https://static.inaturalist.org/photos/601297001/medium.jpg","HumanObservation","iNaturalist research-grade observations","WGS84",NA
"",331454636,"https://www.inaturalist.org/observations/331454636","94391","Aplochiton taeniatus",2025-12-15,"2025/12/15 5:10 PM","","","Chiloé, Los Lagos, Chile",-42.1658201658,-73.7252192926,2,"https://static.inaturalist.org/photos/601296644/medium.jpg","HumanObservation","iNaturalist research-grade observations","WGS84",NA
"CC-BY-NC",330019847,"https://www.inaturalist.org/observations/330019847","47516","Oncorhynchus mykiss",2025-11-28,"2025/11/28 10:35 AM","","","Bariloche, Río Negro, Argentina",-41.8529861924,-71.614608676,443,"https://inaturalist-open-data.s3.amazonaws.com/photos/598334229/medium.jpg","HumanObservation","iNaturalist research-grade observations","WGS84","gbifID:5920051382"
"CC-BY-NC",330019819,"https://www.inaturalist.org/observations/330019819","47516","Oncorhynchus mykiss",2025-11-27,"2025/11/27 4:33 PM","","","Bariloche, Río Negro, Argentina",-41.8529861924,-71.614608676,443,"https://inaturalist-open-data.s3.amazonaws.com/photos/598334069/medium.jpg","HumanObservation","iNaturalist research-grade observations","WGS84","gbifID:5932573252"
"CC-BY-NC",328435552,"https://www.inaturalist.org/observations/328435552","614739","Ophiogobius jenynsi",2025-10-31,"2025-10-31 16:21:16","Se observa un pez de simetría bilateral con aproximadamente 6-7 cm de largo, se observan sus dos aletas pectorales, con una aleta dorsal cercana a su aleta caudal, estas son de color amarillento, mientras que su cuerpo es de color marrón con su cabeza de color más rojizo, presenta manchas distribuidas aleatoriamente en su cabeza y cuerpo, aunque en su dorso se presentan además manchones de mayor tamaño ubicadas de forma lineal y uniforme. Este individuo se encontraba en un poza bajo una roca que se encontraba en el intermareal medio-bajo con sustrato arenoso mezclado con una gran variedad de conchas y rocas pequeñas (la roca fue devuelta a su posición original).","Se observa un pez de simetría bilateral con aproximadamente 6-7 cm de largo, se observan sus dos aletas pectorales, con una aleta dorsal cercana a su aleta caudal, estas son de color amarillento, mientras que su cuerpo es de color marrón con su cabeza de color más rojizo, presenta manchas distribuidas aleatoriamente en su cabeza y cuerpo, aunque en su dorso se presentan además manchones de mayor tamaño ubicadas de forma lineal y uniforme. Este individuo se encontraba en un poza bajo una roca que se encontraba en el intermareal medio-bajo con sustrato arenoso mezclado con una gran variedad de conchas y rocas pequeñas (la roca fue devuelta a su posición original).","Campo en venta - 532R+VF, Ancud, Los Lagos, Chile",-41.8468746412,-73.9066449925,117,"https://inaturalist-open-data.s3.amazonaws.com/photos/595145994/medium.jpg","HumanObservation","iNaturalist research-grade observations","WGS84","gbifID:5908754065"
"CC-BY-NC",327989537,"https://www.inaturalist.org/observations/327989537","47516","Oncorhynchus mykiss",2025-11-22,"2025-11-22 16:34:56-03:00","","","Puerto Cisnes, Cisnes, Región de Aysén del General Carlos Ibáñez del Campo, CL",-44.634836951,-72.6771416932,1325,"https://inaturalist-open-data.s3.amazonaws.com/photos/594257750/medium.jpg","HumanObservation","iNaturalist research-grade observations","WGS84","gbifID:5903775866"
"CC-BY-NC",327989336,"https://www.inaturalist.org/observations/327989336","47518","Salmo trutta",2025-11-22,"2025-11-22 17:05:58-03:00","","","Puerto Cisnes, Cisnes, Región de Aysén del General Carlos Ibáñez del Campo, CL",-44.6332061277,-72.6793825063,1325,"https://inaturalist-open-data.s3.amazonaws.com/photos/594257374/medium.jpg","HumanObservation","iNaturalist research-grade observations","WGS84","gbifID:5904043593"
"CC-BY-NC",326471787,"https://www.inaturalist.org/observations/326471787","541858","Eleginops maclovinus",2025-11-14,"2025-11-14 10:44:42","","","FM7W+47, 5560000 Cochamo, Los Lagos, Chile",-41.5373901279,-72.3043633997,5,"https://inaturalist-open-data.s3.amazonaws.com/photos/591283718/medium.jpg","HumanObservation","iNaturalist research-grade observations","WGS84","gbifID:5897422315"
"CC-BY-NC",323475650,"https://www.inaturalist.org/observations/323475650","47516","Oncorhynchus mykiss",2025-04-18,"2025/04/18 15:00 PM","","","Futaleufú, Chubut, Argentina",-42.8830845952,-71.6054141461,244,"https://inaturalist-open-data.s3.amazonaws.com/photos/585311707/medium.jpg","HumanObservation","iNaturalist research-grade observations","WGS84","gbifID:5890136350"
"CC-BY-NC",323035241,"https://www.inaturalist.org/observations/323035241","47516","Oncorhynchus mykiss",2025-04-20,"2025-04-20 16:27:00-03:00","","","Lago Futalaufquen, Chubut, AR",-42.8839411748,-71.6044733284,225,"https://inaturalist-open-data.s3.amazonaws.com/photos/584473044/medium.jpg","HumanObservation","iNaturalist research-grade observations","WGS84","gbifID:5889546994"
"CC-BY-NC",323034986,"https://www.inaturalist.org/observations/323034986","47518","Salmo trutta",2025-04-20,"2025-04-20 14:57:00-03:00","","","Lago Futalaufquen, Chubut, AR",-42.8838248431,-71.6025154375,69,"https://inaturalist-open-data.s3.amazonaws.com/photos/584472537/medium.jpg","HumanObservation","iNaturalist research-grade observations","WGS84","gbifID:5889287786"
"CC-BY",322845012,"https://www.inaturalist.org/observations/322845012","47518","Salmo trutta",2025-10-23,"2025/10/23 10:36 AM","","","Futaleufú Department, Chubut Province, Argentina",-42.7263058217,-71.7416448265,31,"https://inaturalist-open-data.s3.amazonaws.com/photos/584099402/medium.jpg","HumanObservation","iNaturalist research-grade observations","WGS84","gbifID:5889265118"
"CC-BY-ND",321940258,"https://www.inaturalist.org/observations/321940258","559300","Pinguipes chilensis",2025-10-19,"2025/10/19 11:46 AM","","","Chiloé, CL-LL, CL",-42.5776235622,-73.7528165761,2,"https://inaturalist-open-data.s3.amazonaws.com/photos/582291015/medium.jpg","HumanObservation","iNaturalist research-grade observations","WGS84",NA
"CC-BY-ND",321940255,"https://www.inaturalist.org/observations/321940255","559300","Pinguipes chilensis",2025-10-19,"2025/10/19 11:48 AM","","","Chiloé, CL-LL, CL",-42.577698615,-73.7528755847,2,"https://inaturalist-open-data.s3.amazonaws.com/photos/582291016/medium.jpg","HumanObservation","iNaturalist research-grade observations","WGS84",NA
"CC-BY-ND",321940253,"https://www.inaturalist.org/observations/321940253","446098","Helcogrammoides cunninghami",2025-10-19,"2025/10/19 11:51 AM","","","Chiloé, CL-LL, CL",-42.5775564096,-73.752854127,2,"https://inaturalist-open-data.s3.amazonaws.com/photos/582290985/medium.jpg","HumanObservation","iNaturalist research-grade observations","WGS84",NA
"CC-BY-ND",321940251,"https://www.inaturalist.org/observations/321940251","609395","Cottoperca trigloides",2025-10-19,"2025/10/19 12:00 PM","","","Chiloé, CL-LL, CL",-42.577600717,-73.7527996578,2,"https://inaturalist-open-data.s3.amazonaws.com/photos/582290955/medium.jpg","HumanObservation","iNaturalist research-grade observations","WGS84",NA
"CC-BY-ND",321940249,"https://www.inaturalist.org/observations/321940249","609395","Cottoperca trigloides",2025-10-19,"2025/10/19 12:05 PM","","","Chiloé, CL-LL, CL",-42.5776609568,-73.7528596984,2,"https://inaturalist-open-data.s3.amazonaws.com/photos/582290942/medium.jpg","HumanObservation","iNaturalist research-grade observations","WGS84",NA
"CC-BY-NC",321294095,"https://www.inaturalist.org/observations/321294095","49596","Salvelinus fontinalis",2025-10-11,"2025-10-11 13:25:00-03:00","","","Lago Futalaufquen, Chubut, AR",-42.8068694569,-71.6750953307,2759,"https://inaturalist-open-data.s3.amazonaws.com/photos/584471375/medium.jpg","HumanObservation","iNaturalist research-grade observations","WGS84","gbifID:5868184488"
"CC-BY-NC",321286467,"https://www.inaturalist.org/observations/321286467","47516","Oncorhynchus mykiss",2023-01-06,"2023/01/06 1:06 PM","","","Cajón Del Azul, Río Azul, El Bolsón, Río Negro, Argentina",-41.8531652,-71.620102,206,"https://inaturalist-open-data.s3.amazonaws.com/photos/581024112/medium.jpg","HumanObservation","iNaturalist research-grade observations","WGS84","gbifID:6131643493"
"CC-BY-NC",320561444,"https://www.inaturalist.org/observations/320561444","505380","Congiopodus peruvianus",2025-10-04,"2025/10/04 1:41 PM","","","Llanquihue, CL-LL, CL",-41.6446669092,-72.6748771489,122,"https://inaturalist-open-data.s3.amazonaws.com/photos/579594334/medium.jpg","HumanObservation","iNaturalist research-grade observations","WGS84","gbifID:5889731527"
"CC-BY-ND",298508759,"https://www.inaturalist.org/observations/298508759","621457","Leptonotus blainvilleanus",2025-07-16,"2025/07/16 12:23 PM","","","Chiloé, CL-LL, CL",-42.5772662864,-73.7527547457,4,"https://inaturalist-open-data.s3.amazonaws.com/photos/537698548/medium.jpg","HumanObservation","iNaturalist research-grade observations","WGS84",NA
"",295180275,"https://www.inaturalist.org/observations/295180275","107358","Odontesthes regia",2025-07-04,"2025-07-04 10:16:03","","","Pargua, Calbuco, Los Lagos, Chile",-41.7933463889,-73.4591598333,NA,"https://static.inaturalist.org/photos/531369844/medium.jpg","HumanObservation","iNaturalist research-grade observations","WGS84",NA
"CC-BY-ND",294173113,"https://www.inaturalist.org/observations/294173113","607870","Agonopsis chiloensis",2025-06-29,"2025/06/29 5:12 PM","","","Chiloé, CL-LL, CL",-42.5733402024,-73.7444189687,4,"https://inaturalist-open-data.s3.amazonaws.com/photos/529465404/medium.jpg","HumanObservation","iNaturalist research-grade observations","WGS84",NA
"",283704603,"https://www.inaturalist.org/observations/283704603","47258","Thyrsites atun",2025-02-27,"2025-02-27 17:51:56","","","Quemchi, Los Lagos, Chile",-42.1445960833,-73.4771880833,NA,"https://static.inaturalist.org/photos/509794068/medium.jpg","HumanObservation","iNaturalist research-grade observations","WGS84",NA
"",278599818,"https://www.inaturalist.org/observations/278599818","541858","Eleginops maclovinus",2025-05-04,"2025-05-04 19:47:10","","","Quemchi, Los Lagos, Chile",-42.1423792947,-73.4772337228,10,"https://static.inaturalist.org/photos/500251773/medium.jpeg","HumanObservation","iNaturalist research-grade observations","WGS84",NA
"CC-BY-ND",278257797,"https://www.inaturalist.org/observations/278257797","621457","Leptonotus blainvilleanus",2025-05-03,"2025/05/03 12:20 PM","","","Chiloé, CL-LL, CL",-42.5391124057,-73.6295760221,4,"https://inaturalist-open-data.s3.amazonaws.com/photos/499632150/medium.jpg","HumanObservation","iNaturalist research-grade observations","WGS84",NA
"CC-BY-ND",278254283,"https://www.inaturalist.org/observations/278254283","620534","Sebastes oculatus",2025-05-03,"2025/05/03 12:38 PM","","","Chiloé, CL-LL, CL",-42.539174152,-73.6286554192,8,"https://inaturalist-open-data.s3.amazonaws.com/photos/499623033/medium.jpg","HumanObservation","iNaturalist research-grade observations","WGS84",NA
"CC-BY-ND",275017811,"https://www.inaturalist.org/observations/275017811","621457","Leptonotus blainvilleanus",2025-04-27,"2025/04/27 12:50 PM","","","Chiloé, CL-LL, CL",-42.5731153726,-73.7450857361,8,"https://inaturalist-open-data.s3.amazonaws.com/photos/494249175/medium.jpg","HumanObservation","iNaturalist research-grade observations","WGS84",NA
"CC-BY-ND",275017760,"https://www.inaturalist.org/observations/275017760","609395","Cottoperca trigloides",2025-04-27,"2025/04/27 12:14 PM","","","Chiloé, CL-LL, CL",-42.5727587487,-73.7450696429,8,"https://inaturalist-open-data.s3.amazonaws.com/photos/494248469/medium.jpg","HumanObservation","iNaturalist research-grade observations","WGS84",NA
"CC-BY-NC",271819913,"https://www.inaturalist.org/observations/271819913","609395","Cottoperca trigloides",2025-04-20,"2025-04-20 15:43:38-04:00","","","Ruta V-69, Cochamó, Región de Los Lagos, CL",-41.6511783333,-72.3059083333,6,"https://inaturalist-open-data.s3.amazonaws.com/photos/489668829/medium.jpg","HumanObservation","iNaturalist research-grade observations","WGS84","gbifID:5134537544"
"CC-BY-NC",271303904,"https://www.inaturalist.org/observations/271303904","621457","Leptonotus blainvilleanus",2025-04-18,"2025-04-18 15:55:38","","","Isla Teuquelin, Los Lagos, Chile",-42.4582971859,-73.2423235103,126,"https://inaturalist-open-data.s3.amazonaws.com/photos/488002446/medium.jpeg","HumanObservation","iNaturalist research-grade observations","WGS84","gbifID:5134293918"
"",271262652,"https://www.inaturalist.org/observations/271262652","47516","Oncorhynchus mykiss",2022-10-08,"2022-10-08 14:10:37","","","Futaleufú, Chubut, Argentina",-42.8894761997,-71.6099815997,NA,"https://static.inaturalist.org/photos/487923656/medium.jpeg","HumanObservation","iNaturalist research-grade observations","WGS84",NA
"CC-BY-NC",269662355,"https://www.inaturalist.org/observations/269662355","47518","Salmo trutta",2021-02-12,"2021-02-12 13:04:59-03:00","","","Puerto Cisnes, Cisnes, Región de Aysén del General Carlos Ibáñez del Campo, CL",-44.6358916667,-72.678305,10,"https://inaturalist-open-data.s3.amazonaws.com/photos/484880457/medium.jpg","HumanObservation","iNaturalist research-grade observations","WGS84","gbifID:5133124538"
"CC-BY-NC",269661589,"https://www.inaturalist.org/observations/269661589","619293","Prolatilus jugularis",2020-10-29,"2020-10-29 16:43:08-03:00","","","Océano Pacífico, Región de Aysén del General Carlos Ibáñez del Campo, CL",-44.62352,-72.665275,5,"https://inaturalist-open-data.s3.amazonaws.com/photos/484881161/medium.jpg","HumanObservation","iNaturalist research-grade observations","WGS84","gbifID:5134818004"
"CC-BY-NC",269187481,"https://www.inaturalist.org/observations/269187481","47518","Salmo trutta",2025-02-08,"2025-02-08 20:54:00-03:00","","","Ensenada, Puerto Varas, Región de Los Lagos, CL",-41.1519749312,-72.2858012182,761,"https://inaturalist-open-data.s3.amazonaws.com/photos/483965696/medium.jpg","HumanObservation","iNaturalist research-grade observations","WGS84","gbifID:5134736634"
"CC-BY-NC",269187158,"https://www.inaturalist.org/observations/269187158","47516","Oncorhynchus mykiss",2025-02-09,"2025-02-09 12:59:47-03:00","","","Lago Todos Los Santos, Puerto Varas, Región de Los Lagos, CL",-41.0832172624,-72.2499609461,16,"https://inaturalist-open-data.s3.amazonaws.com/photos/483965159/medium.jpg","HumanObservation","iNaturalist research-grade observations","WGS84","gbifID:5134822658"
"",267987581,"https://www.inaturalist.org/observations/267987581","47518","Salmo trutta",2025-03-24,"2025-03-24 10:26:54","","","Bariloche, Río Negro, Argentina",-41.3519833015,-71.59881033,1633,"https://static.inaturalist.org/photos/481657774/medium.jpeg","HumanObservation","iNaturalist research-grade observations","WGS84",NA
"CC-BY-NC",267617966,"https://www.inaturalist.org/observations/267617966","321994","Galaxias maculatus",2025-02-17,"2025-02-17 18:27:28-03:00","","","Lago Todos Los Santos, Puerto Varas, Región de Los Lagos, CL",-41.2273749903,-72.264595,20,"https://inaturalist-open-data.s3.amazonaws.com/photos/480953650/medium.jpg","HumanObservation","iNaturalist research-grade observations","WGS84","gbifID:5153645966"
"CC-BY-NC",267616976,"https://www.inaturalist.org/observations/267616976","107357","Odontesthes mauleanum",2025-02-13,"2025-02-13 18:12:00-03:00","","","Vicente Perez Rosales, CL-LL-LL, CL-LL, CL",-41.0913748596,-72.2510748218,94,"https://inaturalist-open-data.s3.amazonaws.com/photos/480951915/medium.jpg","HumanObservation","iNaturalist research-grade observations","WGS84","gbifID:5108355341"
"CC-BY-NC",267616713,"https://www.inaturalist.org/observations/267616713","619069","Percichthys chilensis",2025-02-21,"2025-02-21 19:57:00-03:00","","","Lago Todos Los Santos, Puerto Varas, Región de Los Lagos, CL",-41.2276475037,-72.2654384408,59,"https://inaturalist-open-data.s3.amazonaws.com/photos/480951384/medium.jpg","HumanObservation","iNaturalist research-grade observations","WGS84","gbifID:5108261203"
"",263495471,"https://www.inaturalist.org/observations/263495471","103217","Hypsoblennius sordidus",2025-03-01,"2025-03-01 09:56:40","Un pez de la familia salariinae./A fish of the family salariinae.","Un pez de la familia salariinae./A fish of the family salariinae.","Chile",-42.1287321451,-73.4136787802,978,"https://static.inaturalist.org/photos/473374931/medium.jpeg","HumanObservation","iNaturalist research-grade observations","WGS84",NA
"CC-BY-NC",262262271,"https://www.inaturalist.org/observations/262262271","621457","Leptonotus blainvilleanus",2025-02-14,"2025-02-14 09:34:25","","","Chile",-41.8209855478,-73.6235646531,21,"https://inaturalist-open-data.s3.amazonaws.com/photos/471166296/medium.jpeg","HumanObservation","iNaturalist research-grade observations","WGS84","gbifID:5076891864"
"CC-BY-NC",262261997,"https://www.inaturalist.org/observations/262261997","621457","Leptonotus blainvilleanus",2025-02-13,"2025-02-13 10:50:24","","","Chile",-41.8208706128,-73.6225128919,20,"https://inaturalist-open-data.s3.amazonaws.com/photos/471165752/medium.jpeg","HumanObservation","iNaturalist research-grade observations","WGS84","gbifID:5076867832"
"CC-BY-ND",260404866,"https://www.inaturalist.org/observations/260404866","103217","Hypsoblennius sordidus",2025-02-01,"2025/02/01 4:23 PM","","","Chiloé, CL-LL, CL",-42.5777458836,-73.7541038706,4,"https://inaturalist-open-data.s3.amazonaws.com/photos/467620669/medium.jpg","HumanObservation","iNaturalist research-grade observations","WGS84",NA
"CC-BY-ND",260404853,"https://www.inaturalist.org/observations/260404853","446098","Helcogrammoides cunninghami",2025-02-01,"2025/02/01 3:14 PM","","","Chiloé, CL-LL, CL",-42.5777063822,-73.7529667125,4,"https://inaturalist-open-data.s3.amazonaws.com/photos/467620571/medium.jpg","HumanObservation","iNaturalist research-grade observations","WGS84",NA
"",259578623,"https://www.inaturalist.org/observations/259578623","49596","Salvelinus fontinalis",2025-01-15,"2025-01-15 21:24:25-03:00","","","Llanquihue, CL-LL, CL",-41.4488833333,-71.957475,41,"https://static.inaturalist.org/photos/466014626/medium.jpg","HumanObservation","iNaturalist research-grade observations","WGS84",NA
"CC-BY",259019187,"https://www.inaturalist.org/observations/259019187","342904","Salmoninae",2025-01-12,"2025/01/12 11:52 PM","","","Bariloche, Río Negro, Argentina",-41.8530685745,-71.6158819277,665,"https://inaturalist-open-data.s3.amazonaws.com/photos/464861803/medium.png","HumanObservation","iNaturalist research-grade observations","WGS84","gbifID:5063148929"
"CC-BY-NC",258346366,"https://www.inaturalist.org/observations/258346366","342904","Salmoninae",2025-01-10,"2025-01-10 22:37:17","","","Dalcahue, Los Lagos, Chile",-42.3837778803,-73.9168528095,23,"https://inaturalist-open-data.s3.amazonaws.com/photos/463490681/medium.jpeg","HumanObservation","iNaturalist research-grade observations","WGS84","gbifID:5036890851"
"",257849564,"https://www.inaturalist.org/observations/257849564","559300","Pinguipes chilensis",2025-01-08,"2025-01-08 15:23:35","Lo pescamos con chancharro, por si acaso ","Lo pescamos con chancharro, por si acaso ","Puerto Cisnes, Cisnes, Aysén, Chile",-44.7299184537,-72.6822812855,1068,"https://static.inaturalist.org/photos/462571740/medium.jpeg","HumanObservation","iNaturalist research-grade observations","WGS84",NA
"",257580062,"https://www.inaturalist.org/observations/257580062","621457","Leptonotus blainvilleanus",2024-12-20,"2024-12-20 15:00:00","","","Ancud, Los Lagos, Chile",-41.8724466836,-73.7714824453,234,"https://static.inaturalist.org/photos/462105503/medium.jpeg","HumanObservation","iNaturalist research-grade observations","WGS84",NA
"CC-BY-NC",255875896,"https://www.inaturalist.org/observations/255875896","321994","Galaxias maculatus",2024-12-17,"2024/12/17 2:52 PM","Puerto Raúl Marín Balmaceda, Rampa Punta Remolino Río Palena.","Puerto Raúl Marín Balmaceda, Rampa Punta Remolino Río Palena.","Aysen, Aysén, Chile",-43.8507712997,-72.9455573997,NA,"https://inaturalist-open-data.s3.amazonaws.com/photos/458646134/medium.jpg","HumanObservation","iNaturalist research-grade observations","WGS84","gbifID:5006928727"
"CC-BY-NC",254731004,"https://www.inaturalist.org/observations/254731004","342904","Salmoninae",2012-12-29,"2012-12-29","","","Chaitén, Les Lacs, Chili",-43.0098970903,-72.4810971692,72,"https://inaturalist-open-data.s3.amazonaws.com/photos/456337889/medium.jpeg","HumanObservation","iNaturalist research-grade observations","WGS84","gbifID:4994435198"
"CC-BY-NC-SA",254113436,"https://www.inaturalist.org/observations/254113436","49596","Salvelinus fontinalis",2008-03-26,"2008/03/26 7:57 PM","","","Tehuelches Department, Chubut Province, Argentina",-43.8982261356,-71.4247027998,15,"https://inaturalist-open-data.s3.amazonaws.com/photos/455096273/medium.jpeg","HumanObservation","iNaturalist research-grade observations","WGS84",NA
"",253869354,"https://www.inaturalist.org/observations/253869354","1513828","Cheirodon australis",2024-12-01,"2024-12-01 23:31:43","","","Puerto Montt, Los Lagos, Chile",-41.46191577,-72.9038552195,33,"https://static.inaturalist.org/photos/454856389/medium.jpeg","HumanObservation","iNaturalist research-grade observations","WGS84",NA
"CC0",253674048,"https://www.inaturalist.org/observations/253674048","47516","Oncorhynchus mykiss",2020-02-20,"2020-02-20","","","Futaleufú, Chubut, Argentina",-43.1393932359,-71.5815130994,388,"https://inaturalist-open-data.s3.amazonaws.com/photos/454260476/medium.jpeg","HumanObservation","iNaturalist research-grade observations","WGS84","gbifID:4994571630"
"CC-BY-ND",253537049,"https://www.inaturalist.org/observations/253537049","505078","Sicyases sanguineus",2023-01-06,"2023-01-06 09:56:39","","","Puerto Montt, Los Lagos, Chile",-41.4941957047,-72.8967926279,69,"https://inaturalist-open-data.s3.amazonaws.com/photos/453988208/medium.jpeg","HumanObservation","iNaturalist research-grade observations","WGS84",NA
"CC-BY-ND",253534013,"https://www.inaturalist.org/observations/253534013","103217","Hypsoblennius sordidus",2023-05-04,"2023-05-04 16:56:34","","","Chile",-41.7385922652,-73.7585585564,1623,"https://inaturalist-open-data.s3.amazonaws.com/photos/453982235/medium.jpeg","HumanObservation","iNaturalist research-grade observations","WGS84",NA
"",250223926,"https://www.inaturalist.org/observations/250223926","47516","Oncorhynchus mykiss",2017-02-13,"2017/02/13 11:26 AM","","","Cushamen, Chubut, Argentina",-42.0413681562,-71.6061740168,122,"https://inaturalist-open-data.s3.amazonaws.com/photos/447461014/medium.jpeg","HumanObservation","iNaturalist research-grade observations","WGS84",NA
"CC-BY-ND",249941592,"https://www.inaturalist.org/observations/249941592","620534","Sebastes oculatus",2024-10-31,"2024/10/31 11:47 AM","","","Chiloé, CL-LL, CL",-42.5726393972,-73.7434975367,8,"https://inaturalist-open-data.s3.amazonaws.com/photos/446879386/medium.jpg","HumanObservation","iNaturalist research-grade observations","WGS84",NA
"CC-BY-NC",249817833,"https://www.inaturalist.org/observations/249817833","429155","Hatcheria macraei",2024-10-29,"2024/10/29 7:59 PM","Registrado por Nazareno Salamin","Registrado por Nazareno Salamin","VF26+C8 El Hoyo, Chubut, Argentina",-42.148943,-71.53921,NA,"https://inaturalist-open-data.s3.amazonaws.com/photos/446651755/medium.jpg","HumanObservation","iNaturalist research-grade observations","WGS84","gbifID:4978495098"
"",246092140,"https://www.inaturalist.org/observations/246092140","47516","Oncorhynchus mykiss",2019-04-09,"2019/04/09 3:31 PM","","","Palena, Los Lagos, Chile",-43.5900731146,-71.7061501364,15,"https://static.inaturalist.org/photos/439262196/medium.jpg","HumanObservation","iNaturalist research-grade observations","WGS84",NA
"",246091944,"https://www.inaturalist.org/observations/246091944","47516","Oncorhynchus mykiss",2019-04-09,"2019/04/09 11:50 AM","","","Palena, Los Lagos, Chile",-43.6151513716,-71.7802265303,4,"https://static.inaturalist.org/photos/439261802/medium.jpg","HumanObservation","iNaturalist research-grade observations","WGS84",NA
"",246091729,"https://www.inaturalist.org/observations/246091729","49596","Salvelinus fontinalis",2019-04-09,"2019/04/09 11:53 AM","","","Palena, Los Lagos, Chile",-43.615162935,-71.7802518398,4,"https://static.inaturalist.org/photos/439261435/medium.jpg","HumanObservation","iNaturalist research-grade observations","WGS84",NA
"",246091483,"https://www.inaturalist.org/observations/246091483","49596","Salvelinus fontinalis",2019-04-08,"2019/04/08 11:04 AM","","","Palena, Los Lagos, Chile",-43.6959098971,-71.7110223715,8,"https://static.inaturalist.org/photos/439260783/medium.jpg","HumanObservation","iNaturalist research-grade observations","WGS84",NA
"",246091153,"https://www.inaturalist.org/observations/246091153","49596","Salvelinus fontinalis",2019-04-08,"2019/04/08 3:07 PM","","","Palena, Los Lagos, Chile",-43.7016008163,-71.7097906473,15,"https://static.inaturalist.org/photos/439260086/medium.jpg","HumanObservation","iNaturalist research-grade observations","WGS84",NA
"CC-BY-NC",243887750,"https://www.inaturalist.org/observations/243887750","429155","Hatcheria macraei",2024-09-23,"2024/09/23 11:48 PM","Registrado por Nicolás Bondel","Registrado por Nicolás Bondel","Cushamen, Chubut, Argentina",-42.1005804704,-71.5486488673,31,"https://inaturalist-open-data.s3.amazonaws.com/photos/434954143/medium.jpeg","HumanObservation","iNaturalist research-grade observations","WGS84","gbifID:4950335938"
"CC-BY-NC",243795257,"https://www.inaturalist.org/observations/243795257","49596","Salvelinus fontinalis",2014-02-07,"2014/02/07 1:50 PM","","","Palena, Los Lagos, Chile",-43.6966209744,-71.7368659366,8,"https://inaturalist-open-data.s3.amazonaws.com/photos/434773047/medium.jpeg","HumanObservation","iNaturalist research-grade observations","WGS84","gbifID:4950515764"
"CC-BY-NC",243795256,"https://www.inaturalist.org/observations/243795256","49596","Salvelinus fontinalis",2012-09-07,"2012/09/07 10:41 AM","","","Palena, Los Lagos, Chile",-43.6959984459,-72.1136435006,15,"https://inaturalist-open-data.s3.amazonaws.com/photos/434773004/medium.jpeg","HumanObservation","iNaturalist research-grade observations","WGS84","gbifID:4950532889"
"CC-BY-NC",243795251,"https://www.inaturalist.org/observations/243795251","49596","Salvelinus fontinalis",2011-03-04,"2011/03/04 3:29 PM","","","Llanquihue, Los Lagos, Chile",-41.8286113686,-72.043990956,15,"https://inaturalist-open-data.s3.amazonaws.com/photos/434772975/medium.jpeg","HumanObservation","iNaturalist research-grade observations","WGS84","gbifID:4950610904"
"CC-BY-NC",243795243,"https://www.inaturalist.org/observations/243795243","321994","Galaxias maculatus",2010-10-09,"2010/10/09 1:31 PM","","","Llanquihue, Los Lagos, Chile",-41.6587388641,-72.3088688318,4,"https://inaturalist-open-data.s3.amazonaws.com/photos/434772919/medium.jpeg","HumanObservation","iNaturalist research-grade observations","WGS84","gbifID:6147241357"
"CC-BY-NC",243795239,"https://www.inaturalist.org/observations/243795239","49596","Salvelinus fontinalis",2013-05-13,"2013/05/13 2:47 PM","","","Palena, Los Lagos, Chile",-43.6149758704,-71.777700321,8,"https://inaturalist-open-data.s3.amazonaws.com/photos/434772923/medium.jpg","HumanObservation","iNaturalist research-grade observations","WGS84","gbifID:4950528006"
"CC-BY-NC",242760177,"https://www.inaturalist.org/observations/242760177","107358","Odontesthes regia",2024-03-15,"2024-03-15 15:40:35-03:00","","","Feria Artesanal Angelmo, Puerto Montt, Los Lagos Region, CL",-41.4868383333,-72.964045,48,"https://inaturalist-open-data.s3.amazonaws.com/photos/432801997/medium.jpeg","HumanObservation","iNaturalist research-grade observations","WGS84","gbifID:4994487040"
"CC-BY-NC",242732204,"https://www.inaturalist.org/observations/242732204","47516","Oncorhynchus mykiss",2024-03-15,"2024-03-15 15:39:56-03:00","","","Feria Artesanal Angelmo, Puerto Montt, Los Lagos Region, CL",-41.486605,-72.9638883333,26,"https://inaturalist-open-data.s3.amazonaws.com/photos/432746516/medium.jpeg","HumanObservation","iNaturalist research-grade observations","WGS84","gbifID:4950554172"
"CC-BY-NC",242732105,"https://www.inaturalist.org/observations/242732105","529606","Brama australis",2024-03-15,"2024-03-15 15:40:59-03:00","","","Feria Artesanal Angelmo, Puerto Montt, Los Lagos Region, CL",-41.486705,-72.96412,7,"https://inaturalist-open-data.s3.amazonaws.com/photos/432746359/medium.jpeg","HumanObservation","iNaturalist research-grade observations","WGS84","gbifID:4987838305"
"CC-BY-NC",239877668,"https://www.inaturalist.org/observations/239877668","99979","Engraulis ringens",2022-04-02,"2022/04/02 9:04 AM","varamiento/stranding","varamiento/stranding","Palena, Los Lagos, Chile",-42.3795204161,-72.4153976439,NA,"https://inaturalist-open-data.s3.amazonaws.com/photos/427288231/medium.jpg","HumanObservation","iNaturalist research-grade observations","WGS84","gbifID:4946142662"
"CC-BY-ND",237730940,"https://www.inaturalist.org/observations/237730940","621457","Leptonotus blainvilleanus",2024-08-24,"2024/08/24 12:55 PM","","","Chiloé, CL-LL, CL",-42.1454657442,-73.4729879531,2,"https://inaturalist-open-data.s3.amazonaws.com/photos/423119662/medium.jpg","HumanObservation","iNaturalist research-grade observations","WGS84",NA
"",232981871,"https://www.inaturalist.org/observations/232981871","621457","Leptonotus blainvilleanus",2020-04-30,"2020-04-30 10:53:23","","","Chile",-41.9401922647,-73.5291301087,936,"https://static.inaturalist.org/photos/413991953/medium.jpeg","HumanObservation","iNaturalist research-grade observations","WGS84",NA
"CC-BY-NC",231927156,"https://www.inaturalist.org/observations/231927156","49596","Salvelinus fontinalis",2024-02-24,"2024-02-24 14:30:00","Lago los Alerces","Lago los Alerces","Cochamo, Los Lagos, Chile",-41.7151629198,-72.1514429525,187,"https://inaturalist-open-data.s3.amazonaws.com/photos/411981488/medium.jpeg","HumanObservation","iNaturalist research-grade observations","WGS84","gbifID:5938637096"
"CC-BY-NC",231335158,"https://www.inaturalist.org/observations/231335158","49596","Salvelinus fontinalis",2012-04-26,"2012/04/26 2:46 PM","","","Llanquihue, Los Lagos, Chile",-41.8880194184,-71.8775056776,15,"https://inaturalist-open-data.s3.amazonaws.com/photos/410857961/medium.jpg","HumanObservation","iNaturalist research-grade observations","WGS84","gbifID:4919635259"
"CC-BY-NC",221956747,"https://www.inaturalist.org/observations/221956747","47518","Salmo trutta",2024-05-19,"2024/05/19 8:08 AM","Arriba","Arriba","Bariloche, Río Negro, Argentina",-41.2317662408,-71.7712682512,15,"https://inaturalist-open-data.s3.amazonaws.com/photos/393037355/medium.jpeg","HumanObservation","iNaturalist research-grade observations","WGS84","gbifID:4892158558"
"CC-BY-NC",221918038,"https://www.inaturalist.org/observations/221918038","47516","Oncorhynchus mykiss",2024-05-19,"2024/05/19 8:08 AM","","","Bariloche, Río Negro, Argentina",-41.2317662408,-71.7712682512,15,"https://inaturalist-open-data.s3.amazonaws.com/photos/393037355/medium.jpeg","HumanObservation","iNaturalist research-grade observations","WGS84","gbifID:4891806298"
"CC-BY-ND",221685898,"https://www.inaturalist.org/observations/221685898","609395","Cottoperca trigloides",2024-06-09,"2024/06/09 11:41 AM","","","Chiloé, CL-LL, CL",-42.577724411,-73.7529632511,2,"https://inaturalist-open-data.s3.amazonaws.com/photos/392590479/medium.jpg","HumanObservation","iNaturalist research-grade observations","WGS84",NA
"CC-BY-ND",221685879,"https://www.inaturalist.org/observations/221685879","618673","Genypterus chilensis",2024-06-09,"2024/06/09 11:09 AM","","","Chiloé, CL-LL, CL",-42.5777550492,-73.7528570333,8,"https://inaturalist-open-data.s3.amazonaws.com/photos/392590348/medium.jpg","HumanObservation","iNaturalist research-grade observations","WGS84",NA
"CC-BY-ND",218263429,"https://www.inaturalist.org/observations/218263429","620534","Sebastes oculatus",2024-05-25,"2024/05/25 1:11 PM","","","Chiloé, CL-LL, CL",-42.540348053,-73.6284847025,8,"https://inaturalist-open-data.s3.amazonaws.com/photos/386204162/medium.jpg","HumanObservation","iNaturalist research-grade observations","WGS84",NA
"CC-BY-NC",217215652,"https://www.inaturalist.org/observations/217215652","54191","Oncorhynchus tshawytscha",2024-03-01,"2024-03-01 10:22:00","","","Cochamo, Los Lagos, Chile",-41.7379753192,-72.0647455752,1615,"https://inaturalist-open-data.s3.amazonaws.com/photos/384244736/medium.jpeg","HumanObservation","iNaturalist research-grade observations","WGS84","gbifID:4867909427"
"CC-BY-ND",216708081,"https://www.inaturalist.org/observations/216708081","559300","Pinguipes chilensis",2024-05-18,"2024/05/18 11:34 AM","","","Chiloé, CL-LL, CL",-42.577081055,-73.7530048275,4,"https://inaturalist-open-data.s3.amazonaws.com/photos/383179642/medium.jpg","HumanObservation","iNaturalist research-grade observations","WGS84",NA
"CC-BY-ND",216708075,"https://www.inaturalist.org/observations/216708075","446098","Helcogrammoides cunninghami",2024-05-18,"2024/05/18 11:15 AM","","","Chiloé, CL-LL, CL",-42.5769945736,-73.7528350023,4,"https://inaturalist-open-data.s3.amazonaws.com/photos/383179596/medium.jpg","HumanObservation","iNaturalist research-grade observations","WGS84",NA
"CC-BY-ND",216708072,"https://www.inaturalist.org/observations/216708072","446098","Helcogrammoides cunninghami",2024-05-18,"2024/05/18 11:11 AM","","","Chiloé, CL-LL, CL",-42.5769470291,-73.7528390256,2,"https://inaturalist-open-data.s3.amazonaws.com/photos/383179568/medium.jpg","HumanObservation","iNaturalist research-grade observations","WGS84",NA
"CC-BY-ND",215407694,"https://www.inaturalist.org/observations/215407694","559300","Pinguipes chilensis",2024-05-11,"2024/05/11 1:20 PM","","","Chiloé, CL-LL, CL",-42.5772328715,-73.7531227019,31,"https://inaturalist-open-data.s3.amazonaws.com/photos/380832629/medium.png","HumanObservation","iNaturalist research-grade observations","WGS84",NA
"CC-BY-ND",215404408,"https://www.inaturalist.org/observations/215404408","620534","Sebastes oculatus",2024-05-11,"2024/05/11 12:58 PM","","","Chiloé, CL-LL, CL",-42.5772899506,-73.7528155061,4,"https://inaturalist-open-data.s3.amazonaws.com/photos/380786031/medium.jpg","HumanObservation","iNaturalist research-grade observations","WGS84",NA
"CC-BY-NC",209017050,"https://www.inaturalist.org/observations/209017050","97817","Cilus gilberti",2022-01-11,"2022-01-11 17:44:19","","","Quellón, Los Lagos, Chile",-43.3686679469,-74.1253432631,1505,"https://inaturalist-open-data.s3.amazonaws.com/photos/369865446/medium.jpeg","HumanObservation","iNaturalist research-grade observations","WGS84","gbifID:4851884026"
"CC-BY-NC",206141171,"https://www.inaturalist.org/observations/206141171","49596","Salvelinus fontinalis",2024-02-29,"2024-02-29 19:20:00","","","Cochamo, Los Lagos, Chile",-41.4498795585,-71.9504787773,992,"https://inaturalist-open-data.s3.amazonaws.com/photos/364568512/medium.jpeg","HumanObservation","iNaturalist research-grade observations","WGS84","gbifID:4607345630"
"",205402699,"https://www.inaturalist.org/observations/205402699","609395","Cottoperca trigloides",2024-03-30,"2024/03/30 2:45 PM","","","Isla Toto, Cisnes",-44.2512751317,-73.2141198214,184,"https://static.inaturalist.org/photos/363185213/medium.jpeg","HumanObservation","iNaturalist research-grade observations","WGS84",NA
"CC-BY-NC-SA",203975209,"https://www.inaturalist.org/observations/203975209","47518","Salmo trutta",2024-02-24,"2024/02/24 11:26 PM","","","Bariloche Department, Río Negro Province, Argentina",-41.3483310646,-71.6058203976,42,"https://inaturalist-open-data.s3.amazonaws.com/photos/360465571/medium.jpeg","HumanObservation","iNaturalist research-grade observations","WGS84",NA
"CC-BY-NC",203303786,"https://www.inaturalist.org/observations/203303786","94271","Aphos porosus",2024-03-20,"2024-03-20 16:19:16","","","Quellón, Los Lagos, Chile",-43.3708010263,-74.1226469725,227,"https://inaturalist-open-data.s3.amazonaws.com/photos/359179703/medium.jpeg","HumanObservation","iNaturalist research-grade observations","WGS84","gbifID:4600009045"
"CC-BY-NC",202545001,"https://www.inaturalist.org/observations/202545001","541858","Eleginops maclovinus",2024-03-15,"2024-03-15 13:57:25-03:00","","","Canal Hornopirén, Hualaihué, Région de los Lagos, CL",-41.9673478132,-72.4631761485,90,"https://inaturalist-open-data.s3.amazonaws.com/photos/357733272/medium.jpg","HumanObservation","iNaturalist research-grade observations","WGS84","gbifID:4607432178"
"CC-BY-NC",202492185,"https://www.inaturalist.org/observations/202492185","321994","Galaxias maculatus",2024-03-13,"2024-03-13 22:32:20","Agua salada. 7 cm aproximadamente de longitud. En la orilla con marea baja. ","Agua salada. 7 cm aproximadamente de longitud. En la orilla con marea baja. ","Manao s/n Hueihue, Ancud, Los Lagos, Chile",-41.8961715697,-73.5146865844,NA,"https://inaturalist-open-data.s3.amazonaws.com/photos/357633308/medium.jpeg","HumanObservation","iNaturalist research-grade observations","WGS84","gbifID:4855213765"
"CC-BY-NC",202491028,"https://www.inaturalist.org/observations/202491028","481592","Gobiesox marmoratus",2024-03-13,"2024-03-13 22:28:08","Observación correspondiente al pez de más adelante, en caso de que sean especies distintas. ","Observación correspondiente al pez de más adelante, en caso de que sean especies distintas. ","Manao s/n Hueihue, Ancud, Los Lagos, Chile",-41.8960791401,-73.5145911947,16,"https://inaturalist-open-data.s3.amazonaws.com/photos/357630797/medium.jpeg","HumanObservation","iNaturalist research-grade observations","WGS84","gbifID:4936036209"
"",201217704,"https://www.inaturalist.org/observations/201217704","47518","Salmo trutta",2024-03-03,"2024-03-03 19:16:01-03:00","","","Puerto Cisnes, Cisnes, Región de Aysén del General Carlos Ibáñez del Campo, CL",-44.6565866667,-72.4184283333,12,"https://static.inaturalist.org/photos/355161881/medium.jpg","HumanObservation","iNaturalist research-grade observations","WGS84",NA
"CC-BY-NC",200582815,"https://www.inaturalist.org/observations/200582815","99979","Engraulis ringens",2024-02-24,"2024-02-24 19:59:36-03:00","","","Océano Pacífico, Región de Los Lagos, CL",-41.8702383333,-73.90625,8,"https://inaturalist-open-data.s3.amazonaws.com/photos/353921547/medium.jpg","HumanObservation","iNaturalist research-grade observations","WGS84","gbifID:4535587271"
"CC-BY",200464462,"https://www.inaturalist.org/observations/200464462","559300","Pinguipes chilensis",2024-02-25,"2024-02-25 19:40:00","","","Chaitén, Los Lagos, Chile",-43.0238464283,-72.8043496236,40,"https://inaturalist-open-data.s3.amazonaws.com/photos/353765419/medium.jpeg","HumanObservation","iNaturalist research-grade observations","WGS84","gbifID:4528317929"
"CC-BY",200343994,"https://www.inaturalist.org/observations/200343994","187047","Allothunnus fallai",2024-02-24,"2024-02-24 22:15:00","Capturado por un pescador local.","Capturado por un pescador local.","Chile",-43.019210238,-72.8227824345,77,"https://inaturalist-open-data.s3.amazonaws.com/photos/353450379/medium.jpeg","HumanObservation","iNaturalist research-grade observations","WGS84","gbifID:4528318593"
"CC-BY-NC",200053551,"https://www.inaturalist.org/observations/200053551","621457","Leptonotus blainvilleanus",2023-09-29,"2023-09-29 18:42:04","","","Quellón, Los Lagos, Chile",-43.3642170469,-74.1306775063,130,"https://inaturalist-open-data.s3.amazonaws.com/photos/352882272/medium.jpeg","HumanObservation","iNaturalist research-grade observations","WGS84","gbifID:4528242719"
"",199522700,"https://www.inaturalist.org/observations/199522700","621457","Leptonotus blainvilleanus",2024-02-10,"2024-02-10 08:31:34","","","Chile",-42.1366332997,-73.4693883,NA,"https://static.inaturalist.org/photos/351874831/medium.jpeg","HumanObservation","iNaturalist research-grade observations","WGS84",NA
"CC-BY",199128821,"https://www.inaturalist.org/observations/199128821","47516","Oncorhynchus mykiss",2010-10-26,"2010/10/26 8:03 PM","Observación para la trucha arcoiris basado en el comentario de @chickeroni en la observación https://www.argentinat.org/observations/197402943","Observación para la trucha arcoiris basado en el comentario de @chickeroni en la observación https://www.argentinat.org/observations/197402943","Bariloche Department, Río Negro Province, Argentina",-41.3566024132,-71.5689050366,982,"https://inaturalist-open-data.s3.amazonaws.com/photos/347670568/medium.jpeg","HumanObservation","iNaturalist research-grade observations","WGS84","gbifID:4522808761"
"CC0",198318000,"https://www.inaturalist.org/observations/198318000","47516","Oncorhynchus mykiss",2024-01-25,"2024/01/25 3:12 PM","","","Futaleufú, Chubut, Argentina",-42.7254233333,-71.742235,NA,"https://inaturalist-open-data.s3.amazonaws.com/photos/349503575/medium.jpeg","HumanObservation","iNaturalist research-grade observations","WGS84","gbifID:5087003701"
"CC-BY-ND",198247950,"https://www.inaturalist.org/observations/198247950","609395","Cottoperca trigloides",2024-02-01,"2024/02/01 7:27 PM","","","Chiloé, CL-LL, CL",-42.5776916995,-73.7531058014,2,"https://inaturalist-open-data.s3.amazonaws.com/photos/349368853/medium.jpg","HumanObservation","iNaturalist research-grade observations","WGS84",NA
"CC-BY-NC",198016044,"https://www.inaturalist.org/observations/198016044","608793","Odontesthes hatcheri",2024-01-24,"2024-01-24 16:00:07-03:00","","","Laguna Escondida, Chubut, AR",-42.7560844802,-71.7331201518,45,"https://inaturalist-open-data.s3.amazonaws.com/photos/348909152/medium.jpg","HumanObservation","iNaturalist research-grade observations","WGS84","gbifID:4519109767"
"CC-BY",197402943,"https://www.inaturalist.org/observations/197402943","47518","Salmo trutta",2010-10-26,"2010/10/26 8:03 PM","","","Bariloche Department, Río Negro Province, Argentina",-41.3566024132,-71.5689050366,982,"https://inaturalist-open-data.s3.amazonaws.com/photos/347670547/medium.jpeg","HumanObservation","iNaturalist research-grade observations","WGS84","gbifID:4522541389"
"CC-BY",197321921,"https://www.inaturalist.org/observations/197321921","47518","Salmo trutta",2024-01-05,"2024-01-05 14:33:40","","","Bariloche, Río Negro, Argentina",-41.2641381149,-71.6567534208,3398,"https://inaturalist-open-data.s3.amazonaws.com/photos/347508745/medium.jpeg","HumanObservation","iNaturalist research-grade observations","WGS84","gbifID:4516720711"
"",197272525,"https://www.inaturalist.org/observations/197272525","429155","Hatcheria macraei",2024-01-21,"2024-01-21 21:49:54","","","Cushamen, Chubut, Argentina",-42.1025864991,-71.5514421836,283,"https://static.inaturalist.org/photos/347407501/medium.jpeg","HumanObservation","iNaturalist research-grade observations","WGS84",NA
"CC-BY-ND",196565853,"https://www.inaturalist.org/observations/196565853","559300","Pinguipes chilensis",2024-01-13,"2024/01/13 10:56 AM","","","Chiloé, CL-LL, CL",-42.5412407591,-73.6322498245,8,"https://inaturalist-open-data.s3.amazonaws.com/photos/346033440/medium.jpg","HumanObservation","iNaturalist research-grade observations","WGS84",NA
"CC-BY-ND",196565832,"https://www.inaturalist.org/observations/196565832","620534","Sebastes oculatus",2024-01-13,"2024/01/13 11:03 AM","","","Chiloé, CL-LL, CL",-42.5413474239,-73.6324157279,4,"https://inaturalist-open-data.s3.amazonaws.com/photos/346033345/medium.jpg","HumanObservation","iNaturalist research-grade observations","WGS84",NA
"CC-BY-ND",196243586,"https://www.inaturalist.org/observations/196243586","607870","Agonopsis chiloensis",2024-01-08,"2024/01/08 10:13 PM","","","Chiloé, Los Lagos, Chile",-42.5776733216,-73.7541388193,4,"https://inaturalist-open-data.s3.amazonaws.com/photos/345430090/medium.jpg","HumanObservation","iNaturalist research-grade observations","WGS84",NA
"CC-BY-ND",196243581,"https://www.inaturalist.org/observations/196243581","607870","Agonopsis chiloensis",2024-01-08,"2024/01/08 10:08 PM","","","Chiloé, Los Lagos, Chile",-42.5775864183,-73.754417769,4,"https://inaturalist-open-data.s3.amazonaws.com/photos/345430083/medium.jpg","HumanObservation","iNaturalist research-grade observations","WGS84",NA
"CC-BY-ND",196243578,"https://www.inaturalist.org/observations/196243578","607870","Agonopsis chiloensis",2024-01-08,"2024/01/08 10:04 PM","","","Chiloé, CL-LL, CL",-42.5775824682,-73.7545277396,4,"https://inaturalist-open-data.s3.amazonaws.com/photos/345430067/medium.jpg","HumanObservation","iNaturalist research-grade observations","WGS84",NA
"CC-BY-ND",196243572,"https://www.inaturalist.org/observations/196243572","446098","Helcogrammoides cunninghami",2024-01-08,"2024/01/08 9:54 PM","","","Chiloé, CL-LL, CL",-42.5777043322,-73.7544428299,4,"https://inaturalist-open-data.s3.amazonaws.com/photos/345430051/medium.jpg","HumanObservation","iNaturalist research-grade observations","WGS84",NA
"CC-BY",195530571,"https://www.inaturalist.org/observations/195530571","47516","Oncorhynchus mykiss",2021-11-11,"2021/11/11 7:27 PM","","","Bariloche, Río Negro, Argentina",-41.5120583333,-71.5395316667,NA,"https://inaturalist-open-data.s3.amazonaws.com/photos/344012149/medium.jpeg","HumanObservation","iNaturalist research-grade observations","WGS84","gbifID:4512091781"
"",195337070,"https://www.inaturalist.org/observations/195337070","47518","Salmo trutta",2023-12-12,"2023-12-12 21:02:51","","","Puerto Montt, Los Lagos, Chile",-41.4445693465,-72.5459449366,252,"https://static.inaturalist.org/photos/343617769/medium.jpeg","HumanObservation","iNaturalist research-grade observations","WGS84",NA
"",195336745,"https://www.inaturalist.org/observations/195336745","619293","Prolatilus jugularis",2023-12-28,"2023-12-28 20:13:24","","","Chile",-41.6630421562,-73.0630832165,52,"https://static.inaturalist.org/photos/343616933/medium.jpeg","HumanObservation","iNaturalist research-grade observations","WGS84",NA
"",195336469,"https://www.inaturalist.org/observations/195336469","559300","Pinguipes chilensis",2023-12-28,"2023-12-28 20:29:49","","","Chile",-41.6630444105,-73.0631076917,13,"https://static.inaturalist.org/photos/343616350/medium.jpeg","HumanObservation","iNaturalist research-grade observations","WGS84",NA
"",195336376,"https://www.inaturalist.org/observations/195336376","108966","Patagonotothen cornucola",2023-12-28,"2023-12-28 21:10:36","Son ninguna seguridad ","Son ninguna seguridad ","Chile",-41.6642970176,-73.0634178221,34,"https://static.inaturalist.org/photos/343616120/medium.jpeg","HumanObservation","iNaturalist research-grade observations","WGS84",NA
"CC-BY-NC",194988313,"https://www.inaturalist.org/observations/194988313","614165","Galaxias platei",2023-12-08,"2023/12/08 1:00 PM","","","Chiloé, Los Lagos, Chile",-42.8118309727,-73.7780455959,122,"https://inaturalist-open-data.s3.amazonaws.com/photos/342907809/medium.jpg","HumanObservation","iNaturalist research-grade observations","WGS84","gbifID:4855329395"
"CC-BY-NC",194988312,"https://www.inaturalist.org/observations/194988312","321994","Galaxias maculatus",2023-12-08,"2023/12/08 1:00 PM","","","Chiloé, Los Lagos, Chile",-42.8156936669,-73.7784747494,488,"https://inaturalist-open-data.s3.amazonaws.com/photos/342907381/medium.jpg","HumanObservation","iNaturalist research-grade observations","WGS84","gbifID:4855045503"
"CC-BY-ND",192967747,"https://www.inaturalist.org/observations/192967747","446098","Helcogrammoides cunninghami",2023-12-03,"2023/12/03 11:41 AM","","","Chiloé, CL-LL, CL",-42.5773822557,-73.7528591963,4,"https://inaturalist-open-data.s3.amazonaws.com/photos/338869933/medium.jpg","HumanObservation","iNaturalist research-grade observations","WGS84",NA
"CC-BY-NC",192325183,"https://www.inaturalist.org/observations/192325183","47516","Oncorhynchus mykiss",2022-12-17,"2022-12-17 14:19:00-03:00","","","Lago Yelcho, Palena, Región de Los Lagos, CL",-43.3925117675,-72.1809454124,9181,"https://inaturalist-open-data.s3.amazonaws.com/photos/337598449/medium.jpg","HumanObservation","iNaturalist research-grade observations","WGS84","gbifID:4454079621"
"CC-BY-ND",188461060,"https://www.inaturalist.org/observations/188461060","607870","Agonopsis chiloensis",2023-10-20,"2023/10/20 10:11 PM","","","Chiloé, CL-LL, CL",-42.5778241137,-73.7537901169,8,"https://inaturalist-open-data.s3.amazonaws.com/photos/329850817/medium.jpg","HumanObservation","iNaturalist research-grade observations","WGS84",NA
"CC-BY-ND",188461048,"https://www.inaturalist.org/observations/188461048","619293","Prolatilus jugularis",2023-10-20,"2023/10/20 9:45 PM","","","Chiloé, CL-LL, CL",-42.5776341886,-73.752647573,4,"https://inaturalist-open-data.s3.amazonaws.com/photos/329850763/medium.jpg","HumanObservation","iNaturalist research-grade observations","WGS84",NA
"CC-BY-ND",188461045,"https://www.inaturalist.org/observations/188461045","108966","Patagonotothen cornucola",2023-10-20,"2023/10/20 9:33 PM","","","Chiloé, CL-LL, CL",-42.5777257719,-73.7527146282,8,"https://inaturalist-open-data.s3.amazonaws.com/photos/329850762/medium.jpg","HumanObservation","iNaturalist research-grade observations","WGS84",NA
"",188188224,"https://www.inaturalist.org/observations/188188224","47516","Oncorhynchus mykiss",2023-10-17,"2023/10/17 11:37 AM","","","Bariloche, Río Negro, Argentina",-41.8559777108,-71.5880028083,3802,"https://static.inaturalist.org/photos/329292078/medium.jpg","HumanObservation","iNaturalist research-grade observations","WGS84",NA
"CC-BY-NC",187963646,"https://www.inaturalist.org/observations/187963646","47518","Salmo trutta",2022-12-17,"2022-12-17 11:43:00-03:00","","","Lago Yelcho, Palena, Región de Los Lagos, CL",-43.4093101229,-72.1864502404,9181,"https://inaturalist-open-data.s3.amazonaws.com/photos/328832194/medium.jpg","HumanObservation","iNaturalist research-grade observations","WGS84","gbifID:4431175317"
"CC-BY-NC",187963606,"https://www.inaturalist.org/observations/187963606","47516","Oncorhynchus mykiss",2022-12-17,"2022-12-17 13:42:00-03:00","","","Lago Yelcho, Palena, Región de Los Lagos, CL",-43.4006456664,-72.1762904052,7347,"https://inaturalist-open-data.s3.amazonaws.com/photos/328832091/medium.jpg","HumanObservation","iNaturalist research-grade observations","WGS84","gbifID:4430692364"
"CC-BY-NC",187944931,"https://www.inaturalist.org/observations/187944931","47516","Oncorhynchus mykiss",2022-12-17,"2022-12-17 17:43:00-03:00","","","Lago Yelcho, Palena, Región de Los Lagos, CL",-43.3929117824,-72.1798444468,9181,"https://inaturalist-open-data.s3.amazonaws.com/photos/328793169/medium.jpg","HumanObservation","iNaturalist research-grade observations","WGS84","gbifID:4430653274"
"CC-BY-NC",187944756,"https://www.inaturalist.org/observations/187944756","47518","Salmo trutta",2022-12-17,"2022-12-17 15:42:00-03:00","","","Lago Yelcho, Palena, Región de Los Lagos, CL",-43.3949118177,-72.1925055513,9181,"https://inaturalist-open-data.s3.amazonaws.com/photos/328792920/medium.jpg","HumanObservation","iNaturalist research-grade observations","WGS84","gbifID:4431096292"
"CC-BY-NC",187645161,"https://www.inaturalist.org/observations/187645161","54191","Oncorhynchus tshawytscha",2023-02-16,"2023-02-16 15:52:00","","","Puerto Varas, Los Lagos, Chile",-41.3575102127,-72.3670590296,1640,"https://inaturalist-open-data.s3.amazonaws.com/photos/328202074/medium.jpeg","HumanObservation","iNaturalist research-grade observations","WGS84","gbifID:4430639373"
"",187644479,"https://www.inaturalist.org/observations/187644479","505380","Congiopodus peruvianus",2023-10-14,"2023/10/14 3:45 PM","Cormorán imperial alimentandose ","Cormorán imperial alimentandose ","Llanquihue, CL-LL, CL",-41.8121830977,-73.4846009973,122,"https://static.inaturalist.org/photos/328200036/medium.jpg","HumanObservation","iNaturalist research-grade observations","WGS84",NA
"CC-BY-NC",187489111,"https://www.inaturalist.org/observations/187489111","47518","Salmo trutta",2023-02-18,"2023-02-18 19:40:53","","","Puerto Varas, Los Lagos, Chile",-41.3116881871,-72.4075962603,800,"https://inaturalist-open-data.s3.amazonaws.com/photos/327891880/medium.jpeg","HumanObservation","iNaturalist research-grade observations","WGS84","gbifID:4430559987"
"CC-BY-ND",187368436,"https://www.inaturalist.org/observations/187368436","620534","Sebastes oculatus",2023-10-11,"2023/10/11 9:43 PM","","","Chiloé, CL-LL, CL",-42.5777614501,-73.7530151433,4,"https://inaturalist-open-data.s3.amazonaws.com/photos/327634520/medium.jpg","HumanObservation","iNaturalist research-grade observations","WGS84",NA
"CC-BY-ND",186878380,"https://www.inaturalist.org/observations/186878380","446098","Helcogrammoides cunninghami",2023-10-08,"2023/10/08 10:34 AM","","","Chiloé, CL-LL, CL",-42.5778392727,-73.7532910956,8,"https://inaturalist-open-data.s3.amazonaws.com/photos/326643688/medium.jpg","HumanObservation","iNaturalist research-grade observations","WGS84",NA
"CC-BY-ND",186878378,"https://www.inaturalist.org/observations/186878378","446098","Helcogrammoides cunninghami",2023-10-08,"2023/10/08 10:33 AM","","","Chiloé, CL-LL, CL",-42.5777760705,-73.7530818833,8,"https://inaturalist-open-data.s3.amazonaws.com/photos/326643683/medium.jpg","HumanObservation","iNaturalist research-grade observations","WGS84",NA
"CC-BY-ND",186878370,"https://www.inaturalist.org/observations/186878370","446098","Helcogrammoides cunninghami",2023-10-08,"2023/10/08 10:27 AM","","","Chiloé, CL-LL, CL",-42.577734512,-73.7528844777,4,"https://inaturalist-open-data.s3.amazonaws.com/photos/326643652/medium.jpg","HumanObservation","iNaturalist research-grade observations","WGS84",NA
"CC-BY-ND",186878345,"https://www.inaturalist.org/observations/186878345","620534","Sebastes oculatus",2023-10-08,"2023/10/08 10:15 AM","","","Chiloé, CL-LL, CL",-42.577847173,-73.7530765189,8,"https://inaturalist-open-data.s3.amazonaws.com/photos/326643554/medium.jpg","HumanObservation","iNaturalist research-grade observations","WGS84",NA
"CC-BY-ND",186878297,"https://www.inaturalist.org/observations/186878297","108966","Patagonotothen cornucola",2023-10-08,"2023/10/08 10:53 AM","","","Chiloé, CL-LL, CL",-42.5775811666,-73.7529886592,4,"https://inaturalist-open-data.s3.amazonaws.com/photos/326643448/medium.jpg","HumanObservation","iNaturalist research-grade observations","WGS84",NA
"CC-BY-ND",186878290,"https://www.inaturalist.org/observations/186878290","620534","Sebastes oculatus",2023-10-08,"2023/10/08 10:49 AM","","","Chiloé, CL-LL, CL",-42.5775969672,-73.7529511082,4,"https://inaturalist-open-data.s3.amazonaws.com/photos/326643412/medium.jpg","HumanObservation","iNaturalist research-grade observations","WGS84",NA
"CC-BY-ND",186878287,"https://www.inaturalist.org/observations/186878287","609395","Cottoperca trigloides",2023-10-08,"2023/10/08 10:48 AM","","","Chiloé, CL-LL, CL",-42.5776285684,-73.7530530322,4,"https://inaturalist-open-data.s3.amazonaws.com/photos/326643405/medium.jpg","HumanObservation","iNaturalist research-grade observations","WGS84",NA
"CC-BY-ND",186878285,"https://www.inaturalist.org/observations/186878285","620534","Sebastes oculatus",2023-10-08,"2023/10/08 10:47 AM","","","Chiloé, CL-LL, CL",-42.5775949921,-73.7529430616,4,"https://inaturalist-open-data.s3.amazonaws.com/photos/326643393/medium.jpg","HumanObservation","iNaturalist research-grade observations","WGS84",NA
"",186340115,"https://www.inaturalist.org/observations/186340115","47516","Oncorhynchus mykiss",2023-04-24,"2023-04-24 12:47:10","","","Puerto Montt, Los Lagos, Chile",-41.492265997,-72.861328125,229,"https://static.inaturalist.org/photos/325622179/medium.jpeg","HumanObservation","iNaturalist research-grade observations","WGS84",NA
"CC-BY-ND",185980214,"https://www.inaturalist.org/observations/185980214","788734","Merluccius gayi gayi",2003-01-01,"2003-01-01 17:29:00-03:00","El de la derecha
A la izq. merluza de cola","El de la derecha
A la izq. merluza de cola","Contao, Hualaihué, Región de Los Lagos, CL",-41.794000118,-72.7122571608,346,"https://inaturalist-open-data.s3.amazonaws.com/photos/324913527/medium.jpg","HumanObservation","iNaturalist research-grade observations","WGS84",NA
"CC-BY-ND",185979571,"https://www.inaturalist.org/observations/185979571","338921","Macruronus novaezelandiae",2003-01-01,"2003-01-01 17:29:00-03:00","Sería M. magellanicus pero no aparece en iNat","Sería M. magellanicus pero no aparece en iNat","Contao, Hualaihué, Región de Los Lagos, CL",-41.7936742111,-72.7123413441,589,"https://inaturalist-open-data.s3.amazonaws.com/photos/324912172/medium.jpg","HumanObservation","iNaturalist research-grade observations","WGS84",NA
"CC-BY-ND",185840847,"https://www.inaturalist.org/observations/185840847","554753","Mola tecta",2001-02-01,"2001/02/01 10:13 PM","Quedó enredado en la red de pescadores artesanales de Chonchi. Capturado en el Mar Interior de Chiloé","Quedó enredado en la red de pescadores artesanales de Chonchi. Capturado en el Mar Interior de Chiloé","Chiloé, Los Lagos, Chile",-42.6186943449,-73.769687002,4,"https://inaturalist-open-data.s3.amazonaws.com/photos/324638668/medium.jpg","HumanObservation","iNaturalist research-grade observations","WGS84",NA
"",178788407,"https://www.inaturalist.org/observations/178788407","621457","Leptonotus blainvilleanus",2023-08-03,"2023-08-03 22:04:07","","","Hualaihué, Los Lagos, Chile",-42.0235428832,-72.6980067417,211,"https://static.inaturalist.org/photos/311169272/medium.jpeg","HumanObservation","iNaturalist research-grade observations","WGS84",NA
"CC-BY-NC",178285543,"https://www.inaturalist.org/observations/178285543","505380","Congiopodus peruvianus",2023-08-13,"2023-08-13 16:00:00","Orilla de playa, muerto.","Orilla de playa, muerto.","Cochamo, Los Lagos, Chile",-41.6504285647,-72.3285415024,36,"https://inaturalist-open-data.s3.amazonaws.com/photos/310207641/medium.jpeg","HumanObservation","iNaturalist research-grade observations","WGS84","gbifID:4177427058"
"CC-BY-ND",168916776,"https://www.inaturalist.org/observations/168916776","621457","Leptonotus blainvilleanus",2023-02-24,"2023/02/24 7:39 PM","Imagen tomada de video ROV.
Profundidad 45 m","Imagen tomada de video ROV.
Profundidad 45 m","Llanquihue, CL-LL, CL",-41.9406769548,-72.9750801781,31,"https://inaturalist-open-data.s3.amazonaws.com/photos/292792643/medium.png","HumanObservation","iNaturalist research-grade observations","WGS84",NA
"CC-BY-ND",168916769,"https://www.inaturalist.org/observations/168916769","621457","Leptonotus blainvilleanus",2022-09-13,"2022/09/13 7:39 PM","Imagen tomada de video ROV.
Profundidad 45 m","Imagen tomada de video ROV.
Profundidad 45 m","Llanquihue, CL-LL, CL",-41.9814897499,-72.8625069691,244,"https://inaturalist-open-data.s3.amazonaws.com/photos/292792560/medium.png","HumanObservation","iNaturalist research-grade observations","WGS84",NA
"CC-BY-NC",168585116,"https://www.inaturalist.org/observations/168585116","54191","Oncorhynchus tshawytscha",2019-03-08,"2019/03/08 12:00 PM","","","Llanquihue Province, Los Lagos, Chile",-41.654300986,-72.3064164639,15,"https://inaturalist-open-data.s3.amazonaws.com/photos/292180321/medium.jpg","HumanObservation","iNaturalist research-grade observations","WGS84","gbifID:4138314393"
"CC-BY-NC",168578532,"https://www.inaturalist.org/observations/168578532","620534","Sebastes oculatus",2018-11-24,"2018/11/24 11:09 AM","","","Llanquihue, CL-LL, CL",-41.6377179631,-72.3668704644,31,"https://inaturalist-open-data.s3.amazonaws.com/photos/292168009/medium.jpg","HumanObservation","iNaturalist research-grade observations","WGS84","gbifID:4138355690"
"CC-BY-NC",168578527,"https://www.inaturalist.org/observations/168578527","559300","Pinguipes chilensis",2018-11-24,"2018/11/24 7:38 PM","","","Llanquihue, CL-LL, CL",-41.6416905368,-72.3770730278,244,"https://inaturalist-open-data.s3.amazonaws.com/photos/292167650/medium.jpg","HumanObservation","iNaturalist research-grade observations","WGS84","gbifID:4138011820"
"CC-BY-NC",168578525,"https://www.inaturalist.org/observations/168578525","94391","Aplochiton taeniatus",2018-11-02,"2018/11/02 5:25 PM","","","Llanquihue Province, Los Lagos, Chile",-41.6546386344,-72.3066472041,15,"https://inaturalist-open-data.s3.amazonaws.com/photos/292167181/medium.jpg","HumanObservation","iNaturalist research-grade observations","WGS84","gbifID:4153430640"
"CC-BY-NC",166511824,"https://www.inaturalist.org/observations/166511824","47516","Oncorhynchus mykiss",2023-01-27,"2023/01/27 3:10 PM","","","Futaleufú, Chubut, Argentina",-42.8636443699,-71.6234403,NA,"https://static.inaturalist.org/photos/288356079/medium.jpeg","HumanObservation","iNaturalist research-grade observations","WGS84","gbifID:4137704037"
"",162246891,"https://www.inaturalist.org/observations/162246891","47516","Oncorhynchus mykiss",2022-11-27,"2022-11-27 10:11:29","","","W9HP+CJ, Lago Puelo, Chubut, Argentina",-42.0818601921,-71.6169195995,835,"https://static.inaturalist.org/photos/280608020/medium.jpeg","HumanObservation","iNaturalist research-grade observations","WGS84",NA
"CC-BY-NC",156303850,"https://www.inaturalist.org/observations/156303850","47516","Oncorhynchus mykiss",2023-04-08,"2023-04-08 13:28:08","","","Cajón Del Azul",-41.8531652212,-71.6201020405,187,"https://inaturalist-open-data.s3.amazonaws.com/photos/270260471/medium.jpeg","HumanObservation","iNaturalist research-grade observations","WGS84","gbifID:4096887448"
"CC-BY-NC",154262428,"https://www.inaturalist.org/observations/154262428","54191","Oncorhynchus tshawytscha",2023-02-28,"2023-02-28 09:47:00","","","Puerto Varas, Los Lagos, Chile",-41.3345800683,-72.3958652839,991,"https://inaturalist-open-data.s3.amazonaws.com/photos/266530644/medium.jpeg","HumanObservation","iNaturalist research-grade observations","WGS84","gbifID:4080916489"
"CC-BY-NC",153598235,"https://www.inaturalist.org/observations/153598235","541858","Eleginops maclovinus",2011-02-19,"2011/02/19 7:38 PM","","","Llanquihue, Los Lagos, Chile",-41.6499398,-72.3211080125,61,"https://inaturalist-open-data.s3.amazonaws.com/photos/265301181/medium.jpeg","HumanObservation","iNaturalist research-grade observations","WGS84","gbifID:4080464773"
"CC-BY-NC",153598231,"https://www.inaturalist.org/observations/153598231","617503","Salilota australis",2011-02-19,"2011/02/19 2:21 PM","","","Llanquihue, CL-LL, CL",-41.6380156848,-72.3672704633,15,"https://inaturalist-open-data.s3.amazonaws.com/photos/265301020/medium.jpeg","HumanObservation","iNaturalist research-grade observations","WGS84","gbifID:4080949739"
"CC-BY-NC",153598229,"https://www.inaturalist.org/observations/153598229","620534","Sebastes oculatus",2011-02-19,"2011/02/19 1:09 PM","","","Llanquihue, CL-LL, CL",-41.6515811979,-72.3835658081,244,"https://inaturalist-open-data.s3.amazonaws.com/photos/265300959/medium.jpeg","HumanObservation","iNaturalist research-grade observations","WGS84","gbifID:4080965753"
"CC-BY-NC",152894895,"https://www.inaturalist.org/observations/152894895","105597","Merluccius gayi",2021-03-14,"2021/03/14 10:09 AM","","","Llanquihue, CL-LL, CL",-41.6480509943,-72.3744997524,8,"https://inaturalist-open-data.s3.amazonaws.com/photos/263997449/medium.jpg","HumanObservation","iNaturalist research-grade observations","WGS84","gbifID:4076166331"
"CC-BY-NC",152883269,"https://www.inaturalist.org/observations/152883269","94391","Aplochiton taeniatus",2010-04-15,"2010/04/15 3:39 PM","","","Llanquihue, Los Lagos, Chile",-41.7059195845,-72.0850727019,61,"https://inaturalist-open-data.s3.amazonaws.com/photos/263972322/medium.jpeg","HumanObservation","iNaturalist research-grade observations","WGS84","gbifID:4076340257"
"CC-BY-NC",152883267,"https://www.inaturalist.org/observations/152883267","49596","Salvelinus fontinalis",2011-03-05,"2011/03/05 7:50 PM","","","Llanquihue, Los Lagos, Chile",-41.8272193698,-72.0445973789,31,"https://inaturalist-open-data.s3.amazonaws.com/photos/263972301/medium.jpeg","HumanObservation","iNaturalist research-grade observations","WGS84","gbifID:4075838284"
"CC-BY-NC",152883265,"https://www.inaturalist.org/observations/152883265","94391","Aplochiton taeniatus",2011-02-17,"2011/02/17 2:37 PM","","","Llanquihue, Los Lagos, Chile",-41.6099076393,-72.2135733972,8,"https://inaturalist-open-data.s3.amazonaws.com/photos/263972267/medium.jpeg","HumanObservation","iNaturalist research-grade observations","WGS84","gbifID:4076320244"
"CC-BY-NC",152872444,"https://www.inaturalist.org/observations/152872444","94391","Aplochiton taeniatus",2019-09-27,"2019/09/27 5:38 PM","","","Llanquihue, Los Lagos, Chile",-41.6419171747,-72.1837168952,4,"https://inaturalist-open-data.s3.amazonaws.com/photos/263954443/medium.jpg","HumanObservation","iNaturalist research-grade observations","WGS84","gbifID:4075793249"
"CC-BY-NC",152871903,"https://www.inaturalist.org/observations/152871903","49596","Salvelinus fontinalis",2019-01-22,"2019/01/22 7:33 AM","","","Llanquihue, Los Lagos, Chile",-42.1766156757,-71.9239673182,15,"https://inaturalist-open-data.s3.amazonaws.com/photos/263953336/medium.jpeg","HumanObservation","iNaturalist research-grade observations","WGS84","gbifID:4075803276"
"CC-BY-NC",152866426,"https://www.inaturalist.org/observations/152866426","187047","Allothunnus fallai",2021-05-29,"2021/05/29 4:19 PM","","","Llanquihue, CL-LL, CL",-41.8479935939,-73.4076300453,1953,"https://inaturalist-open-data.s3.amazonaws.com/photos/263940041/medium.jpg","HumanObservation","iNaturalist research-grade observations","WGS84","gbifID:4076356202"
"CC-BY-NC",152866422,"https://www.inaturalist.org/observations/152866422","623764","Strangomera bentincki",2021-05-29,"2021/05/29 2:17 PM","","","Llanquihue, CL-LL, CL",-41.8460139289,-73.4084870111,244,"https://inaturalist-open-data.s3.amazonaws.com/photos/263939871/medium.jpg","HumanObservation","iNaturalist research-grade observations","WGS84","gbifID:4075903139"
"",152166641,"https://www.inaturalist.org/observations/152166641","54191","Oncorhynchus tshawytscha",2023-03-20,"2023-03-20","","","El Hoyo",-42.0632354236,-71.5195463598,878,"https://static.inaturalist.org/photos/262649711/medium.jpeg","HumanObservation","iNaturalist research-grade observations","WGS84",NA
"CC-BY-NC",151401307,"https://www.inaturalist.org/observations/151401307","47516","Oncorhynchus mykiss",2023-02-02,"2023/02/02 12:53 PM","","","Futaleufú, Chubut, Argentina",-43.19044088,-71.47180845,NA,"https://static.inaturalist.org/photos/261225777/medium.jpeg","HumanObservation","iNaturalist research-grade observations","WGS84","gbifID:4076260968"
"CC-BY-NC",151358446,"https://www.inaturalist.org/observations/151358446","621457","Leptonotus blainvilleanus",2023-03-14,"2023-03-14 14:16:15","","","Chile",-41.8957544549,-73.5146418214,183,"https://inaturalist-open-data.s3.amazonaws.com/photos/261146149/medium.jpeg","HumanObservation","iNaturalist research-grade observations","WGS84","gbifID:4067205977"
"CC-BY-NC",151357902,"https://www.inaturalist.org/observations/151357902","481592","Gobiesox marmoratus",2023-03-14,"2023-03-14 14:16:28","","","Manao s/n Hueihue, Ancud, Los Lagos, Chile",-41.8957576993,-73.5145224631,152,"https://inaturalist-open-data.s3.amazonaws.com/photos/261144941/medium.jpeg","HumanObservation","iNaturalist research-grade observations","WGS84","gbifID:4067245034"
"CC-BY-NC",151032468,"https://www.inaturalist.org/observations/151032468","99979","Engraulis ringens",2023-03-12,"2023-03-12 14:22:23","","","Chile",-41.7973270807,-73.3472287282,132,"https://inaturalist-open-data.s3.amazonaws.com/photos/260533812/medium.jpeg","HumanObservation","iNaturalist research-grade observations","WGS84","gbifID:4063038227"
"CC-BY-NC",150651627,"https://www.inaturalist.org/observations/150651627","621457","Leptonotus blainvilleanus",2023-02-23,"2023-02-23 10:38:29","","","Chile",-41.8229094289,-73.6212747172,86,"https://inaturalist-open-data.s3.amazonaws.com/photos/259814896/medium.jpeg","HumanObservation","iNaturalist research-grade observations","WGS84","gbifID:4063049807"
"CC-BY",150176552,"https://www.inaturalist.org/observations/150176552","103217","Hypsoblennius sordidus",2022-11-25,"2022/11/25 1:39 PM","Organismos encontrados en estructuras sólidas reflotadas desde los 27 m de profundidad. Posteriormente reintegradas al mar.","Organismos encontrados en estructuras sólidas reflotadas desde los 27 m de profundidad. Posteriormente reintegradas al mar.","Chaitén, Región de Los Lagos, Chile.",-42.8886582717,-72.7563102375,61,"https://inaturalist-open-data.s3.amazonaws.com/photos/258894956/medium.jpeg","HumanObservation","iNaturalist research-grade observations","WGS84","gbifID:4075673841"
"CC-BY",150176548,"https://www.inaturalist.org/observations/150176548","607870","Agonopsis chiloensis",2022-11-25,"2022/11/25 1:32 PM","Organismos encontrados en estructuras sólidas reflotadas desde los 27 m de profundidad. Posteriormente reintegradas al mar.","Organismos encontrados en estructuras sólidas reflotadas desde los 27 m de profundidad. Posteriormente reintegradas al mar.","Chaitén, Región de Los Lagos, Chile.",-42.8886582717,-72.7563102375,61,"https://inaturalist-open-data.s3.amazonaws.com/photos/258894602/medium.jpeg","HumanObservation","iNaturalist research-grade observations","WGS84","gbifID:4075601891"
"CC-BY",149134466,"https://www.inaturalist.org/observations/149134466","99979","Engraulis ringens",2023-02-19,"2023-02-19 09:40:25-03:00","Varados, muertos.","Varados, muertos.","Carretera Austral, Los Lagos, CL",-42.55885,-72.6040283333,10,"https://inaturalist-open-data.s3.amazonaws.com/photos/256937519/medium.jpg","HumanObservation","iNaturalist research-grade observations","WGS84","gbifID:6131321720"
"",148719877,"https://www.inaturalist.org/observations/148719877","54191","Oncorhynchus tshawytscha",2023-02-11,"2023-02-11 17:30:00","","","El Bolsón, Río Negro, Argentine",-41.9586107508,-71.5403981879,494,"https://static.inaturalist.org/photos/256157254/medium.jpeg","HumanObservation","iNaturalist research-grade observations","WGS84",NA
"CC-BY-NC",148269037,"https://www.inaturalist.org/observations/148269037","347136","Psychrolutes marmoratus",2023-02-07,"2023/02/07 2:33 PM","Reporte de E. B. R
250 m prof.","Reporte de E. B. R
250 m prof.","Ancud, Los Lagos, Chile",-41.8081588079,-73.7826168247,13803,"https://inaturalist-open-data.s3.amazonaws.com/photos/255293845/medium.jpg","HumanObservation","iNaturalist research-grade observations","WGS84","gbifID:4935670480"
"CC-BY",147830684,"https://www.inaturalist.org/observations/147830684","47516","Oncorhynchus mykiss",2023-01-19,"2023/01/19 1:40 PM","","","Futaleufú, Chubut, Argentina",-42.6738371579,-71.6927217907,592,"https://inaturalist-open-data.s3.amazonaws.com/photos/254448683/medium.jpeg","HumanObservation","iNaturalist research-grade observations","WGS84","gbifID:4029174672"
"CC-BY",147830683,"https://www.inaturalist.org/observations/147830683","47516","Oncorhynchus mykiss",2023-01-19,"2023/01/19 1:39 PM","","","Futaleufú, Chubut, Argentina",-42.6738371579,-71.6927217907,592,"https://inaturalist-open-data.s3.amazonaws.com/photos/254448661/medium.jpeg","HumanObservation","iNaturalist research-grade observations","WGS84","gbifID:4029143618"
"CC-BY",147830682,"https://www.inaturalist.org/observations/147830682","47516","Oncorhynchus mykiss",2023-01-19,"2023/01/19 1:32 PM","","","Futaleufú, Chubut, Argentina",-42.6738371579,-71.6927217907,592,"https://inaturalist-open-data.s3.amazonaws.com/photos/254448645/medium.jpeg","HumanObservation","iNaturalist research-grade observations","WGS84","gbifID:4029147544"
"CC-BY",147830679,"https://www.inaturalist.org/observations/147830679","47516","Oncorhynchus mykiss",2023-01-19,"2023/01/19 1:30 PM","","","Futaleufú, Chubut, Argentina",-42.6738371579,-71.6927217907,592,"https://inaturalist-open-data.s3.amazonaws.com/photos/254448579/medium.jpeg","HumanObservation","iNaturalist research-grade observations","WGS84","gbifID:4029154421"
"CC-BY-NC",147700494,"https://www.inaturalist.org/observations/147700494","621457","Leptonotus blainvilleanus",2023-01-30,"2023-01-30 12:09:35-03:00","","","Océano Pacífico, Los Lagos, CL",-42.711831257,-73.0620588405,49,"https://inaturalist-open-data.s3.amazonaws.com/photos/254224503/medium.jpg","HumanObservation","iNaturalist research-grade observations","WGS84","gbifID:4029198717"
"CC-BY-NC",146789255,"https://www.inaturalist.org/observations/146789255","423999","Percichthys trucha",2023-01-17,"2023-01-17 14:41:50-03:00","","","Lago Puelo, Chubut, AR",-42.0960479691,-71.629422519,52,"https://inaturalist-open-data.s3.amazonaws.com/photos/252451370/medium.jpg","HumanObservation","iNaturalist research-grade observations","WGS84","gbifID:4022233783"
"CC-BY-NC",146577770,"https://www.inaturalist.org/observations/146577770","47516","Oncorhynchus mykiss",2023-01-14,"2023/01/14 6:58 PM","","","El Bolsón, Río Negro, Argentina",-41.9649235,-71.5353386,4384,"https://inaturalist-open-data.s3.amazonaws.com/photos/252032869/medium.jpeg","HumanObservation","iNaturalist research-grade observations","WGS84","gbifID:4018290212"
"CC-BY-NC",146240648,"https://www.inaturalist.org/observations/146240648","614739","Ophiogobius jenynsi",2023-01-09,"2023-01-09 21:28:41-03:00","","","Estero Castro, Los Lagos, CL",-42.5081133333,-73.784395,4,"https://inaturalist-open-data.s3.amazonaws.com/photos/251380132/medium.jpg","HumanObservation","iNaturalist research-grade observations","WGS84","gbifID:4015351423"
"CC-BY-NC",146240530,"https://www.inaturalist.org/observations/146240530","614739","Ophiogobius jenynsi",2023-01-09,"2023-01-09 21:19:15-03:00","","","Estero Castro, Los Lagos, CL",-42.5077083333,-73.7842116667,4,"https://inaturalist-open-data.s3.amazonaws.com/photos/251380022/medium.jpg","HumanObservation","iNaturalist research-grade observations","WGS84","gbifID:4015161403"
"CC-BY-NC",141508864,"https://www.inaturalist.org/observations/141508864","1316123","Regalecus russellii",2022-11-07,"2022/11/07 11:38 AM","fuente Oscar Mayorga Ruiz compartido en varios medios.
Una cresta russelli
dos cresta glesne.","fuente Oscar Mayorga Ruiz compartido en varios medios.
Una cresta russelli
dos cresta glesne.","Talcan, Chaitén, Los Lagos, Chile",-42.7231966258,-73.0226595337,4427,"https://inaturalist-open-data.s3.amazonaws.com/photos/242446875/medium.jpg","HumanObservation","iNaturalist research-grade observations","WGS84","gbifID:3966630725"
"CC-BY-NC",138572582,"https://www.inaturalist.org/observations/138572582","621457","Leptonotus blainvilleanus",2022-09-06,"2022-09-06 17:30:43-04:00","","","Avenida Pacheco Altamirano, Puerto Montt, Los Lagos, CL",-41.487278,-72.930312,1588,"https://inaturalist-open-data.s3.amazonaws.com/photos/236876644/medium.jpg","HumanObservation","iNaturalist research-grade observations","WGS84","gbifID:4062876513"
"CC-BY",134649636,"https://www.inaturalist.org/observations/134649636","614165","Galaxias platei",2020-02-19,"2020-02-19 16:40:33","","","Puerto Varas, Los Lagos, Chile",-41.2260090587,-72.2677626461,3106,"https://inaturalist-open-data.s3.amazonaws.com/photos/229547023/medium.jpeg","HumanObservation","iNaturalist research-grade observations","WGS84","gbifID:5938419903"
"CC-BY-ND",130015327,"https://www.inaturalist.org/observations/130015327","446098","Helcogrammoides cunninghami",2022-05-22,"2022/05/22 1:30 PM","","","Chiloé, CL-LL, CL",-42.5769894799,-73.7534029708,8,"https://inaturalist-open-data.s3.amazonaws.com/photos/221008897/medium.jpg","HumanObservation","iNaturalist research-grade observations","WGS84",NA
"CC-BY-ND",130015315,"https://www.inaturalist.org/observations/130015315","620534","Sebastes oculatus",2022-08-06,"2022/08/06 2:55 PM","","","Chiloé, CL-LL, CL",-42.5774483432,-73.753124021,8,"https://inaturalist-open-data.s3.amazonaws.com/photos/221008491/medium.jpg","HumanObservation","iNaturalist research-grade observations","WGS84",NA
"CC-BY-NC",128731107,"https://www.inaturalist.org/observations/128731107","541858","Eleginops maclovinus",2022-07-30,"2022/07/30 1:43 PM","","","Chiloé, CL-LL, CL",-42.1231603398,-73.9400374684,15,"https://static.inaturalist.org/photos/218684765/medium.jpg","HumanObservation","iNaturalist research-grade observations","WGS84","gbifID:3881443133"
"",125322530,"https://www.inaturalist.org/observations/125322530","54191","Oncorhynchus tshawytscha",2022-01-13,"2022-01-13 11:33:00-03:00","Eran 3 que iban nadando contracorriente en los saltos del Petrohue","Eran 3 que iban nadando contracorriente en los saltos del Petrohue","Parque Nacional Vicente Pérez Rosales, Puerto Varas, Los Lagos, CL",-41.1728191703,-72.4471030954,36,"https://static.inaturalist.org/photos/212516186/medium.jpg","HumanObservation","iNaturalist research-grade observations","WGS84",NA
"CC-BY",121684330,"https://www.inaturalist.org/observations/121684330","321994","Galaxias maculatus",2021-12-06,"2021/12/06 3:23 PM","Juveniles.","Juveniles.","Región de Aysén del General Carlos Ibáñez del Campo, Chile",-44.5706544103,-74.276854441,8,"https://inaturalist-open-data.s3.amazonaws.com/photos/205938937/medium.jpeg","HumanObservation","iNaturalist research-grade observations","WGS84","gbifID:4921460972"
"CC-BY-NC",119968558,"https://www.inaturalist.org/observations/119968558","614165","Galaxias platei",2021-09-18,"2021/09/18 9:01 AM","","","Chiloe, Los Lagos, Chile",-42.8113682834,-73.9475781703,4,"https://inaturalist-open-data.s3.amazonaws.com/photos/202848683/medium.jpg","HumanObservation","iNaturalist research-grade observations","WGS84","gbifID:3888785423"
"CC-BY-NC",118463410,"https://www.inaturalist.org/observations/118463410","94271","Aphos porosus",2021-12-04,"2021/12/04 10:38 AM","","","Lechagua, Ancud, Los Lagos, Chile",-41.8714338048,-73.9055190822,1818,"https://inaturalist-open-data.s3.amazonaws.com/photos/200153291/medium.jpg","HumanObservation","iNaturalist research-grade observations","WGS84","gbifID:3802445008"
"CC-BY-NC",117750490,"https://www.inaturalist.org/observations/117750490","47518","Salmo trutta",2017-10-26,"2017-10-26 15:48:50-03:00","","","Corcovado, Cisnes, Aysén del General Carlos Ibáñez del Campo, CL",-44.0934817319,-73.084728285,2272,"https://inaturalist-open-data.s3.amazonaws.com/photos/198890990/medium.jpg","HumanObservation","iNaturalist research-grade observations","WGS84","gbifID:3785102904"
"CC-BY-ND",108625226,"https://www.inaturalist.org/observations/108625226","1513828","Cheirodon australis",2022-03-13,"2022/03/13 3:08 PM -0300","","","Chiloe, Los Lagos, Chile",-42.293649638,-73.7355956705,8,"https://inaturalist-open-data.s3.amazonaws.com/photos/182907416/medium.jpg","HumanObservation","iNaturalist research-grade observations","WGS84",NA
"CC-BY-ND",108625222,"https://www.inaturalist.org/observations/108625222","1513828","Cheirodon australis",2022-03-13,"2022/03/13 3:07 PM -03","","","Chiloe, Los Lagos, Chile",-42.2938101434,-73.7356385859,31,"https://inaturalist-open-data.s3.amazonaws.com/photos/182907345/medium.jpg","HumanObservation","iNaturalist research-grade observations","WGS84",NA
"",107438455,"https://www.inaturalist.org/observations/107438455","321994","Galaxias maculatus",2022-02-22,"2022-02-22 16:00:02","Mide desde 1cm hasta 5cm, hay muchos en  riachuelos.
","Mide desde 1cm hasta 5cm, hay muchos en  riachuelos.
","Ancud, Los Lagos, Chile",-42.1589282042,-73.5443476215,935,"https://static.inaturalist.org/photos/180699243/medium.jpeg","HumanObservation","iNaturalist research-grade observations","WGS84",NA
"CC-BY-ND",105940910,"https://www.inaturalist.org/observations/105940910","481592","Gobiesox marmoratus",2022-01-29,"2022/01/29 2:11 PM -0300","","","Chiloé, CL-LL, CL",-41.8661033414,-74.0123867848,4,"https://inaturalist-open-data.s3.amazonaws.com/photos/177862756/medium.jpg","HumanObservation","iNaturalist research-grade observations","WGS84",NA
"CC-BY",105425977,"https://www.inaturalist.org/observations/105425977","47258","Thyrsites atun",2022-01-22,"Sat Jan 22 2022 15:11:53 GMT-0300 (GMT-3)","Three fish on the left","Three fish on the left","Chiloé Island, Ancud, Los Lagos, CL",-41.867145,-73.8249133333,19,"https://inaturalist-open-data.s3.amazonaws.com/photos/176887222/medium.jpg","HumanObservation","iNaturalist research-grade observations","WGS84","gbifID:3759857777"
"CC-BY",105425965,"https://www.inaturalist.org/observations/105425965","97817","Cilus gilberti",2022-01-22,"Sat Jan 22 2022 15:11:53 GMT-0300 (GMT-3)","","","Chiloé Island, Ancud, Los Lagos, CL",-41.867145,-73.8249133333,19,"https://inaturalist-open-data.s3.amazonaws.com/photos/176887190/medium.jpg","HumanObservation","iNaturalist research-grade observations","WGS84","gbifID:3759835793"
"CC-BY-ND",103755731,"https://www.inaturalist.org/observations/103755731","621457","Leptonotus blainvilleanus",2021-12-26,"2021/12/26 11:18 AM -0300","ver pez aguja en el pico del gaviotín","ver pez aguja en el pico del gaviotín","Chiloé, CL-LL, CL",-42.5477929037,-73.5748755184,122,"https://inaturalist-open-data.s3.amazonaws.com/photos/173729188/medium.jpg","HumanObservation","iNaturalist research-grade observations","WGS84",NA
"CC-BY-ND",98641367,"https://www.inaturalist.org/observations/98641367","95969","Brachygalaxias bullocki",2021-10-16,"2021/10/16 3:54 PM -0300","","","Chiloe, Los Lagos, Chile",-42.3834884073,-73.9168483956,8,"https://inaturalist-open-data.s3.amazonaws.com/photos/164275369/medium.jpg","HumanObservation","iNaturalist research-grade observations","WGS84",NA
"",96828172,"https://www.inaturalist.org/observations/96828172","559300","Pinguipes chilensis",2015-03-11,"2015-03-11 11:20:26","","","Cisnes, Aysén, Chile",-44.2721485575,-73.1648945063,1178,"https://static.inaturalist.org/photos/160918053/medium.jpeg","HumanObservation","iNaturalist research-grade observations","WGS84",NA
"",92187354,"https://www.inaturalist.org/observations/92187354","94271","Aphos porosus",2021-03-16,"2021/03/16 4:00 PM HST","","","Islotes Caicura, Hualaihué, Chile",-41.7280556,-72.6858333,1619,"https://static.inaturalist.org/photos/152599250/medium.jpg","HumanObservation","iNaturalist research-grade observations","WGS84",NA
"CC-BY-NC",86106924,"https://www.inaturalist.org/observations/86106924","47516","Oncorhynchus mykiss",2019-01-26,"Sat Jan 26 2019 17:17:00 GMT-0800 (PST)","","","Futaleufú, Futaleufu, Los Lagos, CL",-43.1783364957,-71.7566977694,1715,"https://inaturalist-open-data.s3.amazonaws.com/photos/141807226/medium.jpg","HumanObservation","iNaturalist research-grade observations","WGS84","gbifID:3325865501"
"CC-BY-NC",76559374,"https://www.inaturalist.org/observations/76559374","505078","Sicyases sanguineus",2021-04-24,"2021/04/24 5:39 PM HST","Fotos de @mgargiulo ","Fotos de @mgargiulo ","Chiloé, CL-LL, CL",-41.9935657092,-74.0492083456,210,"https://inaturalist-open-data.s3.amazonaws.com/photos/125223253/medium.jpg","HumanObservation","iNaturalist research-grade observations","WGS84","gbifID:3112659469"
"CC-BY-ND",72809971,"https://www.inaturalist.org/observations/72809971","618992","Paralichthys microps",2021-04-03,"2021/04/03 4:30 PM -0300","","","Chiloe, Los Lagos, Chile",-42.5181022901,-73.7954258223,61,"https://inaturalist-open-data.s3.amazonaws.com/photos/118780138/medium.jpeg","HumanObservation","iNaturalist research-grade observations","WGS84",NA
"CC-BY-NC",72688859,"https://www.inaturalist.org/observations/72688859","49596","Salvelinus fontinalis",2005-01-11,"2005/01/11 9:19 AM CST","","","Bariloche Department, Río Negro, Argentina",-41.2700767146,-71.6477309846,178,"https://inaturalist-open-data.s3.amazonaws.com/photos/118555712/medium.jpg","HumanObservation","iNaturalist research-grade observations","WGS84","gbifID:3079509265"
"CC-BY-NC",72226604,"https://www.inaturalist.org/observations/72226604","47522","Oncorhynchus",2021-03-25,"2021/03/25 5:34 PM -0300","","","Bariloche, Río Negro, Argentina",-41.3576595949,-71.5465277499,122,"https://inaturalist-open-data.s3.amazonaws.com/photos/117720793/medium.jpg","HumanObservation","iNaturalist research-grade observations","WGS84","gbifID:4994519394"
"CC-BY-NC",71304712,"https://www.inaturalist.org/observations/71304712","321994","Galaxias maculatus",2021-03-14,"2021/03/14 2:42 PM HST","Muerto.","Muerto.","Chiloe, Los Lagos, Chile",-43.1204572176,-73.951251366,61,"https://inaturalist-open-data.s3.amazonaws.com/photos/116060820/medium.jpeg","HumanObservation","iNaturalist research-grade observations","WGS84","gbifID:3061530955"
"",69102805,"https://www.inaturalist.org/observations/69102805","321994","Galaxias maculatus",2021-02-05,"2021-02-05 5:51:34 PM GMT-03:00","","","Bariloche, Río Negro, Argentina",-41.3500408058,-71.586782299,9,"https://static.inaturalist.org/photos/112056185/medium.jpeg","HumanObservation","iNaturalist research-grade observations","WGS84",NA
"",68154190,"https://www.inaturalist.org/observations/68154190","621457","Leptonotus blainvilleanus",2021-01-16,"Sat Jan 16 2021 10:26:30 GMT-0300 (GMT-3)","","","Oceano Pacifico, Los Lagos, CL",-41.83099667,-73.1122445,10,"https://static.inaturalist.org/photos/110285927/medium.jpg","HumanObservation","iNaturalist research-grade observations","WGS84",NA
"CC-BY-NC",66835747,"https://www.inaturalist.org/observations/66835747","614739","Ophiogobius jenynsi",2020-01-13,"Mon Jan 13 2020 17:40:42 GMT+0100 (GMT+1)","","","Carretera Austral, Puerto Montt, Région de los Lagos, CL",-41.6361919935,-72.6695359002,28,"https://inaturalist-open-data.s3.amazonaws.com/photos/107836013/medium.jpg","HumanObservation","iNaturalist research-grade observations","WGS84","gbifID:4438659398"
"CC-BY-ND",66743405,"https://www.inaturalist.org/observations/66743405","321994","Galaxias maculatus",2020-12-17,"2020/12/17 6:21 PM -0300","","","Chiloe, Los Lagos, Chile",-42.3381734253,-73.7769110872,31,"https://inaturalist-open-data.s3.amazonaws.com/photos/107662604/medium.jpg","HumanObservation","iNaturalist research-grade observations","WGS84",NA
"",66546370,"https://www.inaturalist.org/observations/66546370","47518","Salmo trutta",2020-07-16,"2020-07-16 5:52:00 PM GMT-04:00","","","Palena, Los Lagos, Chile",-43.4892590356,-72.1237816662,56,"https://static.inaturalist.org/photos/107300386/medium.jpeg","HumanObservation","iNaturalist research-grade observations","WGS84",NA
"CC-BY",65492581,"https://www.inaturalist.org/observations/65492581","342904","Salmoninae",2007-11-18,"2007/11/18 10:22 AM -0300","","","Bariloche, Río Negro, Argentina",-41.5857254799,-71.4933202532,61,"https://inaturalist-open-data.s3.amazonaws.com/photos/105423328/medium.jpeg","HumanObservation","iNaturalist research-grade observations","WGS84","gbifID:4994034675"
"",62743978,"https://www.inaturalist.org/observations/62743978","321994","Galaxias maculatus",2020-10-16,"2020-10-16T13:53:49-03:00","","","Puerto Cisnes",-44.7254164,-72.681635,60,"https://inaturalist-open-data.s3.amazonaws.com/photos/100581331/medium.jpeg","HumanObservation","iNaturalist research-grade observations","WGS84",NA
"CC-BY-ND",61746607,"https://www.inaturalist.org/observations/61746607","95969","Brachygalaxias bullocki",2020-10-03,"2020/10/03 5:48 PM -0300","","","Chiloe, Los Lagos, Chile",-42.0433297636,-74.0099796822,61,"https://inaturalist-open-data.s3.amazonaws.com/photos/98839915/medium.jpg","HumanObservation","iNaturalist research-grade observations","WGS84",NA
"CC-BY-ND",61746101,"https://www.inaturalist.org/observations/61746101","321994","Galaxias maculatus",2020-10-03,"2020/10/03 4:58 PM -0300","","","Chiloe, Los Lagos, Chile",-42.0441187496,-74.0087157009,122,"https://inaturalist-open-data.s3.amazonaws.com/photos/98839273/medium.jpg","HumanObservation","iNaturalist research-grade observations","WGS84",NA
"CC-BY-ND",61745561,"https://www.inaturalist.org/observations/61745561","321994","Galaxias maculatus",2020-10-03,"2020/10/03 4:32 PM -0300","","","Chiloe, Los Lagos, Chile",-42.0433457588,-74.0096747878,122,"https://inaturalist-open-data.s3.amazonaws.com/photos/98838327/medium.jpg","HumanObservation","iNaturalist research-grade observations","WGS84",NA
"CC-BY-NC",59929491,"https://www.inaturalist.org/observations/59929491","97817","Cilus gilberti",2020-09-17,"Thu Sep 17 2020 18:18:34 GMT-0300 (GMT-3)","","","Oceano Pacifico, Los Lagos, CL",-41.62188,-73.65892833,5,"https://inaturalist-open-data.s3.amazonaws.com/photos/95793071/medium.jpg","HumanObservation","iNaturalist research-grade observations","WGS84","gbifID:4512060467"
"CC-BY-NC",59703211,"https://www.inaturalist.org/observations/59703211","614165","Galaxias platei",2020-09-12,"Sat Sep 12 2020 19:26:02 GMT-0300 (GMT-3)","Cría encontrada en Lago Natri, en la orilla, entre las plantas acuáticas, vimos solo uno, y estuvimos mucho tiempo  ahí.","Cría encontrada en Lago Natri, en la orilla, entre las plantas acuáticas, vimos solo uno, y estuvimos mucho tiempo  ahí.","Isla Grande de Chiloé, Chonchi, Los Lagos, CL",-42.7134784146,-73.7869657826,84,"https://inaturalist-open-data.s3.amazonaws.com/photos/95411390/medium.jpg","HumanObservation","iNaturalist research-grade observations","WGS84","gbifID:2864803797"
"CC-BY-ND",59583623,"https://www.inaturalist.org/observations/59583623","95969","Brachygalaxias bullocki",2020-08-16,"Sun Aug 16 2020 17:07:49 GMT-0400 (GMT-4)","","","Isla Grande de Chiloé, Chonchi, Los Lagos, CL",-42.726945,-74.1374445,48,"https://inaturalist-open-data.s3.amazonaws.com/photos/95213864/medium.jpg","HumanObservation","iNaturalist research-grade observations","WGS84",NA
"CC-BY-ND",59544228,"https://www.inaturalist.org/observations/59544228","321994","Galaxias maculatus",2020-09-13,"Sun Sep 13 2020 13:27:58 GMT-0300 (GMT-3)","Extraño puye de color verde","Extraño puye de color verde","Isla Grande de Chiloé, Ancud, Los Lagos, CL",-42.04336117,-74.00930833,4,"https://inaturalist-open-data.s3.amazonaws.com/photos/95148079/medium.jpg","HumanObservation","iNaturalist research-grade observations","WGS84",NA
"CC-BY-ND",59534951,"https://www.inaturalist.org/observations/59534951","321994","Galaxias maculatus",2020-09-13,"Sun Sep 13 2020 13:21:22 GMT-0300 (GMT-3)","Puye transparente","Puye transparente","Isla Grande de Chiloé, Ancud, Los Lagos, CL",-42.0433695,-74.00928612,8,"https://inaturalist-open-data.s3.amazonaws.com/photos/95132700/medium.jpg","HumanObservation","iNaturalist research-grade observations","WGS84",NA
"CC-BY-ND",59530230,"https://www.inaturalist.org/observations/59530230","1513828","Cheirodon australis",2020-09-13,"Sun Sep 13 2020 13:08:52 GMT-0300 (GMT-3)","","","Isla Grande de Chiloé, Ancud, Los Lagos, CL",-42.0420833032,-74.0106194417,740,"https://inaturalist-open-data.s3.amazonaws.com/photos/95124718/medium.jpg","HumanObservation","iNaturalist research-grade observations","WGS84",NA
"CC-BY-ND",59529018,"https://www.inaturalist.org/observations/59529018","321994","Galaxias maculatus",2020-09-13,"Sun Sep 13 2020 13:05:59 GMT-0300 (GMT-3)","","","Isla Grande de Chiloé, Ancud, Los Lagos, CL",-42.043175,-74.00936945,6,"https://inaturalist-open-data.s3.amazonaws.com/photos/95122452/medium.jpg","HumanObservation","iNaturalist research-grade observations","WGS84",NA
"CC-BY-NC",59381896,"https://www.inaturalist.org/observations/59381896","1513828","Cheirodon australis",2020-09-12,"Sat Sep 12 2020 16:52:52 GMT-0300 (GMT-3)","Pillamos parte de un gran cardumen.","Pillamos parte de un gran cardumen.","Isla Grande de Chiloé, Chonchi, Los Lagos, CL",-42.7137812943,-73.7862688423,119,"https://inaturalist-open-data.s3.amazonaws.com/photos/94876422/medium.jpg","HumanObservation","iNaturalist research-grade observations","WGS84","gbifID:2864665744"
"CC-BY-ND",58781153,"https://www.inaturalist.org/observations/58781153","614165","Galaxias platei",2020-09-06,"Sun Sep 06 2020 18:18:38 GMT-0300 (GMT-3)","3 individuos encontrados mediante uso de malla con un mango de 1,5m. Los individuos se encontraban cerca del fondo, entre las algas, y a cierta distancia unos de otros. Demoramos cerca de 30 min en capturar los 3 individuos en un tramo de río de unos 60 m. Atrapando  numerosos pulles comunes (G.maculatus) y pochas (Cheirodon australe) durante el muestreo. 

","3 individuos encontrados mediante uso de malla con un mango de 1,5m. Los individuos se encontraban cerca del fondo, entre las algas, y a cierta distancia unos de otros. Demoramos cerca de 30 min en capturar los 3 individuos en un tramo de río de unos 60 m. Atrapando  numerosos pulles comunes (G.maculatus) y pochas (Cheirodon australe) durante el muestreo. 

","Isla Grande de Chiloé, Chonchi, Los Lagos, CL",-42.60144167,-74.12021667,8,"https://inaturalist-open-data.s3.amazonaws.com/photos/93867546/medium.jpg","HumanObservation","iNaturalist research-grade observations","WGS84",NA
"CC-BY-ND",58780235,"https://www.inaturalist.org/observations/58780235","321994","Galaxias maculatus",2020-09-06,"Sun Sep 06 2020 18:16:23 GMT-0300 (GMT-3)","","","Isla Grande de Chiloé, Chonchi, Los Lagos, CL",-42.60134167,-74.120225,16,"https://inaturalist-open-data.s3.amazonaws.com/photos/93865895/medium.jpg","HumanObservation","iNaturalist research-grade observations","WGS84",NA
"CC-BY-ND",58779928,"https://www.inaturalist.org/observations/58779928","1513828","Cheirodon australis",2020-09-06,"Sun Sep 06 2020 18:19:01 GMT-0300 (GMT-3)","","","Isla Grande de Chiloé, Chonchi, Los Lagos, CL",-42.60147833,-74.1202,4,"https://inaturalist-open-data.s3.amazonaws.com/photos/93865370/medium.jpg","HumanObservation","iNaturalist research-grade observations","WGS84",NA
"CC-BY-NC",58779165,"https://www.inaturalist.org/observations/58779165","1513828","Cheirodon australis",2020-09-06,"Sun Sep 06 2020 18:10:04 GMT-0300 (GMT-3)","Cría.","Cría.","Isla Grande de Chiloé, Chonchi, Los Lagos, CL",-42.6011391283,-74.1201537556,581,"https://inaturalist-open-data.s3.amazonaws.com/photos/93863973/medium.jpg","HumanObservation","iNaturalist research-grade observations","WGS84","gbifID:2862361936"
"CC-BY-NC",58779058,"https://www.inaturalist.org/observations/58779058","1513828","Cheirodon australis",2020-09-06,"Sun Sep 06 2020 18:20:15 GMT-0300 (GMT-3)","Individuo adulto.","Individuo adulto.","Isla Grande de Chiloé, Chonchi, Los Lagos, CL",-42.6011717934,-74.1199761582,384,"https://inaturalist-open-data.s3.amazonaws.com/photos/93863747/medium.jpg","HumanObservation","iNaturalist research-grade observations","WGS84","gbifID:2862358986"
"CC-BY-NC",58775398,"https://www.inaturalist.org/observations/58775398","614165","Galaxias platei",2020-09-06,"Sun Sep 06 2020 18:03:14 GMT-0300 (GMT-3)","Identificado por Bladimir Murillo. Encontramos 3 en el Río Cipresal .Los otros individuos los suben @bastiangargiulo y @matias_gargiulo.","Identificado por Bladimir Murillo. Encontramos 3 en el Río Cipresal .Los otros individuos los suben @bastiangargiulo y @matias_gargiulo.","Isla Grande de Chiloé, Chonchi, Los Lagos, CL",-42.6014060203,-74.1201507454,69,"https://inaturalist-open-data.s3.amazonaws.com/photos/93866881/medium.jpg","HumanObservation","iNaturalist research-grade observations","WGS84","gbifID:2862488933"
"",58152728,"https://www.inaturalist.org/observations/58152728","47516","Oncorhynchus mykiss",2017-01-05,"2017/01/05 6:11 PM -0300","","","Lago Rivadavia, Chubut, Argentina",-42.6018937612,-71.6581084594,241,"https://static.inaturalist.org/photos/92816125/medium.jpeg","HumanObservation","iNaturalist research-grade observations","WGS84",NA
"CC-BY-NC",57853019,"https://www.inaturalist.org/observations/57853019","618673","Genypterus chilensis",2020-08-28,"Fri Aug 28 2020 13:36:54 GMT-0400 (GMT-4)","la ubicacion corresponde a la zona de donde me dicen que los obtuvieron","la ubicacion corresponde a la zona de donde me dicen que los obtuvieron","Gaspar del Río, Maullín, Los Lagos, CL",-41.644688,-73.749504,7721,"https://inaturalist-open-data.s3.amazonaws.com/photos/92315304/medium.jpg","HumanObservation","iNaturalist research-grade observations","WGS84","gbifID:4512027376"
"CC-BY-ND",57337066,"https://www.inaturalist.org/observations/57337066","614739","Ophiogobius jenynsi",2011-12-23,"Fri Dec 23 2011 19:36:10 GMT-0300 (GMT-3)","Debajo de las piedras en marea baja","Debajo de las piedras en marea baja","Isla Grande de Chiloé, Castro, Los Lagos, CL",-42.4735086083,-73.7475995092,282,"https://inaturalist-open-data.s3.amazonaws.com/photos/91447136/medium.jpg","HumanObservation","iNaturalist research-grade observations","WGS84",NA
"CC-BY-ND",54481094,"https://www.inaturalist.org/observations/54481094","95969","Brachygalaxias bullocki",2020-07-26,"2020/07/26 10:50 PM -0400","","","Chiloe, Los Lagos, Chile",-42.7010012119,-74.1235471981,8,"https://inaturalist-open-data.s3.amazonaws.com/photos/86691695/medium.jpg","HumanObservation","iNaturalist research-grade observations","WGS84",NA
"CC-BY-ND",52749934,"https://www.inaturalist.org/observations/52749934","620534","Sebastes oculatus",2015-04-11,"Sat Apr 11 2015 16:23:25 GMT-0300 (GMT-3)","","","Oceano Pacifico, Los Lagos, CL",-42.5764881698,-73.7530566264,442,"https://inaturalist-open-data.s3.amazonaws.com/photos/83873920/medium.jpg","HumanObservation","iNaturalist research-grade observations","WGS84",NA
"CC-BY-ND",52748096,"https://www.inaturalist.org/observations/52748096","559300","Pinguipes chilensis",2015-04-19,"Sun Apr 19 2015 13:50:20 GMT-0300 (GMT-3)","","","Oceano Pacifico, Los Lagos, CL",-42.5765150682,-73.7526976269,712,"https://inaturalist-open-data.s3.amazonaws.com/photos/83870701/medium.jpg","HumanObservation","iNaturalist research-grade observations","WGS84",NA
"CC-BY-ND",52640603,"https://www.inaturalist.org/observations/52640603","321994","Galaxias maculatus",2020-07-05,"Sun Jul 05 2020 16:22:58 GMT-0400 (GMT-4)","Por el tono plateado podria ser la variedad catadroma","Por el tono plateado podria ser la variedad catadroma","Lago Huillinco, Chonchi, Los Lagos, CL",-42.65700833,-73.93341167,6,"https://inaturalist-open-data.s3.amazonaws.com/photos/83693933/medium.jpg","HumanObservation","iNaturalist research-grade observations","WGS84",NA
"CC-BY-NC",50255470,"https://www.inaturalist.org/observations/50255470","342904","Salmoninae",2015-02-02,"2015/02/02 2:59 PM -0300","","","Futaleufú, Chubut, Argentina",-43.1370473967,-71.5808419911,122,"https://static.inaturalist.org/photos/79804816/medium.jpeg","HumanObservation","iNaturalist research-grade observations","WGS84","gbifID:5007358440"
"CC-BY-ND",49523660,"https://www.inaturalist.org/observations/49523660","1513828","Cheirodon australis",2020-06-13,"2020/06/13 7:21 PM -0400","","","Chiloe, Los Lagos, Chile",-42.7134835084,-73.787018741,15,"https://inaturalist-open-data.s3.amazonaws.com/photos/78617550/medium.jpg","HumanObservation","iNaturalist research-grade observations","WGS84",NA
"CC-BY-ND",44539373,"https://www.inaturalist.org/observations/44539373","321994","Galaxias maculatus",2020-05-01,"Fri May 01 2020 10:09:11 GMT-0400 (GMT-4)","","","Isla Grande de Chiloé, Chonchi, Los Lagos, CL",-42.713445,-73.787095,65,"https://inaturalist-open-data.s3.amazonaws.com/photos/70614522/medium.jpg","HumanObservation","iNaturalist research-grade observations","WGS84",NA
"CC-BY-NC",44530464,"https://www.inaturalist.org/observations/44530464","321994","Galaxias maculatus",2020-05-01,"2020/05/01 11:11 AM HST","","","Chiloe, Los Lagos, Chile",-42.7134701816,-73.7872229782,4,"https://inaturalist-open-data.s3.amazonaws.com/photos/70598313/medium.jpeg","HumanObservation","iNaturalist research-grade observations","WGS84","gbifID:2634364610"
"CC-BY-ND",39685661,"https://www.inaturalist.org/observations/39685661","321994","Galaxias maculatus",2020-03-07,"Sat Mar 07 2020 16:43:02 GMT-0300 (GMT-3)","","","Isla Grande de Chiloé, Ancud, Los Lagos, CL",-42.04329717,-74.00935278,8,"https://inaturalist-open-data.s3.amazonaws.com/photos/62985933/medium.jpg","HumanObservation","iNaturalist research-grade observations","WGS84",NA
"CC-BY-NC",39675710,"https://www.inaturalist.org/observations/39675710","321994","Galaxias maculatus",2020-03-07,"2020/03/07 4:42 PM HST","","","Chiloe, Los Lagos, Chile",-42.0432030594,-74.0095890905,4,"https://inaturalist-open-data.s3.amazonaws.com/photos/62968684/medium.jpeg","HumanObservation","iNaturalist research-grade observations","WGS84","gbifID:2626426641"
"",39470069,"https://www.inaturalist.org/observations/39470069","47516","Oncorhynchus mykiss",2020-02-24,"2020/02/24 4:08 PM -0300","","","Futaleufú, Chubut, Argentina",-42.6701876223,-71.696476112,61,"https://static.inaturalist.org/photos/62626116/medium.jpg","HumanObservation","iNaturalist research-grade observations","WGS84",NA
"CC-BY-ND",39458094,"https://www.inaturalist.org/observations/39458094","47518","Salmo trutta",2018-12-16,"2018/12/16 11:40 AM -0300","","","Chiloé, CL-LL, CL",-42.5381636016,-73.8279788248,5,"https://inaturalist-open-data.s3.amazonaws.com/photos/62606205/medium.jpg","HumanObservation","iNaturalist research-grade observations","WGS84",NA
"CC-BY",38785480,"https://www.inaturalist.org/observations/38785480","321994","Galaxias maculatus",2020-02-13,"2020/02/13 1:35 PM -0400","","","Peulla, Puerto Varas, Región de Los Lagos, Chile",-41.0943611396,-72.0268254536,4,"https://inaturalist-open-data.s3.amazonaws.com/photos/61695599/medium.jpg","HumanObservation","iNaturalist research-grade observations","WGS84","gbifID:4921542326"
"CC-BY-NC",36887618,"https://www.inaturalist.org/observations/36887618","47518","Salmo trutta",2018-12-17,"2018/12/17 10:39 AM UTC","","","Chiloe, Los Lagos, Chile",-42.565697397,-73.8912221299,8,"https://inaturalist-open-data.s3.amazonaws.com/photos/58385339/medium.jpeg","HumanObservation","iNaturalist research-grade observations","WGS84","gbifID:2540860324"
"CC-BY-NC",36288959,"https://www.inaturalist.org/observations/36288959","47516","Oncorhynchus mykiss",2019-11-22,"Fri Nov 22 2019 16:51:11 GMT-0500 (EST)","","","Vicente Perez Rosales, CL-LL-LL, CL-LL, CL",-41.1949856866,-72.1318126111,926,"https://inaturalist-open-data.s3.amazonaws.com/photos/57346839/medium.jpg","HumanObservation","iNaturalist research-grade observations","WGS84","gbifID:2465215453"
"CC-BY-NC",36288782,"https://www.inaturalist.org/observations/36288782","47518","Salmo trutta",2019-11-21,"Thu Nov 21 2019 09:12:06 GMT-0500 (EST)","Approximately 2 kg","Approximately 2 kg","Vicente Perez Rosales, CL-LL-LL, CL-LL, CL",-41.1843310159,-72.0694016401,4,"https://inaturalist-open-data.s3.amazonaws.com/photos/57346526/medium.jpg","HumanObservation","iNaturalist research-grade observations","WGS84","gbifID:2465288752"
"CC-BY-NC",35982550,"https://www.inaturalist.org/observations/35982550","107357","Odontesthes mauleanum",2019-11-21,"Thu Nov 21 2019 11:13:55 GMT-0300 (GMT-3)","Approximately 25-30cm long.

Regurgitated by a brown trout (around 2kg trout), likely having just been eaten before the trout was caught on a fly.","Approximately 25-30cm long.

Regurgitated by a brown trout (around 2kg trout), likely having just been eaten before the trout was caught on a fly.","Vicente Perez Rosales, CL-LL-LL, CL-LL, CL",-41.0459734168,-72.1794227885,18955,"https://inaturalist-open-data.s3.amazonaws.com/photos/56818780/medium.jpg","HumanObservation","iNaturalist research-grade observations","WGS84","gbifID:4950188116"
"",35945357,"https://www.inaturalist.org/observations/35945357","620534","Sebastes oculatus",2016-02-17,"2016-02-17 12:00:00 AM GMT-03:00","Found it when I was fishing near Chiloé, in the south of Chile. It lives in the depth of the sea, at least 50 meters underwater.
It was really easy to catch. ","Found it when I was fishing near Chiloé, in the south of Chile. It lives in the depth of the sea, at least 50 meters underwater.
It was really easy to catch. ","Chile",-43.6368919167,-72.9699683189,62877,"https://static.inaturalist.org/photos/56749993/medium.jpg","HumanObservation","iNaturalist research-grade observations","WGS84",NA
"CC-BY-NC",35850145,"https://www.inaturalist.org/observations/35850145","47516","Oncorhynchus mykiss",2019-11-19,"Tue Nov 19 2019 11:24:19 GMT-0300 (GMT-3)","","","Oceano Pacifico, Los Lagos, CL",-41.5109259794,-72.9404909782,39506,"https://inaturalist-open-data.s3.amazonaws.com/photos/56583951/medium.jpg","HumanObservation","iNaturalist research-grade observations","WGS84","gbifID:2460158804"
"CC-BY-NC-SA",21466572,"https://www.inaturalist.org/observations/21466572","47516","Oncorhynchus mykiss",2019-03-20,"2019-03-20 1:50:14 nachm. GMT-03:00","","","Departamento Futaleufú, Provinz Chubut, Argentinien",-42.7428136125,-71.7430011928,11,"https://inaturalist-open-data.s3.amazonaws.com/photos/33214501/medium.png","HumanObservation","iNaturalist research-grade observations","WGS84",NA
"",20541577,"https://www.inaturalist.org/observations/20541577","607958","Talismania aphos",2004-04-21,"Wed Apr 21 2004 12:19:51 GMT-0400 (GMT-4)","","","Oceano Pacifico, , Aysén del General Carlos Ibáñez del Campo, CL",-43.9601240792,-74.338126784,156367,"https://static.inaturalist.org/photos/31709795/medium.jpg","HumanObservation","iNaturalist research-grade observations","WGS84",NA
"",18860506,"https://www.inaturalist.org/observations/18860506","541858","Eleginops maclovinus",2012-02-25,"Sat Feb 25 2012 19:25:29 GMT-0300 (GMT-3)","","","5480000, Puerto Montt, Los Lagos, CL",-41.5936366667,-72.707905,NA,"https://static.inaturalist.org/photos/28896471/medium.jpg","HumanObservation","iNaturalist research-grade observations","WGS84",NA
"",16255130,"https://www.inaturalist.org/observations/16255130","47516","Oncorhynchus mykiss",2017-02-21,"Tue Feb 21 2017 17:12:04 GMT-0300 (GMT-3)","","","Lago Chapo, Puerto Montt, Los Lagos, CL",-41.424825,-72.4898216667,5,"https://static.inaturalist.org/photos/24403465/medium.jpg","HumanObservation","iNaturalist research-grade observations","WGS84",NA
"",15934347,"https://www.inaturalist.org/observations/15934347","47516","Oncorhynchus mykiss",2018-08-26,"2018-08-26 11:45:27 p. m. GMT-03:00","","","Palena, Región de los Lagos, Chile",-43.2199786224,-72.3849235475,4208,"https://static.inaturalist.org/photos/23840037/medium.jpg","HumanObservation","iNaturalist research-grade observations","WGS84",NA
"CC-BY-NC-SA",122375,"http://www.inaturalist.org/observations/122375","47516","Oncorhynchus mykiss",2012-03-06,"2012-03-06","rainbow trout","rainbow trout","Bariloche, Argentina",-42.6450189392,-71.8794312945,NA,"https://inaturalist-open-data.s3.amazonaws.com/photos/174510/medium.jpg","HumanObservation","iNaturalist research-grade observations","WGS84",NA
