id_CC_original,id_CC_original,match_id,correcting_match,match_status,n_keys_used,match_keys_used,datasetName,canonicalName,year,eventDate,locality,decimalLatitude,decimalLongitude,bibliographicCitation,catalogNumber,occurrenceID,institutionCode,Duplicate,Comment,.references,.associatedReferences,.decimalLatitude,.decimalLongitude,.locality,.year,.eventDate,.bibliographicCitation,.canonicalName,.scientificName,.catalogNumber,.recordedBy,.occurrenceID
14,14,NA,"unlink, record via iDigBio",no_match,NA,NA,gbif,eleginops maclovinus,1888,1888-02,port otway,-46.83,-75.3,NA,usnm 77318,http://n2t.net/ark:/65665/3cbe480df-3e43-44a5-a66f-d3c414b43b8d,usnm,0,NA,NA,NA,NA,NA,NA,NA,NA,NA,NA,NA,NA,NA,NA
16,16,9,,matched,3,datasetName;canonicalName;decimalLatitude,vert,eleginops maclovinus,1888,NA,port otway,-46.83,-75.3,National Museum of N,77318,http://n2t.net/ark:/65665/3cbe480df-3e43-44a5-a66f-d3c414b43b8d,usnm,0,NA,NA,NA,NA,NA,NA,NA,NA,NA,NA,NA,NA,NA,NA
18,18,13,,matched,3,datasetName;canonicalName;decimalLatitude,agui,galaxias maculatus,NA,NA,port otway,-46.8333333329,-75.2999999996,Rademacher K. 2007. ,1082,NA,NA,0,NA,NA,NA,NA,NA,NA,NA,NA,NA,NA,NA,NA,NA,NA
26,26,18,good,matched,4,datasetName;canonicalName;decimalLatitude;decimalLongitude,mma2,galaxias maculatus,2014,2014-04-24,rio tote. isla madre de dios,-50.386,-75.251,OrigenReg: Base Dato,NA,NA,NA,1,"associatedReferences: (Górski et al., 2017)",NA,"Górski et al., 2017",NA,NA,NA,NA,NA,NA,NA,NA,NA,NA,NA
44,44,28,,matched,3,datasetName;canonicalName;decimalLatitude,mma2,aplochiton zebra,NA,NA,canal messier. isla juan stuven,-47.81,-74.764,FuenteReg: Gunther 1,NA,NA,NA,NA,Change bibliographicReference to: FuenteReg: Gunther 1880 Estudio: Campos et al. 1993b,NA,NA,NA,NA,NA,NA,NA,"FuenteReg: Gunther 1880, Estudio: Campos et al. 1993b",NA,NA,NA,NA,NA
45,45,29,,matched,3,datasetName;canonicalName;decimalLatitude,agui,aplochiton taeniatus,NA,NA,isla harbor,-47.7499999998,-74.7499999998,Zama A. y Cárdenas E,1352,NA,NA,NA,"change locality to Puerto Island (english name is Island Harbor, which is translated to Puerto Island. Coordinate is -48.050901, -74.588702",NA,NA,-48.050901,-74.588702,Puerto Island,NA,NA,NA,NA,NA,NA,NA,NA
56,56,38,,matched,3,datasetName;canonicalName;decimalLatitude,agui,aplochiton marinus,NA,NA,isla wellington,-49.5333333329,-74.5000000003,Zama A. y Cárdenas E,1349,NA,NA,1,"eventDate= 1977-09-21; year=1977; Locality= Isla Wellington, Estero Veto",NA,NA,NA,NA,"Isla Wellington, Estero Veto",1977,1977-09-21,NA,NA,NA,NA,NA,NA
57,57,39,,matched,3,datasetName;canonicalName;decimalLatitude,agui,aplochiton taeniatus,1977,NA,estero veto,-49.5333333329,-74.5000000003,"McDowall, R., & Naka",906,NA,NA,NA,"change coordinate to -49.511663, -74.499677",NA,NA,-49.511663,-74.499677,NA,NA,NA,NA,NA,NA,NA,NA,NA
58,58,40,,matched,3,datasetName;canonicalName;decimalLatitude,mma2,aplochiton marinus,1977,1977-09-21,estero veto. costeras  orientales  entre  fiordo veto y fiordo antrim,-49.533,-74.5,"OrigenReg: Zama, A.,",NA,NA,NA,0,NA,NA,NA,NA,NA,NA,NA,NA,NA,NA,NA,NA,NA,NA
61,61,42,,matched,5,datasetName;canonicalName;decimalLatitude;decimalLongitude;bibliographicCitation,agui,galaxias maculatus,2013,NA,lago konrad po,-51.1777777784,-74.4383333329,"Górski, K., González",726,NA,NA,0,NA,NA,NA,NA,NA,NA,NA,NA,NA,NA,NA,NA,NA,NA
62,62,43,,matched,5,datasetName;canonicalName;decimalLatitude;decimalLongitude;bibliographicCitation,agui,galaxias maculatus,2014,NA,lago konrad po,-51.1777777784,-74.4383333329,"Pérez, S., Manosalva",1050,NA,NA,0,NA,NA,NA,NA,NA,NA,NA,NA,NA,NA,NA,NA,NA,NA
65,65,45,good,matched,3,datasetName;canonicalName;decimalLatitude,mma2,galaxias maculatus,2014,2014-03-27,lago konrad. bahia donaldson. islas presidente gabriel gonzalez videla,-51.178,-74.438,OrigenReg: Base Dato,NA,NA,NA,1,associatedReferences (Górski et al. 2017 | Pérez et al. 2022),NA,Górski et al. 2017 | Pérez et al. 2022,NA,NA,NA,NA,NA,NA,NA,NA,NA,NA,NA
72,72,49,,matched,5,datasetName;canonicalName;decimalLatitude;decimalLongitude;bibliographicCitation,agui,galaxias maculatus,2013,NA,río konrad po,-51.1802777777,-74.432222222,"Górski, K., González",725,NA,NA,0,NA,NA,NA,NA,NA,NA,NA,NA,NA,NA,NA,NA,NA,NA
73,73,50,,matched,5,datasetName;canonicalName;decimalLatitude;decimalLongitude;bibliographicCitation,agui,galaxias maculatus,2014,NA,estuario konrad po,-51.1802777777,-74.432222222,"Pérez, S., Manosalva",1049,NA,NA,0,NA,NA,NA,NA,NA,NA,NA,NA,NA,NA,NA,NA,NA,NA
78,78,NA,53,no_match,NA,NA,mma2,galaxias maculatus,2014,2014-04-03,rio konrad. bahia donaldson. islas presidente gabriel gonzalez videla,-51.18,-74.432,OrigenReg: Base Dato,NA,NA,NA,1,associatedReferences (Górski et al. 2017 | Pérez et al. 2022),NA,Górski et al. 2017 | Pérez et al. 2022,NA,NA,NA,NA,NA,NA,NA,NA,NA,NA,NA
89,89,58,good,matched,4,datasetName;canonicalName;decimalLatitude;decimalLongitude,mma2,eleginops maclovinus,2014,2014-02-14,rio balderas. sector puerto eden. costeras  orientales  entre  fiordo  beauchamp y fiordo veto,-49.134,-74.427,OrigenReg: Base Dato,NA,NA,NA,1,associatedReferences (Górski et al. 2017),NA,Górski et al. 2017,NA,NA,NA,NA,NA,NA,NA,NA,NA,NA,NA
91,91,59,,matched,4,datasetName;canonicalName;decimalLatitude;decimalLongitude,mma2,galaxias maculatus,2014,2014-04-24,rio balderas. sector puerto eden. costeras  orientales  entre  fiordo  beauchamp y fiordo veto,-49.134,-74.427,OrigenReg: Base Dato,NA,NA,NA,1,associatedReferences (Górski et al. 2017),NA,Górski et al. 2017,NA,NA,NA,NA,NA,NA,NA,NA,NA,NA,NA
93,93,60,,matched,3,datasetName;canonicalName;decimalLatitude,agui,eleginops maclovinus,2013,NA,río balderas,-49.1341666671,-74.4269444444,"Górski, K., González",716,NA,NA,0,associatedReference: (Górski et al. 2017),NA,Górski et al. 2017,NA,NA,NA,NA,NA,NA,NA,NA,NA,NA,NA
94,94,61,,matched,3,datasetName;canonicalName;decimalLatitude,agui,galaxias maculatus,2013,NA,río balderas,-49.1341666671,-74.4269444444,"Górski, K., González",720,NA,NA,0,NA,NA,NA,NA,NA,NA,NA,NA,NA,NA,NA,NA,NA,NA
98,98,64,,matched,3,datasetName;canonicalName;decimalLatitude,agui,eleginops maclovinus,2013,NA,bahía lackawana,-49.1719444442,-74.4111111109,"Górski, K., González",717,NA,NA,0,NA,NA,NA,NA,NA,NA,NA,NA,NA,NA,NA,NA,NA,NA
99,99,65,,matched,3,datasetName;canonicalName;decimalLatitude,agui,galaxias maculatus,2013,NA,bahía lackawana,-49.1719444442,-74.4111111109,"Górski, K., González",721,NA,NA,0,NA,NA,NA,NA,NA,NA,NA,NA,NA,NA,NA,NA,NA,NA
101,101,66,good,matched,3,datasetName;canonicalName;decimalLatitude,mma2,eleginops maclovinus,2014,2014-02-14,rio lackawana. sector puerto eden. costeras  orientales  entre  fiordo  beauchamp y fiordo veto,-49.172,-74.411,OrigenReg: Base Dato,NA,NA,NA,1,associatedReference: (Górski et al. 2017),NA,Górski et al. 2017,NA,NA,NA,NA,NA,NA,NA,NA,NA,NA,NA
105,105,68,good,matched,3,datasetName;canonicalName;decimalLatitude,mma2,galaxias maculatus,2014,2014-04-24,rio lackawana. sector puerto eden. costeras  orientales  entre  fiordo  beauchamp y fiordo veto,-49.172,-74.411,OrigenReg: Base Dato,NA,NA,NA,1,associatedReferences (Górski et al. 2017),NA,Górski et al. 2017,NA,NA,NA,NA,NA,NA,NA,NA,NA,NA,NA
113,113,74,,matched,3,datasetName;canonicalName;decimalLatitude,idig,eleginops maclovinus,1931,NA,golfo de penas,-48.4583333,-74.3916667,NA,1936.8.26.915,69778f10-9b29-40a0-a178-26b3bc0e4c02,nhmuk,0,NA,NA,NA,NA,NA,NA,NA,NA,NA,NA,NA,NA,NA,NA
114,114,NA,unlink,no_match,NA,NA,agui,eleginops maclovinus,NA,NA,-,-48.4583333332,-74.3916666666,Rademacher K. 2007. ,1076,NA,NA,0,Remove,NA,NA,NA,NA,NA,NA,NA,NA,NA,NA,NA,NA,NA
122,122,81,,matched,3,datasetName;canonicalName;decimalLatitude,agui,oncorhynchus kisutch,2013,NA,río tote,-50.3859722217,-74.2511944444,"Górski, K., González",732,NA,NA,NA,"change coordinates to: -50.385972, -74.251194",NA,NA,-50.385972,-74.251194,NA,NA,NA,NA,NA,NA,NA,NA,NA
125,125,82,,matched,3,datasetName;canonicalName;decimalLatitude,agui,galaxias maculatus,2013,NA,río tote,-50.3861111112,-74.2511111114,"Górski, K., González",724,NA,NA,0,NA,NA,NA,NA,NA,NA,NA,NA,NA,NA,NA,NA,NA,NA
130,130,85,,matched,3,datasetName;canonicalName;decimalLatitude,gbif,galaxiidae,1872,1872,"off straits of magellan, puerto bueno",-50.99286,-74.21539,NA,6594,mcz:ich:6594,mcz,0,NA,NA,NA,NA,NA,NA,NA,NA,NA,NA,NA,NA,NA,NA
141,141,94,good,matched,3,datasetName;canonicalName;decimalLatitude,mma2,galaxias maculatus,2014,2014-04-24,rio evelyn. bahia elizabeth. costeras canal mesier limite region - peninsula exmouth,-49.198,-74.144,OrigenReg: Base Dato,NA,NA,NA,1,associatedReferences (Górski et al. 2017),NA,Górski et al. 2017,NA,NA,NA,NA,NA,NA,NA,NA,NA,NA,NA
146,146,96,,matched,3,datasetName;canonicalName;decimalLatitude,agui,galaxias maculatus,2013,NA,río elizabeth,-49.1980555556,-74.1436111111,"Górski, K., González",722,NA,NA,0,NA,NA,NA,NA,NA,NA,NA,NA,NA,NA,NA,NA,NA,NA
147,147,97,,matched,3,datasetName;canonicalName;decimalLatitude,mma2,galaxias maculatus,2014,2014-04-24,lago evelyn. bahia elizabeth. costeras canal mesier limite region - peninsula exmouth,-49.195,-74.141,OrigenReg: Base Dato,NA,NA,NA,1,associatedReferences (Górski et al. 2017),NA,Górski et al. 2017,NA,NA,NA,NA,NA,NA,NA,NA,NA,NA,NA
153,153,101,,matched,3,datasetName;canonicalName;decimalLatitude,agui,galaxias maculatus,2013,NA,lago evelyn,-49.1952777782,-74.1405555556,"Górski, K., González",723,NA,NA,0,NA,NA,NA,NA,NA,NA,NA,NA,NA,NA,NA,NA,NA,NA
175,175,118,good,matched,2,datasetName;canonicalName,mma2,galaxias globiceps,NA,NA,río cipresal. costa occidental de la isla de chiloé. costeras vertientes oeste entre rio chepu y rio cucao,-42.604,-74.123,FuenteReg: Murillo &,NA,NA,NA,1,also in Cussac et al. 2004,NA,"Cussac et al., 2004",NA,NA,NA,NA,NA,NA,NA,NA,NA,NA,NA
194,194,128,,matched,3,datasetName;canonicalName;decimalLatitude,mma2,aplochiton marinus,2011,2011-01-23,"lago huelde, chiloé. pequeño lago costero. costeras vertientes oeste entre rio chepu y rio cucao",-42.595,-74.117,"OrigenReg: Alo, D., ",NA,NA,NA,0,NA,NA,NA,NA,NA,NA,NA,NA,NA,NA,NA,NA,NA,NA
301,301,230,,matched,5,datasetName;canonicalName;decimalLatitude;decimalLongitude;bibliographicCitation,agui,salmo trutta,2006,NA,lago cucao,-42.6394560004,-74.0669899996,"Habit, E., Gonzalez,",761,NA,NA,1,"associatedsReference: (Cussac et al., 2020)",NA,"Cussac et al., 2020",NA,NA,NA,NA,NA,NA,NA,NA,NA,NA,NA
302,302,231,,matched,5,datasetName;canonicalName;decimalLatitude;decimalLongitude;bibliographicCitation,agui,salmo trutta,NA,NA,lago cucao,-42.6394560004,-74.0669899996,"Cussac, V.E.; Barran",519,NA,NA,0,NA,NA,NA,NA,NA,NA,NA,NA,NA,NA,NA,NA,NA,NA
303,303,232,,matched,3,datasetName;canonicalName;decimalLatitude,mma2,galaxias maculatus,2007,2007-12-22,lago cucuao. en cucao. costera vertiente oeste entre rio cucao (incluido) y rio medina (incluido),-42.648,-74.058,OrigenReg: Base Dato,NA,NA,NA,NA,associatedReference: (Habit et al. 2012),NA,Habit et al. 2012,NA,NA,NA,NA,NA,NA,NA,NA,NA,NA,NA
311,311,238,,matched,3,datasetName;canonicalName;decimalLatitude,agui,aplochiton zebra,NA,NA,"u29, chiloé",-41.9600000004,-74.0399999996,"Vanhaecke, D., Garci",1253,NA,NA,0,NA,NA,NA,NA,NA,NA,NA,NA,NA,NA,NA,NA,NA,NA
312,312,239,,matched,3,datasetName;canonicalName;decimalLatitude,agui,aplochiton zebra,2007,2007-12-03,"u29, chiloé",-41.9590000001,-74.0399999996,"Vanhaecke D, Garcia ",1244,NA,NA,0,NA,NA,NA,NA,NA,NA,NA,NA,NA,NA,NA,NA,NA,NA
319,319,246,,matched,3,datasetName;canonicalName;decimalLatitude,agui,aplochiton taeniatus,2007,2007-11-29,"u24, chiloé",-41.811,-74.031,"Vanhaecke D, Garcia ",1233,NA,NA,0,NA,NA,NA,NA,NA,NA,NA,NA,NA,NA,NA,NA,NA,NA
329,329,256,,matched,3,datasetName;canonicalName;decimalLatitude,agui,aplochiton taeniatus,2007,2007-12-02,"u28, chiloé",-41.9459999996,-74.0240000001,"Vanhaecke D, Garcia ",1239,NA,NA,0,NA,NA,NA,NA,NA,NA,NA,NA,NA,NA,NA,NA,NA,NA
330,330,257,,matched,3,datasetName;canonicalName;decimalLatitude,agui,aplochiton zebra,2007,2007-12-02,"u28, chiloé",-41.9459999996,-74.0240000001,"Vanhaecke D, Garcia ",1243,NA,NA,0,NA,NA,NA,NA,NA,NA,NA,NA,NA,NA,NA,NA,NA,NA
336,336,263,,matched,3,datasetName;canonicalName;decimalLatitude,agui,aplochiton taeniatus,2007,2007-12-01,puñihuil,-41.9310000003,-74.0229999998,"Vanhaecke D, Garcia ",1238,NA,NA,0,NA,NA,NA,NA,NA,NA,NA,NA,NA,NA,NA,NA,NA,NA
345,345,270,,matched,3,datasetName;canonicalName;decimalLatitude,agui,aplochiton taeniatus,NA,NA,"u28, chiloé",-41.9499999997,-74.02,"Vanhaecke, D., Garci",1249,NA,NA,0,NA,NA,NA,NA,NA,NA,NA,NA,NA,NA,NA,NA,NA,NA
346,346,271,,matched,3,datasetName;canonicalName;decimalLatitude,agui,aplochiton zebra,NA,NA,"u28, chiloé",-41.9499999997,-74.02,"Vanhaecke, D., Garci",1252,NA,NA,0,NA,NA,NA,NA,NA,NA,NA,NA,NA,NA,NA,NA,NA,NA
351,351,276,,matched,3,datasetName;canonicalName;decimalLatitude,agui,aplochiton taeniatus,2007,2007-12-04,"u30, chiloé",-41.9840000001,-74.0119999998,"Vanhaecke D, Garcia ",1240,NA,NA,0,NA,NA,NA,NA,NA,NA,NA,NA,NA,NA,NA,NA,NA,NA
362,362,277,,matched,3,datasetName;canonicalName;decimalLatitude,agui,galaxias maculatus,NA,NA,puerto bueno,-50.9666666666,-74.0000000004,"Cussac, V., Ortubay,",388,NA,NA,NA,"Chango coordinates to -50,99286°, -74,21539°",NA,NA,"-50,99286","-74,21539",NA,NA,NA,NA,NA,NA,NA,NA,NA
363,363,278,,matched,3,datasetName;canonicalName;decimalLatitude,agui,eleginops maclovinus,NA,NA,los chonos,-44.9999999999,-74.0000000004,Rademacher K. 2007. ,1073,NA,NA,0,Remove,NA,NA,NA,NA,NA,NA,NA,NA,NA,NA,NA,NA,NA
368,368,NA,"unlink, record via iDigBio",no_match,NA,NA,gbif,galaxias maculatus,NA,NA,"patagonia, port otway.",-53.308676,-73.987166,NA,22690,urn:catalog:cas:su(ich):22690,cas,1,"change coordinates to -46.833333, -75.300000",NA,NA,-46.833333,-75.3,NA,NA,NA,NA,NA,NA,NA,NA,NA
369,369,282,,matched,3,datasetName;canonicalName;decimalLatitude,idig,galaxias maculatus,NA,NA,"patagonia, port otway.",-53.308676,-73.987166,NA,22690,urn:catalog:cas:su(ich):22690,cas,0,"change coordinates to -46.833333, -75.300000",NA,NA,-46.833333,-75.3,NA,NA,NA,NA,NA,NA,NA,NA,NA
379,379,291,,matched,3,datasetName;canonicalName;decimalLatitude,agui,aplochiton taeniatus,2007,2007-11-29,"u25, chiloé",-41.8139999999,-73.9710000003,"Vanhaecke D, Garcia ",1234,NA,NA,0,NA,NA,NA,NA,NA,NA,NA,NA,NA,NA,NA,NA,NA,NA
383,383,294,,matched,3,datasetName;canonicalName;decimalLatitude,agui,eleginops maclovinus,NA,NA,laguna san rafael,-46.6666666671,-73.9666666674,Rademacher K. 2007. ,1063,NA,NA,0,NA,NA,NA,NA,NA,NA,NA,NA,NA,NA,NA,NA,NA,NA
384,384,295,,matched,3,datasetName;canonicalName;decimalLatitude,agui,galaxias globiceps,NA,NA,río cipresales,-42.6166666671,-73.9666666674,"Cussac, V., Ortubay,",387,NA,NA,0,Remove. bad coordinates. See other record from Rio Cipresal,NA,NA,NA,NA,NA,NA,NA,NA,NA,NA,NA,NA,NA
396,396,307,,matched,3,datasetName;canonicalName;decimalLatitude,agui,aplochiton taeniatus,2007,2007-11-30,"u26, chiloé",-41.8859999999,-73.9619999999,"Vanhaecke D, Garcia ",1236,NA,NA,0,NA,NA,NA,NA,NA,NA,NA,NA,NA,NA,NA,NA,NA,NA
400,400,311,,matched,5,datasetName;canonicalName;decimalLatitude;decimalLongitude;bibliographicCitation,agui,oncorhynchus mykiss,2006,NA,lago tepuhueico,-42.7930189998,-73.9600109999,"Habit, E., Gonzalez,",769,NA,NA,1,"associatedReference: (Cussac et al., 2020)",NA,"Cussac et al., 2020",NA,NA,NA,NA,NA,NA,NA,NA,NA,NA,NA
401,401,312,,matched,5,datasetName;canonicalName;decimalLatitude;decimalLongitude;bibliographicCitation,agui,oncorhynchus mykiss,NA,NA,lago tepuhueico,-42.7930189998,-73.9600109999,"Cussac, V.E.; Barran",526,NA,NA,0,NA,NA,NA,NA,NA,NA,NA,NA,NA,NA,NA,NA,NA,NA
402,402,313,,matched,5,datasetName;canonicalName;decimalLatitude;decimalLongitude;bibliographicCitation,agui,salmo trutta,2006,NA,lago tepuhueico,-42.7930189998,-73.9600109999,"Habit, E., Gonzalez,",768,NA,NA,1,"associatedsReference: (Cussac et al., 2020)",NA,"Cussac et al., 2020",NA,NA,NA,NA,NA,NA,NA,NA,NA,NA,NA
403,403,314,,matched,5,datasetName;canonicalName;decimalLatitude;decimalLongitude;bibliographicCitation,agui,salmo trutta,NA,NA,lago tepuhueico,-42.7930189998,-73.9600109999,"Cussac, V.E.; Barran",527,NA,NA,0,NA,NA,NA,NA,NA,NA,NA,NA,NA,NA,NA,NA,NA,NA
408,408,320,,matched,3,datasetName;canonicalName;decimalLatitude,agui,aplochiton taeniatus,2007,2007-11-30,"u27, chiloé",-41.8929999998,-73.959,"Vanhaecke D, Garcia ",1237,NA,NA,0,NA,NA,NA,NA,NA,NA,NA,NA,NA,NA,NA,NA,NA,NA
419,419,329,,matched,3,datasetName;canonicalName;decimalLatitude,agui,odontesthes brevianalis,NA,NA,lago huillinco,-42.6599999999,-73.9499999996,"Hughes, LC, Cardoso,",828,NA,NA,NA,associatedReference: (Habit et al. 2012),NA,Habit et al. 2012,NA,NA,NA,NA,NA,NA,NA,NA,NA,NA,NA
420,420,330,,matched,5,datasetName;canonicalName;decimalLatitude;decimalLongitude;bibliographicCitation,agui,oncorhynchus mykiss,2006,NA,lago huillinco,-42.670143,-73.9482679998,"Habit, E., Gonzalez,",763,NA,NA,1,"associatedReference: (Cussac et al., 2020)",NA,"Cussac et al., 2020",NA,NA,NA,NA,NA,NA,NA,NA,NA,NA,NA
421,421,331,,matched,5,datasetName;canonicalName;decimalLatitude;decimalLongitude;bibliographicCitation,agui,oncorhynchus mykiss,NA,NA,lago huillinco,-42.670143,-73.9482679998,"Cussac, V.E.; Barran",520,NA,NA,0,NA,NA,NA,NA,NA,NA,NA,NA,NA,NA,NA,NA,NA,NA
422,422,332,,matched,5,datasetName;canonicalName;decimalLatitude;decimalLongitude;bibliographicCitation,agui,salmo trutta,2006,NA,lago huillinco,-42.670143,-73.9482679998,"Habit, E., Gonzalez,",762,NA,NA,1,"associatedsReference: (Cussac et al., 2020)",NA,"Cussac et al., 2020",NA,NA,NA,NA,NA,NA,NA,NA,NA,NA,NA
423,423,333,,matched,5,datasetName;canonicalName;decimalLatitude;decimalLongitude;bibliographicCitation,agui,salmo trutta,NA,NA,lago huillinco,-42.670143,-73.9482679998,"Cussac, V.E.; Barran",521,NA,NA,0,NA,NA,NA,NA,NA,NA,NA,NA,NA,NA,NA,NA,NA,NA
544,544,449,,matched,3,datasetName;canonicalName;decimalLatitude,mma2,galaxias maculatus,2007,2007-12-22,lago tepuhueico. en lodge tepuhueico. costera vertiente oeste entre rio cucao (incluido) y rio medina (incluido),-42.803,-73.924,OrigenReg: Base Dato,NA,NA,NA,NA,associatedReference: (Habit et al. 2012),NA,Habit et al. 2012,NA,NA,NA,NA,NA,NA,NA,NA,NA,NA,NA
549,549,451,"unlink, same collection diff batch",matched,3,datasetName;canonicalName;decimalLatitude,gbif,galaxiidae,1968,1968-04-07,chiloe' island,-42.5,-73.92,NA,a22279,58746fd2-cb16-4b27-97c6-5d98b423d12e,nmv,0,NA,NA,NA,NA,NA,NA,NA,NA,NA,NA,NA,NA,NA,NA
552,552,455,,matched,3,datasetName;canonicalName;decimalLatitude,agui,oncorhynchus mykiss,2007,NA,"sitio de muestreo granja 2, chiloé",-42.4206,-73.9194999996,"Consuegra, S., Phill",273,NA,NA,0,NA,NA,NA,NA,NA,NA,NA,NA,NA,NA,NA,NA,NA,NA
559,559,461,,matched,3,datasetName;canonicalName;decimalLatitude,agui,eleginops maclovinus,NA,NA,canales de chiloé,-42.666666667,-73.9166666666,Rademacher K. 2007. ,1072,NA,NA,0,Remove,NA,NA,NA,NA,NA,NA,NA,NA,NA,NA,NA,NA,NA
560,560,462,,matched,3,datasetName;canonicalName;decimalLatitude,agui,galaxias maculatus,NA,NA,canales de chiloé,-42.666666667,-73.9166666666,Rademacher K. 2007. ,1081,NA,NA,0,Remove,NA,NA,NA,NA,NA,NA,NA,NA,NA,NA,NA,NA,NA
902,902,802,good,matched,3,datasetName;canonicalName;decimalLatitude,mma2,galaxias maculatus,2006,2006-07-17,lago huillinco. costera vertiente oeste entre rio cucao (incluido) y rio medina (incluido),-42.67,-73.897,OrigenReg: Base Dato,NA,NA,NA,NA,associatedReference: (Habit et al. 2012),NA,Habit et al. 2012,NA,NA,NA,NA,NA,NA,NA,NA,NA,NA,NA
967,967,858,,matched,5,datasetName;canonicalName;decimalLatitude;decimalLongitude;bibliographicCitation,agui,oncorhynchus mykiss,2006,NA,lago natri,-42.79468,-73.8136410003,"Habit, E., Gonzalez,",765,NA,NA,1,"associatedsReference: (Cussac et al., 2020)",NA,"Cussac et al., 2020",NA,NA,NA,NA,NA,NA,NA,NA,NA,NA,NA
968,968,859,,matched,5,datasetName;canonicalName;decimalLatitude;decimalLongitude;bibliographicCitation,agui,oncorhynchus mykiss,NA,NA,lago natri,-42.79468,-73.8136410003,"Cussac, V.E.; Barran",522,NA,NA,0,NA,NA,NA,NA,NA,NA,NA,NA,NA,NA,NA,NA,NA,NA
969,969,860,,matched,5,datasetName;canonicalName;decimalLatitude;decimalLongitude;bibliographicCitation,agui,salmo trutta,2006,NA,lago natri,-42.79468,-73.8136410003,"Habit, E., Gonzalez,",764,NA,NA,1,"associatedsReference: (Cussac et al., 2020)",NA,"Cussac et al., 2020",NA,NA,NA,NA,NA,NA,NA,NA,NA,NA,NA
970,970,861,,matched,5,datasetName;canonicalName;decimalLatitude;decimalLongitude;bibliographicCitation,agui,salmo trutta,NA,NA,lago natri,-42.79468,-73.8136410003,"Cussac, V.E.; Barran",523,NA,NA,0,NA,NA,NA,NA,NA,NA,NA,NA,NA,NA,NA,NA,NA,NA
988,988,874,,matched,3,datasetName;canonicalName;decimalLatitude,mma2,brachygalaxias bullocki,2002,NA,río puntra. rio chepu,-42.118,-73.809,FuenteReg: Gonzalez ,NA,NA,NA,0,NA,NA,NA,NA,NA,NA,NA,NA,NA,NA,NA,NA,NA,NA
990,990,875,,matched,3,datasetName;canonicalName;decimalLatitude,mma2,cheirodon australe,2002,NA,río puntra. rio chepu,-42.118,-73.809,FuenteReg: Gonzalez ,NA,NA,NA,0,NA,NA,NA,NA,NA,NA,NA,NA,NA,NA,NA,NA,NA,NA
992,992,876,,matched,3,datasetName;canonicalName;decimalLatitude,mma2,galaxias platei,2002,NA,río puntra. rio chepu,-42.118,-73.809,FuenteReg: Gonzalez ,NA,NA,NA,0,NA,NA,NA,NA,NA,NA,NA,NA,NA,NA,NA,NA,NA,NA
994,994,877,,matched,3,datasetName;canonicalName;decimalLatitude,mma2,trichomycterus areolatus,2002,NA,río puntra. rio chepu,-42.118,-73.809,FuenteReg: Gonzalez ,NA,NA,NA,0,NA,NA,NA,NA,NA,NA,NA,NA,NA,NA,NA,NA,NA,NA
1021,1021,895,,matched,3,datasetName;canonicalName;decimalLatitude,mma2,cheirodon australe,1993,NA,lago tarahuín. en zona litoral. costera vertiente oeste entre rio cucao (incluido) y rio medina (incluido),-42.717,-73.8,FuenteReg: Campos et,NA,NA,NA,0,NA,NA,NA,NA,NA,NA,NA,NA,NA,NA,NA,NA,NA,NA
1052,1052,914,,matched,3,datasetName;canonicalName;decimalLatitude,mma2,galaxias maculatus,2006,2006-12-22,lago tarahuin. costera vertiente oeste entre rio cucao (incluido) y rio medina (incluido),-42.722,-73.781,OrigenReg: Base Dato,NA,NA,NA,NA,associatedReference: (Habit et al. 2012),NA,Habit et al. 2012,NA,NA,NA,NA,NA,NA,NA,NA,NA,NA,NA
1125,1125,984,good,matched,3,datasetName;canonicalName;decimalLatitude,mma2,galaxias maculatus,2006,2006-07-17,lago natri. costeras vertientes este entre punta ahoni y punta yatac,-42.804,-73.778,OrigenReg: Base Dato,NA,NA,NA,NA,associatedReference: (Habit et al. 2012),NA,Habit et al. 2012,NA,NA,NA,NA,NA,NA,NA,NA,NA,NA,NA
1175,1175,1029,,matched,3,datasetName;canonicalName;decimalLatitude,agui,eleginops maclovinus,NA,NA,isla huemules,-45.9666666667,-73.75,Rademacher K. 2007. ,1070,NA,NA,0,NA,NA,NA,NA,NA,NA,NA,NA,NA,NA,NA,NA,NA,NA
1177,1177,1031,,matched,3,datasetName;canonicalName;decimalLatitude,agui,galaxias maculatus,NA,NA,isla huemules,-45.9666666667,-73.75,Rademacher K. 2007. ,1083,NA,NA,0,NA,NA,NA,NA,NA,NA,NA,NA,NA,NA,NA,NA,NA,NA
1210,1210,1062,,matched,5,datasetName;canonicalName;decimalLatitude;decimalLongitude;bibliographicCitation,agui,oncorhynchus mykiss,2006,NA,lago tarahuin,-42.7157139998,-73.733813,"Habit, E., Gonzalez,",767,NA,NA,1,"associatedReference: (Cussac et al., 2020)",NA,"Cussac et al., 2020",NA,NA,NA,NA,NA,NA,NA,NA,NA,NA,NA
1211,1211,1063,,matched,5,datasetName;canonicalName;decimalLatitude;decimalLongitude;bibliographicCitation,agui,oncorhynchus mykiss,NA,NA,lago tarahuin,-42.7157139998,-73.733813,"Cussac, V.E.; Barran",524,NA,NA,0,NA,NA,NA,NA,NA,NA,NA,NA,NA,NA,NA,NA,NA,NA
1212,1212,1064,,matched,5,datasetName;canonicalName;decimalLatitude;decimalLongitude;bibliographicCitation,agui,salmo trutta,2006,NA,lago tarahuin,-42.7157139998,-73.733813,"Habit, E., Gonzalez,",766,NA,NA,1,"associatedsReference: (Cussac et al., 2020)",NA,"Cussac et al., 2020",NA,NA,NA,NA,NA,NA,NA,NA,NA,NA,NA
1213,1213,1065,,matched,5,datasetName;canonicalName;decimalLatitude;decimalLongitude;bibliographicCitation,agui,salmo trutta,NA,NA,lago tarahuin,-42.7157139998,-73.733813,"Cussac, V.E.; Barran",525,NA,NA,0,NA,NA,NA,NA,NA,NA,NA,NA,NA,NA,NA,NA,NA,NA
1273,1273,1118,,matched,3,datasetName;canonicalName;decimalLatitude,agui,aplochiton zebra,NA,NA,ancud,-41.8833333329,-73.7000000001,"Cussac, V., Ortubay,",377,NA,NA,NA,Unprecise waypoint: should be 15km west of Ancud (McDowall 1971),NA,McDowall 1971,NA,NA,NA,NA,NA,NA,NA,NA,NA,NA,NA
1294,1294,1138,,matched,3,datasetName;canonicalName;decimalLatitude,agui,brachygalaxias bullocki,NA,NA,río puntra,-42.283333333,-73.6833333332,"Cussac, V., Ortubay,",384,NA,NA,NA,"Change coordinate to -42.165898, -73.725420  Coordinates located in river Butalcura, not Puntra. Also, could not check the original record in McDowall et al. 1971, where B bulloki is not mentionned in rio Puntra",NA,NA,-42.165898,-73.72542,NA,NA,NA,NA,NA,NA,NA,NA,NA
1339,1339,1181,good,matched,2,datasetName;canonicalName,gbif,odontesthes mauleanum,1975,1975-10-08,"lago huillinco/huillinco lake, at huillinco, beach, chiloe island",-41.88306,-73.66583,NA,smns-z-pi-008120 / 1234205 / smns-z-pi-008120,http://id.smns-bw.org/smns/collection/772135/1234205/776247,smns,NA,"change coordinates to: -42.667464, -73.941358",NA,NA,-42.667464,-73.941358,NA,NA,NA,NA,NA,NA,NA,NA,NA
1365,1365,1207,,matched,3,datasetName;canonicalName;decimalLatitude,agui,aplochiton taeniatus,2019,2019-03-18,huicha,-41.8789999999,-73.6519999998,"Vanhaecke D, Garcia ",1235,NA,NA,0,NA,NA,NA,NA,NA,NA,NA,NA,NA,NA,NA,NA,NA,NA
1366,1366,1208,,matched,3,datasetName;canonicalName;decimalLatitude,agui,aplochiton zebra,2019,2019-03-18,huicha,-41.8789999999,-73.6519999998,"Vanhaecke D, Garcia ",1242,NA,NA,0,NA,NA,NA,NA,NA,NA,NA,NA,NA,NA,NA,NA,NA,NA
1383,1383,1225,,matched,5,datasetName;canonicalName;decimalLatitude;decimalLongitude;bibliographicCitation,agui,oncorhynchus mykiss,2007,NA,"sitio de muestreo granja 1, chiloé",-43.1164000001,-73.6322999996,"Consuegra, S., Phill",272,NA,NA,0,NA,NA,NA,NA,NA,NA,NA,NA,NA,NA,NA,NA,NA,NA
1400,1400,1241,,matched,3,datasetName;canonicalName;decimalLatitude,fish database correa-boisjoly,animalia,2017,2017-02-13,río huicha,-41.88564797,-73.62790396,"Correa, Cristián, Ma",NA,NA,NA,NA,Change canonicalName to Galaxias,NA,NA,NA,NA,NA,NA,NA,NA,Galaxias,NA,NA,NA,NA
1435,1435,1276,,matched,3,datasetName;canonicalName;decimalLatitude,agui,aplochiton marinus,NA,NA,laguna ventisquero,-48.2499999997,-73.6000000003,Zama A. y Cárdenas E,1350,NA,NA,1,"eventDate=1982-01-01; year=1982; locality=Laguna Ventisquero, Estero Ventisquero",NA,NA,NA,NA,"Laguna Ventisquero, Estero Ventisquero",1982,1982-01-01,NA,NA,NA,NA,NA,NA
1442,1442,1284,,matched,3,datasetName;canonicalName;decimalLatitude,mma2,aplochiton marinus,1982,1982-01-01,estero ventisquero. costeras del canal baker,-48.25,-73.585,"OrigenReg: Zama, A.,",NA,NA,NA,0,NA,NA,NA,NA,NA,NA,NA,NA,NA,NA,NA,NA,NA,NA
1444,1444,1285,,matched,3,datasetName;canonicalName;decimalLatitude,agui,aplochiton taeniatus,1982,NA,estero ventisquero,-48.2499999997,-73.5833333334,"McDowall, R., & Naka",905,NA,NA,1,Change species to Aplochiton marinus,NA,NA,NA,NA,NA,NA,NA,NA,Aplochiton marinus,"Aplochiton marinus Eigenmann, 1928",NA,NA,NA
1445,1445,1286,,matched,3,datasetName;canonicalName;decimalLatitude,agui,brachygalaxias bullocki,NA,NA,lago tarahuín,-42.7499999999,-73.5833333334,"Cussac, V., Ortubay,",385,NA,NA,1,"change coordinates to -42.714240, -73.731099, also in Campos 1996",NA,Campos 1996,-42.71424,-73.731099,NA,NA,NA,NA,NA,NA,NA,NA,NA
1446,1446,1287,,matched,3,datasetName;canonicalName;decimalLatitude,agui,galaxias maculatus,NA,NA,lago tarahuín,-42.7499999999,-73.5833333334,"Cussac, V., Ortubay,",401,NA,NA,1,"change coordinates to -42.714240, -73.731099, also in Campos 1996",NA,Campos 1996,-42.71424,-73.731099,NA,NA,NA,NA,NA,NA,NA,NA,NA
1458,1458,1295,,matched,3,datasetName;canonicalName;decimalLatitude,agui,oncorhynchus mykiss,2007,NA,"u37, chiloé",-43.0331999998,-73.5744999998,"Consuegra, S., Phill",264,NA,NA,0,NA,NA,NA,NA,NA,NA,NA,NA,NA,NA,NA,NA,NA,NA
1466,1466,1303,,matched,6,datasetName;canonicalName;decimalLatitude;decimalLongitude;bibliographicCitation;catalogNumber,subpesca-1,eleginops maclovinus,2008,NA,NA,-47.794323,-73.570398,CEA (NA) Proyecto Hi,4740,NA,NA,0,NA,NA,NA,NA,NA,NA,NA,NA,NA,NA,NA,NA,NA,NA
1468,1468,1305,,matched,6,datasetName;canonicalName;decimalLatitude;decimalLongitude;bibliographicCitation;catalogNumber,subpesca-1,eleginops maclovinus,2009,NA,NA,-47.794323,-73.570398,CEA (NA) Proyecto Hi,5029,NA,NA,0,NA,NA,NA,NA,NA,NA,NA,NA,NA,NA,NA,NA,NA,NA
1470,1470,1307,,matched,3,datasetName;canonicalName;decimalLatitude,subpesca-1,galaxias platei,2010,NA,NA,-47.794323,-73.570398,CEA (NA) Linea Base ,15875,NA,NA,0,NA,NA,NA,NA,NA,NA,NA,NA,NA,NA,NA,NA,NA,NA
1480,1480,1317,,matched,3,datasetName;canonicalName;decimalLatitude,subpesca-1,eleginops maclovinus,2012,NA,NA,-47.794413,-73.570382,CEA (NA) Monitoreo L,21990,NA,NA,0,NA,NA,NA,NA,NA,NA,NA,NA,NA,NA,NA,NA,NA,NA
1481,1481,1318,,matched,3,datasetName;canonicalName;decimalLatitude,subpesca-1,galaxias maculatus,2012,NA,NA,-47.794413,-73.570382,CEA (NA) Monitoreo L,21989,NA,NA,0,NA,NA,NA,NA,NA,NA,NA,NA,NA,NA,NA,NA,NA,NA
1505,1505,1337,,matched,3,datasetName;canonicalName;decimalLatitude,agui,oncorhynchus mykiss,2007,NA,"aitoy, chiloé",-42.7572000001,-73.5653,"Consuegra, S., Phill",265,NA,NA,0,NA,NA,NA,NA,NA,NA,NA,NA,NA,NA,NA,NA,NA,NA
1521,1521,1347,,matched,3,datasetName;canonicalName;decimalLatitude,agui,oncorhynchus tshawytscha,2004,2004-03-13,tortel,-47.8166666666,-73.5500000004,"Correa, C., Gross, M",352,NA,NA,0,NA,NA,NA,NA,NA,NA,NA,NA,NA,NA,NA,NA,NA,NA
1522,1522,1348,,matched,4,datasetName;canonicalName;decimalLatitude;decimalLongitude,agui,eleginops maclovinus,NA,NA,isla casma,-45.4166666669,-73.5500000004,Rademacher K. 2007. ,1068,NA,NA,0,NA,NA,NA,NA,NA,NA,NA,NA,NA,NA,NA,NA,NA,NA
1531,1531,1356,,matched,3,datasetName;canonicalName;decimalLatitude,agui,oncorhynchus mykiss,2007,NA,"u23, chiloé",-42.3320999999,-73.5475000002,"Consuegra, S., Phill",266,NA,NA,0,NA,NA,NA,NA,NA,NA,NA,NA,NA,NA,NA,NA,NA,NA
1537,1537,1362,,matched,5,datasetName;canonicalName;decimalLatitude;decimalLongitude;bibliographicCitation,subpesca-1,aplochiton zebra,2007,NA,NA,-47.777544,-73.54615,CEA (NA) Proyecto Hi,4530,NA,NA,0,NA,NA,NA,NA,NA,NA,NA,NA,NA,NA,NA,NA,NA,NA
1540,1540,1365,,matched,5,datasetName;canonicalName;decimalLatitude;decimalLongitude;bibliographicCitation,subpesca-1,eleginops maclovinus,2007,NA,NA,-47.777544,-73.54615,CEA (NA) Proyecto Hi,4531,NA,NA,0,NA,NA,NA,NA,NA,NA,NA,NA,NA,NA,NA,NA,NA,NA
1541,1541,1366,,matched,5,datasetName;canonicalName;decimalLatitude;decimalLongitude;bibliographicCitation,subpesca-1,eleginops maclovinus,2009,NA,NA,-47.777544,-73.54615,CEA (NA) Linea Base ,15478,NA,NA,0,NA,NA,NA,NA,NA,NA,NA,NA,NA,NA,NA,NA,NA,NA
1565,1565,1382,,matched,3,datasetName;canonicalName;decimalLatitude,subpesca-1,galaxias maculatus,2008,NA,NA,-41.899857,-73.541502,INGENDESA (NA) Minic,5370,NA,NA,0,NA,NA,NA,NA,NA,NA,NA,NA,NA,NA,NA,NA,NA,NA
1605,1605,1416,,matched,3,datasetName;canonicalName;decimalLatitude,agui,galaxias maculatus,NA,NA,puerto aguirre,-45.1666666674,-73.5333333326,Rademacher K. 2007. ,1080,NA,NA,0,NA,NA,NA,NA,NA,NA,NA,NA,NA,NA,NA,NA,NA,NA
1622,1622,1432,,matched,3,datasetName;canonicalName;decimalLatitude,agui,aplochiton marinus,2007,NA,baker-estuario,-47.7899999999,-73.5200000001,"Alò D, Correa C, Sam",138,NA,NA,0,NA,NA,NA,NA,NA,NA,NA,NA,NA,NA,NA,NA,NA,NA
1623,1623,1433,,matched,3,datasetName;canonicalName;decimalLatitude,agui,salmo trutta,2007,NA,baker-estuary,-47.7899999999,-73.5200000001,"Alò D, Correa C, Sam",147,NA,NA,0,NA,NA,NA,NA,NA,NA,NA,NA,NA,NA,NA,NA,NA,NA
1637,1637,NA,"unlink, same collection diff batch",no_match,NA,NA,gbif,aplochiton marinus,2004,2004-07-15,NA,-47.790115,-73.51763,NA,am3448,gbgca5903-13,"mined from genbank, ncbi",NA,eventDate= 2004-03-22,NA,NA,NA,NA,NA,2004,2004-03-22,NA,NA,NA,NA,NA,NA
1676,1676,1479,good,matched,3,datasetName;canonicalName;decimalLatitude,mma2,eleginops maclovinus,2014,2014-02-14,rio maravilla. fiordo taraba. cordillera sarmiento,-51.792,-73.505,OrigenReg: Base Dato,NA,NA,NA,1,associatedReferences (Górski et al. 2017 | Pérez et al. 2022),NA,Górski et al. 2017 | Pérez et al. 2022,NA,NA,NA,NA,NA,NA,NA,NA,NA,NA,NA
1678,1678,1480,,matched,5,datasetName;canonicalName;decimalLatitude;decimalLongitude;bibliographicCitation,agui,eleginops maclovinus,2013,NA,río maravilla,-51.7916666668,-73.5044444438,"Górski, K., González",718,NA,NA,0,NA,NA,NA,NA,NA,NA,NA,NA,NA,NA,NA,NA,NA,NA
1679,1679,1481,,matched,5,datasetName;canonicalName;decimalLatitude;decimalLongitude;bibliographicCitation,agui,eleginops maclovinus,2014,NA,estuario maravilla,-51.7916666668,-73.5044444438,"Pérez, S., Manosalva",1047,NA,NA,0,NA,NA,NA,NA,NA,NA,NA,NA,NA,NA,NA,NA,NA,NA
1680,1680,1482,,matched,5,datasetName;canonicalName;decimalLatitude;decimalLongitude;bibliographicCitation,agui,galaxias maculatus,2013,NA,río maravilla,-51.7916666668,-73.5044444438,"Górski, K., González",727,NA,NA,0,NA,NA,NA,NA,NA,NA,NA,NA,NA,NA,NA,NA,NA,NA
1681,1681,1483,,matched,5,datasetName;canonicalName;decimalLatitude;decimalLongitude;bibliographicCitation,agui,galaxias maculatus,2014,NA,estuario maravilla,-51.7916666668,-73.5044444438,"Pérez, S., Manosalva",1051,NA,NA,0,NA,NA,NA,NA,NA,NA,NA,NA,NA,NA,NA,NA,NA,NA
1682,1682,1484,,matched,5,datasetName;canonicalName;decimalLatitude;decimalLongitude;bibliographicCitation,agui,oncorhynchus tshawytscha,2013,NA,río maravilla,-51.7916111112,-73.5044166673,"Górski, K., González",733,NA,NA,NA,change year to 2014; add associatedReferences: (Pérez et al. 2022),NA,Pérez et al. 2022,NA,NA,NA,2014,NA,NA,NA,NA,NA,NA,NA
1683,1683,1485,,matched,5,datasetName;canonicalName;decimalLatitude;decimalLongitude;bibliographicCitation,agui,oncorhynchus tshawytscha,2014,NA,estuario maravilla,-51.7916111112,-73.5044166673,"Pérez, S., Manosalva",1055,NA,NA,0,NA,NA,NA,NA,NA,NA,NA,NA,NA,NA,NA,NA,NA,NA
1686,1686,1486,good,matched,3,datasetName;canonicalName;decimalLatitude,mma2,galaxias maculatus,2014,2014-03-27,rio maravilla. fiordo taraba. cordillera sarmiento,-51.792,-73.504,OrigenReg: Base Dato,NA,NA,NA,1,associatedReferences (Górski et al. 2017 | Pérez et al. 2022),NA,Górski et al. 2017 | Pérez et al. 2022,NA,NA,NA,NA,NA,NA,NA,NA,NA,NA,NA
1700,1700,1494,,matched,6,datasetName;canonicalName;decimalLatitude;decimalLongitude;bibliographicCitation;catalogNumber,subpesca-1,aplochiton zebra,2007,NA,NA,-47.788612,-73.50357,CEA (NA) Proyecto Hi,4527,NA,NA,0,NA,NA,NA,NA,NA,NA,NA,NA,NA,NA,NA,NA,NA,NA
1702,1702,1496,,matched,6,datasetName;canonicalName;decimalLatitude;decimalLongitude;bibliographicCitation;catalogNumber,subpesca-1,aplochiton zebra,2008,NA,NA,-47.788612,-73.50357,CEA (NA) Proyecto Hi,4736,NA,NA,0,NA,NA,NA,NA,NA,NA,NA,NA,NA,NA,NA,NA,NA,NA
1704,1704,1498,,matched,3,datasetName;canonicalName;decimalLatitude,subpesca-1,eleginops maclovinus,2007,NA,NA,-47.788612,-73.50357,CEA (NA) Proyecto Hi,4526,NA,NA,0,NA,NA,NA,NA,NA,NA,NA,NA,NA,NA,NA,NA,NA,NA
1705,1705,1499,,matched,3,datasetName;canonicalName;decimalLatitude,subpesca-1,galaxias maculatus,2007,NA,NA,-47.788612,-73.50357,CEA (NA) Proyecto Hi,4525,NA,NA,0,NA,NA,NA,NA,NA,NA,NA,NA,NA,NA,NA,NA,NA,NA
1728,1728,1515,,matched,3,datasetName;canonicalName;decimalLatitude,vert,odontesthes,1945,NA,"chile: archao, chiloe i., chiloe bay",-42.47,-73.5,National Museum of N,176484,http://n2t.net/ark:/65665/3db2cd0c0-540d-45c5-bf06-ed969c0984e8,usnm,0,NA,NA,NA,NA,NA,NA,NA,NA,NA,NA,NA,NA,NA,NA
1739,1739,1528,,matched,3,datasetName;canonicalName;decimalLatitude,agui,eleginops maclovinus,NA,NA,magallanes,-51.5000000004,-73.4999999996,Rademacher K. 2007. ,1074,NA,NA,0,Remove,NA,NA,NA,NA,NA,NA,NA,NA,NA,NA,NA,NA,NA
1740,1740,1529,,matched,3,datasetName;canonicalName;decimalLatitude,agui,eleginops maclovinus,NA,NA,canal moraleda,-44.5,-73.4999999996,Rademacher K. 2007. ,1064,NA,NA,0,NA,NA,NA,NA,NA,NA,NA,NA,NA,NA,NA,NA,NA,NA
1742,1742,1531,,matched,3,datasetName;canonicalName;decimalLatitude,agui,eleginops maclovinus,NA,NA,norte de chiloé,-43.0000000003,-73.4999999996,Rademacher K. 2007. ,1071,NA,NA,0,Remove,NA,NA,NA,NA,NA,NA,NA,NA,NA,NA,NA,NA,NA
1748,1748,1538,,matched,5,datasetName;canonicalName;decimalLatitude;decimalLongitude;bibliographicCitation,agui,oncorhynchus mykiss,2007,NA,"cendoya, chiloé",-42.1528999999,-73.4960999996,"Consuegra, S., Phill",267,NA,NA,0,NA,NA,NA,NA,NA,NA,NA,NA,NA,NA,NA,NA,NA,NA
1787,1787,1572,,matched,3,datasetName;canonicalName;decimalLatitude,agui,oncorhynchus mykiss,2007,NA,"u17, chiloé",-42.1151999998,-73.4844999998,"Consuegra, S., Phill",268,NA,NA,0,NA,NA,NA,NA,NA,NA,NA,NA,NA,NA,NA,NA,NA,NA
1794,1794,1579,,matched,3,datasetName;canonicalName;decimalLatitude,agui,aplochiton zebra,2007,2007-11-04,"u17, chiloé",-42.1150000004,-73.4840000001,"Vanhaecke D, Garcia ",1246,NA,NA,0,NA,NA,NA,NA,NA,NA,NA,NA,NA,NA,NA,NA,NA,NA
1795,1795,1580,,matched,4,datasetName;canonicalName;decimalLatitude;decimalLongitude,agui,aplochiton zebra,2007,2007-12-08,"u34, chiloé",-42.1100000001,-73.4840000001,"Vanhaecke D, Garcia ",1245,NA,NA,0,NA,NA,NA,NA,NA,NA,NA,NA,NA,NA,NA,NA,NA,NA
1815,1815,1595,,matched,3,datasetName;canonicalName;decimalLatitude,agui,aplochiton taeniatus,NA,NA,"u33, chiloé",-42.1699999998,-73.48,"Vanhaecke, D., Garci",1250,NA,NA,0,NA,NA,NA,NA,NA,NA,NA,NA,NA,NA,NA,NA,NA,NA
1816,1816,1596,,matched,3,datasetName;canonicalName;decimalLatitude,agui,aplochiton zebra,NA,NA,"u33, chiloé",-42.1699999998,-73.48,"Vanhaecke, D., Garci",1256,NA,NA,0,NA,NA,NA,NA,NA,NA,NA,NA,NA,NA,NA,NA,NA,NA
1817,1817,1597,,matched,3,datasetName;canonicalName;decimalLatitude,agui,galaxias maculatus,NA,NA,"u33, chiloé",-42.1699999998,-73.48,"Vanhaecke, D., Garci",1262,NA,NA,0,NA,NA,NA,NA,NA,NA,NA,NA,NA,NA,NA,NA,NA,NA
1818,1818,1598,,matched,3,datasetName;canonicalName;decimalLatitude,agui,oncorhynchus mykiss,NA,NA,"u33, chiloé",-42.1699999998,-73.48,"Vanhaecke, D., Garci",1267,NA,NA,0,NA,NA,NA,NA,NA,NA,NA,NA,NA,NA,NA,NA,NA,NA
1819,1819,1599,,matched,3,datasetName;canonicalName;decimalLatitude,agui,salmo salar,NA,NA,"u33, chiloé",-42.1699999998,-73.48,"Vanhaecke, D., Garci",1270,NA,NA,0,NA,NA,NA,NA,NA,NA,NA,NA,NA,NA,NA,NA,NA,NA
1823,1823,1600,,matched,3,datasetName;canonicalName;decimalLatitude,agui,aplochiton zebra,NA,NA,"u17, chiloé",-42.1199999999,-73.48,"Vanhaecke, D., Garci",1254,NA,NA,0,NA,NA,NA,NA,NA,NA,NA,NA,NA,NA,NA,NA,NA,NA
1824,1824,1601,,matched,3,datasetName;canonicalName;decimalLatitude,agui,galaxias maculatus,NA,NA,"u17, chiloé",-42.1199999999,-73.48,"Vanhaecke, D., Garci",1260,NA,NA,0,NA,NA,NA,NA,NA,NA,NA,NA,NA,NA,NA,NA,NA,NA
1825,1825,1602,,matched,3,datasetName;canonicalName;decimalLatitude,agui,oncorhynchus mykiss,NA,NA,"u17, chiloé",-42.1199999999,-73.48,"Vanhaecke, D., Garci",1265,NA,NA,0,NA,NA,NA,NA,NA,NA,NA,NA,NA,NA,NA,NA,NA,NA
1826,1826,1603,,matched,3,datasetName;canonicalName;decimalLatitude,agui,aplochiton taeniatus,NA,NA,"u34, chiloé",-42.1100000001,-73.48,"Vanhaecke, D., Garci",1251,NA,NA,1,"Change year to 2008. Note: A. taeniatus in U34 does not appear in DIFA database, but it does in the 2015 paper. Change coordinates to -42.11079, -73.48407",NA,NA,-42.11079,-73.48407,NA,2008,NA,NA,NA,NA,NA,NA,NA
1827,1827,1604,,matched,4,datasetName;canonicalName;decimalLatitude;decimalLongitude,agui,aplochiton zebra,NA,NA,"u34, chiloé",-42.1100000001,-73.48,"Vanhaecke, D., Garci",1257,NA,NA,0,NA,NA,NA,NA,NA,NA,NA,NA,NA,NA,NA,NA,NA,NA
1828,1828,1605,,matched,3,datasetName;canonicalName;decimalLatitude,agui,brachygalaxias bullocki,NA,NA,"u34, chiloé",-42.1100000001,-73.48,"Vanhaecke, D., Garci",1259,NA,NA,0,NA,NA,NA,NA,NA,NA,NA,NA,NA,NA,NA,NA,NA,NA
1829,1829,1606,,matched,3,datasetName;canonicalName;decimalLatitude,agui,galaxias maculatus,NA,NA,"u34, chiloé",-42.1100000001,-73.48,"Vanhaecke, D., Garci",1263,NA,NA,0,NA,NA,NA,NA,NA,NA,NA,NA,NA,NA,NA,NA,NA,NA
1830,1830,1607,,matched,3,datasetName;canonicalName;decimalLatitude,agui,oncorhynchus mykiss,NA,NA,"u34, chiloé",-42.1100000001,-73.48,"Vanhaecke, D., Garci",1268,NA,NA,0,NA,NA,NA,NA,NA,NA,NA,NA,NA,NA,NA,NA,NA,NA
1848,1848,1620,,matched,3,datasetName;canonicalName;decimalLatitude,agui,aplochiton zebra,2007,2007-12-07,"u33, chiloé",-42.1680000002,-73.4789999998,"Vanhaecke D, Garcia ",1247,NA,NA,0,NA,NA,NA,NA,NA,NA,NA,NA,NA,NA,NA,NA,NA,NA
1880,1880,1645,,matched,3,datasetName;canonicalName;decimalLatitude,subpesca-1,aplochiton zebra,2011,NA,NA,-47.810874,-73.436183,CEA (NA) Monitoreo L,16168,NA,NA,0,NA,NA,NA,NA,NA,NA,NA,NA,NA,NA,NA,NA,NA,NA
1903,1903,1660,,matched,6,datasetName;canonicalName;decimalLatitude;decimalLongitude;bibliographicCitation;catalogNumber,subpesca-1,aplochiton zebra,2007,NA,NA,-47.810746,-73.436,CEA (NA) Proyecto Hi,4473,NA,NA,0,NA,NA,NA,NA,NA,NA,NA,NA,NA,NA,NA,NA,NA,NA
1905,1905,1662,,matched,6,datasetName;canonicalName;decimalLatitude;decimalLongitude;bibliographicCitation;catalogNumber,subpesca-1,aplochiton zebra,2008,NA,NA,-47.810746,-73.436,CEA (NA) Proyecto Hi,4729,NA,NA,0,NA,NA,NA,NA,NA,NA,NA,NA,NA,NA,NA,NA,NA,NA
1907,1907,1664,,matched,5,datasetName;canonicalName;decimalLatitude;decimalLongitude;bibliographicCitation,subpesca-1,aplochiton zebra,2010,NA,NA,-47.810746,-73.436,CEA (NA) Linea Base ,15865,NA,NA,0,NA,NA,NA,NA,NA,NA,NA,NA,NA,NA,NA,NA,NA,NA
1909,1909,1666,,matched,3,datasetName;canonicalName;decimalLatitude,subpesca-1,hatcheria macraei,2007,NA,NA,-47.810746,-73.436,CEA (NA) Proyecto Hi,4476,NA,NA,0,NA,NA,NA,NA,NA,NA,NA,NA,NA,NA,NA,NA,NA,NA
1974,1974,1730,,matched,3,datasetName;canonicalName;decimalLatitude,agui,aplochiton zebra,2007,2007-11-09,"u20, chiloé",-42.2080000003,-73.401,"Vanhaecke D, Garcia ",1248,NA,NA,0,NA,NA,NA,NA,NA,NA,NA,NA,NA,NA,NA,NA,NA,NA
1978,1978,1731,,matched,3,datasetName;canonicalName;decimalLatitude,agui,aplochiton zebra,NA,NA,"u20, chiloé",-42.2099999999,-73.3999999998,"Vanhaecke, D., Garci",1255,NA,NA,0,NA,NA,NA,NA,NA,NA,NA,NA,NA,NA,NA,NA,NA,NA
1979,1979,1732,,matched,3,datasetName;canonicalName;decimalLatitude,agui,galaxias maculatus,NA,NA,"u20, chiloé",-42.2099999999,-73.3999999998,"Vanhaecke, D., Garci",1261,NA,NA,0,NA,NA,NA,NA,NA,NA,NA,NA,NA,NA,NA,NA,NA,NA
1980,1980,1733,,matched,3,datasetName;canonicalName;decimalLatitude,agui,oncorhynchus mykiss,NA,NA,"u20, chiloé",-42.2099999999,-73.3999999998,"Vanhaecke, D., Garci",1266,NA,NA,0,NA,NA,NA,NA,NA,NA,NA,NA,NA,NA,NA,NA,NA,NA
1981,1981,1734,,matched,3,datasetName;canonicalName;decimalLatitude,agui,trichomycterus areolatus,NA,NA,abtao,-41.766666667,-73.3999999998,"Huaquín, Laura G., V",827,NA,NA,0,"change coordinates to -41.40132740507739, -72.9283297554073; record originalle from Eigenmann",NA,NA,-41.4013274050774,-72.9283297554073,NA,NA,NA,NA,NA,NA,NA,NA,NA
1995,1995,1748,,matched,3,datasetName;canonicalName;decimalLatitude,agui,aplochiton taeniatus,1982,NA,fiordo steelé,-48.2166666667,-73.3833333329,"McDowall, R., & Naka",904,NA,NA,1,"change coordinate to -48.145265, -73.229765; change species to A. marinus",NA,NA,-48.145265,-73.229765,NA,NA,NA,NA,Aplochiton marinus,"Aplochiton marinus Eigenmann, 1928",NA,NA,NA
1996,1996,1749,,matched,4,datasetName;canonicalName;decimalLatitude;decimalLongitude,mma2,aplochiton marinus,1982,1982-01-21,fiordo steele. costeras del canal baker,-48.217,-73.383,"OrigenReg: McDowall,",NA,NA,NA,NA,"change coordinate to -48.145265, -73.229765",NA,NA,-48.145265,-73.229765,NA,NA,NA,NA,NA,NA,NA,NA,NA
1999,1999,1750,,matched,3,datasetName;canonicalName;decimalLatitude,mma2,aplochiton taeniatus,1982,NA,puerto aysén. costeras del canal baker,-48.217,-73.383,FuenteReg: McDowall ,NA,NA,NA,0,NA,NA,NA,NA,NA,NA,NA,NA,NA,NA,NA,NA,NA,NA
2011,2011,1760,,matched,3,datasetName;canonicalName;decimalLatitude,subpesca-1,hatcheria macraei,2007,NA,NA,-47.768565,-73.341851,CEA (NA) Proyecto Hi,4471,NA,NA,0,NA,NA,NA,NA,NA,NA,NA,NA,NA,NA,NA,NA,NA,NA
2051,2051,1797,,matched,3,datasetName;canonicalName;decimalLatitude,subpesca-1,aplochiton zebra,2012,NA,NA,-48.214226,-73.331426,CEA (NA) Monitoreo L,21979,NA,NA,0,NA,NA,NA,NA,NA,NA,NA,NA,NA,NA,NA,NA,NA,NA
2052,2052,1798,,matched,3,datasetName;canonicalName;decimalLatitude,subpesca-1,eleginops maclovinus,2012,NA,NA,-48.214226,-73.331426,CEA (NA) Monitoreo L,21977,NA,NA,0,NA,NA,NA,NA,NA,NA,NA,NA,NA,NA,NA,NA,NA,NA
2062,2062,NA,"unlink, now out of range",no_match,NA,NA,gbif,trichomycterus areolatus,1919,1919-02,"abtao, llanquihue prov.",-41.815755,-73.328122,NA,28572,urn:catalog:cas:ich:28572,cas,1,"Remove. out of range. change coordinates to -41.40132740507739, -72.9283297554073, Abtao",NA,NA,-41.4013274050774,-72.9283297554073,NA,NA,NA,NA,NA,NA,NA,NA,NA
2074,2074,1283,"good, just added year and new lat-lon to enhance match",matched,2,datasetName;canonicalName,fishgis_metadatabase_ccorrea,aplochiton marinus,1982,1982,laguna ventisquero (estero ventisquero),-48.25,-73.591667,"Zama, Akira and Edua",NA,NA,NA,0,change coordinates,NA,NA,NA,NA,NA,NA,NA,NA,NA,NA,NA,NA,NA
2100,2100,1843,,matched,6,datasetName;canonicalName;decimalLatitude;decimalLongitude;bibliographicCitation;catalogNumber,subpesca-1,aplochiton zebra,2008,NA,NA,-47.762777,-73.281141,CEA (NA) Proyecto Hi,4724,NA,NA,0,NA,NA,NA,NA,NA,NA,NA,NA,NA,NA,NA,NA,NA,NA
2103,2103,1846,,matched,6,datasetName;canonicalName;decimalLatitude;decimalLongitude;bibliographicCitation;catalogNumber,subpesca-1,hatcheria macraei,2007,NA,NA,-47.762777,-73.281141,CEA (NA) Proyecto Hi,4458,NA,NA,0,NA,NA,NA,NA,NA,NA,NA,NA,NA,NA,NA,NA,NA,NA
2155,2155,1892,,matched,4,datasetName;canonicalName;decimalLatitude;decimalLongitude,mma2,galaxias maculatus,2014,2014-03-27,rio puma. bahia de los huiros. peninsula roca al norte del fiordo resi,-51.883,-73.261,OrigenReg: Base Dato,NA,NA,NA,1,associatedReferences (Górski et al. 2017 | Pérez et al. 2022),NA,Górski et al. 2017 | Pérez et al. 2022,NA,NA,NA,NA,NA,NA,NA,NA,NA,NA,NA
2157,2157,1893,,matched,3,datasetName;canonicalName;decimalLatitude,mma2,eleginops maclovinus,2014,2014-02-13,rio puma. bahia de los huiros. peninsula roca al norte del fiordo resi,-51.882,-73.261,OrigenReg: Base Dato,NA,NA,NA,1,associatedReferences (Górski et al. 2017 | Pérez et al. 2022),NA,Górski et al. 2017 | Pérez et al. 2022,NA,NA,NA,NA,NA,NA,NA,NA,NA,NA,NA
2159,2159,1894,,matched,5,datasetName;canonicalName;decimalLatitude;decimalLongitude;bibliographicCitation,agui,eleginops maclovinus,2013,NA,río puma,-51.8827777783,-73.2605555561,"Górski, K., González",719,NA,NA,0,NA,NA,NA,NA,NA,NA,NA,NA,NA,NA,NA,NA,NA,NA
2160,2160,1895,,matched,5,datasetName;canonicalName;decimalLatitude;decimalLongitude;bibliographicCitation,agui,eleginops maclovinus,2014,NA,río puma,-51.8827777783,-73.2605555561,"Pérez, S., Manosalva",1048,NA,NA,0,NA,NA,NA,NA,NA,NA,NA,NA,NA,NA,NA,NA,NA,NA
2161,2161,1896,,matched,5,datasetName;canonicalName;decimalLatitude;decimalLongitude;bibliographicCitation,agui,galaxias maculatus,2013,NA,río puma,-51.8827777783,-73.2605555561,"Górski, K., González",728,NA,NA,0,NA,NA,NA,NA,NA,NA,NA,NA,NA,NA,NA,NA,NA,NA
2162,2162,1897,,matched,5,datasetName;canonicalName;decimalLatitude;decimalLongitude;bibliographicCitation,agui,galaxias maculatus,2014,NA,río puma,-51.8827777783,-73.2605555561,"Pérez, S., Manosalva",1052,NA,NA,0,NA,NA,NA,NA,NA,NA,NA,NA,NA,NA,NA,NA,NA,NA
2163,2163,1898,,matched,5,datasetName;canonicalName;decimalLatitude;decimalLongitude;bibliographicCitation,agui,oncorhynchus kisutch,2013,NA,río puma,-51.8827222218,-73.2605555561,"Górski, K., González",734,NA,NA,NA,change year to 2014: associated Reference(Pérez et al. 2022),NA,Pérez et al. 2022,NA,NA,NA,2014,NA,NA,NA,NA,NA,NA,NA
2164,2164,1899,,matched,5,datasetName;canonicalName;decimalLatitude;decimalLongitude;bibliographicCitation,agui,oncorhynchus kisutch,2014,NA,río puma,-51.8827222218,-73.2605555561,"Pérez, S., Manosalva",1056,NA,NA,0,NA,NA,NA,NA,NA,NA,NA,NA,NA,NA,NA,NA,NA,NA
2167,2167,1900,,matched,3,datasetName;canonicalName;decimalLatitude,mma2,galaxias maculatus,2014,2014-04-24,laguna los cipreses. bahia de los huiros. peninsula roca al norte del fiordo resi,-51.882,-73.259,OrigenReg: Base Dato,NA,NA,NA,1,associatedReferences (Górski et al. 2017 | Pérez et al. 2022),NA,Górski et al. 2017 | Pérez et al. 2022,NA,NA,NA,NA,NA,NA,NA,NA,NA,NA,NA
2173,2173,1903,,matched,5,datasetName;canonicalName;decimalLatitude;decimalLongitude;bibliographicCitation,agui,oncorhynchus kisutch,2013,NA,lago los cipreses,-51.8821666674,-73.2542222218,"Górski, K., González",735,NA,NA,NA,change year to 2014: associated Reference(Pérez et al. 2022),NA,Pérez et al. 2022,NA,NA,NA,2014,NA,NA,NA,NA,NA,NA,NA
2174,2174,1904,,matched,5,datasetName;canonicalName;decimalLatitude;decimalLongitude;bibliographicCitation,agui,oncorhynchus kisutch,2014,NA,lago los cipreses,-51.8821666674,-73.2542222218,"Pérez, S., Manosalva",1057,NA,NA,0,NA,NA,NA,NA,NA,NA,NA,NA,NA,NA,NA,NA,NA,NA
2175,2175,1905,,matched,5,datasetName;canonicalName;decimalLatitude;decimalLongitude;bibliographicCitation,agui,galaxias maculatus,2013,NA,lago los cipreses,-51.8822222221,-73.2541666671,"Górski, K., González",729,NA,NA,0,NA,NA,NA,NA,NA,NA,NA,NA,NA,NA,NA,NA,NA,NA
2176,2176,1906,,matched,5,datasetName;canonicalName;decimalLatitude;decimalLongitude;bibliographicCitation,agui,galaxias maculatus,2014,NA,lago los cipreses,-51.8822222221,-73.2541666671,"Pérez, S., Manosalva",1053,NA,NA,0,NA,NA,NA,NA,NA,NA,NA,NA,NA,NA,NA,NA,NA,NA
2182,2182,1912,,matched,3,datasetName;canonicalName;decimalLatitude,agui,galaxias maculatus,NA,NA,puerto perez,-45.2500000003,-73.2500000001,Rademacher K. 2007. ,1087,NA,NA,0,NA,NA,NA,NA,NA,NA,NA,NA,NA,NA,NA,NA,NA,NA
2199,2199,1929,,matched,3,datasetName;canonicalName;decimalLatitude,agui,galaxias platei,2013,NA,lago los acantilados,-51.8833333327,-73.2438888892,"Górski, K., González",731,NA,NA,0,NA,NA,NA,NA,NA,NA,NA,NA,NA,NA,NA,NA,NA,NA
2202,2202,1931,,matched,3,datasetName;canonicalName;decimalLatitude,mma2,galaxias platei,2014,2014-12-07,lago los acantilados. bahia de los huiros. peninsula roca al norte del fiordo resi,-51.883,-73.243,OrigenReg: Base Dato,NA,NA,NA,1,associated reference: (Górski et al. 2017),NA,Górski et al. 2017,NA,NA,NA,NA,NA,NA,NA,NA,NA,NA,NA
2237,2237,1963,,matched,3,datasetName;canonicalName;decimalLatitude,subpesca-1,aplochiton zebra,2012,NA,NA,-48.227927,-73.239562,CEA (NA) Monitoreo L,21967,NA,NA,0,NA,NA,NA,NA,NA,NA,NA,NA,NA,NA,NA,NA,NA,NA
2239,2239,1965,,matched,6,datasetName;canonicalName;decimalLatitude;decimalLongitude;bibliographicCitation;catalogNumber,subpesca-1,galaxias maculatus,2012,NA,NA,-48.227927,-73.239562,CEA (NA) Monitoreo L,21968,NA,NA,0,NA,NA,NA,NA,NA,NA,NA,NA,NA,NA,NA,NA,NA,NA
2257,2257,1979,,matched,3,datasetName;canonicalName;decimalLatitude,agui,aplochiton taeniatus,NA,NA,fiordo steelé,-47.9666666672,-73.2333333332,"Cussac, V., Ortubay,",361,NA,NA,0,"Change species to A. marinus, change coordinates to -48.147110, -73.227880",NA,NA,-48.14711,-73.22788,NA,NA,NA,NA,Aplochiton marinus,"Aplochiton marinus Eigenmann, 1928",NA,NA,NA
2258,2258,1980,,matched,3,datasetName;canonicalName;decimalLatitude,agui,aplochiton taeniatus,NA,NA,fiordo aysén,-45.3166666671,-73.2333333332,"Cussac, V., Ortubay,",360,NA,NA,0,NA,NA,NA,NA,NA,NA,NA,NA,NA,NA,NA,NA,NA,NA
2285,2285,2004,,matched,6,datasetName;canonicalName;decimalLatitude;decimalLongitude;bibliographicCitation;catalogNumber,subpesca-1,aplochiton zebra,2007,NA,NA,-47.70984,-73.209253,CEA (NA) Proyecto Hi,4430,NA,NA,0,NA,NA,NA,NA,NA,NA,NA,NA,NA,NA,NA,NA,NA,NA
2286,2286,2005,,matched,6,datasetName;canonicalName;decimalLatitude;decimalLongitude;bibliographicCitation;catalogNumber,subpesca-1,aplochiton zebra,2008,NA,NA,-47.70984,-73.209253,CEA (NA) Proyecto Hi,4721,NA,NA,0,NA,NA,NA,NA,NA,NA,NA,NA,NA,NA,NA,NA,NA,NA
2288,2288,2007,,matched,3,datasetName;canonicalName;decimalLatitude,subpesca-1,hatcheria macraei,2007,NA,NA,-47.70984,-73.209253,CEA (NA) Proyecto Hi,4431,NA,NA,0,NA,NA,NA,NA,NA,NA,NA,NA,NA,NA,NA,NA,NA,NA
2319,2319,2033,,matched,3,datasetName;canonicalName;decimalLatitude,subpesca-1,percichthys trucha,2007,NA,NA,-47.709895,-73.208784,CEA (NA) Proyecto Hi,4422,NA,NA,0,NA,NA,NA,NA,NA,NA,NA,NA,NA,NA,NA,NA,NA,NA
2360,2360,2071,,matched,3,datasetName;canonicalName;decimalLatitude,idig,odontesthes,1990,1990-02-05,"quitrako fjord, close to skorpios thermal baths, prov. aysen, xi region; pacific drainage",-45.5333333,-73.1666667,NA,218453,a6453ec9-6d6b-45f7-8e87-26b60f54e182,ummz,NA,Remove. Tipo in Locality. Should be Quitralco,NA,NA,NA,NA,Quitralco,NA,NA,NA,NA,NA,NA,NA,NA
2361,2361,2072,,matched,3,datasetName;canonicalName;decimalLatitude,agui,aplochiton zebra,NA,NA,laguna quetro,-48.1666666668,-73.1666666672,Rademacher K. 2007. ,1060,NA,NA,0,From Zama and Cardenas.,NA,NA,NA,NA,NA,NA,NA,NA,NA,NA,NA,NA,NA
2377,2377,2090,,matched,6,datasetName;canonicalName;decimalLatitude;decimalLongitude;bibliographicCitation;catalogNumber,subpesca-1,aplochiton zebra,2011,NA,NA,-47.684348,-73.146404,CEA (NA) Monitoreo L,16175,NA,NA,0,NA,NA,NA,NA,NA,NA,NA,NA,NA,NA,NA,NA,NA,NA
2378,2378,2091,,matched,6,datasetName;canonicalName;decimalLatitude;decimalLongitude;bibliographicCitation;catalogNumber,subpesca-1,aplochiton zebra,2012,NA,NA,-47.684348,-73.146404,CEA (NA) Monitoreo L,21950,NA,NA,0,NA,NA,NA,NA,NA,NA,NA,NA,NA,NA,NA,NA,NA,NA
2382,2382,2095,,matched,3,datasetName;canonicalName;decimalLatitude,subpesca-1,percichthys trucha,2011,NA,NA,-47.684348,-73.146404,CEA (NA) Monitoreo L,16244,NA,NA,0,NA,NA,NA,NA,NA,NA,NA,NA,NA,NA,NA,NA,NA,NA
2392,2392,2101,,matched,6,datasetName;canonicalName;decimalLatitude;decimalLongitude;bibliographicCitation;catalogNumber,subpesca-1,aplochiton zebra,2009,NA,NA,-47.682555,-73.145149,CEA (NA) Linea Base ,15476,NA,NA,0,NA,NA,NA,NA,NA,NA,NA,NA,NA,NA,NA,NA,NA,NA
2393,2393,2102,,matched,6,datasetName;canonicalName;decimalLatitude;decimalLongitude;bibliographicCitation;catalogNumber,subpesca-1,aplochiton zebra,2010,NA,NA,-47.682555,-73.145149,CEA (NA) Linea Base ,15864,NA,NA,0,NA,NA,NA,NA,NA,NA,NA,NA,NA,NA,NA,NA,NA,NA
2397,2397,2106,,matched,3,datasetName;canonicalName;decimalLatitude,subpesca-1,hatcheria macraei,2009,NA,NA,-47.682555,-73.145149,CEA (NA) Linea Base ,15507,NA,NA,0,NA,NA,NA,NA,NA,NA,NA,NA,NA,NA,NA,NA,NA,NA
2398,2398,2107,,matched,3,datasetName;canonicalName;decimalLatitude,subpesca-1,percichthys trucha,2009,NA,NA,-47.682555,-73.145149,CEA (NA) Linea Base ,15562,NA,NA,0,NA,NA,NA,NA,NA,NA,NA,NA,NA,NA,NA,NA,NA,NA
2420,2420,2124,,matched,3,datasetName;canonicalName;decimalLatitude,subpesca-1,aplochiton zebra,2010,NA,NA,-48.009521,-73.140142,CEA (NA) Linea Base ,15870,NA,NA,0,NA,NA,NA,NA,NA,NA,NA,NA,NA,NA,NA,NA,NA,NA
2432,2432,2135,,matched,5,datasetName;canonicalName;decimalLatitude;decimalLongitude;bibliographicCitation,agui,galaxias maculatus,2013,NA,río santa maría,-51.9649999997,-73.1380555556,"Górski, K., González",730,NA,NA,0,NA,NA,NA,NA,NA,NA,NA,NA,NA,NA,NA,NA,NA,NA
2433,2433,2136,,matched,5,datasetName;canonicalName;decimalLatitude;decimalLongitude;bibliographicCitation,agui,galaxias maculatus,2014,NA,estuario santa maría,-51.9649999997,-73.1380555556,"Pérez, S., Manosalva",1054,NA,NA,0,NA,NA,NA,NA,NA,NA,NA,NA,NA,NA,NA,NA,NA,NA
2435,2435,2137,,matched,3,datasetName;canonicalName;decimalLatitude,mma2,galaxias maculatus,2014,2014-04-24,rio santa maria. canal santa maria. peninsula cordillera riesco,-51.966,-73.138,OrigenReg: Base Dato,NA,NA,NA,1,associatedReferences (Górski et al. 2017 | Pérez et al. 2022),NA,Górski et al. 2017 | Pérez et al. 2022,NA,NA,NA,NA,NA,NA,NA,NA,NA,NA,NA
2453,2453,2152,,matched,3,datasetName;canonicalName;decimalLatitude,mma2,aplochiton zebra,NA,NA,puerto grey. rio de grey,-51.1171,-73.1267,FuenteReg: Gunther 1,NA,NA,NA,NA,"Gunther 1880. Change coordinates to -48.91905°, -74.3134°. Specimens collected by the H.M.S. Challenger in Messier Channel. eventDate 1876, catalogNumber BMNH 1879.5.14.597-598",NA,NA,-48.91905,-74.3134,NA,1876,1876,NA,NA,NA,BMNH 1879.5.14.597-598,H.M.S. Challenger Expedition,NA
2463,2463,2161,,matched,3,datasetName;canonicalName;decimalLatitude,mma2,aplochiton zebra,1982,NA,lago quetro. rio pascua entre arriba rio quetru y rio borquez,-48.113,-73.121,FuenteReg: McDowall ,NA,NA,NA,0,NA,NA,NA,NA,NA,NA,NA,NA,NA,NA,NA,NA,NA,NA
2471,2471,2169,,matched,6,datasetName;canonicalName;decimalLatitude;decimalLongitude;bibliographicCitation;catalogNumber,subpesca-1,aplochiton zebra,2012,NA,NA,-48.159998,-73.117037,CEA (NA) Monitoreo L,21944,NA,NA,0,NA,NA,NA,NA,NA,NA,NA,NA,NA,NA,NA,NA,NA,NA
2497,2497,2194,,matched,3,datasetName;canonicalName;decimalLatitude,subpesca-1,aplochiton zebra,2012,NA,NA,-48.115478,-73.109366,CEA (NA) Monitoreo L,21942,NA,NA,0,NA,NA,NA,NA,NA,NA,NA,NA,NA,NA,NA,NA,NA,NA
2499,2499,2196,,matched,3,datasetName;canonicalName;decimalLatitude,subpesca-1,galaxias platei,2012,NA,NA,-48.115478,-73.109366,CEA (NA) Monitoreo L,21941,NA,NA,0,NA,NA,NA,NA,NA,NA,NA,NA,NA,NA,NA,NA,NA,NA
2534,2534,2229,,matched,3,datasetName;canonicalName;decimalLatitude,agui,eleginops maclovinus,NA,NA,fiordo de aysén,-45.3500000001,-73.1000000004,Rademacher K. 2007. ,1062,NA,NA,0,NA,NA,NA,NA,NA,NA,NA,NA,NA,NA,NA,NA,NA,NA
2536,2536,2231,,matched,3,datasetName;canonicalName;decimalLatitude,agui,galaxias maculatus,NA,NA,fiordo aysén,-45.3500000001,-73.1000000004,Rademacher K. 2007. ,1079,NA,NA,0,NA,NA,NA,NA,NA,NA,NA,NA,NA,NA,NA,NA,NA,NA
2543,2543,2238,,matched,3,datasetName;canonicalName;decimalLatitude,agui,galaxias maculatus,NA,NA,angelmó,-41.7166666671,-73.1000000004,"Cussac, V., Ortubay,",399,NA,NA,NA,"Change coordinates to -41.482698, -72.959770",NA,NA,-41.482698,-72.95977,NA,NA,NA,NA,NA,NA,NA,NA,NA
2570,2570,2260,,matched,3,datasetName;canonicalName;decimalLatitude,subpesca-1,percichthys trucha,2009,NA,NA,-47.532097,-73.089291,CEA (NA) Proyecto Hi,4972,NA,NA,0,NA,NA,NA,NA,NA,NA,NA,NA,NA,NA,NA,NA,NA,NA
2576,2576,2266,,matched,6,datasetName;canonicalName;decimalLatitude;decimalLongitude;bibliographicCitation;catalogNumber,subpesca-1,aplochiton zebra,2012,NA,NA,-48.157151,-73.089022,CEA (NA) Monitoreo L,21931,NA,NA,0,NA,NA,NA,NA,NA,NA,NA,NA,NA,NA,NA,NA,NA,NA
2579,2579,2269,,matched,6,datasetName;canonicalName;decimalLatitude;decimalLongitude;bibliographicCitation;catalogNumber,subpesca-1,galaxias maculatus,2012,NA,NA,-48.157151,-73.089022,CEA (NA) Monitoreo L,21933,NA,NA,0,NA,NA,NA,NA,NA,NA,NA,NA,NA,NA,NA,NA,NA,NA
2605,2605,2290,,matched,3,datasetName;canonicalName;decimalLatitude,subpesca-1,aplochiton zebra,2010,NA,NA,-47.547586,-73.086243,CEA (NA) Linea Base ,15868,NA,NA,0,NA,NA,NA,NA,NA,NA,NA,NA,NA,NA,NA,NA,NA,NA
2607,2607,2292,,matched,3,datasetName;canonicalName;decimalLatitude,subpesca-1,galaxias maculatus,2010,NA,NA,-47.547586,-73.086243,CEA (NA) Linea Base ,15941,NA,NA,0,NA,NA,NA,NA,NA,NA,NA,NA,NA,NA,NA,NA,NA,NA
2609,2609,2294,,matched,3,datasetName;canonicalName;decimalLatitude,subpesca-1,galaxias platei,2010,NA,NA,-47.547586,-73.086243,CEA (NA) Linea Base ,15874,NA,NA,0,NA,NA,NA,NA,NA,NA,NA,NA,NA,NA,NA,NA,NA,NA
2611,2611,2296,,matched,3,datasetName;canonicalName;decimalLatitude,subpesca-1,odontesthes hatcheri,2010,NA,NA,-47.547586,-73.086243,CEA (NA) Linea Base ,15890,NA,NA,0,NA,NA,NA,NA,NA,NA,NA,NA,NA,NA,NA,NA,NA,NA
2618,2618,2303,,matched,6,datasetName;canonicalName;decimalLatitude;decimalLongitude;bibliographicCitation;catalogNumber,subpesca-1,aplochiton zebra,2007,NA,NA,-47.547555,-73.086005,CEA (NA) Proyecto Hi,4394,NA,NA,0,NA,NA,NA,NA,NA,NA,NA,NA,NA,NA,NA,NA,NA,NA
2620,2620,2305,,matched,6,datasetName;canonicalName;decimalLatitude;decimalLongitude;bibliographicCitation;catalogNumber,subpesca-1,hatcheria macraei,2007,NA,NA,-47.547555,-73.086005,CEA (NA) Proyecto Hi,4395,NA,NA,0,NA,NA,NA,NA,NA,NA,NA,NA,NA,NA,NA,NA,NA,NA
2627,2627,2312,,matched,6,datasetName;canonicalName;decimalLatitude;decimalLongitude;bibliographicCitation;catalogNumber,subpesca-1,percichthys trucha,2007,NA,NA,-47.547555,-73.086005,CEA (NA) Proyecto Hi,4397,NA,NA,0,NA,NA,NA,NA,NA,NA,NA,NA,NA,NA,NA,NA,NA,NA
2661,2661,2336,,matched,3,datasetName;canonicalName;decimalLatitude,agui,aplochiton marinus,NA,NA,estero ventisquero,-48.1166666669,-73.0833333326,Zama A. y Cárdenas E,1351,NA,NA,0,NA,NA,NA,NA,NA,NA,NA,NA,NA,NA,NA,NA,NA,NA
2662,2662,2337,,matched,3,datasetName;canonicalName;decimalLatitude,agui,aplochiton taeniatus,NA,NA,estero ventisquero,-48.1166666669,-73.0833333326,"Cussac, V., Ortubay,",362,NA,NA,0,"(from McDowall and Nakaya) Change Species to A. marinus. Change coordinates to -48.250000, -73.591667",NA,"McDowall & Nakaya, 1988",-48.25,-73.591667,NA,NA,NA,NA,Aplochiton marinus,"Aplochiton marinus Eigenmann, 1928",NA,NA,NA
2663,2663,2338,,matched,4,datasetName;canonicalName;decimalLatitude;decimalLongitude,agui,oncorhynchus tshawytscha,2004,2004-03-13,río vargas,-47.6999999999,-73.0833333326,"Correa, C., Gross, M",351,NA,NA,0,NA,NA,NA,NA,NA,NA,NA,NA,NA,NA,NA,NA,NA,NA
2671,2671,2342,,matched,3,datasetName;canonicalName;decimalLatitude,subpesca-1,aplochiton zebra,2012,NA,NA,-48.169842,-73.081731,CEA (NA) Monitoreo L,21924,NA,NA,0,NA,NA,NA,NA,NA,NA,NA,NA,NA,NA,NA,NA,NA,NA
2673,2673,2344,,matched,6,datasetName;canonicalName;decimalLatitude;decimalLongitude;bibliographicCitation;catalogNumber,subpesca-1,galaxias maculatus,2012,NA,NA,-48.169842,-73.081731,CEA (NA) Monitoreo L,21925,NA,NA,0,NA,NA,NA,NA,NA,NA,NA,NA,NA,NA,NA,NA,NA,NA
2674,2674,2345,,matched,3,datasetName;canonicalName;decimalLatitude,subpesca-1,galaxias platei,2012,NA,NA,-48.169842,-73.081731,CEA (NA) Monitoreo L,21922,NA,NA,0,NA,NA,NA,NA,NA,NA,NA,NA,NA,NA,NA,NA,NA,NA
2677,2677,2348,,matched,3,datasetName;canonicalName;decimalLatitude,subpesca-1,galaxias platei,2011,NA,NA,-47.551259,-73.08042,CEA (NA) Monitoreo L,16183,NA,NA,0,NA,NA,NA,NA,NA,NA,NA,NA,NA,NA,NA,NA,NA,NA
2678,2678,2349,,matched,3,datasetName;canonicalName;decimalLatitude,subpesca-1,hatcheria macraei,2011,NA,NA,-47.551259,-73.08042,CEA (NA) Monitoreo L,16190,NA,NA,0,NA,NA,NA,NA,NA,NA,NA,NA,NA,NA,NA,NA,NA,NA
2680,2680,2351,,matched,6,datasetName;canonicalName;decimalLatitude;decimalLongitude;bibliographicCitation;catalogNumber,subpesca-1,percichthys trucha,2011,NA,NA,-47.551259,-73.08042,CEA (NA) Monitoreo L,16243,NA,NA,0,NA,NA,NA,NA,NA,NA,NA,NA,NA,NA,NA,NA,NA,NA
2681,2681,2352,,matched,6,datasetName;canonicalName;decimalLatitude;decimalLongitude;bibliographicCitation;catalogNumber,subpesca-1,percichthys trucha,2012,NA,NA,-47.551259,-73.08042,CEA (NA) Monitoreo L,21899,NA,NA,0,NA,NA,NA,NA,NA,NA,NA,NA,NA,NA,NA,NA,NA,NA
2693,2693,2360,,matched,6,datasetName;canonicalName;decimalLatitude;decimalLongitude;bibliographicCitation;catalogNumber,subpesca-1,aplochiton zebra,2007,NA,NA,-47.563861,-73.079082,CEA (NA) Proyecto Hi,4693,NA,NA,0,NA,NA,NA,NA,NA,NA,NA,NA,NA,NA,NA,NA,NA,NA
2695,2695,2362,,matched,6,datasetName;canonicalName;decimalLatitude;decimalLongitude;bibliographicCitation;catalogNumber,subpesca-1,aplochiton zebra,2008,NA,NA,-47.563861,-73.079082,CEA (NA) Proyecto Hi,4734,NA,NA,0,NA,NA,NA,NA,NA,NA,NA,NA,NA,NA,NA,NA,NA,NA
2734,2734,2396,,matched,5,datasetName;canonicalName;decimalLatitude;decimalLongitude;year,mma2,aplochiton zebra,2012,2012-08-18,rio baker entre rio de los ñadis y rio ventisquero,-47.563,-73.078,NA,NA,NA,NA,0,NA,NA,NA,NA,NA,NA,NA,NA,NA,NA,NA,NA,NA,NA
2750,2750,2409,,matched,3,datasetName;canonicalName;decimalLatitude,agui,galaxias platei,2011,NA,lago dickson,-50.8786111106,-73.0736111109,"Vera-Escalona, I., H",1275,NA,NA,0,associatedReference: (Vera-Escalona et al. 2015),NA,Vera-Escalona et al. 2015,NA,NA,NA,NA,NA,NA,NA,NA,NA,NA,NA
2751,2751,2410,,matched,3,datasetName;canonicalName;decimalLatitude,mma2,galaxias platei,2011,2011-08-14,lago dickson. rio paine en desembocadura lago nordenskjold,-50.878,-73.073,OrigenReg: Base Dato,NA,NA,NA,1,associatedReference: (Vera-Escalona et al. 2015),NA,Vera-Escalona et al. 2015,NA,NA,NA,NA,NA,NA,NA,NA,NA,NA,NA
2864,2864,2518,,matched,5,datasetName;canonicalName;decimalLatitude;decimalLongitude;bibliographicCitation,agui,oncorhynchus tshawytscha,2004,2004-03-13,río jaramillo,-47.6999999999,-73.0499999996,"Correa, C., Gross, M",349,NA,NA,0,NA,NA,NA,NA,NA,NA,NA,NA,NA,NA,NA,NA,NA,NA
2866,2866,2519,,matched,3,datasetName;canonicalName;decimalLatitude,agui,eleginops maclovinus,NA,NA,río salto,-43.4166666673,-73.0499999996,Rademacher K. 2007. ,1067,NA,NA,0,"change coordinates to -45.444129, -72.788436",NA,NA,-45.444129,-72.788436,NA,NA,NA,NA,NA,NA,NA,NA,NA
2867,2867,2520,,matched,3,datasetName;canonicalName;decimalLatitude,agui,galaxias maculatus,NA,NA,río salto,-43.4166666673,-73.0499999996,Rademacher K. 2007. ,1085,NA,NA,0,"change coordinates to -45.444129, -72.788436
",NA,NA,-45.444129,-72.788436,NA,NA,NA,NA,NA,NA,NA,NA,NA
2899,2899,2552,,matched,3,datasetName;canonicalName;decimalLatitude,agui,oncorhynchus tshawytscha,2016,NA,río jaramillo,-47.7016680004,-73.041936,"Muñoz, Nicolas J., R",975,NA,NA,0,NA,NA,NA,NA,NA,NA,NA,NA,NA,NA,NA,NA,NA,NA
2904,2904,2556,,matched,6,datasetName;canonicalName;decimalLatitude;decimalLongitude;bibliographicCitation;catalogNumber,subpesca-1,galaxias platei,2008,NA,NA,-45.126573,-73.038403,CEA (NA) Linea De Ba,15081,NA,NA,0,NA,NA,NA,NA,NA,NA,NA,NA,NA,NA,NA,NA,NA,NA
3004,3004,2649,,matched,3,datasetName;canonicalName;decimalLatitude,vert,eleginops maclovinus,1945,NA,chile: tictoc bay,-43.62,-73,National Museum of N,176386,http://n2t.net/ark:/65665/3b8a7eea9-316a-437c-98a8-5888cf2096cd,usnm,0,NA,NA,NA,NA,NA,NA,NA,NA,NA,NA,NA,NA,NA,NA
3007,3007,2652,,matched,3,datasetName;canonicalName;decimalLatitude,vert,odontesthes,1945,NA,chile: tictoc bay,-43.62,-73,National Museum of N,176502,http://n2t.net/ark:/65665/3c9bdf3bc-f24e-4dec-a934-e42255c1dfba,usnm,0,NA,NA,NA,NA,NA,NA,NA,NA,NA,NA,NA,NA,NA,NA
3012,3012,2657,,matched,3,datasetName;canonicalName;decimalLatitude,subpesca-1,galaxias maculatus,2008,NA,NA,-45.679957,-72.997873,CEA (NA) Linea De Ba,15058,NA,NA,0,NA,NA,NA,NA,NA,NA,NA,NA,NA,NA,NA,NA,NA,NA
3014,3014,2659,,matched,3,datasetName;canonicalName;decimalLatitude,subpesca-1,galaxias platei,2008,NA,NA,-45.679957,-72.997873,CEA (NA) Linea De Ba,15074,NA,NA,0,NA,NA,NA,NA,NA,NA,NA,NA,NA,NA,NA,NA,NA,NA
3058,3058,2703,,matched,3,datasetName;canonicalName;decimalLatitude,agui,salmo trutta,2006,NA,lago condor,-44.7141111107,-72.993194444,"Habit, E., Gonzalez,",797,NA,NA,NA,"change coordinates to -45.572230, -72.960684",NA,NA,-45.57223,-72.960684,NA,NA,NA,NA,NA,NA,NA,NA,NA
3068,3068,2713,good,matched,3,datasetName;canonicalName;decimalLatitude,mma2,galaxias platei,2009,2009-12-06,lago pehoe. cerca explora. lagos nordenkjold y pehoe y rio paine en desembocadura,-51.108,-72.992,OrigenReg: Base Dato,NA,NA,NA,1,associatedReference: (Vera-Escalona et al. 2015),NA,Vera-Escalona et al. 2015,NA,NA,NA,NA,NA,NA,NA,NA,NA,NA,NA
3084,3084,2727,,matched,6,datasetName;canonicalName;decimalLatitude;decimalLongitude;bibliographicCitation;catalogNumber,subpesca-1,galaxias platei,2008,NA,NA,-45.624992,-72.990377,CEA (NA) Linea De Ba,15175,NA,NA,0,NA,NA,NA,NA,NA,NA,NA,NA,NA,NA,NA,NA,NA,NA
3086,3086,2729,,matched,6,datasetName;canonicalName;decimalLatitude;decimalLongitude;bibliographicCitation;catalogNumber,subpesca-1,galaxias platei,2010,NA,NA,-45.624992,-72.990377,CEA (NA) Linea De Ba,15991,NA,NA,0,NA,NA,NA,NA,NA,NA,NA,NA,NA,NA,NA,NA,NA,NA
3108,3108,2746,,matched,3,datasetName;canonicalName;decimalLatitude,agui,galaxias platei,2009,NA,lago pehoe,-51.1086111114,-72.9883333331,"Vera-Escalona, I., H",1279,NA,NA,0,NA,NA,NA,NA,NA,NA,NA,NA,NA,NA,NA,NA,NA,NA
3263,3263,2900,good,matched,3,datasetName;canonicalName;decimalLatitude,mma2,hatcheria macraei,NA,NA,río baker. baker-pacific. rio baker entre rio de los ñadis y rio ventisquero,-47.498417,-72.97475,FuenteReg: Publicaci,NA,NA,NA,1,bibliograph: Unmack et al. 2012. Phylogeography of the catfish Hatcheria macraei reveals a negligible role of drainage divides in structuring populations,NA,NA,NA,NA,NA,NA,NA,"Unmack, P. J., Barriga, J. P., Battini, M. A., Habit, E. M., & Johnson, J. B. (2012). Phylogeography of the catfish Hatcheria macraei reveals a negligible role of drainage divides in structuring populations. Molecular Ecology, 21(4), 942–959. https://doi.org/10.1111/j.1365-294X.2011.05408.x",NA,NA,NA,NA,NA
3374,3374,3006,,matched,3,datasetName;canonicalName;decimalLatitude,subpesca-1,galaxias platei,2008,NA,NA,-45.151094,-72.970418,CEA (NA) Linea De Ba,15080,NA,NA,0,NA,NA,NA,NA,NA,NA,NA,NA,NA,NA,NA,NA,NA,NA
3388,3388,3020,,matched,6,datasetName;canonicalName;decimalLatitude;decimalLongitude;bibliographicCitation;catalogNumber,subpesca-1,galaxias platei,2008,NA,NA,-45.133658,-72.970414,CEA (NA) Linea De Ba,15076,NA,NA,0,NA,NA,NA,NA,NA,NA,NA,NA,NA,NA,NA,NA,NA,NA
3440,3440,3072,,matched,5,datasetName;canonicalName;decimalLatitude;decimalLongitude;bibliographicCitation,subpesca-1,galaxias platei,2008,NA,NA,-45.116421,-72.970021,CEA (NA) Linea De Ba,15075,NA,NA,0,NA,NA,NA,NA,NA,NA,NA,NA,NA,NA,NA,NA,NA,NA
3474,3474,3099,,matched,3,datasetName;canonicalName;decimalLatitude,vert,eleginops maclovinus,1945,NA,chile: puerto montt and canal tenglo,-41.5,-72.97,National Museum of N,114933,http://n2t.net/ark:/65665/347e50d2a-6abf-4f62-84b8-4e6c9ea77e1c,usnm,0,NA,NA,NA,NA,NA,NA,NA,NA,NA,NA,NA,NA,NA,NA
3844,3844,3472,,matched,3,datasetName;canonicalName;decimalLatitude,agui,eleginops maclovinus,NA,NA,estero pillan,-42.5666666672,-72.9666666667,Rademacher K. 2007. ,1069,NA,NA,0,"change coordinates to -42.552714, -72.495461",NA,NA,-42.552714,-72.495461,NA,NA,NA,NA,NA,NA,NA,NA,NA
3985,3985,3612,,matched,3,datasetName;canonicalName;decimalLatitude,agui,oncorhynchus mykiss,2006,NA,lago cochrane,-45.1024722216,-72.9655277779,"Habit, E., Gonzalez,",802,NA,NA,NA,"change coordiantes to : -47.206717, -72.288243",NA,NA,-47.206717,-72.288243,NA,NA,NA,NA,NA,NA,NA,NA,NA
3986,3986,3613,,matched,3,datasetName;canonicalName;decimalLatitude,agui,salmo trutta,2006,NA,lago cochrane,-45.1024722216,-72.9655277779,"Habit, E., Gonzalez,",801,NA,NA,NA,"change coordiantes to : -47.206717, -72.288243",NA,NA,-47.206717,-72.288243,NA,NA,NA,NA,NA,NA,NA,NA,NA
4020,4020,3641,,matched,3,datasetName;canonicalName;decimalLatitude,subpesca-1,galaxias platei,2007,NA,NA,-45.10868,-72.963443,CEA (NA) Proyecto Ce,5248,NA,NA,0,NA,NA,NA,NA,NA,NA,NA,NA,NA,NA,NA,NA,NA,NA
4064,4064,3687,,matched,3,datasetName;canonicalName;decimalLatitude,subpesca-1,galaxias platei,2012,NA,NA,-48.375819,-72.957455,CEA (NA) Monitoreo L,21871,NA,NA,0,NA,NA,NA,NA,NA,NA,NA,NA,NA,NA,NA,NA,NA,NA
4105,4105,3718,,matched,3,datasetName;canonicalName;decimalLatitude,fishgis_metadatabase_ccorrea,galaxias platei,NA,NA,yulton-meullin lakes,-45.13768,-72.95085,"Soto, D., I. Arismen",NA,NA,NA,0,NA,NA,NA,NA,NA,NA,NA,NA,NA,NA,NA,NA,NA,NA
4111,4111,3722,,matched,3,datasetName;canonicalName;decimalLatitude,gbif,galaxias maculatus,1919,1919,"puerto montt, estero pilluco, elev. 5 m",-41.4667,-72.95,NA,77554,8f5c92c6-d0ce-435f-8567-0b7ecb391ac3,fmnh,0,NA,NA,NA,NA,NA,NA,NA,NA,NA,NA,NA,NA,NA,NA
4135,4135,NA,"unlink, record via iDigBio",no_match,NA,NA,gbif,aplochiton taeniatus,1919,1919-02-23,puerto montt.,-41.475769,-72.948441,NA,97400,urn:catalog:cas:ich:97400,cas,0,NA,NA,NA,NA,NA,NA,NA,NA,NA,NA,NA,NA,NA,NA
4136,4136,NA,"unlink, record via iDigBio",no_match,NA,NA,gbif,eleginops maclovinus,NA,NA,puerto montt,-41.475769,-72.948441,NA,30442,urn:catalog:cas:ich:30442,cas,1,year: 1919,NA,NA,NA,NA,NA,1919,NA,NA,NA,NA,NA,NA,NA
4137,4137,NA,"unlink, record via iDigBio",no_match,NA,NA,gbif,salmo trutta,NA,NA,puerto montt.,-41.475769,-72.948441,NA,208909,urn:catalog:cas:ich:208909,cas,0,NA,NA,NA,NA,NA,NA,NA,NA,NA,NA,NA,NA,NA,NA
4164,4164,3771,,matched,3,datasetName;canonicalName;decimalLatitude,subpesca-1,galaxias platei,2011,NA,NA,-47.474537,-72.947377,CEA (NA) Monitoreo L,16187,NA,NA,0,NA,NA,NA,NA,NA,NA,NA,NA,NA,NA,NA,NA,NA,NA
4165,4165,3772,,matched,3,datasetName;canonicalName;decimalLatitude,subpesca-1,hatcheria macraei,2011,NA,NA,-47.474537,-72.947377,CEA (NA) Monitoreo L,16197,NA,NA,0,NA,NA,NA,NA,NA,NA,NA,NA,NA,NA,NA,NA,NA,NA
4209,4209,3807,,matched,6,datasetName;canonicalName;decimalLatitude;decimalLongitude;bibliographicCitation;catalogNumber,subpesca-1,galaxias maculatus,2008,NA,NA,-45.479217,-72.936851,CEA (NA) Linea De Ba,15060,NA,NA,0,NA,NA,NA,NA,NA,NA,NA,NA,NA,NA,NA,NA,NA,NA
4229,4229,NA,3831,no_match,NA,NA,mma2,galaxias platei,2009,2009-12-06,lago nordenskjold. l nordenskjold en paso de la muerte. lagos nordenkjold y pehoe y rio paine en desembocadura,-51.043,-72.93,OrigenReg: Base Dato,NA,NA,NA,1,associatedReference: (Vera-Escalona et al. 2015),NA,Vera-Escalona et al. 2015,NA,NA,NA,NA,NA,NA,NA,NA,NA,NA,NA
4286,4286,3883,,matched,3,datasetName;canonicalName;decimalLatitude,subpesca-1,galaxias platei,2012,NA,NA,-47.438541,-72.926761,CEA (NA) Monitoreo L,21850,NA,NA,0,NA,NA,NA,NA,NA,NA,NA,NA,NA,NA,NA,NA,NA,NA
4314,4314,3909,,matched,3,datasetName;canonicalName;decimalLatitude,idig,animalia,1995,1995-01-24,intertidal pools of river that originates in lago camillo on isla magdalena and flows to seno soto,-44.533333,-72.916667,NA,68433,2d727022-7bf2-4dce-8d6a-94d8cc98f3f0,tnhc,NA,Change canonicalName to Galaxias,NA,NA,NA,NA,NA,NA,NA,NA,Galaxias,NA,NA,NA,NA
4368,4368,3957,,matched,3,datasetName;canonicalName;decimalLatitude,subpesca-1,galaxias platei,2008,NA,NA,-45.145963,-72.911502,CEA (NA) Linea De Ba,15088,NA,NA,0,NA,NA,NA,NA,NA,NA,NA,NA,NA,NA,NA,NA,NA,NA
4416,4416,4003,,matched,3,datasetName;canonicalName;decimalLatitude,subpesca-1,galaxias maculatus,2012,NA,NA,-47.44154,-72.908074,CEA (NA) Monitoreo L,21841,NA,NA,0,NA,NA,NA,NA,NA,NA,NA,NA,NA,NA,NA,NA,NA,NA
4464,4464,4046,,matched,5,datasetName;canonicalName;decimalLatitude;decimalLongitude;bibliographicCitation,subpesca-1,galaxias platei,2008,NA,NA,-45.147052,-72.907608,CEA (NA) Linea De Ba,15077,NA,NA,0,NA,NA,NA,NA,NA,NA,NA,NA,NA,NA,NA,NA,NA,NA
4511,4511,4090,,matched,3,datasetName;canonicalName;decimalLatitude,agui,galaxias platei,2007,NA,lago yulton,-45.1179999997,-72.9021999997,"CORREA, C., BRAVO, A",324,NA,NA,0,NA,NA,NA,NA,NA,NA,NA,NA,NA,NA,NA,NA,NA,NA
4546,4546,4125,,matched,6,datasetName;canonicalName;decimalLatitude;decimalLongitude;bibliographicCitation;catalogNumber,subpesca-1,galaxias maculatus,2008,NA,NA,-45.468199,-72.900257,CEA (NA) Linea De Ba,15061,NA,NA,0,NA,NA,NA,NA,NA,NA,NA,NA,NA,NA,NA,NA,NA,NA
4556,4556,4134,,matched,3,datasetName;canonicalName;decimalLatitude,idig,eleginops maclovinus,NA,NA,"puerto montt, espero pilluco",-41.486946,-72.899212,NA,30442,urn:catalog:cas:ich:30442,cas,0,NA,NA,NA,NA,NA,NA,NA,NA,NA,NA,NA,NA,NA,NA
4557,4557,4136,,matched,3,datasetName;canonicalName;decimalLatitude,idig,salmo trutta,NA,NA,"puerto montt, espero pilluco",-41.486946,-72.899212,NA,208909,urn:catalog:cas:ich:208909,cas,1,year: 1919,NA,NA,NA,NA,NA,1919,NA,NA,NA,NA,NA,NA,NA
4565,4565,4145,,matched,3,datasetName;canonicalName;decimalLatitude,subpesca-1,galaxias maculatus,2012,NA,NA,-47.4282,-72.895104,CEA (NA) Monitoreo L,21819,NA,NA,0,NA,NA,NA,NA,NA,NA,NA,NA,NA,NA,NA,NA,NA,NA
4566,4566,4146,,matched,3,datasetName;canonicalName;decimalLatitude,subpesca-1,galaxias platei,2012,NA,NA,-47.4282,-72.895104,CEA (NA) Monitoreo L,21820,NA,NA,0,NA,NA,NA,NA,NA,NA,NA,NA,NA,NA,NA,NA,NA,NA
4582,4582,4158,,matched,3,datasetName;canonicalName;decimalLatitude,subpesca-1,hatcheria macraei,2007,NA,NA,-47.509144,-72.888348,CEA (NA) Proyecto Hi,4678,NA,NA,0,NA,NA,NA,NA,NA,NA,NA,NA,NA,NA,NA,NA,NA,NA
4635,4635,4207,,matched,3,datasetName;canonicalName;decimalLatitude,subpesca-1,galaxias maculatus,2012,NA,NA,-47.415196,-72.875564,CEA (NA) Monitoreo L,21783,NA,NA,0,NA,NA,NA,NA,NA,NA,NA,NA,NA,NA,NA,NA,NA,NA
4636,4636,4208,,matched,3,datasetName;canonicalName;decimalLatitude,subpesca-1,galaxias platei,2012,NA,NA,-47.415196,-72.875564,CEA (NA) Monitoreo L,21784,NA,NA,0,NA,NA,NA,NA,NA,NA,NA,NA,NA,NA,NA,NA,NA,NA
4638,4638,4210,,matched,3,datasetName;canonicalName;decimalLatitude,agui,galaxias platei,2007,NA,lago sarmiento,-51.051493,-72.8749830001,"Ortiz-Sandoval, J., ",1021,NA,NA,0,NA,NA,NA,NA,NA,NA,NA,NA,NA,NA,NA,NA,NA,NA
4639,4639,4211,,matched,5,datasetName;canonicalName;decimalLatitude;decimalLongitude;bibliographicCitation,agui,salmo trutta,2006,NA,lago sarmiento,-51.051493,-72.8749830001,"Habit, E., Gonzalez,",783,NA,NA,1,"associatedReference: (Cussac et al., 2020) | (Ortiz-Sandoval et al., 2017)",NA,"Cussac et al., 2020 | Ortiz-Sandoval et al., 2017",NA,NA,NA,NA,NA,NA,NA,NA,NA,NA,NA
4640,4640,4212,,matched,5,datasetName;canonicalName;decimalLatitude;decimalLongitude;bibliographicCitation,agui,salmo trutta,2007,NA,lago sarmiento,-51.051493,-72.8749830001,"Ortiz-Sandoval, J., ",1020,NA,NA,0,NA,NA,NA,NA,NA,NA,NA,NA,NA,NA,NA,NA,NA,NA
4641,4641,4213,,matched,5,datasetName;canonicalName;decimalLatitude;decimalLongitude;bibliographicCitation,agui,salmo trutta,NA,NA,lago sarmiento,-51.051493,-72.8749830001,"Cussac, V.E.; Barran",564,NA,NA,0,NA,NA,NA,NA,NA,NA,NA,NA,NA,NA,NA,NA,NA,NA
4707,4707,4270,,matched,3,datasetName;canonicalName;decimalLatitude,subpesca-1,aplochiton zebra,2011,NA,NA,-47.313415,-72.866522,CEA (NA) Monitoreo L,16171,NA,NA,0,NA,NA,NA,NA,NA,NA,NA,NA,NA,NA,NA,NA,NA,NA
4708,4708,4271,,matched,3,datasetName;canonicalName;decimalLatitude,subpesca-1,galaxias platei,2012,NA,NA,-47.313415,-72.866522,CEA (NA) Monitoreo L,21772,NA,NA,0,NA,NA,NA,NA,NA,NA,NA,NA,NA,NA,NA,NA,NA,NA
4710,4710,4273,,matched,3,datasetName;canonicalName;decimalLatitude,subpesca-1,hatcheria macraei,2011,NA,NA,-47.313415,-72.866522,CEA (NA) Monitoreo L,16196,NA,NA,0,NA,NA,NA,NA,NA,NA,NA,NA,NA,NA,NA,NA,NA,NA
4715,4715,4278,,matched,3,datasetName;canonicalName;decimalLatitude,subpesca-1,percichthys trucha,2012,NA,NA,-47.313415,-72.866522,CEA (NA) Monitoreo L,21779,NA,NA,0,NA,NA,NA,NA,NA,NA,NA,NA,NA,NA,NA,NA,NA,NA
4717,4717,4280,,matched,3,datasetName;canonicalName;decimalLatitude,subpesca-1,percichthys trucha,2009,NA,NA,-47.313577,-72.866502,CEA (NA) Linea Base ,15559,NA,NA,0,NA,NA,NA,NA,NA,NA,NA,NA,NA,NA,NA,NA,NA,NA
4968,4968,4525,,matched,3,datasetName;canonicalName;decimalLatitude,subpesca-1,galaxias platei,2008,NA,NA,-47.014883,-72.832013,CEA (NA) Linea Base ,14864,NA,NA,0,NA,NA,NA,NA,NA,NA,NA,NA,NA,NA,NA,NA,NA,NA
4969,4969,4526,,matched,3,datasetName;canonicalName;decimalLatitude,subpesca-1,hatcheria macraei,2009,NA,NA,-47.014883,-72.832013,CEA (NA) Linea Base ,15502,NA,NA,0,NA,NA,NA,NA,NA,NA,NA,NA,NA,NA,NA,NA,NA,NA
4976,4976,4533,,matched,3,datasetName;canonicalName;decimalLatitude,subpesca-1,percichthys trucha,2008,NA,NA,-47.014883,-72.832013,CEA (NA) Linea Base ,14982,NA,NA,0,NA,NA,NA,NA,NA,NA,NA,NA,NA,NA,NA,NA,NA,NA
4993,4993,4545,,matched,3,datasetName;canonicalName;decimalLatitude,subpesca-1,galaxias platei,2012,NA,NA,-47.015332,-72.831481,CEA (NA) Monitoreo L,21644,NA,NA,0,NA,NA,NA,NA,NA,NA,NA,NA,NA,NA,NA,NA,NA,NA
5007,5007,4558,,matched,6,datasetName;canonicalName;decimalLatitude;decimalLongitude;bibliographicCitation;catalogNumber,subpesca-1,percichthys trucha,2011,NA,NA,-46.95426,-72.83035,CEA (NA) Monitoreo L,16247,NA,NA,0,NA,NA,NA,NA,NA,NA,NA,NA,NA,NA,NA,NA,NA,NA
5008,5008,4559,,matched,6,datasetName;canonicalName;decimalLatitude;decimalLongitude;bibliographicCitation;catalogNumber,subpesca-1,percichthys trucha,2012,NA,NA,-46.95426,-72.83035,CEA (NA) Monitoreo L,21640,NA,NA,0,NA,NA,NA,NA,NA,NA,NA,NA,NA,NA,NA,NA,NA,NA
5018,5018,4564,,matched,3,datasetName;canonicalName;decimalLatitude,vert,eleginops maclovinus,1945,NA,"chile, puerto auchemo",-43.025,-72.83,National Museum of N,176388,http://n2t.net/ark:/65665/30950ccce-913b-4251-b197-cc3aec440e48,usnm,0,NA,NA,NA,NA,NA,NA,NA,NA,NA,NA,NA,NA,NA,NA
5051,5051,4599,,matched,3,datasetName;canonicalName;decimalLatitude,agui,oncorhynchus tshawytscha,NA,NA,río baker (chile),-47.0233000002,-72.8297000001,"Narum, SR, Gallardo,",990,NA,NA,0,"Remove. Wrong coordinates, plus it is already indexed in the CC database.",NA,NA,NA,NA,NA,NA,NA,NA,NA,NA,NA,NA,NA
5078,5078,4623,,matched,3,datasetName;canonicalName;decimalLatitude,agui,aplochiton zebra,2007,NA,lago porteño,-51.3144859997,-72.8250620002,"Ortiz-Sandoval, J., ",1025,NA,NA,0,NA,NA,NA,NA,NA,NA,NA,NA,NA,NA,NA,NA,NA,NA
5079,5079,4624,,matched,3,datasetName;canonicalName;decimalLatitude,agui,galaxias maculatus,2007,NA,lago porteño,-51.3144859997,-72.8250620002,"Ortiz-Sandoval, J., ",1024,NA,NA,0,NA,NA,NA,NA,NA,NA,NA,NA,NA,NA,NA,NA,NA,NA
5080,5080,4625,,matched,3,datasetName;canonicalName;decimalLatitude,agui,galaxias platei,2007,NA,lago porteño,-51.3144859997,-72.8250620002,"Ortiz-Sandoval, J., ",1023,NA,NA,0,NA,NA,NA,NA,NA,NA,NA,NA,NA,NA,NA,NA,NA,NA
5081,5081,4626,,matched,3,datasetName;canonicalName;decimalLatitude,agui,geotria australis,2007,NA,lago porteño,-51.3144859997,-72.8250620002,"Ortiz-Sandoval, J., ",1026,NA,NA,0,change canonicalName to Aplochiton taeniatus,NA,NA,NA,NA,NA,NA,NA,NA,Aplochiton taeniatus,NA,NA,NA,NA
5082,5082,4627,,matched,5,datasetName;canonicalName;decimalLatitude;decimalLongitude;bibliographicCitation,agui,salmo trutta,2006,NA,lago porteño,-51.3144859997,-72.8250620002,"Habit, E., Gonzalez,",784,NA,NA,1,"associatedReference: (Cussac et al., 2020) | (Ortiz-Sandoval et al., 2017)",NA,"Cussac et al., 2020 | Ortiz-Sandoval et al., 2017",NA,NA,NA,NA,NA,NA,NA,NA,NA,NA,NA
5084,5084,4629,,matched,5,datasetName;canonicalName;decimalLatitude;decimalLongitude;bibliographicCitation,agui,salmo trutta,NA,NA,lago porteño,-51.3144859997,-72.8250620002,"Cussac, V.E.; Barran",565,NA,NA,0,NA,NA,NA,NA,NA,NA,NA,NA,NA,NA,NA,NA,NA,NA
5213,5213,4755,,matched,6,datasetName;canonicalName;decimalLatitude;decimalLongitude;bibliographicCitation;catalogNumber,agui,eleginops maclovinus,NA,NA,ensenada baja,-45.4499999999,-72.816666667,Zama A. y Cárdenas E,1361,NA,NA,0,NA,NA,NA,NA,NA,NA,NA,NA,NA,NA,NA,NA,NA,NA
5214,5214,4756,,matched,4,datasetName;canonicalName;decimalLatitude;decimalLongitude,agui,galaxias maculatus,NA,NA,ensenada baja,-45.4499999999,-72.816666667,Zama A. y Cárdenas E,1368,NA,NA,0,NA,NA,NA,NA,NA,NA,NA,NA,NA,NA,NA,NA,NA,NA
5215,5215,4757,,matched,4,datasetName;canonicalName;decimalLatitude;decimalLongitude,agui,geotria australis,NA,NA,ensenada baja,-45.4499999999,-72.816666667,Zama A. y Cárdenas E,1376,NA,NA,1,associatedReferences: (Rademacher 2007),NA,Rademacher 2007,NA,NA,NA,NA,NA,NA,NA,NA,NA,NA,NA
5217,5217,4759,,matched,3,datasetName;canonicalName;decimalLatitude,agui,salmo trutta,1979,1979-11-25,ensenada baja,-45.4499999999,-72.816666667,Zama A. y Cárdenas E,1339,NA,NA,0,NA,NA,NA,NA,NA,NA,NA,NA,NA,NA,NA,NA,NA,NA
5324,5324,4859,,matched,3,datasetName;canonicalName;decimalLatitude,subpesca-1,hatcheria macraei,2009,NA,NA,-46.946219,-72.803723,CEA (NA) Proyecto Hi,4804,NA,NA,0,NA,NA,NA,NA,NA,NA,NA,NA,NA,NA,NA,NA,NA,NA
5335,5335,4868,,matched,5,datasetName;canonicalName;decimalLatitude;decimalLongitude;bibliographicCitation,subpesca-1,galaxias platei,2008,NA,NA,-47.468612,-72.80301,CEA (NA) Linea Base ,14867,NA,NA,0,NA,NA,NA,NA,NA,NA,NA,NA,NA,NA,NA,NA,NA,NA
5340,5340,4873,,matched,5,datasetName;canonicalName;decimalLatitude;decimalLongitude;bibliographicCitation,subpesca-1,hatcheria macraei,2008,NA,NA,-47.468612,-72.80301,CEA (NA) Linea Base ,14875,NA,NA,0,NA,NA,NA,NA,NA,NA,NA,NA,NA,NA,NA,NA,NA,NA
5343,5343,4876,,matched,6,datasetName;canonicalName;decimalLatitude;decimalLongitude;bibliographicCitation;catalogNumber,subpesca-1,hatcheria macraei,2008,NA,NA,-46.844486,-72.803008,CEA (NA) Linea Base ,14873,NA,NA,0,NA,NA,NA,NA,NA,NA,NA,NA,NA,NA,NA,NA,NA,NA
5345,5345,4878,,matched,5,datasetName;canonicalName;decimalLatitude;decimalLongitude;bibliographicCitation,subpesca-1,hatcheria macraei,2009,NA,NA,-46.844486,-72.803008,CEA (NA) Proyecto Hi,4784,NA,NA,0,NA,NA,NA,NA,NA,NA,NA,NA,NA,NA,NA,NA,NA,NA
5347,5347,4880,,matched,6,datasetName;canonicalName;decimalLatitude;decimalLongitude;bibliographicCitation;catalogNumber,subpesca-1,hatcheria macraei,2010,NA,NA,-46.844486,-72.803008,CEA (NA) Linea Base ,15889,NA,NA,0,NA,NA,NA,NA,NA,NA,NA,NA,NA,NA,NA,NA,NA,NA
5384,5384,4907,,matched,5,datasetName;canonicalName;decimalLatitude;decimalLongitude;bibliographicCitation,mma2,hatcheria macraei,NA,NA,lago largo. rio baker entre rio de la colonia y rio de los ñadis,-47.469,-72.803,FuenteReg: Unmack et,NA,NA,NA,0,NA,NA,NA,NA,NA,NA,NA,NA,NA,NA,NA,NA,NA,NA
5413,5413,4923,,matched,3,datasetName;canonicalName;decimalLatitude,subpesca-1,galaxias platei,2011,NA,NA,-46.844778,-72.802747,CEA (NA) Monitoreo L,16188,NA,NA,0,NA,NA,NA,NA,NA,NA,NA,NA,NA,NA,NA,NA,NA,NA
5438,5438,4947,,matched,4,datasetName;canonicalName;decimalLatitude;decimalLongitude,agui,eleginops maclovinus,NA,NA,ensenada baja,-45.4499999999,-72.8000000001,Rademacher K. 2007. ,1065,NA,NA,0,NA,NA,NA,NA,NA,NA,NA,NA,NA,NA,NA,NA,NA,NA
5440,5440,4949,,matched,4,datasetName;canonicalName;decimalLatitude;decimalLongitude,agui,galaxias maculatus,NA,NA,ensenada baja,-45.4499999999,-72.8000000001,Rademacher K. 2007. ,1084,NA,NA,0,NA,NA,NA,NA,NA,NA,NA,NA,NA,NA,NA,NA,NA,NA
5442,5442,4951,,matched,4,datasetName;canonicalName;decimalLatitude;decimalLongitude,agui,geotria australis,NA,NA,ensenada baja,-45.4499999999,-72.8000000001,Rademacher K. 2007. ,1089,NA,NA,0,NA,NA,NA,NA,NA,NA,NA,NA,NA,NA,NA,NA,NA,NA
5443,5443,4952,,matched,4,datasetName;canonicalName;decimalLatitude;decimalLongitude,agui,eleginops maclovinus,NA,NA,río aysén,-45.4166666669,-72.8000000001,Rademacher K. 2007. ,1066,NA,NA,0,NA,NA,NA,NA,NA,NA,NA,NA,NA,NA,NA,NA,NA,NA
5444,5444,4953,,matched,4,datasetName;canonicalName;decimalLatitude;decimalLongitude,agui,galaxias maculatus,NA,NA,río aysén,-45.4166666669,-72.8000000001,Rademacher K. 2007. ,1078,NA,NA,0,NA,NA,NA,NA,NA,NA,NA,NA,NA,NA,NA,NA,NA,NA
5445,5445,4954,,matched,3,datasetName;canonicalName;decimalLatitude,mma2,galaxias maculatus,2009,2009-07-27,lago porteno. en orilla. lago del toro,-51.36,-72.8,OrigenReg: Base Dato,NA,NA,NA,NA,associatedReferences: (Ortiz-Sandoval et al. 2017),NA,Ortiz-Sandoval et al. 2017,NA,NA,NA,NA,NA,NA,NA,NA,NA,NA,NA
5455,5455,4959,,matched,3,datasetName;canonicalName;decimalLatitude,mma2,geotria australis,NA,NA,río santa barbara. costeras entre rio rayas y rio chaiten,-42.867,-72.8,FuenteReg: Campos et,NA,NA,NA,0,NA,NA,NA,NA,NA,NA,NA,NA,NA,NA,NA,NA,NA,NA
5458,5458,4962,,matched,3,datasetName;canonicalName;decimalLatitude,mma2,aplochiton taeniatus,2009,2009-02-05,lago porteno. en orilla. lago del toro,-51.36,-72.799,OrigenReg: Base Dato,NA,NA,NA,NA,associatedReference: (Elgueta et al. 2013) | (Ortiz-Sandoval et al. 2017),NA,Elgueta et al. 2013 | Ortiz-Sandoval et al. 2017,NA,NA,NA,NA,NA,NA,NA,NA,NA,NA,NA
5462,5462,NA,4964,no_match,NA,NA,mma2,aplochiton zebra,2009,2009-02-05,lago porteno. en orilla. lago del toro,-51.36,-72.799,OrigenReg: Base Dato,NA,NA,NA,NA,associatedReference: (Elgueta et al. 2013) | (Ortiz-Sandoval et al. 2017),NA,Elgueta et al. 2013 | Ortiz-Sandoval et al. 2017,NA,NA,NA,NA,NA,NA,NA,NA,NA,NA,NA
5466,5466,NA,4966,no_match,NA,NA,mma2,aplochiton zebra,2009,2009-02-06,lago porteno. lago del toro,-51.36,-72.799,OrigenReg: Base Dato,NA,NA,NA,NA,associatedReference: (Elgueta et al. 2013),NA,Elgueta et al. 2013,NA,NA,NA,NA,NA,NA,NA,NA,NA,NA,NA
5468,5468,4967,,matched,3,datasetName;canonicalName;decimalLatitude,mma2,galaxias platei,2009,2009-12-06,lago porteno. lago del toro,-51.36,-72.799,OrigenReg: Base Dato,NA,NA,NA,NA,associatedReference: (Vera-Escalona et al. 2015) | (Ortiz-Sandoval et al. 2017),NA,Vera-Escalona et al. 2015 | Ortiz-Sandoval et al. 2017,NA,NA,NA,NA,NA,NA,NA,NA,NA,NA,NA
5489,5489,4987,,matched,4,datasetName;canonicalName;decimalLatitude;decimalLongitude,agui,aplochiton taeniatus,2009,NA,lago porteño,-51.363055556,-72.7969444437,"Elgueta, A., Gonzále",605,NA,NA,0,NA,NA,NA,NA,NA,NA,NA,NA,NA,NA,NA,NA,NA,NA
5490,5490,4988,,matched,4,datasetName;canonicalName;decimalLatitude;decimalLongitude,agui,aplochiton zebra,2009,NA,lago porteño,-51.363055556,-72.7969444437,"Elgueta, A., Gonzále",607,NA,NA,0,NA,NA,NA,NA,NA,NA,NA,NA,NA,NA,NA,NA,NA,NA
5503,5503,5001,,matched,3,datasetName;canonicalName;decimalLatitude,subpesca-1,galaxias platei,2009,NA,NA,-47.452742,-72.79522,CEA (NA) Linea Base ,15494,NA,NA,0,NA,NA,NA,NA,NA,NA,NA,NA,NA,NA,NA,NA,NA,NA
5505,5505,5003,,matched,3,datasetName;canonicalName;decimalLatitude,subpesca-1,hatcheria macraei,2009,NA,NA,-47.452742,-72.79522,CEA (NA) Linea Base ,15505,NA,NA,0,NA,NA,NA,NA,NA,NA,NA,NA,NA,NA,NA,NA,NA,NA
5641,5641,5135,,matched,3,datasetName;canonicalName;decimalLatitude,subpesca-1,hatcheria macraei,2007,NA,NA,-47.07099,-72.790473,CEA (NA) Proyecto Hi,4437,NA,NA,0,NA,NA,NA,NA,NA,NA,NA,NA,NA,NA,NA,NA,NA,NA
5759,5759,5244,"good, just added eventDate and canonical name",matched,3,datasetName;canonicalName;decimalLatitude,fishgis_metadatabase_ccorrea,geotria australis,1997,1997,site 11: río ñanco,-41.43988,-72.77706,"Wood, Jonathan D. (1",NA,NA,NA,NA,check reference. From CCorrea Metadatabase,NA,NA,NA,NA,NA,NA,NA,NA,Geotria australis,"Geotria australis Gray, 1851",NA,NA,NA
5828,5828,5308,,matched,3,datasetName;canonicalName;decimalLatitude,subpesca-1,galaxias platei,2008,NA,NA,-46.896265,-72.771196,CEA (NA) Linea Base ,14863,NA,NA,0,NA,NA,NA,NA,NA,NA,NA,NA,NA,NA,NA,NA,NA,NA
5829,5829,5309,,matched,6,datasetName;canonicalName;decimalLatitude;decimalLongitude;bibliographicCitation;catalogNumber,subpesca-1,hatcheria macraei,2008,NA,NA,-46.896265,-72.771196,CEA (NA) Linea Base ,14874,NA,NA,0,NA,NA,NA,NA,NA,NA,NA,NA,NA,NA,NA,NA,NA,NA
5831,5831,5311,,matched,6,datasetName;canonicalName;decimalLatitude;decimalLongitude;bibliographicCitation;catalogNumber,subpesca-1,hatcheria macraei,2009,NA,NA,-46.896265,-72.771196,CEA (NA) Linea Base ,15501,NA,NA,0,NA,NA,NA,NA,NA,NA,NA,NA,NA,NA,NA,NA,NA,NA
5858,5858,5327,,matched,3,datasetName;canonicalName;decimalLatitude,vert,odontesthes,1945,NA,chile: castro,-42.48,-72.77,National Museum of N,176559,http://n2t.net/ark:/65665/321061804-36be-4b57-905e-7475226b6fa1,usnm,0,NA,NA,NA,NA,NA,NA,NA,NA,NA,NA,NA,NA,NA,NA
5863,5863,5336,,matched,3,datasetName;canonicalName;decimalLatitude,mma2,galaxias platei,2009,2009-12-06,lago sarmiento. bajo porteria,-51.037,-72.768,OrigenReg: Base Dato,NA,NA,NA,1,associatedReference: (Ortiz-Sandoval et al. 2017),NA,Ortiz-Sandoval et al. 2017,NA,NA,NA,NA,NA,NA,NA,NA,NA,NA,NA
5865,5865,5337,,matched,3,datasetName;canonicalName;decimalLatitude,subpesca-1,galaxias maculatus,2012,NA,NA,-45.283009,-72.764445,ND (NA) Proyecto Sis,21518,NA,NA,0,NA,NA,NA,NA,NA,NA,NA,NA,NA,NA,NA,NA,NA,NA
5885,5885,5355,,matched,3,datasetName;canonicalName;decimalLatitude,agui,oncorhynchus mykiss,2007,NA,lleguimán,-41.9801000001,-72.7619999996,"Consuegra, S., Phill",269,NA,NA,0,NA,NA,NA,NA,NA,NA,NA,NA,NA,NA,NA,NA,NA,NA
5892,5892,5362,,matched,3,datasetName;canonicalName;decimalLatitude,vert,diplomystes camposensis,1976,1976-11-19,purey river,-42.298122,-72.759293,University of Kansas,19210,dc52080a-1ed3-11e3-bfac-90b11c41863e,ku,NA,"Change coordinate to -39.818333, -72.863889, extracted from Arratia y Quezada 2017",NA,"Arratia & Quezada-Romegialli, 2017",-39.818333,-72.863889,NA,NA,NA,NA,NA,NA,NA,NA,NA
5912,5912,5378,,matched,3,datasetName;canonicalName;decimalLatitude,subpesca-1,percichthys trucha,2010,NA,NA,-47.276895,-72.755691,CEA (NA) Linea Base ,15918,NA,NA,0,NA,NA,NA,NA,NA,NA,NA,NA,NA,NA,NA,NA,NA,NA
5949,5949,5415,,matched,3,datasetName;canonicalName;decimalLatitude,agui,galaxias platei,2009,NA,lago azul,-50.8713888891,-72.7472222219,"Vera-Escalona, I., H",1277,NA,NA,0,NA,NA,NA,NA,NA,NA,NA,NA,NA,NA,NA,NA,NA,NA
5950,5950,5416,,matched,3,datasetName;canonicalName;decimalLatitude,mma2,galaxias platei,2011,2011-08-14,laguna azul. rio paine en desembocadura lago nordenskjold,-50.872,-72.747,OrigenReg: Base Dato,NA,NA,NA,NA,"associatedReference: (Vera-Escalona et al., 2015) | (González, 2012)",NA,"Vera-Escalona et al., 2015 | González, 2012",NA,NA,NA,NA,NA,NA,NA,NA,NA,NA,NA
5958,5958,5422,,matched,3,datasetName;canonicalName;decimalLatitude,subpesca-1,galaxias platei,2012,NA,NA,-47.204216,-72.74541,CEA (NA) Monitoreo L,21568,NA,NA,0,NA,NA,NA,NA,NA,NA,NA,NA,NA,NA,NA,NA,NA,NA
5969,5969,5432,,matched,5,datasetName;canonicalName;decimalLatitude;decimalLongitude;bibliographicCitation,agui,aplochiton taeniatus,2009,NA,lago azul,-50.8766666666,-72.7427777778,"Elgueta, A., Gonzále",604,NA,NA,0,NA,NA,NA,NA,NA,NA,NA,NA,NA,NA,NA,NA,NA,NA
5970,5970,5433,,matched,5,datasetName;canonicalName;decimalLatitude;decimalLongitude;bibliographicCitation,agui,aplochiton taeniatus,NA,NA,lago azul,-50.8766666666,-72.7427777778,González J. 2012. Di,697,NA,NA,0,NA,NA,NA,NA,NA,NA,NA,NA,NA,NA,NA,NA,NA,NA
5971,5971,5434,,matched,5,datasetName;canonicalName;decimalLatitude;decimalLongitude;bibliographicCitation,agui,aplochiton zebra,2009,NA,lago azul,-50.8766666666,-72.7427777778,"Elgueta, A., Gonzále",606,NA,NA,0,NA,NA,NA,NA,NA,NA,NA,NA,NA,NA,NA,NA,NA,NA
5972,5972,5435,,matched,5,datasetName;canonicalName;decimalLatitude;decimalLongitude;bibliographicCitation,agui,aplochiton zebra,NA,NA,lago azul,-50.8766666666,-72.7427777778,González J. 2012. Di,699,NA,NA,0,NA,NA,NA,NA,NA,NA,NA,NA,NA,NA,NA,NA,NA,NA
5973,5973,5436,,matched,3,datasetName;canonicalName;decimalLatitude,agui,galaxias platei,NA,NA,lago azul,-50.8766666666,-72.7427777778,González J. 2012. Di,702,NA,NA,0,NA,NA,NA,NA,NA,NA,NA,NA,NA,NA,NA,NA,NA,NA
5977,5977,5440,,matched,4,datasetName;canonicalName;decimalLatitude;decimalLongitude,mma2,aplochiton taeniatus,2009,2009-02-11,laguna azul. rio paine en desembocadura lago nordenskjold,-50.878,-72.742,OrigenReg: Base Dato,NA,NA,NA,NA,"associatedReference: (Elgueta et al. 2013) | (González, 2012)",NA,"Elgueta et al. 2013 | González, 2012",NA,NA,NA,NA,NA,NA,NA,NA,NA,NA,NA
5986,5986,5448,,matched,4,datasetName;canonicalName;decimalLatitude;decimalLongitude,mma2,galaxias platei,2009,2009-12-06,laguna azul. rio paine en desembocadura lago nordenskjold,-50.879,-72.741,OrigenReg: Base Dato,NA,NA,NA,NA,"associatedReference: (Vera-Escalona et al. 2015) | (González, 2012)",NA,"Vera-Escalona et al. 2015 | González, 2012",NA,NA,NA,NA,NA,NA,NA,NA,NA,NA,NA
6145,6145,5604,,matched,4,datasetName;canonicalName;decimalLatitude;decimalLongitude,mma2,galaxias platei,2009,2009-12-06,laguna azul. rio paine en desembocadura lago nordenskjold,-50.879,-72.737,OrigenReg: Base Dato,NA,NA,NA,NA,"associatedReference: (Vera-Escalona et al. 2015) | (González, 2012)",NA,"Vera-Escalona et al. 2015 | González, 2012",NA,NA,NA,NA,NA,NA,NA,NA,NA,NA,NA
6151,6151,5609,,matched,4,datasetName;canonicalName;decimalLatitude;decimalLongitude,mma2,aplochiton taeniatus,2009,2009-01-27,laguna azul. rio paine en desembocadura lago nordenskjold,-50.878,-72.736,OrigenReg: Base Dato,NA,NA,NA,NA,"associatedReference: (Elgueta et al. 2013) | (González, 2012)",NA,"Elgueta et al. 2013 | González, 2012",NA,NA,NA,NA,NA,NA,NA,NA,NA,NA,NA
6153,6153,5610,,matched,3,datasetName;canonicalName;decimalLatitude,mma2,aplochiton zebra,2009,2009-01-27,laguna azul. rio paine en desembocadura lago nordenskjold,-50.878,-72.736,OrigenReg: Base Dato,NA,NA,NA,NA,"associatedReference: (Elgueta et al. 2013) | (González, 2012)",NA,"Elgueta et al. 2013 | González, 2012",NA,NA,NA,NA,NA,NA,NA,NA,NA,NA,NA
6254,6254,5710,,matched,3,datasetName;canonicalName;decimalLatitude,agui,galaxias platei,NA,NA,lago azul,-51.0333333326,-72.7333333333,"Cussac, V., Ortubay,",474,NA,NA,NA,"Change coordinates to -50.880367, -72.773318; also add another record for Lago Sarmiento from McDowall 1971",NA,NA,-50.880367,-72.773318,NA,NA,NA,NA,NA,NA,NA,NA,NA
6256,6256,5712,,matched,4,datasetName;canonicalName;decimalLatitude;decimalLongitude,agui,geotria australis,NA,NA,puerto piedra (río aysén),-45.4,-72.7333333333,Zama A. y Cárdenas E,1375,NA,NA,0,NA,NA,NA,NA,NA,NA,NA,NA,NA,NA,NA,NA,NA,NA
6477,6477,5928,,matched,5,datasetName;canonicalName;decimalLatitude;decimalLongitude;bibliographicCitation,agui,oncorhynchus masou,2006,NA,l.gral carrera,-46.4709722222,-72.7224166671,"Habit, E., Gonzalez,",799,NA,NA,1,"associated reference: (Cussac et al., 2020)",NA,"Cussac et al., 2020",NA,NA,NA,NA,NA,NA,NA,NA,NA,NA,NA
6478,6478,5929,,matched,5,datasetName;canonicalName;decimalLatitude;decimalLongitude;bibliographicCitation,agui,oncorhynchus masou,NA,NA,l.gral carrera,-46.4709722222,-72.7224166671,"Cussac, V.E.; Barran",568,NA,NA,0,NA,NA,NA,NA,NA,NA,NA,NA,NA,NA,NA,NA,NA,NA
6479,6479,5930,,matched,5,datasetName;canonicalName;decimalLatitude;decimalLongitude;bibliographicCitation,agui,salmo salar,2006,NA,l.gral carrera,-46.4709722222,-72.7224166671,"Habit, E., Gonzalez,",800,NA,NA,1,"associatedreference: (Cussac et al., 2020)",NA,"Cussac et al., 2020",NA,NA,NA,NA,NA,NA,NA,NA,NA,NA,NA
6480,6480,5931,,matched,5,datasetName;canonicalName;decimalLatitude;decimalLongitude;bibliographicCitation,agui,salmo salar,NA,NA,l.gral carrera,-46.4709722222,-72.7224166671,"Cussac, V.E.; Barran",569,NA,NA,0,NA,NA,NA,NA,NA,NA,NA,NA,NA,NA,NA,NA,NA,NA
6481,6481,5932,,matched,5,datasetName;canonicalName;decimalLatitude;decimalLongitude;bibliographicCitation,agui,salmo trutta,2006,NA,l.gral carrera,-46.4709722222,-72.7224166671,"Habit, E., Gonzalez,",798,NA,NA,1,"associatedReference: (Cussac et al., 2020)",NA,"Cussac et al., 2020",NA,NA,NA,NA,NA,NA,NA,NA,NA,NA,NA
6482,6482,5933,,matched,5,datasetName;canonicalName;decimalLatitude;decimalLongitude;bibliographicCitation,agui,salmo trutta,NA,NA,l.gral carrera,-46.4709722222,-72.7224166671,"Cussac, V.E.; Barran",567,NA,NA,0,NA,NA,NA,NA,NA,NA,NA,NA,NA,NA,NA,NA,NA,NA
6535,6535,5975,,matched,3,datasetName;canonicalName;decimalLatitude,agui,galaxias platei,NA,NA,lago riesco,-45.4666666668,-72.7166666672,Zama A. y Cárdenas E,1373,NA,NA,0,NA,NA,NA,NA,NA,NA,NA,NA,NA,NA,NA,NA,NA,NA
6537,6537,5977,,matched,3,datasetName;canonicalName;decimalLatitude,agui,geotria australis,NA,NA,puerto piedra,-42.3999999997,-72.7166666672,Rademacher K. 2007. ,1090,NA,NA,0,"change coordinates to -45.400000, -72.725000",NA,NA,-45.4,-72.725,NA,NA,NA,NA,NA,NA,NA,NA,NA
6538,6538,5978,,matched,3,datasetName;canonicalName;decimalLatitude,agui,oncorhynchus mykiss,2006,NA,lago los palos,-44.9446111112,-72.716638889,"Habit, E., Gonzalez,",794,NA,NA,NA,"change coordinates to : -45.323117, -72.694578

",NA,NA,-45.323117,-72.694578,NA,NA,NA,NA,NA,NA,NA,NA,NA
6539,6539,5979,,matched,3,datasetName;canonicalName;decimalLatitude,agui,salmo trutta,2006,NA,lago los palos,-44.9446111112,-72.716638889,"Habit, E., Gonzalez,",793,NA,NA,NA,"change coordinates to : -45.323117, -72.694578

",NA,NA,-45.323117,-72.694578,NA,NA,NA,NA,NA,NA,NA,NA,NA
6579,6579,6006,,matched,5,datasetName;canonicalName;decimalLatitude;decimalLongitude;bibliographicCitation,subpesca-1,galaxias platei,2008,NA,NA,-47.350022,-72.713941,CEA (NA) Linea Base ,14866,NA,NA,0,NA,NA,NA,NA,NA,NA,NA,NA,NA,NA,NA,NA,NA,NA
6582,6582,6009,,matched,5,datasetName;canonicalName;decimalLatitude;decimalLongitude;bibliographicCitation,subpesca-1,odontesthes hatcheri,2010,NA,NA,-47.350022,-72.713941,CEA (NA) Linea Base ,15947,NA,NA,0,NA,NA,NA,NA,NA,NA,NA,NA,NA,NA,NA,NA,NA,NA
6590,6590,6017,,matched,5,datasetName;canonicalName;decimalLatitude;decimalLongitude;bibliographicCitation,subpesca-1,percichthys trucha,2010,NA,NA,-47.350022,-72.713941,CEA (NA) Linea Base ,15968,NA,NA,0,NA,NA,NA,NA,NA,NA,NA,NA,NA,NA,NA,NA,NA,NA
6596,6596,6023,,matched,5,datasetName;canonicalName;decimalLatitude;decimalLongitude;bibliographicCitation,subpesca-1,galaxias platei,2008,NA,NA,-46.441502,-72.713738,CEA (NA) Linea Base ,14862,NA,NA,0,NA,NA,NA,NA,NA,NA,NA,NA,NA,NA,NA,NA,NA,NA
6598,6598,6025,,matched,5,datasetName;canonicalName;decimalLatitude;decimalLongitude;bibliographicCitation,subpesca-1,galaxias platei,2009,NA,NA,-46.441502,-72.713738,CEA (NA) Proyecto Hi,4766,NA,NA,0,NA,NA,NA,NA,NA,NA,NA,NA,NA,NA,NA,NA,NA,NA
6620,6620,6047,,matched,6,datasetName;canonicalName;decimalLatitude;decimalLongitude;bibliographicCitation;catalogNumber,subpesca-1,odontesthes hatcheri,2011,NA,NA,-47.349943,-72.713136,CEA (NA) Monitoreo L,16200,NA,NA,0,NA,NA,NA,NA,NA,NA,NA,NA,NA,NA,NA,NA,NA,NA
6621,6621,6048,,matched,6,datasetName;canonicalName;decimalLatitude;decimalLongitude;bibliographicCitation;catalogNumber,subpesca-1,odontesthes hatcheri,2012,NA,NA,-47.349943,-72.713136,CEA (NA) Monitoreo L,21539,NA,NA,0,NA,NA,NA,NA,NA,NA,NA,NA,NA,NA,NA,NA,NA,NA
6624,6624,6051,,matched,6,datasetName;canonicalName;decimalLatitude;decimalLongitude;bibliographicCitation;catalogNumber,subpesca-1,percichthys trucha,2011,NA,NA,-47.349943,-72.713136,CEA (NA) Monitoreo L,16248,NA,NA,0,NA,NA,NA,NA,NA,NA,NA,NA,NA,NA,NA,NA,NA,NA
6625,6625,6052,,matched,6,datasetName;canonicalName;decimalLatitude;decimalLongitude;bibliographicCitation;catalogNumber,subpesca-1,percichthys trucha,2012,NA,NA,-47.349943,-72.713136,CEA (NA) Monitoreo L,21541,NA,NA,0,NA,NA,NA,NA,NA,NA,NA,NA,NA,NA,NA,NA,NA,NA
6693,6693,6115,,matched,3,datasetName;canonicalName;decimalLatitude,agui,galaxias platei,2007,NA,laguna alta,-45.5347000001,-72.7086000003,"CORREA, C., BRAVO, A",306,NA,NA,0,NA,NA,NA,NA,NA,NA,NA,NA,NA,NA,NA,NA,NA,NA
6704,6704,6124,,matched,6,datasetName;canonicalName;decimalLatitude;decimalLongitude;bibliographicCitation;catalogNumber,subpesca-1,galaxias platei,2012,NA,NA,-47.133062,-72.708332,CEA (NA) Monitoreo L,21530,NA,NA,0,NA,NA,NA,NA,NA,NA,NA,NA,NA,NA,NA,NA,NA,NA
6738,6738,6153,,matched,5,datasetName;canonicalName;decimalLatitude;decimalLongitude;bibliographicCitation,agui,galaxias maculatus,2013,NA,río cisnes,-44.7530555559,-72.7063888893,"Górski K, Habit EM a",713,NA,NA,0,NA,NA,NA,NA,NA,NA,NA,NA,NA,NA,NA,NA,NA,NA
6920,6920,6325,,matched,3,datasetName;canonicalName;decimalLatitude,fish database correa-boisjoly,animalia,2007,2007-02-21,lago palos,-45.320933,-72.702733,"Correa, Cristián, Ma",NA,NA,NA,NA,Change canonicalName to Galaxias,NA,NA,NA,NA,NA,NA,NA,NA,Galaxias,NA,NA,NA,NA
6929,6929,6334,,matched,3,datasetName;canonicalName;decimalLatitude,gbif,aplochiton taeniatus,2007,2007-01-01,NA,-45.3209,-72.7027,NA,NA,angbf22346-19,"mined from genbank, ncbi",0,Came from Alo et al. 2013,NA,NA,NA,NA,NA,NA,NA,NA,NA,NA,NA,NA,NA
6933,6933,6335,,matched,3,datasetName;canonicalName;decimalLatitude,agui,aplochiton zebra,2007,NA,lago los palos,-45.3208999999,-72.7026999998,"Correa, C. and Hendr",280,NA,NA,0,NA,NA,NA,NA,NA,NA,NA,NA,NA,NA,NA,NA,NA,NA
6934,6934,6336,,matched,3,datasetName;canonicalName;decimalLatitude,agui,galaxias maculatus,2007,NA,lago los palos,-45.3208999999,-72.7026999998,"Correa, C. and Hendr",281,NA,NA,0,NA,NA,NA,NA,NA,NA,NA,NA,NA,NA,NA,NA,NA,NA
6935,6935,6337,,matched,3,datasetName;canonicalName;decimalLatitude,agui,galaxias platei,2007,NA,lago los palos,-45.3208999999,-72.7026999998,"CORREA, C., BRAVO, A",318,NA,NA,0,NA,NA,NA,NA,NA,NA,NA,NA,NA,NA,NA,NA,NA,NA
6936,6936,6338,,matched,3,datasetName;canonicalName;decimalLatitude,agui,salmo trutta,2007,NA,lago los palos,-45.3208999999,-72.7026999998,"CORREA, C., BRAVO, A",338,NA,NA,0,NA,NA,NA,NA,NA,NA,NA,NA,NA,NA,NA,NA,NA,NA
6950,6950,6346,,matched,3,datasetName;canonicalName;decimalLatitude,mma2,galaxias maculatus,2013,2013-09-26,rio cisnes. llanura aerodromo. rio cisnes entre rio grande esperanza y desembocadura,-44.756,-72.702,OrigenReg: Base Dato,NA,NA,NA,1,associated References: (Górski et al. 2015),NA,Górski et al. 2015,NA,NA,NA,NA,NA,NA,NA,NA,NA,NA,NA
6978,6978,6371,,matched,3,datasetName;canonicalName;decimalLatitude,subpesca-1,aplochiton zebra,2011,NA,NA,-47.280682,-72.701194,CEA (NA) Monitoreo L,16170,NA,NA,0,NA,NA,NA,NA,NA,NA,NA,NA,NA,NA,NA,NA,NA,NA
6979,6979,6372,,matched,3,datasetName;canonicalName;decimalLatitude,subpesca-1,galaxias platei,2011,NA,NA,-47.280682,-72.701194,CEA (NA) Monitoreo L,16186,NA,NA,0,NA,NA,NA,NA,NA,NA,NA,NA,NA,NA,NA,NA,NA,NA
6980,6980,6373,,matched,3,datasetName;canonicalName;decimalLatitude,subpesca-1,odontesthes hatcheri,2011,NA,NA,-47.280682,-72.701194,CEA (NA) Monitoreo L,16198,NA,NA,0,NA,NA,NA,NA,NA,NA,NA,NA,NA,NA,NA,NA,NA,NA
6983,6983,6376,,matched,3,datasetName;canonicalName;decimalLatitude,subpesca-1,percichthys trucha,2012,NA,NA,-47.280682,-72.701194,CEA (NA) Monitoreo L,21526,NA,NA,0,NA,NA,NA,NA,NA,NA,NA,NA,NA,NA,NA,NA,NA,NA
7000,7000,6386,good,matched,4,datasetName;canonicalName;decimalLatitude;decimalLongitude,mma2,galaxias maculatus,2013,2013-09-26,rio cisnes. estuario puerto cisnes. rio cisnes entre rio grande esperanza y desembocadura,-44.744,-72.701,OrigenReg: Base Dato,NA,NA,NA,1,associated References: (Górski et al. 2015),NA,Górski et al. 2015,NA,NA,NA,NA,NA,NA,NA,NA,NA,NA,NA
7002,7002,6387,,matched,3,datasetName;canonicalName;decimalLatitude,subpesca-1,galaxias platei,2009,NA,NA,-47.280144,-72.700821,CEA (NA) Proyecto Hi,4893,NA,NA,0,NA,NA,NA,NA,NA,NA,NA,NA,NA,NA,NA,NA,NA,NA
7006,7006,6391,,matched,5,datasetName;canonicalName;decimalLatitude;decimalLongitude;bibliographicCitation,subpesca-1,percichthys trucha,2010,NA,NA,-47.280144,-72.700821,CEA (NA) Linea Base ,15917,NA,NA,0,NA,NA,NA,NA,NA,NA,NA,NA,NA,NA,NA,NA,NA,NA
7018,7018,6402,,matched,3,datasetName;canonicalName;decimalLatitude,agui,aplochiton zebra,NA,NA,aysén,-45.4166666669,-72.7000000003,Rademacher K. 2007. ,1058,NA,NA,0,From Zama and Cardenas.,NA,NA,NA,NA,NA,NA,NA,NA,NA,NA,NA,NA,NA
7020,7020,6404,,matched,3,datasetName;canonicalName;decimalLatitude,agui,geotria australis,NA,NA,puerto aysén,-45.4166666669,-72.7000000003,Zama A. y Cárdenas E,1377,NA,NA,1,associatedReference: (Rademacher 2007),NA,Rademacher 2007,NA,NA,NA,NA,NA,NA,NA,NA,NA,NA,NA
7021,7021,6405,,matched,4,datasetName;canonicalName;decimalLatitude;decimalLongitude,agui,geotria australis,NA,NA,puerto aysén,-45.4,-72.7000000003,Rademacher K. 2007. ,1091,NA,NA,0,NA,NA,NA,NA,NA,NA,NA,NA,NA,NA,NA,NA,NA,NA
7022,7022,6406,,matched,3,datasetName;canonicalName;decimalLatitude,agui,aplochiton taeniatus,2007,NA,aysén-palos,-45.3199999998,-72.7000000003,"Alò D, Correa C, Sam",139,NA,NA,0,Same reference as from Alo et al. 2013.,NA,NA,NA,NA,NA,NA,NA,NA,NA,NA,NA,NA,NA
7023,7023,6407,,matched,3,datasetName;canonicalName;decimalLatitude,agui,galaxias platei,2007,NA,aysén-palos,-45.3199999998,-72.7000000003,"Alò D, Correa C, Sam",144,NA,NA,0,NA,NA,NA,NA,NA,NA,NA,NA,NA,NA,NA,NA,NA,NA
7024,7024,6408,,matched,3,datasetName;canonicalName;decimalLatitude,agui,salmo trutta,2007,NA,aysén-palos,-45.3199999998,-72.7000000003,"Alò D, Correa C, Sam",145,NA,NA,0,NA,NA,NA,NA,NA,NA,NA,NA,NA,NA,NA,NA,NA,NA
7026,7026,NA,"unlink, same colection diff batch",no_match,NA,NA,gbif,aplochiton taeniatus,2007,2007,NA,-45.32,-72.7,NA,NA,kc243101,NA,0,NA,NA,NA,NA,NA,NA,NA,NA,NA,NA,NA,NA,NA,NA
7032,7032,NA,"unlink, now out of range",no_match,NA,NA,gbif,galaxias maculatus,1919,1919-03-10,into lago llanquihue; 74 m elev.,-41.716667,-72.7,NA,78437,urn:catalog:cas:ich:78437,cas,NA,"Remove. Change coordinates to -41.300000, -72.950000, out of range",NA,NA,-41.3,-72.95,NA,NA,NA,NA,NA,NA,NA,NA,NA
7034,7034,NA,"unlink, now out of range",no_match,NA,NA,gbif,trichomycterus areolatus,1919,1919-03-10,into lago llanquihue; 74 m elev.,-41.716667,-72.7,NA,28566,urn:catalog:cas:ich:28566,cas,NA,"Remove, out of range. Locality: Ensenada, into Laog Llanquihue. From Eigenmann.",NA,NA,NA,NA,"Ensenada, into Laog Llanquihue",NA,NA,NA,NA,NA,NA,NA,NA
7036,7036,6412,,matched,3,datasetName;canonicalName;decimalLatitude,agui,salmo trutta,2007,NA,lago palos,-45.3186026458,-72.6997482612,"Correa, C. and Hendr",297,NA,NA,0,NA,NA,NA,NA,NA,NA,NA,NA,NA,NA,NA,NA,NA,NA
7073,7073,6442,,matched,5,datasetName;canonicalName;decimalLatitude;decimalLongitude;bibliographicCitation,subpesca-1,galaxias platei,2008,NA,NA,-47.131512,-72.694776,CEA (NA) Linea Base ,14939,NA,NA,0,NA,NA,NA,NA,NA,NA,NA,NA,NA,NA,NA,NA,NA,NA
7074,7074,6443,,matched,5,datasetName;canonicalName;decimalLatitude;decimalLongitude;bibliographicCitation,subpesca-1,galaxias platei,2009,NA,NA,-47.131512,-72.694776,CEA (NA) Proyecto Hi,4847,NA,NA,0,NA,NA,NA,NA,NA,NA,NA,NA,NA,NA,NA,NA,NA,NA
7095,7095,6460,,matched,3,datasetName;canonicalName;decimalLatitude,mma2,hatcheria macraei,NA,NA,lago  general carrera. costeras entre rio avellano y rio murta,-46.468,-72.694,OrigenReg: Publicaci,NA,NA,NA,0,NA,NA,NA,NA,NA,NA,NA,NA,NA,NA,NA,NA,NA,NA
7149,7149,6510,,matched,3,datasetName;canonicalName;decimalLatitude,mma2,aplochiton zebra,NA,NA,laguna sofía. en pequeños arroyos que fluyen hacia la laguna sofía. costeras entre rio prat chico y puerto condor,-51.511,-72.686,FuenteReg: McDowall ,NA,NA,NA,0,NA,NA,NA,NA,NA,NA,NA,NA,NA,NA,NA,NA,NA,NA
7279,7279,6639,,matched,3,datasetName;canonicalName;decimalLatitude,agui,aplochiton zebra,2009,2009-04-14,lenca,-41.6049999998,-72.6820000003,"Vanhaecke D, Garcia ",1241,NA,NA,0,NA,NA,NA,NA,NA,NA,NA,NA,NA,NA,NA,NA,NA,NA
7287,7287,6648,,matched,6,datasetName;canonicalName;decimalLatitude;decimalLongitude;bibliographicCitation;catalogNumber,subpesca-1,galaxias platei,2007,NA,NA,-47.314161,-72.681694,CEA (NA) Proyecto Hi,4627,NA,NA,0,NA,NA,NA,NA,NA,NA,NA,NA,NA,NA,NA,NA,NA,NA
7316,7316,6676,,matched,3,datasetName;canonicalName;decimalLatitude,agui,aplochiton zebra,NA,NA,lenca,-41.6100000002,-72.6799999998,"Vanhaecke, D., Garci",1258,NA,NA,0,NA,NA,NA,NA,NA,NA,NA,NA,NA,NA,NA,NA,NA,NA
7317,7317,6677,,matched,3,datasetName;canonicalName;decimalLatitude,agui,galaxias maculatus,NA,NA,lenca,-41.6100000002,-72.6799999998,"Vanhaecke, D., Garci",1264,NA,NA,0,NA,NA,NA,NA,NA,NA,NA,NA,NA,NA,NA,NA,NA,NA
7318,7318,6678,,matched,3,datasetName;canonicalName;decimalLatitude,agui,oncorhynchus mykiss,NA,NA,río lenca,-41.6100000002,-72.6799999998,"Vanhaecke, D., Garci",1269,NA,NA,0,NA,NA,NA,NA,NA,NA,NA,NA,NA,NA,NA,NA,NA,NA
7319,7319,6679,,matched,3,datasetName;canonicalName;decimalLatitude,agui,salmo trutta,NA,NA,río lenca,-41.6100000002,-72.6799999998,"Vanhaecke, D., Garci",1271,NA,NA,0,NA,NA,NA,NA,NA,NA,NA,NA,NA,NA,NA,NA,NA,NA
7323,7323,6683,,matched,5,datasetName;canonicalName;decimalLatitude;decimalLongitude;bibliographicCitation,agui,oncorhynchus mykiss,2006,NA,lago toro,-51.2378459998,-72.6795190001,"Habit, E., Gonzalez,",781,NA,NA,1,"associated Reference: (Cussac et al., 2020)",NA,"Cussac et al., 2020",NA,NA,NA,NA,NA,NA,NA,NA,NA,NA,NA
7325,7325,6685,,matched,5,datasetName;canonicalName;decimalLatitude;decimalLongitude;bibliographicCitation,agui,oncorhynchus mykiss,NA,NA,lago toro,-51.2378459998,-72.6795190001,"Cussac, V.E.; Barran",561,NA,NA,0,NA,NA,NA,NA,NA,NA,NA,NA,NA,NA,NA,NA,NA,NA
7326,7326,6686,,matched,5,datasetName;canonicalName;decimalLatitude;decimalLongitude;bibliographicCitation,agui,oncorhynchus tshawytscha,2006,NA,lago toro,-51.2378459998,-72.6795190001,"Habit, E., Gonzalez,",782,NA,NA,1,associatedReferences: (Cussac et al. 2020),NA,Cussac et al. 2020,NA,NA,NA,NA,NA,NA,NA,NA,NA,NA,NA
7327,7327,6687,,matched,5,datasetName;canonicalName;decimalLatitude;decimalLongitude;bibliographicCitation,agui,oncorhynchus tshawytscha,NA,NA,lago toro,-51.2378459998,-72.6795190001,"Cussac, V.E.; Barran",562,NA,NA,0,NA,NA,NA,NA,NA,NA,NA,NA,NA,NA,NA,NA,NA,NA
7328,7328,6688,,matched,5,datasetName;canonicalName;decimalLatitude;decimalLongitude;bibliographicCitation,agui,salmo trutta,2006,NA,lago toro,-51.2378459998,-72.6795190001,"Habit, E., Gonzalez,",780,NA,NA,1,associatedReferences: (Ortiz-Sandoval et al. 2017) | (Cussac et al. 2020),NA,Ortiz-Sandoval et al. 2017 | Cussac et al. 2020,NA,NA,NA,NA,NA,NA,NA,NA,NA,NA,NA
7329,7329,6689,,matched,5,datasetName;canonicalName;decimalLatitude;decimalLongitude;bibliographicCitation,agui,salmo trutta,2007,NA,lago toro,-51.2378459998,-72.6795190001,"Ortiz-Sandoval, J., ",1015,NA,NA,0,associatedReferences: (Cussac et al. 2020),NA,Cussac et al. 2020,NA,NA,NA,NA,NA,NA,NA,NA,NA,NA,NA
7330,7330,6690,,matched,5,datasetName;canonicalName;decimalLatitude;decimalLongitude;bibliographicCitation,agui,salmo trutta,NA,NA,lago toro,-51.2378459998,-72.6795190001,"Cussac, V.E.; Barran",563,NA,NA,0,associatedReferences: (Ortiz-Sandoval et al. 2017) | (Cussac et al. 2020),NA,Ortiz-Sandoval et al. 2017 | Cussac et al. 2020,NA,NA,NA,NA,NA,NA,NA,NA,NA,NA,NA
7344,7344,6702,,matched,3,datasetName;canonicalName;decimalLatitude,subpesca-1,galaxias maculatus,2008,NA,NA,-45.497945,-72.677913,CEA (NA) Linea De Ba,15158,NA,NA,0,NA,NA,NA,NA,NA,NA,NA,NA,NA,NA,NA,NA,NA,NA
7412,7412,6756,,matched,3,datasetName;canonicalName;decimalLatitude,subpesca-1,galaxias platei,2007,NA,NA,-45.533424,-72.673302,CEA (NA) Linea De Ba,14650,NA,NA,0,NA,NA,NA,NA,NA,NA,NA,NA,NA,NA,NA,NA,NA,NA
7480,7480,6822,,matched,3,datasetName;canonicalName;decimalLatitude,subpesca-1,galaxias platei,2007,NA,NA,-45.539743,-72.667111,CEA (NA) Linea De Ba,14649,NA,NA,0,NA,NA,NA,NA,NA,NA,NA,NA,NA,NA,NA,NA,NA,NA
7523,7523,6862,,matched,3,datasetName;canonicalName;decimalLatitude,agui,oncorhynchus mykiss,2007,NA,río pangal,-41.4800000001,-72.6602999996,"Consuegra, S., Phill",270,NA,NA,0,NA,NA,NA,NA,NA,NA,NA,NA,NA,NA,NA,NA,NA,NA
7540,7540,6877,,matched,3,datasetName;canonicalName;decimalLatitude,subpesca-2,aplochiton zebra,2014,2014-03-01,chaicas,-41.610767,-72.653978,Gaman Limno Studies ,NA,NA,NA,NA,Change Locality to Río Lenca,NA,NA,NA,NA,Río Lenca,NA,NA,NA,NA,NA,NA,NA,NA
7541,7541,6878,,matched,9,datasetName;canonicalName;decimalLatitude;decimalLongitude;bibliographicCitation;year;locality;samplingProtocol;individualCount,subpesca-2,galaxias maculatus,2014,2014-03-01,chaicas,-41.610767,-72.653978,Gaman Limno Studies ,NA,NA,NA,NA,Change Locality to Río Lenca,NA,NA,NA,NA,Río Lenca,NA,NA,NA,NA,NA,NA,NA,NA
7542,7542,6879,,matched,9,datasetName;canonicalName;decimalLatitude;decimalLongitude;bibliographicCitation;year;locality;samplingProtocol;individualCount,subpesca-2,galaxias maculatus,2014,2014-07-01,chaicas,-41.610767,-72.653978,Gaman Limno Studies ,NA,NA,NA,NA,Change Locality to Río Lenca,NA,NA,NA,NA,Río Lenca,NA,NA,NA,NA,NA,NA,NA,NA
7543,7543,6880,,matched,3,datasetName;canonicalName;decimalLatitude,subpesca-2,salmo salar,2014,2014-03-01,chaicas,-41.610767,-72.653978,Gaman Limno Studies ,NA,NA,NA,1,Change Locality to Río Lenca,NA,NA,NA,NA,Río Lenca,NA,NA,NA,NA,NA,NA,NA,NA
7547,7547,6884,,matched,3,datasetName;canonicalName;decimalLatitude,subpesca-1,salmo salar,2014,NA,NA,-41.610766667,-72.653977778,Gaman Limno Studies ,31201,NA,NA,0,NA,NA,NA,NA,NA,NA,NA,NA,NA,NA,NA,NA,NA,NA
7552,7552,6889,,matched,3,datasetName;canonicalName;decimalLatitude,subpesca-2,salmo salar,2014,2014-07-01,chaicas,-41.608119,-72.652683,Gaman Limno Studies ,NA,NA,NA,1,Change Locality to Río Lenca,NA,NA,NA,NA,Río Lenca,NA,NA,NA,NA,NA,NA,NA,NA
7554,7554,6891,,matched,10,datasetName;canonicalName;decimalLatitude;decimalLongitude;bibliographicCitation;year;locality;samplingProtocol;individualCount;eventDate,subpesca-2,salmo trutta,2014,2014-03-01,chaicas,-41.608119,-72.652683,Gaman Limno Studies ,NA,NA,NA,NA,Change Locality to Río Lenca,NA,NA,NA,NA,Río Lenca,NA,NA,NA,NA,NA,NA,NA,NA
7555,7555,6892,,matched,10,datasetName;canonicalName;decimalLatitude;decimalLongitude;bibliographicCitation;year;locality;samplingProtocol;individualCount;eventDate,subpesca-2,salmo trutta,2014,2014-07-01,chaicas,-41.608119,-72.652683,Gaman Limno Studies ,NA,NA,NA,NA,Change Locality to Río Lenca,NA,NA,NA,NA,Río Lenca,NA,NA,NA,NA,NA,NA,NA,NA
7556,7556,6893,,matched,3,datasetName;canonicalName;decimalLatitude,subpesca-1,salmo salar,2014,NA,NA,-41.608119444,-72.652518333,Gaman Limno Studies ,31203,NA,NA,0,NA,NA,NA,NA,NA,NA,NA,NA,NA,NA,NA,NA,NA,NA
7560,7560,6897,,matched,3,datasetName;canonicalName;decimalLatitude,subpesca-1,galaxias platei,2012,NA,NA,-47.32774,-72.652074,CEA (NA) Monitoreo L,21492,NA,NA,0,NA,NA,NA,NA,NA,NA,NA,NA,NA,NA,NA,NA,NA,NA
7586,7586,6922,,matched,6,datasetName;canonicalName;decimalLatitude;decimalLongitude;bibliographicCitation;catalogNumber,subpesca-1,galaxias platei,2009,NA,NA,-47.327269,-72.651473,CEA (NA) Proyecto Hi,4902,NA,NA,0,NA,NA,NA,NA,NA,NA,NA,NA,NA,NA,NA,NA,NA,NA
7611,7611,12426,"unlink, current record via iDigBio",matched,2,datasetName;canonicalName,gbif,aplochiton,1968,1968-02-10,patagonian chile,-51.527707,-72.646889,NA,55141,urn:catalog:cas:ich:55141,cas,0,change locality to Laguna Sofia,NA,NA,NA,NA,Laguna Sofia,NA,NA,NA,NA,NA,NA,NA,NA
7612,7612,6947,,matched,3,datasetName;canonicalName;decimalLatitude,idig,aplochiton zebra,1968,1968-02-10,patagonian chile,-51.527707,-72.646889,NA,55141,urn:catalog:cas:ich:55141,cas,1,change locality to Laguna Sofia,NA,NA,NA,NA,Laguna Sofia,NA,NA,NA,NA,NA,NA,NA,NA
7618,7618,6954,,matched,3,datasetName;canonicalName;decimalLatitude,subpesca-1,galaxias platei,2009,NA,NA,-47.228767,-72.64534,CEA (NA) Proyecto Hi,4881,NA,NA,0,NA,NA,NA,NA,NA,NA,NA,NA,NA,NA,NA,NA,NA,NA
7627,7627,6963,,matched,3,datasetName;canonicalName;decimalLatitude,subpesca-1,salmo salar,2014,NA,NA,-41.606275,-72.645333333,Gaman Limno Studies ,31199,NA,NA,0,NA,NA,NA,NA,NA,NA,NA,NA,NA,NA,NA,NA,NA,NA
7634,7634,6970,,matched,10,datasetName;canonicalName;decimalLatitude;decimalLongitude;bibliographicCitation;year;locality;samplingProtocol;individualCount;eventDate,subpesca-2,salmo salar,2014,2014-07-01,chaicas,-41.606275,-72.645333,Gaman Limno Studies ,NA,NA,NA,1,Change Locality to Río Lenca,NA,NA,NA,NA,Río Lenca,NA,NA,NA,NA,NA,NA,NA,NA
7635,7635,6971,,matched,8,datasetName;canonicalName;decimalLatitude;decimalLongitude;bibliographicCitation;year;locality;samplingProtocol,subpesca-2,salmo trutta,2014,2014-03-01,chaicas,-41.606275,-72.645333,Gaman Limno Studies ,NA,NA,NA,NA,Change Locality to Río Lenca,NA,NA,NA,NA,Río Lenca,NA,NA,NA,NA,NA,NA,NA,NA
7636,7636,6972,,matched,8,datasetName;canonicalName;decimalLatitude;decimalLongitude;bibliographicCitation;year;locality;samplingProtocol,subpesca-2,salmo trutta,2014,2014-07-01,chaicas,-41.606275,-72.645333,Gaman Limno Studies ,NA,NA,NA,NA,Change Locality to Río Lenca,NA,NA,NA,NA,Río Lenca,NA,NA,NA,NA,NA,NA,NA,NA
7659,7659,6990,,matched,3,datasetName;canonicalName;decimalLatitude,subpesca-1,galaxias platei,2012,NA,NA,-47.228932,-72.641568,CEA (NA) Monitoreo L,21467,NA,NA,0,NA,NA,NA,NA,NA,NA,NA,NA,NA,NA,NA,NA,NA,NA
7661,7661,6992,,matched,3,datasetName;canonicalName;decimalLatitude,subpesca-1,hatcheria macraei,2011,NA,NA,-47.228932,-72.641568,CEA (NA) Monitoreo L,16195,NA,NA,0,NA,NA,NA,NA,NA,NA,NA,NA,NA,NA,NA,NA,NA,NA
7665,7665,6996,,matched,3,datasetName;canonicalName;decimalLatitude,subpesca-1,percichthys trucha,2012,NA,NA,-47.228932,-72.641568,CEA (NA) Monitoreo L,21472,NA,NA,0,NA,NA,NA,NA,NA,NA,NA,NA,NA,NA,NA,NA,NA,NA
7671,7671,7002,,matched,3,datasetName;canonicalName;decimalLatitude,agui,oncorhynchus mykiss,2007,NA,bco. correntoso,-41.3940000002,-72.6411000001,"Consuegra, S., Phill",271,NA,NA,0,NA,NA,NA,NA,NA,NA,NA,NA,NA,NA,NA,NA,NA,NA
7689,7689,7015,,matched,3,datasetName;canonicalName;decimalLatitude,agui,aplochiton zebra,NA,NA,lago sofía,-51.2666666669,-72.6333333326,"Cussac, V., Ortubay,",381,NA,NA,0,NA,NA,NA,NA,NA,NA,NA,NA,NA,NA,NA,NA,NA,NA
7690,7690,7016,,matched,3,datasetName;canonicalName;decimalLatitude,agui,galaxias platei,NA,NA,lago sofía,-51.2666666669,-72.6333333326,"Cussac, V., Ortubay,",477,NA,NA,0,"Change coordinates to -51.526421, -72.655984",NA,NA,-51.526421,-72.655984,NA,NA,NA,NA,NA,NA,NA,NA,NA
7697,7697,7019,,matched,3,datasetName;canonicalName;decimalLatitude,subpesca-1,galaxias platei,2011,NA,NA,-47.211245,-72.632236,CEA (NA) Monitoreo L,16185,NA,NA,0,NA,NA,NA,NA,NA,NA,NA,NA,NA,NA,NA,NA,NA,NA
7698,7698,7020,,matched,3,datasetName;canonicalName;decimalLatitude,subpesca-1,hatcheria macraei,2011,NA,NA,-47.211245,-72.632236,CEA (NA) Monitoreo L,16194,NA,NA,0,NA,NA,NA,NA,NA,NA,NA,NA,NA,NA,NA,NA,NA,NA
7804,7804,7114,,matched,3,datasetName;canonicalName;decimalLatitude,subpesca-1,aplochiton zebra,2011,NA,NA,-47.198685,-72.628438,CEA (NA) Monitoreo L,16169,NA,NA,0,NA,NA,NA,NA,NA,NA,NA,NA,NA,NA,NA,NA,NA,NA
7805,7805,7115,,matched,3,datasetName;canonicalName;decimalLatitude,subpesca-1,galaxias platei,2012,NA,NA,-47.198685,-72.628438,CEA (NA) Monitoreo L,21441,NA,NA,0,NA,NA,NA,NA,NA,NA,NA,NA,NA,NA,NA,NA,NA,NA
7807,7807,7117,,matched,6,datasetName;canonicalName;decimalLatitude;decimalLongitude;bibliographicCitation;catalogNumber,subpesca-1,hatcheria macraei,2011,NA,NA,-47.198685,-72.628438,CEA (NA) Monitoreo L,16193,NA,NA,0,NA,NA,NA,NA,NA,NA,NA,NA,NA,NA,NA,NA,NA,NA
7808,7808,7118,,matched,6,datasetName;canonicalName;decimalLatitude;decimalLongitude;bibliographicCitation;catalogNumber,subpesca-1,hatcheria macraei,2012,NA,NA,-47.198685,-72.628438,CEA (NA) Monitoreo L,21442,NA,NA,0,NA,NA,NA,NA,NA,NA,NA,NA,NA,NA,NA,NA,NA,NA
7841,7841,7145,,matched,3,datasetName;canonicalName;decimalLatitude,subpesca-1,geotria australis,2008,NA,NA,-45.47078,-72.619375,CEA (NA) Linea De Ba,15201,NA,NA,0,NA,NA,NA,NA,NA,NA,NA,NA,NA,NA,NA,NA,NA,NA
7848,7848,7152,,matched,3,datasetName;canonicalName;decimalLatitude,subpesca-1,salmo salar,2014,NA,NA,-41.602375,-72.616436111,Gaman Limno Studies ,31198,NA,NA,0,NA,NA,NA,NA,NA,NA,NA,NA,NA,NA,NA,NA,NA,NA
7851,7851,7155,,matched,3,datasetName;canonicalName;decimalLatitude,subpesca-2,salmo trutta,2014,2014-07-01,chaicas,-41.602375,-72.616436,Gaman Limno Studies ,NA,NA,NA,NA,Change Locality to Río Lenca,NA,NA,NA,NA,Río Lenca,NA,NA,NA,NA,NA,NA,NA,NA
7985,7985,7287,,matched,3,datasetName;canonicalName;decimalLatitude,subpesca-1,geotria australis,2008,NA,NA,-45.463658,-72.610235,CEA (NA) Linea De Ba,15200,NA,NA,0,NA,NA,NA,NA,NA,NA,NA,NA,NA,NA,NA,NA,NA,NA
8454,8454,7754,,matched,10,datasetName;canonicalName;decimalLatitude;decimalLongitude;bibliographicCitation;year;locality;samplingProtocol;individualCount;eventDate,subpesca-2,salmo trutta,2014,2014-03-01,chaicas,-41.598,-72.600556,Gaman Limno Studies ,NA,NA,NA,NA,Change Locality to Río Lenca,NA,NA,NA,NA,Río Lenca,NA,NA,NA,NA,NA,NA,NA,NA
8455,8455,7755,,matched,10,datasetName;canonicalName;decimalLatitude;decimalLongitude;bibliographicCitation;year;locality;samplingProtocol;individualCount;eventDate,subpesca-2,salmo trutta,2014,2014-07-01,chaicas,-41.598,-72.600556,Gaman Limno Studies ,NA,NA,NA,NA,Change Locality to Río Lenca,NA,NA,NA,NA,Río Lenca,NA,NA,NA,NA,NA,NA,NA,NA
8456,8456,7756,,matched,3,datasetName;canonicalName;decimalLatitude,subpesca-1,salmo salar,2014,NA,NA,-41.598,-72.600555556,Gaman Limno Studies ,31197,NA,NA,0,NA,NA,NA,NA,NA,NA,NA,NA,NA,NA,NA,NA,NA,NA
8531,8531,7825,,matched,5,datasetName;canonicalName;decimalLatitude;decimalLongitude;bibliographicCitation,agui,oncorhynchus mykiss,2006,NA,lago esmeralda,-47.3212260002,-72.5953940003,"Habit, E., Gonzalez,",778,NA,NA,1,associated references (Ortiz-Sandoval et al. 2017) | (Cussac et al. 2020),NA,Ortiz-Sandoval et al. 2017 | Cussac et al. 2020,NA,NA,NA,NA,NA,NA,NA,NA,NA,NA,NA
8533,8533,7827,,matched,5,datasetName;canonicalName;decimalLatitude;decimalLongitude;bibliographicCitation,agui,oncorhynchus mykiss,NA,NA,lago esmeralda,-47.3212260002,-72.5953940003,"Cussac, V.E.; Barran",560,NA,NA,0,NA,NA,NA,NA,NA,NA,NA,NA,NA,NA,NA,NA,NA,NA
8542,8542,7836,,matched,3,datasetName;canonicalName;decimalLatitude,subpesca-1,percichthys trucha,2012,NA,NA,-47.371452,-72.595028,CEA (NA) Monitoreo L,21347,NA,NA,0,NA,NA,NA,NA,NA,NA,NA,NA,NA,NA,NA,NA,NA,NA
8651,8651,7894,,matched,3,datasetName;canonicalName;decimalLatitude,agui,galaxias platei,2007,NA,lago portales,-45.5352999999,-72.5904000003,"CORREA, C., BRAVO, A",320,NA,NA,0,NA,NA,NA,NA,NA,NA,NA,NA,NA,NA,NA,NA,NA,NA
8652,8652,7895,,matched,3,datasetName;canonicalName;decimalLatitude,agui,salmo trutta,2007,NA,lago portales,-45.5352999999,-72.5904000003,"CORREA, C., BRAVO, A",340,NA,NA,0,NA,NA,NA,NA,NA,NA,NA,NA,NA,NA,NA,NA,NA,NA
8670,8670,7911,,matched,3,datasetName;canonicalName;decimalLatitude,subpesca-1,aplochiton zebra,2008,NA,NA,-45.422689,-72.589493,CEA (NA) Linea De Ba,15054,NA,NA,0,NA,NA,NA,NA,NA,NA,NA,NA,NA,NA,NA,NA,NA,NA
8672,8672,7913,,matched,3,datasetName;canonicalName;decimalLatitude,subpesca-1,galaxias platei,2008,NA,NA,-45.422689,-72.589493,CEA (NA) Linea De Ba,15070,NA,NA,0,NA,NA,NA,NA,NA,NA,NA,NA,NA,NA,NA,NA,NA,NA
8695,8695,7933,,matched,3,datasetName;canonicalName;decimalLatitude,subpesca-1,aplochiton zebra,2007,NA,NA,-45.423431,-72.588004,CEA (NA) Linea De Ba,14646,NA,NA,0,NA,NA,NA,NA,NA,NA,NA,NA,NA,NA,NA,NA,NA,NA
8706,8706,7943,,matched,3,datasetName;canonicalName;decimalLatitude,agui,salmo trutta,2007,NA,lago portales,-45.5329912172,-72.5873954867,"Correa, C. and Hendr",295,NA,NA,0,NA,NA,NA,NA,NA,NA,NA,NA,NA,NA,NA,NA,NA,NA
8723,8723,7960,,matched,3,datasetName;canonicalName;decimalLatitude,subpesca-1,odontesthes hatcheri,2009,NA,NA,-47.311907,-72.583495,CEA (NA) Linea Base ,15508,NA,NA,0,NA,NA,NA,NA,NA,NA,NA,NA,NA,NA,NA,NA,NA,NA
8725,8725,7962,,matched,3,datasetName;canonicalName;decimalLatitude,subpesca-1,percichthys trucha,2009,NA,NA,-47.311907,-72.583495,CEA (NA) Linea Base ,15563,NA,NA,0,NA,NA,NA,NA,NA,NA,NA,NA,NA,NA,NA,NA,NA,NA
8729,8729,7966,,matched,3,datasetName;canonicalName;decimalLatitude,subpesca-1,percichthys trucha,2012,NA,NA,-47.421039,-72.583249,CEA (NA) Monitoreo L,21327,NA,NA,0,NA,NA,NA,NA,NA,NA,NA,NA,NA,NA,NA,NA,NA,NA
8769,8769,7986,,matched,3,datasetName;canonicalName;decimalLatitude,mma2,galaxias maculatus,NA,NA,río pascua. costeras del fiordo coman,-42.333,-72.583,FuenteReg: Campos et,NA,NA,NA,0,NA,NA,NA,NA,NA,NA,NA,NA,NA,NA,NA,NA,NA,NA
8770,8770,7987,,matched,5,datasetName;canonicalName;decimalLatitude;decimalLongitude;bibliographicCitation,subpesca-1,galaxias platei,2008,NA,NA,-47.305839,-72.582951,CEA (NA) Linea Base ,14865,NA,NA,0,NA,NA,NA,NA,NA,NA,NA,NA,NA,NA,NA,NA,NA,NA
8772,8772,7989,,matched,6,datasetName;canonicalName;decimalLatitude;decimalLongitude;bibliographicCitation;catalogNumber,subpesca-1,odontesthes hatcheri,2008,NA,NA,-47.305839,-72.582951,CEA (NA) Linea Base ,14876,NA,NA,0,NA,NA,NA,NA,NA,NA,NA,NA,NA,NA,NA,NA,NA,NA
8775,8775,7992,,matched,6,datasetName;canonicalName;decimalLatitude;decimalLongitude;bibliographicCitation;catalogNumber,subpesca-1,odontesthes hatcheri,2010,NA,NA,-47.305839,-72.582951,CEA (NA) Linea Base ,15946,NA,NA,0,NA,NA,NA,NA,NA,NA,NA,NA,NA,NA,NA,NA,NA,NA
8784,8784,8001,,matched,6,datasetName;canonicalName;decimalLatitude;decimalLongitude;bibliographicCitation;catalogNumber,subpesca-1,percichthys trucha,2008,NA,NA,-47.305839,-72.582951,CEA (NA) Linea Base ,14902,NA,NA,0,NA,NA,NA,NA,NA,NA,NA,NA,NA,NA,NA,NA,NA,NA
8787,8787,8004,,matched,6,datasetName;canonicalName;decimalLatitude;decimalLongitude;bibliographicCitation;catalogNumber,subpesca-1,percichthys trucha,2010,NA,NA,-47.305839,-72.582951,CEA (NA) Linea Base ,15967,NA,NA,0,NA,NA,NA,NA,NA,NA,NA,NA,NA,NA,NA,NA,NA,NA
8792,8792,8008,,matched,3,datasetName;canonicalName;decimalLatitude,subpesca-1,galaxias platei,2008,NA,NA,-45.759718,-72.580929,CEA (NA) Linea De Ba,15069,NA,NA,0,NA,NA,NA,NA,NA,NA,NA,NA,NA,NA,NA,NA,NA,NA
8939,8939,8153,,matched,3,datasetName;canonicalName;decimalLatitude,agui,salmo trutta,2006,NA,lago caro,-44.4548055562,-72.5641111108,"Habit, E., Gonzalez,",788,NA,NA,NA,"change coordinates to -45.803026, -72.547405",NA,NA,-45.803026,-72.547405,NA,NA,NA,NA,NA,NA,NA,NA,NA
8958,8958,8172,,matched,3,datasetName;canonicalName;decimalLatitude,subpesca-1,geotria australis,2008,NA,NA,-45.392708,-72.560797,CEA (NA) Linea De Ba,15112,NA,NA,0,NA,NA,NA,NA,NA,NA,NA,NA,NA,NA,NA,NA,NA,NA
9327,9327,8539,,matched,3,datasetName;canonicalName;decimalLatitude,agui,salmo trutta,2007,NA,lago zenteno,-45.5924368254,-72.5518577357,"CORREA, C., BRAVO, A",344,NA,NA,0,NA,NA,NA,NA,NA,NA,NA,NA,NA,NA,NA,NA,NA,NA
9331,9331,NA,8543,no_match,NA,NA,gbif,aplochiton taeniatus,2009,2009,NA,-45.8,-72.55,NA,at3028,jq048547,NA,0,NA,NA,NA,NA,NA,NA,NA,NA,NA,NA,NA,NA,NA,NA
9332,9332,NA,8544,no_match,NA,NA,gbif,aplochiton taeniatus,2009,2009-07-15,NA,-45.8,-72.55,NA,at3028,gbgca5905-13,"mined from genbank, ncbi",0,Bad date. EventDate: 2009-04-10 Locality: Lago Caro,NA,NA,NA,NA,NA,NA,NA,NA,NA,NA,NA,NA,NA
9372,9372,8579,,matched,3,datasetName;canonicalName;decimalLatitude,agui,galaxias platei,2007,NA,lago zenteno,-45.5921000004,-72.5482000003,"CORREA, C., BRAVO, A",325,NA,NA,0,NA,NA,NA,NA,NA,NA,NA,NA,NA,NA,NA,NA,NA,NA
9377,9377,8582,,matched,3,datasetName;canonicalName;decimalLatitude,agui,salmo trutta,2009,NA,lago zenteno,-45.5896221377,-72.5474168822,"Correa, C. and Hendr",300,NA,NA,0,NA,NA,NA,NA,NA,NA,NA,NA,NA,NA,NA,NA,NA,NA
9682,9682,8883,,matched,3,datasetName;canonicalName;decimalLatitude,subpesca-1,galaxias platei,2012,NA,NA,-47.477325,-72.53838,CEA (NA) Monitoreo L,21271,NA,NA,0,NA,NA,NA,NA,NA,NA,NA,NA,NA,NA,NA,NA,NA,NA
9693,9693,8889,,matched,3,datasetName;canonicalName;decimalLatitude,subpesca-1,hatcheria macraei,2008,NA,NA,-47.248651,-72.534834,CEA (NA) Linea Base ,14949,NA,NA,0,NA,NA,NA,NA,NA,NA,NA,NA,NA,NA,NA,NA,NA,NA
9856,9856,9037,,matched,3,datasetName;canonicalName;decimalLatitude,mma2,geotria australis,NA,NA,lago risopatrón. rio risopatron,-44.233,-72.517,FuenteReg: Campos et,NA,NA,NA,0,NA,NA,NA,NA,NA,NA,NA,NA,NA,NA,NA,NA,NA,NA
9861,9861,9042,,matched,3,datasetName;canonicalName;decimalLatitude,agui,percichthys trucha,NA,NA,lago maldonado,-47.233333333,-72.5166666667,Zama A. y Cárdenas E,1394,NA,NA,0,"Cambiar coordenadas a -47.257249, -72.516063",NA,NA,-47.257249,-72.516063,NA,NA,NA,NA,NA,NA,NA,NA,NA
9866,9866,9045,,matched,3,datasetName;canonicalName;decimalLatitude,subpesca-1,percichthys trucha,2012,NA,NA,-47.254925,-72.515747,CEA (NA) Monitoreo L,21238,NA,NA,0,NA,NA,NA,NA,NA,NA,NA,NA,NA,NA,NA,NA,NA,NA
9884,9884,9058,,matched,3,datasetName;canonicalName;decimalLatitude,agui,salmo trutta,NA,NA,lago risopatrón,-44.2531199996,-72.5115540002,"Cussac, V.E.; Barran",544,NA,NA,0,NA,NA,NA,NA,NA,NA,NA,NA,NA,NA,NA,NA,NA,NA
9888,9888,9062,,matched,3,datasetName;canonicalName;decimalLatitude,agui,galaxias platei,2007,NA,lago rengifo,-45.6176,-72.5113000002,"CORREA, C., BRAVO, A",322,NA,NA,0,NA,NA,NA,NA,NA,NA,NA,NA,NA,NA,NA,NA,NA,NA
9889,9889,9063,,matched,3,datasetName;canonicalName;decimalLatitude,agui,salmo trutta,2007,NA,lago rengifo,-45.6176,-72.5113000002,"CORREA, C., BRAVO, A",342,NA,NA,0,NA,NA,NA,NA,NA,NA,NA,NA,NA,NA,NA,NA,NA,NA
9966,9966,9137,,matched,3,datasetName;canonicalName;decimalLatitude,agui,salmo trutta,2009,NA,lago rengifo,-45.6152647916,-72.5083219771,"Correa, C. and Hendr",299,NA,NA,0,NA,NA,NA,NA,NA,NA,NA,NA,NA,NA,NA,NA,NA,NA
10150,10150,9311,,matched,6,datasetName;canonicalName;decimalLatitude;decimalLongitude;bibliographicCitation;catalogNumber,subpesca-1,galaxias platei,2008,NA,NA,-45.77889,-72.483918,CEA (NA) Linea De Ba,15068,NA,NA,0,NA,NA,NA,NA,NA,NA,NA,NA,NA,NA,NA,NA,NA,NA
10173,10173,9334,,matched,3,datasetName;canonicalName;decimalLatitude,agui,oncorhynchus tshawytscha,2004,2004-04-07,río huñu-hueñu,-41.2666666671,-72.4833333329,"Correa, C., Gross, M",347,NA,NA,0,NA,NA,NA,NA,NA,NA,NA,NA,NA,NA,NA,NA,NA,NA
10175,10175,9335,,matched,3,datasetName;canonicalName;decimalLatitude,mma2,aplochiton zebra,NA,NA,río amarillo. rio amarillo,-43.017,-72.483,FuenteReg: Campos et,NA,NA,NA,0,NA,NA,NA,NA,NA,NA,NA,NA,NA,NA,NA,NA,NA,NA
10264,10264,9419,,matched,3,datasetName;canonicalName;decimalLatitude,agui,oncorhynchus tshawytscha,NA,NA,río petrohue (chile),-41.2500000002,-72.4667000002,"Narum, SR, Gallardo,",991,NA,NA,0,NA,NA,NA,NA,NA,NA,NA,NA,NA,NA,NA,NA,NA,NA
10265,10265,9420,,matched,3,datasetName;canonicalName;decimalLatitude,agui,oncorhynchus tshawytscha,2004,2004-04-07,los patos (río petrohué),-41.1833333334,-72.4666666668,"Correa, C., Gross, M",345,NA,NA,0,NA,NA,NA,NA,NA,NA,NA,NA,NA,NA,NA,NA,NA,NA
10304,10304,9456,,matched,3,datasetName;canonicalName;decimalLatitude,subpesca-1,aplochiton zebra,2007,NA,NA,-45.776504,-72.457236,CEA (NA) Linea De Ba,14645,NA,NA,0,NA,NA,NA,NA,NA,NA,NA,NA,NA,NA,NA,NA,NA,NA
10310,10310,9461,,matched,3,datasetName;canonicalName;decimalLatitude,agui,oncorhynchus mykiss,NA,NA,laguna los patos,-41.1777786303,-72.4566656751,https://doi.org/10.1,818,NA,NA,NA,(Arismendi and Soto 2012. Are salmon-derived nutrients being incorporated in food webs of invaded streams? Evidence from southern Chile),NA,"Arismendi & Soto, 2012",NA,NA,NA,NA,NA,NA,NA,NA,NA,NA,NA
10311,10311,9462,,matched,3,datasetName;canonicalName;decimalLatitude,agui,oncorhynchus tshawytscha,NA,NA,laguna los patos,-41.1777786303,-72.4566656751,https://doi.org/10.1,820,NA,NA,NA,(Arismendi and Soto 2012. Are salmon-derived nutrients being incorporated in food webs of invaded streams? Evidence from southern Chile),NA,"Arismendi & Soto, 2012",NA,NA,NA,NA,NA,NA,NA,NA,NA,NA,NA
10312,10312,9463,,matched,3,datasetName;canonicalName;decimalLatitude,agui,salmo trutta,NA,NA,laguna los patos,-41.1777786303,-72.4566656751,https://doi.org/10.1,819,NA,NA,NA,(Arismendi and Soto 2012. Are salmon-derived nutrients being incorporated in food webs of invaded streams? Evidence from southern Chile),NA,"Arismendi & Soto, 2012",NA,NA,NA,NA,NA,NA,NA,NA,NA,NA,NA
11090,11090,10222,,matched,3,datasetName;canonicalName;decimalLatitude,mma2,galaxias platei,NA,NA,lago yelcho. rio yelcho entre desague lago yelcho y rio amarillo,-43.167,-72.417,FuenteReg: Campos et,NA,NA,NA,0,NA,NA,NA,NA,NA,NA,NA,NA,NA,NA,NA,NA,NA,NA
11092,11092,10223,,matched,3,datasetName;canonicalName;decimalLatitude,mma2,aplochiton zebra,1919,NA,saltos del petrohue. lago todos los santos,-41.15,-72.417,FuenteReg: Eigenmann,NA,NA,NA,0,NA,NA,NA,NA,NA,NA,NA,NA,NA,NA,NA,NA,NA,NA
11094,11094,10224,,matched,3,datasetName;canonicalName;decimalLatitude,mma2,trichomycterus areolatus,1919,NA,cascada de petrohue. lago todos los santos,-41.15,-72.417,FuenteReg: Eigenmann,NA,NA,NA,0,NA,NA,NA,NA,NA,NA,NA,NA,NA,NA,NA,NA,NA,NA
11132,11132,10262,"good, locality was changed earlier in the code",matched,3,datasetName;canonicalName;decimalLatitude,fishgis_metadatabase_ccorrea,geotria australis,1984,NA,lago risopatrón,-45.43213,-72.41295,"Campos, H., J. Arena",NA,NA,NA,0,"Rio Simpson, not Risopatron",NA,NA,NA,NA,Río Simpson,NA,NA,NA,NA,NA,NA,NA,NA
11184,11184,10306,,matched,3,datasetName;canonicalName;decimalLatitude,agui,aplochiton taeniatus,NA,NA,lago saltos del petrohué,-41.1333333326,-72.3833333331,"Cussac, V., Ortubay,",357,NA,NA,0,NA,NA,NA,NA,NA,NA,NA,NA,NA,NA,NA,NA,NA,NA
11185,11185,10307,,matched,3,datasetName;canonicalName;decimalLatitude,agui,aplochiton zebra,NA,NA,lago saltos del petrohué,-41.1333333326,-72.3833333331,"Cussac, V., Ortubay,",374,NA,NA,0,NA,NA,NA,NA,NA,NA,NA,NA,NA,NA,NA,NA,NA,NA
11201,11201,10317,,matched,3,datasetName;canonicalName;decimalLatitude,mma2,aplochiton zebra,NA,NA,río aura. rio palena entre rio frio y rio rosselot,-43.833,-72.367,FuenteReg: Campos et,NA,NA,NA,0,NA,NA,NA,NA,NA,NA,NA,NA,NA,NA,NA,NA,NA,NA
11272,11272,10388,,matched,3,datasetName;canonicalName;decimalLatitude,agui,galaxias maculatus,2007,NA,lago risopatron,-44.1501666667,-72.3452499996,"Ortiz-Sandoval, J., ",1032,NA,NA,NA,"change coordinates to -44.258668, -72.514963",NA,NA,-44.258668,-72.514963,NA,NA,NA,NA,NA,NA,NA,NA,NA
11273,11273,10389,,matched,3,datasetName;canonicalName;decimalLatitude,agui,galaxias platei,2007,NA,lago risopatron,-44.1501666667,-72.3452499996,"Ortiz-Sandoval, J., ",1031,NA,NA,NA,"change coordinates to -44.258668, -72.514963",NA,NA,-44.258668,-72.514963,NA,NA,NA,NA,NA,NA,NA,NA,NA
11274,11274,10390,,matched,5,datasetName;canonicalName;decimalLatitude;decimalLongitude;bibliographicCitation,agui,salmo trutta,2006,NA,lago risopatron,-44.1501666667,-72.3452499996,"Habit, E., Gonzalez,",787,NA,NA,1,"change coordinates to -44.258668, -72.514963",NA,NA,-44.258668,-72.514963,NA,NA,NA,NA,NA,NA,NA,NA,NA
11275,11275,10391,,matched,5,datasetName;canonicalName;decimalLatitude;decimalLongitude;bibliographicCitation,agui,salmo trutta,2007,NA,lago risopatron,-44.1501666667,-72.3452499996,"Ortiz-Sandoval, J., ",1030,NA,NA,0,NA,NA,NA,NA,NA,NA,NA,NA,NA,NA,NA,NA,NA,NA
11308,11308,10421,,matched,5,datasetName;canonicalName;decimalLatitude;decimalLongitude;bibliographicCitation,agui,salmo trutta,NA,NA,lago balmaceda,-51.8856790002,-72.336679,"Cussac, V.E.; Barran",566,NA,NA,0,NA,NA,NA,NA,NA,NA,NA,NA,NA,NA,NA,NA,NA,NA
11317,11317,10430,,matched,3,datasetName;canonicalName;decimalLatitude,agui,galaxias maculatus,2001,NA,lago argentino,-52.3333333327,-72.3333333332,Viozzi G. Semenas L.,1314,NA,NA,NA,"change coordinates to -50.230760, -72.250660",NA,NA,-50.23076,-72.25066,NA,NA,NA,NA,NA,NA,NA,NA,NA
11318,11318,10431,,matched,3,datasetName;canonicalName;decimalLatitude,agui,aplochiton taeniatus,NA,NA,río petrohué,-41.0833333327,-72.3333333332,"Cussac, V., Ortubay,",356,NA,NA,0,NA,NA,NA,NA,NA,NA,NA,NA,NA,NA,NA,NA,NA,NA
11319,11319,10432,,matched,3,datasetName;canonicalName;decimalLatitude,agui,aplochiton zebra,NA,NA,río petrohué,-41.0833333327,-72.3333333332,"Cussac, V., Ortubay,",373,NA,NA,0,NA,NA,NA,NA,NA,NA,NA,NA,NA,NA,NA,NA,NA,NA
11320,11320,10433,,matched,3,datasetName;canonicalName;decimalLatitude,agui,galaxias platei,NA,NA,río petrohué,-41.0833333327,-72.3333333332,"Cussac, V., Ortubay,",414,NA,NA,NA,Locality: Lago Todos los Santos y río Petrohue (current waypoint located in Lago Todos los Santos),NA,NA,NA,NA,Lago Todos los Santos y río Petrohue,NA,NA,NA,NA,NA,NA,NA,NA
11327,11327,10436,,matched,3,datasetName;canonicalName;decimalLatitude,mma2,aplochiton zebra,NA,NA,río frio. rio frio,-43.583,-72.333,FuenteReg: Campos et,NA,NA,NA,0,NA,NA,NA,NA,NA,NA,NA,NA,NA,NA,NA,NA,NA,NA
11374,11374,10475,,matched,5,datasetName;canonicalName;decimalLatitude;decimalLongitude;bibliographicCitation,agui,oncorhynchus mykiss,2006,NA,laguna candelaria,-41.6935860003,-72.3249220002,"Habit, E., Gonzalez,",748,NA,NA,1,"associatedReference: (Cussac et al., 2020)",NA,"Cussac et al., 2020",NA,NA,NA,NA,NA,NA,NA,NA,NA,NA,NA
11376,11376,10477,,matched,5,datasetName;canonicalName;decimalLatitude;decimalLongitude;bibliographicCitation,agui,oncorhynchus mykiss,NA,NA,laguna candelaria,-41.6935860003,-72.3249220002,"Cussac, V.E.; Barran",493,NA,NA,0,NA,NA,NA,NA,NA,NA,NA,NA,NA,NA,NA,NA,NA,NA
11378,11378,10479,,matched,5,datasetName;canonicalName;decimalLatitude;decimalLongitude;bibliographicCitation,agui,salmo trutta,2006,NA,laguna candelaria,-41.6935860003,-72.3249220002,"Habit, E., Gonzalez,",747,NA,NA,1,"associatedsReference: (Cussac et al., 2020) | (Ortiz-Sandoval et al., 2017)",NA,"Cussac et al., 2020 | Ortiz-Sandoval et al., 2017",NA,NA,NA,NA,NA,NA,NA,NA,NA,NA,NA
11379,11379,10480,,matched,5,datasetName;canonicalName;decimalLatitude;decimalLongitude;bibliographicCitation,agui,salmo trutta,2007,NA,laguna candelaria,-41.6935860003,-72.3249220002,"Ortiz-Sandoval, J., ",997,NA,NA,0,NA,NA,NA,NA,NA,NA,NA,NA,NA,NA,NA,NA,NA,NA
11380,11380,10481,,matched,5,datasetName;canonicalName;decimalLatitude;decimalLongitude;bibliographicCitation,agui,salmo trutta,NA,NA,laguna candelaria,-41.6935860003,-72.3249220002,"Cussac, V.E.; Barran",494,NA,NA,0,NA,NA,NA,NA,NA,NA,NA,NA,NA,NA,NA,NA,NA,NA
11384,11384,10485,,matched,3,datasetName;canonicalName;decimalLatitude,agui,oncorhynchus tshawytscha,NA,NA,río aysen (chile),-45.5576999996,-72.3245999997,"Narum, SR, Gallardo,",989,NA,NA,0,NA,NA,NA,NA,NA,NA,NA,NA,NA,NA,NA,NA,NA,NA
11401,11401,10496,,matched,3,datasetName;canonicalName;decimalLatitude,agui,salmo trutta,2006,NA,lago atravezado,-44.5520277778,-72.3170833329,"Habit, E., Gonzalez,",795,NA,NA,NA,"change coordinates to -45.698800, -72.295470",NA,NA,-45.6988,-72.29547,NA,NA,NA,NA,NA,NA,NA,NA,NA
11408,11408,10500,,matched,3,datasetName;canonicalName;decimalLatitude,agui,salmo salar,2000,NA,lago yelcho,-43.3,-72.316667,https://www.tandfonl,826,NA,NA,NA,Change bibliographic reference to: Arismendi et al. (2011). Body condition indices as a rapid assessment of the abundance of introduced salmonids in oligotrophic lakes of southern Chile.,NA,NA,NA,NA,NA,NA,NA,"Arismendi, I., Penaluna, B., & Soto, D. (2011). Body condition indices as a rapid assessment of the abundance of introduced salmonids in oligotrophic lakes of southern Chile. Lake and Reservoir Management, 27(1), 61–69. https://doi.org/10.1080/07438141.2010.536617",NA,NA,NA,NA,NA
11412,11412,10503,,matched,5,datasetName;canonicalName;decimalLatitude;decimalLongitude;bibliographicCitation,agui,salmo trutta,2000,NA,lago yelcho,-43.2999999997,-72.3166666671,https://www.tandfonl,824,NA,NA,NA,Change bibliographic reference to: Arismendi et al. (2011). Body condition indices as a rapid assessment of the abundance of introduced salmonids in oligotrophic lakes of southern Chile; Change species to O. mykiss,NA,NA,NA,NA,NA,NA,NA,"Arismendi, I., Penaluna, B., & Soto, D. (2011). Body condition indices as a rapid assessment of the abundance of introduced salmonids in oligotrophic lakes of southern Chile. Lake and Reservoir Management, 27(1), 61–69. https://doi.org/10.1080/07438141.2010.536617",NA,NA,NA,NA,NA
11495,11495,10576,,matched,5,datasetName;canonicalName;decimalLatitude;decimalLongitude;bibliographicCitation,agui,oncorhynchus kisutch,2006,NA,lago yelcho,-43.3063409998,-72.2874610002,"Habit, E., Gonzalez,",774,NA,NA,1,"associated reference: (Cussac et al., 2020)",NA,"Cussac et al., 2020",NA,NA,NA,NA,NA,NA,NA,NA,NA,NA,NA
11496,11496,10577,,matched,5,datasetName;canonicalName;decimalLatitude;decimalLongitude;bibliographicCitation,agui,oncorhynchus kisutch,NA,NA,lago yelcho,-43.3063409998,-72.2874610002,"Cussac, V.E.; Barran",539,NA,NA,0,NA,NA,NA,NA,NA,NA,NA,NA,NA,NA,NA,NA,NA,NA
11497,11497,10578,,matched,5,datasetName;canonicalName;decimalLatitude;decimalLongitude;bibliographicCitation,agui,oncorhynchus mykiss,2006,NA,lago yelcho,-43.3063409998,-72.2874610002,"Habit, E., Gonzalez,",772,NA,NA,1,"associatedReference: (Cussac et al., 2020)",NA,"Cussac et al., 2020",NA,NA,NA,NA,NA,NA,NA,NA,NA,NA,NA
11498,11498,10579,,matched,5,datasetName;canonicalName;decimalLatitude;decimalLongitude;bibliographicCitation,agui,oncorhynchus mykiss,NA,NA,lago yelcho,-43.3063409998,-72.2874610002,"Cussac, V.E.; Barran",540,NA,NA,0,NA,NA,NA,NA,NA,NA,NA,NA,NA,NA,NA,NA,NA,NA
11499,11499,10580,,matched,5,datasetName;canonicalName;decimalLatitude;decimalLongitude;bibliographicCitation,agui,oncorhynchus tshawytscha,2006,NA,lago yelcho,-43.3063409998,-72.2874610002,"Habit, E., Gonzalez,",773,NA,NA,1,"associatedReferences: (Cussac et al., 2020)",NA,"Cussac et al., 2020",NA,NA,NA,NA,NA,NA,NA,NA,NA,NA,NA
11500,11500,10581,,matched,5,datasetName;canonicalName;decimalLatitude;decimalLongitude;bibliographicCitation,agui,oncorhynchus tshawytscha,NA,NA,lago yelcho,-43.3063409998,-72.2874610002,"Cussac, V.E.; Barran",541,NA,NA,0,NA,NA,NA,NA,NA,NA,NA,NA,NA,NA,NA,NA,NA,NA
11501,11501,10582,,matched,5,datasetName;canonicalName;decimalLatitude;decimalLongitude;bibliographicCitation,agui,salmo trutta,2006,NA,lago yelcho,-43.3063409998,-72.2874610002,"Habit, E., Gonzalez,",771,NA,NA,1,"associatedreference: (Cussac et al., 2020)",NA,"Cussac et al., 2020",NA,NA,NA,NA,NA,NA,NA,NA,NA,NA,NA
11502,11502,10583,,matched,5,datasetName;canonicalName;decimalLatitude;decimalLongitude;bibliographicCitation,agui,salmo trutta,NA,NA,lago yelcho,-43.3063409998,-72.2874610002,"Cussac, V.E.; Barran",542,NA,NA,0,NA,NA,NA,NA,NA,NA,NA,NA,NA,NA,NA,NA,NA,NA
11513,11513,10593,,matched,3,datasetName;canonicalName;decimalLatitude,subpesca-1,galaxias platei,2012,NA,NA,-47.399286,-72.28079,CEA (NA) Monitoreo L,21138,NA,NA,0,NA,NA,NA,NA,NA,NA,NA,NA,NA,NA,NA,NA,NA,NA
11514,11514,10594,,matched,3,datasetName;canonicalName;decimalLatitude,agui,salmo trutta,2006,NA,laguna verde,-44.4416388888,-72.2801111109,"Habit, E., Gonzalez,",796,NA,NA,NA,"change coordinates to -45.795960, -72.222054",NA,NA,-45.79596,-72.222054,NA,NA,NA,NA,NA,NA,NA,NA,NA
11539,11539,10614,,matched,3,datasetName;canonicalName;decimalLatitude,fishgis_metadatabase_ccorrea,odontesthes hatcheri,1990,NA,"lago cochrane, approximately 1 km east of rancho 'la gauchita' (mondelo family) at pescadero de las truchas, a *",-47.25316,-72.25292,"Dyer, B. (1994) Spec",NA,NA,NA,0,NA,NA,NA,NA,NA,NA,NA,NA,NA,NA,NA,NA,NA,NA
11543,11543,10622,,matched,4,datasetName;canonicalName;decimalLatitude;decimalLongitude,mma2,galaxias platei,1990,1990-01-27,"lago cochrane, prov. capitan prat, xi region; rio baker drainage. lago y rio cochrane",-47.25,-72.25,"OrigenReg: Fishnet2,",NA,NA,NA,0,NA,NA,NA,NA,NA,NA,NA,NA,NA,NA,NA,NA,NA,NA
11567,11567,10642,,matched,3,datasetName;canonicalName;decimalLatitude,agui,galaxias platei,2007,NA,lago barroso,-45.7395999999,-72.2451000001,"CORREA, C., BRAVO, A",307,NA,NA,0,NA,NA,NA,NA,NA,NA,NA,NA,NA,NA,NA,NA,NA,NA
11568,11568,10643,,matched,3,datasetName;canonicalName;decimalLatitude,agui,salmo trutta,2007,NA,lago barroso,-45.7395999999,-72.2451000001,"CORREA, C., BRAVO, A",326,NA,NA,0,NA,NA,NA,NA,NA,NA,NA,NA,NA,NA,NA,NA,NA,NA
11581,11581,10655,,matched,3,datasetName;canonicalName;decimalLatitude,agui,salmo trutta,2007,NA,lago barroso,-45.7372288223,-72.2420766646,"Correa, C. and Hendr",288,NA,NA,0,NA,NA,NA,NA,NA,NA,NA,NA,NA,NA,NA,NA,NA,NA
11599,11599,10671,,matched,3,datasetName;canonicalName;decimalLatitude,agui,galaxias platei,2007,NA,laguna cea,-45.6743999997,-72.2377999998,"CORREA, C., BRAVO, A",309,NA,NA,0,NA,NA,NA,NA,NA,NA,NA,NA,NA,NA,NA,NA,NA,NA
11600,11600,10672,,matched,3,datasetName;canonicalName;decimalLatitude,agui,salmo trutta,2007,NA,laguna cea,-45.6743999997,-72.2377999998,"CORREA, C., BRAVO, A",331,NA,NA,0,NA,NA,NA,NA,NA,NA,NA,NA,NA,NA,NA,NA,NA,NA
11611,11611,10683,,matched,3,datasetName;canonicalName;decimalLatitude,agui,salmo trutta,2006,NA,lago elizalde,-44.4637222219,-72.2366388887,"Habit, E., Gonzalez,",789,NA,NA,NA,"change coordinates to -45.75545415215073, -72.31640773048119",NA,NA,-45.7554541521507,-72.3164077304812,NA,NA,NA,NA,NA,NA,NA,NA,NA
11618,11618,10689,,matched,3,datasetName;canonicalName;decimalLatitude,agui,salmo trutta,2007,NA,laguna cea,-45.6720466708,-72.2347799576,"Correa, C. and Hendr",290,NA,NA,0,NA,NA,NA,NA,NA,NA,NA,NA,NA,NA,NA,NA,NA,NA
11644,11644,10715,,matched,3,datasetName;canonicalName;decimalLatitude,agui,oncorhynchus mykiss,2007,NA,lago burgos,-45.7127999997,-72.2185000001,"CORREA, C., BRAVO, A",329,NA,NA,0,NA,NA,NA,NA,NA,NA,NA,NA,NA,NA,NA,NA,NA,NA
11645,11645,10716,,matched,3,datasetName;canonicalName;decimalLatitude,agui,salmo trutta,2007,NA,lago burgos,-45.7127999997,-72.2185000001,"CORREA, C., BRAVO, A",328,NA,NA,0,NA,NA,NA,NA,NA,NA,NA,NA,NA,NA,NA,NA,NA,NA
11658,11658,10724,,matched,3,datasetName;canonicalName;decimalLatitude,agui,oncorhynchus mykiss,2007,NA,lago mercedes,-45.7361000004,-72.2172999996,"CORREA, C., BRAVO, A",335,NA,NA,0,NA,NA,NA,NA,NA,NA,NA,NA,NA,NA,NA,NA,NA,NA
11675,11675,10735,,matched,3,datasetName;canonicalName;decimalLatitude,agui,oncorhynchus mykiss,2009,NA,lago burgos,-45.7104794503,-72.2154491364,"Correa, C. and Hendr",285,NA,NA,0,NA,NA,NA,NA,NA,NA,NA,NA,NA,NA,NA,NA,NA,NA
11676,11676,10736,,matched,3,datasetName;canonicalName;decimalLatitude,agui,salmo trutta,2009,NA,lago burgos,-45.7104794503,-72.2154491364,"Correa, C. and Hendr",296,NA,NA,0,NA,NA,NA,NA,NA,NA,NA,NA,NA,NA,NA,NA,NA,NA
11677,11677,10737,,matched,3,datasetName;canonicalName;decimalLatitude,agui,salmo trutta,2009,NA,lago mercedes,-45.7338079118,-72.2142505244,"Correa, C. and Hendr",293,NA,NA,0,NA,NA,NA,NA,NA,NA,NA,NA,NA,NA,NA,NA,NA,NA
11694,11694,10747,,matched,3,datasetName;canonicalName;decimalLatitude,agui,salmo trutta,NA,NA,lago las torres,-44.7960699998,-72.2103320002,"Cussac, V.E.; Barran",543,NA,NA,0,NA,NA,NA,NA,NA,NA,NA,NA,NA,NA,NA,NA,NA,NA
11707,11707,10757,,matched,3,datasetName;canonicalName;decimalLatitude,agui,salmo trutta,2006,NA,lago las torres,-44.751111111,-72.2061111113,"de Villalobos, Crist",571,NA,NA,NA,"change coordinates to -44.807000, -72.213000",NA,NA,-44.807,-72.213,NA,NA,NA,NA,NA,NA,NA,NA,NA
11714,11714,10765,,matched,5,datasetName;canonicalName;decimalLatitude;decimalLongitude;bibliographicCitation,agui,salmo trutta,2006,NA,lago las torres,-44.8014166672,-72.2041111108,"Habit, E., Gonzalez,",786,NA,NA,1,"associatedReferences: (Cussac et al., 2020) | (Ortiz-Sandoval et al., 2017)",NA,"Cussac et al., 2020 | Ortiz-Sandoval et al., 2017",NA,NA,NA,NA,NA,NA,NA,NA,NA,NA,NA
11715,11715,10766,,matched,5,datasetName;canonicalName;decimalLatitude;decimalLongitude;bibliographicCitation,agui,salmo trutta,2007,NA,lago las torres,-44.8014166672,-72.2041111108,"Ortiz-Sandoval, J., ",1027,NA,NA,0,NA,NA,NA,NA,NA,NA,NA,NA,NA,NA,NA,NA,NA,NA
11722,11722,10769,,matched,3,datasetName;canonicalName;decimalLatitude,agui,salmo trutta,2007,NA,lago espejo,-45.7407000003,-72.2039999996,"CORREA, C., BRAVO, A",334,NA,NA,0,NA,NA,NA,NA,NA,NA,NA,NA,NA,NA,NA,NA,NA,NA
11725,11725,10772,,matched,3,datasetName;canonicalName;decimalLatitude,subpesca-1,galaxias platei,2012,NA,NA,-47.217767,-72.203893,CEA (NA) Monitoreo L,21060,NA,NA,0,NA,NA,NA,NA,NA,NA,NA,NA,NA,NA,NA,NA,NA,NA
11726,11726,10773,,matched,3,datasetName;canonicalName;decimalLatitude,subpesca-1,percichthys trucha,2012,NA,NA,-47.217767,-72.203893,CEA (NA) Monitoreo L,21061,NA,NA,0,NA,NA,NA,NA,NA,NA,NA,NA,NA,NA,NA,NA,NA,NA
11733,11733,10781,,matched,5,datasetName;canonicalName;decimalLatitude;decimalLongitude;bibliographicCitation,agui,oncorhynchus kisutch,2006,NA,lago victoria,-41.6167480002,-72.2031210004,"Habit, E., Gonzalez,",752,NA,NA,1,"associates reference: (Cussac et al., 2020)",NA,"Cussac et al., 2020",NA,NA,NA,NA,NA,NA,NA,NA,NA,NA,NA
11734,11734,10782,,matched,5,datasetName;canonicalName;decimalLatitude;decimalLongitude;bibliographicCitation,agui,oncorhynchus kisutch,NA,NA,lago victoria,-41.6167480002,-72.2031210004,"Cussac, V.E.; Barran",495,NA,NA,0,NA,NA,NA,NA,NA,NA,NA,NA,NA,NA,NA,NA,NA,NA
11735,11735,10783,,matched,5,datasetName;canonicalName;decimalLatitude;decimalLongitude;bibliographicCitation,agui,oncorhynchus mykiss,2006,NA,lago victoria,-41.6167480002,-72.2031210004,"Habit, E., Gonzalez,",750,NA,NA,1,"associatedReference: (Cussac et al., 2020)",NA,"Cussac et al., 2020",NA,NA,NA,NA,NA,NA,NA,NA,NA,NA,NA
11736,11736,10784,,matched,5,datasetName;canonicalName;decimalLatitude;decimalLongitude;bibliographicCitation,agui,oncorhynchus mykiss,NA,NA,lago victoria,-41.6167480002,-72.2031210004,"Cussac, V.E.; Barran",496,NA,NA,0,NA,NA,NA,NA,NA,NA,NA,NA,NA,NA,NA,NA,NA,NA
11737,11737,10785,,matched,5,datasetName;canonicalName;decimalLatitude;decimalLongitude;bibliographicCitation,agui,oncorhynchus tshawytscha,2006,NA,lago victoria,-41.6167480002,-72.2031210004,"Habit, E., Gonzalez,",751,NA,NA,1,"associatedReference: (Cussac et al., 2020)",NA,"Cussac et al., 2020",NA,NA,NA,NA,NA,NA,NA,NA,NA,NA,NA
11738,11738,10786,,matched,5,datasetName;canonicalName;decimalLatitude;decimalLongitude;bibliographicCitation,agui,oncorhynchus tshawytscha,NA,NA,lago victoria,-41.6167480002,-72.2031210004,"Cussac, V.E.; Barran",497,NA,NA,0,NA,NA,NA,NA,NA,NA,NA,NA,NA,NA,NA,NA,NA,NA
11739,11739,10787,,matched,5,datasetName;canonicalName;decimalLatitude;decimalLongitude;bibliographicCitation,agui,salmo trutta,2006,NA,lago victoria,-41.6167480002,-72.2031210004,"Habit, E., Gonzalez,",749,NA,NA,1,"associatedReferences: (Cussac et al., 2020)",NA,"Cussac et al., 2020",NA,NA,NA,NA,NA,NA,NA,NA,NA,NA,NA
11740,11740,10788,,matched,5,datasetName;canonicalName;decimalLatitude;decimalLongitude;bibliographicCitation,agui,salmo trutta,NA,NA,lago victoria,-41.6167480002,-72.2031210004,"Cussac, V.E.; Barran",498,NA,NA,0,NA,NA,NA,NA,NA,NA,NA,NA,NA,NA,NA,NA,NA,NA
11749,11749,10797,,matched,3,datasetName;canonicalName;decimalLatitude,agui,salmo trutta,2009,NA,lago espejo,-45.7384064296,-72.2009615681,"Correa, C. and Hendr",292,NA,NA,0,NA,NA,NA,NA,NA,NA,NA,NA,NA,NA,NA,NA,NA,NA
11754,11754,10802,,matched,5,datasetName;canonicalName;decimalLatitude;decimalLongitude;bibliographicCitation,agui,salmo trutta,2000,NA,lago todos los santos,-41.1333333326,-72.2000000004,https://www.tandfonl,825,NA,NA,NA,Change bibliographic reference to: Arismendi et al. (2011). Body condition indices as a rapid assessment of the abundance of introduced salmonids in oligotrophic lakes of southern Chile; Change species to O. mykiss,NA,NA,NA,NA,NA,NA,NA,"Arismendi, I., Penaluna, B., & Soto, D. (2011). Body condition indices as a rapid assessment of the abundance of introduced salmonids in oligotrophic lakes of southern Chile. Lake and Reservoir Management, 27(1), 61–69. https://doi.org/10.1080/07438141.2010.536617",NA,NA,NA,NA,NA
11765,11765,10810,,matched,3,datasetName;canonicalName;decimalLatitude,agui,oncorhynchus mykiss,2007,NA,lago chacano,-46.1728000004,-72.1932999999,"CORREA, C., BRAVO, A",333,NA,NA,0,NA,NA,NA,NA,NA,NA,NA,NA,NA,NA,NA,NA,NA,NA
11766,11766,10811,,matched,3,datasetName;canonicalName;decimalLatitude,agui,salmo trutta,2007,NA,lago chacano,-46.1728000004,-72.1932999999,"CORREA, C., BRAVO, A",332,NA,NA,0,NA,NA,NA,NA,NA,NA,NA,NA,NA,NA,NA,NA,NA,NA
11778,11778,10821,,matched,3,datasetName;canonicalName;decimalLatitude,agui,oncorhynchus mykiss,2009,NA,lago chacano,-46.1705326216,-72.1903100985,"Correa, C. and Hendr",287,NA,NA,0,NA,NA,NA,NA,NA,NA,NA,NA,NA,NA,NA,NA,NA,NA
11779,11779,10822,,matched,3,datasetName;canonicalName;decimalLatitude,agui,salmo trutta,2009,NA,lago chacano,-46.1705326216,-72.1903100985,"Correa, C. and Hendr",291,NA,NA,0,NA,NA,NA,NA,NA,NA,NA,NA,NA,NA,NA,NA,NA,NA
11963,11963,10977,,matched,3,datasetName;canonicalName;decimalLatitude,agui,galaxias platei,1998,NA,lago belgrano,-47.8694444439,-72.1461111107,"ZEMLAK, T.S., HABIT,",1424,NA,NA,1,NA,NA,NA,-47.869444,-72.146111,NA,NA,NA,NA,NA,NA,NA,NA,NA
11974,11974,10988,,matched,3,datasetName;canonicalName;decimalLatitude,agui,salvelinus fontinalis,NA,NA,los lagos laguna (chile),-41.9180999999,-72.1421000004,"Narum, SR, Gallardo,",985,NA,NA,0,Coordenada imprecisa.,NA,NA,NA,NA,NA,NA,NA,NA,NA,NA,NA,NA,NA
12024,12024,11038,,matched,4,datasetName;canonicalName;decimalLatitude;decimalLongitude,agui,hatcheria macraei,NA,NA,huichalao,-45.4999999998,-72.1333333327,Zama A. y Cárdenas E,1379,NA,NA,0,NA,NA,NA,NA,NA,NA,NA,NA,NA,NA,NA,NA,NA,NA
12026,12026,11039,,matched,3,datasetName;canonicalName;decimalLatitude,mma2,hatcheria macraei,NA,NA,río ñirehuao. rio nireguao entre rio norte y rio picaflor,-45.167,-72.133,FuenteReg: Campos et,NA,NA,NA,0,NA,NA,NA,NA,NA,NA,NA,NA,NA,NA,NA,NA,NA,NA
12028,12028,11040,,matched,3,datasetName;canonicalName;decimalLatitude,mma2,galaxias platei,NA,NA,lago pedro aguirre cerda. rio picaflor hasta rio turbio,-45.033,-72.133,FuenteReg: Campos et,NA,NA,NA,0,NA,NA,NA,NA,NA,NA,NA,NA,NA,NA,NA,NA,NA,NA
12058,12058,11067,,matched,3,datasetName;canonicalName;decimalLatitude,agui,oncorhynchus tshawytscha,2004,NA,aysén-ñireguao,-45.1700000001,-72.1200000002,"Alò D, Correa C, Sam",148,NA,NA,0,NA,NA,NA,NA,NA,NA,NA,NA,NA,NA,NA,NA,NA,NA
12071,12071,11078,,matched,3,datasetName;canonicalName;decimalLatitude,agui,oncorhynchus tshawytscha,2004,NA,río ñireguao,-45.1666666674,-72.1166666666,"Correa, C., Gross, M",350,NA,NA,0,NA,NA,NA,NA,NA,NA,NA,NA,NA,NA,NA,NA,NA,NA
12157,12157,11155,,matched,3,datasetName;canonicalName;decimalLatitude,agui,galaxias platei,NA,NA,lago don poli,-46.2166666671,-72.0833333328,"Cussac, V., Ortubay,",464,NA,NA,NA,"Change coordinates to -46.241262, -71.964272",NA,NA,-46.241262,-71.964272,NA,NA,NA,NA,NA,NA,NA,NA,NA
12158,12158,11156,,matched,3,datasetName;canonicalName;decimalLatitude,agui,oncorhynchus tshawytscha,2004,NA,río simpson,-45.7166666672,-72.0833333328,"Correa, C., Gross, M",348,NA,NA,0,NA,NA,NA,NA,NA,NA,NA,NA,NA,NA,NA,NA,NA,NA
12159,12159,11157,,matched,4,datasetName;canonicalName;decimalLatitude;decimalLongitude,agui,aplochiton zebra,NA,NA,-,-45.5666666666,-72.0833333328,Rademacher K. 2007. ,1059,NA,NA,0,NA,NA,NA,NA,NA,NA,NA,NA,NA,NA,NA,NA,NA,NA
12191,12191,11180,,matched,4,datasetName;canonicalName;decimalLatitude;decimalLongitude,agui,aplochiton zebra,NA,NA,río claro,-45.5666666666,-72.0666666667,Zama A. y Cárdenas E,1355,NA,NA,0,NA,NA,NA,NA,NA,NA,NA,NA,NA,NA,NA,NA,NA,NA
12192,12192,11181,,matched,3,datasetName;canonicalName;decimalLatitude,agui,hatcheria macraei,NA,NA,coyhaique,-45.5666666666,-72.0666666667,Zama A. y Cárdenas E,1378,NA,NA,0,NA,NA,NA,NA,NA,NA,NA,NA,NA,NA,NA,NA,NA,NA
12269,12269,11251,,matched,3,datasetName;canonicalName;decimalLatitude,idig,percichthys trucha,1919,1919-02-27,peulla; 190 m elev.,-41.083333,-72.033333,NA,38644,urn:catalog:cas:ich:38644,cas,1,associatedReference: (Eigenmann 1928),NA,Eigenmann 1928,NA,NA,NA,NA,NA,NA,NA,NA,NA,NA,NA
12273,12273,11255,,matched,3,datasetName;canonicalName;decimalLatitude,gbif,aplochiton taeniatus,1919,1919,"peulla, lago todos santos, 190 m. elev",-41.0833,-72.0333,NA,89063,baedec8c-c205-47f1-b65d-92ec0eaaf4d1,fmnh,0,NA,NA,NA,NA,NA,NA,NA,NA,NA,NA,NA,NA,NA,NA
12275,12275,NA,"unlink, record via iDigBio",no_match,NA,NA,gbif,aplochiton zebra,NA,NA,"peulla, lago todos santos, 190 m elev",-41.0833,-72.0333,NA,78368,0a90e9cd-2ea0-4f05-8da1-02bf6d18db44,fmnh,0,NA,NA,NA,NA,NA,NA,NA,NA,NA,NA,NA,NA,NA,NA
12276,12276,11257,,matched,3,datasetName;canonicalName;decimalLatitude,idig,aplochiton zebra,NA,NA,"peulla, lago todos santos, 190 m elev",-41.0833,-72.0333,NA,78368,0a90e9cd-2ea0-4f05-8da1-02bf6d18db44,fmnh,1,year: 1919,NA,NA,NA,NA,NA,1919,NA,NA,NA,NA,NA,NA,NA
12277,12277,11259,,matched,5,datasetName;canonicalName;decimalLatitude;decimalLongitude;catalogNumber,gbif,galaxias maculatus,1919,1919,"peulla; lago todos santos, 190 m. elev",-41.0833,-72.0333,NA,80322,394ca869-3888-439c-8d6e-881f19be9e13,fmnh,0,NA,NA,NA,NA,NA,NA,NA,NA,NA,NA,NA,NA,NA,NA
12281,12281,11263,,matched,3,datasetName;canonicalName;decimalLatitude,gbif,galaxias platei,1919,1919-02,peulla: lago tados santos 190 m. elev,-41.0833,-72.0333,NA,78410,9c7a1d2f-5163-43cf-9c93-f64f12c7d280,fmnh,0,NA,NA,NA,NA,NA,NA,NA,NA,NA,NA,NA,NA,NA,NA
12286,12286,11266,,matched,5,datasetName;canonicalName;decimalLatitude;decimalLongitude;bibliographicCitation,mma2,aplochiton zebra,1919,NA,lago todos los santos. en puella. lago todos los santos,-41.083,-72.033,FuenteReg: Eigenmann,NA,NA,NA,0,NA,NA,NA,NA,NA,NA,NA,NA,NA,NA,NA,NA,NA,NA
12292,12292,11269,,matched,3,datasetName;canonicalName;decimalLatitude,mma2,percichthys trucha,1919,NA,lago todos los santos. en puella. lago todos los santos,-41.083,-72.033,FuenteReg: Eigenmann,NA,NA,NA,0,NA,NA,NA,NA,NA,NA,NA,NA,NA,NA,NA,NA,NA,NA
12294,12294,11270,,matched,3,datasetName;canonicalName;decimalLatitude,mma2,trichomycterus areolatus,1919,NA,lago todos los santos. en peulla. lago todos los santos,-41.083,-72.033,FuenteReg: Eigenmann,NA,NA,NA,0,NA,NA,NA,NA,NA,NA,NA,NA,NA,NA,NA,NA,NA,NA
12311,12311,11283,,matched,3,datasetName;canonicalName;decimalLatitude,agui,salmo trutta,NA,NA,lago jeinimeni,-46.8543800003,-72.0266579999,"Cussac, V.E.; Barran",557,NA,NA,0,NA,NA,NA,NA,NA,NA,NA,NA,NA,NA,NA,NA,NA,NA
12319,12319,11288,,matched,5,datasetName;canonicalName;decimalLatitude;decimalLongitude;bibliographicCitation,agui,salmo trutta,2006,NA,lago jeinimeni,-46.8532460002,-72.0258759998,"Habit, E., Gonzalez,",777,NA,NA,1,"associatedReferences: (Cussac et al., 2020) | (Ortiz-Sandoval et al., 2017)",NA,"Cussac et al., 2020 | Ortiz-Sandoval et al., 2017",NA,NA,NA,NA,NA,NA,NA,NA,NA,NA,NA
12320,12320,11289,,matched,5,datasetName;canonicalName;decimalLatitude;decimalLongitude;bibliographicCitation,agui,salmo trutta,2007,NA,lago jeinimeni,-46.8532460002,-72.0258759998,"Ortiz-Sandoval, J., ",1008,NA,NA,0,NA,NA,NA,NA,NA,NA,NA,NA,NA,NA,NA,NA,NA,NA
12328,12328,12426,unlink,matched,2,datasetName;canonicalName,gbif,aplochiton,1919,1919-02,peulla,-41.085732,-72.021984,NA,13511,urn:catalog:cas:ich:13511,cas,0,NA,NA,NA,NA,NA,NA,NA,NA,NA,NA,NA,NA,NA,NA
12338,12338,11304,,matched,3,datasetName;canonicalName;decimalLatitude,agui,galaxias platei,2007,NA,lago monreal2,-45.8724999998,-72.0208999996,"CORREA, C., BRAVO, A",317,NA,NA,0,NA,NA,NA,NA,NA,NA,NA,NA,NA,NA,NA,NA,NA,NA
12339,12339,11305,,matched,3,datasetName;canonicalName;decimalLatitude,agui,oncorhynchus mykiss,2007,NA,lago monreal 2,-45.8724999998,-72.0208999996,"CORREA, C., BRAVO, A",337,NA,NA,0,NA,NA,NA,NA,NA,NA,NA,NA,NA,NA,NA,NA,NA,NA
12340,12340,11306,,matched,3,datasetName;canonicalName;decimalLatitude,agui,salmo trutta,2007,NA,lago monreal 2,-45.8724999998,-72.0208999996,"CORREA, C., BRAVO, A",336,NA,NA,0,NA,NA,NA,NA,NA,NA,NA,NA,NA,NA,NA,NA,NA,NA
12351,12351,NA,5631,no_match,NA,NA,fishgis_metadatabase_ccorrea,oncorhynchus keta,1986,NA,río prat,-52.68588,-72.01994,CORFO-IFOP (1990) Un,NA,NA,NA,NA,"change coordinates to: -51.556418, -72.736240",NA,NA,-51.556418,-72.73624,NA,NA,NA,NA,NA,NA,NA,NA,NA
12355,12355,11315,,matched,3,datasetName;canonicalName;decimalLatitude,mma2,hatcheria macraei,NA,NA,río manso. rio manso entre rio steffen y rio puelo,-41.726,-72.019,FuenteReg: Unmack et,NA,NA,NA,1,associatedReference: (Unmack et al. 2012),NA,Unmack et al. 2012,NA,NA,NA,NA,NA,NA,NA,NA,NA,NA,NA
12361,12361,11319,,matched,3,datasetName;canonicalName;decimalLatitude,agui,oncorhynchus mykiss,2009,NA,lago monreal2,-45.8701981553,-72.0178639999,"Correa, C. and Hendr",283,NA,NA,0,NA,NA,NA,NA,NA,NA,NA,NA,NA,NA,NA,NA,NA,NA
12362,12362,11320,,matched,3,datasetName;canonicalName;decimalLatitude,agui,salmo trutta,2009,NA,lago monreal2,-45.8701981553,-72.0178639999,"Correa, C. and Hendr",294,NA,NA,0,NA,NA,NA,NA,NA,NA,NA,NA,NA,NA,NA,NA,NA,NA
12402,12402,NA,"unlink, record via iDigBio",no_match,NA,NA,gbif,hatcheria macraei,NA,NA,argentina,-47,-72,NA,76889,urn:catalog:cas:ich:76889,cas,0,NA,NA,NA,NA,NA,NA,NA,NA,NA,NA,NA,NA,NA,NA
12405,12405,11355,,matched,3,datasetName;canonicalName;decimalLatitude,agui,oncorhynchus tshawytscha,2016,NA,río ñireguao,-45.1700400001,-71.9972899999,"Muñoz, Nicolas J., R",973,NA,NA,0,NA,NA,NA,NA,NA,NA,NA,NA,NA,NA,NA,NA,NA,NA
12406,12406,11356,,matched,3,datasetName;canonicalName;decimalLatitude,agui,aplochiton zebra,2007,NA,lago la paloma,-44.3486666672,-71.987944444,"Ortiz-Sandoval, J., ",1034,NA,NA,NA,"change coordinates to -45.904804, -72.098064",NA,NA,-45.904804,-72.098064,NA,NA,NA,NA,NA,NA,NA,NA,NA
12407,12407,11357,,matched,3,datasetName;canonicalName;decimalLatitude,agui,oncorhynchus mykiss,2007,NA,lago la paloma,-44.3486666672,-71.987944444,"Ortiz-Sandoval, J., ",1035,NA,NA,NA,"change coordinates to -45.904804, -72.098064",NA,NA,-45.904804,-72.098064,NA,NA,NA,NA,NA,NA,NA,NA,NA
12408,12408,11358,,matched,5,datasetName;canonicalName;decimalLatitude;decimalLongitude;bibliographicCitation,agui,salmo trutta,2006,NA,lago la paloma,-44.3486666672,-71.987944444,"Habit, E., Gonzalez,",790,NA,NA,1,"change coordinates to -45.912403, -72.107499; associatedReference: (Ortiz-Sandoval et al., 2017)",NA,"Ortiz-Sandoval et al., 2017",-45.912403,-72.107499,NA,NA,NA,NA,NA,NA,NA,NA,NA
12409,12409,11359,,matched,5,datasetName;canonicalName;decimalLatitude;decimalLongitude;bibliographicCitation,agui,salmo trutta,2007,NA,lago la paloma,-44.3486666672,-71.987944444,"Ortiz-Sandoval, J., ",1033,NA,NA,0,"change coordinates to -45.904804, -72.098064",NA,NA,-45.904804,-72.098064,NA,NA,NA,NA,NA,NA,NA,NA,NA
12432,12432,11382,,matched,3,datasetName;canonicalName;decimalLatitude,vert,diplomystes camposensis,1976,1976-02-21,curalufu river,-43.30718,-71.971761,University of Kansas,19257,dc526799-1ed3-11e3-bfac-90b11c41863e,ku,NA,"Change coordinates to -39.818333, -72.863889, extracted from Arratia y Quezada 2017",NA,NA,-39.818333,-72.863889,NA,NA,NA,NA,NA,NA,NA,NA,NA
12434,12434,11383,good,matched,2,datasetName;canonicalName,vert,percichthys trucha,1976,1976-02-10,curalelfu river,-43.30718,-71.971761,University of Kansas,19290,dc528c2f-1ed3-11e3-bfac-90b11c41863e,ku,NA,"Change coordinates to -39.818333, -72.863889, extracted from Arratia y Quezada 2017",NA,NA,-39.818333,-72.863889,NA,NA,NA,NA,NA,NA,NA,NA,NA
12438,12438,11385,good,matched,2,datasetName;canonicalName,vert,trichomycterus areolatus,1976,1976-02-21,curalufu river,-43.30718,-71.971761,University of Kansas,19217,dc5211e2-1ed3-11e3-bfac-90b11c41863e,ku,NA,"Change coordinates to -39.818333, -72.863889, extracted from Arratia y Quezada 2017",NA,NA,-39.818333,-72.863889,NA,NA,NA,NA,NA,NA,NA,NA,NA
12475,12475,11418,,matched,3,datasetName;canonicalName;decimalLatitude,agui,oncorhynchus tshawytscha,2016,NA,río el toqui,-45.0272310002,-71.9504570004,"Muñoz, Nicolas J., R",972,NA,NA,0,NA,NA,NA,NA,NA,NA,NA,NA,NA,NA,NA,NA,NA,NA
12480,12480,11421,,matched,3,datasetName;canonicalName;decimalLatitude,agui,galaxias platei,NA,NA,lago don poli,-46.2333333332,-71.95,Zama A. y Cárdenas E,1374,NA,NA,0,"Change coordinates to -46.241262, -71.964272",NA,NA,-46.241262,-71.964272,NA,NA,NA,NA,NA,NA,NA,NA,NA
12497,12497,11439,,matched,3,datasetName;canonicalName;decimalLatitude,agui,galaxias platei,2007,NA,lago frío,-45.6674999998,-71.9438000001,"CORREA, C., BRAVO, A",311,NA,NA,0,NA,NA,NA,NA,NA,NA,NA,NA,NA,NA,NA,NA,NA,NA
12498,12498,11440,,matched,3,datasetName;canonicalName;decimalLatitude,agui,oncorhynchus mykiss,2007,NA,lago frío,-45.6674999998,-71.9438000001,"CORREA, C., BRAVO, A",312,NA,NA,0,NA,NA,NA,NA,NA,NA,NA,NA,NA,NA,NA,NA,NA,NA
12506,12506,11444,,matched,3,datasetName;canonicalName;decimalLatitude,agui,oncorhynchus mykiss,2007,NA,lago frío,-45.6652032195,-71.9407879088,"Correa, C. and Hendr",282,NA,NA,0,NA,NA,NA,NA,NA,NA,NA,NA,NA,NA,NA,NA,NA,NA
12507,12507,11445,,matched,3,datasetName;canonicalName;decimalLatitude,agui,salmo trutta,2007,NA,lago frío,-45.6652032195,-71.9407879088,"Correa, C. and Hendr",301,NA,NA,0,NA,NA,NA,NA,NA,NA,NA,NA,NA,NA,NA,NA,NA,NA
12515,12515,11453,,matched,5,datasetName;canonicalName;decimalLatitude;decimalLongitude;bibliographicCitation,agui,salvelinus fontinalis,2006,NA,lago lonconao,-43.2460749996,-71.9375519997,"Habit, E., Gonzalez,",770,NA,NA,1,"associatedReference: (Cussac et al., 2020)",NA,"Cussac et al., 2020",NA,NA,NA,NA,NA,NA,NA,NA,NA,NA,NA
12516,12516,11454,,matched,5,datasetName;canonicalName;decimalLatitude;decimalLongitude;bibliographicCitation,agui,salvelinus fontinalis,NA,NA,lago lonconao,-43.2460749996,-71.9375519997,"Cussac, V.E.; Barran",538,NA,NA,0,NA,NA,NA,NA,NA,NA,NA,NA,NA,NA,NA,NA,NA,NA
12550,12550,11483,,matched,3,datasetName;canonicalName;decimalLatitude,agui,percichthys trucha,NA,NA,puerto ibañez (lago gral carrera),-46.2833333331,-71.9333333331,Zama A. y Cárdenas E,1393,NA,NA,0,NA,NA,NA,NA,NA,NA,NA,NA,NA,NA,NA,NA,NA,NA
12635,12635,11561,good,matched,3,datasetName;canonicalName;decimalLatitude,mma2,hatcheria macraei,NA,NA,río blanco. baker-pacific. rio blanco,-45.819538,-71.916997,FuenteReg: Publicaci,NA,NA,NA,NA,bibliograph: Unmack et al. 2012. Phylogeography of the catfish Hatcheria macraei reveals a negligible role of drainage divides in structuring populations,NA,NA,NA,NA,NA,NA,NA,"Unmack, P. J., Barriga, J. P., Battini, M. A., Habit, E. M., & Johnson, J. B. (2012). Phylogeography of the catfish Hatcheria macraei reveals a negligible role of drainage divides in structuring populations. Molecular Ecology, 21(4), 942–959. https://doi.org/10.1111/j.1365-294X.2011.05408.x",NA,NA,NA,NA,NA
12671,12671,11599,,matched,3,datasetName;canonicalName;decimalLatitude,agui,galaxias platei,2007,NA,lago quijada,-45.7177,-71.9110000001,"CORREA, C., BRAVO, A",321,NA,NA,0,NA,NA,NA,NA,NA,NA,NA,NA,NA,NA,NA,NA,NA,NA
12672,12672,11600,,matched,3,datasetName;canonicalName;decimalLatitude,agui,salmo trutta,2007,NA,lago quijada,-45.7177,-71.9110000001,"CORREA, C., BRAVO, A",341,NA,NA,0,NA,NA,NA,NA,NA,NA,NA,NA,NA,NA,NA,NA,NA,NA
12691,12691,11616,,matched,3,datasetName;canonicalName;decimalLatitude,agui,salmo trutta,2009,NA,lago quijada,-45.7153470434,-71.9079960784,"Correa, C. and Hendr",298,NA,NA,0,NA,NA,NA,NA,NA,NA,NA,NA,NA,NA,NA,NA,NA,NA
12701,12701,11625,,matched,3,datasetName;canonicalName;decimalLatitude,subpesca-1,galaxias maculatus,2012,NA,NA,-44.237694,-71.893648,ND (NA) Proyecto Sis,20795,NA,NA,0,NA,NA,NA,NA,NA,NA,NA,NA,NA,NA,NA,NA,NA,NA
12713,12713,11636,,matched,5,datasetName;canonicalName;decimalLatitude;decimalLongitude;bibliographicCitation,agui,oncorhynchus mykiss,2006,NA,lago blanco,-41.9462019999,-71.8874749999,"Habit, E., Gonzalez,",759,NA,NA,1,"associatedsReference: (Cussac et al., 2020)",NA,"Cussac et al., 2020",NA,NA,NA,NA,NA,NA,NA,NA,NA,NA,NA
12714,12714,11637,,matched,5,datasetName;canonicalName;decimalLatitude;decimalLongitude;bibliographicCitation,agui,oncorhynchus mykiss,NA,NA,lago blanco,-41.9462019999,-71.8874749999,"Cussac, V.E.; Barran",517,NA,NA,0,NA,NA,NA,NA,NA,NA,NA,NA,NA,NA,NA,NA,NA,NA
12715,12715,11638,,matched,5,datasetName;canonicalName;decimalLatitude;decimalLongitude;bibliographicCitation,agui,oncorhynchus tshawytscha,2006,NA,lago blanco,-41.9462019999,-71.8874749999,"Habit, E., Gonzalez,",760,NA,NA,1,"associatedReference: (Cussac et al., 2020)",NA,"Cussac et al., 2020",NA,NA,NA,NA,NA,NA,NA,NA,NA,NA,NA
12716,12716,11639,,matched,5,datasetName;canonicalName;decimalLatitude;decimalLongitude;bibliographicCitation,agui,oncorhynchus tshawytscha,NA,NA,lago blanco,-41.9462019999,-71.8874749999,"Cussac, V.E.; Barran",518,NA,NA,0,NA,NA,NA,NA,NA,NA,NA,NA,NA,NA,NA,NA,NA,NA
12726,12726,11653,"unlink, same colection diff batch",matched,3,datasetName;canonicalName;decimalLatitude,gbif,aplochiton zebra,1919,1919,"at mouth of creek near base of monte tronador, casa panque; 320 m elev.",-41.05,-71.883333,NA,78424,urn:catalog:cas:ich:78424,cas,0,NA,NA,NA,NA,NA,NA,NA,NA,NA,NA,NA,NA,NA,NA
12728,12728,NA,"unlink, record via iDigBio",no_match,NA,NA,gbif,trichomycterus areolatus,1919,1919-03,"at mouth of creek near base of monte tronador, casa panque; 320 m elev.",-41.05,-71.883333,NA,28570,urn:catalog:cas:ich:28570,cas,0,NA,NA,NA,NA,NA,NA,NA,NA,NA,NA,NA,NA,NA,NA
12730,12730,11653,good,matched,3,datasetName;canonicalName;decimalLatitude,gbif,aplochiton zebra,1919,1919,casa panque,-41.05,-71.8833,NA,77399,de80666b-7607-4ce4-b4ab-a9bcd9fcdd2d,fmnh,0,NA,NA,NA,NA,NA,NA,NA,NA,NA,NA,NA,NA,NA,NA
12731,12731,11654,,matched,4,datasetName;canonicalName;decimalLatitude;decimalLongitude,idig,aplochiton zebra,1919,NA,casa panque,-41.05,-71.8833,NA,77399,de80666b-7607-4ce4-b4ab-a9bcd9fcdd2d,fmnh,1,year: 1919,NA,NA,NA,NA,NA,1919,NA,NA,NA,NA,NA,NA,NA
12736,12736,11657,,matched,3,datasetName;canonicalName;decimalLatitude,mma2,trichomycterus areolatus,1919,NA,casa pangue. rio peulla,-41.05,-71.883,FuenteReg: Eigenmann,NA,NA,NA,0,NA,NA,NA,NA,NA,NA,NA,NA,NA,NA,NA,NA,NA,NA
12757,12757,11675,,matched,3,datasetName;canonicalName;decimalLatitude,mma2,hatcheria macraei,NA,NA,río manso. cuenca río puelo (argentina). rio manso entre frontera y rio de los morros,-41.521,-71.874,FuenteReg: Unmack et,NA,NA,NA,1,associatedReference: (Unmack et al. 2012),NA,Unmack et al. 2012,NA,NA,NA,NA,NA,NA,NA,NA,NA,NA,NA
12780,12780,11697,,matched,3,datasetName;canonicalName;decimalLatitude,agui,galaxias platei,2007,NA,lago monreal1,-45.6368999997,-71.8696000002,"CORREA, C., BRAVO, A",316,NA,NA,0,NA,NA,NA,NA,NA,NA,NA,NA,NA,NA,NA,NA,NA,NA
12795,12795,11709,,matched,5,datasetName;canonicalName;decimalLatitude;decimalLongitude;bibliographicCitation,agui,oncorhynchus tshawytscha,2007,NA,río aysén,-45.8177500003,-71.8649166674,https://doi.org/10.1,817,NA,NA,NA,"Rio Huemules. (Montory et al. 2020. Biotransport of persistent organic pollutants in the southern Hemisphere by invasive Chinook salmon (<i>Oncorhynchus tshawytscha</i>) in the rivers of northern Chilean Patagonia, a UNESCO biosphere reserve)",NA,NA,NA,NA,Rio Huemules,NA,NA,"Montory, M., Habit, E., Fernandez, P., Grimalt, J. O., Kolok, A. S., Barra, R. O., & Ferrer, J. (2020). Biotransport of persistent organic pollutants in the southern Hemisphere by invasive Chinook salmon (Oncorhynchus tshawytscha) in the rivers of northern Chilean Patagonia, a UNESCO biosphere reserve. Environment International, 142, 105803. https://doi.org/10.1016/j.envint.2020.105803",NA,NA,NA,NA,NA
12807,12807,11720,,matched,3,datasetName;canonicalName;decimalLatitude,agui,galaxias platei,2007,NA,lago pollux,-45.6763,-71.8627000004,"CORREA, C., BRAVO, A",319,NA,NA,0,NA,NA,NA,NA,NA,NA,NA,NA,NA,NA,NA,NA,NA,NA
12808,12808,11721,,matched,3,datasetName;canonicalName;decimalLatitude,agui,oncorhynchus mykiss,2007,NA,lago pollux,-45.6763,-71.8627000004,"CORREA, C., BRAVO, A",339,NA,NA,0,NA,NA,NA,NA,NA,NA,NA,NA,NA,NA,NA,NA,NA,NA
12826,12826,11737,,matched,3,datasetName;canonicalName;decimalLatitude,agui,oncorhynchus mykiss,2007,NA,lago pollux,-45.6739544117,-71.8596643523,"Correa, C. and Hendr",284,NA,NA,0,NA,NA,NA,NA,NA,NA,NA,NA,NA,NA,NA,NA,NA,NA
12827,12827,11738,,matched,3,datasetName;canonicalName;decimalLatitude,agui,salmo trutta,2007,NA,lago pollux,-45.6739544117,-71.8596643523,"Correa, C. and Hendr",302,NA,NA,0,NA,NA,NA,NA,NA,NA,NA,NA,NA,NA,NA,NA,NA,NA
12830,12830,11741,,matched,3,datasetName;canonicalName;decimalLatitude,agui,oncorhynchus tshawytscha,2007,NA,río huemules,-45.8167160002,-71.8579220004,https://doi.org/10.1,813,NA,NA,NA,"(Montory et al. 2020. Biotransport of persistent organic pollutants in the southern Hemisphere by invasive Chinook salmon (<i>Oncorhynchus tshawytscha</i>) in the rivers of northern Chilean Patagonia, a UNESCO biosphere reserve)",NA,NA,NA,NA,NA,NA,NA,"Montory, M., Habit, E., Fernandez, P., Grimalt, J. O., Kolok, A. S., Barra, R. O., & Ferrer, J. (2020). Biotransport of persistent organic pollutants in the southern Hemisphere by invasive Chinook salmon (Oncorhynchus tshawytscha) in the rivers of northern Chilean Patagonia, a UNESCO biosphere reserve. Environment International, 142, 105803. https://doi.org/10.1016/j.envint.2020.105803",NA,NA,NA,NA,NA
12832,12832,11743,,matched,3,datasetName;canonicalName;decimalLatitude,agui,oncorhynchus tshawytscha,2016,NA,río huemules,-45.8174649997,-71.8569919998,"Muñoz, Nicolas J., R",974,NA,NA,0,NA,NA,NA,NA,NA,NA,NA,NA,NA,NA,NA,NA,NA,NA
12836,12836,11747,,matched,3,datasetName;canonicalName;decimalLatitude,agui,galaxias platei,2007,NA,lago el toro,-45.5299,-71.8534999997,"CORREA, C., BRAVO, A",323,NA,NA,0,NA,NA,NA,NA,NA,NA,NA,NA,NA,NA,NA,NA,NA,NA
12842,12842,11750,,matched,3,datasetName;canonicalName;decimalLatitude,agui,galaxias platei,2007,NA,laguna juncos,-45.6336000004,-71.8509000003,"CORREA, C., BRAVO, A",314,NA,NA,0,NA,NA,NA,NA,NA,NA,NA,NA,NA,NA,NA,NA,NA,NA
12846,12846,11752,,matched,5,datasetName;canonicalName;decimalLatitude;decimalLongitude;bibliographicCitation,agui,oncorhynchus mykiss,2006,NA,lago azul,-41.949129,-71.8505280003,"Habit, E., Gonzalez,",746,NA,NA,1,"associatedsReference: (Cussac et al., 2020)",NA,"Cussac et al., 2020",NA,NA,NA,NA,NA,NA,NA,NA,NA,NA,NA
12849,12849,11755,,matched,3,datasetName;canonicalName;decimalLatitude,agui,salmo trutta,2006,NA,lago azul,-41.949129,-71.8505280003,"Habit, E., Gonzalez,",745,NA,NA,1,"associatedsReference: (Cussac et al., 2020)",NA,"Cussac et al., 2020",NA,NA,NA,NA,NA,NA,NA,NA,NA,NA,NA
12850,12850,11756,,matched,3,datasetName;canonicalName;decimalLatitude,agui,galaxias platei,NA,NA,lago pollux,-45.6666666673,-71.8500000002,Zama A. y Cárdenas E,1372,NA,NA,0,NA,NA,NA,NA,NA,NA,NA,NA,NA,NA,NA,NA,NA,NA
12851,12851,11757,,matched,3,datasetName;canonicalName;decimalLatitude,agui,oncorhynchus mykiss,NA,NA,lago azul,-41.9496440004,-71.8492919999,"Cussac, V.E.; Barran",491,NA,NA,0,NA,NA,NA,NA,NA,NA,NA,NA,NA,NA,NA,NA,NA,NA
12852,12852,11758,,matched,3,datasetName;canonicalName;decimalLatitude,agui,salmo trutta,NA,NA,lago azul,-41.9496440004,-71.8492919999,"Cussac, V.E.; Barran",492,NA,NA,0,NA,NA,NA,NA,NA,NA,NA,NA,NA,NA,NA,NA,NA,NA
12885,12885,11786,,matched,3,datasetName;canonicalName;decimalLatitude,agui,galaxias platei,2007,NA,lago leon,-45.6161000001,-71.8405000001,"CORREA, C., BRAVO, A",315,NA,NA,0,NA,NA,NA,NA,NA,NA,NA,NA,NA,NA,NA,NA,NA,NA
12908,12908,11805,,matched,5,datasetName;canonicalName;decimalLatitude;decimalLongitude;bibliographicCitation,agui,oncorhynchus mykiss,2006,NA,lago las rocas,-42.0357230003,-71.8315429998,"Habit, E., Gonzalez,",754,NA,NA,1,"associatedReference: (Cussac et al., 2020)",NA,"Cussac et al., 2020",NA,NA,NA,NA,NA,NA,NA,NA,NA,NA,NA
12910,12910,11807,,matched,5,datasetName;canonicalName;decimalLatitude;decimalLongitude;bibliographicCitation,agui,oncorhynchus mykiss,NA,NA,lago las rocas,-42.0357230003,-71.8315429998,"Cussac, V.E.; Barran",499,NA,NA,0,NA,NA,NA,NA,NA,NA,NA,NA,NA,NA,NA,NA,NA,NA
12911,12911,11808,,matched,5,datasetName;canonicalName;decimalLatitude;decimalLongitude;bibliographicCitation,agui,salmo trutta,2006,NA,lago las rocas,-42.0357230003,-71.8315429998,"Habit, E., Gonzalez,",753,NA,NA,1,"associatedsReference: (Cussac et al., 2020)",NA,"Cussac et al., 2020",NA,NA,NA,NA,NA,NA,NA,NA,NA,NA,NA
12912,12912,11809,,matched,5,datasetName;canonicalName;decimalLatitude;decimalLongitude;bibliographicCitation,agui,salmo trutta,NA,NA,lago las rocas,-42.0357230003,-71.8315429998,"Cussac, V.E.; Barran",501,NA,NA,0,NA,NA,NA,NA,NA,NA,NA,NA,NA,NA,NA,NA,NA,NA
12913,12913,11810,,matched,5,datasetName;canonicalName;decimalLatitude;decimalLongitude;bibliographicCitation,agui,salvelinus fontinalis,2006,NA,lago las rocas,-42.0357230003,-71.8315429998,"Habit, E., Gonzalez,",755,NA,NA,1,"associatedReference: (Cussac et al., 2020)",NA,"Cussac et al., 2020",NA,NA,NA,NA,NA,NA,NA,NA,NA,NA,NA
12914,12914,11811,,matched,5,datasetName;canonicalName;decimalLatitude;decimalLongitude;bibliographicCitation,agui,salvelinus fontinalis,NA,NA,lago las rocas,-42.0357230003,-71.8315429998,"Cussac, V.E.; Barran",500,NA,NA,0,NA,NA,NA,NA,NA,NA,NA,NA,NA,NA,NA,NA,NA,NA
12922,12922,11817,,matched,3,datasetName;canonicalName;decimalLatitude,agui,salmo trutta,2007,NA,laguna brava,-45.0997000003,-71.8272000001,"CORREA, C., BRAVO, A",327,NA,NA,0,NA,NA,NA,NA,NA,NA,NA,NA,NA,NA,NA,NA,NA,NA
12928,12928,11821,,matched,3,datasetName;canonicalName;decimalLatitude,agui,galaxias platei,2007,NA,laguna escondida,-45.5324000002,-71.8259000004,"CORREA, C., BRAVO, A",310,NA,NA,0,NA,NA,NA,NA,NA,NA,NA,NA,NA,NA,NA,NA,NA,NA
12930,12930,11822,,matched,3,datasetName;canonicalName;decimalLatitude,agui,salmo trutta,2009,NA,laguna brava,-45.0973112237,-71.8242545198,"Correa, C. and Hendr",289,NA,NA,0,NA,NA,NA,NA,NA,NA,NA,NA,NA,NA,NA,NA,NA,NA
12946,12946,11831,,matched,3,datasetName;canonicalName;decimalLatitude,agui,oncorhynchus tshawytscha,2004,NA,río pico,-44.1999999997,-71.8166666672,"Correa, C., Gross, M",346,NA,NA,0,NA,NA,NA,NA,NA,NA,NA,NA,NA,NA,NA,NA,NA,NA
12950,12950,11835,,matched,3,datasetName;canonicalName;decimalLatitude,agui,galaxias platei,2007,NA,laguna gemela,-45.5462999999,-71.8162,"CORREA, C., BRAVO, A",313,NA,NA,0,NA,NA,NA,NA,NA,NA,NA,NA,NA,NA,NA,NA,NA,NA
12979,12979,11859,,matched,3,datasetName;canonicalName;decimalLatitude,agui,oncorhynchus mykiss,2007,NA,lago thompson,-45.6467000002,-71.7929000002,"CORREA, C., BRAVO, A",343,NA,NA,0,NA,NA,NA,NA,NA,NA,NA,NA,NA,NA,NA,NA,NA,NA
12982,12982,11860,,matched,3,datasetName;canonicalName;decimalLatitude,agui,oncorhynchus mykiss,NA,NA,lago thompson,-45.6466800002,-71.7925359996,"Cussac, V.E.; Barran",550,NA,NA,0,NA,NA,NA,NA,NA,NA,NA,NA,NA,NA,NA,NA,NA,NA
12993,12993,11866,,matched,3,datasetName;canonicalName;decimalLatitude,agui,oncorhynchus mykiss,2007,NA,lago thompson,-45.6475879027,-71.7909904562,"Correa, C. and Hendr",305,NA,NA,0,NA,NA,NA,NA,NA,NA,NA,NA,NA,NA,NA,NA,NA,NA
12994,12994,11867,,matched,3,datasetName;canonicalName;decimalLatitude,agui,salmo trutta,2007,NA,lago thompson,-45.6475879027,-71.7909904562,"Correa, C. and Hendr",304,NA,NA,0,NA,NA,NA,NA,NA,NA,NA,NA,NA,NA,NA,NA,NA,NA
13048,13048,11901,,matched,3,datasetName;canonicalName;decimalLatitude,agui,galaxias platei,2007,NA,lago castor,-45.6002999999,-71.7814999997,"CORREA, C., BRAVO, A",308,NA,NA,0,NA,NA,NA,NA,NA,NA,NA,NA,NA,NA,NA,NA,NA,NA
13049,13049,11902,,matched,3,datasetName;canonicalName;decimalLatitude,agui,oncorhynchus mykiss,2007,NA,lago castor,-45.6002999999,-71.7814999997,"CORREA, C., BRAVO, A",330,NA,NA,0,NA,NA,NA,NA,NA,NA,NA,NA,NA,NA,NA,NA,NA,NA
13051,13051,11904,,matched,5,datasetName;canonicalName;decimalLatitude;decimalLongitude;bibliographicCitation,agui,oncorhynchus mykiss,2006,NA,lago inferior,-42.0964019999,-71.7814599997,"Habit, E., Gonzalez,",757,NA,NA,1,"associatedReference:(Cussac et al., 2020)",NA,"Cussac et al., 2020",NA,NA,NA,NA,NA,NA,NA,NA,NA,NA,NA
13053,13053,11906,,matched,5,datasetName;canonicalName;decimalLatitude;decimalLongitude;bibliographicCitation,agui,oncorhynchus mykiss,NA,NA,lago inferior,-42.0964019999,-71.7814599997,"Cussac, V.E.; Barran",502,NA,NA,0,NA,NA,NA,NA,NA,NA,NA,NA,NA,NA,NA,NA,NA,NA
13055,13055,11908,,matched,5,datasetName;canonicalName;decimalLatitude;decimalLongitude;bibliographicCitation,agui,salmo trutta,2006,NA,lago inferior,-42.0964019999,-71.7814599997,"Habit, E., Gonzalez,",756,NA,NA,1,"associatedsReference: (Cussac et al., 2020) | (Ortiz-Sandoval et al., 2017)",NA,"Cussac et al., 2020 | Ortiz-Sandoval et al., 2017",NA,NA,NA,NA,NA,NA,NA,NA,NA,NA,NA
13056,13056,11909,,matched,5,datasetName;canonicalName;decimalLatitude;decimalLongitude;bibliographicCitation,agui,salmo trutta,2007,NA,lago inferior,-42.0964019999,-71.7814599997,"Ortiz-Sandoval, J., ",1003,NA,NA,0,NA,NA,NA,NA,NA,NA,NA,NA,NA,NA,NA,NA,NA,NA
13057,13057,11910,,matched,5,datasetName;canonicalName;decimalLatitude;decimalLongitude;bibliographicCitation,agui,salmo trutta,NA,NA,lago inferior,-42.0964019999,-71.7814599997,"Cussac, V.E.; Barran",504,NA,NA,0,NA,NA,NA,NA,NA,NA,NA,NA,NA,NA,NA,NA,NA,NA
13058,13058,11911,,matched,5,datasetName;canonicalName;decimalLatitude;decimalLongitude;bibliographicCitation,agui,salvelinus fontinalis,2006,NA,lago inferior,-42.0964019999,-71.7814599997,"Habit, E., Gonzalez,",758,NA,NA,1,"associatedReference: (Cussac et al., 2020)",NA,"Cussac et al., 2020",NA,NA,NA,NA,NA,NA,NA,NA,NA,NA,NA
13059,13059,11912,,matched,5,datasetName;canonicalName;decimalLatitude;decimalLongitude;bibliographicCitation,agui,salvelinus fontinalis,NA,NA,lago inferior,-42.0964019999,-71.7814599997,"Cussac, V.E.; Barran",503,NA,NA,0,NA,NA,NA,NA,NA,NA,NA,NA,NA,NA,NA,NA,NA,NA
13060,13060,11913,,matched,3,datasetName;canonicalName;decimalLatitude,agui,oncorhynchus mykiss,2007,NA,lago castor,-45.5979283735,-71.7785410422,"Correa, C. and Hendr",286,NA,NA,0,NA,NA,NA,NA,NA,NA,NA,NA,NA,NA,NA,NA,NA,NA
13061,13061,11914,,matched,3,datasetName;canonicalName;decimalLatitude,agui,salmo trutta,2007,NA,lago castor,-45.5979283735,-71.7785410422,"Correa, C. and Hendr",303,NA,NA,0,NA,NA,NA,NA,NA,NA,NA,NA,NA,NA,NA,NA,NA,NA
13114,13114,11958,,matched,3,datasetName;canonicalName;decimalLatitude,agui,oncorhynchus mykiss,2006,NA,lago thompson,-44.5955277783,-71.7400555562,"Habit, E., Gonzalez,",792,NA,NA,NA,"change coordinates to: -45.645929, -71.791763, associated reference: (Cussac et al., 2020)",NA,"Cussac et al., 2020",-45.645929,-71.791763,NA,NA,NA,NA,NA,NA,NA,NA,NA
13118,13118,11961,,matched,3,datasetName;canonicalName;decimalLatitude,agui,oncorhynchus tshawytscha,2007,NA,río huemules,-45.8575510002,-71.7386450002,https://doi.org/10.1,814,NA,NA,NA,"(Montory et al. 2020. Biotransport of persistent organic pollutants in the southern Hemisphere by invasive Chinook salmon (<i>Oncorhynchus tshawytscha</i>) in the rivers of northern Chilean Patagonia, a UNESCO biosphere reserve)",NA,NA,NA,NA,NA,NA,NA,"Montory, M., Habit, E., Fernandez, P., Grimalt, J. O., Kolok, A. S., Barra, R. O., & Ferrer, J. (2020). Biotransport of persistent organic pollutants in the southern Hemisphere by invasive Chinook salmon (Oncorhynchus tshawytscha) in the rivers of northern Chilean Patagonia, a UNESCO biosphere reserve. Environment International, 142, 105803. https://doi.org/10.1016/j.envint.2020.105803",NA,NA,NA,NA,NA
13120,13120,11962,,matched,3,datasetName;canonicalName;decimalLatitude,agui,aplochiton zebra,NA,NA,lago futalaufquen,-42.7666666668,-71.7333333326,"Cussac, V., Ortubay,",371,NA,NA,0,also in Lattucca 2008,NA,NA,NA,NA,NA,NA,NA,NA,NA,NA,NA,NA,NA
13176,13176,12009,,matched,4,datasetName;canonicalName;decimalLatitude;decimalLongitude,agui,galaxias maculatus,2002,NA,laguna los césares,-41.316666667,-71.7166666674,Viozzi G. Semenas L.,1304,NA,NA,NA,"change coordinates to -41.308042, -71.688649",NA,NA,-41.308042,-71.688649,NA,NA,NA,NA,NA,NA,NA,NA,NA
13177,13177,12010,,matched,3,datasetName;canonicalName;decimalLatitude,agui,galaxias maculatus,1995,NA,lago fonck,-41.3000000001,-71.7166666674,Viozzi G. Semenas L.,1306,NA,NA,NA,"change coordinates to -41.313347, -71.781624",NA,NA,-41.313347,-71.781624,NA,NA,NA,NA,NA,NA,NA,NA,NA
13186,13186,12015,,matched,3,datasetName;canonicalName;decimalLatitude,mma2,hatcheria macraei,NA,NA,río huemules. vertiente chilena del rio simpson en la frontera,-45.906,-71.712,OrigenReg: Publicaci,NA,NA,NA,1,associated reference: (Unmack et al. 2012),NA,Unmack et al. 2012,NA,NA,NA,NA,NA,NA,NA,NA,NA,NA,NA
13189,13189,12018,good,matched,3,datasetName;canonicalName;decimalLatitude,mma2,hatcheria macraei,NA,NA,río huemules. aysén-pacific. vertiente chilena del rio simpson en la frontera,-45.906333,-71.711722,FuenteReg: Publicaci,NA,NA,NA,0,bibliograph: Unmack et al. 2012. Phylogeography of the catfish Hatcheria macraei reveals a negligible role of drainage divides in structuring populations,NA,NA,NA,NA,NA,NA,NA,"Unmack, P. J., Barriga, J. P., Battini, M. A., Habit, E. M., & Johnson, J. B. (2012). Phylogeography of the catfish Hatcheria macraei reveals a negligible role of drainage divides in structuring populations. Molecular Ecology, 21(4), 942–959. https://doi.org/10.1111/j.1365-294X.2011.05408.x",NA,NA,NA,NA,NA
13248,13248,12061,"unlink, same collection diff batch",matched,3,datasetName;canonicalName;decimalLatitude,gbif,odontesthes hatcheri,1990,1990-01-24,"lake general carrera, bahia jara, 17 km w of chile chico, at mouth of arroyo or estero bano, prov. general carrera,*",-46.533333,-71.683333,NA,218596,4e32b470-5f6a-46d7-a4ad-fb846facdc20,ummz,0,NA,NA,NA,NA,NA,NA,NA,NA,NA,NA,NA,NA,NA,NA
13250,13250,12063,"unlink, same collection diff batch",matched,3,datasetName;canonicalName;decimalLatitude,gbif,percichthys trucha,1990,1990-01-24,"lake general carrera, bahia jara, 17 km w of chile chico, at mouth of arroyo or estero bano, prov. general carrera,*",-46.533333,-71.683333,NA,218597,9e8fdd88-9c73-4303-b5aa-fef5d63e45c2,ummz,0,NA,NA,NA,NA,NA,NA,NA,NA,NA,NA,NA,NA,NA,NA
13264,13264,12071,,matched,3,datasetName;canonicalName;decimalLatitude,fishgis_metadatabase_ccorrea,odontesthes hatcheri,1990,NA,"lake general carrera, bahia jara, 17 km w of chile chico, at mouth of arroyo or estero bano, prov. general carrera,*",-46.53318,-71.68285,"Dyer, B. (1994) Spec",NA,NA,NA,0,NA,NA,NA,NA,NA,NA,NA,NA,NA,NA,NA,NA,NA,NA
13350,13350,12150,,matched,4,datasetName;canonicalName;decimalLatitude;decimalLongitude,agui,galaxias maculatus,2004,NA,lago llum,-41.2666666671,-71.6666666666,Viozzi G. Semenas L.,1303,NA,NA,NA,"change coordinates to -41.306331, -71.531888",NA,NA,-41.306331,-71.531888,NA,NA,NA,NA,NA,NA,NA,NA,NA
13420,13420,12213,,matched,3,datasetName;canonicalName;decimalLatitude,agui,aplochiton zebra,NA,NA,lago rivadavia,-42.5500000003,-71.6333333328,"Cussac, V., Ortubay,",370,NA,NA,0,also in Lattucca 2008,NA,NA,NA,NA,NA,NA,NA,NA,NA,NA,NA,NA,NA
13426,13426,12219,,matched,5,datasetName;canonicalName;decimalLatitude;decimalLongitude;bibliographicCitation,agui,galaxias maculatus,1997,NA,lago mascardi,-41.2833333332,-71.6333333328,Viozzi G. Semenas L.,1305,NA,NA,NA,"change coordinates to -41.349959, -71.552160",NA,NA,-41.349959,-71.55216,NA,NA,NA,NA,NA,NA,NA,NA,NA
13461,13461,12244,,matched,3,datasetName;canonicalName;decimalLatitude,agui,oncorhynchus tshawytscha,2007,NA,río huemules,-45.2739749997,-71.6298670003,https://doi.org/10.1,815,NA,NA,NA,"Ñirehuao (Montory et al. 2020. Biotransport of persistent organic pollutants in the southern Hemisphere by invasive Chinook salmon (<i>Oncorhynchus tshawytscha</i>) in the rivers of northern Chilean Patagonia, a UNESCO biosphere reserve)",NA,NA,NA,NA,Ñirehuao,NA,NA,"Montory, M., Habit, E., Fernandez, P., Grimalt, J. O., Kolok, A. S., Barra, R. O., & Ferrer, J. (2020). Biotransport of persistent organic pollutants in the southern Hemisphere by invasive Chinook salmon (Oncorhynchus tshawytscha) in the rivers of northern Chilean Patagonia, a UNESCO biosphere reserve. Environment International, 142, 105803. https://doi.org/10.1016/j.envint.2020.105803",NA,NA,NA,NA,NA
13586,13586,12348,,matched,5,datasetName;canonicalName;decimalLatitude;decimalLongitude;bibliographicCitation,agui,galaxias maculatus,2003,NA,laguna los moscos,-41.35,-71.5999999998,Viozzi G. Semenas L.,1308,NA,NA,NA,"change coordinates to -41.345645, -71.619084",NA,NA,-41.345645,-71.619084,NA,NA,NA,NA,NA,NA,NA,NA,NA
13604,13604,12366,,matched,3,datasetName;canonicalName;decimalLatitude,agui,oncorhynchus tshawytscha,1999,NA,río futaleufú,-43.1333333331,-71.5833333329,https://doi.org/10.1,821,NA,NA,NA,"Change bibliographic to (Di Prinzio and Pascual 2008. The establishment of exotic Chinook salmon (Oncorhynchus tshawytscha) in Pacific rivers of Chubut, Patagonia, Argentina.)",NA,NA,NA,NA,NA,NA,NA,"Di Prinzio, C. Y., & Pascual, M. A. (2008). The establishment of exotic Chinook salmon (Oncorhynchus tshawytscha) in Pacific rivers of Chubut, Patagonia, Argentina. Annales de Limnologie - International Journal of Limnology, 44, 25–32.",NA,NA,NA,NA,NA
13655,13655,12401,,matched,5,datasetName;canonicalName;decimalLatitude;decimalLongitude;bibliographicCitation,agui,galaxias maculatus,1997,NA,lago steffen,-41.5166666666,-71.5499999999,Viozzi G. Semenas L.,1313,NA,NA,NA,"change coordinates to -41.516816, -71.580105",NA,NA,-41.516816,-71.580105,NA,NA,NA,NA,NA,NA,NA,NA,NA
13689,13689,12429,,matched,3,datasetName;canonicalName;decimalLatitude,agui,oncorhynchus tshawytscha,1999,NA,río pico,-44.3333333334,-71.533333333,https://doi.org/10.1,823,NA,NA,NA,"Change bibliographic to (Di Prinzio and Pascual 2008. The establishment of exotic Chinook salmon (Oncorhynchus tshawytscha) in Pacific rivers of Chubut, Patagonia, Argentina.)",NA,NA,NA,NA,NA,NA,NA,"Di Prinzio, C. Y., & Pascual, M. A. (2008). The establishment of exotic Chinook salmon (Oncorhynchus tshawytscha) in Pacific rivers of Chubut, Patagonia, Argentina. Annales de Limnologie - International Journal of Limnology, 44, 25–32.",NA,NA,NA,NA,NA
13716,13716,12453,,matched,3,datasetName;canonicalName;decimalLatitude,agui,oncorhynchus tshawytscha,2007,NA,río huemules,-45.3433409997,-71.5241219999,https://doi.org/10.1,816,NA,NA,NA,"Ñirehuao (Montory et al. 2020. Biotransport of persistent organic pollutants in the southern Hemisphere by invasive Chinook salmon (<i>Oncorhynchus tshawytscha</i>) in the rivers of northern Chilean Patagonia, a UNESCO biosphere reserve)",NA,NA,NA,NA,Ñirehuao,NA,NA,"Montory, M., Habit, E., Fernandez, P., Grimalt, J. O., Kolok, A. S., Barra, R. O., & Ferrer, J. (2020). Biotransport of persistent organic pollutants in the southern Hemisphere by invasive Chinook salmon (Oncorhynchus tshawytscha) in the rivers of northern Chilean Patagonia, a UNESCO biosphere reserve. Environment International, 142, 105803. https://doi.org/10.1016/j.envint.2020.105803",NA,NA,NA,NA,NA
13740,13740,12472,,matched,4,datasetName;canonicalName;decimalLatitude;decimalLongitude,agui,galaxias maculatus,2003,NA,laguna juventus,-41.3666666669,-71.5166666669,Viozzi G. Semenas L.,1310,NA,NA,NA,"change coordinates to -41.362980, -71.524557",NA,NA,-41.36298,-71.524557,NA,NA,NA,NA,NA,NA,NA,NA,NA
13741,13741,12473,,matched,3,datasetName;canonicalName;decimalLatitude,agui,galaxias maculatus,2002,NA,lago verde,-41.3333333331,-71.5166666669,Viozzi G. Semenas L.,1307,NA,NA,NA,"change coordinates to -41.359543, -71.508514",NA,NA,-41.359543,-71.508514,NA,NA,NA,NA,NA,NA,NA,NA,NA
13773,13773,12500,,matched,3,datasetName;canonicalName;decimalLatitude,agui,galaxias maculatus,2003,NA,lago huala hue,-41.4166666668,-71.5,Viozzi G. Semenas L.,1312,NA,NA,NA,"change coordinates to -41.511004, -71.506849",NA,NA,-41.511004,-71.506849,NA,NA,NA,NA,NA,NA,NA,NA,NA
13783,13783,12509,,matched,3,datasetName;canonicalName;decimalLatitude,agui,oncorhynchus tshawytscha,1999,NA,río corcovado,-43.5500000001,-71.4833333331,https://doi.org/10.1,822,NA,NA,NA,"Change bibliographic to (Di Prinzio and Pascual 2008. The establishment of exotic Chinook salmon (Oncorhynchus tshawytscha) in Pacific rivers of Chubut, Patagonia, Argentina.)",NA,NA,NA,NA,NA,NA,NA,"Di Prinzio, C. Y., & Pascual, M. A. (2008). The establishment of exotic Chinook salmon (Oncorhynchus tshawytscha) in Pacific rivers of Chubut, Patagonia, Argentina. Annales de Limnologie - International Journal of Limnology, 44, 25–32.",NA,NA,NA,NA,NA
13835,13835,12548,,matched,3,datasetName;canonicalName;decimalLatitude,agui,salvelinus fontinalis,NA,NA,parrillar laguna (chile),-53.4223999999,-71.4547000001,"Narum, SR, Gallardo,",986,NA,NA,0,NA,NA,NA,NA,NA,NA,NA,NA,NA,NA,NA,NA,NA,NA
13867,13867,12574,,matched,5,datasetName;canonicalName;decimalLatitude;decimalLongitude;bibliographicCitation,agui,aplochiton zebra,NA,NA,lago epuyén,-42.25,-71.4166666671,"Cussac, V., Ortubay,",369,NA,NA,0,also in Lattucca 2008,NA,NA,NA,NA,NA,NA,NA,NA,NA,NA,NA,NA,NA
13916,13916,12615,,matched,3,datasetName;canonicalName;decimalLatitude,agui,hatcheria macraei,NA,NA,lago rosario,-43.2499999998,-71.3333333334,"Aigo, J., Cussac, V.",43,NA,NA,0,NA,NA,NA,NA,NA,NA,NA,NA,NA,NA,NA,NA,NA,NA
13926,13926,12626,,matched,3,datasetName;canonicalName;decimalLatitude,gbif,hatcheria macraei,2007,2007-05-09,lago rosario,-43.25,-71.33333,NA,NA,ffpat042-11,"universidad nacional de la plata, facultad de ciencias naturales y museo",1,NA,NA,"Aigo et al., 2008",NA,NA,NA,NA,NA,NA,NA,NA,NA,NA,NA
13985,13985,12674,,matched,3,datasetName;canonicalName;decimalLatitude,agui,eleginops maclovinus,NA,NA,estrecho de magallanes,-53.9999999999,-71.0000000001,Rademacher K. 2007. ,1075,NA,NA,0,NA,NA,NA,NA,NA,NA,NA,NA,NA,NA,NA,NA,NA,NA
14021,14021,12705,good,matched,2,datasetName;canonicalName,mma2,mordacia lapicida,1976,NA,"rio san juan , peninsula de brunswick. costeras entre rio de genner y rio san juan",-53.707,-70.933,NA,NA,NA,NA,1,"change coordinates to -53.656160, -70.954762",NA,NA,-53.65616,-70.954762,NA,NA,NA,NA,NA,NA,NA,NA,NA
14024,14024,NA,"unlink, record via iDigBio",no_match,NA,NA,gbif,eleginops maclovinus,1888,1888,"sandy pt. (punta arenas), str. magellan",-53.17,-70.92,NA,usnm 77319,http://n2t.net/ark:/65665/3225edb47-0971-4128-aeb8-fab3b924940b,usnm,0,NA,NA,NA,NA,NA,NA,NA,NA,NA,NA,NA,NA,NA,NA
14026,14026,12708,,matched,3,datasetName;canonicalName;decimalLatitude,vert,eleginops maclovinus,1888,NA,"sandy pt. (punta arenas), str. magellan",-53.17,-70.92,National Museum of N,77319,http://n2t.net/ark:/65665/3225edb47-0971-4128-aeb8-fab3b924940b,usnm,0,NA,NA,NA,NA,NA,NA,NA,NA,NA,NA,NA,NA,NA,NA
14029,14029,12711,,matched,3,datasetName;canonicalName;decimalLatitude,agui,geotria australis,NA,NA,georgia del sur,-53.5833333329,-70.9166666672,Rademacher K. 2007. ,1092,NA,NA,0,Remove record: Georgia del sur,NA,NA,NA,NA,NA,NA,NA,NA,NA,NA,NA,NA,NA
14070,14070,NA,"unlink, record via iDigBio",no_match,NA,NA,gbif,galaxias platei,NA,NA,punta arenas,-53.161165,-70.877879,NA,78462,urn:catalog:cas:ich:78462,cas,0,NA,NA,NA,NA,NA,NA,NA,NA,NA,NA,NA,NA,NA,NA
14072,14072,NA,"unlink, record via iDigBio",no_match,NA,NA,gbif,menidia,NA,NA,straits of magellan; sandy point.,-53.161165,-70.877879,NA,22733,urn:catalog:cas:su(ich):22733,cas,0,NA,NA,NA,NA,NA,NA,NA,NA,NA,NA,NA,NA,NA,NA
14074,14074,NA,"unlink, record via iDigBio",no_match,NA,NA,gbif,eleginops maclovinus,1888,1888,laredo bay,-53,-70.87,NA,usnm 77320,http://n2t.net/ark:/65665/30c2d52d4-36f2-4cb3-b139-dfdd240873bd,usnm,0,NA,NA,NA,NA,NA,NA,NA,NA,NA,NA,NA,NA,NA,NA
14076,14076,12756,,matched,3,datasetName;canonicalName;decimalLatitude,vert,eleginops maclovinus,1888,NA,laredo bay,-53,-70.87,National Museum of N,77320,http://n2t.net/ark:/65665/30c2d52d4-36f2-4cb3-b139-dfdd240873bd,usnm,0,NA,NA,NA,NA,NA,NA,NA,NA,NA,NA,NA,NA,NA,NA
14127,14127,12808,,matched,3,datasetName;canonicalName;decimalLatitude,agui,aplochiton zebra,NA,NA,tierra del fuego,-53.9999999999,-70.0000000003,Rademacher K. 2007. ,1061,NA,NA,0,Remove. Vague locality from McDowall 1971,NA,NA,NA,NA,NA,NA,NA,NA,NA,NA,NA,NA,NA
14130,14130,12810,,matched,3,datasetName;canonicalName;decimalLatitude,mma2,galaxias maculatus,NA,NA,río cóndor en desembocadura. rio condor,-53.987,-69.915,OrigenReg: Publicaci,NA,NA,NA,0,NA,NA,NA,NA,NA,NA,NA,NA,NA,NA,NA,NA,NA,NA
14145,14145,12835,good,matched,2,datasetName;canonicalName,vert,galaxiidae,1971,NA,"puerto celular, bahia york, isla de los estados, argentina",-54.7875,-69.3183,National Museum of N,340197,http://n2t.net/ark:/65665/360d8aa28-6917-4968-9d21-d9555c637d8f,usnm,NA,"Change coordinates to -54.787500, -64.318300, obtained from USNM",NA,NA,-54.7875,-64.3183,NA,NA,NA,NA,NA,NA,NA,NA,NA
14189,14189,12876,,matched,3,datasetName;canonicalName;decimalLatitude,agui,salvelinus fontinalis,NA,NA,río alonso (chile),-54.5083000003,-68.7393000004,"Narum, SR, Gallardo,",988,NA,NA,0,NA,NA,NA,NA,NA,NA,NA,NA,NA,NA,NA,NA,NA,NA
14190,14190,12877,,matched,3,datasetName;canonicalName;decimalLatitude,agui,salvelinus fontinalis,NA,NA,lago fagnano (chile),-54.4997999996,-68.7319,"Narum, SR, Gallardo,",987,NA,NA,0,NA,NA,NA,NA,NA,NA,NA,NA,NA,NA,NA,NA,NA,NA
14198,14198,NA,12957,no_match,NA,NA,gbif,eleginops maclovinus,1884,1884,"Cabo de Hornos, Orange Bay",-55.167,-68.667,NA,1884-0807,http://coldb.mnhn.fr/catalognumber/mnhn/ic/1884-0807,mnhn,NA,"change coordinates to -55.515400, -68.060900",NA,NA,-55.5154,-68.0609,NA,NA,NA,NA,NA,NA,NA,NA,NA
14199,14199,NA,12958,no_match,NA,NA,gbif,galaxias maculatus,1884,1884,"Cabo de Hornos, Orange Bay",-55.167,-68.667,NA,1884-0847,http://coldb.mnhn.fr/catalognumber/mnhn/ic/1884-0847,mnhn,NA,"change coordinates to -55.515400, -68.060900",NA,NA,-55.5154,-68.0609,NA,NA,NA,NA,NA,NA,NA,NA,NA
14207,14207,12887,,matched,3,datasetName;canonicalName;decimalLatitude,gbif,galaxias maculatus,2006,2006-02-21,"[large river (name unknown)], near estancia canasaca, [península dumas], [isla hoste], [ca. 15.7 air miles sw center ushuaia, argentina], [communa de cabo de hornos], [see remarks]",-54.942501,-68.593201,NA,50899,12a7bf27-d06e-4dff-b666-98aeb5c14877,ncsm,0,NA,NA,NA,NA,NA,NA,NA,NA,NA,NA,NA,NA,NA,NA
14214,14214,12894,,matched,3,datasetName;canonicalName;decimalLatitude,gbif,galaxias maculatus,2006,2006-02-21,"[river (name unknown)], 50 meters upstream of [canal beagle], near estancia canasaca, [península dumas], [isla hoste], [ca. 15.7 air miles sw center ushuaia, argentina], [communa de cabo de hornos], [see remarks]",-54.945099,-68.588203,NA,50894,6869aebf-06cf-4e41-a2db-52f5ad28066f,ncsm,0,NA,NA,NA,NA,NA,NA,NA,NA,NA,NA,NA,NA,NA,NA
14232,14232,12907,,matched,3,datasetName;canonicalName;decimalLatitude,vert,galaxias maculatus,2006,2006-02-22,"small stream [name unknown] beside estancia canasaca, [península dumas], [isla hoste], [ca. 14.9 air miles sw center ushuaia, argentina], [communa de cabo de hornos], [see remarks]",-54.9416,-68.5656,North Carolina Museu,50900,3d31fff0-af4f-4941-b2a6-4014d06df148,ncsm,0,NA,NA,NA,NA,NA,NA,NA,NA,NA,NA,NA,NA,NA,NA
14249,14249,12918,,matched,3,datasetName;canonicalName;decimalLatitude,agui,galaxias maculatus,NA,NA,lago roca,-54.7166666672,-68.5499999996,"Cussac, V., Ortubay,",391,NA,NA,NA,"Change coordinates to -54.822721, -68.581895",NA,NA,-54.822721,-68.581895,NA,NA,NA,NA,NA,NA,NA,NA,NA
14254,14254,12920,,matched,4,datasetName;canonicalName;decimalLatitude;decimalLongitude,agui,galaxias maculatus,NA,NA,río olivia,-54.8333333331,-68.383333333,"Cussac, V., Ortubay,",393,NA,NA,NA,"change coordinates to -54.792556, -68.225792",NA,NA,-54.792556,-68.225792,NA,NA,NA,NA,NA,NA,NA,NA,NA
14256,14256,12922,,matched,3,datasetName;canonicalName;decimalLatitude,vert,galaxias maculatus,2006,2006-02-20,"[river (name unknown) flowing into canal murray], [península dumas], [isla hoste], [ca. 13.4 air miles ssw center ushuaia, argentina], [communa de cabo de hornos]",-54.9811,-68.3736,North Carolina Museu,50898,225ae3df-a258-44cf-b359-f2e8dd606c1f,ncsm,0,NA,NA,NA,NA,NA,NA,NA,NA,NA,NA,NA,NA,NA,NA
14277,14277,12934,,matched,3,datasetName;canonicalName;decimalLatitude,idig,eleginops maclovinus,1996,1996-07-01,NA,-54.8,-68.3,NA,ypm ich 031851,urn:uuid:3c4b70c6-2c5f-4460-a53b-797b766b15ed,ypm,0,NA,NA,NA,NA,NA,NA,NA,NA,NA,NA,NA,NA,NA,NA
14278,14278,NA,"unlink, out of range",no_match,NA,NA,idig,odontesthes,NA,NA,"cabo irigoyen, near mouth of rio lainez, tierra del fuego",-54.5,-68.3,NA,218611,«5afc7c45-7327-4602-915d-5ef8f7f02291,ummz,NA,"Remove. Marine. Change coordinates to -54.293499, -66.691502",NA,NA,-54.293499,-66.691502,NA,NA,NA,NA,NA,NA,NA,NA,NA
14293,14293,12944,,matched,3,datasetName;canonicalName;decimalLatitude,agui,galaxias maculatus,NA,NA,canal beagle,-54.883333333,-68.1666666673,Rademacher K. 2007. ,1088,NA,NA,0,NA,NA,NA,NA,NA,NA,NA,NA,NA,NA,NA,NA,NA,NA
14299,14299,12950,,matched,3,datasetName;canonicalName;decimalLatitude,gbif,galaxias maculatus,2006,2006-02-06,"río lum, 50 meters upstream from road [y-905], [isla navarino], [ca. 11.0 air miles se center ushuaia, argentina], [comuna de cabo de hornos]",-54.908798,-68.109001,NA,50906,f2ad33c6-559a-42f5-9d92-ab02cab18208,ncsm,0,NA,NA,NA,NA,NA,NA,NA,NA,NA,NA,NA,NA,NA,NA
14302,14302,12953,,matched,3,datasetName;canonicalName;decimalLatitude,idig,galaxias maculatus,2006,NA,"small stream [name unknown], outflowing from beaver lagoon into caleta douglas [douglas bay], [isla navarino], [ca. 25.4 air miles sw center puerto williams], [communa de cabo de hornos]",-55.1707000732422,-68.1059036254883,NA,50897,84540718-5b65-4607-95c5-954e53a121d8,ncsm,0,NA,NA,NA,NA,NA,NA,NA,NA,NA,NA,NA,NA,NA,NA
14311,14311,12965,,matched,3,datasetName;canonicalName;decimalLatitude,agui,galaxias maculatus,NA,NA,bahía orange,-55.5166666674,-68.0499999997,Rademacher K. 2007. ,1077,NA,NA,0,NA,NA,NA,NA,NA,NA,NA,NA,NA,NA,NA,NA,NA,NA
14315,14315,NA,unlink,no_match,NA,NA,gbif,galaxias maculatus,NA,NA,"bahia thetis, on tierra del fuego island, southern tip of argentina; salinity: salt",-54.5167,-68,NA,cmnfi 1986-0684.1,dd822e94-38a7-8a74-609e-62ce94d045ff,cmn,NA,"change coordinates to: -54.642979, -65.244715",NA,NA,-54.642979,-65.244715,NA,NA,NA,NA,NA,NA,NA,NA,NA
14316,14316,12968,,matched,3,datasetName;canonicalName;decimalLatitude,vert,galaxias maculatus,2006,2006-01-09,"río mejillones, [isla navarino], [ca. 15.3 air miles wnw center puerto williams], [comuna de cabo de hornos]",-54.9053,-67.9985,North Carolina Museu,50905,094da0da-d12e-47dd-8623-d47a757260a7,ncsm,0,NA,NA,NA,NA,NA,NA,NA,NA,NA,NA,NA,NA,NA,NA
14324,14324,12972,,matched,3,datasetName;canonicalName;decimalLatitude,idig,galaxias maculatus,2006,NA,"lago mejillones [lake mejillones], [isla navarino], [ca. 15.5 air miles se center ushuaia, argentina], [communa de cabo de hornos]",-54.9291000366211,-67.9904022216797,NA,50903,2d506e35-3b58-45cd-8165-fcdb05c981d5,ncsm,0,NA,NA,NA,NA,NA,NA,NA,NA,NA,NA,NA,NA,NA,NA
14331,14331,12976,,matched,3,datasetName;canonicalName;decimalLatitude,agui,aplochiton taeniatus,NA,NA,canal beagle,-54.8999999999,-67.9833333329,"Cussac, V., Ortubay,",365,NA,NA,0,NA,NA,NA,NA,NA,NA,NA,NA,NA,NA,NA,NA,NA,NA
14339,14339,12981,,matched,3,datasetName;canonicalName;decimalLatitude,vert,galaxias maculatus,2006,2006-02-13,"[río] guerrico, 50 meters upstream bridge [y-905], [isla navarino], [ca. 9.3 air miles ene center puerto williams], [communa de cabo de hornos]",-54.9128,-67.8484,North Carolina Museu,50901,857286b1-f621-4b9b-a31d-992b387f68d8,ncsm,0,NA,NA,NA,NA,NA,NA,NA,NA,NA,NA,NA,NA,NA,NA
14378,14378,13012,,matched,3,datasetName;canonicalName;decimalLatitude,vert,galaxias maculatus,2006,2006-02-18,"[river (name unknown)], at [cascada] los bronces [los bronces falls], 50 meters upstream from road [y-905], [isla navarino], [ca. 3.5 air miles wsw center puerto williams], [comuna de cabo de hornos]",-54.9411,-67.7027,North Carolina Museu,50902,dd419071-ddda-4afd-9d6b-11a823e877be,ncsm,0,NA,NA,NA,NA,NA,NA,NA,NA,NA,NA,NA,NA,NA,NA
14383,14383,13017,,matched,3,datasetName;canonicalName;decimalLatitude,data,galaxias maculatus,NA,NA,NA,-54.4167,-67.6833,NA,NA,190547959,ku,0,NA,NA,NA,NA,NA,NA,NA,NA,NA,NA,NA,NA,NA,NA
14389,14389,13022,,matched,3,datasetName;canonicalName;decimalLatitude,vert,galaxias maculatus,2006,2006-02-10,"[río] robalo, 50 meters upstream of bridge [y-905], [isla navarino], [ca. 1.7 air miles wsw center puerto williams], [communa de cabo de hornos]",-54.9417,-67.6576,North Carolina Museu,50896,84404c90-9e88-4807-81ed-51793aa2122a,ncsm,0,NA,NA,NA,NA,NA,NA,NA,NA,NA,NA,NA,NA,NA,NA
14391,14391,13024,,matched,3,datasetName;canonicalName;decimalLatitude,vert,salmo trutta,2006,2006-02-10,"[río] robalo, 50 meters upstream of bridge [y-905], [isla navarino], [ca. 1.7 air miles wsw center puerto williams], [communa de cabo de hornos]",-54.9417,-67.6576,North Carolina Museu,50895,95182bb7-d902-451d-89a8-284ac437aa63,ncsm,0,NA,NA,NA,NA,NA,NA,NA,NA,NA,NA,NA,NA,NA,NA
14400,14400,13033,,matched,3,datasetName;canonicalName;decimalLatitude,vert,galaxias maculatus,2006,2006-02-24,"[stream (name unknown) entering seno lauro inlet], 50 meters upstream of bridge [y-905/avenida costanera juan pablo segundo], [isla navarino], [ca. 0.5 air miles sw center puerto williams], [communa de cabo de hornos], [see remarks]",-54.9387,-67.6234,North Carolina Museu,50907,6225b365-9f73-427d-b9f5-16fac397c47f,ncsm,0,NA,NA,NA,NA,NA,NA,NA,NA,NA,NA,NA,NA,NA,NA
14403,14403,13036,,matched,3,datasetName;canonicalName;decimalLatitude,agui,aplochiton taeniatus,NA,NA,tierra del fuego,-54.366666667,-67.6166666666,"Cussac, V., Ortubay,",364,NA,NA,0,Comes from Dollo 1904,NA,NA,-54.8318,-68.561,NA,1897,1897-12-26,NA,NA,NA,3013,Louis Dollo,https://darwin.naturalsciences.be/uri/object/680031a4-6461-41bf-b224-9f34ae0d05de
14404,14404,13037,,matched,3,datasetName;canonicalName;decimalLatitude,agui,aplochiton zebra,NA,NA,tierra del fuego,-54.366666667,-67.6166666666,"Cussac, V., Ortubay,",382,NA,NA,NA,"From Ringuelet el al.: lago al norte del lago Lapataia, Tierra del fuego. Change coordinates to -54.831142, -68.566078","(Lahille, 1923) | (Ringuelet et al., 1967)",NA,-54.831142,-68.566078,"lago al norte del lago Lapataia, Tierra del fuego",1898,1898-02,NA,NA,NA,NA,Lahille,NA
14407,14407,13040,,matched,3,datasetName;canonicalName;decimalLatitude,vert,salmo trutta,2006,2006-02-02,"río ukika, [isla navarino], [ca. 0.7 air miles se center puerto williams], [communa de cabo de hornos]",-54.9391,-67.6012,North Carolina Museu,50904,297c262e-2145-45bc-b639-a75f3f6ac783,ncsm,0,NA,NA,NA,NA,NA,NA,NA,NA,NA,NA,NA,NA,NA,NA
14417,14417,13048,,matched,3,datasetName;canonicalName;decimalLatitude,agui,aplochiton taeniatus,NA,NA,canal beagle,-54.8333333331,-67.483333333,"Cussac, V., Ortubay,",354,NA,NA,NA,"year= 1904. from McDowall 1971, From Dollo 1904 (cited in Ringuelet 1967), Locality= Lapataia, Tierra del Fuego, Beagle Channel, Coordinates : -54.83215932353935, -68.56136280498983","Dollo et al., 1904 | Ringuelet et al., 1967 | McDowall, 1971",NA,-54.8318,-68.561,"Lapataia, Tierra del Fuego, Beagle Channel",1904,1897-12-26,NA,NA,NA,3013,Louis Dollo,https://darwin.naturalsciences.be/uri/object/680031a4-6461-41bf-b224-9f34ae0d05de
14434,14434,13059,,matched,3,datasetName;canonicalName;decimalLatitude,idig,aplochiton zebra,2006,NA,"lago pollollo [lake pollollo], [isla navarino], [ca. 14.8 air miles ese center puerto williams], [communa de cabo de hornos]",-55.0177993774414,-67.2753982543945,NA,50893,b9779608-f120-48af-bc02-6fda19053356,ncsm,0,NA,NA,NA,NA,NA,NA,NA,NA,NA,NA,NA,NA,NA,NA
14445,14445,NA,"unlink, record via iDigBio",no_match,NA,NA,gbif,galaxias maculatus,1884,1884,"cabo de hornos, orange bay",-56.01,-67.26,NA,27612,mcz:ich:27612,mcz,0,NA,NA,NA,NA,NA,NA,NA,NA,NA,NA,NA,NA,NA,NA
14452,14452,13072,,matched,3,datasetName;canonicalName;decimalLatitude,agui,aplochiton taeniatus,NA,NA,lapataia,-54.9166666668,-66.8333333334,"Cussac, V., Ortubay,",366,NA,NA,NA,"year= 1893. Change coordinate to -49,42337, -74,29629  Specimen actually comes from Puerto Grappler, but Campos 1969, citing Lonnberg 1907, says it comes from Lapataia.","(Lönnberg, 1907)",NA,-49.42337,"-74,29629",Puerto Grappler,1893,NA,NA,NA,NA,NA,NA,NA
99992,99992,10420,good,matched,5,datasetName;canonicalName;decimalLatitude;decimalLongitude;bibliographicCitation,agui,salmo trutta,2006,NA,lago balmaceda,-51.8856790002,-72.336679,"Habit, E., Gonzalez,",785,NA,NA,1,associatedReferences: (Cussac et al. 2020),NA,Cussac et al. 2020,NA,NA,NA,NA,NA,NA,NA,NA,NA,NA,NA
99993,99993,NA,unlink,no_match,NA,NA,agui,galaxias platei,1998,NA,lago belgrano,-47.9166793127,-72.1493652392,"RUZZANTE, D.E., WALD",1162,NA,NA,0,"change coordinated to:-47.869444, -72.146111; associatedReferences (Zemlak et al. 2008)",NA,Zemlak et al. 2008,-47.869444,-72.146111,NA,NA,NA,NA,NA,NA,NA,NA,NA
