bibliographicCitation,bibliographicCitation_standardized
"Aigo, J., Cussac, V., Peris, S. et al. Distribution of introduced and native fish in Patagonia (Argentina): patterns and changes in fish assemblages. Rev Fish Biol Fisheries 18, 387–408 (2008). https://doi.org/10.1007/s11160-007-9080-8","Aigo, J., Cussac, V.E., Peris, S., Ortubay, S., Gómez, S., López, H., Gross, M., Barriga, J.P., and Battini, M. 2008. Distribution of introduced and native fish in Patagonia (Argentina): patterns and changes in fish assemblages. Reviews in Fish Biology and Fisheries 18(4): 387–408. doi:10.1007/s11160-007-9080-8."
ALEJANDRO PENALOZA Estudio De Linea De Base Rio Manihuales.,Alejandro Penaloza. Estudio De Linea De Base Rio Manihuales.
ALEJANDRO PENALOZA Informe Fauna Ictica Minicentral De Paso La Paloma.,Alejandro Penaloza. Informe Fauna Ictica Minicentral De Paso La Paloma.
ALEJANDRO PENALOZA Planta De Elaboracion De Productos Carnicos.,Alejandro Penaloza. Planta De Elaboracion De Productos Carnicos.
"Alò D, Correa C, Samaniego H, Krabbenhoft CA, Turner TF. 2019. Otolith microchemistry and diadromy in Patagonian river fishes. PeerJ 7:e6149 https://doi.org/10.7717/peerj.6149","Alò, D., Correa, C., Samaniego, H., Krabbenhoft, C.A., and Turner, T.F. 2019. Otolith microchemistry and diadromy in Patagonian river fishes. PeerJ 7: e6149. PeerJ Inc. doi:10.7717/peerj.6149."
"Alò, D., Correa, C., Arias, C., and Cárdenas, L. 2013. Diversity of Aplochiton fishes (Galaxiidea) and the taxonomic resurrection of A. marinus. PLoS ONE 8(8): e71577.","Alò, D., Correa, C., Arias, C., and Cárdenas, L. 2013. Diversity of Aplochiton fishes (Galaxiidea) and the taxonomic resurrection of A. marinus. PLoS ONE 8(8): e71577."
"Alò, D., Correa, C., Samaniego, H., Krabbenhoft, C.A., and Turner, T.F. 2019. Otolith microchemistry and diadromy in Patagonian river fishes. PeerJ 7: e6149. PeerJ Inc. doi: 10.7717/peerj.6149.","Alò, D., Correa, C., Samaniego, H., Krabbenhoft, C.A., and Turner, T.F. 2019. Otolith microchemistry and diadromy in Patagonian river fishes. PeerJ 7: e6149. PeerJ Inc. doi:10.7717/peerj.6149."
"Arismendi, I., Penaluna, B., & Soto, D. (2011). Body condition indices as a rapid assessment of the abundance of introduced salmonids in oligotrophic lakes of southern Chile. Lake and Reservoir Management, 27(1), 61–69. https://doi.org/10.1080/07438141.2010.536617","Arismendi, I., Penaluna, B., and Soto, D. 2011. Body condition indices as a rapid assessment of the abundance of introduced salmonids in oligotrophic lakes of southern Chile. Lake and Reservoir Management 27(1): 61–69. doi:10.1080/07438141.2010.536617."
"ARISMENDI, I., SOTO, D., PENALUNA, B., JARA, C., LEAL, C. and LEÓN-MUÑOZ, J. (2009), Aquaculture, non-native salmonid invasions and associated declines of native fishes in Northern Patagonian lakes. Freshwater Biology, 54: 1135-1147. https://doi.org/10.1111/j.1365-2427.2008.02157.x","Arismendi, I., Soto, D., Penaluna, B., Jara, C., Leal, C., and León-Muñoz, J. 2009. Aquaculture, non-native salmonid invasions and associated declines of native fishes in Northern Patagonian lakes. Freshwater Biology 54(5): 1135–1147. doi:10.1111/j.1365-2427.2008.02157.x."
"Arratia G, Quezada-Romegialli C. 2017. Understanding morphological variability in a taxonomic context in Chilean diplomystids (Teleostei: Siluriformes), including the description of a new species. PeerJ 5:e2991 https://doi.org/10.7717/peerj.2991","Arratia, G., and Quezada-Romegialli, C. 2017. Understanding morphological variability in a taxonomic context in Chilean diplomystids (Teleostei: Siluriformes), including the description of a new species. PeerJ 5: e2991. PeerJ Inc. doi:10.7717/peerj.2991."
"Arratia, G, MB Peñafort y S Menu-Marque. 1983. Peces de la región sureste de los Andes y sus probables relaciones biogeográficas actuales. Deserta, 7: 48-107","Arratia, G., Penafort, B., and Menu Marque, S. 1983. Peces de la región sureste de los Andes y sus probables relaciones biogeograficas actuales. Deserta: 7:-48-107."
"Astorga, Marcela P, Valenzuela, Cynthia, Arismendi, Iván, & Iriarte, José L. (2008). Naturalized Chinook salmon in the northern Chilean Patagonia: Do they originate from salmon farming?. Revista de biología marina y oceanografía, 43(3), 669-674. https://dx.doi.org/10.4067/S0718-19572008000300025","Astorga, M.P., Valenzuela, C., Arismendi, I., and Iriarte, J.L. 2008. Naturalized Chinook salmon in the northern Chilean Patagonia: Do they originate from salmon farming? Revista de Biología Marina y Oceanografía 43: 669–674."
"Avendaño-Herrera R, Saldarriaga-Córdoba M, Irgang R. Draft Genome Sequence of Tenacibaculum ovolyticum To-7Br, Recovered from a Farmed Atlantic Salmon (Salmo salar). Microbiol Resour Announc. 2022 Jul 21;11(7):e0025422. doi: 10.1128/mra.00254-22. Epub 2022 Jun 2. PMID: 35652633; PMCID: PMC9302122.","Avendaño-Herrera, R., Saldarriaga-Córdoba, M., and Irgang, R. 2022. Draft Genome Sequence of Tenacibaculum ovolyticum To-7Br, Recovered from a Farmed Atlantic Salmon (Salmo salar). Microbiol Resour Announc 11(7): e0025422. doi:10.1128/mra.00254-22."
"Barile, Juan, Escudero, Manuel, & Carreño, Eriko. (2013). Combined effect of temperature and salinity on embryonic survival of Galaxias maculatus. Revista de biología marina y oceanografía, 48(3), 641-645. https://dx.doi.org/10.4067/S0718-19572013000300021","Barile, J., Escudero, M., and Carreño, E. 2013. Efecto combinado de la temperatura y salinidad sobre la supervivencia embrionaria de Galaxias maculatus. Revista de biología marina y oceanografía 48(3): 641–645. Universidad de Valparaíso. Facultad de Ciencias del Mar. doi:10.4067/S0718-19572013000300021."
"Barriga, J.P., Milano, D. and Cussac, V.E. (2013), Variation in vertebral number and its morphological implication in Galaxias platei. J Fish Biol, 83: 1321-1333. https://doi.org/10.1111/jfb.12233","Barriga, J.P., Milano, D., and Cussac, V.E. 2013. Variation in vertebral number and its morphological implication in Galaxias platei. J Fish Biol 83(5): 1321–1333. doi:10.1111/jfb.12233."
Base Datos CEA 2015,Base Datos CEA 2015
"Base Datos EULA UdeC, Base Datos 2005","Base Datos EULA UdeC, Base Datos 2005"
"Base Datos EULA UdeC, Base Datos 2006","Base Datos EULA UdeC, Base Datos 2006"
"Base Datos EULA UdeC, Base Datos 2007","Base Datos EULA UdeC, Base Datos 2007"
"Base Datos EULA UdeC, Base Datos 2008","Base Datos EULA UdeC, Base Datos 2008"
"Base Datos EULA UdeC, Base Datos 2009","Base Datos EULA UdeC, Base Datos 2009"
"Base Datos EULA UdeC, Base Datos 2009  2010","Base Datos EULA UdeC, Base Datos 2009 2010"
"Base Datos EULA UdeC, Base Datos 2011","Base Datos EULA UdeC, Base Datos 2011"
"Base Datos EULA UdeC, Base Datos 2013","Base Datos EULA UdeC, Base Datos 2013"
"Base Datos EULA UdeC, Base Datos 2014","Base Datos EULA UdeC, Base Datos 2014"
"Basulto del Campo, S. (2003) El largo viaje de los salmones. Una crónica olvidada. Propagación y cultivo de especies acuáticas en Chile.. Maval Ltda. Santiago, Chile. 299pp.","Basulto, S. 2003. El largo viaje de los salmones. Una crónica olvidada. Propagación y cultivo de especies acuáticas en Chile. Maval Ltda., Santiago."
"Behnke, Robert J.; illustrated by  Joseph R. Tomelleri; froreword by Thomas McGuane. (2002) Trout and Salmon of North America. The free press, New York. 359pp.","Behnke, R.J. 2002. Trout and Salmon of North America. The Free Press, New York. 359pp."
"Behrend J, Illanes A, Niklitschek E, Valerio V, Wente C, Vargas-Chacoff L, and  Muñoz J.L.P. (2022). Impacts of environmental and feeding regime variability on the feeding activity responses of atlantic salmon Salmo salar l. farmed in Southern Chile. Aquaculture 550: 737839. doi: 10.1016/j.aquaculture.2021.737839","Behrend, J., Illanes, A., Niklitschek, E., Valerio, V., Wente, C., Vargas-Chacoff, L., and Muñoz, J.L.P. 2022. Impacts of environmental and feeding regime variability on the feeding activity responses of atlantic salmon Salmo salar l. farmed in Southern Chile. Aquaculture 550: 737839. doi:10.1016/j.aquaculture.2021.737839."
"Bello, MT. 2002. Los peces autóctonos de la Patagonia argentina. Distribución natural. Cuadernos Universitarios. Universidad Nacional del Comahue. Centro Regional Bariloche. Nº 23: 54 pp.","Bello, MT. 2002. Los peces autóctonos de la Patagonia argentina. Distribución natural. Cuadernos Universitarios. Universidad Nacional del Comahue. Centro Regional Bariloche. Nº 23: 54 pp."
"Boy, C.C., Pérez, A.F., Fernández, D.A. et al. Energy allocation in relation to spawning and overwintering of a diadromous Puyen (Galaxias maculatus) population in the southernmost limit of the species distribution. Polar Biol 32, 9–14 (2009). https://doi.org/10.1007/s00300-008-0495-z","Boy, C.C., Pérez, S.A., Fernández, D.A., Calvo, J., and Morriconi, E.R. 2009. Energy allocation in relation to spawning and overwintering of a diadromous Puyen (Galaxias maculatus) population in the southernmost limit of the species distribution. Springer. doi:10.1007/s00300-008-0495-z."
"Bravo, S., Whelan, K., & Silva, M. (2021). Assessment of trout populations inhabiting the Palena River, southern Chile. Latin American Journal of Aquatic Research, 49(1), 29-39. doi:http://dx.doi.org/10.3856/vol49-issue1-fulltext-2577","Bravo, S., Whelan, K., Silva, M.T., Bravo, S., Whelan, K., and Silva, M.T. 2021. Assessment of trout populations inhabiting the Palena River, southern Chile. Latin american journal of aquatic research 49(1): 29–39. Pontificia Universidad Católica de Valparaíso. Facultad de Recursos Naturales. Escuela de Ciencias del Mar. doi:10.3856/vol49-issue1-fulltext-2577."
"Bravo, Sandra, Silva, María T., Ciancio, Javier, & Whelan, Ken. (2019). Size structure, age, and diets of introduced Chinook salmon (Oncorhynchus tshawytscha) inhabiting the Palena River, Chilean Patagonia. Latin american journal of aquatic research, 47(1), 129-137. https://dx.doi.org/10.3856/vol47-issue1-fulltext-14","Bravo, S., Silva, M.T., Ciancio, J., and Whelan, K. 2019. Size structure, age, and diets of introduced Chinook salmon (Oncorhynchus tshawytscha) inhabiting the Palena River, Chilean Patagonia. Latin American Journal of Aquatic Research 47(1): 129–137. doi:10.3856/vol47-issue1-fulltext-14."
"Bravo, Sandra, Whelan, Ken, Ponce, Nike, & Silva, María Teresa. (2022). The cohabitation of Chinook salmon (Oncorhynchus tshawytscha) with trout populations in two important recreational fishing rivers in southern Chile. Latin american journal of aquatic research, 50(5), 723-738. https://dx.doi.org/10.3856/vol50-issue5-fulltext-2906","Bravo, S., Whelan, K., Ponce, N., and Silva, M.T. 2022. The cohabitation of Chinook salmon (Oncorhynchus tshawytscha) with trout populations in two important recreational fishing rivers in southern Chile. Latin American Journal of Aquatic Research 50(5): 723–738. doi:10.3856/vol50-issue5-fulltext-2906."
"Brian Reid (2022) Informe de resutados de pesca de investigación asociado al permiso SUBPESCA, R. EX N°E-2022-499. Proyecto: Efecto de sedimentos suspendidos a la alimentación de los peces nativos e introducidos, en la cuenca del río Simpson, región de Aysén. Centro de Investigación de Ecosistemas de la Patagonia.","Reid, B. 2022. Informe de resutados de pesca de investigación asociado al permiso SUBPESCA, R. EX N°E-2022-499. Proyecto: Efecto de sedimentos suspendidos a la alimentación de los peces nativos e introducidos, en la cuenca del río Simpson, región de Aysén. Centro de Investigación de Ecosistemas de la Patagonia."
"Campos H. Gavilán J. Murillo V. y Alarcón P. 1996. Presencia de Cheirodon australe (Pisces: Characidae) en Lago Tarahuín (Isla Grande de Chiloé, 42º40’S, Chile) y su Significado Zoogeográfico. Medio Ambiente 13(1): 69-79.","Campos, H., Gavilan, J., Murillo, V., and Alarcon, P. 1996. Presencia de Cheirodon australe (Pisces: Characidae) en Lago Tarahuín (Isla Grande de Chiloé, 42º40’S, Chile) y su Significado Zoogeográfico. Medio Ambiente 13: 69–79."
"Campos, H. 1984. Gonswana and Neotropical Galaxioid fish biogeography. In Evolutionary Ecology of Neotropical Freshwater Fishes. Edited by T.M. Zaret. Junk Publisher, The Hague Netherland.","Campos, H. 1984. Gonswana and Neotropical Galaxioid fish biogeography. In Evolutionary Ecology of Neotropical Freshwater Fishes. Edited by T.M. Zaret. Junk Publisher, The Hague Netherland."
"Campos, H., and Ortiz, J.C. 1992. Peces, Anfibios y Reptiles de Torres del Paine: ¿Qué pasó con la diversidad? In Biodiversidad en Parque Nacional Torres del Paine. Edited by W.F.C.N.- -1. (en imprenta).","Campos, H., and Ortiz, J.C. 1992. Peces, Anfibios y Reptiles de Torres del Paine: ¿Qué pasó con la diversidad? In Biodiversidad en Parque Nacional Torres del Paine. Edited by W.F.C.N.- -1. (en imprenta)."
"Campos, H., Arenas, J., Jara, C., Gonser, T., & Prins, R. (1984). Macrozoobentos y fauna íctica de las aguas limnéticas de Chiloé y Aysén continentales (Chile). Medio Ambiente, 7, 52–64.","Campos, H., Arenas, J., Jara, C., Gonser, T., and Prins, R. 1984. Macrozoobentos y fauna íctica de las aguas limnéticas de Chiloé y Aysén continentales (Chile). Medio Ambiente 7: 52–64."
"Campos, H., Dazarola, G., Dyer, B.S., Fuentes, L., Gavilán, J.F., Huaquín, L., Martínez, G., Meléndez, R., Pequeño, G., Ponce, F., Ruiz, V.H., Sielfeld, W., Soto, D., Vega, R., and Vila, I. 1998. Categorías de conservación de peces nativos de aguas continentales de Chile. Boletín del Museo Nacional de Historia Natural, Chile 47: 101–122.","Campos, H., Dazarola, G., Dyer, B.S., Fuentes, L., Gavilán, J.F., Huaquín, L., Martínez, G., Meléndez, R., Pequeño, G., Ponce, F., Ruiz, V.H., Sielfeld, W., Soto, D., Vega, R., and Vila, I. 1998. Categorías de conservación de peces nativos de aguas continentales de Chile. Boletín del Museo Nacional de Historia Natural, Chile 47: 101–122."
"Campos, H., Gavilan, J., Murillo, V., and Alarcon, P. 1996. Presencia de Cheirodon australe (Pisces: Characidae) en Lago Tarahuín (Isla Grande de Chiloé, 42º40’S, Chile) y su Significado Zoogeográfico. Medio Ambiente 13: 69–79.","Campos, H., Gavilan, J., Murillo, V., and Alarcon, P. 1996. Presencia de Cheirodon australe (Pisces: Characidae) en Lago Tarahuín (Isla Grande de Chiloé, 42º40’S, Chile) y su Significado Zoogeográfico. Medio Ambiente 13: 69–79."
"Carlos Leal, Carolina Rodriguez (2018) Regularizacion Bocatoma Piscicultura De Recirculacion Rio Hollemberg. https://seia.sea.gob.cl/expediente/ficha/fichaPrincipal.php?modo=normal&id_expediente=2133497740","Leal, C., and Rodriguez, C. 2018. Regularización, Bocatoma Piscicultura de Recirculación Río Hollemberg. Available from https://seia.sea.gob.cl/expediente/ficha/fichaPrincipal.php?modo=normal&id_expediente=2133497740 [accessed 30 September 2025]."
"Cassigoli, J. (1999) Catastro de enfermedades de peces nativos circundantes a centros de cultivo de salmónidos.. Fondo de Investigación Pesquera - Instituto Tecnológico del Salmón - Universidad Austral de Chile - Aquatic Health FIP 97-38.","Cassigoli, J. 1999. Catastro de enfermedades de peces nativos circundantes a centros de cultivo de salmónidos. Fondo de Investigación Pesquera - Instituto Tecnológico del Salmón - Universidad Austral de Chile - Aquatic Health."
"Caucahue EIRL (2014) Estudio De Linea Base De Tipo Limnologico Del Proyecto Hidroelectrico Central De Pasada Rio Aviles, Localizado En Rio Aviles, Margen Sur Del Lago General Carrera, Cuenca Del Baker, Comuna De Chile Chico, Xi Region De Chile","Caucahue EIRL. 2014. Estudio De Linea Base De Tipo Limnologico Del Proyecto Hidroelectrico Central De Pasada Rio Aviles, Localizado En Rio Aviles, Margen Sur Del Lago General Carrera, Cuenca Del Baker, Comuna De Chile Chico, Xi Region De Chile."
CEA (2013) Identificacion De Areas De Importancia Ambiental (Aia) En El Río Chamiza Y Lago Chapo,"CEA. 2013. Identificacion De Areas De Importancia Ambiental (Aia) En El Río Chamiza Y Lago Chapo. NA, ND"
"CEA Linea Base Flora Y Fauna Acuatica, Calidad De Agua Y Caudal Ecologico En Los Rios Baker  Y Pascua.","CEA Linea Base Flora Y Fauna Acuatica, Calidad De Agua Y Caudal Ecologico En Los Rios Baker Y Pascua."
CEA Linea Base Limnologia  Southern Star Coal Project.,CEA Linea Base Limnologia Southern Star Coal Project.
"CEA Linea De Base Medio Dulceacuicola, Rio Blanco, Cuervo Y Condor.","CEA Linea De Base Medio Dulceacuicola, Rio Blanco, Cuervo Y Condor."
CEA Monitoreo Limnologico En El Area De Influencia Del Proyecto Hidroelectrico Aysen Noviembre 2011.,CEA Monitoreo Limnologico En El Area De Influencia Del Proyecto Hidroelectrico Aysen Noviembre 2011.
CEA Monitoreo Limnologico En El Area De Influencia Del Proyecto Hidroelectrico Aysen.,CEA Monitoreo Limnologico En El Area De Influencia Del Proyecto Hidroelectrico Aysen.
"CEA para ENDESA, Base de datos CEA 2015","CEA para ENDESA, Base de datos CEA 2015"
CEA Proyecto Central Hidroelectrica Cuervo.,CEA Proyecto Central Hidroelectrica Cuervo.
CEA Proyecto Hidroelectrico Aysen.,CEA Proyecto Hidroelectrico Aysen.
CEA Proyecto Sistema De Transmision Energia Austral.,CEA Proyecto Sistema De Transmision Energia Austral.
"Ceballos, S.G., Lessa, E.P., Victorio, M.F. et al. Phylogeography of the sub-Antarctic notothenioid fish Eleginops maclovinus: evidence of population expansion. Mar Biol 159, 499–505 (2012). https://doi.org/10.1007/s00227-011-1830-4","Ceballos, S., Lessa, E., Victorio, M.F., and Fernández, D. 2011. Phylogeography of the sub-Antarctic notothenioid fish Eleginops maclovinus: Evidence of population expansion. Marine Biology 159. doi:10.1007/s00227-011-1830-4."
"Centro de Ecología Aplicada Ltda. (2001) Estudio de Impacto Ambiental (EIA) proyecto ALUMYSA. Anexo IV.A_1 Caracterización del habitat acuático del Rio Cuervo, Puerto Aysen.. CONAMA.","Centro de Ecología Aplicada Ltda. 2001. Estudio de Impacto Ambiental (EIA) proyecto ALUMYSA. Anexo IV.A_1 Caracterización del habitat acuático del Rio Cuervo, Puerto Aysen.. CONAMA NA. Type of document: EIA Notes: NA"
"Chalde, T., Llompart, F.M. Fish distribution in a southern Patagonian river invaded by Chinook salmon. Hydrobiologia 848, 3489–3501 (2021). https://doi.org/10.1007/s10750-021-04603-z","Chalde, T., and Llompart, F.M. 2021. Fish distribution in a southern Patagonian river invaded by Chinook salmon. Hydrobiologia 848(15): 3489–3501. doi:10.1007/s10750-021-04603-z."
"Claudia Verdugo Castro (2020) Informe de resutados de pesca de investigación asociado al permiso SUBPESCA, R. EX N°65/2020. Proyecto: Monitoreo limnológico proyecto refundición de RCA's Amplición y cambio operacional, río Petrohué, comuna de Puerto Varas, región de Los Lagos. Mandante: Salmones Camanchaca S.A.","Claudia Verdugo Castro (2020) Informe de resutados de pesca de investigación asociado al permiso SUBPESCA, R. EX N°65/2020. Proyecto: Monitoreo limnológico proyecto refundición de RCA's Amplición y cambio operacional, río Petrohué, comuna de Puerto Varas, región de Los Lagos. Mandante: Salmones Camanchaca S.A."
"Claudia Verdugo Castro (2020) Informe de resutados de pesca de investigación asociado al permiso SUBPESCA, R. EX. N° E-2020-607 . Proyecto: Línea base limnológica Río Trainel cercano a la Piscicultura Trainel, región de Los Lagos. Mandante: Piscicultura Trainel.","Claudia Verdugo Castro (2020) Informe de resutados de pesca de investigación asociado al permiso SUBPESCA, R. EX. N° E-2020-607 . Proyecto: Línea base limnológica Río Trainel cercano a la Piscicultura Trainel, región de Los Lagos. Mandante: Piscicultura Trainel."
"Claudia Verdugo Castro (Ecosistema) (2016) Informe de resutados de pesca de investigación asociado al permiso SUBPESCA, R.EX N°3232/2016. Proyecto: Piscicultura de recirculación lago Balmaceda, Sealand Aquaculture S.A.; respuesta observación 1.2.8 ICSARA n°1 (064/2016). Mandante: Sealand Aquaculture S.A.","Claudia Verdugo Castro (Ecosistema) (2016) Informe de resutados de pesca de investigación asociado al permiso SUBPESCA, R.EX N°3232/2016. Proyecto: Piscicultura de recirculación lago Balmaceda, Sealand Aquaculture S.A.; respuesta observación 1.2.8 ICSARA n°1 (064/2016). Mandante: Sealand Aquaculture S.A."
"Claudia Verdugo, Daphne Valencia, Claudio Riquelme, Vilma Barrera y Adolfo Cuevas (2018) Piscicultura Los Arrayanes. https://seia.sea.gob.cl/expediente/ficha/fichaPrincipal.php?modo=normal&id_expediente=2142344914","Claudia Verdugo, Daphne Valencia, Claudio Riquelme, Vilma Barrera y Adolfo Cuevas (2018) Piscicultura Los Arrayanes. NA, https://seia.sea.gob.cl/expediente/ficha/fichaPrincipal.php?modo=normal&id_expediente=2142344914"
"Claudia Verdugo, Daphne Valencia, Claudio Riquelme, Vilma Barrera y Adolfo Cuevas (2019) Piscicultura Los Arrayanes. https://seia.sea.gob.cl/expediente/ficha/fichaPrincipal.php?modo=normal&id_expediente=2142344914","Claudia Verdugo, Daphne Valencia, Claudio Riquelme, Vilma Barrera y Adolfo Cuevas (2019) Piscicultura Los Arrayanes. NA, https://seia.sea.gob.cl/expediente/ficha/fichaPrincipal.php?modo=normal&id_expediente=2142344914"
"Colihueque N, Estay FJ, Crespo JE, Arriagada A, Baessolo L, Canales-Aguirre CB, Marin J and Carrasco R (2019) Genetic Differentiation and Origin of Naturalized Rainbow Trout opulations From Southern Chile Revealed by the mtDNA Control Region Marker.  Front. Genet. 10:1212.","Colihueque, N., Estay, F.J., Crespo, J.E., Arriagada, A., Baessolo, L., Canales-Aguirre, C.B., Marín, J., and Carrasco, R. 2019. Genetic Differentiation and Origin of Naturalized Rainbow Trout Populations From Southern Chile, Revealed by the mtDNA Control Region Marker. Front. Genet. 10. Frontiers. doi:10.3389/fgene.2019.01212."
"Consuegra, S., Phillips, N., Gajardo, G. and de Leaniz, C.G. (2011), Winning the invasion roulette: escapes from fish farms increase admixture and facilitate establishment of non-native rainbow trout. Evolutionary Applications, 4: 660-671. https://doi.org/10.1111/j.1752-4571.2011.00189.x","Consuegra, S., Phillips, N., Gajardo, G., and de Leaniz, C.G. 2011. Winning the invasion roulette: escapes from fish farms increase admixture and facilitate establishment of non-native rainbow trout. Evolutionary Applications 4(5): 660–671. doi:10.1111/j.1752-4571.2011.00189.x."
"Conte-Grand, C, J Sommer, G Ortí y V Cussac. 2015. Populations of Odontesthes (Teleostei: Atheriniformes) in the Andean region of Southern South America: body shape and hybrid individuals. Neotropical Ichthyology, 13 (1): 137-150","Conte-Grand, C, J Sommer, G Ortí y V Cussac. 2015. Populations of Odontesthes (Teleostei: Atheriniformes) in the Andean region of Southern South America: body shape and hybrid individuals. Neotropical Ichthyology, 13 (1): 137-150"
"Conte-Grand, Cecilia et al. Populations of|Odontesthes(Teleostei: Atheriniformes) in the Andean region of Southern South America: body shape and hybrid individuals. Neotropical Ichthyology [online]. 2015, v. 13, n. 1 [Accessed 6 June 2023], pp. 137-150. Available from: <https://doi.org/10.1590/1982-0224-20130094>. ISSN 1982-0224. https://doi.org/10.1590/1982-0224-20130094.","Conte-Grand, C., Sommer, J., Ortí, G., and Cussac, V. 2015. Populations of Odontesthes (Teleostei: Atheriniformes) in the Andean region of Southern South America: body shape and hybrid individuals. Neotropical Ichthyology 13(1): 137–150. doi:10.1590/1982-0224-20130094."
CORFO-IFOP (1990) Un legado a la salmonicultura. Proyecto de introducción de salmón del pacífico en Aysén.. Chile Pesquero 1: 51-56.,CORFO-IFOP. 1990. Un legado a la salmonicultura. Proyecto de introducción de salmón del pacífico en Aysén.. Chile Pesquero 1: 51-56.
"Correa, C., and Gross, M.R. 2008. Chinook salmon invade southern South America. Biological Invasions 10: 615–639. doi: 10.1007/s10530-007-9157-2.","Correa, C., and Gross, M.R. 2008. Chinook salmon invade southern South America. Biological Invasions 10: 615–639. doi:10.1007/s10530-007-9157-2."
"Correa, C., and Hendry, A.P. 2012. Invasive salmonids and lake order interact in the decline of puye grande Galaxias platei in western Patagonia lakes. Ecological Applications 22(3): 828–842. doi:10.1890/11-1174.1.","Correa, C., and Hendry, A.P. 2012. Invasive salmonids and lake order interact in the decline of puye grande Galaxias platei in western Patagonia lakes. Ecological Applications 22(3): 828–842."
"Correa, C., and Moran, P. 2017. Polyphyletic ancestry of expanding Patagonian Chinook salmon populations. Scientific Reports 7(1). doi: 10.1038/s41598-017-14465-y.","Correa, C., and Moran, P. 2017. Polyphyletic ancestry of expanding Patagonian Chinook salmon populations. Scientific Reports 7(1). doi:10.1038/s41598-017-14465-y."
"Correa, C., Bravo, A.P., and Hendry, A.P. 2012. Reciprocal trophic niche shifts in native and invasive fish: salmonids and galaxiids in Patagonian lakes. Freshwater Biology 57(9): 1769–1781.","Correa, C., Bravo, A.P., and Hendry, A.P. 2012. Reciprocal trophic niche shifts in native and invasive fish: salmonids and galaxiids in Patagonian lakes. Freshwater Biology 57(9): 1769–1781."
"Correa, Cristian, and Maryse Boisjoly (2025) Chilean fish collection and empirical database (Version 2025-11-27) [Unpublished dataset].","Correa, Cristian, and Maryse Boisjoly (2025) Chilean fish collection and empirical database (Version 2025-11-27) [Unpublished dataset]."
"Crichigno, S.A., Hattori, R.S., Strüssmann, C.A. and Cussac, V. (2016), Morphological comparison of wild, farmed and hybrid specimens of two South American silversides, Odontesthes bonariensis and Odontesthes hatcheri. Aquac Res, 47: 1797-1808. https://doi.org/10.1111/are.12638","Crichigno, S.A., Hattori, R.S., Strüssmann, C.A., and Cussac, V. 2014. Morphological comparison of wild, farmed and hybrid specimens of two South American silversides, Odontesthes bonariensis and Odontesthes hatcheri. Aquaculture Research: n/a-n/a. doi:10.1111/are.12638."
CRISTIAN GONZALEZ L Minicentral Hidroelectrica Piruquina.,Cristian Gonzalez L. Minicentral Hidroelectrica Piruquina.
CRISTIAN GONZALEZ L Pa Desarrollo Hidroelectrico Rio Puelo.,Cristian Gonzalez L. Pa Desarrollo Hidroelectrico Rio Puelo.
"Cristian Manque, Leonardo Palacios y Luis Albornoz (2018) Ampliacion De Piscicultura Lago Verde. https://seia.sea.gob.cl/expediente/ficha/fichaPrincipal.php?modo=ficha&id_expediente=2142650146","Manque, C., Palacios, L y Albornoz, L. 2018. Ampliacion De Piscicultura Lago Verde. NA, https://seia.sea.gob.cl/expediente/ficha/fichaPrincipal.php?modo=ficha&id_expediente=2142650146"
"Cussac, V, E Habit, J González, MA Battini, JP Barriga y S Crichigno. 2012. Informe de avance: Los peces de agua dulce de la Patagonia: una puesta al día. URL: http://www.comahue-conicet.gob.ar/archivos/t7_cod118_Peces%20de%20agua%20dulce.pdf","Cussac, V,. Habit, E., González, J., Battini, M.A., Barriga, J.P., and Crichigno, S. 2012. Informe de avance: Los peces de agua dulce de la Patagonia: una puesta al día. URL: http://www.comahue-conicet.gob.ar/archivos/t7_cod118_Peces%20de%20agua%20dulce.pdf"
"Cussac, V, S Ortubay, G Iglesias, D Milano, ME Lattuca, JP Barriga, M Battini y M Gross. 2004. The distribution of South American galaxiid fishes: the role of biological traits and post-glacial history. J. Biogeog. 31: 103-121","Cussac, V.E., Ortubay, S., Iglesias, G., Milano, D., Lattuca, M.E., Barriga, J.P., Battini, M., and Gross, M. 2004. The distribution of South American galaxiid fishes: the role of biological traits and post-glacial history. Journal of Biogeography 31: 103–121."
"Cussac, V. E., Ortubay, S., Iglesias, G., Milano, D., Lattuca, M. E., Barriga, J. P., Battini, M., & Gross, M. (2004). The distribution of South American galaxiid fishes: The role of biological traits and post-glacial history. Journal of Biogeography, 31, 103–121.","Cussac, V.E., Ortubay, S., Iglesias, G., Milano, D., Lattuca, M.E., Barriga, J.P., Battini, M., and Gross, M. 2004. The distribution of South American galaxiid fishes: the role of biological traits and post-glacial history. Journal of Biogeography 31: 103–121."
"Cussac, V., Ortubay, S., Iglesias, G., Milano, D., Lattuca, M.E., Barriga, J.P., Battini, M. and Gross, M. (2004), The distribution of South American galaxiid fishes: the role of biological traits and post-glacial history. Journal of Biogeography, 31: 103-121. https://doi.org/10.1046/j.0305-0270.2003.01000.x","Cussac, V.E., Ortubay, S., Iglesias, G., Milano, D., Lattuca, M.E., Barriga, J.P., Battini, M., and Gross, M. 2004. The distribution of South American galaxiid fishes: the role of biological traits and post-glacial history. Journal of Biogeography 31: 103–121."
"Cussac, V., Ortubay, S., Iglesias, G., Milano, D., Lattuca, M.E., Barriga, J.P., Battini, M. and Gross, M. (2004), The distribution of South American galaxiid fishes: the role of biological traits and post-glacial history. Journal of Biogeography, 31: 103-121. https://doi.org/10.1046/j.0305-0270.2003.01000.x   |   Ortubay & D, Wegrzyn (pers, comm,)","Cussac, V.E., Ortubay, S., Iglesias, G., Milano, D., Lattuca, M.E., Barriga, J.P., Battini, M., and Gross, M. 2004. The distribution of South American galaxiid fishes: the role of biological traits and post-glacial history. Journal of Biogeography 31: 103–121."
"Cussac, V., Ortubay, S., Iglesias, G., Milano, D., Lattuca, M.E., Barriga, J.P., Battini, M. and Gross, M. (2004), The distribution of South American galaxiid fishes: the role of biological traits and post-glacial history. Journal of Biogeography, 31: 103-121. https://doi.org/10.1046/j.0305-0270.2003.01000.x  |  Milano, D., Cussac, V.E., Macchi, P.J., Ruzzante, D.E., Alonso, M.F., Vigliano, P.H. & Denegri, M.A. (2002) Predator associated morphology in Galaxias platei in Patagonian lakes. Journal of Fish Biology, 61, 138– 156.","Cussac, V.E., Ortubay, S., Iglesias, G., Milano, D., Lattuca, M.E., Barriga, J.P., Battini, M., and Gross, M. 2004. The distribution of South American galaxiid fishes: the role of biological traits and post-glacial history. Journal of Biogeography 31: 103–121."
"Cussac, V.E., Habit, E., Ciancio, J., Battini, M.A., Riva Rossi, C., Barriga, J.P., Baigún, C. and Crichigno, S. (2016), Freshwater fishes of Patagonia: conservation and fisheries. J Fish Biol, 89: 1068-1097. https://doi.org/10.1111/jfb.13008","Cussac, V.E., Habit, E., Ciancio, J., Battini, M.A., Riva Rossi, C., Barriga, J.P., Baigún, C., and Crichigno, S. 2016. Freshwater fishes of Patagonia: conservation and fisheries. J Fish Biol 89(1): 1068–1097. doi:10.1111/jfb.13008."
"Cussac, V.E.; Barrantes, M.E.; Boy, C.C.; Górski, K.; Habit, E.; Lattuca, M.E.; Rojo, J.H. New Insights into the Distribution, Physiology and Life Histories of South American Galaxiid Fishes, and Potential Threats to This Unique Fauna. Diversity 2020, 12, 178. https://doi.org/10.3390/d12050178","Cussac, V.E., Barrantes, M.E., Boy, C.C., Górski, K., Habit, E., Lattuca, M.E., and Rojo, J.H. 2020. New Insights into the Distribution, Physiology and Life Histories of South American Galaxiid Fishes, and Potential Threats to This Unique Fauna. Diversity 12(5): 178. Multidisciplinary Digital Publishing Institute. doi:10.3390/d12050178."
"Cuvier, G., Cuvier, G., Axelrod, H.R., Baird, S.F., Valenciennes, Koninklijk Zoologisch Genootschap Natura Artis Magistra,  te A., and Congress, L. of. 1835. Histoire naturelle des poissons. Chez F. G. Levrault; [etc., etc.], Paris. doi:10.5962/bhl.title.12283.","Cuvier, G. and Valenciennes. 1835. Histoire naturelle des poissons. Chez F. G. Levrault; [etc., etc.], Paris. doi:10.5962/bhl.title.12283."
"de Villalobos, Cristina, Ortiz-Sandoval, Juan J, & Habit, Evelyn. (2008). FINDING OF GORDIUS AUSTRINUS DE VILLALOBOS, ZANCA & IBARRA - VIDAL, 2005 (GORDIIDA, NEMATOMORPHA) IN THE STOMACH OF SALMO TRUTTA (SALMONIFORMES) IN PATAGONIA. Gayana (Concepción), 72(1), 31-35. https://dx.doi.org/10.4067/S0717-65382008000100005","de Villalobos, C., Ortiz-Sandoval, J.J., and Habit, E. 2008. Finding Of Gordius Austrinus De Villalobos, Zanca & Ibarra-Vidal, 2005 (Gordiida, Nematomorpha) In The Stomach Of Salmo Trutta (Salmoniformes) In Patagonia. Gayana (Concepción) 72(1): 31–35. Universidad de Concepción. Facultad de Ciencias Naturales y Oceanográficas. doi:10.4067/S0717-65382008000100005."
"Dean A. Hendrickson, and Adam E. Cohen. 2015. Fishes of Texas Project Database (Version 2.0), doi:10.17603/C3WC70. Accessed March     31, 2026","Dean A. Hendrickson, and Adam E. Cohen. 2015. Fishes of Texas Project Database (Version 2.0), doi:10.17603/C3WC70. Accessed March 31, 2026"
"Desarrollo de metodologías de control sostenido y restauración en propiedad privada de múltiples usos, en la cuenca río Marazzi, Tierra del Fuego.","Desarrollo de metodologías de control sostenido y restauración en propiedad privada de múltiples usos, en la cuenca río Marazzi, Tierra del Fuego."
"Di Prinzio, C. Y., & Pascual, M. A. (2008). The establishment of exotic Chinook salmon (Oncorhynchus tshawytscha) in Pacific rivers of Chubut, Patagonia, Argentina. Annales de Limnologie - International Journal of Limnology, 44, 25–32.","Di Prinzio, C.Y., and Pascual, M.A. 2008. The establishment of exotic Chinook salmon (Oncorhynchus tshawytscha) in Pacific rivers of Chubut, Patagonia, Argentina. Annales de Limnologie - International Journal of Limnology 44: 25–32."
"Di Prinzio, C. Y., Omad, G., Miserendino, M. L., & Casaux, R. (2015). Selective foraging by non-native rainbow trout on invertebrates in Patagonian streams in Argentina. Zoological studies, 54, e29. https://doi.org/10.1186/s40555-015-0108-9","Di Prinzio, C.Y., Omad, G., Miserendino, M.L., and Casaux, R. 2015. Selective foraging by non-native rainbow trout on invertebrates in Patagonian streams in Argentina. Zool Stud 54: e29. doi:10.1186/s40555-015-0108-9."
"Di Prinzio, C., & Casaux, R. (2012). Dietary overlap among native and non-native fish in Patagonian low-order streams. Annales De Limnologie - International Journal of Limnology, 48(1), 21-30. doi:10.1051/limn/2011055","Di Prinzio, C., and Casaux, R. 2012. Dietary overlap among native and non-native fish in Patagonian low-order streams. Annales de Limnologie - International Journal of Limnology 48: 21–30. doi:10.1051/limn/2011055."
"Di Prinzio, C.Y. and Arismendi, I. (2018), Early development and diets of non-native juvenile Chinook Salmon (Oncorhynchus tshawytscha) in an invaded river of Patagonia, southern South America. Austral Ecology, 43: 732-741. https://doi.org/10.1111/aec.12597","Di Prinzio, C., and Arismendi, I. 2018. Early development and diets of non-native juvenile Chinook Salmon (Oncorhynchus tshawytscha) in an invaded river of Patagonia, southern South America. Austral Ecology 43(7): 732–741. doi:10.1111/aec.12597."
"Di Prinzio, C.Y., Miserendino, M.L. and Casaux, R. (2013), Feeding strategy of the non-native rainbow trout, Oncorhynchus mykiss, in low-order Patagonian streams. Fish Manag Ecol, 20: 414-425. https://doi.org/10.1111/fme.12028","Di Prinzio, C.Y., Miserendino, M.L., and Casaux, R. (n.d.). Feeding strategy of the non‐native rainbow trout, Oncorhynchus mykiss, in low‐order Patagonian streams. doi:10.1111/fme.12028."
"Di Prinzio, C.Y., Rossi, C.R., Ciancio, J. et al. Disentangling the contributions of ocean ranching and net-pen aquaculture in the successful establishment of Chinook salmon in a Patagonian basin. Environ Biol Fish 98, 1987–1997 (2015). https://doi.org/10.1007/s10641-015-0418-0","Di Prinzio, C.Y., Rossi, C.R., Ciancio, J., Garza, J.C., and Casaux, R. 2015. Disentangling the contributions of ocean ranching and net-pen aquaculture in the successful establishment of Chinook salmon in a Patagonian basin. Environmental Biology of Fishes 98: 1987–1997. doi:10.1007/s10641-015-0418-0."
DOI:10.13140/RG.2.2.15323.21289,"Chalde, T., Casalinuovo, M., Rojo, J., Villatarco, A., Boy, C., Lesta, S., and Fernández, D. 2016. New establishment of a chinook salmon (Oncorhynchus tshawytscha) population in the extreme South of Patagonia. doi:10.13140/RG.2.2.15323.21289."
DOI:10.54451/PanamJAS.17.3.304,"Hüne, M., Haro, D., Davis, E., Gutiérrez Lagos, D., Anderson, C., and Sabat, P. 2022. Niche overlap in sympatric introduced trout from a southern Patagonian river: evidence from stomach contents and stable isotope analysis. Pan-American Journal of Aquatic Sciences 17: 304–312. doi:10.54451/PanamJAS.17.3.304."
Doris Soto and Fernando Jara (1996) Evaluación de salmonideos de vida libre en aguas interiores de las regiones X y XI.. FIP IT 95-31 159pp.,"Soto, D., and Jara, F. 1996. Evaluación de salmonideos de vida libre en aguas interiores de las regiones X y XI. Fondo de Investigación Pesquera - Universidad Austral de Chile."
"Doris Soto B.and Ivan Arismendi V. (2001) Evaluacion, ordenamiento y manejo  del potencial biológico para la pesca deportiva de la región de los lagos.. Gobierno Regional de Los Lagos Fondo Nacional de Desarrollo Regional (FNDR) código B.I.P. 20109755-0; Universidad Austral de Chile.","Soto, D., Arismendi, I., Jara, F., Zelada, S., Ruíz, M., Vargas, M., Sanzana, J., Leal, C., Norambuena, F., and Mansilla, M. 2001. Evaluacion, ordenamiento y manejo del potencial biológico para la pesca deportiva de la región de los lagos. Fondo Nacional de Desarrollo Regional Region de los Lagos - Universidad Austral de Chile, Puerto Montt."
"Dyer, B. (1994) Specimens of Chilean fish deposited by B. Dyer in the University of Michigan Zoological Museum. in.. NEODAT II team databese http://www.neodat.org/.","Dyer, B. 1994. Specimens of Chilean fish deposited by B. Dyer in the University of Michigan Zoological Museum. University of Michigan Zoological Museum, NEODAT II team database. Available from http://www.neodat.org/."
E.C. Rowe & Asoc. (1994) Estudio de Impacto Ambiental (EIA) proyecto Fachinal tranque de relave.. CONAMA.,E.C. Rowe & Asoc. 1994. Estudio de Impacto Ambiental (EIA) proyecto Fachinal tranque de relave.. CONAMA NA. Type of document: EIA Notes: NA
"Econometric S.A. (2014) Estudio De Limnologia, Parque Eolico Cateao, Isla Rande De Chiloe, X Region. https://seia.sea.gob.cl/expediente/expedientesEvaluacion.php?modo=ficha&id_expediente=8192018","Econometric S.A. 2014. Estudio De Limnologia, Parque Eolico Cateao, Isla Rande De Chiloe, X Region. NA, https://seia.sea.gob.cl/expediente/expedientesEvaluacion.php?modo=ficha&id_expediente=8192018"
Edwin Niklitschek and Eduardo Aedo (2002) Estudio del ciclo reproductivo de las principales especies objetivo de la pesca deportiva en la XI región. FIP 2000-25. FIP 2000-25 75pp.,"Niklitschek, E., and Aedo, E. 2002. Estudio del ciclo reproductivo de las principales especies objetivo de la pesca deportiva en la XI región. Fondo de Investigación Pesquera - Universidad Austral de Chile."
"Eigenmann, C.H. 1928. The fresh-water fishes of Chile. Memoirs of the National Academy of Science 22: 1–80.","Eigenmann, C.H. 1928. The fresh-water fishes of Chile. Memoirs of the National Academy of Science 22: 1–80."
"Elgueta, A., González, J., Ruzzante, D.E., Walde, S.J. and Habit, E. (2013), Trophic interference by Salmo trutta on Aplochiton zebra and Aplochiton taeniatus in southern Patagonian lakes. Journal of Fish Biology, 82: 430-443. https://doi.org/10.1111/j.1095-8649.2012.03489.x","Elgueta, a, González, J., Ruzzante, D.E., Walde, S.J., and Habit, E. 2013. Trophic interference by Salmo trutta on Aplochiton zebra and Aplochiton taeniatus in southern Patagonian lakes. Journal of fish biology 82(2): 430–43. doi:10.1111/j.1095-8649.2012.03489.x."
"Estai, E. (1999) Desarrollo y manejo de una pesquería fluvial de trucha café (Salmo trutta fario) en río penitente, XII región. Informe Final.. FONTEC-CORFO Código N° 96-08521.","Estai, E. 1999. Desarrollo y manejo de una pesquería fluvial de trucha café (Salmo trutta fario) en río penitente, XII región. Informe Final.. FONTEC-CORFO Código N° 96-08521. Type of document: Unpub. Report Notes: NA"
"Estudio peces CEA, Entrevista Jorge Parra","Estudio peces CEA, Entrevista Jorge Parra"
"Faúndez, V., Blanco G.,Vázquez E. & Sánchez J.A. (1997) Allozyme variability in brown trout Salmo trutta in Chile.. Freshwater Biology 37: 507-514.","Faúndez, V., Blanco, G., Vázquez, E., and Sánchez, J.A. 1997. Allozyme variability in brown trout Salmo trutta in Chile. Freshwater Biology 37: 507–514."
"Fernández L. Nadalin D. López H. y Serio M. 2015. COLECCIÓN ICTIOLÓGICA DEL MUSEO DE LA PLATA: LA FAMILIA TRICHOMYCTERIDAE. PROBIOTA, FCNYM, UNLP, LA PLATA, ARGENTINA, SERIE TÉCNICA Y DIDÁCTICA 35: 1-39. ISSN 1515-9329","Fernández, L., Nadalin, D.O., López, H.L., and Serio, M.J. 2015. Colección ictiológica del Museo de La Plata: la familia Trychomycteridae. ProBiota: Serie Técnica y Didáctica no. 35. Available from http://sedici.unlp.edu.ar/handle/10915/50837 [accessed 1 October 2025]."
"Fernandez M. Semenas L. y Viozzi G. 2012. Parasites of the “Peladilla,” Aplochiton zebra (Osmeriformes: Galaxiidae), from Patagonia (Argentina and Chile). Comparative Parasitology 79(2): 231-237. https://doi.org/10.1654/4561.1","Fernandez, V., Semenas, L., and Viozzi, G. 2012. Parasites of the “Peladilla,” Aplochiton zebra (Osmeriformes: Galaxiidae), from Patagonia (Argentina and Chile). copa 79(2): 231–237. The Helminthological Society of Washington. doi:10.1654/4561.1."
"Fernandez, D.A., Calvo, J., Franklin, C.E. and Johnston, I.A. (2000), Muscle fibre types and size distribution in sub-antarctic notothenioid fishes. Journal of Fish Biology, 56: 1295-1311. https://doi.org/10.1111/j.1095-8649.2000.tb02144.x","Fernández, D., Calvo, J., Franklin, C., and Johnston, I. 2000. Muscle fibre types and size distribution in sub-Antarctic Notothenioid fishes. Journal of Fish Biology 56. doi:10.1111/j.1095-8649.2000.tb02144.x."
"Fernández, D.A., Ciancio, J., Ceballos, S.G. et al. Chinook salmon (Oncorhynchus tshawytscha, Walbaum 1792) in the Beagle Channel, Tierra del Fuego: the onset of an invasion. Biol Invasions 12, 2991–2997 (2010). https://doi.org/10.1007/s10530-010-9731-x | Riva Rossi, C.M., Pascual, M.A., Aedo Marchant, E. et al. The invasion of Patagonia by Chinook salmon (Oncorhynchus tshawytscha): inferences from mitochondrial DNA patterns. Genetica 140, 439–453 (2012). https://doi.org/10.1007/s10709-012-9692-3","Fernández, D.A., Ciancio, J., Ceballos, S.G., Riva-Rossi, C., and Pascual, M.A. 2010. Chinook salmon (Oncorhynchus tshawytscha, Walbaum 1792) in the Beagle Channel, Tierra del Fuego: the onset of an invasion. Biological Invasions 12(9): 2991–2997. doi:10.1007/s10530-010-9731-x."
"Fernández, DA, Bruno, DO, Llompart, FM. 2018. Length–weight relationship of six notothenioid species from sub-Antarctic waters (Beagle Channel, Argentina). J Appl Ichthyol. 2019; 35: 597– 599. https://doi.org/10.1111/jai.13833","Fernandez, D.A., Bruno, D.O., and Llompart, F.M. 2018. Length–weight relationship of six notothenioid species from sub-Antarctic waters (Beagle Channel, Argentina). Journal of Applied Ichthyology 34(4). doi:10.1111/jai.13833."
"Fernández, M. V., Garibotti, G., Semenas, L., & Viozzi, G. (2015). Influencia de factores bióticos y abióticos sobre las comunidades de parásitos metazoos de un pez presa nativo: estudio en 28 lagos andino patagónicos. Ecología Austral, 25(3), 221–230. https://doi.org/10.25260/EA.16.25.3.0.60","Fernández, M.V., Garibotti, G., Semenas, L., and Viozzi, G. 2015. Influence of biotic and abiotic factors on the metazoan parasite communities of a native prey fish: study in 28 Andean Patagonian lakes. Ecología Austral 25(3): 221–230. doi:10.25260/EA.16.25.3.0.60."
"Fernández, M. V., Lallement, M., Rechencq, M., Vigliano, P. H., Sosnovsky, A., & Macchi, P. J. (2018). Top predator fish assemblages in Northern Patagonia, Argentina. What factors regulate their patterns of distribution and abundance? Austral Ecology, 43(6), 651–662. https://doi.org/10.1111/aec.12610","Fernández, M.V., Lallement, M., Rechencq, M., Vigliano, P.H., Sosnovsky, A., and Macchi, P.J. 2018. Top predator fish assemblages in Northern Patagonia, Argentina. What factors regulate their patterns of distribution and abundance? Austral Ecology 43(6): 651–662. doi:10.1111/aec.12610."
Fernando Jara S. & Doris Soto B. (1997) Recaptura salmones retornantes en río Petrohué.. Universidad Austral de Chile 19pp.,"Jara, F., and Soto, D. 1997. Recaptura salmones retornantes en río Petrohué. Unpub. Report, Universidad Austral de Chile."
"Figueroa-Muñoz, G., Gomez-Uchida, D., Fierro, P. et al. First record of a synergistic interaction between invasive salmonids in South America. Biol Invasions 24, 1–8 (2022). https://doi.org/10.1007/s10530-021-02629-x","Figueroa-Muñoz, G., Gomez-Uchida, D., Fierro, P., Valdebenito, I., and Arismendi, I. 2022. First record of a synergistic interaction between invasive salmonids in South America. Biol Invasions 24(1): 1–8. doi:10.1007/s10530-021-02629-x."
"Fishnet2, Colecta BS Dyer","Fishnet2, Colecta BS Dyer"
"Flores V, Liliana S. Infection patterns of Tylodelphys barilochensis and T. crubensis (Trematoda: Diplostomatidae) metacercariae in Galaxias maculatus (Osmeriformes: Galaxiidae) from two Patagonian lakes and observations on their geographical distribution in the southern Andean region, Argentina. J Parasitol. 2002 Dec;88(6):1135-9. doi: 10.1645/0022-3395(2002)088[1135:IPOTBA]2.0.CO;2. PMID: 12537107.","Flores, V., and Liliana, S. 2002. Infection patterns of Tylodelphys barilochensis and T. crubensis (Trematoda: Diplostomatidae) metacercariae in Galaxias maculatus (Osmeriformes: Galaxiidae) from two Patagonian lakes and observations on their geographical distribution in the southern Andean region, Argentina. J Parasitol 88(6): 1135–1139. doi:10.1645/0022-3395(2002)088%5B1135:IPOTBA%5D2.0.CO;2."
"Flores, V., & Viozzi, G. (2001). Redescription, seasonality and distribution of Myxobolus magellanicus (Myxosporea) in Galaxias maculatus (Osmeriformes, Galaxiidae) from Patagonian Andean lakes (Argentina). Acta Parasitologica, 46(3), 159-163. ISSN/ISBN: 1230-2821","Flores, V., and Viozzi, G.P. 2007. Redescription, seasonality and distribution of Myxobolus magellanicus (Myxosporea) in Galaxias maculatus (Osmeriformes, Galaxiidae) from Patagonian Andean lakes (Argentina). Acta Parasitologica 46(3): 159–163."
"Flores, V., Semenas, L., Rauque, C., Vega, R.M., Fernandez, V., & Lattuca, M.E. (2016). Macroparasites of silversides (Atherinopsidae: Odontesthes) in Argentina. Revista Mexicana De Biodiversidad, 87, 919-927. DOI: 10.1016/j.rmb.2016.06.009","Flores, V., Semenas, L., Rauque, C., Vega, R., Fernandez, V., and Lattuca, M. 2016. Macroparasites of silversides (Atherinopsidae: Odontesthes) in Argentina. Revista Mexicana de Biodiversidad 87(3): 919–927. doi:10.1016/j.rmb.2016.06.009."
"Fowler, H. 1951. Analysis of the fishes of Chile. Revista Chilena de Historia Natural: 263-323.","Fowler, H. 1951. Analysis of the fishes of Chile. Revista Chilena de Historia Natural: 263-323."
FuenteReg: Gunther 1880 Estudio: Campos et al. 1993b,"Günther, A.C.L.G. 1880. An introduction to the study of fishes. Adam & Charles Black, Edinburgh."
"Gacitúa, Santiago, Oyarzún, Ciro, & Veas, Rodrigo. (2008). Análisis multivariado de la morfometría y merística del robalo Eleginops maclovinus (Cuvier, 1830). Revista de biología marina y oceanografía, 43(3), 491-500. https://dx.doi.org/10.4067/S0718-19572008000300008","Gacitúa, S., Oyarzún, C., and Veas, R. 2008. Análisis multivariado de la morfometría y merística del robalo Eleginops maclovinus (Cuvier, 1830). Revista de biología marina y oceanografía 43(3): 491–500. Universidad de Valparaíso. Facultad de Ciencias del Mar. doi:10.4067/S0718-19572008000300008."
Gaman Limno Studies Ltda. (2014) Central Hidroelectrica Chaica.,"Gaman Limno Studies Ltda. 2014. Central Hidroelectrica Chaica. NA, NA"
"Gaman Limno Studies Ltda. (2014) Informe de resutados de pesca de investigación asociado al permiso SUBPESCA, R.EX N°767/2014. Proyecto: Estudio Línea base de tipo limnológico del proyecto hidroeléctrico Chaica en el río Lenca, comuna de Puerto Montt, X Región. Mandante: Ingenium Civil S.A","Gaman Limno Studies Ltda. 2014. Informe de resutados de pesca de investigación asociado al permiso SUBPESCA, R.EX N°767/2014. Proyecto: Estudio Línea base de tipo limnológico del proyecto hidroeléctrico Chaica en el río Lenca, comuna de Puerto Montt, X Región. Mandante: Ingenium Civil S.A"
"George-Nascimento, M., López-Rodríguez, R. & Górski, K. Geographic variation in composition of metazoan parasite infracommunities in Galaxias maculatus Jenyns 1842 (Osmeriformes: Galaxiidae) in southern Chile (38-47° S). Rev. Chil. de Hist. Nat. 93, 2 (2020). https://doi.org/10.1186/s40693-020-00090-z","George-Nascimento, M., López-Rodríguez, R., Górski, K., George-Nascimento, M., López-Rodríguez, R., and Górski, K. 2020. Geographic variation in composition of metazoan parasite infracommunities in Galaxias maculatus Jenyns 1842 (Osmeriformes: Galaxiidae) in southern Chile (38-47° S). Revista chilena de historia natural 93. Sociedad de Biología de Chile. doi:10.1186/s40693-020-00090-z."
"GEORGE-NASCIMENTO, MARIO, MELLADO, ALEX, SAAVEDRA, SANDRA, & CARVAJAL, JUAN. (2009). Variability of metazoan parasite communities in the rock cod Eleginops maclovinus (Cuvier & Valenciennes, 1830) (Pisces: Eleginopidae) off Chile. Revista chilena de historia natural, 82(2), 199-207. https://dx.doi.org/10.4067/S0716-078X2009000200003","George-Nascimento, M., Mellado, A., Saavedra, S., and Carvajal, J. 2009. Variabilidad de las comunidades de parásitos metazoos del róbalo Eleginops maclovinus (Cuvier &amp; Valenciennes, 1830) (Pisces: Eleginopidae) en Chile. Revista chilena de historia natural 82(2): 199–207. Sociedad de Biología de Chile. doi:10.4067/S0716-078X2009000200003."
"GEORGE-NASCIMIENTO M, MELLADO A, SAAVEDRA S, CARVAJAL J Variabilidad De Las Comunidades De Parasitos Metazoos Del Robalo Eleginops Maclovinus (Cuvier & Valenciennes, 1830) (Pisces: Eleginopidae) En Chile.","George-Nascimento, M., Mellado, A., Saavedra, S., and Carvajal, J. 2009. Variabilidad de las comunidades de parásitos metazoos del róbalo Eleginops maclovinus (Cuvier &amp; Valenciennes, 1830) (Pisces: Eleginopidae) en Chile. Revista chilena de historia natural 82(2): 199–207. Sociedad de Biología de Chile. doi:10.4067/S0716-078X2009000200003."
GESAM (2015) Proyecto Hidroelectrico San Victor.,"GESAM (2015) Proyecto Hidroelectrico San Victor. NA, NA"
GESAM Proyecto Central Hidroelectrica Rio Picacho Xi Region De Aysen.,GESAM Proyecto Central Hidroelectrica Rio Picacho Xi Region De Aysen.
GESAM Proyecto De Construccion Aerodromo Yendegaia.,GESAM Proyecto De Construccion Aerodromo Yendegaia.
"GESAM Sistema De Transmision Aysen Y Sistema De Transmision Energia Austral, Entre Region De Valparaiso Y Region De Aysen.","GESAM Sistema De Transmision Aysen Y Sistema De Transmision Energia Austral, Entre Region De Valparaiso Y Region De Aysen."
"Gil De Pertierra, A.A. & Semenas, L.G. (2005) . Galaxitaenia toloi n. gen., n. sp. (Eucestoda: Pseudophyllidea) from Galaxias platei (Pisces: Osmeriformes, Galaxiidae), in the Patagonian region of Argentina. Journal of Parasitology, 91(4), 900-908. http://dx.doi.org/10.1645/GE-437R.1","Gil de Pertierra, A.A., and Semenas, L.G. 2005. Galaxitaenia toloi n. gen., n. sp. (Eucestoda: Pseudophyllidea) from Galaxias platei (Pisces: Osmeriformes, Galaxiidae), in the Patagonian region of Argentina. J Parasitol 91(4): 900–908. doi:10.1645/GE-437R.1."
"Godoy MG, Aedo A, Kibenge MJ, Groman DB, Yason CV, Grothusen H, Lisperguer A, Calbucura M, Avendaño F, Imilán M, Jarpa M, Kibenge FS. First detection, isolation and molecular characterization of infectious salmon anaemia virus associated with clinical disease in farmed Atlantic salmon (Salmo salar) in Chile. BMC Vet Res. 2008 Aug 4;4:28. doi: 10.1186/1746-6148-4-28. PMID: 18680586; PMCID: PMC2519066.","Godoy, M.G., Aedo, A., Kibenge, M.J.T., Groman, D.B., Yason, C.V., Grothusen, H., Lisperguer, A., Calbucura, M., Avendaño, F., Imilán, M., Jarpa, M., and Kibenge, F.S.B. 2008. First detection, isolation and molecular characterization of infectious salmon anaemia virus associated with clinical disease in farmed Atlantic salmon (Salmo salar) in Chile. BMC Vet Res 4: 28. doi:10.1186/1746-6148-4-28."
"Gómez S. 1990. Some thermal ecophysiological observations on the catfish Hatcheria macraei (Girard 1855) (Siluriformes, Trichomycteridae). Biota 6: 89-95. Osorno, Chile.","Gómez, S. 1990. Some thermal ecophysiological observations on the catfish Hatcheria macraei (Girard, 1855) (Pisces, Trichomycteridae). Biota 6: 89–95."
"Gomez-Uchida, D, Cañas-Rojas, D, Riva-Rossi, CM, et al. Genetic signals of artificial and natural dispersal linked to colonization of South America by non-native Chinook salmon (Oncorhynchus tshawytscha). Ecol Evol. 2018; 8: 6192– 6209. https://doi.org/10.1002/ece3.4036","Gomez‐Uchida, D., Cañas‐Rojas, D., Riva‐Rossi, C.M., Ciancio, J.E., Pascual, M.A., Ernst, B., Aedo, E., Musleh, S.S., Valenzuela‐Aguayo, F., Quinn, T.P., Seeb, J.E., and Seeb, L.W. 2018. Genetic signals of artificial and natural dispersal linked to colonization of South America by non-native Chinook salmon (Oncorhynchus tshawytscha). Ecology and Evolution 8(12): 6192–6209. doi:10.1002/ece3.4036."
"Gómez, SE. 1990. Some thermal ecophysiological observations on the catfish Hatcheria macraei (Girard, 1858) (Pisces, Trichomycteridae). Biota, Chile 6: 89-95","Gómez, S. 1990. Some thermal ecophysiological observations on the catfish Hatcheria macraei (Girard, 1855) (Pisces, Trichomycteridae). Biota 6: 89–95."
"Gonzáles, J. 2005. Evaluación de interferencias tróficas entre truchas y peces nativos en ríos del sur de Chile, a través de analísis de contenidos estomacales. Tesis de pregrado Biología Marina, Facultad de Ciencias, Universidad Austral de Chile.","Gonzáles, J. 2005. Evaluación de interferencias tróficas entre truchas y peces nativos en ríos del sur de Chile, a través de analísis de contenidos estomacales. Tesis de pregrado Biología Marina, Facultad de Ciencias, Universidad Austral de Chile."
"González J. 2005. EVALUACIÓN DE INTERFERENCIAS TRÓFICAS ENTRE TRUCHAS Y PECES NATIVOS EN RÍOS DEL SUR DE CHILE, A TRAVÉS DEL ANÁLISIS DE CONTENIDOS ESTOMACALES. Tesis de pregrado Biología Marina, Facultad de Ciencias. Universidad Austral de Chile. 75 p.","Gonzáles, J. 2005. Evaluación de interferencias tróficas entre truchas y peces nativos en ríos del sur de Chile, a través de analísis de contenidos estomacales. Tesis de pregrado Biología Marina, Facultad de Ciencias, Universidad Austral de Chile."
"González J. 2012. Distribución, estructura comunitaria y poblacional de Galáxidos en Patagonia: aspectos determinantes históricos y actuales amenazas para su conservación. Centro de Ciencias Ambientales EULA-Chile. Universidad de Concepción. Chile. 128 p.","González, J. 2012. Distribución, estructura comunitaria y poblacional de Galaxias en Patagonia: aspectos determinantes históricos y actuales amenazas para su conservación. Centro de Ciencias Ambientales EULA-Chile. Universidad de Concepción."
"González-Wevar CA, Salinas P, Hüne M, Segovia NI, Vargas-Chacoff L, Astorga M, et al. (2015) Phylogeography in Galaxias maculatus (Jenyns, 1848) along Two Biogeographical Provinces in the Chilean Coast. PLoS ONE 10(7): e0131289. https://doi.org/10.1371/journal.pone.0131289","González-Wevar, C.A., Salinas, P., Hüne, M., Segovia, N.I., Vargas-Chacoff, L., Astorga, M., Cañete, J.I., and Poulin, E. 2015. Phylogeography in Galaxias maculatus (Jenyns, 1848) along two biogeographical provinces in the chilean coast. PLOS ONE 10(7): e0131289. doi:10.1371/journal.pone.0131289."
"González-Wevar CA, Salinas P, Hüne M, Segovia NI, Vargas-Chacoff L, Astorga M, et al. (2015) Phylogeography in Galaxias maculatus (Jenyns, 1848) along Two Biogeographical Provinces in the Chilean Coast. PLoS ONE 10(7): e0131289. https://doi.org/10.1371/journal.pone.0131289 | González-Wevar C, Salinas P, Hüne M, Segovia N, Vargas-Chacoff L, Oda E, Poulin E. Contrasting Genetic Structure and Diversity of Galaxias maculatus (Jenyns, 1848) Along the Chilean Coast: Stock Identification for Fishery Management. J Hered. 2015;106 Suppl 1:439-47. doi: 10.1093/jhered/esv005. PMID: 26245779.","González-Wevar, C.A., Salinas, P., Hüne, M., Segovia, N.I., Vargas-Chacoff, L., Astorga, M., Cañete, J.I., and Poulin, E. 2015. Phylogeography in Galaxias maculatus (Jenyns, 1848) along two biogeographical provinces in the chilean coast. PLOS ONE 10(7): e0131289. doi:10.1371/journal.pone.0131289."
"Gonzalo Gajardo (1997) Caracterización genética, hematologica y química sanguinea de salmonideos silvestres y de cultivo.. FIP IT 95-35 61.","Gajardo, G. 1997. Caracterización genética, hematologica y química sanguinea de salmonideos silvestres y de cultivo. Fondo de Investigación Pesquera - Universidad de los Lagos."
"Górski K, Habit EM and Manosalva AJ (2015). Latitudinal variation of migratory life histories of riverine Galaxias maculatus in Chile (36°- 47°S). Front. Mar. Sci. Conference Abstract: XV European Congress of Ichthyology. doi: 10.3389/conf.fmars.2015.03.00031","Górski, K., Habit, E., and Manosalva, A. 2015. Latitudinal variation of migratory life histories of riverine Galaxias maculatus in Chile (36°- 47°S). Frontiers in Marine Science 2(Conference Abstract: XV European Congress of Ichthyology). doi:doi:%2010.3389/conf.fmars.2015.03.00031."
"Górski, K., González, J.F., Vivancos, A. et al. Young-of-the-year Coho Salmon Oncorhynchus kisutch recruit in fresh waters of remote Patagonian fjords in southern Chile (51°S). Biol Invasions 19, 1127–1136 (2017). https://doi.org/10.1007/s10530-016-1341-9","Górski, K., González, J.F., Vivancos, A., Habit, E.M., and Ruzzante, D.E. 2017. Young-of-the-year Coho Salmon Oncorhynchus kisutch recruit in fresh waters of remote Patagonian fjords in southern Chile (51°S). Biol Invasions 19(4): 1127–1136. doi:10.1007/s10530-016-1341-9."
"Grosman, F y G Rudzik. 1990. Análisis de la dieta del pejerrey patagónico Patagonina hatcheri Eigenmann 1909, Atherinidae, en la laguna Terraplén, Chubut, Argentina. Biota, Chile 6: 71-88","Grosman, F. and Rudzik, G. 1990. Análisis de la dieta del pejerrey patagónico Patagonina hatcheri Eigenmann 1909, Atherinidae, en la laguna Terraplén, Chubut, Argentina. Biota, Chile 6: 71-88"
"Grosman, F. (1992) Algunos aspectos de la biología del salmón del pacífico (Oncorhynchus tshawytscha) presente en la Provincia del Chubut. (Informe técnico). Ed. Hemisferio Sur, JICA - CEAN, 8:1-12.","Grosman, F., del Valle, A., Núñez, P., Nagasawa, A., and -1, M.S.C.N.-. 1992. Algunos aspectos de la biología del salmón del pacífico (Oncorhynchus tshawytscha) presente en la Provincia del Chubut (Informe técnico No. 8). CEAN-JICA, Buenos Aires."
"Grosman, F. 1991. Presencia de salmón rey, Onkorhynchus tschawytscha Walbaum en las cuencas de los ríos Grande y Corcovado, pcia de Chubut. Propuestas de pautas de manejo del recurso. Biol. Acuát. 15 (2): 200-201","Grosman, F. 1991. Presencia de salmón rey, Onkorhynchus tschawytscha Walbaum en las cuencas de los ríos Grande y Corcovado, pcia de Chubut. Propuestas de pautas de manejo del recurso. Biol. Acuát. 15 (2): 200-201"
"Grosman, Manuel Fabián. ""Interacciones Tróficas entre Trucha Arco Iris (Oncorhynchus Mykiss), Pejerrey Patagónico (Patagonina Hatcheri) y Perca (Percichthys Trucha) en un Ambiente Patagónico."" Natura Neotropicalis 1, no. 24/25 (April 16, 2005): 15–25. http://dx.doi.org/10.14409/natura.v1i24/25.3637.","Grosman, F.M. 1994. Interacciones tróficas entre trucha arco iris (Oncorhynchus mykiss), pejerrey patagonico (Patagonina hatcheri) y percas (Percichthys trucha) en un ambiente patagonico. Revista de la Asociacion de Ciencias Naturales del Litoral: (1993/1994)-24/25: 15-25."
"Günther, A. (1881). Account of the Zoological Collections made during the Survey of H.M.S. ‘Alert’ in the Straits of Magellan and on the Coast of Patagonia. Proceedings of the Zoological Society of London, 49(1), 2–141. https://doi.org/10.1111/j.1096-3642.1881.tb01270.x","Günther, A. 1881. Account of the Zoological Collections made during the Survey of H.M.S. ‘Alert’ in the Straits of Magellan and on the Coast of Patagonia. Proceedings of the Zoological Society of London 49(1): 2–141. doi:10.1111/j.1096-3642.1881.tb01270.x."
"Günther, A.C.L.G. 1880. An introduction to the study of fishes. Adam & Charles Black, Edinburgh.","Günther, A.C.L.G. 1880. An introduction to the study of fishes. Adam & Charles Black, Edinburgh."
"Habit, E., Gonzalez, J., Ruzzante, D.E. and Walde, S.J. (2012), Native and introduced fish species richness in Chilean Patagonian lakes: inferences on invasion mechanisms using salmonid-free lakes. Diversity Distrib., 18: 1153-1165. https://doi.org/10.1111/j.1472-4642.2012.00906.x","Habit, E., Gonzalez, J., Ruzzante, D.E., and Walde, S.J. 2012. Native and introduced fish species richness in Chilean Patagonian lakes: inferences on invasion mechanisms using salmonid-free lakes. Diversity Distrib. 18(12): 1153–1165. doi:10.1111/j.1472-4642.2012.00906.x."
https://doi.org/10.1051/kmae/2012009,"Holcroft, N.I., and Wiley, E.O. 2015. Variation in the Posttemporal-Supracleithrum Articulation in Euteleosts. cope 103(4): 751–770. The American Society of Ichthyologists and Herpetologists. doi:10.1643/CG-14-099."
"Hughes, LC, Cardoso, YP, Sommer, JA, et al. Biogeography, habitat transitions and hybridization in a radiation of South American silverside fishes revealed by mitochondrial and genomic RAD data. Mol Ecol. 2020; 29: 738– 751. https://doi.org/10.1111/mec.15350","Hughes, L.C., Cardoso, Y.P., Sommer, J.A., Cifuentes, R., Cuello, M., Somoza, G.M., González-Castro, M., Malabarba, L.R., Cussac, V., Habit, E.M., Betancur-R, R., and Ortí, G. 2020. Biogeography, habitat transitions and hybridization in a radiation of South American silverside fishes revealed by mitochondrial and genomic RAD data. Mol Ecol 29(4): 738–751. doi:10.1111/mec.15350."
"Hüne M., Davis E., Murcia S., Gutiérrez D., & Haro D. (2018). Trophic relationships of a subtidal fish assemblage in the Francisco Coloane Coastal Marine Protected Area, southern Chilean Patagonia. Polar Research, 37. Retrieved from https://polarresearch.net/index.php/polar/article/view/2632","Hüne, M., Davis, E., Murcia, S., Gutiérrez, D., and Haro, D. 2018. Trophic relationships of a subtidal fish assemblage in the Francisco Coloane Coastal Marine Protected Area, southern Chilean Patagonia. Polar Research 37. Available from https://polarresearch.net/index.php/polar/article/view/2632 [accessed 2 October 2025]."
"Hüne, Mathias, & Ojeda, Jaime. (2012). Estructura del ensamble de peces costeros de los canales y fiordos de la zona central de la Patagonia chilena (48º-52ºS). Revista de biología marina y oceanografía, 47(3), 451-460. https://dx.doi.org/10.4067/S0718-19572012000300008","Hüne, M., and Ojeda, J. 2012. Estructura del ensamble de peces costeros de los canales y fiordos de la zona central de la Patagonia chilena (48º-52ºS). Revista de biología marina y oceanografía 47(3): 451–460."
"Ibarra, Jimena, Habit, Evelyn, Barra, Ricardi, & Solís, Katherin. (2011). Chinook salmon juveniles (Oncorhynchus tshawytscha Walbaum, 1792) in rivers and lakes of the Chilean patagonia. Gayana (Concepción), 75(1), 17-25. https://dx.doi.org/10.4067/S0717-65382011000100002","Ibarra, J., Habit, E., Barra, R., and Solís, K. 2011. Juveniles de salmón chinook (Oncorhynchus tshawytscha Walbaum, 1792) en ríos y lagos de la patagonia chilena. Gayana (Concepción) 75(1): 17–25. Universidad de Concepción. Facultad de Ciencias Naturales y Oceanográficas. doi:10.4067/S0717-65382011000100002."
"Icnova Ing (2018) Informe de resutados de pesca de investigación asociado al permiso SUBPESCA, R. EX N°838/2018. Proyecto: Caracterización limnológica asociado al proyecto de riego Magallanes, embalse río Porvenir, XII region de Magallanes y la Antártica Chilena. Mandante: Comisión Nacional de Riego.","Icnova Ing (2018) Informe de resutados de pesca de investigación asociado al permiso SUBPESCA, R. EX N°838/2018. Proyecto: Caracterización limnológica asociado al proyecto de riego Magallanes, embalse río Porvenir, XII region de Magallanes y la Antártica Chilena. Mandante: Comisión Nacional de Riego."
"Icnova Ing Consultores (2018) Informe de resutados de pesca de investigación asociado al permiso SUBPESCA, R. EX N°388/2018. Proyecto: Diagnostico hidrobiológico de laguna Escondida y laguna Barrosa - declaración de impacto ambiental almacenamiento de agua de interior Mina Javiera en laguna Salitrosa, comuna de Chile Chico, XII Región de Aysén. Mandante: Compañía Minera Cerro Bayo Ltda.","Icnova Ing Consultores (2018) Informe de resutados de pesca de investigación asociado al permiso SUBPESCA, R. EX N°388/2018. Proyecto: Diagnostico hidrobiológico de laguna Escondida y laguna Barrosa - declaración de impacto ambiental almacenamiento de agua de interior Mina Javiera en laguna Salitrosa, comuna de Chile Chico, XII Región de Aysén. Mandante: Compañía Minera Cerro Bayo Ltda."
IFOP (2017) Evaluacion Y Seguimiento De La Situacion Sanitaria De Especies Silvestres En Agua Dulce Y Mar,"IFOP (2017) Evaluacion Y Seguimiento De La Situacion Sanitaria De Especies Silvestres En Agua Dulce Y Mar. NA, ND"
"INGENAT (2016) Plan De Seguimiento De Varialbes Ambientales, Monitoreo Fauna Ictica Piscicultura Rio Rollizo","INGENAT (2016) Plan De Seguimiento De Varialbes Ambientales, Monitoreo Fauna Ictica Piscicultura Rio Rollizo. NA, ND"
INGENDESA Minicentral Hidroelectrica Piruquina.,INGENDESA Minicentral Hidroelectrica Piruquina.
"JAIME ILLANES Caracterizacion Biologica Rio Canadon ""Proyecto Portuario Isla Riesco"".","Jaime Illanes. Caracterizacion Biologica Rio Canadon ""Proyecto Portuario Isla Riesco""."
"JAIME ILLANES Linea Base, Limnologia Rio Manso.","Jaime Illanes. Linea Base, Limnologia Rio Manso."
"Jaime Illanes y Asociados Consultores S.A.  (2021) Informe de resutados de pesca de investigación asociado al permiso SUBPESCA, R. EX N°E-2021-074. Proyecto: Caracterización ecosistemas acuáticos continentales asociados al proyecto modificación Piscicultura los Tilcos, Río Chico Región de Los Lagos. Mandante: Piscicultura los Tilcos.","Jaime Illanes y Asociados Consultores S.A. (2021) Informe de resutados de pesca de investigación asociado al permiso SUBPESCA, R. EX N°E-2021-074. Proyecto: Caracterización ecosistemas acuáticos continentales asociados al proyecto modificación Piscicultura los Tilcos, Río Chico Región de Los Lagos. Mandante: Piscicultura los Tilcos."
"Jenyns, L. (1842). The Zoology of the Voyage of H.M.S. Beagle, Under the Command of Captain Fitzroy, R.N., During the Years 1832 to 1836. Part IV, Fish. Smith, Elder & Co.","Jenyns, L. 1842. The Zoology of the Voyage of H.M.S. Beagle, Under the Command of Captain Fitzroy, R.N., During the Years 1832 to 1836. Part IV, Fish. Smith, Elder & Co., London."
"Juan Cárcamo Barría (2017) Informe de resutados de pesca de investigación asociado al permiso SUBPESCA, R. EX N°411-2017. Proyecto: Caracterización de fauna íctica asociada al proyecto, piscicultura San Joaquín, sector El Varal, comuna de Hualaihué, X región de Los Lagos. Mandante: Cultivos Marinos Lago Yelcho S.P.A.","Cárcamo Barría, J. 2017. Informe de resutados de pesca de investigación asociado al permiso SUBPESCA, R. EX N°411-2017. Proyecto: Caracterización de fauna íctica asociada al proyecto, piscicultura San Joaquín, sector El Varal, comuna de Hualaihué, X región de Los Lagos. Mandante: Cultivos Marinos Lago Yelcho S.P.A."
"Las Orcas Spa. (Photosintesis) (2021) Informe de resutados de pesca de investigación asociado al permiso SUBPESCA, R. EX N°E-2021-117. Proyecto: Caracterización limnológica y uso de hábitats ribereños en los lagos Meullín, Yulton y Río cuervos, región del General Carlos Ibáñez del Campo. Mandante: Fundación Kreen.","Las Orcas Spa. (Photosintesis) (2021) Informe de resutados de pesca de investigación asociado al permiso SUBPESCA, R. EX N°E-2021-117. Proyecto: Caracterización limnológica y uso de hábitats ribereños en los lagos Meullín, Yulton y Río cuervos, región del General Carlos Ibáñez del Campo. Mandante: Fundación Kreen."
"Lattuca M. 2006. ECOLOGÍA E HISTORIA DE VIDA DE Aplochiton zebra (OSMERIFORMES, GALAXIIDAE) EN AGUAS PATAGÓNICAS. Centro Regional Universitario Bariloche. Universidad Nacional del Comahue. Argentina. 182 p.","Lattuca, M.E. 2006. Ecología e historia de vida de aplochiton zebra (osmeriformes, galaxiidae) en aguas patagónicas. Universidad Nacional del Comahue. Centro Regional Universitario Bariloche. Available from https://rdi.uncoma.edu.ar/handle/uncomaid/16124 [accessed 2 October 2025]."
"Lattuca, M. E., Boy, C. C., Vanella, F. A., Barrantes, M. E., & Fernández, D. A. (2018). Thermal responses of three native fishes from estuarine areas of the Beagle Channel, and their implications for climate change. Hydrobiologia, 808(1), 235-249.","Lattuca, M.E., Boy, C.C., Vanella, F.A., Barrantes, M.E., and Fernández, D.A. 2018. Thermal responses of three native fishes from estuarine areas of the Beagle Channel, and their implications for climate change. Hydrobiologia 808(1): 235–249. doi:10.1007/s10750-017-3424-8."
"Lattuca, M.E., Battini, M.A. and Macchi, P.J. (2008), Trophic interactions among native and introduced fishes in a northern Patagonian oligotrophic lake. Journal of Fish Biology, 72: 1306-1320. https://doi.org/10.1111/j.1095-8649.2008.01796.x","Lattuca, M.E., Battini, M.A., and Macchi, P.J. 2008. Trophic interactions among native and introduced fishes in a northern Patagonian oligotrophic lake. Journal of Fish Biology 72(6): 1306–1320. doi:10.1111/j.1095-8649.2008.01796.x."
"Laura Catalan (2014) Construccion Ruta 7, Tramo Pillan - Rio Reñihue - Empalme Ruta 7 (Caleta Gonzalo)","Catalan, L. 2014. Construccion Ruta 7, Tramo Pillan - Rio Reñihue - Empalme Ruta 7 (Caleta Gonzalo). NA, ND"
"Leaniz, C.G.D., Gajardo, G., Consuegra, S., Young, K.A., Sanzana, J., Vanhaecke, D., Orellana, G., Cerda, A.M., Stephenson, J.F., Terreau, A., Thailly, A.F., Perry, B., Howes, P.N., MacDonald, J., Leaniz, C.G.D., Gajardo, G., Consuegra, S., Young, K.A., Sanzana, J., Vanhaecke, D., Orellana, G., Cerda, A.M., Stephenson, J.F., Terreau, A., Thailly, A.F., Perry, B., Howes, P.N., and MacDonald, J. 2020. The Darwin Freshwater Fish Database of Exotic and Native Species in Chile [database]. figshare. https://doi.org/10.6084/m9.figshare.13077350","Leaniz, C.G.D., Gajardo, G., Consuegra, S., Young, K.A., Sanzana, J., Vanhaecke, D., Orellana, G., Cerda, A.M., Stephenson, J.F., Terreau, A., Thailly, A.F., Perry, B., Howes, P.N., MacDonald, J., Leaniz, C.G.D., Gajardo, G., Consuegra, S., Young, K.A., Sanzana, J., Vanhaecke, D., Orellana, G., Cerda, A.M., Stephenson, J.F., Terreau, A., Thailly, A.F., Perry, B., Howes, P.N., and MacDonald, J. 2020. The Darwin Freshwater Fish Database of Exotic and Native Species in Chile [database]. figshare. https://doi.org/10.6084/m9.figshare.13077350"
Líneas bases XI CEA Ltda. Agosto 2015,Líneas bases XI CEA Ltda. Agosto 2015
"Maldonado-Márquez A, Contador T, Rendoll-Cárcamo J, Moore S, Pérez-Troncoso C, Gomez-Uchida D, Harrod C. Southernmost distribution limit for endangered Peladillas (Aplochiton taeniatus) and non-native coho salmon (Oncorhynchus kisutch) coexisting within the Cape Horn biosphere reserve, Chile. J Fish Biol. 2020 Jun;96(6):1495-1500. doi: 10.1111/jfb.14309. Epub 2020 Mar 30. PMID: 32187706.","Maldonado‐Márquez, A., Contador, T., Rendoll‐Cárcamo, J., Moore, S., Pérez‐Troncoso, C., Gomez‐Uchida, D., and Harrod, C. 2020. Southernmost distribution limit for endangered Peladillas (Aplochiton taeniatus) and non-native coho salmon (Oncorhynchus kisutch) coexisting within the Cape Horn biosphere reserve, Chile. Journal of Fish Biology 96(6): 1495–1500. doi:https://doi.org/10.1111/jfb.14309."
"Mardones, A., González, M., Rivas-Mancilla, C., Vega, R., Augsburger, A., Encina, F., & De Los Ríos, P.R. (2019). Determination of acute toxicity of ammonium in juvenile Patagonian blenny (Eleginops maclovinus). Brazilian journal of biology = Revista brasleira de biologia, 79 4, 646-650 . DOI: 10.1590/1519-6984.186991","Mardones, A., González, M., Rivas-Mancilla, C., Vega, R., Augsburger, A., Encina, F., and De Los Ríos, P. 2019. Determination of acute toxicity of ammonium in juvenile Patagonian blenny (Eleginops maclovinus). Braz J Biol 79(4): 646–650. doi:10.1590/1519-6984.186991."
"Marín-Nahuelpi R, Yáñez JM, Musleh SS, Cañas-Rojas D and others (2022) Genetic structure and origin of non-native, free-living Atlantic salmon Salmo salar along a latitudinal gradient in Chile, South America. Aquacult Environ Interact 14:329-342. https://doi.org/10.3354/aei00444","Marín-Nahuelpi, R., Yáñez, J., Musleh, S., Cañas-Rojas, D., Quintanilla, J., Contreras-Lynch, S., Gajardo, G., Sepúlveda, M., Harrod, C., and Gomez-Uchida, D. 2022. Genetic structure and origin of non-native, free-living Atlantic salmon Salmo salar along a latitudinal gradient in Chile, South America. Aquacult. Environ. Interact. 14: 329–342. doi:10.3354/aei00444."
"Maring Eirl (2012) Informe de resutados de pesca de investigación asociado al permiso SUBPESCA, R.EX N°262/2012. Proyecto: Evaluación limnológica-íctica, estero El Arco, Coyhaique, Región de Aysén. Mandante: Garo S.A.","Maring Eirl (2012) Informe de resutados de pesca de investigación asociado al permiso SUBPESCA, R.EX N°262/2012. Proyecto: Evaluación limnológica-íctica, estero El Arco, Coyhaique, Región de Aysén. Mandante: Garo S.A."
"Martinez Ambiental Ltda (2019) Informe de resutados de pesca de investigación asociado al permiso SUBPESCA, R.EX N°1628/2019. Proyecto: Plan de vigilancia ambiental, asociado al proyecto Mina Invierno, comuna de Río Verde, región de Magallanes y Antártica Chilena. Mandante: Minera Invierno Sa.","Martinez Ambiental Ltda (2019) Informe de resutados de pesca de investigación asociado al permiso SUBPESCA, R.EX N°1628/2019. Proyecto: Plan de vigilancia ambiental, asociado al proyecto Mina Invierno, comuna de Río Verde, región de Magallanes y Antártica Chilena. Mandante: Minera Invierno Sa."
"McDowall, R., & Nakaya, K. (1987). Identity of the galaxioid fishes of the genus Aplochiton jenyns from southern Chile. Japanese Journal of Ichthyology, 34, 377-383. McDowall, R., & Nakaya, K. (1987). Identity of the galaxioid fishes of the genus Aplochiton jenyns from southern Chile. Japanese Journal of Ichthyology, 34, 377-383. McDowall, R., & Nakaya, K. (1987). Identity of the galaxioid fishes of the genus Aplochiton jenyns from southern Chile. Japanese Journal of Ichthyology, 34, 377-383. DOI:10.11369/JJI1950.34.377","McDowall, R.M., and Nakaya, K. 1987. Identity of the galaxioid fishes of the genus Aplochiton Jenys from southern Chile. Japan Journal of Ichthyology 34: 377–383."
"McDowall, R.M. 1971. Fishes of the family Aplochitonidae. Journal of The Royal Society of New Zealand: 1(1):31-52.","McDowall, R.M. 1971. Fishes of the family Aplochitonidae. Journal of The Royal Society of New Zealand: 1(1):31-52."
"McDowall, R.M. 1971. The Galaxiid fishes of South America. Zoological Journal of the Limnological Society 50: 33–73.","McDowall, R.M. 1971. The Galaxiid fishes of South America. Zoological Journal of the Limnological Society 50: 33–73."
"McDowall, R.M., and Nakaya, K. 1988. Morphological divergence in the two species of Aplochiton Jenyns (Salmoniformes: Aplochitonidae): a generalist and a specialist. Copeia 1(1): 233–236.","McDowall, R.M., and Nakaya, K. 1988. Morphological divergence in the two species of Aplochiton Jenyns (Salmoniformes: Aplochitonidae): a generalist and a specialist. Copeia 1(1): 233–236."
MEDIO AMBIENTE MARING Proyecto Hidroelectrico Ensenada-Rio Blanco Parte Nª 2.,MEDIO AMBIENTE MARING Proyecto Hidroelectrico Ensenada-Rio Blanco Parte Nª 2.
"Milano D. 2003. Biología de Galaxias platei (Pisces, Galaxiidae): especializaciones relativas a su distribución. Centro Regional Universitario Bariloche. Universidad Nacional del Comahue. Argentina. 135 p.","Milano, D. 2003. Biología de Galaxias platei (Pisces, Galaxiidae): especializaciones relativas a su distribución. Universidad Nacional del Comahue, Bariloche, Argentina."
"Milano, D y PH Vigliano. 1997. Nuevos registros de Galaxias platei Steindachner, 1898 en lagos andino-patagónicos (Teleostei, Osmeriformes, Galaxiidae). Neotrópica 43 (109-110): 109-111","Milano, D., and Vigliano, P.H. 1997. Nuevos registros de Galaxias platei Steindachner, 1898 en lagos andino-patagonicos (Teleostoi: Osmeriformes: Galaxiidae). Neotropica 43: 109–111."
"Milano, D, VE Cussac, PJ Macchi, DE Ruzzante, MF Alonso, PH Vigliano y MA Denegri. 2002. Predator associated morphology in Galaxias platei in Patagonian lakes. J. Fish Biol., UK, 61 (1): 138-156.","Milano, D., Cussac, V.E., Macchi, P.J., Ruzzante, D.E., Alonso, M.F., Vigliano, P.H., and Denegri, M.A. 2002. Predator associated morphology in Galaxias platei in Patagonian lakes. Journal of Fish Biology 61: 138–156. doi:10.1006/jfbi.2002.2027."
"Milano, D., & Vigliano, P. H. (1997). Nuevos registros de Galaxias platei Steindachner, 1898 en lagos andino-patagónicos (Teleostei: Osmeriformes: Galaxiidae). Neotropica, 43, 101-111. ISSN: 0548-1686","Milano, D., and Vigliano, P.H. 1997. Nuevos registros de Galaxias platei Steindachner, 1898 en lagos andino-patagonicos (Teleostoi: Osmeriformes: Galaxiidae). Neotropica 43: 109–111."
"Milano, D., Ruzzante, D. E., Cussac, V. E., Macchi, P. J., Ferriz, R. A., Barriga, J. P., Aigo, J. C., Lattuca, M. E., & Walde, S. J. (2006). Latitudinal and ecological correlates of morphological variation in Galaxias platei (Pisces, Galaxiidae) in Patagonia. Biological Journal of the Linnean Society, 87, 69–82.","Milano, D., Ruzzante, D.E., Cussac, V.E., Macchi, P.J., Ferriz, R.A., Barriga, J.P., Aigo, J.C., Lattuca, M.E., and Walde, S.J. 2006. Latitudinal and ecological correlates of morphological variation in Galaxias platei (Pisces, Galaxiidae) in Patagonia. Biological Journal of the Linnean Society 87: 69–82."
"Milano, D., Ruzzante, D.E., Cussac, V.E., Macchi, P.J., Ferriz, R.A., Barriga, J.P., Aigo, J.D., Lattuca, M.E., & Walde, S.J. (2006). Latitudinal and ecological correlates of morphological variation in Galaxias platei (Pisces, Galaxiidae) in Patagonia. Biological Journal of The Linnean Society, 87, 69-82. DOI:10.1111/J.1095-8312.2006.00556.X","Milano, D., Ruzzante, D.E., Cussac, V.E., Macchi, P.J., Ferriz, R.A., Barriga, J.P., Aigo, J.C., Lattuca, M.E., and Walde, S.J. 2006. Latitudinal and ecological correlates of morphological variation in Galaxias platei (Pisces, Galaxiidae) in Patagonia. Biological Journal of the Linnean Society 87: 69–82."
"Ministerior de Medio Ambiente (MMA). 2019. Ficha de Clasificación de especies según su estado de conservación: Mordacia lapicida, P03R4 RCE CORREGIDO. https://clasificacionespecies.mma.gob.cl/wp-content/uploads/2019/10/Mordacia_lapicida_P03R4_RCE_CORREGIDO.pdf","Ministerior de Medio Ambiente (MMA). 2019. Ficha de Clasificación de especies según su estado de conservación: Mordacia lapicida, P03R4 RCE CORREGIDO. https://clasificacionespecies.mma.gob.cl/wp-content/uploads/2019/10/Mordacia_lapicida_P03R4_RCE_CORREGIDO.pdf"
"Misuo Sakai and Ambrosio C. Espinós (1992) On the trout resouces in lake Buenos Aires, southern Argentina. Informe técnico N°4, Agencia de Cooperación Internacional del Japón (JICA). Editorial Hemisferio Sur S.A., Buenos Aires, Argentina. 26pp.","Sakai, M., and Espinós, A.C. 1992. On the trout resouces in lake Buenos Aires, southern Argentina Informe técnico N°4, Agencia de Cooperación Internacional del Japón (JICA). Editorial Hemisferio Sur S.A."
"Montory, M., Habit, E., Fernandez, P., Grimalt, J. O., Kolok, A. S., Barra, R. O., & Ferrer, J. (2020). Biotransport of persistent organic pollutants in the southern Hemisphere by invasive Chinook salmon (Oncorhynchus tshawytscha) in the rivers of northern Chilean Patagonia, a UNESCO biosphere reserve. Environment International, 142, 105803. https://doi.org/10.1016/j.envint.2020.105803","Montory, M., Habit, E., Fernandez, P., Grimalt, J.O., Kolok, A.S., Barra, R.O., and Ferrer, J. 2020. Biotransport of persistent organic pollutants in the southern Hemisphere by invasive Chinook salmon (Oncorhynchus tshawytscha) in the rivers of northern Chilean Patagonia, a UNESCO biosphere reserve. Environment International 142: 105803. doi:10.1016/j.envint.2020.105803."
"Monzón-Argüello, C., Consuegra, S., Gajardo, G., Marco-Rius, F., Fowler, D.M., DeFaveri, J. and Garcia de Leaniz, C. (2014), Contrasting patterns of genetic and phenotypic differentiation in two invasive salmonids in the southern hemisphere. Evol Appl, 7: 921-936. https://doi.org/10.1111/eva.12188 | Monzón-Argüello, C., Garcia de Leaniz, C., Gajardo, G. et al. Eco-immunology of fish invasions: the role of MHC variation. Immunogenetics 66, 393–402 (2014). https://doi.org/10.1007/s00251-014-0771-8","Monzón-Argüello, C., Consuegra, S., Gajardo, G., Marco-Rius, F., Fowler, D.M., DeFaveri, J., and Garcia de Leaniz, C. 2014. Contrasting patterns of genetic and phenotypic differentiation in two invasive salmonids in the southern hemisphere. Evol Appl 7(8): 921–936. doi:10.1111/eva.12188."
"Moorman, M.C. 2007. The Conservation Implications of Introduced Trout and Beaver onNative Fish in the Cape Horn Biosphere Reserve, ChileT. North Carolina State University.","Moorman, M.C. 2007. The Conservation Implications of Introduced Trout and Beaver onNative Fish in the Cape Horn Biosphere Reserve, ChileT. North Carolina State University."
"Moorman, MC (2007) The conservation implications of introduced trout and beaver on native fish in the Cape Horn Biosphere Reserve, Chile. Masters thesis, North Carolina University 57 pp.","Moorman, M.C. 2007. The Conservation Implications of Introduced Trout and Beaver onNative Fish in the Cape Horn Biosphere Reserve, ChileT. North Carolina State University."
"Nardi, C.F., Fernández, D.A., Vanella, F.A. et al. The expansion of exotic Chinook salmon (Oncorhynchus tshawytscha) in the extreme south of Patagonia: an environmental DNA approach. Biol Invasions 21, 1415–1425 (2019). https://doi.org/10.1007/s10530-018-1908-8","Nardi, C.F., Fernández, D.A., Vanella, F.A., and Chalde, T. 2019. The expansion of exotic Chinook salmon (Oncorhynchus tshawytscha) in the extreme south of Patagonia: an environmental DNA approach. Biol Invasions 21(4): 1415–1425. doi:10.1007/s10530-018-1908-8."
"Narum Shawn R., Gallardo Pablo, Correa Cristian, Matala Amanda, Hasselman Daniel, Sutherland Ben J. G., and Bernatchez Louis. 2017. Genomic patterns of diversity and divergence of two introduced salmonid species in Patagonia, South America. Evolutionary Applications 10(4): 402–416. doi: 10.1111/eva.12464.","Narum Shawn R., Gallardo Pablo, Correa Cristian, Matala Amanda, Hasselman Daniel, Sutherland Ben J. G., and Bernatchez Louis. 2017. Genomic patterns of diversity and divergence of two introduced salmonid species in Patagonia, South America. Evolutionary Applications 10(4): 402–416. doi:10.1111/eva.12464."
"National Museum of Natural History, Smithsonian Institution. NMNH Fishes. Record ID: http://n2t.net/ark:/65665/326a8244b-596f-40d5-bfbb-adbaf8559277. Source: http://collections.nmnh.si.edu/ipt/resource?r=nmnh_extant_dwc-a (source published on 2016-07-21)","National Museum of Natural History, Smithsonian Institution. NMNH Fishes. Record ID: http://n2t.net/ark:/65665/326a8244b-596f-40d5-bfbb-adbaf8559277. Source: http://collections.nmnh.si.edu/ipt/resource?r=nmnh_extant_dwc-a (source published on 2016-07-21)"
NCSM [catalogNumber] - North Carolina Museum of Natural Sciences Ichthyology Collection,NCSM [catalogNumber] - North Carolina Museum of Natural Sciences Ichthyology Collection
ND Ampliacion Central Hidroelectrica El Toqui Ch El Toqui.,ND Ampliacion Central Hidroelectrica El Toqui Ch El Toqui.
"ND Central Hidroelectrica De Pasada Rio Blanco, Hornopiren.","ND Central Hidroelectrica De Pasada Rio Blanco, Hornopiren."
ND Minicentral Hidroelectrica Piruquina.,ND Minicentral Hidroelectrica Piruquina.
ND Pa Desarrollo Hidroelectrico Rio Puelo.,ND Pa Desarrollo Hidroelectrico Rio Puelo.
ND Proyecto Sistema De Transmision Energia Austral.,ND Proyecto Sistema De Transmision Energia Austral.
"Norman, J.R. 1937. Coast Fishes. Part II. The Patagonian Region. Discovery Reports Vol. XVI, pp. 1-150.","Norman, J.R. 1937. Coast fishes Part II. The Patagonia region. Discov Rep 16: 1–150."
North Carolina Museum of Natural Sciences. NCSM Fishes Collection. Record ID: B9779608-F120-48AF-BC02-6FDA19053356. Source: http://ipt.vertnet.org:8080/ipt/resource.do?r=ncsm_fishes (source published on 2017-10-27),North Carolina Museum of Natural Sciences. NCSM Fishes Collection. Record ID: B9779608-F120-48AF-BC02-6FDA19053356. Source: http://ipt.vertnet.org:8080/ipt/resource.do?r=ncsm_fishes (source published on 2017-10-27)
"Ortiz-Sandoval, J., Górski, K., Sobenes, C., González, J., Manosalva, A., Elgueta, A., & Habit, E. (2017). Invasive trout affect trophic ecology of Galaxias platei in Patagonian lakes. Hydrobiologia, 790(1), 201–212. https://doi.org/10.1007/s10750-016-3030-1","Ortiz-Sandoval, J., Górski, K., Sobenes, C., González, J., Manosalva, A., Elgueta, A., and Habit, E. 2017. Invasive trout affect trophic ecology of Galaxias platei in Patagonian lakes. Hydrobiologia 790(1): 201–212. doi:10.1007/s10750-016-3030-1."
"Ostrowski de Nuñez, M., Brugni, N., & Viozzi, G. (2000). Polylekithum percai n. sp. (Trematoda: Allocreadiidae) from Percichthys trucha (Perciformes: Percichthydae) in Patagonia, Argentina, and a redescription of Homalometron papilliferum (Szidat, 1956) n. comb. Systematic parasitology, 47(1), 51–57. https://doi.org/10.1023/a:1006497331377","Ostrowski de Nuñez, M., Brugni, N., and Viozzi, G. 2000. Polylekithum percai n. sp. (Trematoda: Allocreadiidae) from Percichthys trucha (Perciformes: Percichthydae) in Patagonia, Argentina, and a redescription of Homalometron papilliferum (Szidat, 1956) n. comb. Syst Parasitol 47(1): 51–57. doi:10.1023/A:1006497331377."
"Ostrowskide de Núñez, M., Brugni, N., & Flores, V.R. (2003). Posterotestes unelen gen. et sp. n. (Digenea: Apocreadiidae) from Percichthys trucha (Osteichthyes: Percichthyidae) in Patagonia, Argentina. Folia Parasitologica, 50(3), 211-214. doi: 10.14411/fp.2003.037","Ostrowski de Núñez, M., Brugni, N., and Flores, V.R. 2003. Posterotestes unelen gen. et sp. n.(Digenea: Apocreadiidae) from Percichthys trucha (Osteichthyes: Percichthyidae) in Patagonia, Argentina. Folia parasitologica 50(3): 211–214. INSTITUTE OF PARASITOLOGY CZECHOSLOVAK ACADEMY OF."
"Perugia, A. 1891. Appunti sopra alcuni pesci sud-americani conservati nel Museo Civico di Storia Naturale di Genova. Annali del Museo Civico di Storia Naturale “Giacomo Doria” 10 (Serie 2): 605–657.","Perugia, A. 1891. Appunti sopra alcuni pesci sud-americani conservati nel Museo Civico di Storia Naturale di Genova. Annali del Museo Civico di Storia Naturale “Giacomo Doria” 10 (Serie 2): 605–657."
"Rauque C, Viozzi G, Flores V, et al. Helminth parasites of alien freshwater fishes in Patagonia (Argentina). International Journal for parasitology. Parasites and Wildlife. 2018 Dec;7(3):369-379. DOI: 10.1016/j.ijppaw.2018.09.008. PMID: 30302312; PMCID: PMC6174270.","Rauque, C., Viozzi, G., Flores, V., Vega, R., Waicheim, A., and Salgado-Maldonado, G. 2018. Helminth parasites of alien freshwater fishes in Patagonia (Argentina). International Journal for Parasitology: Parasites and Wildlife 7(3): 369–379. doi:10.1016/j.ijppaw.2018.09.008."
"Reyes, X. (1982) Presencia de Hepatoxylon trichiuri (Holten, 1802) (Cestoda: Trypanorhyncha) en Oncorynchus tshawytscha y Sonmiosus pacificus capturados en Chile.. Investigaciones Marinas, Valparaiso 10(1-2): 40-45.","Reyes, X. 1982. Presencia de Hepatoxylon trichiuri (Holten, 1802) (Cestoda: Trypanorhyncha) en Oncorhynchus tshawytscha y Sonmiosus pacificus capturados en Chile. Investigaciones Marinas, Valparaiso 10(1–2): 40–45."
"Ringuelet, RA, R Arámburu y AA de Arámburu. 1967. Los peces argentinos de agua dulce. Com. Invest. Cient. Prov. Buenos Aires (CIC) La Plata, 602 pp","Ringuelet, R.A., Arámburu, R., and AA de Arámburu. 1967. Los peces argentinos de agua dulce. Com. Invest. Cient. Prov. Buenos Aires (CIC) La Plata, 602 pp"
"Rojo, J.H., Figueroa, D.E. & Boy, C.C. Age and growth of diadromous Galaxias maculatus (Jenyns, 1842) in southernmost South America (54° S) including contribution of age classes to reproduction. Environ Biol Fish 101, 1149–1160 (2018). https://doi.org/10.1007/s10641-018-0765-8","Rojo, J.H., Figueroa, D.E., and Boy, C.C. 2018. Age and growth of diadromous Galaxias maculatus (Jenyns, 1842) in southernmost South America (54° S) including contribution of age classes to reproduction. Environ Biol Fish 101(7): 1149–1160. doi:10.1007/s10641-018-0765-8."
"Rojo, J.H., Rodríguez, P. & Boy, C.C. Morphological differentiation in the widespread fish Galaxias maculatus: do darker environments imply bigger eyes?. Hydrobiologia 847, 2863–2872 (2020). https://doi.org/10.1007/s10750-020-04278-y","Rojo, J.H., Rodríguez, P., and Boy, C.C. 2020. Morphological differentiation in the widespread fish Galaxias maculatus: do darker environments imply bigger eyes? Hydrobiologia 847(13): 2863–2872. doi:10.1007/s10750-020-04278-y."
"Rueda, E.C., Mullaney, K.A., Conte-Grand, C. et al. Displacement of native Patagonian freshwater silverside populations (Odontesthes hatcheri, Atherinopsidae) by introgressive hybridization with introduced O. bonariensis . Biol Invasions 19, 971–988 (2017). https://doi.org/10.1007/s10530-016-1295-y","Rueda, E.C., Mullaney, K.A., Conte-Grand, C., Habit, E.M., Cussac, V., and Ortí, G. 2017. Displacement of native Patagonian freshwater silverside populations (Odontesthes hatcheri, Atherinopsidae) by introgressive hybridization with introduced O. bonariensis. Biol Invasions 19(3): 971–988. doi:10.1007/s10530-016-1295-y."
"RUZZANTE, D.E., WALDE, S.J., GOSSE, J.C., CUSSAC, V.E., HABIT, E., ZEMLAK, T.S. and ADAMS, E.D.M. (2008), Climate control on ancestral population dynamics: insight from Patagonian fish phylogeography. Molecular Ecology, 17: 2234-2244. https://doi.org/10.1111/j.1365-294X.2008.03738.x","Ruzzante, D.E., Walde, S.J., Gosse, J.C., Cussac, V.E., Habit, E.M., Zemlak, T.S., and Adams, E.D.M. 2008. Climate control on ancestral population dynamics: insight from Patagonian fish phylogeography. Molecular Ecology 17(9): 2234–2244. doi:10.1111/j.1365-294X.2008.03738.x."
"Sakai, M., R. Aguirrebeña, and A. Nagasawa (1987) Growth analysis by scale reading of cherry salmon (Oncorhynchus masou) stocked a closed-system lake ""Lagoon Don Poli"", southern Chile.. Internal Report 18, Japan International Cooperation Agency & Servicio Nacional de Pesca, Tokyo. 26pp.","Sakai, M., Aguirrebeña, R., and Nagasawa, A. 1987. Growth analysis by scale reading of cherry salmon (Oncorhynchus masou) stocked a closed-system lake “Lagoon Don Poli”, southern Chile. Japan International Cooperation Agency & Servicio Nacional de Pesca, Tokyo."
"Schaefer, E. 1954. Origen de las especies salmonideas en lo ríos magallanicos. Punta Arenas, Chile.","Schaefer, E. 1954. Origen de las especies salmonideas en lo ríos magallanicos. Punta Arenas, Chile."
"Schröder, V., Garcia de Leaniz, C. Discrimination between farmed and free-living invasive salmonids in Chilean Patagonia using stable isotope analysis. Biol Invasions 13, 203–213 (2011). https://doi.org/10.1007/s10530-010-9802-z","Schröder, V., and Garcia de Leaniz, C. 2010. Discrimination between farmed and free-living invasive salmonids in Chilean Patagonia using stable isotope analysis. Biological Invasions 13(1): 1–11. doi:10.1007/s10530-010-9802-z."
"Sepulveda F, Marin SL, Carvajal J. Metazoan parasites in wild fish and farmed salmon from aquaculture sites in southern Chile Aquaculture.. 2004 Jun;235(1-4):89-100. DOI: 10.1016/j.aquaculture.2003.09.015.","Sepúlveda, F., Marı́n, S.L., and Carvajal, J. 2004. Metazoan parasites in wild fish and farmed salmon from aquaculture sites in southern Chile. Aquaculture 235(1): 89–100. doi:10.1016/j.aquaculture.2003.09.015."
"Soto, D, I Arismendi, C Di Prinzio y F Jara. 2007. Establishment of Chinook salmon (Oncorhynchus tshawytscha) in Pacific basins of southern South America and its potential ecosystem implications. Revista chilena de historia natural 80 (1): 81-98","Soto, D., Arismendi, I., Di Prinzio, C., and Jara, F. 2007. Establishment of Chinook salmon (Oncorhynchus tshawytscha) in Pacific basins of southern South America and its potential ecosystem implications. Revista Chilena de Historia Natural 80: 81–98."
"Soto, D. (2002) Estudio del ciclo reproductivo de las principales especies objetivo de la pesca deportiva en la X región.. Proyecto FIP  2000-24 (2000-2001).","Soto, D. 2002. Estudio del ciclo reproductivo de las principales especies objetivo de la pesca deportiva en la X región. FIP 2000-24, Fondo de Investigación Pesquera - Universidad Austral de Chile."
"Soto, D., I. Arismendi, J. González, J. Sanzana, F. Jara, C. Jara, E. Guzman, and A. Lara (2006) Southern Chile, trout and salmon country: invasion patterns and threats for native species.. Revista Chilena de Historia Natural 79:97-117.","Soto, D., Arismendi, I., González, J., Sanzana, J., Jara, F., Jara, C., GUZMAN, E., and Lara, A. 2006. Southern Chile, trout and salmon country: Invasion patterns and threats for native species. Revista chilena de historia natural 79: 97–117. doi:10.4067/S0716-078X2006000100009."
"SOTO, DORIS, ARISMENDI, IVÁN, GONZÁLEZ, JORGE, SANZANA, JOSÉ, JARA, FERNANDO, JARA, CARLOS, GUZMAN, ERWIN, & LARA, ANTONIO. (2006). Southern Chile, trout and salmon country: invasion patterns and threats for native species. Revista chilena de historia natural, 79(1), 97-117. https://dx.doi.org/10.4067/S0716-078X2006000100009","Soto, D., Arismendi, I., González, J., Sanzana, J., Jara, F., Jara, C., GUZMAN, E., and Lara, A. 2006. Southern Chile, trout and salmon country: Invasion patterns and threats for native species. Revista chilena de historia natural 79: 97–117. doi:10.4067/S0716-078X2006000100009."
SUSTENTABLE Minicentral Hidroelectrica De Pasada El Callao.,SUSTENTABLE Minicentral Hidroelectrica De Pasada El Callao.
SUSTENTABLE Minicentral Hidroelectrica De Pasada Rio Negro.,SUSTENTABLE Minicentral Hidroelectrica De Pasada Rio Negro.
"TERRAMAR, Estudios Territoriales (2013) Informe Linea Base Limnologia Proyecto Central De Pasada Mediterraneo. https://seia.sea.gob.cl/expediente/ficha/fichaPrincipal.php?modo=ficha&id_expediente=6357086","TERRAMAR, Estudios Territoriales (2013) Informe Linea Base Limnologia Proyecto Central De Pasada Mediterraneo. NA, https://seia.sea.gob.cl/expediente/ficha/fichaPrincipal.php?modo=ficha&id_expediente=6357086"
TESAM Central Hidroelectrica Lago Atravesado.,TESAM Central Hidroelectrica Lago Atravesado.
"Torres, P. Cubillos, V., Aedo, E., Silva, R., Garrido, O. y Aedo, J.E. (1995) Prevalencia y aspectos patológicos de la difilobotriasis en salmones de retorno, Oncorhynchus kisutch, de Coyhaique, XIa Región de Chile.. Archivos de Medicina Veterinaria 27: 107-114.","Torres, P., Cubillos, V., Aedo, E., Silva, R., Garrido, O., and Aedo, J.E. 1995. Prevalencia y aspectos patológicos de la difilobotriasis en salmones de retorno, Oncorhynchus kisutch, de Coyhaique, XIa Región de Chile. Archivos de Medicina Veterinaria: 27:-107-114."
"Torres, P., E.  Aedo, L. Figueroa, I. Siegmund, R. Silva, N. Navarrete, S. Puga, F. Marín y E. Aedo (2000) Infección por helmintos parásitos en salmón coho, Oncorhynchus kisutch, durante su retorno al río Simpson, Chile.. Bol. Chil. Parasitol. 55(1-2): 31-35.","Torres, P., Aedo, E., Figueroa, L., Siegmund, I., Silva, R., Navarrete, N., Puga, S., and Marín, F. 2000. Infección por helmintos parásitos en salmón coho, Oncorhynchus kisutch, durante su retorno al río Simpson, Chile. Boletín Chileno de Parasitología 55: 1–6."
"Torres, P., Ruiz, E., Rebolledo, C., Mira, A., Cubillos, V., Navarrete, N., Gesche, W.,
Montefusco, A., Valdés, L. y Alberdi, A. (1990) Parasitismo en peces y comunidades humanas ribereñas de los lagos Huillinco y Natri (Isla Grande de Chiloé), Chile.. Bol. Chil. Parasitol. 45:47-55.","Torres, P. 1990. Parasitismo en peces y comunidades humanas ribereñas de los lagos Huillinco y Natri (Isla Grande de Chiloé), Chile. Boletín Chileno de Parasitología: 45:47-55."
"Torres, Patricio, Aedo, Eduardo, Figueroa, Luis, Siegmund, Inés, Silva, Ricardo, Navarrete, Nancy, Puga, Sonia, Marín, Francisco, & Aedo, Elba. (2000). Infección por helmintos parásitos en salmón coho, Oncorhynchus kisutch, durante su retorno al río Simpson, Chile. Boletín chileno de parasitología, 55(1-2), 31-35. https://dx.doi.org/10.4067/S0365-94022000000100009","Torres, P., Aedo, E., Figueroa, L., Siegmund, I., Silva, R., Navarrete, N., Puga, S., and Marín, F. 2000. Infección por helmintos parásitos en salmón coho, Oncorhynchus kisutch, durante su retorno al río Simpson, Chile. Boletín Chileno de Parasitología 55: 1–6."
"Ubeda, C, L Semenas y S Ortubay. 1989. Nuevas citas para Camallanus tridentatus. Physis, B, 47 (112): 10","Ubeda, C., Semenas, L., and Ortubay. S. 1989. Nuevas citas para Camallanus tridentatus. Physis, B, 47 (112): 10"
"UNIVERSIDAD CATOLICA DE TEMUCO Informe De Caracterizacion Ecosstemica Y Plan De Seguimiento Comunidad Ictica, Zoobentonica, Fitobentonica, Fitoplanctonica Del Rio Llaguepe. Comuna De Cochamo, X Region..","UNIVERSIDAD CATOLICA DE TEMUCO Informe De Caracterizacion Ecosstemica Y Plan De Seguimiento Comunidad Ictica, Zoobentonica, Fitobentonica, Fitoplanctonica Del Rio Llaguepe. Comuna De Cochamo, X Region.."
"Unmack, P. J., Barriga, J. P., Battini, M. A., Habit, E. M., & Johnson, J. B. (2012). Phylogeography of the catfish Hatcheria macraei reveals a negligible role of drainage divides in structuring populations. Molecular Ecology, 21(4), 942–959. https://doi.org/10.1111/j.1365-294X.2011.05408.x","Unmack, P.J., Barriga, J.P., Battini, M.A., Habit, E.M., and Johnson, J.B. 2012. Phylogeography of the catfish Hatcheria macraei reveals a negligible role of drainage divides in structuring populations. Molecular Ecology 21(4): 942–959. doi:10.1111/j.1365-294X.2011.05408.x."
"Unmack, P., Bennin, A., Habit, E., Victoriano, P., and Johnson, J. 2009. Impact of ocean barriers, topography, and glaciation on the phylogeography of the catfish Trichomycterus areolatus (Teleostei: Trichomycteridae) in Chile. Biological Journal of the Linnean Society 97: 876–892. doi:10.1111/j.1095-8312.2009.01224.x.","Unmack, P., Bennin, A., Habit, E., Victoriano, P., and Johnson, J. 2009. Impact of ocean barriers, topography, and glaciation on the phylogeography of the catfish Trichomycterus areolatus (Teleostei: Trichomycteridae) in Chile. Biological Journal of the Linnean Society 97: 876–892. doi:10.1111/j.1095-8312.2009.01224.x."
"Unmack, P.J., Barriga, J.P., Battini, M.A., Habit, E.M., and Johnson, J.B. 2012. Phylogeography of the catfish Hatcheria macraei reveals a negligible role of drainage divides in structuring populations. Molecular Ecology 21(4): 942–959. doi:10.1111/j.1365-294X.2011.05408.x.","Unmack, P.J., Barriga, J.P., Battini, M.A., Habit, E.M., and Johnson, J.B. 2012. Phylogeography of the catfish Hatcheria macraei reveals a negligible role of drainage divides in structuring populations. Molecular Ecology 21(4): 942–959. doi:10.1111/j.1365-294X.2011.05408.x."
"Unmack, P.J., Habit, E.M., & Johnson, J. (2009). NEW RECORDS OF HATCHERIA MACRAEI (SILURIFORMES, TRICHOMYCTERIDAE) FROM CHILEAN PROVINCE. Gayana, 73, 102-110. DOI:10.4067/S0717-65382009000100013","Unmack, P.J., Habit, E.M., and Johnson, J.B. 2009. New records of Hatcheria macraei (Siluriformes, Trichomycteridae) from Chilean Province. Gayana 73(1): 102–110."
"Unmack, P.J., Habit, E.M., and Johnson, J.B. 2009. New records of Hatcheria macraei (Siluriformes, Trichomycteridae) from Chilean Province. Gayana 73(1): 102–110.","Unmack, P., Bennin, A., Habit, E., Victoriano, P., and Johnson, J. 2009. Impact of ocean barriers, topography, and glaciation on the phylogeography of the catfish Trichomycterus areolatus (Teleostei: Trichomycteridae) in Chile. Biological Journal of the Linnean Society 97: 876–892. doi:10.1111/j.1095-8312.2009.01224.x."
"Vanella, F.A., Boy, C.C. & Fernández, D.A. Temperature effects on growing, feeding, and swimming energetics in the Patagonian blennie Eleginops maclovinus (Pisces: Perciformes). Polar Biol 35, 1861–1868 (2012). https://doi.org/10.1007/s00300-012-1228-x","Vanella, F.A., Boy, C.C., and Fernández, D.A. 2012. Temperature effects on growing, feeding, and swimming energetics in the Patagonian blennie Eleginops maclovinus (Pisces: Perciformes). Polar Biol 35(12): 1861–1868. doi:10.1007/s00300-012-1228-x."
"Vanhaecke, D., Garcia de Leaniz, C., Gajardo, G., Dunham, J., Giannico, G. and Consuegra, S. (2015), Genetic signatures of historical dispersal of fish threatened by biological invasions: the case of galaxiids in South America. J. Biogeogr., 42: 1942-1952. https://doi.org/10.1111/jbi.12568","Vanhaecke, D., Garcia de Leaniz, C., Gajardo, G., Dunham, J., Giannico, G., and Consuegra, S. 2015. Genetic signatures of historical dispersal of fish threatened by biological invasions: the case of galaxiids in South America. J. Biogeogr.: n/a-n/a. doi:10.1111/jbi.12568."
"Vega, R. M., Viozzi, G. P., & Brugni, N. L. (2011). TWO NEW SPECIES OF CRYPTOCEPHALUM N. GEN. (MONOGENOIDEA: DACTYLOGYRIDAE) FROM THE CEPHALIC LATERAL LINE OF PERCICHTHYS TRUCHA (PERCIFORMES: PERCICHTHYIDAE) IN PATAGONIA, ARGENTINA. The Journal of Parasitology, 97(2), 245–250. http://www.jstor.org/stable/23019068","Vega, R., Viozzi, G., and Brugni, N. 2011. Two New Species of Cryptocephalum n. gen. (Monogenoidea: Dactylogyridae) from the Cephalic Lateral Line of Percichthys trucha (Perciformes: Percichthyidae) in Patagonia, Argentina. The Journal of parasitology 97: 245–50. doi:10.1645/GE-2627.1."
Venegas 2005,Venegas 2005
"Vera-Escalona I., Habit E.,  & Ruzzante D (2015). The complete mitochondrial genome of the freshwater fish Galaxias platei and a comparison with other species of the genus Galaxias (Faraway, so close?). Mitochondrial DNA Part A 28(2): 176-177.","Vera-Escalona, I., Habit, E., and Ruzzante, D.E. 2017. The complete mitochondrial genome of the freshwater fish Galaxias platei and a comparison with other species of the genus Galaxias (faraway, so close?). Mitochondrial DNA A DNA Mapp Seq Anal 28(2): 176–177. doi:10.3109/19401736.2015.1115497."
"Vera-Escalona, I., Habit, E. and Ruzzante, D.E. (2015), Echoes of a distant time: effects of historical processes on contemporary genetic patterns in Galaxias platei in Patagonia. Mol Ecol, 24: 4112-4128. https://doi.org/10.1111/mec.13303","Vera-Escalona, I., Habit, E., and Ruzzante, D.E. 2015. Echoes of a distant time: effects of historical processes on contemporary genetic patterns in Galaxias platei in Patagonia. Molecular Ecology: n/a-n/a. doi:10.1111/mec.13303."
"Veyñ, M., Higueras, L., Nardi, C., Habit, E., and Chalde, T. 2025. New insights into Aplochiton species at its southernmost distribution. Rev Fish Biol Fisheries 36(1): 18. doi:10.1007/s11160-025-10025-0.","Veyñ, M., Higueras, L., Nardi, C., Habit, E., and Chalde, T. 2025. New insights into Aplochiton species at its southernmost distribution. Rev Fish Biol Fisheries 36(1): 18. doi:10.1007/s11160-025-10025-0."
Vieta E. 2010. CARACTERIZACIÓN DE LOS PECES EN CINCO LAGOS DEL SUR DE CHILE. Facultad de Ciencias Veterinarias. Universidad Austral de Chile. 66 p.,"Vieta Barragán, E. 2010. Caracterización de los peces en cinco lagos del sur de Chile. Facultad de Ciencias Veterinarias. Universidad Austral de Chile."
"Vila, I., E. Zeiss and H. Gibson (1978) Prospecciones de sistemas hidrográficos para la introducción del ""salmon"" en Chile.. Biología Pesquera, Chile 10: 61-73.","Vila, I., Zeiss, E., and Gibson, H. 1978. Prospecciones de sistemas hidrográficos para la introducción del “salmon” en Chile. Biología Pesquera, Chile 10: 61–73."
"Vila, I., Fuentes, L., and Contreras, M. 1999. Peces límnicos de Chile. Boletín del Museo Nacional de Historia Natural, Chile: 48:-61–75.","Vila, I., Fuentes, L., and Contreras, M. 1999. Peces límnicos de Chile. Boletín del Museo Nacional de Historia Natural, Chile: 48:-61–75."
"Vila, Irma; Leopoldo Fuentes, Marcelo Saavedra (1999) Ictiofauna en los sistemas límnicos de la isla grande, Tierra del Fuego, Chile.. Revista Chilena de Historia Natural 72: 273-284.","Vila, I., Fuentes, L., and Saavedra, M. 1999. Ictiofauna en los sistemas límnicos de la isla grande, Tierra del Fuego, Chile. Revista Chilena de Historia Natural: 72:-273–284."
"Villalobos, L., S. Woelfl, O. Parra, and H. Campos (2003) Lake Chapo: a baseline study of a deep, oligotrophic North Patagonian lake prior to its use for hydroelectricity generation: II. Biological properties.. Hydrobiologia 510: 225-237.","Villalobos, L., Woelfl, S., Parra, O., and Campos, H. 2003. Lake Chapo: a baseline study of a deep, oligotrophic North Patagonian lake prior to its use for hydroelectricity generation: II. Biological properties. Hydrobiologia 510: 225–237."
Viozzi G. Semenas L. Brugni N. y Flores V. (2009). Metazoan Parasites of Galaxias maculatus (Osmeriformes: Galaxiidae) from Argentinean Patagonia. Comparative Parasitology 76(2): 229-239. DOI:10.1654/4328.1,"Viozzi, G., Semenas, L., Brugni, N., and Flores, V.R. 2009. Metazoan Parasites of Galaxias maculatus (Osmeriformes: Galaxiidae) from Argentinean Patagonia. copa 76(2): 229–239. The Helminthological Society of Washington. doi:10.1654/4328.1."
"Viozzi, G. P., & Brugni, N. (2004). Duplaccessorius andinus n. gen., n. sp. (Dactylogyridae: Ancyrocephalinae) from the gills of Percichthys trucha (Perciformes: Percichthyidae) in Patagonia, Argentina. The Journal of parasitology, 90(5), 966–969. https://doi.org/10.1645/GE-261R","Viozzi, G.P., and Brugni, N. 2004. Duplaccessorius andinus n. gen., n. sp.(Dactylogyridae: Ancyrocephalinae) from the gills of Percichthys trucha (Perciformes: Percichthyidae) in Patagonia, Argentina. Journal of Parasitology 90(5): 966–969."
"Viozzi, G. P., & Gutiérrez, P. A. (2001). Philureter trigoniopsis, a new genus and species (Dactylogyridae, Ancyrocephalinae) from the ureters and urinary bladder of Galaxias maculatus (Osmeriformes: Galaxiidae) in Patagonia (Argentina). The Journal of parasitology, 87(2), 392–394. https://doi.org/10.1645/0022-3395(2001)087[0392:PTANGA]2.0.CO;2","Viozzi, G.P., and Gutiérrez, P.A. 2001. Philureter trigoniopsis, a new genus and species (Dactylogyridae, Ancyrocephalinae) from the ureters and urinary bladder of Galaxias maculatus (Osmeriformes: Galaxiidae) in Patagonia (Argentina). Journal of Parasitology 87(2): 392–394."
"Viozzi, G.P., & Flores, V.R. (2003). Myxidium biliare sp. n. (Myxozoa) from gall bladder of Galaxias maculatus (Osmeriformes: Galaxiidae) in Patagonia (Argentina). Folia Parasitologica, 50(3), 190-194. doi: 10.14411/fp.2003.034","Viozzi, G.P., and Flores, V.R. 2003. Myxidium biliare sp. n.(Myxozoa) from gall bladder of Galaxias maculatus (Osmeriformes: Galaxiidae) in Patagonia (Argentina). Folia parasitologica 50(3): 190–194. Praha: Czechoslovak Akademy of Sciences."
"Wood, Jonathan D. (1997) The distribution of feral salmonids in inland Chilean Waters.. Unpublishes thesis to obtain the degree of M.Sc. In Aquaculture, University of Stirling 85pp.","Wood, J. 1997. The distribution of feral salmonids in inland Chilean waters. Thesis, MSc in Acuaculture, University of Stirling, Stirling."
"Zama, A., & Cárdenas, E. (1984). Introduction into Aysén Chile of the pacific salmon. N°9 Descriptive catalogue of marine and freshwater fishes from the Aysén region, southern Chile, with zoogeographical notes on fish fauna. Servicio Nacional de Pesca - Japanese International Cooperation Agency.","Zama, A., and Cárdenas, E. 1984. Introduction into Aysén Chile of the pacific salmon. N°9 Descriptive catalogue of marine and freshwater fishes from the Aysén region, southern Chile, with zoogeographical notes on fish fauna. Servicio Nacional de Pesca - Japanese International Cooperation Agency."
"Zattara, E.E. and Premoli, A.C. (2005), Genetic structuring in Andean landlocked populations of Galaxias maculatus: effects of biogeographic history. Journal of Biogeography, 32: 5-14. https://doi.org/10.1111/j.1365-2699.2004.01164.x","Zattara, E.E., and Premoli, A.C. 2005. Genetic structuring in Andean landlocked populations of Galaxias maculatus: effects of biogeographic history. Journal of Biogeography 32(1): 5–14. doi:https://doi.org/10.1111/j.1365-2699.2004.01164.x."
"Zemlak, T.S., Habit, E.M., Walde, S.J. et al. Surviving historical Patagonian landscapes and climate: molecular insights from Galaxias maculatus. BMC Evol Biol 10, 67 (2010). https://doi.org/10.1186/1471-2148-10-67","Zemlak, T.S., Habit, E.M., Walde, S.J., Carrea, C., and Ruzzante, D.E. 2010. Surviving historical Patagonian landscapes and climate: molecular insights from Galaxias maculatus. BMC Evolutionary Biology 10(1): 67. doi:10.1186/1471-2148-10-67."
"ZEMLAK, T.S., HABIT, E.M., WALDE, S.J., BATTINI, M.A., ADAMS, E.D.M. and RUZZANTE, D.E. (2008), Across the southern Andes on fin: glacial refugia, drainage reversals and a secondary contact zone revealed by the phylogeographical signal of Galaxias platei in Patagonia. Molecular Ecology, 17: 5049-5061. https://doi.org/10.1111/j.1365-294X.2008.03987.x","Zemlak, T.S., Habit, E.M., Walde, S.J., Battini, M.A., Adams, E.D.M., and Ruzzante, D.E. 2008. Across the southern Andes on fin: glacial refugia, drainage reversals and a secondary contact zone revealed by the phylogeographical signal of Galaxias platei in Patagonia. Molecular Ecology 17: 5049–5061. doi:10.1111/j.1365-294X.2008.03987.x."
"Zemlak, TS, EM Habit, SJ Walde, C Carrea, DE Ruzzante. 2010. Surviving historical Patagonian landscapes and climate: molecular insights from Galaxias maculatus. BMC Evolutionary Biology, 2010. 10:67","Zemlak, T.S., Habit, E.M., Walde, S.J., Carrea, C., and Ruzzante, D.E. 2010. Surviving historical Patagonian landscapes and climate: molecular insights from Galaxias maculatus. BMC Evolutionary Biology 10(1): 67. doi:10.1186/1471-2148-10-67."
"Zemlak, TS, EM Habit, SJ Walde, MA Battini, EDM Adams y DE Ruzzante. 2008. Across the southern Andes on fin: glacial refugia, drainage reversals and a secondary contact zone revealed by the phylogeographical signal of Galaxias platei in Patagonia. Molecular Ecology (2008) 17: 5049-5061","Zemlak, T.S., Habit, E.M., Walde, S.J., Battini, M.A., Adams, E.D.M., and Ruzzante, D.E. 2008. Across the southern Andes on fin: glacial refugia, drainage reversals and a secondary contact zone revealed by the phylogeographical signal of Galaxias platei in Patagonia. Molecular Ecology 17: 5049–5061. doi:10.1111/j.1365-294X.2008.03987.x."
