"bibliographicCitation","associatedReferences","occurrenceID","locationRemarks","locality","decimalLatitude","decimalLongitude","year","eventDate","scientificName","individualCount","samplingProtocol","recordedBy","license","rightsHolder","accessRights","datasetName","datasetName_tmp","basisOfRecord"
"Correa, Cristian, and Maryse Boisjoly (2025) Chilean fish collection and empirical database (Version 2025-11-27) [Unpublished dataset].","","Correa.Boisjoly.collection.008702","Arroyo Chiloe","Arrollo Chiloe 1",-42.66093303,-74.11884704,2017,2017-02-23,"Eleginops maclovinus",2,"Casting Net","Cristian Correa, Maryse Boisjoly, Camila Sola, Consuelo Guevara","CC BY-NC 4.0","Cristian Correa, orcid.org/0000-0002-8608-6858","not-for-profit use only","Correa & Boisjoly fish collection v.2025-11-27","Fish Database Correa-Boisjoly","Occurrence"
"Correa, Cristian, and Maryse Boisjoly (2025) Chilean fish collection and empirical database (Version 2025-11-27) [Unpublished dataset].","","Correa.Boisjoly.collection.005670","Río Caleta","Arroyo 1, Río Caleta",-53.19982099,-71.60488503,2015,2015-02-27,"Galaxias maculatus",8,"Casting Net","Cristian Correa","CC BY-NC 4.0","Cristian Correa, orcid.org/0000-0002-8608-6858","not-for-profit use only","Correa & Boisjoly fish collection v.2025-11-27","Fish Database Correa-Boisjoly","Occurrence"
"Correa, Cristian, and Maryse Boisjoly (2025) Chilean fish collection and empirical database (Version 2025-11-27) [Unpublished dataset].","","Correa.Boisjoly.collection.005672","Río Caleta","Arroyo 1, Río Caleta",-53.19982099,-71.60488503,2015,2015-02-27,"Oncorhynchus kisutch",44,"Casting Net","Cristian Correa","CC BY-NC 4.0","Cristian Correa, orcid.org/0000-0002-8608-6858","not-for-profit use only","Correa & Boisjoly fish collection v.2025-11-27","Fish Database Correa-Boisjoly","Occurrence"
"Correa, Cristian, and Maryse Boisjoly (2025) Chilean fish collection and empirical database (Version 2025-11-27) [Unpublished dataset].","","Correa.Boisjoly.collection.005671","Río Caleta","Arroyo 1, Río Caleta",-53.19982099,-71.60488503,2015,2015-02-27,"Salmo trutta",6,"Casting Net","Cristian Correa","CC BY-NC 4.0","Cristian Correa, orcid.org/0000-0002-8608-6858","not-for-profit use only","Correa & Boisjoly fish collection v.2025-11-27","Fish Database Correa-Boisjoly","Occurrence"
"Correa, Cristian, and Maryse Boisjoly (2025) Chilean fish collection and empirical database (Version 2025-11-27) [Unpublished dataset].","","Correa.Boisjoly.collection.012327","Caleta Gonzalo","Caleta Gonzalo",-42.559286,-72.604811,2023,2023-11-11,"Galaxias maculatus",1,"Visual Evaluation","CC BD","CC BY-NC 4.0","Cristian Correa, orcid.org/0000-0002-8608-6858","not-for-profit use only","Correa & Boisjoly fish collection v.2025-11-27","Fish Database Correa-Boisjoly","Occurrence"
"Correa, Cristian, and Maryse Boisjoly (2025) Chilean fish collection and empirical database (Version 2025-11-27) [Unpublished dataset].","","Correa.Boisjoly.collection.006206","Cameron","Cameron",-53.646562,-69.651453,2015,2015-02-15,"Oncorhynchus mykiss",6,"Electric fishing","Cristian Correa, Maryse Boisjoly, Jonathan Poblete","CC BY-NC 4.0","Cristian Correa, orcid.org/0000-0002-8608-6858","not-for-profit use only","Correa & Boisjoly fish collection v.2025-11-27","Fish Database Correa-Boisjoly","Occurrence"
"Correa, Cristian, and Maryse Boisjoly (2025) Chilean fish collection and empirical database (Version 2025-11-27) [Unpublished dataset].","","Correa.Boisjoly.collection.006205","Cameron","Cameron",-53.646562,-69.651453,2015,2015-02-15,"Salmo trutta",7,"Electric fishing","Cristian Correa, Maryse Boisjoly, Jonathan Poblete","CC BY-NC 4.0","Cristian Correa, orcid.org/0000-0002-8608-6858","not-for-profit use only","Correa & Boisjoly fish collection v.2025-11-27","Fish Database Correa-Boisjoly","Occurrence"
"Correa, Cristian, and Maryse Boisjoly (2025) Chilean fish collection and empirical database (Version 2025-11-27) [Unpublished dataset].","","Correa.Boisjoly.collection.003653","Chaiten","Chaiten",-42.920813,-72.714867,2007,2007-01-22,"Eleginops maclovinus",1,"Dip net","Cristian Correa","CC BY-NC 4.0","Cristian Correa, orcid.org/0000-0002-8608-6858","not-for-profit use only","Correa & Boisjoly fish collection v.2025-11-27","Fish Database Correa-Boisjoly","Occurrence"
"Correa, Cristian, and Maryse Boisjoly (2025) Chilean fish collection and empirical database (Version 2025-11-27) [Unpublished dataset].","","Correa.Boisjoly.collection.003654","Chaiten","Chaiten",-42.920813,-72.714867,2007,2007-01-22,"Galaxias maculatus",30,"Dip net","Cristian Correa","CC BY-NC 4.0","Cristian Correa, orcid.org/0000-0002-8608-6858","not-for-profit use only","Correa & Boisjoly fish collection v.2025-11-27","Fish Database Correa-Boisjoly","Occurrence"
"Correa, Cristian, and Maryse Boisjoly (2025) Chilean fish collection and empirical database (Version 2025-11-27) [Unpublished dataset].","","Correa.Boisjoly.collection.005781","Lago Porteño","Chorillo, Lago Porteño",-51.330744,-72.80935,2015,2015-03-13,"Aplochiton zebra",39,"Electric fishing","Cristian Correa, Jonathan Poblete","CC BY-NC 4.0","Cristian Correa, orcid.org/0000-0002-8608-6858","not-for-profit use only","Correa & Boisjoly fish collection v.2025-11-27","Fish Database Correa-Boisjoly","Occurrence"
"Correa, Cristian, and Maryse Boisjoly (2025) Chilean fish collection and empirical database (Version 2025-11-27) [Unpublished dataset].","","Correa.Boisjoly.collection.005793","Lago Porteño","Chorillo, Lago Porteño",-51.330744,-72.80935,2015,2015-03-13,"Salmo trutta",3,"Electric fishing","Cristian Correa, Jonathan Poblete","CC BY-NC 4.0","Cristian Correa, orcid.org/0000-0002-8608-6858","not-for-profit use only","Correa & Boisjoly fish collection v.2025-11-27","Fish Database Correa-Boisjoly","Occurrence"
"Correa, Cristian, and Maryse Boisjoly (2025) Chilean fish collection and empirical database (Version 2025-11-27) [Unpublished dataset].","","Correa.Boisjoly.collection.008725","Curaco de Velez","Curaco de Velez",-42.442669,-73.600094,2017,2017-02-28,"Oncorhynchus mykiss",14,"Casting Net","Cristian Correa, Maryse Boisjoly","CC BY-NC 4.0","Cristian Correa, orcid.org/0000-0002-8608-6858","not-for-profit use only","Correa & Boisjoly fish collection v.2025-11-27","Fish Database Correa-Boisjoly","Occurrence"
"Correa, Cristian, and Maryse Boisjoly (2025) Chilean fish collection and empirical database (Version 2025-11-27) [Unpublished dataset].","","Correa.Boisjoly.collection.008724","Curaco de Velez","Curaco de Velez",-42.440608,-73.603339,2017,2017-02-28,"Galaxias maculatus",4,"Casting Net","Cristian Correa, Maryse Boisjoly","CC BY-NC 4.0","Cristian Correa, orcid.org/0000-0002-8608-6858","not-for-profit use only","Correa & Boisjoly fish collection v.2025-11-27","Fish Database Correa-Boisjoly","Occurrence"
"Correa, Cristian, and Maryse Boisjoly (2025) Chilean fish collection and empirical database (Version 2025-11-27) [Unpublished dataset].","","Correa.Boisjoly.collection.006552","Estero Anguai (Chepu)","Estero Anguai, Chepu",-42.046985,-73.972036,2017,2017-02-16,"Aplochiton marinus",7,"Trolling","Cristian Correa","CC BY-NC 4.0","Cristian Correa, orcid.org/0000-0002-8608-6858","not-for-profit use only","Correa & Boisjoly fish collection v.2025-11-27","Fish Database Correa-Boisjoly","Occurrence"
"Correa, Cristian, and Maryse Boisjoly (2025) Chilean fish collection and empirical database (Version 2025-11-27) [Unpublished dataset].","","Correa.Boisjoly.collection.006559","Estero Anguai (Chepu)","Estero Anguai, Chepu",-42.04687203,-73.97126704,2017,2017-02-16,"Aplochiton marinus",18,"Gill Net Aplochitonera 3mX5m  X2","Cristian Correa, Camila Sola, Consuelo Guevara, Maryse Boisjoly","CC BY-NC 4.0","Cristian Correa, orcid.org/0000-0002-8608-6858","not-for-profit use only","Correa & Boisjoly fish collection v.2025-11-27","Fish Database Correa-Boisjoly","Occurrence"
"Correa, Cristian, and Maryse Boisjoly (2025) Chilean fish collection and empirical database (Version 2025-11-27) [Unpublished dataset].","","Correa.Boisjoly.collection.006560","Estero Anguai (Chepu)","Estero Anguai, Chepu",-42.04670498,-73.97106503,2017,2017-02-16,"Aplochiton marinus",4,"Gill Net Aplochitonera 1.5mX7m","Cristian Correa, Camila Sola, Consuelo Guevara, Maryse Boisjoly","CC BY-NC 4.0","Cristian Correa, orcid.org/0000-0002-8608-6858","not-for-profit use only","Correa & Boisjoly fish collection v.2025-11-27","Fish Database Correa-Boisjoly","Occurrence"
"Correa, Cristian, and Maryse Boisjoly (2025) Chilean fish collection and empirical database (Version 2025-11-27) [Unpublished dataset].","","Correa.Boisjoly.collection.006561","Estero Anguai (Chepu)","Estero Anguai, Chepu",-42.04620902,-73.97086102,2017,2017-02-16,"Aplochiton marinus",4,"Fyke net","Cristian Correa, Camila Sola, Consuelo Guevara, Maryse Boisjoly","CC BY-NC 4.0","Cristian Correa, orcid.org/0000-0002-8608-6858","not-for-profit use only","Correa & Boisjoly fish collection v.2025-11-27","Fish Database Correa-Boisjoly","Occurrence"
"Correa, Cristian, and Maryse Boisjoly (2025) Chilean fish collection and empirical database (Version 2025-11-27) [Unpublished dataset].","","Correa.Boisjoly.collection.006572","Estero Anguai (Chepu)","Estero Anguai, Chepu",-42.04620902,-73.97086102,2017,2017-02-16,"Eleginops maclovinus",5,"Fyke net","Cristian Correa, Camila Sola, Consuelo Guevara, Maryse Boisjoly","CC BY-NC 4.0","Cristian Correa, orcid.org/0000-0002-8608-6858","not-for-profit use only","Correa & Boisjoly fish collection v.2025-11-27","Fish Database Correa-Boisjoly","Occurrence"
"Correa, Cristian, and Maryse Boisjoly (2025) Chilean fish collection and empirical database (Version 2025-11-27) [Unpublished dataset].","","Correa.Boisjoly.collection.011957","Valle Exploradores","Estero Mallín, Estación U de Chile",-46.296692,-73.407726,2023,2023-01-25,"Galaxias maculatus",7,"Minnow Trap","Cristian Correa","CC BY-NC 4.0","Cristian Correa, orcid.org/0000-0002-8608-6858","not-for-profit use only","Correa & Boisjoly fish collection v.2025-11-27","Fish Database Correa-Boisjoly","Occurrence"
"Correa, Cristian, and Maryse Boisjoly (2025) Chilean fish collection and empirical database (Version 2025-11-27) [Unpublished dataset].","","Correa.Boisjoly.collection.006219","Río Santa María","Estrecho de Magallanes",-53.68112102,-70.97443499,2015,2015-02-20,"Galaxias maculatus",80,"Gill Net","Fishermen","CC BY-NC 4.0","Cristian Correa, orcid.org/0000-0002-8608-6858","not-for-profit use only","Correa & Boisjoly fish collection v.2025-11-27","Fish Database Correa-Boisjoly","Occurrence"
"Correa, Cristian, and Maryse Boisjoly (2025) Chilean fish collection and empirical database (Version 2025-11-27) [Unpublished dataset].","","Correa.Boisjoly.collection.005454","Río Santa María","Estrecho de Magallanes",-53.68112102,-70.97443499,2015,2015-02-20,"Oncorhynchus kisutch",10,"Gill Net","Fishermen","CC BY-NC 4.0","Cristian Correa, orcid.org/0000-0002-8608-6858","not-for-profit use only","Correa & Boisjoly fish collection v.2025-11-27","Fish Database Correa-Boisjoly","Occurrence"
"Correa, Cristian, and Maryse Boisjoly (2025) Chilean fish collection and empirical database (Version 2025-11-27) [Unpublished dataset].","","Correa.Boisjoly.collection.005465","Río Santa María","Estrecho de Magallanes",-53.68112102,-70.97443499,2015,2015-02-21,"Oncorhynchus kisutch",16,"Gill Net","Fishermen","CC BY-NC 4.0","Cristian Correa, orcid.org/0000-0002-8608-6858","not-for-profit use only","Correa & Boisjoly fish collection v.2025-11-27","Fish Database Correa-Boisjoly","Occurrence"
"Correa, Cristian, and Maryse Boisjoly (2025) Chilean fish collection and empirical database (Version 2025-11-27) [Unpublished dataset].","","Correa.Boisjoly.collection.003685","Fiordo Esteffen","Fiordo Esteffen",-47.971891,-73.209556,2007,2007-03-23,"Galaxias maculatus",9,"Electric fishing","Cristian Correa","CC BY-NC 4.0","Cristian Correa, orcid.org/0000-0002-8608-6858","not-for-profit use only","Correa & Boisjoly fish collection v.2025-11-27","Fish Database Correa-Boisjoly","Occurrence"
"Correa, Cristian, and Maryse Boisjoly (2025) Chilean fish collection and empirical database (Version 2025-11-27) [Unpublished dataset].","","Correa.Boisjoly.collection.011972","Quitralco","Fjordo Quitralco",-45.591076,-73.256494,2023,2023-01-28,"Patagonotothen",3,"Minnow Trap","Cristian Correa, Maryse Boisjoly, Gael Correa Boisjoly, Brian Reid","CC BY-NC 4.0","Cristian Correa, orcid.org/0000-0002-8608-6858","not-for-profit use only","Correa & Boisjoly fish collection v.2025-11-27","Fish Database Correa-Boisjoly","Occurrence"
"Correa, Cristian, and Maryse Boisjoly (2025) Chilean fish collection and empirical database (Version 2025-11-27) [Unpublished dataset].","","Correa.Boisjoly.collection.012242","Quitralco","Fjordo Quitralco",-45.591076,-73.256494,2023,2023-01-28,"Sebastes",1,"Minnow Trap","Cristian Correa, Maryse Boisjoly, Gael Correa Boisjoly, Brian Reid","CC BY-NC 4.0","Cristian Correa, orcid.org/0000-0002-8608-6858","not-for-profit use only","Correa & Boisjoly fish collection v.2025-11-27","Fish Database Correa-Boisjoly","Occurrence"
"Correa, Cristian, and Maryse Boisjoly (2025) Chilean fish collection and empirical database (Version 2025-11-27) [Unpublished dataset].","","Correa.Boisjoly.collection.005931","Seno de Última Esperanza","Fjordo de Alarcón",-51.563762,-72.754988,2015,2015-04-15,"Oncorhynchus kisutch",6,"Gill Net","Fisherman","CC BY-NC 4.0","Cristian Correa, orcid.org/0000-0002-8608-6858","not-for-profit use only","Correa & Boisjoly fish collection v.2025-11-27","Fish Database Correa-Boisjoly","Occurrence"
"Correa, Cristian, and Maryse Boisjoly (2025) Chilean fish collection and empirical database (Version 2025-11-27) [Unpublished dataset].","","Correa.Boisjoly.collection.005916","Seno de Última Esperanza","Fjordo de Alarcón",-51.563762,-72.754988,2015,2015-04-15,"Oncorhynchus tshawytscha",14,"Gill Net","Fisherman","CC BY-NC 4.0","Cristian Correa, orcid.org/0000-0002-8608-6858","not-for-profit use only","Correa & Boisjoly fish collection v.2025-11-27","Fish Database Correa-Boisjoly","Occurrence"
"Correa, Cristian, and Maryse Boisjoly (2025) Chilean fish collection and empirical database (Version 2025-11-27) [Unpublished dataset].","","Correa.Boisjoly.collection.005928","Seno de Última Esperanza","Fjordo de Alarcón",-51.563762,-72.754988,2015,2015-04-15,"Salmo salar",1,"Gill Net","Fisherman","CC BY-NC 4.0","Cristian Correa, orcid.org/0000-0002-8608-6858","not-for-profit use only","Correa & Boisjoly fish collection v.2025-11-27","Fish Database Correa-Boisjoly","Occurrence"
"Correa, Cristian, and Maryse Boisjoly (2025) Chilean fish collection and empirical database (Version 2025-11-27) [Unpublished dataset].","","Correa.Boisjoly.collection.005934","Seno de Última Esperanza","Fjordo de Alarcón",-51.563762,-72.754988,2015,2015-04-15,"Salmo trutta",2,"Gill Net","Fisherman","CC BY-NC 4.0","Cristian Correa, orcid.org/0000-0002-8608-6858","not-for-profit use only","Correa & Boisjoly fish collection v.2025-11-27","Fish Database Correa-Boisjoly","Occurrence"
"Correa, Cristian, and Maryse Boisjoly (2025) Chilean fish collection and empirical database (Version 2025-11-27) [Unpublished dataset].","","Correa.Boisjoly.collection.012285","Rio Futaleufu","Futaleufu",-43.19055,-71.842697,2023,2023-11-09,"Oncorhynchus mykiss",24,"Electric fishing","CC BD","CC BY-NC 4.0","Cristian Correa, orcid.org/0000-0002-8608-6858","not-for-profit use only","Correa & Boisjoly fish collection v.2025-11-27","Fish Database Correa-Boisjoly","Occurrence"
"Correa, C., and Moran, P. 2017. Polyphyletic ancestry of expanding Patagonian Chinook salmon populations. Scientific Reports 7(1). doi: 10.1038/s41598-017-14465-y.","(Correa and Moran 2017) | (Correa and Gross 2008) | (Narum et al. 2017)","Correa.Boisjoly.collection.004223","Hueñuhueñu (Petrohue)","Hueñuhueñu, Petrohue",-41.260111,-72.477917,2004,2004-04-12,"Oncorhynchus tshawytscha",18,"Hooks/Poaching","Cristian Correa","CC BY-NC 4.0","Cristian Correa, orcid.org/0000-0002-8608-6858","not-for-profit use only","Correa & Boisjoly fish collection v.2025-11-27","Fish Database Correa-Boisjoly","Occurrence"
"Correa, Cristian, and Maryse Boisjoly (2025) Chilean fish collection and empirical database (Version 2025-11-27) [Unpublished dataset].","","Correa.Boisjoly.collection.007029","Valle Exploradores","Lago Aislado",-46.376777,-73.250979,2019,2019-01-13,"Galaxias platei",1,"Gill Net Experimental","Cristian Correa","CC BY-NC 4.0","Cristian Correa, orcid.org/0000-0002-8608-6858","not-for-profit use only","Correa & Boisjoly fish collection v.2025-11-27","Fish Database Correa-Boisjoly","Occurrence"
"Correa, Cristian, and Maryse Boisjoly (2025) Chilean fish collection and empirical database (Version 2025-11-27) [Unpublished dataset].","","Correa.Boisjoly.collection.007028","Valle Exploradores","Lago Aislado",-46.376777,-73.250979,2019,2019-01-13,"Salmo trutta",1,"Gill Net Experimental","Cristian Correa","CC BY-NC 4.0","Cristian Correa, orcid.org/0000-0002-8608-6858","not-for-profit use only","Correa & Boisjoly fish collection v.2025-11-27","Fish Database Correa-Boisjoly","Occurrence"
"Correa, Cristian, and Maryse Boisjoly (2025) Chilean fish collection and empirical database (Version 2025-11-27) [Unpublished dataset].","","Correa.Boisjoly.collection.011997","Valle Exploradores","Lago Aislado",-46.376454,-73.247836,2023,2023-01-09,"Salmo trutta",7,"Angling","Cristian Correa, Julien Cucherousset, Simon Blanchet","CC BY-NC 4.0","Cristian Correa, orcid.org/0000-0002-8608-6858","not-for-profit use only","Correa & Boisjoly fish collection v.2025-11-27","Fish Database Correa-Boisjoly","Occurrence"
"Correa, Cristian, and Maryse Boisjoly (2025) Chilean fish collection and empirical database (Version 2025-11-27) [Unpublished dataset].","","Correa.Boisjoly.collection.007983","Valle Exploradores","Lago Aislado",-46.376363,-73.247718,2019,2019-01-12,"Oncorhynchus tshawytscha",3,"Minnow Trap","Cristian Correa","CC BY-NC 4.0","Cristian Correa, orcid.org/0000-0002-8608-6858","not-for-profit use only","Correa & Boisjoly fish collection v.2025-11-27","Fish Database Correa-Boisjoly","Occurrence"
"Correa, Cristian, and Maryse Boisjoly (2025) Chilean fish collection and empirical database (Version 2025-11-27) [Unpublished dataset].","","Correa.Boisjoly.collection.004539","Valle Exploradores","Lago Aislado",-46.376035,-73.24722298,2014,2014-03-18,"Oncorhynchus tshawytscha",1,"Gill Net Aplochitonera 3mX5m  X2","Cristian Correa, Maryse Boisjoly","CC BY-NC 4.0","Cristian Correa, orcid.org/0000-0002-8608-6858","not-for-profit use only","Correa & Boisjoly fish collection v.2025-11-27","Fish Database Correa-Boisjoly","Occurrence"
"Correa, Cristian, and Maryse Boisjoly (2025) Chilean fish collection and empirical database (Version 2025-11-27) [Unpublished dataset].","","Correa.Boisjoly.collection.007030","Valle Exploradores","Lago Aislado",-46.375956,-73.246697,2019,2019-01-13,"Galaxias platei",1,"Seine net","Cristian Correa, Julien Cucherousset, Simon Blanchet, Jaime Schienfeldt","CC BY-NC 4.0","Cristian Correa, orcid.org/0000-0002-8608-6858","not-for-profit use only","Correa & Boisjoly fish collection v.2025-11-27","Fish Database Correa-Boisjoly","Occurrence"
"Correa, Cristian, and Maryse Boisjoly (2025) Chilean fish collection and empirical database (Version 2025-11-27) [Unpublished dataset].","","Correa.Boisjoly.collection.007027","Valle Exploradores","Lago Aislado",-46.375956,-73.246697,2019,2019-01-13,"Oncorhynchus tshawytscha",102,"Seine net","Cristian Correa, Julien Cucherousset, Simon Blanchet, Jaime Schienfeldt","CC BY-NC 4.0","Cristian Correa, orcid.org/0000-0002-8608-6858","not-for-profit use only","Correa & Boisjoly fish collection v.2025-11-27","Fish Database Correa-Boisjoly","Occurrence"
"Correa, Cristian, and Maryse Boisjoly (2025) Chilean fish collection and empirical database (Version 2025-11-27) [Unpublished dataset].","","Correa.Boisjoly.collection.007986","Valle Exploradores","Lago Aislado",-46.375956,-73.246697,2019,2019-01-16,"Oncorhynchus tshawytscha",3,"Electric fishing","Cristian Correa, Julien Cucherousset, Simon Blanchet, Didier Galop","CC BY-NC 4.0","Cristian Correa, orcid.org/0000-0002-8608-6858","not-for-profit use only","Correa & Boisjoly fish collection v.2025-11-27","Fish Database Correa-Boisjoly","Occurrence"
"Correa, Cristian, and Maryse Boisjoly (2025) Chilean fish collection and empirical database (Version 2025-11-27) [Unpublished dataset].","","Correa.Boisjoly.collection.007033","Valle Exploradores","Lago Aislado",-46.375956,-73.246697,2019,2019-01-16,"Salmo trutta",3,"Electric fishing","Cristian Correa, Julien Cucherousset, Simon Blanchet, Didier Galop","CC BY-NC 4.0","Cristian Correa, orcid.org/0000-0002-8608-6858","not-for-profit use only","Correa & Boisjoly fish collection v.2025-11-27","Fish Database Correa-Boisjoly","Occurrence"
"Correa, Cristian, and Maryse Boisjoly (2025) Chilean fish collection and empirical database (Version 2025-11-27) [Unpublished dataset].","","Correa.Boisjoly.collection.004532","Valle Exploradores","Lago Aislado",-46.37539102,-73.246047,2014,2014-03-17,"Galaxias platei",6,"Seine net","Cristian Correa, Maryse Boisjoly","CC BY-NC 4.0","Cristian Correa, orcid.org/0000-0002-8608-6858","not-for-profit use only","Correa & Boisjoly fish collection v.2025-11-27","Fish Database Correa-Boisjoly","Occurrence"
"Correa, Cristian, and Maryse Boisjoly (2025) Chilean fish collection and empirical database (Version 2025-11-27) [Unpublished dataset].","","Correa.Boisjoly.collection.004528","Valle Exploradores","Lago Aislado",-46.37539102,-73.246047,2014,2014-03-17,"Oncorhynchus tshawytscha",2,"Seine net","Cristian Correa, Maryse Boisjoly","CC BY-NC 4.0","Cristian Correa, orcid.org/0000-0002-8608-6858","not-for-profit use only","Correa & Boisjoly fish collection v.2025-11-27","Fish Database Correa-Boisjoly","Occurrence"
"Correa, Cristian, and Maryse Boisjoly (2025) Chilean fish collection and empirical database (Version 2025-11-27) [Unpublished dataset].","","Correa.Boisjoly.collection.004530","Valle Exploradores","Lago Aislado",-46.37539102,-73.246047,2014,2014-03-17,"Salmo trutta",6,"Seine net","Cristian Correa, Maryse Boisjoly","CC BY-NC 4.0","Cristian Correa, orcid.org/0000-0002-8608-6858","not-for-profit use only","Correa & Boisjoly fish collection v.2025-11-27","Fish Database Correa-Boisjoly","Occurrence"
"Correa, Cristian, and Maryse Boisjoly (2025) Chilean fish collection and empirical database (Version 2025-11-27) [Unpublished dataset].","","Correa.Boisjoly.collection.004545","Valle Exploradores","Lago Aislado",-46.37539102,-73.246047,2014,2014-03-18,"Galaxias platei",2,"Hand Collected, Minnow Trap","Cristian Correa, Maryse Boisjoly","CC BY-NC 4.0","Cristian Correa, orcid.org/0000-0002-8608-6858","not-for-profit use only","Correa & Boisjoly fish collection v.2025-11-27","Fish Database Correa-Boisjoly","Occurrence"
"Correa, Cristian, and Maryse Boisjoly (2025) Chilean fish collection and empirical database (Version 2025-11-27) [Unpublished dataset].","","Correa.Boisjoly.collection.004544","Valle Exploradores","Lago Aislado",-46.37539102,-73.246047,2014,2014-03-18,"Oncorhynchus tshawytscha",1,"Hand Collected","Cristian Correa, Maryse Boisjoly","CC BY-NC 4.0","Cristian Correa, orcid.org/0000-0002-8608-6858","not-for-profit use only","Correa & Boisjoly fish collection v.2025-11-27","Fish Database Correa-Boisjoly","Occurrence"
"Correa, Cristian, and Maryse Boisjoly (2025) Chilean fish collection and empirical database (Version 2025-11-27) [Unpublished dataset].","","Correa.Boisjoly.collection.004540","Valle Exploradores","Lago Aislado",-46.37539102,-73.246047,2014,2014-03-18,"Salmo trutta",4,"Gill Net Experimental","Cristian Correa, Maryse Boisjoly","CC BY-NC 4.0","Cristian Correa, orcid.org/0000-0002-8608-6858","not-for-profit use only","Correa & Boisjoly fish collection v.2025-11-27","Fish Database Correa-Boisjoly","Occurrence"
"Correa, Cristian, and Maryse Boisjoly (2025) Chilean fish collection and empirical database (Version 2025-11-27) [Unpublished dataset].","","Correa.Boisjoly.collection.007185","Valle Exploradores","Lago Aislado",-46.375313,-73.257109,2019,2019-01-17,"Oncorhynchus tshawytscha",7,"Angling","Jaime Schienfeldt","CC BY-NC 4.0","Cristian Correa, orcid.org/0000-0002-8608-6858","not-for-profit use only","Correa & Boisjoly fish collection v.2025-11-27","Fish Database Correa-Boisjoly","Occurrence"
"Correa, Cristian, and Maryse Boisjoly (2025) Chilean fish collection and empirical database (Version 2025-11-27) [Unpublished dataset].","","Correa.Boisjoly.collection.007184","Valle Exploradores","Lago Aislado",-46.375313,-73.257109,2019,2019-01-17,"Salmo trutta",42,"Angling","Jaime Schienfeldt","CC BY-NC 4.0","Cristian Correa, orcid.org/0000-0002-8608-6858","not-for-profit use only","Correa & Boisjoly fish collection v.2025-11-27","Fish Database Correa-Boisjoly","Occurrence"
"Correa, Cristian, and Maryse Boisjoly (2025) Chilean fish collection and empirical database (Version 2025-11-27) [Unpublished dataset].","","Correa.Boisjoly.collection.004538","Valle Exploradores","Lago Aislado",-46.37491602,-73.24579496,2014,2014-03-18,"Aplochiton marinus",1,"Gill Net Aplochitonera 3mX10m","Cristian Correa, Maryse Boisjoly","CC BY-NC 4.0","Cristian Correa, orcid.org/0000-0002-8608-6858","not-for-profit use only","Correa & Boisjoly fish collection v.2025-11-27","Fish Database Correa-Boisjoly","Occurrence"
"Correa, Cristian, and Maryse Boisjoly (2025) Chilean fish collection and empirical database (Version 2025-11-27) [Unpublished dataset].","","Correa.Boisjoly.collection.012004","Valle Exploradores","Lago Aislado",-46.373227,-73.2364699999999,2023,2023-01-09,"Salmo trutta",1,"Angling","Cristian Correa, Julien Cucherousset, Simon Blanchet","CC BY-NC 4.0","Cristian Correa, orcid.org/0000-0002-8608-6858","not-for-profit use only","Correa & Boisjoly fish collection v.2025-11-27","Fish Database Correa-Boisjoly","Occurrence"
"Correa, Cristian, and Maryse Boisjoly (2025) Chilean fish collection and empirical database (Version 2025-11-27) [Unpublished dataset].","","Correa.Boisjoly.collection.007031","Valle Exploradores","Lago Aislado",-46.372943,-73.261209,2019,2019-01-16,"Oncorhynchus tshawytscha",2,"Angling","Cristian Correa, Julien Cucherousset, Simon Blanchet, Didier Galop","CC BY-NC 4.0","Cristian Correa, orcid.org/0000-0002-8608-6858","not-for-profit use only","Correa & Boisjoly fish collection v.2025-11-27","Fish Database Correa-Boisjoly","Occurrence"
"Correa, Cristian, and Maryse Boisjoly (2025) Chilean fish collection and empirical database (Version 2025-11-27) [Unpublished dataset].","","Correa.Boisjoly.collection.007985","Valle Exploradores","Lago Aislado",-46.372943,-73.261209,2019,2019-01-16,"Salmo trutta",4,"Angling","Cristian Correa, Julien Cucherousset, Simon Blanchet, Didier Galop","CC BY-NC 4.0","Cristian Correa, orcid.org/0000-0002-8608-6858","not-for-profit use only","Correa & Boisjoly fish collection v.2025-11-27","Fish Database Correa-Boisjoly","Occurrence"
"Correa, Cristian, and Maryse Boisjoly (2025) Chilean fish collection and empirical database (Version 2025-11-27) [Unpublished dataset].","","Correa.Boisjoly.collection.012005","Valle Exploradores","Lago Aislado",-46.367221,-73.2371959999999,2023,2023-01-09,"Salmo trutta",15,"Angling","Cristian Correa, Simon Blanchet, Julien Cucherousset","CC BY-NC 4.0","Cristian Correa, orcid.org/0000-0002-8608-6858","not-for-profit use only","Correa & Boisjoly fish collection v.2025-11-27","Fish Database Correa-Boisjoly","Occurrence"
"Correa, Cristian, and Maryse Boisjoly (2025) Chilean fish collection and empirical database (Version 2025-11-27) [Unpublished dataset].","","Correa.Boisjoly.collection.004546","Valle Exploradores","Lago Aislado",-46.36571604,-73.27051998,2014,2014-03-19,"Oncorhynchus tshawytscha",1,"Harpoon","Cristian Correa, Maryse Boisjoly","CC BY-NC 4.0","Cristian Correa, orcid.org/0000-0002-8608-6858","not-for-profit use only","Correa & Boisjoly fish collection v.2025-11-27","Fish Database Correa-Boisjoly","Occurrence"
"Correa, Cristian, and Maryse Boisjoly (2025) Chilean fish collection and empirical database (Version 2025-11-27) [Unpublished dataset].","","Correa.Boisjoly.collection.004574","Valle Exploradores","Lago Aislado",-46.35968199,-73.287767,2014,2014-03-20,"Oncorhynchus tshawytscha",1,"Minnow Trap","Cristian Correa, Maryse Boisjoly","CC BY-NC 4.0","Cristian Correa, orcid.org/0000-0002-8608-6858","not-for-profit use only","Correa & Boisjoly fish collection v.2025-11-27","Fish Database Correa-Boisjoly","Occurrence"
"Correa, Cristian, and Maryse Boisjoly (2025) Chilean fish collection and empirical database (Version 2025-11-27) [Unpublished dataset].","","Correa.Boisjoly.collection.004526","Valle Exploradores","Lago Aislado",-46.358849,-73.28902697,2014,2014-03-16,"Oncorhynchus tshawytscha",2,"Harpoon","Cristian Correa, Maryse Boisjoly","CC BY-NC 4.0","Cristian Correa, orcid.org/0000-0002-8608-6858","not-for-profit use only","Correa & Boisjoly fish collection v.2025-11-27","Fish Database Correa-Boisjoly","Occurrence"
"Correa, Cristian, and Maryse Boisjoly (2025) Chilean fish collection and empirical database (Version 2025-11-27) [Unpublished dataset].","","Correa.Boisjoly.collection.004567","Valle Exploradores","Lago Aislado",-46.358849,-73.28902697,2014,2014-03-20,"Oncorhynchus tshawytscha",7,"Harpoon","Cristian Correa, Maryse Boisjoly","CC BY-NC 4.0","Cristian Correa, orcid.org/0000-0002-8608-6858","not-for-profit use only","Correa & Boisjoly fish collection v.2025-11-27","Fish Database Correa-Boisjoly","Occurrence"
"Correa, Cristian, and Maryse Boisjoly (2025) Chilean fish collection and empirical database (Version 2025-11-27) [Unpublished dataset].","","Correa.Boisjoly.collection.008695","Lago Atravesado","Lago Atravesado",-45.700192,-72.297064,2016,2016-12-21,"Salmo trutta",3,"Seine net","Cristian Correa, Gabriel Orrellana","CC BY-NC 4.0","Cristian Correa, orcid.org/0000-0002-8608-6858","not-for-profit use only","Correa & Boisjoly fish collection v.2025-11-27","Fish Database Correa-Boisjoly","Occurrence"
"Correa, Cristian, and Maryse Boisjoly (2025) Chilean fish collection and empirical database (Version 2025-11-27) [Unpublished dataset].","","Correa.Boisjoly.collection.005962","Lago Balmaceda","Lago Balmaceda",-51.93363997,-72.35920636,2015,2015-04-17,"Salmo trutta",49,"Electric fishing","Cristian Correa, Maryse Boisjoly, Jonathan Poblete","CC BY-NC 4.0","Cristian Correa, orcid.org/0000-0002-8608-6858","not-for-profit use only","Correa & Boisjoly fish collection v.2025-11-27","Fish Database Correa-Boisjoly","Occurrence"
"Correa, Cristian, and Maryse Boisjoly (2025) Chilean fish collection and empirical database (Version 2025-11-27) [Unpublished dataset].","","Correa.Boisjoly.collection.005943","Lago Balmaceda","Lago Balmaceda",-51.927723,-72.355777,2015,2015-04-17,"Galaxias maculatus",7,"Seine net","Cristian Correa, Jonathan Poblete","CC BY-NC 4.0","Cristian Correa, orcid.org/0000-0002-8608-6858","not-for-profit use only","Correa & Boisjoly fish collection v.2025-11-27","Fish Database Correa-Boisjoly","Occurrence"
"Correa, Cristian, and Maryse Boisjoly (2025) Chilean fish collection and empirical database (Version 2025-11-27) [Unpublished dataset].","","Correa.Boisjoly.collection.005939","Lago Balmaceda","Lago Balmaceda",-51.927058,-72.3627,2015,2015-04-16,"Galaxias maculatus",30,"Seine net","Maryse Boisjoly, Cristian Correa","CC BY-NC 4.0","Cristian Correa, orcid.org/0000-0002-8608-6858","not-for-profit use only","Correa & Boisjoly fish collection v.2025-11-27","Fish Database Correa-Boisjoly","Occurrence"
"Correa, Cristian, and Maryse Boisjoly (2025) Chilean fish collection and empirical database (Version 2025-11-27) [Unpublished dataset].","","Correa.Boisjoly.collection.005940","Lago Balmaceda","Lago Balmaceda",-51.926961,-72.361106,2015,2015-04-17,"Aplochiton taeniatus",1,"Gill Net","Cristian Correa","CC BY-NC 4.0","Cristian Correa, orcid.org/0000-0002-8608-6858","not-for-profit use only","Correa & Boisjoly fish collection v.2025-11-27","Fish Database Correa-Boisjoly","Occurrence"
"Correa, Cristian, and Maryse Boisjoly (2025) Chilean fish collection and empirical database (Version 2025-11-27) [Unpublished dataset].","","Correa.Boisjoly.collection.005941","Lago Balmaceda","Lago Balmaceda",-51.926961,-72.361106,2015,2015-04-17,"Salmo trutta",2,"Gill Net","Cristian Correa","CC BY-NC 4.0","Cristian Correa, orcid.org/0000-0002-8608-6858","not-for-profit use only","Correa & Boisjoly fish collection v.2025-11-27","Fish Database Correa-Boisjoly","Occurrence"
"Correa, C., and Hendry, A.P. 2012. Invasive salmonids and lake order interact in the decline of puye grande Galaxias platei in western Patagonia lakes. Ecological Applications 22(3): 828–842. doi:10.1890/11-1174.1.","(Correa and Hendry 2012) | (Correa et al. 2012)","Correa.Boisjoly.collection.000577","Barroso","Lago Barroso",-45.739552,-72.245082,2007,2007-03-06,"Galaxias platei",32,"Trapping","Cristian Correa","CC BY-NC 4.0","Cristian Correa, orcid.org/0000-0002-8608-6858","not-for-profit use only","Correa & Boisjoly fish collection v.2025-11-27","Fish Database Correa-Boisjoly","Occurrence"
"Correa, C., Bravo, A.P., and Hendry, A.P. 2012. Reciprocal trophic niche shifts in native and invasive fish: salmonids and galaxiids in Patagonian lakes. Freshwater Biology 57(9): 1769–1781.","(Correa et al. 2012) | (Correa and Hendry 2012)","Correa.Boisjoly.collection.000609","Barroso","Lago Barroso",-45.739552,-72.245082,2007,2007-03-06,"Salmo trutta",19,"Bottom gillnet L, Bottom gillnet S","Cristian Correa","CC BY-NC 4.0","Cristian Correa, orcid.org/0000-0002-8608-6858","not-for-profit use only","Correa & Boisjoly fish collection v.2025-11-27","Fish Database Correa-Boisjoly","Occurrence"
"Correa, C., and Hendry, A.P. 2012. Invasive salmonids and lake order interact in the decline of puye grande Galaxias platei in western Patagonia lakes. Ecological Applications 22(3): 828–842. doi:10.1890/11-1174.1.","(Correa and Hendry 2012)","Correa.Boisjoly.collection.000621","Barroso","Lago Barroso",-45.739552,-72.245082,2007,2007-03-07,"Galaxias platei",15,"Electric fishing","Cristian Correa","CC BY-NC 4.0","Cristian Correa, orcid.org/0000-0002-8608-6858","not-for-profit use only","Correa & Boisjoly fish collection v.2025-11-27","Fish Database Correa-Boisjoly","Occurrence"
"Correa, C., and Hendry, A.P. 2012. Invasive salmonids and lake order interact in the decline of puye grande Galaxias platei in western Patagonia lakes. Ecological Applications 22(3): 828–842. doi:10.1890/11-1174.1.","(Correa and Hendry 2012)","Correa.Boisjoly.collection.000628","Barroso","Lago Barroso",-45.739552,-72.245082,2007,2007-03-07,"Salmo trutta",56,"Electric fishing","Cristian Correa","CC BY-NC 4.0","Cristian Correa, orcid.org/0000-0002-8608-6858","not-for-profit use only","Correa & Boisjoly fish collection v.2025-11-27","Fish Database Correa-Boisjoly","Occurrence"
"Correa, C., Bravo, A.P., and Hendry, A.P. 2012. Reciprocal trophic niche shifts in native and invasive fish: salmonids and galaxiids in Patagonian lakes. Freshwater Biology 57(9): 1769–1781.","(Correa et al. 2012) | (Correa and Hendry 2012)","Correa.Boisjoly.collection.002866","Barroso","Lago Barroso",-45.739552,-72.245082,2009,2009-03-24,"Galaxias platei",34,"Electric fishing","Cristian Correa","CC BY-NC 4.0","Cristian Correa, orcid.org/0000-0002-8608-6858","not-for-profit use only","Correa & Boisjoly fish collection v.2025-11-27","Fish Database Correa-Boisjoly","Occurrence"
"Correa, C., and Hendry, A.P. 2012. Invasive salmonids and lake order interact in the decline of puye grande Galaxias platei in western Patagonia lakes. Ecological Applications 22(3): 828–842. doi:10.1890/11-1174.1.","(Correa and Hendry 2012)","Correa.Boisjoly.collection.002892","Barroso","Lago Barroso",-45.739552,-72.245082,2009,2009-03-24,"Salmo trutta",6,"Electric fishing","Cristian Correa","CC BY-NC 4.0","Cristian Correa, orcid.org/0000-0002-8608-6858","not-for-profit use only","Correa & Boisjoly fish collection v.2025-11-27","Fish Database Correa-Boisjoly","Occurrence"
"Correa, C., Bravo, A.P., and Hendry, A.P. 2012. Reciprocal trophic niche shifts in native and invasive fish: salmonids and galaxiids in Patagonian lakes. Freshwater Biology 57(9): 1769–1781.","(Correa et al. 2012) | (Correa and Hendry 2012)","Correa.Boisjoly.collection.003508","Barroso","Lago Barroso",-45.739552,-72.245082,2009,2009-11-01,"Galaxias platei",12,"Electric fishing","Cristian Correa","CC BY-NC 4.0","Cristian Correa, orcid.org/0000-0002-8608-6858","not-for-profit use only","Correa & Boisjoly fish collection v.2025-11-27","Fish Database Correa-Boisjoly","Occurrence"
"Correa, C., Bravo, A.P., and Hendry, A.P. 2012. Reciprocal trophic niche shifts in native and invasive fish: salmonids and galaxiids in Patagonian lakes. Freshwater Biology 57(9): 1769–1781.","(Correa et al. 2012) | (Correa and Hendry 2012)","Correa.Boisjoly.collection.003516","Barroso","Lago Barroso",-45.739552,-72.245082,2009,2009-11-01,"Salmo trutta",12,"Electric fishing","Cristian Correa","CC BY-NC 4.0","Cristian Correa, orcid.org/0000-0002-8608-6858","not-for-profit use only","Correa & Boisjoly fish collection v.2025-11-27","Fish Database Correa-Boisjoly","Occurrence"
"Correa, Cristian, and Maryse Boisjoly (2025) Chilean fish collection and empirical database (Version 2025-11-27) [Unpublished dataset].","","Correa.Boisjoly.collection.012154","Valle Exploradores","Lago Bayo",-46.491536,-73.121668,2023,2023-01-13,"Salmo trutta",11,"Angling","Cristian Correa, Simon Blanchet, Julien Cucherousset","CC BY-NC 4.0","Cristian Correa, orcid.org/0000-0002-8608-6858","not-for-profit use only","Correa & Boisjoly fish collection v.2025-11-27","Fish Database Correa-Boisjoly","Occurrence"
"Correa, Cristian, and Maryse Boisjoly (2025) Chilean fish collection and empirical database (Version 2025-11-27) [Unpublished dataset].","","Correa.Boisjoly.collection.006262","Lago Blanco","Lago Blanco",-42.752964,-72.604903,2014,2014-03-01,"Galaxias maculatus",30,"Minnow Trap","Cristian Correa, Maryse Boisjoly","CC BY-NC 4.0","Cristian Correa, orcid.org/0000-0002-8608-6858","not-for-profit use only","Correa & Boisjoly fish collection v.2025-11-27","Fish Database Correa-Boisjoly","Occurrence"
"Correa, Cristian, and Maryse Boisjoly (2025) Chilean fish collection and empirical database (Version 2025-11-27) [Unpublished dataset].","","Correa.Boisjoly.collection.006263","Lago Blanco","Lago Blanco",-42.752964,-72.604903,2014,2014-03-01,"Geotria australis",1,"Minnow Trap","Cristian Correa, Maryse Boisjoly","CC BY-NC 4.0","Cristian Correa, orcid.org/0000-0002-8608-6858","not-for-profit use only","Correa & Boisjoly fish collection v.2025-11-27","Fish Database Correa-Boisjoly","Occurrence"
"Correa, Cristian, and Maryse Boisjoly (2025) Chilean fish collection and empirical database (Version 2025-11-27) [Unpublished dataset].","","Correa.Boisjoly.collection.006264","Lago Blanco","Lago Blanco",-42.752964,-72.604903,2014,2014-03-01,"Oncorhynchus mykiss",4,"Gill Net Aplochitonera 3mX5m","Cristian Correa, Maryse Boisjoly","CC BY-NC 4.0","Cristian Correa, orcid.org/0000-0002-8608-6858","not-for-profit use only","Correa & Boisjoly fish collection v.2025-11-27","Fish Database Correa-Boisjoly","Occurrence"
"Correa, C., Bravo, A.P., and Hendry, A.P. 2012. Reciprocal trophic niche shifts in native and invasive fish: salmonids and galaxiids in Patagonian lakes. Freshwater Biology 57(9): 1769–1781.","(Correa et al. 2012) | (Correa and Hendry 2012)","Correa.Boisjoly.collection.002543","Burgos","Lago Burgos",-45.712804,-72.218462,2009,2009-02-19,"Oncorhynchus mykiss",16,"Bottom gillnet S","Cristian Correa","CC BY-NC 4.0","Cristian Correa, orcid.org/0000-0002-8608-6858","not-for-profit use only","Correa & Boisjoly fish collection v.2025-11-27","Fish Database Correa-Boisjoly","Occurrence"
"Correa, C., Bravo, A.P., and Hendry, A.P. 2012. Reciprocal trophic niche shifts in native and invasive fish: salmonids and galaxiids in Patagonian lakes. Freshwater Biology 57(9): 1769–1781.","(Correa et al. 2012) | (Correa and Hendry 2012)","Correa.Boisjoly.collection.002551","Burgos","Lago Burgos",-45.712804,-72.218462,2009,2009-02-19,"Salmo trutta",4,"Bottom gillnet S","Cristian Correa","CC BY-NC 4.0","Cristian Correa, orcid.org/0000-0002-8608-6858","not-for-profit use only","Correa & Boisjoly fish collection v.2025-11-27","Fish Database Correa-Boisjoly","Occurrence"
"Correa, Cristian, and Maryse Boisjoly (2025) Chilean fish collection and empirical database (Version 2025-11-27) [Unpublished dataset].","","Correa.Boisjoly.collection.005250","Caro","Lago Caro",-45.80969101,-72.591674,2014,2014-04-20,"Aplochiton sp.",6,"Seine net","Cristian Correa, Maryse Boisjoly","CC BY-NC 4.0","Cristian Correa, orcid.org/0000-0002-8608-6858","not-for-profit use only","Correa & Boisjoly fish collection v.2025-11-27","Fish Database Correa-Boisjoly","Occurrence"
"Correa, Cristian, and Maryse Boisjoly (2025) Chilean fish collection and empirical database (Version 2025-11-27) [Unpublished dataset].","","Correa.Boisjoly.collection.003075","Caro","Lago Caro",-45.804111,-72.54898,2009,2009-04-10,"Aplochiton sp.",10,"Seine net","Cristian Correa","CC BY-NC 4.0","Cristian Correa, orcid.org/0000-0002-8608-6858","not-for-profit use only","Correa & Boisjoly fish collection v.2025-11-27","Fish Database Correa-Boisjoly","Occurrence"
"Correa, C., Bravo, A.P., and Hendry, A.P. 2012. Reciprocal trophic niche shifts in native and invasive fish: salmonids and galaxiids in Patagonian lakes. Freshwater Biology 57(9): 1769–1781.","(Correa et al. 2012) | (Alò et al. 2013) | (Alò et al. 2019)","Correa.Boisjoly.collection.003026","Caro","Lago Caro",-45.804111,-72.54898,2009,2009-04-10,"Aplochiton taeniatus",227,"Bottom gillnet S, Seine net","Cristian Correa","CC BY-NC 4.0","Cristian Correa, orcid.org/0000-0002-8608-6858","not-for-profit use only","Correa & Boisjoly fish collection v.2025-11-27","Fish Database Correa-Boisjoly","Occurrence"
"Correa, C., Bravo, A.P., and Hendry, A.P. 2012. Reciprocal trophic niche shifts in native and invasive fish: salmonids and galaxiids in Patagonian lakes. Freshwater Biology 57(9): 1769–1781.","(Correa et al. 2012) | (Alò et al. 2013) | (Alò et al. 2019)","Correa.Boisjoly.collection.003085","Caro","Lago Caro",-45.804111,-72.54898,2009,2009-04-10,"Aplochiton zebra",63,"Seine net","Cristian Correa","CC BY-NC 4.0","Cristian Correa, orcid.org/0000-0002-8608-6858","not-for-profit use only","Correa & Boisjoly fish collection v.2025-11-27","Fish Database Correa-Boisjoly","Occurrence"
"Correa, C., Bravo, A.P., and Hendry, A.P. 2012. Reciprocal trophic niche shifts in native and invasive fish: salmonids and galaxiids in Patagonian lakes. Freshwater Biology 57(9): 1769–1781.","(Correa et al. 2012) | (Alò et al. 2019)","Correa.Boisjoly.collection.003038","Caro","Lago Caro",-45.804111,-72.54898,2009,2009-04-10,"Oncorhynchus mykiss",2,"Bottom gillnet S","Cristian Correa","CC BY-NC 4.0","Cristian Correa, orcid.org/0000-0002-8608-6858","not-for-profit use only","Correa & Boisjoly fish collection v.2025-11-27","Fish Database Correa-Boisjoly","Occurrence"
"Correa, C., Bravo, A.P., and Hendry, A.P. 2012. Reciprocal trophic niche shifts in native and invasive fish: salmonids and galaxiids in Patagonian lakes. Freshwater Biology 57(9): 1769–1781.","(Correa et al. 2012) | (Alò et al. 2019)","Correa.Boisjoly.collection.002830","Caro","Lago Caro",-45.804111,-72.54898,2009,2009-04-10,"Salmo trutta",7,"Bottom gillnet S, Superficial gillnet tip, Seine net","Cristian Correa","CC BY-NC 4.0","Cristian Correa, orcid.org/0000-0002-8608-6858","not-for-profit use only","Correa & Boisjoly fish collection v.2025-11-27","Fish Database Correa-Boisjoly","Occurrence"
"Correa, C., Bravo, A.P., and Hendry, A.P. 2012. Reciprocal trophic niche shifts in native and invasive fish: salmonids and galaxiids in Patagonian lakes. Freshwater Biology 57(9): 1769–1781.","(Correa et al. 2012) | (Alò et al. 2013)","Correa.Boisjoly.collection.003040","Caro","Lago Caro",-45.804111,-72.54898,2009,2009-04-11,"Aplochiton taeniatus",17,"Bottom gillnet S","Cristian Correa","CC BY-NC 4.0","Cristian Correa, orcid.org/0000-0002-8608-6858","not-for-profit use only","Correa & Boisjoly fish collection v.2025-11-27","Fish Database Correa-Boisjoly","Occurrence"
"Correa, C., Bravo, A.P., and Hendry, A.P. 2012. Reciprocal trophic niche shifts in native and invasive fish: salmonids and galaxiids in Patagonian lakes. Freshwater Biology 57(9): 1769–1781.","(Correa et al. 2012)","Correa.Boisjoly.collection.003055","Caro","Lago Caro",-45.804111,-72.54898,2009,2009-04-11,"Galaxias platei",1,"Bottom gillnet S","Cristian Correa","CC BY-NC 4.0","Cristian Correa, orcid.org/0000-0002-8608-6858","not-for-profit use only","Correa & Boisjoly fish collection v.2025-11-27","Fish Database Correa-Boisjoly","Occurrence"
"Correa, C., Bravo, A.P., and Hendry, A.P. 2012. Reciprocal trophic niche shifts in native and invasive fish: salmonids and galaxiids in Patagonian lakes. Freshwater Biology 57(9): 1769–1781.","(Correa et al. 2012) | (Alò et al. 2019)","Correa.Boisjoly.collection.003056","Caro","Lago Caro",-45.804111,-72.54898,2009,2009-04-11,"Oncorhynchus mykiss",4,"Bottom gillnet S","Cristian Correa","CC BY-NC 4.0","Cristian Correa, orcid.org/0000-0002-8608-6858","not-for-profit use only","Correa & Boisjoly fish collection v.2025-11-27","Fish Database Correa-Boisjoly","Occurrence"
"Alò, D., Correa, C., Samaniego, H., Krabbenhoft, C.A., and Turner, T.F. 2019. Otolith microchemistry and diadromy in Patagonian river fishes. PeerJ 7: e6149. PeerJ Inc. doi: 10.7717/peerj.6149.","(Alò et al. 2019) | (Correa et al. 2012)","Correa.Boisjoly.collection.003058","Caro","Lago Caro",-45.804111,-72.54898,2009,2009-04-11,"Salmo trutta",10,"Bottom gillnet S","Cristian Correa","CC BY-NC 4.0","Cristian Correa, orcid.org/0000-0002-8608-6858","not-for-profit use only","Correa & Boisjoly fish collection v.2025-11-27","Fish Database Correa-Boisjoly","Occurrence"
"Correa, Cristian, and Maryse Boisjoly (2025) Chilean fish collection and empirical database (Version 2025-11-27) [Unpublished dataset].","","Correa.Boisjoly.collection.004868","Caro","Lago Caro",-45.80169501,-72.60385098,2014,2014-04-20,"Aplochiton taeniatus",1,"Gill Net Experimental","Cristian Correa, Maryse Boisjoly","CC BY-NC 4.0","Cristian Correa, orcid.org/0000-0002-8608-6858","not-for-profit use only","Correa & Boisjoly fish collection v.2025-11-27","Fish Database Correa-Boisjoly","Occurrence"
"Correa, Cristian, and Maryse Boisjoly (2025) Chilean fish collection and empirical database (Version 2025-11-27) [Unpublished dataset].","","Correa.Boisjoly.collection.004831","Caro","Lago Caro",-45.80169501,-72.60385098,2014,2014-04-20,"Salmo trutta",22,"Gill Net Experimental","Cristian Correa, Maryse Boisjoly","CC BY-NC 4.0","Cristian Correa, orcid.org/0000-0002-8608-6858","not-for-profit use only","Correa & Boisjoly fish collection v.2025-11-27","Fish Database Correa-Boisjoly","Occurrence"
"Correa, Cristian, and Maryse Boisjoly (2025) Chilean fish collection and empirical database (Version 2025-11-27) [Unpublished dataset].","","Correa.Boisjoly.collection.004866","Caro","Lago Caro",-45.80085103,-72.60413102,2014,2014-04-20,"Aplochiton taeniatus",3,"Gill Net Experimental","Cristian Correa, Maryse Boisjoly","CC BY-NC 4.0","Cristian Correa, orcid.org/0000-0002-8608-6858","not-for-profit use only","Correa & Boisjoly fish collection v.2025-11-27","Fish Database Correa-Boisjoly","Occurrence"
"Correa, Cristian, and Maryse Boisjoly (2025) Chilean fish collection and empirical database (Version 2025-11-27) [Unpublished dataset].","","Correa.Boisjoly.collection.004867","Caro","Lago Caro",-45.80085103,-72.60413102,2014,2014-04-20,"Aplochiton zebra",1,"Gill Net Experimental","Cristian Correa, Maryse Boisjoly","CC BY-NC 4.0","Cristian Correa, orcid.org/0000-0002-8608-6858","not-for-profit use only","Correa & Boisjoly fish collection v.2025-11-27","Fish Database Correa-Boisjoly","Occurrence"
"Correa, Cristian, and Maryse Boisjoly (2025) Chilean fish collection and empirical database (Version 2025-11-27) [Unpublished dataset].","","Correa.Boisjoly.collection.004886","Caro","Lago Caro",-45.80085103,-72.60413102,2014,2014-04-20,"Oncorhynchus mykiss",1,"Gill Net Experimental","Cristian Correa, Maryse Boisjoly","CC BY-NC 4.0","Cristian Correa, orcid.org/0000-0002-8608-6858","not-for-profit use only","Correa & Boisjoly fish collection v.2025-11-27","Fish Database Correa-Boisjoly","Occurrence"
"Correa, Cristian, and Maryse Boisjoly (2025) Chilean fish collection and empirical database (Version 2025-11-27) [Unpublished dataset].","","Correa.Boisjoly.collection.004827","Caro","Lago Caro",-45.80085103,-72.60413102,2014,2014-04-20,"Salmo trutta",4,"Gill Net Experimental","Cristian Correa, Maryse Boisjoly","CC BY-NC 4.0","Cristian Correa, orcid.org/0000-0002-8608-6858","not-for-profit use only","Correa & Boisjoly fish collection v.2025-11-27","Fish Database Correa-Boisjoly","Occurrence"
"Correa, Cristian, and Maryse Boisjoly (2025) Chilean fish collection and empirical database (Version 2025-11-27) [Unpublished dataset].","","Correa.Boisjoly.collection.004887","Caro","Lago Caro",-45.79946098,-72.60446797,2014,2014-04-20,"Salmo trutta",1,"Gill Net Aplochitonera","Cristian Correa, Maryse Boisjoly","CC BY-NC 4.0","Cristian Correa, orcid.org/0000-0002-8608-6858","not-for-profit use only","Correa & Boisjoly fish collection v.2025-11-27","Fish Database Correa-Boisjoly","Occurrence"
"Correa, Cristian, and Maryse Boisjoly (2025) Chilean fish collection and empirical database (Version 2025-11-27) [Unpublished dataset].","","Correa.Boisjoly.collection.004824","Caro","Lago Caro",-45.799191,-72.50379704,2014,2014-04-18,"Galaxias platei",1,"Minnow Trap","Cristian Correa, Maryse Boisjoly","CC BY-NC 4.0","Cristian Correa, orcid.org/0000-0002-8608-6858","not-for-profit use only","Correa & Boisjoly fish collection v.2025-11-27","Fish Database Correa-Boisjoly","Occurrence"
"Correa, Cristian, and Maryse Boisjoly (2025) Chilean fish collection and empirical database (Version 2025-11-27) [Unpublished dataset].","","Correa.Boisjoly.collection.004826","Caro","Lago Caro",-45.799191,-72.50379704,2014,2014-04-18,"Salmo trutta",1,"Minnow Trap","Cristian Correa, Maryse Boisjoly","CC BY-NC 4.0","Cristian Correa, orcid.org/0000-0002-8608-6858","not-for-profit use only","Correa & Boisjoly fish collection v.2025-11-27","Fish Database Correa-Boisjoly","Occurrence"
"Correa, Cristian, and Maryse Boisjoly (2025) Chilean fish collection and empirical database (Version 2025-11-27) [Unpublished dataset].","","Correa.Boisjoly.collection.004822","Caro","Lago Caro",-45.79884499,-72.50694402,2014,2014-04-19,"Salmo trutta",1,"Gill Net Aplochitonera","Cristian Correa, Maryse Boisjoly","CC BY-NC 4.0","Cristian Correa, orcid.org/0000-0002-8608-6858","not-for-profit use only","Correa & Boisjoly fish collection v.2025-11-27","Fish Database Correa-Boisjoly","Occurrence"
"Correa, Cristian, and Maryse Boisjoly (2025) Chilean fish collection and empirical database (Version 2025-11-27) [Unpublished dataset].","","Correa.Boisjoly.collection.004825","Caro","Lago Caro",-45.798832,-72.50708099,2014,2014-04-18,"Galaxias platei",1,"Minnow Trap","Cristian Correa, Maryse Boisjoly","CC BY-NC 4.0","Cristian Correa, orcid.org/0000-0002-8608-6858","not-for-profit use only","Correa & Boisjoly fish collection v.2025-11-27","Fish Database Correa-Boisjoly","Occurrence"
"Correa, Cristian, and Maryse Boisjoly (2025) Chilean fish collection and empirical database (Version 2025-11-27) [Unpublished dataset].","","Correa.Boisjoly.collection.004854","Caro","Lago Caro",-45.79865003,-72.50746798,2014,2014-04-20,"Aplochiton sp.",556,"Seine net","Cristian Correa, Maryse Boisjoly","CC BY-NC 4.0","Cristian Correa, orcid.org/0000-0002-8608-6858","not-for-profit use only","Correa & Boisjoly fish collection v.2025-11-27","Fish Database Correa-Boisjoly","Occurrence"
"Correa, Cristian, and Maryse Boisjoly (2025) Chilean fish collection and empirical database (Version 2025-11-27) [Unpublished dataset].","","Correa.Boisjoly.collection.004857","Caro","Lago Caro",-45.79865003,-72.50746798,2014,2014-04-20,"Aplochiton taeniatus",3,"Seine net","Cristian Correa, Maryse Boisjoly","CC BY-NC 4.0","Cristian Correa, orcid.org/0000-0002-8608-6858","not-for-profit use only","Correa & Boisjoly fish collection v.2025-11-27","Fish Database Correa-Boisjoly","Occurrence"
"Correa, Cristian, and Maryse Boisjoly (2025) Chilean fish collection and empirical database (Version 2025-11-27) [Unpublished dataset].","","Correa.Boisjoly.collection.004853","Caro","Lago Caro",-45.79865003,-72.50746798,2014,2014-04-20,"Aplochiton zebra",59,"Seine net","Cristian Correa, Maryse Boisjoly","CC BY-NC 4.0","Cristian Correa, orcid.org/0000-0002-8608-6858","not-for-profit use only","Correa & Boisjoly fish collection v.2025-11-27","Fish Database Correa-Boisjoly","Occurrence"
"Correa, Cristian, and Maryse Boisjoly (2025) Chilean fish collection and empirical database (Version 2025-11-27) [Unpublished dataset].","","Correa.Boisjoly.collection.004860","Caro","Lago Caro",-45.79865003,-72.50746798,2014,2014-04-20,"Oncorhynchus mykiss",3,"Seine net","Cristian Correa, Maryse Boisjoly","CC BY-NC 4.0","Cristian Correa, orcid.org/0000-0002-8608-6858","not-for-profit use only","Correa & Boisjoly fish collection v.2025-11-27","Fish Database Correa-Boisjoly","Occurrence"
"Correa, Cristian, and Maryse Boisjoly (2025) Chilean fish collection and empirical database (Version 2025-11-27) [Unpublished dataset].","","Correa.Boisjoly.collection.004861","Caro","Lago Caro",-45.79865003,-72.50746798,2014,2014-04-20,"Salmo trutta",1,"Seine net","Cristian Correa, Maryse Boisjoly","CC BY-NC 4.0","Cristian Correa, orcid.org/0000-0002-8608-6858","not-for-profit use only","Correa & Boisjoly fish collection v.2025-11-27","Fish Database Correa-Boisjoly","Occurrence"
"Correa, Cristian, and Maryse Boisjoly (2025) Chilean fish collection and empirical database (Version 2025-11-27) [Unpublished dataset].","","Correa.Boisjoly.collection.004823","Caro","Lago Caro",-45.79781796,-72.50800702,2014,2014-04-19,"Aplochiton taeniatus",1,"Gill Net Experimental","Cristian Correa, Maryse Boisjoly","CC BY-NC 4.0","Cristian Correa, orcid.org/0000-0002-8608-6858","not-for-profit use only","Correa & Boisjoly fish collection v.2025-11-27","Fish Database Correa-Boisjoly","Occurrence"
"Correa, Cristian, and Maryse Boisjoly (2025) Chilean fish collection and empirical database (Version 2025-11-27) [Unpublished dataset].","","Correa.Boisjoly.collection.004814","Caro","Lago Caro",-45.79781796,-72.50800702,2014,2014-04-19,"Oncorhynchus mykiss",2,"Gill Net Experimental","Cristian Correa, Maryse Boisjoly","CC BY-NC 4.0","Cristian Correa, orcid.org/0000-0002-8608-6858","not-for-profit use only","Correa & Boisjoly fish collection v.2025-11-27","Fish Database Correa-Boisjoly","Occurrence"
"Correa, Cristian, and Maryse Boisjoly (2025) Chilean fish collection and empirical database (Version 2025-11-27) [Unpublished dataset].","","Correa.Boisjoly.collection.004813","Caro","Lago Caro",-45.79781796,-72.50800702,2014,2014-04-19,"Salmo trutta",7,"Gill Net Experimental","Cristian Correa, Maryse Boisjoly","CC BY-NC 4.0","Cristian Correa, orcid.org/0000-0002-8608-6858","not-for-profit use only","Correa & Boisjoly fish collection v.2025-11-27","Fish Database Correa-Boisjoly","Occurrence"
"Correa, C., and Hendry, A.P. 2012. Invasive salmonids and lake order interact in the decline of puye grande Galaxias platei in western Patagonia lakes. Ecological Applications 22(3): 828–842. doi:10.1890/11-1174.1.","(Correa and Hendry 2012)","Correa.Boisjoly.collection.000012","Castor","Lago Castor",-45.600278,-71.781556,2007,2007-02-07,"Galaxias platei",1,"Fly fishing","Cristian Correa","CC BY-NC 4.0","Cristian Correa, orcid.org/0000-0002-8608-6858","not-for-profit use only","Correa & Boisjoly fish collection v.2025-11-27","Fish Database Correa-Boisjoly","Occurrence"
"Correa, C., Bravo, A.P., and Hendry, A.P. 2012. Reciprocal trophic niche shifts in native and invasive fish: salmonids and galaxiids in Patagonian lakes. Freshwater Biology 57(9): 1769–1781.","(Correa et al. 2012) | (Correa and Hendry 2012)","Correa.Boisjoly.collection.000013","Castor","Lago Castor",-45.600278,-71.781556,2007,2007-02-08,"Galaxias platei",13,"Trapping, Bottom gillnet S, Bottom gillnet L","Cristian Correa","CC BY-NC 4.0","Cristian Correa, orcid.org/0000-0002-8608-6858","not-for-profit use only","Correa & Boisjoly fish collection v.2025-11-27","Fish Database Correa-Boisjoly","Occurrence"
"Correa, C., Bravo, A.P., and Hendry, A.P. 2012. Reciprocal trophic niche shifts in native and invasive fish: salmonids and galaxiids in Patagonian lakes. Freshwater Biology 57(9): 1769–1781.","(Correa et al. 2012) | (Correa and Hendry 2012)","Correa.Boisjoly.collection.000019","Castor","Lago Castor",-45.600278,-71.781556,2007,2007-02-08,"Oncorhynchus mykiss",3,"Bottom gillnet S, Bottom gillnet L","Cristian Correa","CC BY-NC 4.0","Cristian Correa, orcid.org/0000-0002-8608-6858","not-for-profit use only","Correa & Boisjoly fish collection v.2025-11-27","Fish Database Correa-Boisjoly","Occurrence"
"Correa, C., and Hendry, A.P. 2012. Invasive salmonids and lake order interact in the decline of puye grande Galaxias platei in western Patagonia lakes. Ecological Applications 22(3): 828–842. doi:10.1890/11-1174.1.","(Correa and Hendry 2012)","Correa.Boisjoly.collection.000022","Castor","Lago Castor",-45.600278,-71.781556,2007,2007-02-10,"Galaxias platei",25,"Electric fishing","Cristian Correa","CC BY-NC 4.0","Cristian Correa, orcid.org/0000-0002-8608-6858","not-for-profit use only","Correa & Boisjoly fish collection v.2025-11-27","Fish Database Correa-Boisjoly","Occurrence"
"Correa, C., and Hendry, A.P. 2012. Invasive salmonids and lake order interact in the decline of puye grande Galaxias platei in western Patagonia lakes. Ecological Applications 22(3): 828–842. doi:10.1890/11-1174.1.","(Correa and Hendry 2012)","Correa.Boisjoly.collection.000048","Castor","Lago Castor",-45.600278,-71.781556,2007,2007-04-06,"Galaxias platei",27,"Electric fishing, Electric fishing (off records)","Cristian Correa","CC BY-NC 4.0","Cristian Correa, orcid.org/0000-0002-8608-6858","not-for-profit use only","Correa & Boisjoly fish collection v.2025-11-27","Fish Database Correa-Boisjoly","Occurrence"
"Correa, C., and Hendry, A.P. 2012. Invasive salmonids and lake order interact in the decline of puye grande Galaxias platei in western Patagonia lakes. Ecological Applications 22(3): 828–842. doi:10.1890/11-1174.1.","(Correa and Hendry 2012)","Correa.Boisjoly.collection.000050","Castor","Lago Castor",-45.600278,-71.781556,2007,2007-04-06,"Oncorhynchus mykiss",37,"Electric fishing","Cristian Correa","CC BY-NC 4.0","Cristian Correa, orcid.org/0000-0002-8608-6858","not-for-profit use only","Correa & Boisjoly fish collection v.2025-11-27","Fish Database Correa-Boisjoly","Occurrence"
"Correa, C., and Hendry, A.P. 2012. Invasive salmonids and lake order interact in the decline of puye grande Galaxias platei in western Patagonia lakes. Ecological Applications 22(3): 828–842. doi:10.1890/11-1174.1.","(Correa and Hendry 2012) | (Correa et al. 2012)","Correa.Boisjoly.collection.002501","Castor","Lago Castor",-45.600278,-71.781556,2009,2009-01-27,"Galaxias platei",27,"Bottom gillnet S, Superficial gillnet","Cristian Correa","CC BY-NC 4.0","Cristian Correa, orcid.org/0000-0002-8608-6858","not-for-profit use only","Correa & Boisjoly fish collection v.2025-11-27","Fish Database Correa-Boisjoly","Occurrence"
"Correa, C., Bravo, A.P., and Hendry, A.P. 2012. Reciprocal trophic niche shifts in native and invasive fish: salmonids and galaxiids in Patagonian lakes. Freshwater Biology 57(9): 1769–1781.","(Correa et al. 2012) | (Correa and Hendry 2012)","Correa.Boisjoly.collection.002500","Castor","Lago Castor",-45.600278,-71.781556,2009,2009-01-27,"Oncorhynchus mykiss",16,"Bottom gillnet S, Superficial gillnet","Cristian Correa","CC BY-NC 4.0","Cristian Correa, orcid.org/0000-0002-8608-6858","not-for-profit use only","Correa & Boisjoly fish collection v.2025-11-27","Fish Database Correa-Boisjoly","Occurrence"
"Correa, C., and Hendry, A.P. 2012. Invasive salmonids and lake order interact in the decline of puye grande Galaxias platei in western Patagonia lakes. Ecological Applications 22(3): 828–842. doi:10.1890/11-1174.1.","(Correa and Hendry 2012) | (Correa et al. 2012)","Correa.Boisjoly.collection.002479","Castor","Lago Castor",-45.600278,-71.781556,2009,2009-01-29,"Galaxias platei",29,"Electric fishing","Cristian Correa","CC BY-NC 4.0","Cristian Correa, orcid.org/0000-0002-8608-6858","not-for-profit use only","Correa & Boisjoly fish collection v.2025-11-27","Fish Database Correa-Boisjoly","Occurrence"
"Correa, C., Bravo, A.P., and Hendry, A.P. 2012. Reciprocal trophic niche shifts in native and invasive fish: salmonids and galaxiids in Patagonian lakes. Freshwater Biology 57(9): 1769–1781.","(Correa et al. 2012) | (Correa and Hendry 2012)","Correa.Boisjoly.collection.001110","Chacano","Lago Chacano",-46.172833,-72.193347,2007,2007-03-14,"Salmo trutta",5,"Fly fishing","Cristian Correa","CC BY-NC 4.0","Cristian Correa, orcid.org/0000-0002-8608-6858","not-for-profit use only","Correa & Boisjoly fish collection v.2025-11-27","Fish Database Correa-Boisjoly","Occurrence"
"Correa, C., Bravo, A.P., and Hendry, A.P. 2012. Reciprocal trophic niche shifts in native and invasive fish: salmonids and galaxiids in Patagonian lakes. Freshwater Biology 57(9): 1769–1781.","(Correa et al. 2012) | (Correa and Hendry 2012)","Correa.Boisjoly.collection.002355","Chacano","Lago Chacano",-46.172833,-72.193347,2009,2009-02-06,"Oncorhynchus mykiss",11,"Bottom gillnet S, Electric fishing","Cristian Correa","CC BY-NC 4.0","Cristian Correa, orcid.org/0000-0002-8608-6858","not-for-profit use only","Correa & Boisjoly fish collection v.2025-11-27","Fish Database Correa-Boisjoly","Occurrence"
"Correa, C., Bravo, A.P., and Hendry, A.P. 2012. Reciprocal trophic niche shifts in native and invasive fish: salmonids and galaxiids in Patagonian lakes. Freshwater Biology 57(9): 1769–1781.","(Correa et al. 2012) | (Correa and Hendry 2012)","Correa.Boisjoly.collection.002350","Chacano","Lago Chacano",-46.172833,-72.193347,2009,2009-02-06,"Salmo trutta",51,"Bottom gillnet S, Electric fishing","Cristian Correa","CC BY-NC 4.0","Cristian Correa, orcid.org/0000-0002-8608-6858","not-for-profit use only","Correa & Boisjoly fish collection v.2025-11-27","Fish Database Correa-Boisjoly","Occurrence"
"Correa, Cristian, and Maryse Boisjoly (2025) Chilean fish collection and empirical database (Version 2025-11-27) [Unpublished dataset].","","Correa.Boisjoly.collection.006668","Lago Cucao","Lago Cucao",-42.66522498,-74.02201703,2017,2017-02-22,"Aplochiton marinus",1,"Seine net","Cristian Correa, Camila Sola, Consuelo Guevara, Maryse Boisjoly","CC BY-NC 4.0","Cristian Correa, orcid.org/0000-0002-8608-6858","not-for-profit use only","Correa & Boisjoly fish collection v.2025-11-27","Fish Database Correa-Boisjoly","Occurrence"
"Correa, Cristian, and Maryse Boisjoly (2025) Chilean fish collection and empirical database (Version 2025-11-27) [Unpublished dataset].","","Correa.Boisjoly.collection.008719","Lago Cucao","Lago Cucao",-42.66522498,-74.02201703,2017,2017-02-22,"Eleginops maclovinus",3,"Seine net","Cristian Correa, Camila Sola, Consuelo Guevara, Maryse Boisjoly","CC BY-NC 4.0","Cristian Correa, orcid.org/0000-0002-8608-6858","not-for-profit use only","Correa & Boisjoly fish collection v.2025-11-27","Fish Database Correa-Boisjoly","Occurrence"
"Correa, Cristian, and Maryse Boisjoly (2025) Chilean fish collection and empirical database (Version 2025-11-27) [Unpublished dataset].","","Correa.Boisjoly.collection.008720","Lago Cucao","Lago Cucao",-42.66522498,-74.02201703,2017,2017-02-22,"Galaxias maculatus",500,"Seine net","Cristian Correa, Camila Sola, Consuelo Guevara, Maryse Boisjoly","CC BY-NC 4.0","Cristian Correa, orcid.org/0000-0002-8608-6858","not-for-profit use only","Correa & Boisjoly fish collection v.2025-11-27","Fish Database Correa-Boisjoly","Occurrence"
"Correa, Cristian, and Maryse Boisjoly (2025) Chilean fish collection and empirical database (Version 2025-11-27) [Unpublished dataset].","","Correa.Boisjoly.collection.008718","Lago Cucao","Lago Cucao",-42.66522498,-74.02201703,2017,2017-02-22,"Odontesthes brevianalis",4,"Seine net","Cristian Correa, Camila Sola, Consuelo Guevara, Maryse Boisjoly","CC BY-NC 4.0","Cristian Correa, orcid.org/0000-0002-8608-6858","not-for-profit use only","Correa & Boisjoly fish collection v.2025-11-27","Fish Database Correa-Boisjoly","Occurrence"
"Correa, Cristian, and Maryse Boisjoly (2025) Chilean fish collection and empirical database (Version 2025-11-27) [Unpublished dataset].","","Correa.Boisjoly.collection.006990","Lago Cucao","Lago Cucao",-42.641472,-74.0865,2017,2017-03-21,"Aplochiton marinus",5,"Trolling","Jonathan Poblete","CC BY-NC 4.0","Cristian Correa, orcid.org/0000-0002-8608-6858","not-for-profit use only","Correa & Boisjoly fish collection v.2025-11-27","Fish Database Correa-Boisjoly","Occurrence"
"Correa, Cristian, and Maryse Boisjoly (2025) Chilean fish collection and empirical database (Version 2025-11-27) [Unpublished dataset].","","Correa.Boisjoly.collection.006662","Lago Cucao","Lago Cucao",-42.64146497,-74.08650496,2017,2017-02-22,"Aplochiton marinus",3,"Seine net","Cristian Correa, Camila Sola","CC BY-NC 4.0","Cristian Correa, orcid.org/0000-0002-8608-6858","not-for-profit use only","Correa & Boisjoly fish collection v.2025-11-27","Fish Database Correa-Boisjoly","Occurrence"
"Correa, Cristian, and Maryse Boisjoly (2025) Chilean fish collection and empirical database (Version 2025-11-27) [Unpublished dataset].","","Correa.Boisjoly.collection.008700","Lago Cucao","Lago Cucao",-42.64146497,-74.08650496,2017,2017-02-22,"Eleginops maclovinus",10,"Seine net","Cristian Correa, Camila Sola","CC BY-NC 4.0","Cristian Correa, orcid.org/0000-0002-8608-6858","not-for-profit use only","Correa & Boisjoly fish collection v.2025-11-27","Fish Database Correa-Boisjoly","Occurrence"
"Correa, Cristian, and Maryse Boisjoly (2025) Chilean fish collection and empirical database (Version 2025-11-27) [Unpublished dataset].","","Correa.Boisjoly.collection.008701","Lago Cucao","Lago Cucao",-42.64146497,-74.08650496,2017,2017-02-22,"Galaxias maculatus",500,"Seine net","Cristian Correa, Camila Sola","CC BY-NC 4.0","Cristian Correa, orcid.org/0000-0002-8608-6858","not-for-profit use only","Correa & Boisjoly fish collection v.2025-11-27","Fish Database Correa-Boisjoly","Occurrence"
"Correa, Cristian, and Maryse Boisjoly (2025) Chilean fish collection and empirical database (Version 2025-11-27) [Unpublished dataset].","","Correa.Boisjoly.collection.005173","Lago Escondido","Lago Escondido",-51.40280399,-73.08640201,2015,2015-04-05,"Salmo trutta",2,"Mist Net","Cristian Correa, Maryse Boisjoly","CC BY-NC 4.0","Cristian Correa, orcid.org/0000-0002-8608-6858","not-for-profit use only","Correa & Boisjoly fish collection v.2025-11-27","Fish Database Correa-Boisjoly","Occurrence"
"Correa, C., Bravo, A.P., and Hendry, A.P. 2012. Reciprocal trophic niche shifts in native and invasive fish: salmonids and galaxiids in Patagonian lakes. Freshwater Biology 57(9): 1769–1781.","(Correa et al. 2012) | (Correa and Hendry 2012)","Correa.Boisjoly.collection.002433","Espejo","Lago Espejo",-45.740731,-72.203969,2009,2009-02-08,"Salmo trutta",18,"Bottom gillnet L","Cristian Correa","CC BY-NC 4.0","Cristian Correa, orcid.org/0000-0002-8608-6858","not-for-profit use only","Correa & Boisjoly fish collection v.2025-11-27","Fish Database Correa-Boisjoly","Occurrence"
"Correa, C., Bravo, A.P., and Hendry, A.P. 2012. Reciprocal trophic niche shifts in native and invasive fish: salmonids and galaxiids in Patagonian lakes. Freshwater Biology 57(9): 1769–1781.","(Correa et al. 2012) | (Correa and Hendry 2012)","Correa.Boisjoly.collection.002443","Espejo","Lago Espejo",-45.740731,-72.203969,2009,2009-02-10,"Salmo trutta",13,"Electric fishing","Cristian Correa","CC BY-NC 4.0","Cristian Correa, orcid.org/0000-0002-8608-6858","not-for-profit use only","Correa & Boisjoly fish collection v.2025-11-27","Fish Database Correa-Boisjoly","Occurrence"
"Correa, Cristian, and Maryse Boisjoly (2025) Chilean fish collection and empirical database (Version 2025-11-27) [Unpublished dataset].","","Correa.Boisjoly.collection.012277","Rio Futaleufu","Lago Espejo",-43.184165,-71.859983,2023,2023-11-09,"Percichthys trucha",8,"Fyke net","CC BD","CC BY-NC 4.0","Cristian Correa, orcid.org/0000-0002-8608-6858","not-for-profit use only","Correa & Boisjoly fish collection v.2025-11-27","Fish Database Correa-Boisjoly","Occurrence"
"Correa, Cristian, and Maryse Boisjoly (2025) Chilean fish collection and empirical database (Version 2025-11-27) [Unpublished dataset].","","Correa.Boisjoly.collection.012315","Rio Futaleufu","Lago Espolón",-43.215153,-71.949925,2023,2023-11-10,"Aplochiton zebra",12,"Seine net","CC BD","CC BY-NC 4.0","Cristian Correa, orcid.org/0000-0002-8608-6858","not-for-profit use only","Correa & Boisjoly fish collection v.2025-11-27","Fish Database Correa-Boisjoly","Occurrence"
"Correa, Cristian, and Maryse Boisjoly (2025) Chilean fish collection and empirical database (Version 2025-11-27) [Unpublished dataset].","","Correa.Boisjoly.collection.005270","Lago Fagnano","Lago Fagnano",-54.506051,-68.811551,2015,2015-02-03,"Oncorhynchus mykiss",6,"Electric fishing","Cristian Correa, Maryse Boisjoly, Jonathan Poblete","CC BY-NC 4.0","Cristian Correa, orcid.org/0000-0002-8608-6858","not-for-profit use only","Correa & Boisjoly fish collection v.2025-11-27","Fish Database Correa-Boisjoly","Occurrence"
"Correa, Cristian, and Maryse Boisjoly (2025) Chilean fish collection and empirical database (Version 2025-11-27) [Unpublished dataset].","","Correa.Boisjoly.collection.005300","Lago Fagnano","Lago Fagnano",-54.506051,-68.811551,2015,2015-02-03,"Salmo trutta",2,"Electric fishing","Cristian Correa, Maryse Boisjoly, Jonathan Poblete","CC BY-NC 4.0","Cristian Correa, orcid.org/0000-0002-8608-6858","not-for-profit use only","Correa & Boisjoly fish collection v.2025-11-27","Fish Database Correa-Boisjoly","Occurrence"
"Correa, Cristian, and Maryse Boisjoly (2025) Chilean fish collection and empirical database (Version 2025-11-27) [Unpublished dataset].","","Correa.Boisjoly.collection.005274","Lago Fagnano","Lago Fagnano",-54.506051,-68.811551,2015,2015-02-03,"Salvelinus fontinalis",26,"Electric fishing","Cristian Correa, Maryse Boisjoly, Jonathan Poblete","CC BY-NC 4.0","Cristian Correa, orcid.org/0000-0002-8608-6858","not-for-profit use only","Correa & Boisjoly fish collection v.2025-11-27","Fish Database Correa-Boisjoly","Occurrence"
"Correa, Cristian, and Maryse Boisjoly (2025) Chilean fish collection and empirical database (Version 2025-11-27) [Unpublished dataset].","","Correa.Boisjoly.collection.005304","Lago Fagnano","Lago Fagnano",-54.50502799,-68.80484004,2015,2015-02-04,"Salmo trutta",2,"Gill Net Experimental","Cristian Correa, Maryse Boisjoly","CC BY-NC 4.0","Cristian Correa, orcid.org/0000-0002-8608-6858","not-for-profit use only","Correa & Boisjoly fish collection v.2025-11-27","Fish Database Correa-Boisjoly","Occurrence"
"Correa, Cristian, and Maryse Boisjoly (2025) Chilean fish collection and empirical database (Version 2025-11-27) [Unpublished dataset].","","Correa.Boisjoly.collection.005306","Lago Fagnano","Lago Fagnano",-54.50502799,-68.80484004,2015,2015-02-04,"Salvelinus fontinalis",1,"Gill Net Experimental","Cristian Correa, Maryse Boisjoly","CC BY-NC 4.0","Cristian Correa, orcid.org/0000-0002-8608-6858","not-for-profit use only","Correa & Boisjoly fish collection v.2025-11-27","Fish Database Correa-Boisjoly","Occurrence"
"Correa, Cristian, and Maryse Boisjoly (2025) Chilean fish collection and empirical database (Version 2025-11-27) [Unpublished dataset].","","Correa.Boisjoly.collection.005264","Lago Fagnano","Lago Fagnano",-54.50396198,-68.80416404,2015,2015-02-03,"Oncorhynchus mykiss",2,"Gill Net Experimental","Cristian Correa, Maryse Boisjoly, Jonathan Poblete","CC BY-NC 4.0","Cristian Correa, orcid.org/0000-0002-8608-6858","not-for-profit use only","Correa & Boisjoly fish collection v.2025-11-27","Fish Database Correa-Boisjoly","Occurrence"
"Correa, Cristian, and Maryse Boisjoly (2025) Chilean fish collection and empirical database (Version 2025-11-27) [Unpublished dataset].","","Correa.Boisjoly.collection.005262","Lago Fagnano","Lago Fagnano",-54.50396198,-68.80416404,2015,2015-02-03,"Salmo trutta",2,"Gill Net Experimental","Cristian Correa, Maryse Boisjoly, Jonathan Poblete","CC BY-NC 4.0","Cristian Correa, orcid.org/0000-0002-8608-6858","not-for-profit use only","Correa & Boisjoly fish collection v.2025-11-27","Fish Database Correa-Boisjoly","Occurrence"
"Correa, Cristian, and Maryse Boisjoly (2025) Chilean fish collection and empirical database (Version 2025-11-27) [Unpublished dataset].","","Correa.Boisjoly.collection.005260","Lago Fagnano","Lago Fagnano",-54.50396198,-68.80416404,2015,2015-02-03,"Salvelinus fontinalis",3,"Gill Net Experimental","Cristian Correa, Maryse Boisjoly, Jonathan Poblete","CC BY-NC 4.0","Cristian Correa, orcid.org/0000-0002-8608-6858","not-for-profit use only","Correa & Boisjoly fish collection v.2025-11-27","Fish Database Correa-Boisjoly","Occurrence"
"Correa, Cristian, and Maryse Boisjoly (2025) Chilean fish collection and empirical database (Version 2025-11-27) [Unpublished dataset].","","Correa.Boisjoly.collection.005267","Lago Fagnano","Lago Fagnano",-54.50390699,-68.80638901,2015,2015-02-03,"Salvelinus fontinalis",1,"Gill Net Aplochitonera 3mX10m","Cristian Correa, Maryse Boisjoly, Jonathan Poblete","CC BY-NC 4.0","Cristian Correa, orcid.org/0000-0002-8608-6858","not-for-profit use only","Correa & Boisjoly fish collection v.2025-11-27","Fish Database Correa-Boisjoly","Occurrence"
"Correa, Cristian, and Maryse Boisjoly (2025) Chilean fish collection and empirical database (Version 2025-11-27) [Unpublished dataset].","","Correa.Boisjoly.collection.005308","Lago Fagnano","Lago Fagnano",-54.50390699,-68.80638901,2015,2015-02-04,"Galaxias platei",12,"Minnow Trap, Electric fishing","Maryse Boisjoly, Cristian Correa","CC BY-NC 4.0","Cristian Correa, orcid.org/0000-0002-8608-6858","not-for-profit use only","Correa & Boisjoly fish collection v.2025-11-27","Fish Database Correa-Boisjoly","Occurrence"
"Correa, Cristian, and Maryse Boisjoly (2025) Chilean fish collection and empirical database (Version 2025-11-27) [Unpublished dataset].","","Correa.Boisjoly.collection.005324","Lago Fagnano","Lago Fagnano",-54.50390699,-68.80638901,2015,2015-02-04,"Oncorhynchus mykiss",2,"Electric fishing","Cristian Correa","CC BY-NC 4.0","Cristian Correa, orcid.org/0000-0002-8608-6858","not-for-profit use only","Correa & Boisjoly fish collection v.2025-11-27","Fish Database Correa-Boisjoly","Occurrence"
"Correa, Cristian, and Maryse Boisjoly (2025) Chilean fish collection and empirical database (Version 2025-11-27) [Unpublished dataset].","","Correa.Boisjoly.collection.005329","Lago Fagnano","Lago Fagnano",-54.50390699,-68.80638901,2015,2015-02-04,"Salmo trutta",1,"Electric fishing","Cristian Correa","CC BY-NC 4.0","Cristian Correa, orcid.org/0000-0002-8608-6858","not-for-profit use only","Correa & Boisjoly fish collection v.2025-11-27","Fish Database Correa-Boisjoly","Occurrence"
"Correa, Cristian, and Maryse Boisjoly (2025) Chilean fish collection and empirical database (Version 2025-11-27) [Unpublished dataset].","","Correa.Boisjoly.collection.005320","Lago Fagnano","Lago Fagnano",-54.50390699,-68.80638901,2015,2015-02-04,"Salvelinus fontinalis",8,"Electric fishing","Cristian Correa","CC BY-NC 4.0","Cristian Correa, orcid.org/0000-0002-8608-6858","not-for-profit use only","Correa & Boisjoly fish collection v.2025-11-27","Fish Database Correa-Boisjoly","Occurrence"
"Correa, Cristian, and Maryse Boisjoly (2025) Chilean fish collection and empirical database (Version 2025-11-27) [Unpublished dataset].","","Correa.Boisjoly.collection.005268","Lago Fagnano","Lago Fagnano",-54.50338203,-68.80394502,2015,2015-02-03,"Oncorhynchus mykiss",2,"Gill Net Aplochitonera 3mX5m  X2","Cristian Correa, Maryse Boisjoly, Jonathan Poblete","CC BY-NC 4.0","Cristian Correa, orcid.org/0000-0002-8608-6858","not-for-profit use only","Correa & Boisjoly fish collection v.2025-11-27","Fish Database Correa-Boisjoly","Occurrence"
"Correa, C., and Hendry, A.P. 2012. Invasive salmonids and lake order interact in the decline of puye grande Galaxias platei in western Patagonia lakes. Ecological Applications 22(3): 828–842. doi:10.1890/11-1174.1.","(Correa and Hendry 2012)","Correa.Boisjoly.collection.000118","Frío","Lago Frío",-45.667534,-71.943801,2007,2007-02-13,"Galaxias platei",1,"Trapping","Cristian Correa","CC BY-NC 4.0","Cristian Correa, orcid.org/0000-0002-8608-6858","not-for-profit use only","Correa & Boisjoly fish collection v.2025-11-27","Fish Database Correa-Boisjoly","Occurrence"
"Correa, C., Bravo, A.P., and Hendry, A.P. 2012. Reciprocal trophic niche shifts in native and invasive fish: salmonids and galaxiids in Patagonian lakes. Freshwater Biology 57(9): 1769–1781.","(Correa et al. 2012) | (Correa and Hendry 2012)","Correa.Boisjoly.collection.000119","Frío","Lago Frío",-45.667534,-71.943801,2007,2007-02-14,"Galaxias platei",14,"Trapping, Bottom gillnet S, Bottom gillnet L","Cristian Correa","CC BY-NC 4.0","Cristian Correa, orcid.org/0000-0002-8608-6858","not-for-profit use only","Correa & Boisjoly fish collection v.2025-11-27","Fish Database Correa-Boisjoly","Occurrence"
"Correa, C., Bravo, A.P., and Hendry, A.P. 2012. Reciprocal trophic niche shifts in native and invasive fish: salmonids and galaxiids in Patagonian lakes. Freshwater Biology 57(9): 1769–1781.","(Correa et al. 2012) | (Correa and Hendry 2012)","Correa.Boisjoly.collection.000135","Frío","Lago Frío",-45.667534,-71.943801,2007,2007-02-14,"Oncorhynchus mykiss",33,"Bottom gillnet S, Bottom gillnet L","Cristian Correa","CC BY-NC 4.0","Cristian Correa, orcid.org/0000-0002-8608-6858","not-for-profit use only","Correa & Boisjoly fish collection v.2025-11-27","Fish Database Correa-Boisjoly","Occurrence"
"Correa, C., and Hendry, A.P. 2012. Invasive salmonids and lake order interact in the decline of puye grande Galaxias platei in western Patagonia lakes. Ecological Applications 22(3): 828–842. doi:10.1890/11-1174.1.","(Correa and Hendry 2012)","Correa.Boisjoly.collection.000163","Frío","Lago Frío",-45.667534,-71.943801,2007,2007-04-08,"Oncorhynchus mykiss",6,"Electric fishing","Cristian Correa","CC BY-NC 4.0","Cristian Correa, orcid.org/0000-0002-8608-6858","not-for-profit use only","Correa & Boisjoly fish collection v.2025-11-27","Fish Database Correa-Boisjoly","Occurrence"
"Correa, C., Bravo, A.P., and Hendry, A.P. 2012. Reciprocal trophic niche shifts in native and invasive fish: salmonids and galaxiids in Patagonian lakes. Freshwater Biology 57(9): 1769–1781.","(Correa et al. 2012) | (Correa and Hendry 2012)","Correa.Boisjoly.collection.002930","Frío","Lago Frío",-45.667534,-71.943801,2009,2009-03-31,"Galaxias platei",4,"Electric fishing","Cristian Correa","CC BY-NC 4.0","Cristian Correa, orcid.org/0000-0002-8608-6858","not-for-profit use only","Correa & Boisjoly fish collection v.2025-11-27","Fish Database Correa-Boisjoly","Occurrence"
"Correa, C., Bravo, A.P., and Hendry, A.P. 2012. Reciprocal trophic niche shifts in native and invasive fish: salmonids and galaxiids in Patagonian lakes. Freshwater Biology 57(9): 1769–1781.","(Correa et al. 2012) | (Correa and Hendry 2012)","Correa.Boisjoly.collection.002932","Frío","Lago Frío",-45.667534,-71.943801,2009,2009-03-31,"Oncorhynchus mykiss",2,"Electric fishing","Cristian Correa","CC BY-NC 4.0","Cristian Correa, orcid.org/0000-0002-8608-6858","not-for-profit use only","Correa & Boisjoly fish collection v.2025-11-27","Fish Database Correa-Boisjoly","Occurrence"
"Correa, C., Bravo, A.P., and Hendry, A.P. 2012. Reciprocal trophic niche shifts in native and invasive fish: salmonids and galaxiids in Patagonian lakes. Freshwater Biology 57(9): 1769–1781.","(Correa et al. 2012) | (Correa and Hendry 2012)","Correa.Boisjoly.collection.002980","Frío","Lago Frío",-45.667534,-71.943801,2009,2009-04-01,"Oncorhynchus mykiss",11,"Bottom gillnet S (tip)","Cristian Correa","CC BY-NC 4.0","Cristian Correa, orcid.org/0000-0002-8608-6858","not-for-profit use only","Correa & Boisjoly fish collection v.2025-11-27","Fish Database Correa-Boisjoly","Occurrence"
"Correa, Cristian, and Maryse Boisjoly (2025) Chilean fish collection and empirical database (Version 2025-11-27) [Unpublished dataset].","","Correa.Boisjoly.collection.006628","Huelde","Lago Huelde",-42.59660502,-74.11639198,2017,2017-02-19,"Eleginops maclovinus",1,"Minnow Trap","Cristian Correa, Maryse Boisjoly, Camila Sola, Consuelo Guevara","CC BY-NC 4.0","Cristian Correa, orcid.org/0000-0002-8608-6858","not-for-profit use only","Correa & Boisjoly fish collection v.2025-11-27","Fish Database Correa-Boisjoly","Occurrence"
"Correa, Cristian, and Maryse Boisjoly (2025) Chilean fish collection and empirical database (Version 2025-11-27) [Unpublished dataset].","","Correa.Boisjoly.collection.006629","Huelde","Lago Huelde",-42.59547103,-74.11670596,2017,2017-02-19,"Cheirodon",4,"Minnow Trap","Cristian Correa, Maryse Boisjoly, Camila Sola, Consuelo Guevara","CC BY-NC 4.0","Cristian Correa, orcid.org/0000-0002-8608-6858","not-for-profit use only","Correa & Boisjoly fish collection v.2025-11-27","Fish Database Correa-Boisjoly","Occurrence"
"Correa, Cristian, and Maryse Boisjoly (2025) Chilean fish collection and empirical database (Version 2025-11-27) [Unpublished dataset].","","Correa.Boisjoly.collection.006626","Huelde","Lago Huelde",-42.59547103,-74.11670596,2017,2017-02-19,"Eleginops maclovinus",2,"Minnow Trap","Cristian Correa, Maryse Boisjoly, Camila Sola, Consuelo Guevara","CC BY-NC 4.0","Cristian Correa, orcid.org/0000-0002-8608-6858","not-for-profit use only","Correa & Boisjoly fish collection v.2025-11-27","Fish Database Correa-Boisjoly","Occurrence"
"Correa, Cristian, and Maryse Boisjoly (2025) Chilean fish collection and empirical database (Version 2025-11-27) [Unpublished dataset].","","Correa.Boisjoly.collection.006610","Huelde","Lago Huelde",-42.595107,-74.117177,2017,2017-02-19,"Cheirodon",20,"Minnow Trap","Cristian Correa, Maryse Boisjoly, Camila Sola, Consuelo Guevara","CC BY-NC 4.0","Cristian Correa, orcid.org/0000-0002-8608-6858","not-for-profit use only","Correa & Boisjoly fish collection v.2025-11-27","Fish Database Correa-Boisjoly","Occurrence"
"Correa, Cristian, and Maryse Boisjoly (2025) Chilean fish collection and empirical database (Version 2025-11-27) [Unpublished dataset].","","Correa.Boisjoly.collection.006634","Huelde","Lago Huelde",-42.595107,-74.117177,2017,2017-02-19,"Galaxias platei",2,"Minnow Trap","Cristian Correa, Maryse Boisjoly, Camila Sola, Consuelo Guevara","CC BY-NC 4.0","Cristian Correa, orcid.org/0000-0002-8608-6858","not-for-profit use only","Correa & Boisjoly fish collection v.2025-11-27","Fish Database Correa-Boisjoly","Occurrence"
"Correa, Cristian, and Maryse Boisjoly (2025) Chilean fish collection and empirical database (Version 2025-11-27) [Unpublished dataset].","","Correa.Boisjoly.collection.004152","Huelde","Lago Huelde",-42.594972,-74.116972,2011,2011-01-23,"Cheirodon",1,"Trapping","Cristian Correa","CC BY-NC 4.0","Cristian Correa, orcid.org/0000-0002-8608-6858","not-for-profit use only","Correa & Boisjoly fish collection v.2025-11-27","Fish Database Correa-Boisjoly","Occurrence"
"Correa, Cristian, and Maryse Boisjoly (2025) Chilean fish collection and empirical database (Version 2025-11-27) [Unpublished dataset].","","Correa.Boisjoly.collection.004138","Huelde","Lago Huelde",-42.594972,-74.116972,2011,2011-01-23,"Eleginops maclovinus",1,"Trapping","Cristian Correa","CC BY-NC 4.0","Cristian Correa, orcid.org/0000-0002-8608-6858","not-for-profit use only","Correa & Boisjoly fish collection v.2025-11-27","Fish Database Correa-Boisjoly","Occurrence"
"Correa, Cristian, and Maryse Boisjoly (2025) Chilean fish collection and empirical database (Version 2025-11-27) [Unpublished dataset].","","Correa.Boisjoly.collection.004136","Huelde","Lago Huelde",-42.594972,-74.116972,2011,2011-01-23,"Galaxias maculatus",15,"Trapping","Cristian Correa","CC BY-NC 4.0","Cristian Correa, orcid.org/0000-0002-8608-6858","not-for-profit use only","Correa & Boisjoly fish collection v.2025-11-27","Fish Database Correa-Boisjoly","Occurrence"
"Correa, Cristian, and Maryse Boisjoly (2025) Chilean fish collection and empirical database (Version 2025-11-27) [Unpublished dataset].","","Correa.Boisjoly.collection.006287","Huelde","Lago Huelde",-42.594972,-74.116972,2013,2013-02-24,"Salmo trutta",2,"Gill Net","Cristian Correa, Maryse Boisjoly","CC BY-NC 4.0","Cristian Correa, orcid.org/0000-0002-8608-6858","not-for-profit use only","Correa & Boisjoly fish collection v.2025-11-27","Fish Database Correa-Boisjoly","Occurrence"
"Correa, Cristian, and Maryse Boisjoly (2025) Chilean fish collection and empirical database (Version 2025-11-27) [Unpublished dataset].","","Correa.Boisjoly.collection.006289","Huelde","Lago Huelde",-42.594972,-74.116972,2013,2013-02-26,"Salmo trutta",2,"Gill Net","Cristian Correa, Maryse Boisjoly","CC BY-NC 4.0","Cristian Correa, orcid.org/0000-0002-8608-6858","not-for-profit use only","Correa & Boisjoly fish collection v.2025-11-27","Fish Database Correa-Boisjoly","Occurrence"
"Correa, Cristian, and Maryse Boisjoly (2025) Chilean fish collection and empirical database (Version 2025-11-27) [Unpublished dataset].","","Correa.Boisjoly.collection.006294","Huelde","Lago Huelde",-42.594972,-74.116972,2013,2013-02-27,"Aplochiton marinus",1,"Trolling","Cristian Correa, Maryse Boisjoly","CC BY-NC 4.0","Cristian Correa, orcid.org/0000-0002-8608-6858","not-for-profit use only","Correa & Boisjoly fish collection v.2025-11-27","Fish Database Correa-Boisjoly","Occurrence"
"Correa, Cristian, and Maryse Boisjoly (2025) Chilean fish collection and empirical database (Version 2025-11-27) [Unpublished dataset].","","Correa.Boisjoly.collection.006293","Huelde","Lago Huelde",-42.594972,-74.116972,2013,2013-02-27,"Salmo trutta",2,"Trolling","Cristian Correa, Maryse Boisjoly","CC BY-NC 4.0","Cristian Correa, orcid.org/0000-0002-8608-6858","not-for-profit use only","Correa & Boisjoly fish collection v.2025-11-27","Fish Database Correa-Boisjoly","Occurrence"
"Correa, Cristian, and Maryse Boisjoly (2025) Chilean fish collection and empirical database (Version 2025-11-27) [Unpublished dataset].","","Correa.Boisjoly.collection.006291","Huelde","Lago Huelde",-42.594972,-74.116972,2013,2013-02-28,"Aplochiton marinus",2,"Gill Net","Cristian Correa, Maryse Boisjoly","CC BY-NC 4.0","Cristian Correa, orcid.org/0000-0002-8608-6858","not-for-profit use only","Correa & Boisjoly fish collection v.2025-11-27","Fish Database Correa-Boisjoly","Occurrence"
"Correa, Cristian, and Maryse Boisjoly (2025) Chilean fish collection and empirical database (Version 2025-11-27) [Unpublished dataset].","","Correa.Boisjoly.collection.006292","Huelde","Lago Huelde",-42.594972,-74.116972,2013,2013-02-28,"Odontesthes brevianalis",1,"Gill Net","Cristian Correa, Maryse Boisjoly","CC BY-NC 4.0","Cristian Correa, orcid.org/0000-0002-8608-6858","not-for-profit use only","Correa & Boisjoly fish collection v.2025-11-27","Fish Database Correa-Boisjoly","Occurrence"
"Correa, Cristian, and Maryse Boisjoly (2025) Chilean fish collection and empirical database (Version 2025-11-27) [Unpublished dataset].","","Correa.Boisjoly.collection.006296","Huelde","Lago Huelde",-42.594972,-74.116972,2013,2013-02-28,"Salmo trutta",3,"Gill Net","Cristian Correa, Maryse Boisjoly","CC BY-NC 4.0","Cristian Correa, orcid.org/0000-0002-8608-6858","not-for-profit use only","Correa & Boisjoly fish collection v.2025-11-27","Fish Database Correa-Boisjoly","Occurrence"
"Correa, Cristian, and Maryse Boisjoly (2025) Chilean fish collection and empirical database (Version 2025-11-27) [Unpublished dataset].","","Correa.Boisjoly.collection.004385","Huelde","Lago Huelde",-42.594972,-74.116972,2014,2014-02-22,"Aplochiton marinus",1,"Gill Net","Cristian Correa, Maryse Boisjoly","CC BY-NC 4.0","Cristian Correa, orcid.org/0000-0002-8608-6858","not-for-profit use only","Correa & Boisjoly fish collection v.2025-11-27","Fish Database Correa-Boisjoly","Occurrence"
"Alò, D., Correa, C., Arias, C., and Cárdenas, L. 2013. Diversity of Aplochiton fishes (Galaxiidea) and the taxonomic resurrection of A. marinus. PLoS ONE 8(8): e71577.","(Alò et al. 2013)","Correa.Boisjoly.collection.004076","Huelde","Lago Huelde",-42.594961,-74.116986,2011,2011-01-23,"Aplochiton marinus",5,"Bottom gillnet S","Cristian Correa","CC BY-NC 4.0","Cristian Correa, orcid.org/0000-0002-8608-6858","not-for-profit use only","Correa & Boisjoly fish collection v.2025-11-27","Fish Database Correa-Boisjoly","Occurrence"
"Correa, Cristian, and Maryse Boisjoly (2025) Chilean fish collection and empirical database (Version 2025-11-27) [Unpublished dataset].","","Correa.Boisjoly.collection.004129","Huelde","Lago Huelde",-42.594961,-74.116986,2011,2011-01-23,"Odontesthes brevianalis",6,"Bottom gillnet S","Cristian Correa","CC BY-NC 4.0","Cristian Correa, orcid.org/0000-0002-8608-6858","not-for-profit use only","Correa & Boisjoly fish collection v.2025-11-27","Fish Database Correa-Boisjoly","Occurrence"
"Correa, Cristian, and Maryse Boisjoly (2025) Chilean fish collection and empirical database (Version 2025-11-27) [Unpublished dataset].","","Correa.Boisjoly.collection.004132","Huelde","Lago Huelde",-42.594961,-74.116986,2011,2011-01-23,"Salmo trutta",1,"Bottom gillnet S","Cristian Correa","CC BY-NC 4.0","Cristian Correa, orcid.org/0000-0002-8608-6858","not-for-profit use only","Correa & Boisjoly fish collection v.2025-11-27","Fish Database Correa-Boisjoly","Occurrence"
"Correa, Cristian, and Maryse Boisjoly (2025) Chilean fish collection and empirical database (Version 2025-11-27) [Unpublished dataset].","","Correa.Boisjoly.collection.006609","Huelde","Lago Huelde",-42.59489402,-74.117057,2017,2017-02-19,"Aplochiton marinus",1,"Fyke net","Cristian Correa, Maryse Boisjoly, Camila Sola, Consuelo Guevara","CC BY-NC 4.0","Cristian Correa, orcid.org/0000-0002-8608-6858","not-for-profit use only","Correa & Boisjoly fish collection v.2025-11-27","Fish Database Correa-Boisjoly","Occurrence"
"Correa, Cristian, and Maryse Boisjoly (2025) Chilean fish collection and empirical database (Version 2025-11-27) [Unpublished dataset].","","Correa.Boisjoly.collection.004476","Huelde","Lago Huelde",-42.59384796,-74.11419097,2014,2014-02-26,"Galaxias maculatus",10,"Seine net","Cristian Correa, Maryse Boisjoly","CC BY-NC 4.0","Cristian Correa, orcid.org/0000-0002-8608-6858","not-for-profit use only","Correa & Boisjoly fish collection v.2025-11-27","Fish Database Correa-Boisjoly","Occurrence"
"Correa, Cristian, and Maryse Boisjoly (2025) Chilean fish collection and empirical database (Version 2025-11-27) [Unpublished dataset].","","Correa.Boisjoly.collection.004425","Huelde","Lago Huelde",-42.59384796,-74.11419097,2014,2014-02-26,"Galaxias platei",1,"Seine net","Cristian Correa, Maryse Boisjoly","CC BY-NC 4.0","Cristian Correa, orcid.org/0000-0002-8608-6858","not-for-profit use only","Correa & Boisjoly fish collection v.2025-11-27","Fish Database Correa-Boisjoly","Occurrence"
"Correa, Cristian, and Maryse Boisjoly (2025) Chilean fish collection and empirical database (Version 2025-11-27) [Unpublished dataset].","","Correa.Boisjoly.collection.004411","Huelde","Lago Huelde",-42.59267097,-74.11498197,2014,2014-02-24,"Cheirodon",13,"Seine net","Cristian Correa, Maryse Boisjoly","CC BY-NC 4.0","Cristian Correa, orcid.org/0000-0002-8608-6858","not-for-profit use only","Correa & Boisjoly fish collection v.2025-11-27","Fish Database Correa-Boisjoly","Occurrence"
"Correa, Cristian, and Maryse Boisjoly (2025) Chilean fish collection and empirical database (Version 2025-11-27) [Unpublished dataset].","","Correa.Boisjoly.collection.004448","Huelde","Lago Huelde",-42.59267097,-74.11498197,2014,2014-02-24,"Eleginops maclovinus",3,"Seine net","Cristian Correa, Maryse Boisjoly","CC BY-NC 4.0","Cristian Correa, orcid.org/0000-0002-8608-6858","not-for-profit use only","Correa & Boisjoly fish collection v.2025-11-27","Fish Database Correa-Boisjoly","Occurrence"
"Correa, Cristian, and Maryse Boisjoly (2025) Chilean fish collection and empirical database (Version 2025-11-27) [Unpublished dataset].","","Correa.Boisjoly.collection.004443","Huelde","Lago Huelde",-42.59267097,-74.11498197,2014,2014-02-24,"Galaxias maculatus",1005,"Seine net","Cristian Correa, Maryse Boisjoly","CC BY-NC 4.0","Cristian Correa, orcid.org/0000-0002-8608-6858","not-for-profit use only","Correa & Boisjoly fish collection v.2025-11-27","Fish Database Correa-Boisjoly","Occurrence"
"Correa, Cristian, and Maryse Boisjoly (2025) Chilean fish collection and empirical database (Version 2025-11-27) [Unpublished dataset].","","Correa.Boisjoly.collection.006611","Huelde","Lago Huelde",-42.59223302,-74.114498,2017,2017-02-19,"Aplochiton marinus",5,"Gill Net Aplochitonera 3mX5m  X2","Cristian Correa, Maryse Boisjoly, Camila Sola, Consuelo Guevara","CC BY-NC 4.0","Cristian Correa, orcid.org/0000-0002-8608-6858","not-for-profit use only","Correa & Boisjoly fish collection v.2025-11-27","Fish Database Correa-Boisjoly","Occurrence"
"Correa, Cristian, and Maryse Boisjoly (2025) Chilean fish collection and empirical database (Version 2025-11-27) [Unpublished dataset].","","Correa.Boisjoly.collection.006616","Huelde","Lago Huelde",-42.58984099,-74.11244301,2017,2017-02-19,"Aplochiton marinus",6,"Gill Net Aplochitonera 3mX10m","Cristian Correa, Maryse Boisjoly, Camila Sola, Consuelo Guevara","CC BY-NC 4.0","Cristian Correa, orcid.org/0000-0002-8608-6858","not-for-profit use only","Correa & Boisjoly fish collection v.2025-11-27","Fish Database Correa-Boisjoly","Occurrence"
"Correa, Cristian, and Maryse Boisjoly (2025) Chilean fish collection and empirical database (Version 2025-11-27) [Unpublished dataset].","","Correa.Boisjoly.collection.006622","Huelde","Lago Huelde",-42.58984099,-74.11244301,2017,2017-02-19,"Eleginops maclovinus",1,"Gill Net Aplochitonera 3mX10m","Cristian Correa, Maryse Boisjoly, Camila Sola, Consuelo Guevara","CC BY-NC 4.0","Cristian Correa, orcid.org/0000-0002-8608-6858","not-for-profit use only","Correa & Boisjoly fish collection v.2025-11-27","Fish Database Correa-Boisjoly","Occurrence"
"Correa, Cristian, and Maryse Boisjoly (2025) Chilean fish collection and empirical database (Version 2025-11-27) [Unpublished dataset].","","Correa.Boisjoly.collection.006623","Huelde","Lago Huelde",-42.58984099,-74.11244301,2017,2017-02-19,"Galaxias platei",1,"Gill Net Aplochitonera 3mX10m","Cristian Correa, Maryse Boisjoly, Camila Sola, Consuelo Guevara","CC BY-NC 4.0","Cristian Correa, orcid.org/0000-0002-8608-6858","not-for-profit use only","Correa & Boisjoly fish collection v.2025-11-27","Fish Database Correa-Boisjoly","Occurrence"
"Correa, Cristian, and Maryse Boisjoly (2025) Chilean fish collection and empirical database (Version 2025-11-27) [Unpublished dataset].","","Correa.Boisjoly.collection.006706","Huelde","Lago Huelde",-42.58977603,-74.11237696,2017,2017-02-24,"Salmo trutta",6,"Gill Net Experimental","Camila Sola, Consuelo Guevara, Cristian Correa, Maryse Boisjoly","CC BY-NC 4.0","Cristian Correa, orcid.org/0000-0002-8608-6858","not-for-profit use only","Correa & Boisjoly fish collection v.2025-11-27","Fish Database Correa-Boisjoly","Occurrence"
"Correa, Cristian, and Maryse Boisjoly (2025) Chilean fish collection and empirical database (Version 2025-11-27) [Unpublished dataset].","","Correa.Boisjoly.collection.006624","Huelde","Lago Huelde",-42.58850802,-74.11076303,2017,2017-02-19,"Galaxias platei",2,"","Cristian Correa, Maryse Boisjoly, Camila Sola, Consuelo Guevara","CC BY-NC 4.0","Cristian Correa, orcid.org/0000-0002-8608-6858","not-for-profit use only","Correa & Boisjoly fish collection v.2025-11-27","Fish Database Correa-Boisjoly","Occurrence"
"Correa, Cristian, and Maryse Boisjoly (2025) Chilean fish collection and empirical database (Version 2025-11-27) [Unpublished dataset].","","Correa.Boisjoly.collection.006683","Huelde","Lago Huelde, Río Cipresales",-42.59312603,-74.10311898,2017,2017-02-24,"Galaxias maculatus",8,"Fyke net","Cristian Correa, Maryse Boisjoly, Consuelo Guevara, Camila Sola","CC BY-NC 4.0","Cristian Correa, orcid.org/0000-0002-8608-6858","not-for-profit use only","Correa & Boisjoly fish collection v.2025-11-27","Fish Database Correa-Boisjoly","Occurrence"
"Correa, Cristian, and Maryse Boisjoly (2025) Chilean fish collection and empirical database (Version 2025-11-27) [Unpublished dataset].","","Correa.Boisjoly.collection.006678","Huelde","Lago Huelde, Río Cipresales",-42.59312603,-74.10311898,2017,2017-02-24,"Galaxias platei",15,"Fyke net","Cristian Correa, Maryse Boisjoly, Consuelo Guevara, Camila Sola","CC BY-NC 4.0","Cristian Correa, orcid.org/0000-0002-8608-6858","not-for-profit use only","Correa & Boisjoly fish collection v.2025-11-27","Fish Database Correa-Boisjoly","Occurrence"
"Correa, Cristian, and Maryse Boisjoly (2025) Chilean fish collection and empirical database (Version 2025-11-27) [Unpublished dataset].","","Correa.Boisjoly.collection.004440","Huelde","Lago Huelde, Río Cipresales",-42.59275001,-74.10274004,2014,2014-02-25,"Galaxias platei",1,"Minnow Trap","Cristian Correa, Maryse Boisjoly","CC BY-NC 4.0","Cristian Correa, orcid.org/0000-0002-8608-6858","not-for-profit use only","Correa & Boisjoly fish collection v.2025-11-27","Fish Database Correa-Boisjoly","Occurrence"
"Correa, Cristian, and Maryse Boisjoly (2025) Chilean fish collection and empirical database (Version 2025-11-27) [Unpublished dataset].","","Correa.Boisjoly.collection.004388","Huelde","Lago Huelde, Río Cipresales",-42.59159298,-74.10339198,2014,2014-02-23,"Aplochiton marinus",0,"Gill Net Aplochitonera 3mX5m","Cristian Correa, Maryse Boisjoly","CC BY-NC 4.0","Cristian Correa, orcid.org/0000-0002-8608-6858","not-for-profit use only","Correa & Boisjoly fish collection v.2025-11-27","Fish Database Correa-Boisjoly","Occurrence"
"Correa, Cristian, and Maryse Boisjoly (2025) Chilean fish collection and empirical database (Version 2025-11-27) [Unpublished dataset].","","Correa.Boisjoly.collection.004389","Huelde","Lago Huelde, Río Cipresales",-42.59159298,-74.10339198,2014,2014-02-23,"Odontesthes brevianalis",1,"Gill Net Aplochitonera 3mX5m","Cristian Correa, Maryse Boisjoly","CC BY-NC 4.0","Cristian Correa, orcid.org/0000-0002-8608-6858","not-for-profit use only","Correa & Boisjoly fish collection v.2025-11-27","Fish Database Correa-Boisjoly","Occurrence"
"Correa, Cristian, and Maryse Boisjoly (2025) Chilean fish collection and empirical database (Version 2025-11-27) [Unpublished dataset].","","Correa.Boisjoly.collection.004384","Huelde","Lago Huelde, Río Cipresales",-42.58925501,-74.10024198,2014,2014-02-22,"Aplochiton marinus",0,"Gill Net Aplochitonera 3mX5m","Cristian Correa, Maryse Boisjoly","CC BY-NC 4.0","Cristian Correa, orcid.org/0000-0002-8608-6858","not-for-profit use only","Correa & Boisjoly fish collection v.2025-11-27","Fish Database Correa-Boisjoly","Occurrence"
"Correa, Cristian, and Maryse Boisjoly (2025) Chilean fish collection and empirical database (Version 2025-11-27) [Unpublished dataset].","","Correa.Boisjoly.collection.004453","Huelde","Lago Huelde, Río Cipresales",-42.58837298,-74.09985197,2014,2014-02-25,"Salmo trutta",5,"Gill Net Experimental","Cristian Correa, Maryse Boisjoly","CC BY-NC 4.0","Cristian Correa, orcid.org/0000-0002-8608-6858","not-for-profit use only","Correa & Boisjoly fish collection v.2025-11-27","Fish Database Correa-Boisjoly","Occurrence"
"Correa, Cristian, and Maryse Boisjoly (2025) Chilean fish collection and empirical database (Version 2025-11-27) [Unpublished dataset].","","Correa.Boisjoly.collection.004386","Huelde","Lago Huelde, Río Cipresales",-42.58799002,-74.09973001,2014,2014-02-23,"Aplochiton taeniatus",0,"Gill Net Aplochitonera 3mX5m","Cristian Correa, Maryse Boisjoly","CC BY-NC 4.0","Cristian Correa, orcid.org/0000-0002-8608-6858","not-for-profit use only","Correa & Boisjoly fish collection v.2025-11-27","Fish Database Correa-Boisjoly","Occurrence"
"Correa, Cristian, and Maryse Boisjoly (2025) Chilean fish collection and empirical database (Version 2025-11-27) [Unpublished dataset].","","Correa.Boisjoly.collection.004387","Huelde","Lago Huelde, Río Cipresales",-42.58799002,-74.09973001,2014,2014-02-23,"Galaxias platei",0,"Gill Net Aplochitonera 3mX5m","Cristian Correa, Maryse Boisjoly","CC BY-NC 4.0","Cristian Correa, orcid.org/0000-0002-8608-6858","not-for-profit use only","Correa & Boisjoly fish collection v.2025-11-27","Fish Database Correa-Boisjoly","Occurrence"
"Correa, Cristian, and Maryse Boisjoly (2025) Chilean fish collection and empirical database (Version 2025-11-27) [Unpublished dataset].","","Correa.Boisjoly.collection.006699","Huelde","Lago Huelde, Río Cipresales",-42.58783604,-74.09967503,2017,2017-02-24,"Aplochiton taeniatus",1,"Gill Net Aplochitonera 3mX10m","Cristian Correa, Maryse Boisjoly, Camila Sola, Consuelo Guevara","CC BY-NC 4.0","Cristian Correa, orcid.org/0000-0002-8608-6858","not-for-profit use only","Correa & Boisjoly fish collection v.2025-11-27","Fish Database Correa-Boisjoly","Occurrence"
"Correa, Cristian, and Maryse Boisjoly (2025) Chilean fish collection and empirical database (Version 2025-11-27) [Unpublished dataset].","","Correa.Boisjoly.collection.004439","Huelde","Lago Huelde, Río Cipresales",-42.58777603,-74.09943597,2014,2014-02-25,"Galaxias maculatus",1,"Minnow Trap","Cristian Correa, Maryse Boisjoly","CC BY-NC 4.0","Cristian Correa, orcid.org/0000-0002-8608-6858","not-for-profit use only","Correa & Boisjoly fish collection v.2025-11-27","Fish Database Correa-Boisjoly","Occurrence"
"Correa, Cristian, and Maryse Boisjoly (2025) Chilean fish collection and empirical database (Version 2025-11-27) [Unpublished dataset].","","Correa.Boisjoly.collection.006700","Huelde","Lago Huelde, Río Cipresales",-42.587053,-74.09770402,2017,2017-02-24,"Aplochiton taeniatus",1,"Gill Net Aplochitonera 3mX5m  X2","Cristian Correa, Maryse Boisjoly, Consuelo Guevara, Camila Sola","CC BY-NC 4.0","Cristian Correa, orcid.org/0000-0002-8608-6858","not-for-profit use only","Correa & Boisjoly fish collection v.2025-11-27","Fish Database Correa-Boisjoly","Occurrence"
"Correa, Cristian, and Maryse Boisjoly (2025) Chilean fish collection and empirical database (Version 2025-11-27) [Unpublished dataset].","","Correa.Boisjoly.collection.004437","Huelde","Lago Huelde, Río Cipresales",-42.58641598,-74.09600099,2014,2014-02-25,"Galaxias maculatus",2,"Minnow Trap","Cristian Correa, Maryse Boisjoly","CC BY-NC 4.0","Cristian Correa, orcid.org/0000-0002-8608-6858","not-for-profit use only","Correa & Boisjoly fish collection v.2025-11-27","Fish Database Correa-Boisjoly","Occurrence"
"Correa, Cristian, and Maryse Boisjoly (2025) Chilean fish collection and empirical database (Version 2025-11-27) [Unpublished dataset].","","Correa.Boisjoly.collection.006679","Huelde","Lago Huelde, Río Cipresales",-42.58623803,-74.09595799,2017,2017-02-24,"Geotria australis",1,"Snorkeling","Cristian Correa, Maryse Boisjoly, Consuelo Guevara, Camila Sola","CC BY-NC 4.0","Cristian Correa, orcid.org/0000-0002-8608-6858","not-for-profit use only","Correa & Boisjoly fish collection v.2025-11-27","Fish Database Correa-Boisjoly","Occurrence"
"Correa, Cristian, and Maryse Boisjoly (2025) Chilean fish collection and empirical database (Version 2025-11-27) [Unpublished dataset].","","Correa.Boisjoly.collection.006709","Huelde","Lago Huelde, Río Cipresales",-42.58606302,-74.09559103,2017,2017-02-24,"Salmo trutta",1,"Gill Net Aplochitonera 1.5mX7m","Cristian Correa, Maryse Boisjoly, Consuelo Guevara, Camila Sola","CC BY-NC 4.0","Cristian Correa, orcid.org/0000-0002-8608-6858","not-for-profit use only","Correa & Boisjoly fish collection v.2025-11-27","Fish Database Correa-Boisjoly","Occurrence"
"Correa, Cristian, and Maryse Boisjoly (2025) Chilean fish collection and empirical database (Version 2025-11-27) [Unpublished dataset].","","Correa.Boisjoly.collection.004442","Huelde","Lago Huelde, Río Cipresales",-42.58599697,-74.091143,2014,2014-02-25,"Galaxias platei",1,"Minnow Trap","Cristian Correa, Maryse Boisjoly","CC BY-NC 4.0","Cristian Correa, orcid.org/0000-0002-8608-6858","not-for-profit use only","Correa & Boisjoly fish collection v.2025-11-27","Fish Database Correa-Boisjoly","Occurrence"
"Correa, Cristian, and Maryse Boisjoly (2025) Chilean fish collection and empirical database (Version 2025-11-27) [Unpublished dataset].","","Correa.Boisjoly.collection.004434","Huelde","Lago Huelde, Río Cipresales",-42.58597098,-74.09176201,2014,2014-02-25,"Galaxias maculatus",1,"Minnow Trap","Cristian Correa, Maryse Boisjoly","CC BY-NC 4.0","Cristian Correa, orcid.org/0000-0002-8608-6858","not-for-profit use only","Correa & Boisjoly fish collection v.2025-11-27","Fish Database Correa-Boisjoly","Occurrence"
"Correa, Cristian, and Maryse Boisjoly (2025) Chilean fish collection and empirical database (Version 2025-11-27) [Unpublished dataset].","","Correa.Boisjoly.collection.004433","Huelde","Lago Huelde, Río Cipresales",-42.58584903,-74.09068904,2014,2014-02-25,"Galaxias maculatus",1,"Minnow Trap","Cristian Correa, Maryse Boisjoly","CC BY-NC 4.0","Cristian Correa, orcid.org/0000-0002-8608-6858","not-for-profit use only","Correa & Boisjoly fish collection v.2025-11-27","Fish Database Correa-Boisjoly","Occurrence"
"Correa, Cristian, and Maryse Boisjoly (2025) Chilean fish collection and empirical database (Version 2025-11-27) [Unpublished dataset].","","Correa.Boisjoly.collection.004432","Huelde","Lago Huelde, Río Cipresales",-42.58573797,-74.09019903,2014,2014-02-25,"Galaxias maculatus",1,"Minnow Trap","Cristian Correa, Maryse Boisjoly","CC BY-NC 4.0","Cristian Correa, orcid.org/0000-0002-8608-6858","not-for-profit use only","Correa & Boisjoly fish collection v.2025-11-27","Fish Database Correa-Boisjoly","Occurrence"
"Correa, Cristian, and Maryse Boisjoly (2025) Chilean fish collection and empirical database (Version 2025-11-27) [Unpublished dataset].","","Correa.Boisjoly.collection.004441","Huelde","Lago Huelde, Río Cipresales",-42.58573797,-74.09019903,2014,2014-02-25,"Galaxias platei",1,"Minnow Trap","Cristian Correa, Maryse Boisjoly","CC BY-NC 4.0","Cristian Correa, orcid.org/0000-0002-8608-6858","not-for-profit use only","Correa & Boisjoly fish collection v.2025-11-27","Fish Database Correa-Boisjoly","Occurrence"
"Correa, Cristian, and Maryse Boisjoly (2025) Chilean fish collection and empirical database (Version 2025-11-27) [Unpublished dataset].","","Correa.Boisjoly.collection.006701","Huelde","Lago Huelde, Río Cipresales",-42.58571902,-74.09263599,2017,2017-02-24,"Galaxias platei",1,"Gill Net Aplochitonera 3mX5m  X2","Cristian Correa, Maryse Boisjoly, Consuelo Guevara, Camila Sola","CC BY-NC 4.0","Cristian Correa, orcid.org/0000-0002-8608-6858","not-for-profit use only","Correa & Boisjoly fish collection v.2025-11-27","Fish Database Correa-Boisjoly","Occurrence"
"Correa, Cristian, and Maryse Boisjoly (2025) Chilean fish collection and empirical database (Version 2025-11-27) [Unpublished dataset].","","Correa.Boisjoly.collection.004435","Huelde","Lago Huelde, Río Cipresales",-42.58565901,-74.09313404,2014,2014-02-25,"Galaxias maculatus",1,"Minnow Trap","Cristian Correa, Maryse Boisjoly","CC BY-NC 4.0","Cristian Correa, orcid.org/0000-0002-8608-6858","not-for-profit use only","Correa & Boisjoly fish collection v.2025-11-27","Fish Database Correa-Boisjoly","Occurrence"
"Correa, Cristian, and Maryse Boisjoly (2025) Chilean fish collection and empirical database (Version 2025-11-27) [Unpublished dataset].","","Correa.Boisjoly.collection.004436","Huelde","Lago Huelde, Río Cipresales",-42.58564099,-74.09356202,2014,2014-02-25,"Galaxias maculatus",1,"Minnow Trap","Cristian Correa, Maryse Boisjoly","CC BY-NC 4.0","Cristian Correa, orcid.org/0000-0002-8608-6858","not-for-profit use only","Correa & Boisjoly fish collection v.2025-11-27","Fish Database Correa-Boisjoly","Occurrence"
"Correa, Cristian, and Maryse Boisjoly (2025) Chilean fish collection and empirical database (Version 2025-11-27) [Unpublished dataset].","","Correa.Boisjoly.collection.004424","Huelde","Lago Huelde, Río Cipresales",-42.58549699,-74.08962999,2014,2014-02-25,"Aplochiton taeniatus",2,"Gill Net Aplochitonera 3mX10m","Cristian Correa, Maryse Boisjoly","CC BY-NC 4.0","Cristian Correa, orcid.org/0000-0002-8608-6858","not-for-profit use only","Correa & Boisjoly fish collection v.2025-11-27","Fish Database Correa-Boisjoly","Occurrence"
"Correa, Cristian, and Maryse Boisjoly (2025) Chilean fish collection and empirical database (Version 2025-11-27) [Unpublished dataset].","","Correa.Boisjoly.collection.006643","Huelde","Lago Huelde, Río Cipresales",-42.584349,-74.08922204,2017,2017-02-20,"Galaxias maculatus",4,"Fyke net","Cristian Correa, Maryse Boisjoly, Camila Sola, Consuelo Guevara","CC BY-NC 4.0","Cristian Correa, orcid.org/0000-0002-8608-6858","not-for-profit use only","Correa & Boisjoly fish collection v.2025-11-27","Fish Database Correa-Boisjoly","Occurrence"
"Correa, Cristian, and Maryse Boisjoly (2025) Chilean fish collection and empirical database (Version 2025-11-27) [Unpublished dataset].","","Correa.Boisjoly.collection.006633","Huelde","Lago Huelde, Río Cipresales",-42.584349,-74.08922204,2017,2017-02-20,"Galaxias platei",17,"Fyke net","Cristian Correa, Maryse Boisjoly, Camila Sola, Consuelo Guevara","CC BY-NC 4.0","Cristian Correa, orcid.org/0000-0002-8608-6858","not-for-profit use only","Correa & Boisjoly fish collection v.2025-11-27","Fish Database Correa-Boisjoly","Occurrence"
"Correa, Cristian, and Maryse Boisjoly (2025) Chilean fish collection and empirical database (Version 2025-11-27) [Unpublished dataset].","","Correa.Boisjoly.collection.004393","Huelde","Lago Huelde, desagüe",-42.60365202,-74.12336899,2014,2014-02-24,"Aplochiton marinus",1,"Gill Net Aplochitonera 3mX5m","Cristian Correa, Maryse Boisjoly","CC BY-NC 4.0","Cristian Correa, orcid.org/0000-0002-8608-6858","not-for-profit use only","Correa & Boisjoly fish collection v.2025-11-27","Fish Database Correa-Boisjoly","Occurrence"
"Correa, Cristian, and Maryse Boisjoly (2025) Chilean fish collection and empirical database (Version 2025-11-27) [Unpublished dataset].","","Correa.Boisjoly.collection.004394","Huelde","Lago Huelde, desagüe",-42.60365202,-74.12336899,2014,2014-02-24,"Odontesthes brevianalis",2,"Gill Net Aplochitonera 3mX5m","Cristian Correa, Maryse Boisjoly","CC BY-NC 4.0","Cristian Correa, orcid.org/0000-0002-8608-6858","not-for-profit use only","Correa & Boisjoly fish collection v.2025-11-27","Fish Database Correa-Boisjoly","Occurrence"
"Correa, Cristian, and Maryse Boisjoly (2025) Chilean fish collection and empirical database (Version 2025-11-27) [Unpublished dataset].","","Correa.Boisjoly.collection.004396","Huelde","Lago Huelde, desagüe",-42.60056597,-74.11889104,2014,2014-02-24,"Aplochiton marinus",7,"Gill Net Aplochitonera 3mX10m","Cristian Correa, Maryse Boisjoly","CC BY-NC 4.0","Cristian Correa, orcid.org/0000-0002-8608-6858","not-for-profit use only","Correa & Boisjoly fish collection v.2025-11-27","Fish Database Correa-Boisjoly","Occurrence"
"Correa, Cristian, and Maryse Boisjoly (2025) Chilean fish collection and empirical database (Version 2025-11-27) [Unpublished dataset].","","Correa.Boisjoly.collection.004408","Huelde","Lago Huelde, desagüe",-42.60056597,-74.11889104,2014,2014-02-24,"Eleginops maclovinus",3,"Gill Net Aplochitonera 3mX10m","Cristian Correa, Maryse Boisjoly","CC BY-NC 4.0","Cristian Correa, orcid.org/0000-0002-8608-6858","not-for-profit use only","Correa & Boisjoly fish collection v.2025-11-27","Fish Database Correa-Boisjoly","Occurrence"
"Correa, Cristian, and Maryse Boisjoly (2025) Chilean fish collection and empirical database (Version 2025-11-27) [Unpublished dataset].","","Correa.Boisjoly.collection.004403","Huelde","Lago Huelde, desagüe",-42.60056597,-74.11889104,2014,2014-02-24,"Odontesthes brevianalis",5,"Gill Net Aplochitonera 3mX10m","Cristian Correa, Maryse Boisjoly","CC BY-NC 4.0","Cristian Correa, orcid.org/0000-0002-8608-6858","not-for-profit use only","Correa & Boisjoly fish collection v.2025-11-27","Fish Database Correa-Boisjoly","Occurrence"
"Correa, Cristian, and Maryse Boisjoly (2025) Chilean fish collection and empirical database (Version 2025-11-27) [Unpublished dataset].","","Correa.Boisjoly.collection.004431","Huelde","Lago Huelde, desagüe",-42.60056597,-74.11889104,2014,2014-02-26,"Galaxias platei",1,"Hand Collected","Cristian Correa, Maryse Boisjoly","CC BY-NC 4.0","Cristian Correa, orcid.org/0000-0002-8608-6858","not-for-profit use only","Correa & Boisjoly fish collection v.2025-11-27","Fish Database Correa-Boisjoly","Occurrence"
"Correa, Cristian, and Maryse Boisjoly (2025) Chilean fish collection and empirical database (Version 2025-11-27) [Unpublished dataset].","","Correa.Boisjoly.collection.009524","Lago La Paloma","Lago La Paloma",-45.87618,-72.07065,2019,2019-11-22,"Aplochiton zebra",33,"Casting Net","Cristian Correa","CC BY-NC 4.0","Cristian Correa, orcid.org/0000-0002-8608-6858","not-for-profit use only","Correa & Boisjoly fish collection v.2025-11-27","Fish Database Correa-Boisjoly","Occurrence"
"Correa, Cristian, and Maryse Boisjoly (2025) Chilean fish collection and empirical database (Version 2025-11-27) [Unpublished dataset].","","Correa.Boisjoly.collection.009535","Lago La Paloma","Lago La Paloma",-45.87618,-72.07065,2019,2019-11-22,"Oncorhynchus mykiss",1,"Casting Net","Cristian Correa","CC BY-NC 4.0","Cristian Correa, orcid.org/0000-0002-8608-6858","not-for-profit use only","Correa & Boisjoly fish collection v.2025-11-27","Fish Database Correa-Boisjoly","Occurrence"
"Correa, C., and Hendry, A.P. 2012. Invasive salmonids and lake order interact in the decline of puye grande Galaxias platei in western Patagonia lakes. Ecological Applications 22(3): 828–842. doi:10.1890/11-1174.1.","(Correa and Hendry 2012) | (Correa et al. 2012)","Correa.Boisjoly.collection.002152","Leon","Lago Leon",-45.616146,-71.840491,2009,2009-01-29,"Galaxias platei",90,"Electric fishing, Trapping, Dip net","Cristian Correa","CC BY-NC 4.0","Cristian Correa, orcid.org/0000-0002-8608-6858","not-for-profit use only","Correa & Boisjoly fish collection v.2025-11-27","Fish Database Correa-Boisjoly","Occurrence"
"Correa, C., and Hendry, A.P. 2012. Invasive salmonids and lake order interact in the decline of puye grande Galaxias platei in western Patagonia lakes. Ecological Applications 22(3): 828–842. doi:10.1890/11-1174.1.","(Correa and Hendry 2012)","Correa.Boisjoly.collection.002166","Leon","Lago Leon",-45.616146,-71.840491,2009,2009-01-30,"Galaxias platei",3,"Bottom gillnet S","Cristian Correa","CC BY-NC 4.0","Cristian Correa, orcid.org/0000-0002-8608-6858","not-for-profit use only","Correa & Boisjoly fish collection v.2025-11-27","Fish Database Correa-Boisjoly","Occurrence"
"Correa, Cristian, and Maryse Boisjoly (2025) Chilean fish collection and empirical database (Version 2025-11-27) [Unpublished dataset].","","Correa.Boisjoly.collection.012286","Rio Futaleufu","Lago Lonconao",-43.231353,-71.93025,2023,2023-11-10,"Cheirodon interruptus",16,"Fyke net","CC BD","CC BY-NC 4.0","Cristian Correa, orcid.org/0000-0002-8608-6858","not-for-profit use only","Correa & Boisjoly fish collection v.2025-11-27","Fish Database Correa-Boisjoly","Occurrence"
"Correa, C., Bravo, A.P., and Hendry, A.P. 2012. Reciprocal trophic niche shifts in native and invasive fish: salmonids and galaxiids in Patagonian lakes. Freshwater Biology 57(9): 1769–1781.","(Correa et al. 2012) | (Correa and Hendry 2012)","Correa.Boisjoly.collection.002453","Mercedes","Lago Mercedes",-45.73613,-72.217254,2009,2009-02-11,"Salmo trutta",16,"Bottom gillnet S","Cristian Correa","CC BY-NC 4.0","Cristian Correa, orcid.org/0000-0002-8608-6858","not-for-profit use only","Correa & Boisjoly fish collection v.2025-11-27","Fish Database Correa-Boisjoly","Occurrence"
"Correa, C., Bravo, A.P., and Hendry, A.P. 2012. Reciprocal trophic niche shifts in native and invasive fish: salmonids and galaxiids in Patagonian lakes. Freshwater Biology 57(9): 1769–1781.","(Correa et al. 2012) | (Correa and Hendry 2012)","Correa.Boisjoly.collection.002461","Mercedes","Lago Mercedes",-45.73613,-72.217254,2009,2009-02-12,"Salmo trutta",21,"Electric fishing","Cristian Correa","CC BY-NC 4.0","Cristian Correa, orcid.org/0000-0002-8608-6858","not-for-profit use only","Correa & Boisjoly fish collection v.2025-11-27","Fish Database Correa-Boisjoly","Occurrence"
"Correa, C., Bravo, A.P., and Hendry, A.P. 2012. Reciprocal trophic niche shifts in native and invasive fish: salmonids and galaxiids in Patagonian lakes. Freshwater Biology 57(9): 1769–1781.","(Correa et al. 2012) | (Correa and Hendry 2012) | (Alò et al. 2013) | (Alò et al. 2019)","Correa.Boisjoly.collection.000310","Palos","Lago Palos",-45.320933,-72.702733,2007,2007-02-19,"Aplochiton taeniatus",18,"Bottom gillnet S","Cristian Correa","CC BY-NC 4.0","Cristian Correa, orcid.org/0000-0002-8608-6858","not-for-profit use only","Correa & Boisjoly fish collection v.2025-11-27","Fish Database Correa-Boisjoly","Occurrence"
"Correa, C., and Hendry, A.P. 2012. Invasive salmonids and lake order interact in the decline of puye grande Galaxias platei in western Patagonia lakes. Ecological Applications 22(3): 828–842. doi:10.1890/11-1174.1.","(Correa and Hendry 2012)","Correa.Boisjoly.collection.000169","Palos","Lago Palos",-45.320933,-72.702733,2007,2007-02-19,"Galaxias maculatus",191,"Trapping","Cristian Correa","CC BY-NC 4.0","Cristian Correa, orcid.org/0000-0002-8608-6858","not-for-profit use only","Correa & Boisjoly fish collection v.2025-11-27","Fish Database Correa-Boisjoly","Occurrence"
"Correa, C., Bravo, A.P., and Hendry, A.P. 2012. Reciprocal trophic niche shifts in native and invasive fish: salmonids and galaxiids in Patagonian lakes. Freshwater Biology 57(9): 1769–1781.","(Correa et al. 2012) | (Correa and Hendry 2012) | (Alò et al. 2019)","Correa.Boisjoly.collection.000315","Palos","Lago Palos",-45.320933,-72.702733,2007,2007-02-19,"Galaxias platei",5,"Bottom gillnet S","Cristian Correa","CC BY-NC 4.0","Cristian Correa, orcid.org/0000-0002-8608-6858","not-for-profit use only","Correa & Boisjoly fish collection v.2025-11-27","Fish Database Correa-Boisjoly","Occurrence"
"Correa, C., Bravo, A.P., and Hendry, A.P. 2012. Reciprocal trophic niche shifts in native and invasive fish: salmonids and galaxiids in Patagonian lakes. Freshwater Biology 57(9): 1769–1781.","(Correa et al. 2012) | (Correa and Hendry 2012) | (Alò et al. 2019)","Correa.Boisjoly.collection.000317","Palos","Lago Palos",-45.320933,-72.702733,2007,2007-02-19,"Salmo trutta",9,"Bottom gillnet S","Cristian Correa","CC BY-NC 4.0","Cristian Correa, orcid.org/0000-0002-8608-6858","not-for-profit use only","Correa & Boisjoly fish collection v.2025-11-27","Fish Database Correa-Boisjoly","Occurrence"
"Correa, C., and Hendry, A.P. 2012. Invasive salmonids and lake order interact in the decline of puye grande Galaxias platei in western Patagonia lakes. Ecological Applications 22(3): 828–842. doi:10.1890/11-1174.1.","(Correa and Hendry 2012)","Correa.Boisjoly.collection.000202","Palos","Lago Palos",-45.320933,-72.702733,2007,2007-02-20,"Galaxias maculatus",270,"Trapping, Electric fishing","Cristian Correa","CC BY-NC 4.0","Cristian Correa, orcid.org/0000-0002-8608-6858","not-for-profit use only","Correa & Boisjoly fish collection v.2025-11-27","Fish Database Correa-Boisjoly","Occurrence"
"Correa, C., and Hendry, A.P. 2012. Invasive salmonids and lake order interact in the decline of puye grande Galaxias platei in western Patagonia lakes. Ecological Applications 22(3): 828–842. doi:10.1890/11-1174.1.","(Correa and Hendry 2012) | (Correa et al. 2012) | (Alò et al. 2019)","Correa.Boisjoly.collection.000212","Palos","Lago Palos",-45.320933,-72.702733,2007,2007-02-20,"Galaxias platei",9,"Trapping, Electric fishing","Cristian Correa","CC BY-NC 4.0","Cristian Correa, orcid.org/0000-0002-8608-6858","not-for-profit use only","Correa & Boisjoly fish collection v.2025-11-27","Fish Database Correa-Boisjoly","Occurrence"
"Correa, C., Bravo, A.P., and Hendry, A.P. 2012. Reciprocal trophic niche shifts in native and invasive fish: salmonids and galaxiids in Patagonian lakes. Freshwater Biology 57(9): 1769–1781.","(Correa et al. 2012) | (Correa and Hendry 2012) | (Alò et al. 2019)","Correa.Boisjoly.collection.000309","Palos","Lago Palos",-45.320933,-72.702733,2007,2007-02-20,"Salmo trutta",3,"Bottom gillnet L","Cristian Correa","CC BY-NC 4.0","Cristian Correa, orcid.org/0000-0002-8608-6858","not-for-profit use only","Correa & Boisjoly fish collection v.2025-11-27","Fish Database Correa-Boisjoly","Occurrence"
"Correa, C., and Hendry, A.P. 2012. Invasive salmonids and lake order interact in the decline of puye grande Galaxias platei in western Patagonia lakes. Ecological Applications 22(3): 828–842. doi:10.1890/11-1174.1.","(Correa and Hendry 2012)","Correa.Boisjoly.collection.000324","Palos","Lago Palos",-45.320933,-72.702733,2007,2007-02-21,"Galaxias maculatus",31,"Electric fishing","Cristian Correa","CC BY-NC 4.0","Cristian Correa, orcid.org/0000-0002-8608-6858","not-for-profit use only","Correa & Boisjoly fish collection v.2025-11-27","Fish Database Correa-Boisjoly","Occurrence"
"Correa, C., Bravo, A.P., and Hendry, A.P. 2012. Reciprocal trophic niche shifts in native and invasive fish: salmonids and galaxiids in Patagonian lakes. Freshwater Biology 57(9): 1769–1781.","(Correa et al. 2012)","Correa.Boisjoly.collection.000355","Palos","Lago Palos",-45.320933,-72.702733,2007,2007-02-21,"Galaxias sp.",89,"Dip net","Cristian Correa","CC BY-NC 4.0","Cristian Correa, orcid.org/0000-0002-8608-6858","not-for-profit use only","Correa & Boisjoly fish collection v.2025-11-27","Fish Database Correa-Boisjoly","Occurrence"
"Correa, C., and Hendry, A.P. 2012. Invasive salmonids and lake order interact in the decline of puye grande Galaxias platei in western Patagonia lakes. Ecological Applications 22(3): 828–842. doi:10.1890/11-1174.1.","(Correa and Hendry 2012)","Correa.Boisjoly.collection.001603","Pollux","Lago Pollux",-45.67629,-71.862678,2007,2007-02-11,"Galaxias platei",1,"Electric fishing","Cristian Correa","CC BY-NC 4.0","Cristian Correa, orcid.org/0000-0002-8608-6858","not-for-profit use only","Correa & Boisjoly fish collection v.2025-11-27","Fish Database Correa-Boisjoly","Occurrence"
"Correa, C., and Hendry, A.P. 2012. Invasive salmonids and lake order interact in the decline of puye grande Galaxias platei in western Patagonia lakes. Ecological Applications 22(3): 828–842. doi:10.1890/11-1174.1.","(Correa and Hendry 2012)","Correa.Boisjoly.collection.001604","Pollux","Lago Pollux",-45.67629,-71.862678,2007,2007-02-11,"Oncorhynchus mykiss",113,"Electric fishing","Cristian Correa","CC BY-NC 4.0","Cristian Correa, orcid.org/0000-0002-8608-6858","not-for-profit use only","Correa & Boisjoly fish collection v.2025-11-27","Fish Database Correa-Boisjoly","Occurrence"
"Correa, C., Bravo, A.P., and Hendry, A.P. 2012. Reciprocal trophic niche shifts in native and invasive fish: salmonids and galaxiids in Patagonian lakes. Freshwater Biology 57(9): 1769–1781.","(Correa et al. 2012) | (Correa and Hendry 2012)","Correa.Boisjoly.collection.001719","Pollux","Lago Pollux",-45.67629,-71.862678,2007,2007-02-12,"Oncorhynchus mykiss",23,"Bottom gillnet S","Cristian Correa","CC BY-NC 4.0","Cristian Correa, orcid.org/0000-0002-8608-6858","not-for-profit use only","Correa & Boisjoly fish collection v.2025-11-27","Fish Database Correa-Boisjoly","Occurrence"
"Correa, C., and Hendry, A.P. 2012. Invasive salmonids and lake order interact in the decline of puye grande Galaxias platei in western Patagonia lakes. Ecological Applications 22(3): 828–842. doi:10.1890/11-1174.1.","(Correa and Hendry 2012)","Correa.Boisjoly.collection.001735","Pollux","Lago Pollux",-45.67629,-71.862678,2007,2007-04-09,"Galaxias platei",2,"Electric fishing","Cristian Correa","CC BY-NC 4.0","Cristian Correa, orcid.org/0000-0002-8608-6858","not-for-profit use only","Correa & Boisjoly fish collection v.2025-11-27","Fish Database Correa-Boisjoly","Occurrence"
"Correa, C., Bravo, A.P., and Hendry, A.P. 2012. Reciprocal trophic niche shifts in native and invasive fish: salmonids and galaxiids in Patagonian lakes. Freshwater Biology 57(9): 1769–1781.","(Correa et al. 2012) | (Correa and Hendry 2012)","Correa.Boisjoly.collection.002898","Pollux","Lago Pollux",-45.67629,-71.862678,2009,2009-03-27,"Galaxias platei",30,"Electric fishing, Electric fishing (off records)","Cristian Correa","CC BY-NC 4.0","Cristian Correa, orcid.org/0000-0002-8608-6858","not-for-profit use only","Correa & Boisjoly fish collection v.2025-11-27","Fish Database Correa-Boisjoly","Occurrence"
"Correa, C., Bravo, A.P., and Hendry, A.P. 2012. Reciprocal trophic niche shifts in native and invasive fish: salmonids and galaxiids in Patagonian lakes. Freshwater Biology 57(9): 1769–1781.","(Correa et al. 2012) | (Correa and Hendry 2012)","Correa.Boisjoly.collection.002901","Pollux","Lago Pollux",-45.67629,-71.862678,2009,2009-03-27,"Oncorhynchus mykiss",24,"Electric fishing, Electric fishing (off records)","Cristian Correa","CC BY-NC 4.0","Cristian Correa, orcid.org/0000-0002-8608-6858","not-for-profit use only","Correa & Boisjoly fish collection v.2025-11-27","Fish Database Correa-Boisjoly","Occurrence"
"Correa, C., Bravo, A.P., and Hendry, A.P. 2012. Reciprocal trophic niche shifts in native and invasive fish: salmonids and galaxiids in Patagonian lakes. Freshwater Biology 57(9): 1769–1781.","(Correa et al. 2012) | (Correa and Hendry 2012)","Correa.Boisjoly.collection.003523","Pollux","Lago Pollux",-45.67629,-71.862678,2009,2009-11-01,"Galaxias platei",12,"Electric fishing","Cristian Correa","CC BY-NC 4.0","Cristian Correa, orcid.org/0000-0002-8608-6858","not-for-profit use only","Correa & Boisjoly fish collection v.2025-11-27","Fish Database Correa-Boisjoly","Occurrence"
"Correa, C., Bravo, A.P., and Hendry, A.P. 2012. Reciprocal trophic niche shifts in native and invasive fish: salmonids and galaxiids in Patagonian lakes. Freshwater Biology 57(9): 1769–1781.","(Correa et al. 2012) | (Correa and Hendry 2012)","Correa.Boisjoly.collection.003530","Pollux","Lago Pollux",-45.67629,-71.862678,2009,2009-11-03,"Oncorhynchus mykiss",16,"Electric fishing","Cristian Correa","CC BY-NC 4.0","Cristian Correa, orcid.org/0000-0002-8608-6858","not-for-profit use only","Correa & Boisjoly fish collection v.2025-11-27","Fish Database Correa-Boisjoly","Occurrence"
"Correa, C., and Hendry, A.P. 2012. Invasive salmonids and lake order interact in the decline of puye grande Galaxias platei in western Patagonia lakes. Ecological Applications 22(3): 828–842. doi:10.1890/11-1174.1.","(Correa and Hendry 2012)","Correa.Boisjoly.collection.000429","Portales","Lago Portales",-45.535313,-72.590396,2007,2007-02-23,"Galaxias platei",2,"Trapping","Cristian Correa","CC BY-NC 4.0","Cristian Correa, orcid.org/0000-0002-8608-6858","not-for-profit use only","Correa & Boisjoly fish collection v.2025-11-27","Fish Database Correa-Boisjoly","Occurrence"
"Correa, C., Bravo, A.P., and Hendry, A.P. 2012. Reciprocal trophic niche shifts in native and invasive fish: salmonids and galaxiids in Patagonian lakes. Freshwater Biology 57(9): 1769–1781.","(Correa et al. 2012) | (Correa and Hendry 2012)","Correa.Boisjoly.collection.000432","Portales","Lago Portales",-45.535313,-72.590396,2007,2007-02-23,"Salmo trutta",20,"Bottom gillnet S","Cristian Correa","CC BY-NC 4.0","Cristian Correa, orcid.org/0000-0002-8608-6858","not-for-profit use only","Correa & Boisjoly fish collection v.2025-11-27","Fish Database Correa-Boisjoly","Occurrence"
"Correa, C., and Hendry, A.P. 2012. Invasive salmonids and lake order interact in the decline of puye grande Galaxias platei in western Patagonia lakes. Ecological Applications 22(3): 828–842. doi:10.1890/11-1174.1.","(Correa and Hendry 2012)","Correa.Boisjoly.collection.000454","Portales","Lago Portales",-45.535313,-72.590396,2007,2007-03-02,"Galaxias platei",3,"Electric fishing","Cristian Correa","CC BY-NC 4.0","Cristian Correa, orcid.org/0000-0002-8608-6858","not-for-profit use only","Correa & Boisjoly fish collection v.2025-11-27","Fish Database Correa-Boisjoly","Occurrence"
"Correa, C., and Hendry, A.P. 2012. Invasive salmonids and lake order interact in the decline of puye grande Galaxias platei in western Patagonia lakes. Ecological Applications 22(3): 828–842. doi:10.1890/11-1174.1.","(Correa and Hendry 2012)","Correa.Boisjoly.collection.000451","Portales","Lago Portales",-45.535313,-72.590396,2007,2007-03-02,"Oncorhynchus mykiss",4,"Electric fishing","Cristian Correa","CC BY-NC 4.0","Cristian Correa, orcid.org/0000-0002-8608-6858","not-for-profit use only","Correa & Boisjoly fish collection v.2025-11-27","Fish Database Correa-Boisjoly","Occurrence"
"Correa, C., and Hendry, A.P. 2012. Invasive salmonids and lake order interact in the decline of puye grande Galaxias platei in western Patagonia lakes. Ecological Applications 22(3): 828–842. doi:10.1890/11-1174.1.","(Correa and Hendry 2012)","Correa.Boisjoly.collection.000445","Portales","Lago Portales",-45.535313,-72.590396,2007,2007-03-02,"Salmo trutta",20,"Electric fishing","Cristian Correa","CC BY-NC 4.0","Cristian Correa, orcid.org/0000-0002-8608-6858","not-for-profit use only","Correa & Boisjoly fish collection v.2025-11-27","Fish Database Correa-Boisjoly","Occurrence"
"Correa, C., Bravo, A.P., and Hendry, A.P. 2012. Reciprocal trophic niche shifts in native and invasive fish: salmonids and galaxiids in Patagonian lakes. Freshwater Biology 57(9): 1769–1781.","(Correa et al. 2012) | (Correa and Hendry 2012)","Correa.Boisjoly.collection.002808","Portales","Lago Portales",-45.535313,-72.590396,2009,2009-03-21,"Galaxias platei",2,"Electric fishing","Cristian Correa","CC BY-NC 4.0","Cristian Correa, orcid.org/0000-0002-8608-6858","not-for-profit use only","Correa & Boisjoly fish collection v.2025-11-27","Fish Database Correa-Boisjoly","Occurrence"
"Correa, C., Bravo, A.P., and Hendry, A.P. 2012. Reciprocal trophic niche shifts in native and invasive fish: salmonids and galaxiids in Patagonian lakes. Freshwater Biology 57(9): 1769–1781.","(Correa et al. 2012) | (Correa and Hendry 2012)","Correa.Boisjoly.collection.002815","Portales","Lago Portales",-45.535313,-72.590396,2009,2009-03-22,"Galaxias platei",29,"Electric fishing","Cristian Correa","CC BY-NC 4.0","Cristian Correa, orcid.org/0000-0002-8608-6858","not-for-profit use only","Correa & Boisjoly fish collection v.2025-11-27","Fish Database Correa-Boisjoly","Occurrence"
"Correa, C., and Hendry, A.P. 2012. Invasive salmonids and lake order interact in the decline of puye grande Galaxias platei in western Patagonia lakes. Ecological Applications 22(3): 828–842. doi:10.1890/11-1174.1.","(Correa and Hendry 2012)","Correa.Boisjoly.collection.002809","Portales","Lago Portales",-45.535313,-72.590396,2009,2009-03-22,"Salmo trutta",7,"Electric fishing","Cristian Correa","CC BY-NC 4.0","Cristian Correa, orcid.org/0000-0002-8608-6858","not-for-profit use only","Correa & Boisjoly fish collection v.2025-11-27","Fish Database Correa-Boisjoly","Occurrence"
"Correa, Cristian, and Maryse Boisjoly (2025) Chilean fish collection and empirical database (Version 2025-11-27) [Unpublished dataset].","","Correa.Boisjoly.collection.005770","Lago Porteño","Lago Porteño",-51.3342,-72.804373,2015,2015-03-11,"Galaxias maculatus",55,"Seine net","Maryse Boisjoly, Jonathan Poblete","CC BY-NC 4.0","Cristian Correa, orcid.org/0000-0002-8608-6858","not-for-profit use only","Correa & Boisjoly fish collection v.2025-11-27","Fish Database Correa-Boisjoly","Occurrence"
"Correa, Cristian, and Maryse Boisjoly (2025) Chilean fish collection and empirical database (Version 2025-11-27) [Unpublished dataset].","","Correa.Boisjoly.collection.005772","Lago Porteño","Lago Porteño",-51.333003,-72.80633,2015,2015-03-11,"Aplochiton zebra",2,"Electric fishing","Jonathan Poblete","CC BY-NC 4.0","Cristian Correa, orcid.org/0000-0002-8608-6858","not-for-profit use only","Correa & Boisjoly fish collection v.2025-11-27","Fish Database Correa-Boisjoly","Occurrence"
"Correa, Cristian, and Maryse Boisjoly (2025) Chilean fish collection and empirical database (Version 2025-11-27) [Unpublished dataset].","","Correa.Boisjoly.collection.006248","Lago Porteño","Lago Porteño",-51.333003,-72.80633,2015,2015-03-13,"Galaxias maculatus",3,"Electric fishing","Cristian Correa, Jonathan Poblete","CC BY-NC 4.0","Cristian Correa, orcid.org/0000-0002-8608-6858","not-for-profit use only","Correa & Boisjoly fish collection v.2025-11-27","Fish Database Correa-Boisjoly","Occurrence"
"Correa, Cristian, and Maryse Boisjoly (2025) Chilean fish collection and empirical database (Version 2025-11-27) [Unpublished dataset].","","Correa.Boisjoly.collection.005775","Lago Porteño","Lago Porteño",-51.32971304,-72.80755998,2015,2015-03-12,"Salmo trutta",4,"Gill Net Experimental","Cristian Correa, Maryse Boisjoly, Jonathan Poblete","CC BY-NC 4.0","Cristian Correa, orcid.org/0000-0002-8608-6858","not-for-profit use only","Correa & Boisjoly fish collection v.2025-11-27","Fish Database Correa-Boisjoly","Occurrence"
"Correa, Cristian, and Maryse Boisjoly (2025) Chilean fish collection and empirical database (Version 2025-11-27) [Unpublished dataset].","","Correa.Boisjoly.collection.005774","Lago Porteño","Lago Porteño",-51.32859103,-72.80887904,2015,2015-03-12,"Salmo trutta",1,"Gill Net Experimental","Cristian Correa, Jonathan Poblete, Maryse Boisjoly","CC BY-NC 4.0","Cristian Correa, orcid.org/0000-0002-8608-6858","not-for-profit use only","Correa & Boisjoly fish collection v.2025-11-27","Fish Database Correa-Boisjoly","Occurrence"
"Correa, Cristian, and Maryse Boisjoly (2025) Chilean fish collection and empirical database (Version 2025-11-27) [Unpublished dataset].","","Correa.Boisjoly.collection.006246","Lago Porteño","Lago Porteño",-51.314033,-72.829773,2015,2015-03-13,"Galaxias maculatus",39,"Seine net","Maryse Boisjoly, Jonathan Poblete","CC BY-NC 4.0","Cristian Correa, orcid.org/0000-0002-8608-6858","not-for-profit use only","Correa & Boisjoly fish collection v.2025-11-27","Fish Database Correa-Boisjoly","Occurrence"
"Correa, Cristian, and Maryse Boisjoly (2025) Chilean fish collection and empirical database (Version 2025-11-27) [Unpublished dataset].","","Correa.Boisjoly.collection.005806","Lago Porteño","Lago Porteño",-51.31258302,-72.82599002,2015,2015-03-13,"Salmo trutta",2,"Gill Net","Cristian Correa, Jonathan Poblete, Maryse Boisjoly","CC BY-NC 4.0","Cristian Correa, orcid.org/0000-0002-8608-6858","not-for-profit use only","Correa & Boisjoly fish collection v.2025-11-27","Fish Database Correa-Boisjoly","Occurrence"
"Correa, Cristian, and Maryse Boisjoly (2025) Chilean fish collection and empirical database (Version 2025-11-27) [Unpublished dataset].","","Correa.Boisjoly.collection.005812","Lago Porteño","Lago Porteño",-51.31235202,-72.82588701,2015,2015-03-14,"Salmo trutta",10,"Gill Net Experimental","Cristian Correa","CC BY-NC 4.0","Cristian Correa, orcid.org/0000-0002-8608-6858","not-for-profit use only","Correa & Boisjoly fish collection v.2025-11-27","Fish Database Correa-Boisjoly","Occurrence"
"Correa, Cristian, and Maryse Boisjoly (2025) Chilean fish collection and empirical database (Version 2025-11-27) [Unpublished dataset].","","Correa.Boisjoly.collection.005779","Lago Porteño","Lago Porteño",-51.312211,-72.8296,2015,2015-03-13,"Aplochiton zebra",2,"Electric fishing","Cristian Correa, Jonathan Poblete","CC BY-NC 4.0","Cristian Correa, orcid.org/0000-0002-8608-6858","not-for-profit use only","Correa & Boisjoly fish collection v.2025-11-27","Fish Database Correa-Boisjoly","Occurrence"
"Correa, Cristian, and Maryse Boisjoly (2025) Chilean fish collection and empirical database (Version 2025-11-27) [Unpublished dataset].","","Correa.Boisjoly.collection.006247","Lago Porteño","Lago Porteño",-51.312211,-72.8296,2015,2015-03-13,"Galaxias maculatus",5,"Electric fishing","Cristian Correa, Jonathan Poblete","CC BY-NC 4.0","Cristian Correa, orcid.org/0000-0002-8608-6858","not-for-profit use only","Correa & Boisjoly fish collection v.2025-11-27","Fish Database Correa-Boisjoly","Occurrence"
"Correa, Cristian, and Maryse Boisjoly (2025) Chilean fish collection and empirical database (Version 2025-11-27) [Unpublished dataset].","","Correa.Boisjoly.collection.005808","Lago Porteño","Lago Porteño",-51.312211,-72.8296,2015,2015-03-13,"Salmo trutta",1,"Electric fishing","Cristian Correa, Jonathan Poblete","CC BY-NC 4.0","Cristian Correa, orcid.org/0000-0002-8608-6858","not-for-profit use only","Correa & Boisjoly fish collection v.2025-11-27","Fish Database Correa-Boisjoly","Occurrence"
"Correa, Cristian, and Maryse Boisjoly (2025) Chilean fish collection and empirical database (Version 2025-11-27) [Unpublished dataset].","","Correa.Boisjoly.collection.005811","Lago Porteño","Lago Porteño",-51.312062,-72.825396,2015,2015-03-14,"Salmo trutta",1,"Gill Net","Cristian Correa","CC BY-NC 4.0","Cristian Correa, orcid.org/0000-0002-8608-6858","not-for-profit use only","Correa & Boisjoly fish collection v.2025-11-27","Fish Database Correa-Boisjoly","Occurrence"
"Correa, Cristian, and Maryse Boisjoly (2025) Chilean fish collection and empirical database (Version 2025-11-27) [Unpublished dataset].","","Correa.Boisjoly.collection.004575","Lago Presidente Ríos","Lago Presidente Ríos",-46.36179096,-74.14079304,2014,2014-03-29,"Aplochiton marinus",8,"Gill Net Aplochitonera 3mX10m","Cristian Correa, Maryse Boisjoly","CC BY-NC 4.0","Cristian Correa, orcid.org/0000-0002-8608-6858","not-for-profit use only","Correa & Boisjoly fish collection v.2025-11-27","Fish Database Correa-Boisjoly","Occurrence"
"Correa, Cristian, and Maryse Boisjoly (2025) Chilean fish collection and empirical database (Version 2025-11-27) [Unpublished dataset].","","Correa.Boisjoly.collection.004577","Lago Presidente Ríos","Lago Presidente Ríos",-46.36179096,-74.14079304,2014,2014-03-29,"Aplochiton taeniatus",3,"Gill Net Aplochitonera 3mX10m","Cristian Correa, Maryse Boisjoly","CC BY-NC 4.0","Cristian Correa, orcid.org/0000-0002-8608-6858","not-for-profit use only","Correa & Boisjoly fish collection v.2025-11-27","Fish Database Correa-Boisjoly","Occurrence"
"Correa, Cristian, and Maryse Boisjoly (2025) Chilean fish collection and empirical database (Version 2025-11-27) [Unpublished dataset].","","Correa.Boisjoly.collection.004589","Lago Presidente Ríos","Lago Presidente Ríos",-46.36179096,-74.14079304,2014,2014-03-29,"Galaxias platei",2,"Gill Net Aplochitonera 3mX10m","Cristian Correa, Maryse Boisjoly","CC BY-NC 4.0","Cristian Correa, orcid.org/0000-0002-8608-6858","not-for-profit use only","Correa & Boisjoly fish collection v.2025-11-27","Fish Database Correa-Boisjoly","Occurrence"
"Correa, Cristian, and Maryse Boisjoly (2025) Chilean fish collection and empirical database (Version 2025-11-27) [Unpublished dataset].","","Correa.Boisjoly.collection.004579","Lago Presidente Ríos","Lago Presidente Ríos",-46.36045597,-74.13521304,2014,2014-03-28,"Aplochiton taeniatus",1,"Gill Net Experimental","Cristian Correa, Maryse Boisjoly","CC BY-NC 4.0","Cristian Correa, orcid.org/0000-0002-8608-6858","not-for-profit use only","Correa & Boisjoly fish collection v.2025-11-27","Fish Database Correa-Boisjoly","Occurrence"
"Correa, Cristian, and Maryse Boisjoly (2025) Chilean fish collection and empirical database (Version 2025-11-27) [Unpublished dataset].","","Correa.Boisjoly.collection.004580","Lago Presidente Ríos","Lago Presidente Ríos",-46.36045597,-74.13521304,2014,2014-03-28,"Galaxias platei",1,"Gill Net Experimental","Cristian Correa, Maryse Boisjoly","CC BY-NC 4.0","Cristian Correa, orcid.org/0000-0002-8608-6858","not-for-profit use only","Correa & Boisjoly fish collection v.2025-11-27","Fish Database Correa-Boisjoly","Occurrence"
"Correa, Cristian, and Maryse Boisjoly (2025) Chilean fish collection and empirical database (Version 2025-11-27) [Unpublished dataset].","","Correa.Boisjoly.collection.004582","Lago Presidente Ríos","Lago Presidente Ríos",-46.36045597,-74.13521304,2014,2014-03-28,"Oncorhynchus tshawytscha",1,"Gill Net Experimental","Cristian Correa, Maryse Boisjoly","CC BY-NC 4.0","Cristian Correa, orcid.org/0000-0002-8608-6858","not-for-profit use only","Correa & Boisjoly fish collection v.2025-11-27","Fish Database Correa-Boisjoly","Occurrence"
"Correa, Cristian, and Maryse Boisjoly (2025) Chilean fish collection and empirical database (Version 2025-11-27) [Unpublished dataset].","","Correa.Boisjoly.collection.004581","Lago Presidente Ríos","Lago Presidente Ríos",-46.35865697,-74.12655604,2014,2014-03-28,"Aplochiton taeniatus",1,"Gill Net Aplochitonera 3mX5m","Cristian Correa, Maryse Boisjoly","CC BY-NC 4.0","Cristian Correa, orcid.org/0000-0002-8608-6858","not-for-profit use only","Correa & Boisjoly fish collection v.2025-11-27","Fish Database Correa-Boisjoly","Occurrence"
"Correa, Cristian, and Maryse Boisjoly (2025) Chilean fish collection and empirical database (Version 2025-11-27) [Unpublished dataset].","","Correa.Boisjoly.collection.004636","Lago Presidente Ríos","Lago Presidente Ríos",-46.35755299,-74.131511,2014,2014-03-30,"Galaxias maculatus",13,"Minnow Trap","Cristian Correa, Maryse Boisjoly","CC BY-NC 4.0","Cristian Correa, orcid.org/0000-0002-8608-6858","not-for-profit use only","Correa & Boisjoly fish collection v.2025-11-27","Fish Database Correa-Boisjoly","Occurrence"
"Correa, Cristian, and Maryse Boisjoly (2025) Chilean fish collection and empirical database (Version 2025-11-27) [Unpublished dataset].","","Correa.Boisjoly.collection.003359","Quetru","Lago Quetru",-48.117876,-73.110422,2007,2007-03-20,"Galaxias maculatus",1,"Trapping","Cristian Correa","CC BY-NC 4.0","Cristian Correa, orcid.org/0000-0002-8608-6858","not-for-profit use only","Correa & Boisjoly fish collection v.2025-11-27","Fish Database Correa-Boisjoly","Occurrence"
"Alò, D., Correa, C., Arias, C., and Cárdenas, L. 2013. Diversity of Aplochiton fishes (Galaxiidea) and the taxonomic resurrection of A. marinus. PLoS ONE 8(8): e71577.","(Alò et al. 2013)","Correa.Boisjoly.collection.003352","Quetru","Lago Quetru",-48.100923,-73.116373,2007,2007-03-20,"Aplochiton taeniatus",1,"Bottom gillnet S","Cristian Correa","CC BY-NC 4.0","Cristian Correa, orcid.org/0000-0002-8608-6858","not-for-profit use only","Correa & Boisjoly fish collection v.2025-11-27","Fish Database Correa-Boisjoly","Occurrence"
"Correa, Cristian, and Maryse Boisjoly (2025) Chilean fish collection and empirical database (Version 2025-11-27) [Unpublished dataset].","","Correa.Boisjoly.collection.003353","Quetru","Lago Quetru",-48.100923,-73.116373,2007,2007-03-20,"Oncorhynchus mykiss",1,"Bottom gillnet S","Cristian Correa","CC BY-NC 4.0","Cristian Correa, orcid.org/0000-0002-8608-6858","not-for-profit use only","Correa & Boisjoly fish collection v.2025-11-27","Fish Database Correa-Boisjoly","Occurrence"
"Correa, Cristian, and Maryse Boisjoly (2025) Chilean fish collection and empirical database (Version 2025-11-27) [Unpublished dataset].","","Correa.Boisjoly.collection.003354","Quetru","Lago Quetru",-48.100923,-73.116373,2007,2007-03-20,"Salmo trutta",5,"Bottom gillnet S","Cristian Correa","CC BY-NC 4.0","Cristian Correa, orcid.org/0000-0002-8608-6858","not-for-profit use only","Correa & Boisjoly fish collection v.2025-11-27","Fish Database Correa-Boisjoly","Occurrence"
"Correa, C., and Hendry, A.P. 2012. Invasive salmonids and lake order interact in the decline of puye grande Galaxias platei in western Patagonia lakes. Ecological Applications 22(3): 828–842. doi:10.1890/11-1174.1.","(Correa and Hendry 2012) | (Correa et al. 2012)","Correa.Boisjoly.collection.002782","Rengifo","Lago Rengifo",-45.617587,-72.511324,2009,2009-03-15,"Galaxias platei",19,"Trapping, Electric fishing","Cristian Correa","CC BY-NC 4.0","Cristian Correa, orcid.org/0000-0002-8608-6858","not-for-profit use only","Correa & Boisjoly fish collection v.2025-11-27","Fish Database Correa-Boisjoly","Occurrence"
"Correa, C., Bravo, A.P., and Hendry, A.P. 2012. Reciprocal trophic niche shifts in native and invasive fish: salmonids and galaxiids in Patagonian lakes. Freshwater Biology 57(9): 1769–1781.","(Correa et al. 2012) | (Correa and Hendry 2012)","Correa.Boisjoly.collection.002767","Rengifo","Lago Rengifo",-45.617587,-72.511324,2009,2009-03-15,"Salmo trutta",21,"Bottom gillnet S","Cristian Correa","CC BY-NC 4.0","Cristian Correa, orcid.org/0000-0002-8608-6858","not-for-profit use only","Correa & Boisjoly fish collection v.2025-11-27","Fish Database Correa-Boisjoly","Occurrence"
"Correa, C., and Hendry, A.P. 2012. Invasive salmonids and lake order interact in the decline of puye grande Galaxias platei in western Patagonia lakes. Ecological Applications 22(3): 828–842. doi:10.1890/11-1174.1.","(Correa and Hendry 2012)","Correa.Boisjoly.collection.002780","Rengifo","Lago Rengifo",-45.617587,-72.511324,2009,2009-03-18,"Salmo trutta",2,"Bottom gillnet L","Cristian Correa","CC BY-NC 4.0","Cristian Correa, orcid.org/0000-0002-8608-6858","not-for-profit use only","Correa & Boisjoly fish collection v.2025-11-27","Fish Database Correa-Boisjoly","Occurrence"
"Correa, Cristian, and Maryse Boisjoly (2025) Chilean fish collection and empirical database (Version 2025-11-27) [Unpublished dataset].","","Correa.Boisjoly.collection.000391","Riesco","Lago Riesco",-45.499861,-72.67575,2007,2007-02-22,"Galaxias maculatus",30,"Trapping","Cristian Correa","CC BY-NC 4.0","Cristian Correa, orcid.org/0000-0002-8608-6858","not-for-profit use only","Correa & Boisjoly fish collection v.2025-11-27","Fish Database Correa-Boisjoly","Occurrence"
"Correa, Cristian, and Maryse Boisjoly (2025) Chilean fish collection and empirical database (Version 2025-11-27) [Unpublished dataset].","","Correa.Boisjoly.collection.000421","Riesco","Lago Riesco",-45.499861,-72.67575,2007,2007-02-22,"Galaxias platei",14,"Trapping","Cristian Correa","CC BY-NC 4.0","Cristian Correa, orcid.org/0000-0002-8608-6858","not-for-profit use only","Correa & Boisjoly fish collection v.2025-11-27","Fish Database Correa-Boisjoly","Occurrence"
"Correa, Cristian, and Maryse Boisjoly (2025) Chilean fish collection and empirical database (Version 2025-11-27) [Unpublished dataset].","","Correa.Boisjoly.collection.006350","Riesco","Lago Riesco, desagüe",-45.499861,-72.67575,2016,2016-12-20,"Galaxias maculatus",34,"Electric fishing","Cristian Correa, Gabriel Orrellana","CC BY-NC 4.0","Cristian Correa, orcid.org/0000-0002-8608-6858","not-for-profit use only","Correa & Boisjoly fish collection v.2025-11-27","Fish Database Correa-Boisjoly","Occurrence"
"Correa, Cristian, and Maryse Boisjoly (2025) Chilean fish collection and empirical database (Version 2025-11-27) [Unpublished dataset].","","Correa.Boisjoly.collection.006321","Riesco","Lago Riesco, desagüe",-45.499861,-72.67575,2016,2016-12-20,"Oncorhynchus tshawytscha",29,"Casting Net","Cristian Correa, Gabriel Orrellana","CC BY-NC 4.0","Cristian Correa, orcid.org/0000-0002-8608-6858","not-for-profit use only","Correa & Boisjoly fish collection v.2025-11-27","Fish Database Correa-Boisjoly","Occurrence"
"Correa, C., Bravo, A.P., and Hendry, A.P. 2012. Reciprocal trophic niche shifts in native and invasive fish: salmonids and galaxiids in Patagonian lakes. Freshwater Biology 57(9): 1769–1781.","(Correa et al. 2012) | (Correa and Hendry 2012)","Correa.Boisjoly.collection.001436","Thompson","Lago Thompson",-45.642942,-71.789019,2007,2007-01-27,"Galaxias platei",17,"Bottom gillnet S, Trapping","Cristian Correa","CC BY-NC 4.0","Cristian Correa, orcid.org/0000-0002-8608-6858","not-for-profit use only","Correa & Boisjoly fish collection v.2025-11-27","Fish Database Correa-Boisjoly","Occurrence"
"Correa, C., and Hendry, A.P. 2012. Invasive salmonids and lake order interact in the decline of puye grande Galaxias platei in western Patagonia lakes. Ecological Applications 22(3): 828–842. doi:10.1890/11-1174.1.","(Correa and Hendry 2012) | (Correa et al. 2012)","Correa.Boisjoly.collection.001444","Thompson","Lago Thompson",-45.642942,-71.789019,2007,2007-01-28,"Galaxias platei",27,"Bottom gillnet S, Trapping","Cristian Correa","CC BY-NC 4.0","Cristian Correa, orcid.org/0000-0002-8608-6858","not-for-profit use only","Correa & Boisjoly fish collection v.2025-11-27","Fish Database Correa-Boisjoly","Occurrence"
"Correa, C., Bravo, A.P., and Hendry, A.P. 2012. Reciprocal trophic niche shifts in native and invasive fish: salmonids and galaxiids in Patagonian lakes. Freshwater Biology 57(9): 1769–1781.","(Correa et al. 2012) | (Correa and Hendry 2012)","Correa.Boisjoly.collection.001454","Thompson","Lago Thompson",-45.642942,-71.789019,2007,2007-01-28,"Oncorhynchus mykiss",12,"Bottom gillnet S","Cristian Correa","CC BY-NC 4.0","Cristian Correa, orcid.org/0000-0002-8608-6858","not-for-profit use only","Correa & Boisjoly fish collection v.2025-11-27","Fish Database Correa-Boisjoly","Occurrence"
"Correa, C., and Hendry, A.P. 2012. Invasive salmonids and lake order interact in the decline of puye grande Galaxias platei in western Patagonia lakes. Ecological Applications 22(3): 828–842. doi:10.1890/11-1174.1.","(Correa and Hendry 2012)","Correa.Boisjoly.collection.001480","Thompson","Lago Thompson",-45.642942,-71.789019,2007,2007-04-07,"Galaxias platei",48,"Electric fishing, Dip net","Cristian Correa","CC BY-NC 4.0","Cristian Correa, orcid.org/0000-0002-8608-6858","not-for-profit use only","Correa & Boisjoly fish collection v.2025-11-27","Fish Database Correa-Boisjoly","Occurrence"
"Correa, C., and Hendry, A.P. 2012. Invasive salmonids and lake order interact in the decline of puye grande Galaxias platei in western Patagonia lakes. Ecological Applications 22(3): 828–842. doi:10.1890/11-1174.1.","(Correa and Hendry 2012)","Correa.Boisjoly.collection.001514","Thompson","Lago Thompson",-45.642942,-71.789019,2007,2007-04-07,"Oncorhynchus mykiss",62,"Electric fishing","Cristian Correa","CC BY-NC 4.0","Cristian Correa, orcid.org/0000-0002-8608-6858","not-for-profit use only","Correa & Boisjoly fish collection v.2025-11-27","Fish Database Correa-Boisjoly","Occurrence"
"Correa, C., Bravo, A.P., and Hendry, A.P. 2012. Reciprocal trophic niche shifts in native and invasive fish: salmonids and galaxiids in Patagonian lakes. Freshwater Biology 57(9): 1769–1781.","(Correa et al. 2012)","Correa.Boisjoly.collection.003495","Toro","Lago Toro",-45.529818,-71.853242,2009,2009-10-30,"Galaxias platei",13,"Electric fishing","Cristian Correa","CC BY-NC 4.0","Cristian Correa, orcid.org/0000-0002-8608-6858","not-for-profit use only","Correa & Boisjoly fish collection v.2025-11-27","Fish Database Correa-Boisjoly","Occurrence"
"Correa, Cristian, and Maryse Boisjoly (2025) Chilean fish collection and empirical database (Version 2025-11-27) [Unpublished dataset].","","Correa.Boisjoly.collection.003756","Lago Yelcho","Lago Yelcho",-43.176216,-72.430558,2009,2009-04-14,"Galaxias maculatus",30,"Trapping","Cristian Correa","CC BY-NC 4.0","Cristian Correa, orcid.org/0000-0002-8608-6858","not-for-profit use only","Correa & Boisjoly fish collection v.2025-11-27","Fish Database Correa-Boisjoly","Occurrence"
"Correa, C., and Hendry, A.P. 2012. Invasive salmonids and lake order interact in the decline of puye grande Galaxias platei in western Patagonia lakes. Ecological Applications 22(3): 828–842. doi:10.1890/11-1174.1.","(Correa and Hendry 2012)","Correa.Boisjoly.collection.002553","Yulton","Lago Yulton",-45.118043,-72.902243,2009,2009-02-25,"Galaxias platei",7,"Electric fishing","Cristian Correa","CC BY-NC 4.0","Cristian Correa, orcid.org/0000-0002-8608-6858","not-for-profit use only","Correa & Boisjoly fish collection v.2025-11-27","Fish Database Correa-Boisjoly","Occurrence"
"Correa, C., and Hendry, A.P. 2012. Invasive salmonids and lake order interact in the decline of puye grande Galaxias platei in western Patagonia lakes. Ecological Applications 22(3): 828–842. doi:10.1890/11-1174.1.","(Correa and Hendry 2012) | (Correa et al. 2012)","Correa.Boisjoly.collection.002588","Yulton","Lago Yulton",-45.118043,-72.902243,2009,2009-02-26,"Galaxias platei",176,"Trapping, Bottom gillnet S, Dip net, Seine net","Cristian Correa","CC BY-NC 4.0","Cristian Correa, orcid.org/0000-0002-8608-6858","not-for-profit use only","Correa & Boisjoly fish collection v.2025-11-27","Fish Database Correa-Boisjoly","Occurrence"
"Correa, C., Bravo, A.P., and Hendry, A.P. 2012. Reciprocal trophic niche shifts in native and invasive fish: salmonids and galaxiids in Patagonian lakes. Freshwater Biology 57(9): 1769–1781.","(Correa et al. 2012) | (Correa and Hendry 2012)","Correa.Boisjoly.collection.002735","Zenteno","Lago Zenteno",-45.592058,-72.548246,2009,2009-03-11,"Galaxias platei",45,"Trapping","Cristian Correa","CC BY-NC 4.0","Cristian Correa, orcid.org/0000-0002-8608-6858","not-for-profit use only","Correa & Boisjoly fish collection v.2025-11-27","Fish Database Correa-Boisjoly","Occurrence"
"Correa, C., Bravo, A.P., and Hendry, A.P. 2012. Reciprocal trophic niche shifts in native and invasive fish: salmonids and galaxiids in Patagonian lakes. Freshwater Biology 57(9): 1769–1781.","(Correa et al. 2012) | (Correa and Hendry 2012)","Correa.Boisjoly.collection.002728","Zenteno","Lago Zenteno",-45.592058,-72.548246,2009,2009-03-11,"Salmo trutta",9,"Bottom gillnet L, Bottom gillnet S","Cristian Correa","CC BY-NC 4.0","Cristian Correa, orcid.org/0000-0002-8608-6858","not-for-profit use only","Correa & Boisjoly fish collection v.2025-11-27","Fish Database Correa-Boisjoly","Occurrence"
"Correa, C., Bravo, A.P., and Hendry, A.P. 2012. Reciprocal trophic niche shifts in native and invasive fish: salmonids and galaxiids in Patagonian lakes. Freshwater Biology 57(9): 1769–1781.","(Correa et al. 2012) | (Correa and Hendry 2012)","Correa.Boisjoly.collection.002797","Zenteno","Lago Zenteno",-45.592058,-72.548246,2009,2009-03-19,"Galaxias platei",6,"Electric fishing","Cristian Correa","CC BY-NC 4.0","Cristian Correa, orcid.org/0000-0002-8608-6858","not-for-profit use only","Correa & Boisjoly fish collection v.2025-11-27","Fish Database Correa-Boisjoly","Occurrence"
"Correa, C., and Hendry, A.P. 2012. Invasive salmonids and lake order interact in the decline of puye grande Galaxias platei in western Patagonia lakes. Ecological Applications 22(3): 828–842. doi:10.1890/11-1174.1.","(Correa and Hendry 2012)","Correa.Boisjoly.collection.002801","Zenteno","Lago Zenteno",-45.592058,-72.548246,2009,2009-03-19,"Salmo trutta",5,"Electric fishing","Cristian Correa","CC BY-NC 4.0","Cristian Correa, orcid.org/0000-0002-8608-6858","not-for-profit use only","Correa & Boisjoly fish collection v.2025-11-27","Fish Database Correa-Boisjoly","Occurrence"
"Correa, C., and Hendry, A.P. 2012. Invasive salmonids and lake order interact in the decline of puye grande Galaxias platei in western Patagonia lakes. Ecological Applications 22(3): 828–842. doi:10.1890/11-1174.1.","(Correa and Hendry 2012)","Correa.Boisjoly.collection.002806","Zenteno","Lago Zenteno",-45.592058,-72.548246,2009,2009-03-20,"Galaxias platei",2,"Electric fishing","Cristian Correa","CC BY-NC 4.0","Cristian Correa, orcid.org/0000-0002-8608-6858","not-for-profit use only","Correa & Boisjoly fish collection v.2025-11-27","Fish Database Correa-Boisjoly","Occurrence"
"Correa, C., and Hendry, A.P. 2012. Invasive salmonids and lake order interact in the decline of puye grande Galaxias platei in western Patagonia lakes. Ecological Applications 22(3): 828–842. doi:10.1890/11-1174.1.","(Correa and Hendry 2012)","Correa.Boisjoly.collection.000482","Alta","Laguna Alta",-45.534734,-72.708574,2007,2007-02-26,"Galaxias maculatus",3,"Trapping","Cristian Correa","CC BY-NC 4.0","Cristian Correa, orcid.org/0000-0002-8608-6858","not-for-profit use only","Correa & Boisjoly fish collection v.2025-11-27","Fish Database Correa-Boisjoly","Occurrence"
"Correa, C., and Hendry, A.P. 2012. Invasive salmonids and lake order interact in the decline of puye grande Galaxias platei in western Patagonia lakes. Ecological Applications 22(3): 828–842. doi:10.1890/11-1174.1.","(Correa and Hendry 2012) | (Correa et al. 2012)","Correa.Boisjoly.collection.000470","Alta","Laguna Alta",-45.534734,-72.708574,2007,2007-02-26,"Galaxias platei",85,"Trapping, Bottom gillnet L","Cristian Correa","CC BY-NC 4.0","Cristian Correa, orcid.org/0000-0002-8608-6858","not-for-profit use only","Correa & Boisjoly fish collection v.2025-11-27","Fish Database Correa-Boisjoly","Occurrence"
"Correa, C., and Hendry, A.P. 2012. Invasive salmonids and lake order interact in the decline of puye grande Galaxias platei in western Patagonia lakes. Ecological Applications 22(3): 828–842. doi:10.1890/11-1174.1.","(Correa and Hendry 2012)","Correa.Boisjoly.collection.000555","Alta","Laguna Alta",-45.534734,-72.708574,2007,2007-02-27,"Galaxias maculatus",106,"Trapping, Electric fishing","Cristian Correa","CC BY-NC 4.0","Cristian Correa, orcid.org/0000-0002-8608-6858","not-for-profit use only","Correa & Boisjoly fish collection v.2025-11-27","Fish Database Correa-Boisjoly","Occurrence"
"Correa, C., and Hendry, A.P. 2012. Invasive salmonids and lake order interact in the decline of puye grande Galaxias platei in western Patagonia lakes. Ecological Applications 22(3): 828–842. doi:10.1890/11-1174.1.","(Correa and Hendry 2012)","Correa.Boisjoly.collection.000556","Alta","Laguna Alta",-45.534734,-72.708574,2007,2007-02-27,"Galaxias platei",11,"Electric fishing, Trapping","Cristian Correa","CC BY-NC 4.0","Cristian Correa, orcid.org/0000-0002-8608-6858","not-for-profit use only","Correa & Boisjoly fish collection v.2025-11-27","Fish Database Correa-Boisjoly","Occurrence"
"Correa, C., and Hendry, A.P. 2012. Invasive salmonids and lake order interact in the decline of puye grande Galaxias platei in western Patagonia lakes. Ecological Applications 22(3): 828–842. doi:10.1890/11-1174.1.","(Correa and Hendry 2012) | (Correa et al. 2012)","Correa.Boisjoly.collection.002933","Alta","Laguna Alta",-45.534734,-72.708574,2009,2009-04-03,"Galaxias maculatus",49,"Electric fishing, Trapping","Cristian Correa","CC BY-NC 4.0","Cristian Correa, orcid.org/0000-0002-8608-6858","not-for-profit use only","Correa & Boisjoly fish collection v.2025-11-27","Fish Database Correa-Boisjoly","Occurrence"
"Correa, C., Bravo, A.P., and Hendry, A.P. 2012. Reciprocal trophic niche shifts in native and invasive fish: salmonids and galaxiids in Patagonian lakes. Freshwater Biology 57(9): 1769–1781.","(Correa et al. 2012) | (Correa and Hendry 2012)","Correa.Boisjoly.collection.002987","Alta","Laguna Alta",-45.534734,-72.708574,2009,2009-04-03,"Galaxias platei",15,"Bottom gillnet S, Bottom gillnet L, Trapping","Cristian Correa","CC BY-NC 4.0","Cristian Correa, orcid.org/0000-0002-8608-6858","not-for-profit use only","Correa & Boisjoly fish collection v.2025-11-27","Fish Database Correa-Boisjoly","Occurrence"
"Correa, Cristian, and Maryse Boisjoly (2025) Chilean fish collection and empirical database (Version 2025-11-27) [Unpublished dataset].","","Correa.Boisjoly.collection.005016","Laguna Azul","Laguna Azul",-50.903076,-72.81536,2015,2015-03-22,"Aplochiton zebra",1,"Electric fishing","Maryse Boisjoly, Jonathan Poblete","CC BY-NC 4.0","Cristian Correa, orcid.org/0000-0002-8608-6858","not-for-profit use only","Correa & Boisjoly fish collection v.2025-11-27","Fish Database Correa-Boisjoly","Occurrence"
"Correa, Cristian, and Maryse Boisjoly (2025) Chilean fish collection and empirical database (Version 2025-11-27) [Unpublished dataset].","","Correa.Boisjoly.collection.005017","Laguna Azul","Laguna Azul",-50.90140298,-72.81336201,2015,2015-03-22,"Galaxias platei",7,"Mist Net","Cristian Correa","CC BY-NC 4.0","Cristian Correa, orcid.org/0000-0002-8608-6858","not-for-profit use only","Correa & Boisjoly fish collection v.2025-11-27","Fish Database Correa-Boisjoly","Occurrence"
"Correa, Cristian, and Maryse Boisjoly (2025) Chilean fish collection and empirical database (Version 2025-11-27) [Unpublished dataset].","","Correa.Boisjoly.collection.005009","Laguna Azul","Laguna Azul",-50.900802,-72.81197196,2015,2015-03-22,"Galaxias platei",3,"Gill Net Aplochitonera","Cristian Correa","CC BY-NC 4.0","Cristian Correa, orcid.org/0000-0002-8608-6858","not-for-profit use only","Correa & Boisjoly fish collection v.2025-11-27","Fish Database Correa-Boisjoly","Occurrence"
"Correa, Cristian, and Maryse Boisjoly (2025) Chilean fish collection and empirical database (Version 2025-11-27) [Unpublished dataset].","","Correa.Boisjoly.collection.005012","Laguna Azul","Laguna Azul",-50.90023597,-72.81047101,2015,2015-03-22,"Galaxias platei",2,"Gill Net Experimental","Cristian Correa","CC BY-NC 4.0","Cristian Correa, orcid.org/0000-0002-8608-6858","not-for-profit use only","Correa & Boisjoly fish collection v.2025-11-27","Fish Database Correa-Boisjoly","Occurrence"
"Correa, Cristian, and Maryse Boisjoly (2025) Chilean fish collection and empirical database (Version 2025-11-27) [Unpublished dataset].","","Correa.Boisjoly.collection.005014","Laguna Azul","Laguna Azul",-50.90002801,-72.81307996,2015,2015-03-22,"Galaxias platei",2,"Gill Net Experimental","Cristian Correa","CC BY-NC 4.0","Cristian Correa, orcid.org/0000-0002-8608-6858","not-for-profit use only","Correa & Boisjoly fish collection v.2025-11-27","Fish Database Correa-Boisjoly","Occurrence"
"Correa, Cristian, and Maryse Boisjoly (2025) Chilean fish collection and empirical database (Version 2025-11-27) [Unpublished dataset].","","Correa.Boisjoly.collection.004949","Laguna Azul","Laguna Azul",-50.87411896,-72.73654397,2015,2015-03-20,"Aplochiton zebra",39,"Seine net","Maryse Boisjoly, Jonathan Poblete","CC BY-NC 4.0","Cristian Correa, orcid.org/0000-0002-8608-6858","not-for-profit use only","Correa & Boisjoly fish collection v.2025-11-27","Fish Database Correa-Boisjoly","Occurrence"
"Correa, Cristian, and Maryse Boisjoly (2025) Chilean fish collection and empirical database (Version 2025-11-27) [Unpublished dataset].","","Correa.Boisjoly.collection.004978","Laguna Azul","Laguna Azul",-50.87411896,-72.73654397,2015,2015-03-20,"Galaxias platei",5,"Mist Net","Jonathan Poblete, Cristian Correa","CC BY-NC 4.0","Cristian Correa, orcid.org/0000-0002-8608-6858","not-for-profit use only","Correa & Boisjoly fish collection v.2025-11-27","Fish Database Correa-Boisjoly","Occurrence"
"Correa, Cristian, and Maryse Boisjoly (2025) Chilean fish collection and empirical database (Version 2025-11-27) [Unpublished dataset].","","Correa.Boisjoly.collection.005001","Laguna Azul","Laguna Azul",-50.8740759,-72.738465,2015,2015-03-19,"Galaxias platei",2,"Minnow Trap","Maryse Boisjoly","CC BY-NC 4.0","Cristian Correa, orcid.org/0000-0002-8608-6858","not-for-profit use only","Correa & Boisjoly fish collection v.2025-11-27","Fish Database Correa-Boisjoly","Occurrence"
"Correa, Cristian, and Maryse Boisjoly (2025) Chilean fish collection and empirical database (Version 2025-11-27) [Unpublished dataset].","","Correa.Boisjoly.collection.004976","Laguna Azul","Laguna Azul",-50.87387396,-72.73845999,2015,2015-03-20,"Galaxias platei",2,"Gill Net Experimental","Jonathan Poblete","CC BY-NC 4.0","Cristian Correa, orcid.org/0000-0002-8608-6858","not-for-profit use only","Correa & Boisjoly fish collection v.2025-11-27","Fish Database Correa-Boisjoly","Occurrence"
"Correa, C., Bravo, A.P., and Hendry, A.P. 2012. Reciprocal trophic niche shifts in native and invasive fish: salmonids and galaxiids in Patagonian lakes. Freshwater Biology 57(9): 1769–1781.","(Correa et al. 2012) | (Correa and Hendry 2012)","Correa.Boisjoly.collection.001953","Brava","Laguna Brava",-45.099678,-71.82723,2009,2009-01-18,"Salmo trutta",46,"Bottom gillnet S, Bottom gillnet L","Cristian Correa","CC BY-NC 4.0","Cristian Correa, orcid.org/0000-0002-8608-6858","not-for-profit use only","Correa & Boisjoly fish collection v.2025-11-27","Fish Database Correa-Boisjoly","Occurrence"
"Correa, C., and Hendry, A.P. 2012. Invasive salmonids and lake order interact in the decline of puye grande Galaxias platei in western Patagonia lakes. Ecological Applications 22(3): 828–842. doi:10.1890/11-1174.1.","(Correa and Hendry 2012)","Correa.Boisjoly.collection.002038","Brava","Laguna Brava",-45.099678,-71.82723,2009,2009-01-19,"Salmo trutta",39,"Electric fishing","Cristian Correa","CC BY-NC 4.0","Cristian Correa, orcid.org/0000-0002-8608-6858","not-for-profit use only","Correa & Boisjoly fish collection v.2025-11-27","Fish Database Correa-Boisjoly","Occurrence"
"Correa, C., and Hendry, A.P. 2012. Invasive salmonids and lake order interact in the decline of puye grande Galaxias platei in western Patagonia lakes. Ecological Applications 22(3): 828–842. doi:10.1890/11-1174.1.","(Correa and Hendry 2012)","Correa.Boisjoly.collection.001020","Cea","Laguna Cea",-45.674374,-72.237782,2007,2007-03-03,"Galaxias platei",6,"Electric fishing","Cristian Correa","CC BY-NC 4.0","Cristian Correa, orcid.org/0000-0002-8608-6858","not-for-profit use only","Correa & Boisjoly fish collection v.2025-11-27","Fish Database Correa-Boisjoly","Occurrence"
"Correa, C., Bravo, A.P., and Hendry, A.P. 2012. Reciprocal trophic niche shifts in native and invasive fish: salmonids and galaxiids in Patagonian lakes. Freshwater Biology 57(9): 1769–1781.","(Correa et al. 2012) | (Correa and Hendry 2012)","Correa.Boisjoly.collection.001019","Cea","Laguna Cea",-45.674374,-72.237782,2007,2007-03-03,"Salmo trutta",60,"Electric fishing","Cristian Correa","CC BY-NC 4.0","Cristian Correa, orcid.org/0000-0002-8608-6858","not-for-profit use only","Correa & Boisjoly fish collection v.2025-11-27","Fish Database Correa-Boisjoly","Occurrence"
"Correa, C., and Hendry, A.P. 2012. Invasive salmonids and lake order interact in the decline of puye grande Galaxias platei in western Patagonia lakes. Ecological Applications 22(3): 828–842. doi:10.1890/11-1174.1.","(Correa and Hendry 2012)","Correa.Boisjoly.collection.001079","Cea","Laguna Cea",-45.674374,-72.237782,2007,2007-03-04,"Galaxias platei",8,"Trapping","Cristian Correa","CC BY-NC 4.0","Cristian Correa, orcid.org/0000-0002-8608-6858","not-for-profit use only","Correa & Boisjoly fish collection v.2025-11-27","Fish Database Correa-Boisjoly","Occurrence"
"Correa, C., and Hendry, A.P. 2012. Invasive salmonids and lake order interact in the decline of puye grande Galaxias platei in western Patagonia lakes. Ecological Applications 22(3): 828–842. doi:10.1890/11-1174.1.","(Correa and Hendry 2012)","Correa.Boisjoly.collection.001087","Cea","Laguna Cea",-45.674374,-72.237782,2007,2007-03-08,"Galaxias platei",9,"Trapping","Cristian Correa","CC BY-NC 4.0","Cristian Correa, orcid.org/0000-0002-8608-6858","not-for-profit use only","Correa & Boisjoly fish collection v.2025-11-27","Fish Database Correa-Boisjoly","Occurrence"
"Correa, C., and Hendry, A.P. 2012. Invasive salmonids and lake order interact in the decline of puye grande Galaxias platei in western Patagonia lakes. Ecological Applications 22(3): 828–842. doi:10.1890/11-1174.1.","(Correa and Hendry 2012) | (Correa et al. 2012)","Correa.Boisjoly.collection.001096","Cea","Laguna Cea",-45.674374,-72.237782,2007,2007-03-08,"Salmo trutta",21,"Bottom gillnet L, Bottom gillnet S","Cristian Correa","CC BY-NC 4.0","Cristian Correa, orcid.org/0000-0002-8608-6858","not-for-profit use only","Correa & Boisjoly fish collection v.2025-11-27","Fish Database Correa-Boisjoly","Occurrence"
"Correa, C., Bravo, A.P., and Hendry, A.P. 2012. Reciprocal trophic niche shifts in native and invasive fish: salmonids and galaxiids in Patagonian lakes. Freshwater Biology 57(9): 1769–1781.","(Correa et al. 2012) | (Correa and Hendry 2012)","Correa.Boisjoly.collection.002833","Cea","Laguna Cea",-45.674374,-72.237782,2009,2009-03-23,"Galaxias platei",46,"Electric fishing","Cristian Correa","CC BY-NC 4.0","Cristian Correa, orcid.org/0000-0002-8608-6858","not-for-profit use only","Correa & Boisjoly fish collection v.2025-11-27","Fish Database Correa-Boisjoly","Occurrence"
"Correa, C., and Hendry, A.P. 2012. Invasive salmonids and lake order interact in the decline of puye grande Galaxias platei in western Patagonia lakes. Ecological Applications 22(3): 828–842. doi:10.1890/11-1174.1.","(Correa and Hendry 2012)","Correa.Boisjoly.collection.002857","Cea","Laguna Cea",-45.674374,-72.237782,2009,2009-03-23,"Salmo trutta",5,"Electric fishing","Cristian Correa","CC BY-NC 4.0","Cristian Correa, orcid.org/0000-0002-8608-6858","not-for-profit use only","Correa & Boisjoly fish collection v.2025-11-27","Fish Database Correa-Boisjoly","Occurrence"
"Correa, Cristian, and Maryse Boisjoly (2025) Chilean fish collection and empirical database (Version 2025-11-27) [Unpublished dataset].","","Correa.Boisjoly.collection.006198","Laguna Encantado","Laguna Encantado",-53.87066804,-70.15209904,2015,2015-02-15,"Galaxias maculatus",60,"Electric fishing","Cristian Correa","CC BY-NC 4.0","Cristian Correa, orcid.org/0000-0002-8608-6858","not-for-profit use only","Correa & Boisjoly fish collection v.2025-11-27","Fish Database Correa-Boisjoly","Occurrence"
"Correa, Cristian, and Maryse Boisjoly (2025) Chilean fish collection and empirical database (Version 2025-11-27) [Unpublished dataset].","","Correa.Boisjoly.collection.006199","Laguna Encantado","Laguna Encantado",-53.87041398,-70.15078501,2015,2015-02-15,"Galaxias maculatus",11,"Electric fishing","Cristian Correa","CC BY-NC 4.0","Cristian Correa, orcid.org/0000-0002-8608-6858","not-for-profit use only","Correa & Boisjoly fish collection v.2025-11-27","Fish Database Correa-Boisjoly","Occurrence"
"Correa, C., and Hendry, A.P. 2012. Invasive salmonids and lake order interact in the decline of puye grande Galaxias platei in western Patagonia lakes. Ecological Applications 22(3): 828–842. doi:10.1890/11-1174.1.","(Correa and Hendry 2012) | (Correa et al. 2012)","Correa.Boisjoly.collection.001796","Escondida","Laguna Escondida",-45.532393,-71.825923,2007,2007-02-05,"Galaxias platei",28,"Trapping, Bottom gillnet S, Bottom gillnet L","Cristian Correa","CC BY-NC 4.0","Cristian Correa, orcid.org/0000-0002-8608-6858","not-for-profit use only","Correa & Boisjoly fish collection v.2025-11-27","Fish Database Correa-Boisjoly","Occurrence"
"Correa, C., and Hendry, A.P. 2012. Invasive salmonids and lake order interact in the decline of puye grande Galaxias platei in western Patagonia lakes. Ecological Applications 22(3): 828–842. doi:10.1890/11-1174.1.","(Correa and Hendry 2012)","Correa.Boisjoly.collection.001815","Escondida","Laguna Escondida",-45.532393,-71.825923,2007,2007-04-10,"Galaxias platei",14,"Electric fishing","Cristian Correa","CC BY-NC 4.0","Cristian Correa, orcid.org/0000-0002-8608-6858","not-for-profit use only","Correa & Boisjoly fish collection v.2025-11-27","Fish Database Correa-Boisjoly","Occurrence"
"Correa, Cristian, and Maryse Boisjoly (2025) Chilean fish collection and empirical database (Version 2025-11-27) [Unpublished dataset].","","Correa.Boisjoly.collection.001264","Esmeralda","Laguna Esmeralda",-47.316361,-72.595744,2007,2007-03-31,"Odontesthes hatcheri",11,"Bottom gillnet S","Cristian Correa","CC BY-NC 4.0","Cristian Correa, orcid.org/0000-0002-8608-6858","not-for-profit use only","Correa & Boisjoly fish collection v.2025-11-27","Fish Database Correa-Boisjoly","Occurrence"
"Correa, Cristian, and Maryse Boisjoly (2025) Chilean fish collection and empirical database (Version 2025-11-27) [Unpublished dataset].","","Correa.Boisjoly.collection.001275","Esmeralda","Laguna Esmeralda",-47.316361,-72.595744,2007,2007-03-31,"Oncorhynchus mykiss",3,"Bottom gillnet S","Cristian Correa","CC BY-NC 4.0","Cristian Correa, orcid.org/0000-0002-8608-6858","not-for-profit use only","Correa & Boisjoly fish collection v.2025-11-27","Fish Database Correa-Boisjoly","Occurrence"
"Correa, Cristian, and Maryse Boisjoly (2025) Chilean fish collection and empirical database (Version 2025-11-27) [Unpublished dataset].","","Correa.Boisjoly.collection.001236","Esmeralda","Laguna Esmeralda",-47.316361,-72.595744,2007,2007-03-31,"Percichthys trucha",29,"Bottom gillnet S","Cristian Correa","CC BY-NC 4.0","Cristian Correa, orcid.org/0000-0002-8608-6858","not-for-profit use only","Correa & Boisjoly fish collection v.2025-11-27","Fish Database Correa-Boisjoly","Occurrence"
"Correa, Cristian, and Maryse Boisjoly (2025) Chilean fish collection and empirical database (Version 2025-11-27) [Unpublished dataset].","","Correa.Boisjoly.collection.001280","Esmeralda","Laguna Esmeralda",-47.316361,-72.595744,2007,2007-04-01,"Galaxias platei",129,"Electric fishing, Seine net","Cristian Correa","CC BY-NC 4.0","Cristian Correa, orcid.org/0000-0002-8608-6858","not-for-profit use only","Correa & Boisjoly fish collection v.2025-11-27","Fish Database Correa-Boisjoly","Occurrence"
"Correa, Cristian, and Maryse Boisjoly (2025) Chilean fish collection and empirical database (Version 2025-11-27) [Unpublished dataset].","","Correa.Boisjoly.collection.001295","Esmeralda","Laguna Esmeralda",-47.316361,-72.595744,2007,2007-04-01,"Odontesthes hatcheri",2,"Seine net","Cristian Correa","CC BY-NC 4.0","Cristian Correa, orcid.org/0000-0002-8608-6858","not-for-profit use only","Correa & Boisjoly fish collection v.2025-11-27","Fish Database Correa-Boisjoly","Occurrence"
"Correa, Cristian, and Maryse Boisjoly (2025) Chilean fish collection and empirical database (Version 2025-11-27) [Unpublished dataset].","","Correa.Boisjoly.collection.001282","Esmeralda","Laguna Esmeralda",-47.316361,-72.595744,2007,2007-04-01,"Oncorhynchus mykiss",1,"Electric fishing","Cristian Correa","CC BY-NC 4.0","Cristian Correa, orcid.org/0000-0002-8608-6858","not-for-profit use only","Correa & Boisjoly fish collection v.2025-11-27","Fish Database Correa-Boisjoly","Occurrence"
"Correa, Cristian, and Maryse Boisjoly (2025) Chilean fish collection and empirical database (Version 2025-11-27) [Unpublished dataset].","","Correa.Boisjoly.collection.001279","Esmeralda","Laguna Esmeralda",-47.316361,-72.595744,2007,2007-04-01,"Percichthys trucha",1,"Electric fishing","Cristian Correa","CC BY-NC 4.0","Cristian Correa, orcid.org/0000-0002-8608-6858","not-for-profit use only","Correa & Boisjoly fish collection v.2025-11-27","Fish Database Correa-Boisjoly","Occurrence"
"Correa, C., Bravo, A.P., and Hendry, A.P. 2012. Reciprocal trophic niche shifts in native and invasive fish: salmonids and galaxiids in Patagonian lakes. Freshwater Biology 57(9): 1769–1781.","(Correa et al. 2012) | (Correa and Hendry 2012)","Correa.Boisjoly.collection.002560","Gemela","Laguna Gemela",-45.546267,-71.816242,2009,2009-02-23,"Galaxias platei",33,"Trapping","Cristian Correa","CC BY-NC 4.0","Cristian Correa, orcid.org/0000-0002-8608-6858","not-for-profit use only","Correa & Boisjoly fish collection v.2025-11-27","Fish Database Correa-Boisjoly","Occurrence"
"Correa, C., Bravo, A.P., and Hendry, A.P. 2012. Reciprocal trophic niche shifts in native and invasive fish: salmonids and galaxiids in Patagonian lakes. Freshwater Biology 57(9): 1769–1781.","(Correa et al. 2012) | (Correa and Hendry 2012)","Correa.Boisjoly.collection.003344","Gemela","Laguna Gemela",-45.546267,-71.816242,2009,2009-03-01,"Galaxias platei",42,"Electric fishing, Seine net","Cristian Correa","CC BY-NC 4.0","Cristian Correa, orcid.org/0000-0002-8608-6858","not-for-profit use only","Correa & Boisjoly fish collection v.2025-11-27","Fish Database Correa-Boisjoly","Occurrence"
"Correa, C., and Hendry, A.P. 2012. Invasive salmonids and lake order interact in the decline of puye grande Galaxias platei in western Patagonia lakes. Ecological Applications 22(3): 828–842. doi:10.1890/11-1174.1.","(Correa and Hendry 2012)","Correa.Boisjoly.collection.003699","Gemela","Laguna Gemela",-45.546267,-71.816242,2009,2009-03-02,"Galaxias platei",9,"Dip net","Cristian Correa","CC BY-NC 4.0","Cristian Correa, orcid.org/0000-0002-8608-6858","not-for-profit use only","Correa & Boisjoly fish collection v.2025-11-27","Fish Database Correa-Boisjoly","Occurrence"
"Correa, C., and Hendry, A.P. 2012. Invasive salmonids and lake order interact in the decline of puye grande Galaxias platei in western Patagonia lakes. Ecological Applications 22(3): 828–842. doi:10.1890/11-1174.1.","(Correa and Hendry 2012) | (Correa et al. 2012)","Correa.Boisjoly.collection.001587","Juncos","Laguna Juncos",-45.630398,-71.847436,2007,2007-01-31,"Galaxias platei",16,"Bottom gillnet S, Trapping","Cristian Correa","CC BY-NC 4.0","Cristian Correa, orcid.org/0000-0002-8608-6858","not-for-profit use only","Correa & Boisjoly fish collection v.2025-11-27","Fish Database Correa-Boisjoly","Occurrence"
"Correa, C., and Hendry, A.P. 2012. Invasive salmonids and lake order interact in the decline of puye grande Galaxias platei in western Patagonia lakes. Ecological Applications 22(3): 828–842. doi:10.1890/11-1174.1.","(Correa and Hendry 2012)","Correa.Boisjoly.collection.001598","Juncos","Laguna Juncos",-45.630398,-71.847436,2007,2007-02-01,"Galaxias platei",2,"Trapping","Cristian Correa","CC BY-NC 4.0","Cristian Correa, orcid.org/0000-0002-8608-6858","not-for-profit use only","Correa & Boisjoly fish collection v.2025-11-27","Fish Database Correa-Boisjoly","Occurrence"
"Correa, C., and Hendry, A.P. 2012. Invasive salmonids and lake order interact in the decline of puye grande Galaxias platei in western Patagonia lakes. Ecological Applications 22(3): 828–842. doi:10.1890/11-1174.1.","(Correa and Hendry 2012)","Correa.Boisjoly.collection.001600","Juncos","Laguna Juncos",-45.630398,-71.847436,2007,2007-04-07,"Galaxias platei",3,"Electric fishing","Cristian Correa","CC BY-NC 4.0","Cristian Correa, orcid.org/0000-0002-8608-6858","not-for-profit use only","Correa & Boisjoly fish collection v.2025-11-27","Fish Database Correa-Boisjoly","Occurrence"
"Correa, C., Bravo, A.P., and Hendry, A.P. 2012. Reciprocal trophic niche shifts in native and invasive fish: salmonids and galaxiids in Patagonian lakes. Freshwater Biology 57(9): 1769–1781.","(Correa et al. 2012) | (Correa and Hendry 2012)","Correa.Boisjoly.collection.002906","Juncos","Laguna Juncos",-45.630398,-71.847436,2009,2009-03-30,"Galaxias platei",30,"Electric fishing","Cristian Correa","CC BY-NC 4.0","Cristian Correa, orcid.org/0000-0002-8608-6858","not-for-profit use only","Correa & Boisjoly fish collection v.2025-11-27","Fish Database Correa-Boisjoly","Occurrence"
"Correa, C., and Hendry, A.P. 2012. Invasive salmonids and lake order interact in the decline of puye grande Galaxias platei in western Patagonia lakes. Ecological Applications 22(3): 828–842. doi:10.1890/11-1174.1.","(Correa and Hendry 2012) | (Correa et al. 2012)","Correa.Boisjoly.collection.001737","Monreal1","Laguna Monreal1",-45.63368,-71.868385,2007,2007-02-02,"Galaxias platei",36,"Trapping, Bottom gillnet S","Cristian Correa","CC BY-NC 4.0","Cristian Correa, orcid.org/0000-0002-8608-6858","not-for-profit use only","Correa & Boisjoly fish collection v.2025-11-27","Fish Database Correa-Boisjoly","Occurrence"
"Correa, C., and Hendry, A.P. 2012. Invasive salmonids and lake order interact in the decline of puye grande Galaxias platei in western Patagonia lakes. Ecological Applications 22(3): 828–842. doi:10.1890/11-1174.1.","(Correa and Hendry 2012)","Correa.Boisjoly.collection.001939","Monreal1","Laguna Monreal1",-45.63368,-71.868385,2007,2007-02-03,"Galaxias platei",5,"","Cristian Correa","CC BY-NC 4.0","Cristian Correa, orcid.org/0000-0002-8608-6858","not-for-profit use only","Correa & Boisjoly fish collection v.2025-11-27","Fish Database Correa-Boisjoly","Occurrence"
"Correa, C., and Hendry, A.P. 2012. Invasive salmonids and lake order interact in the decline of puye grande Galaxias platei in western Patagonia lakes. Ecological Applications 22(3): 828–842. doi:10.1890/11-1174.1.","(Correa and Hendry 2012)","Correa.Boisjoly.collection.001765","Monreal1","Laguna Monreal1",-45.63368,-71.868385,2007,2007-04-08,"Galaxias platei",31,"Electric fishing","Cristian Correa","CC BY-NC 4.0","Cristian Correa, orcid.org/0000-0002-8608-6858","not-for-profit use only","Correa & Boisjoly fish collection v.2025-11-27","Fish Database Correa-Boisjoly","Occurrence"
"Correa, C., Bravo, A.P., and Hendry, A.P. 2012. Reciprocal trophic niche shifts in native and invasive fish: salmonids and galaxiids in Patagonian lakes. Freshwater Biology 57(9): 1769–1781.","(Correa et al. 2012) | (Correa and Hendry 2012)","Correa.Boisjoly.collection.002627","Monreal2","Laguna Monreal2",-45.872521,-72.020888,2009,2009-03-06,"Galaxias platei",6,"Bottom gillnet S, Bottom gillnet L, Trapping","Cristian Correa","CC BY-NC 4.0","Cristian Correa, orcid.org/0000-0002-8608-6858","not-for-profit use only","Correa & Boisjoly fish collection v.2025-11-27","Fish Database Correa-Boisjoly","Occurrence"
"Correa, C., Bravo, A.P., and Hendry, A.P. 2012. Reciprocal trophic niche shifts in native and invasive fish: salmonids and galaxiids in Patagonian lakes. Freshwater Biology 57(9): 1769–1781.","(Correa et al. 2012) | (Correa and Hendry 2012)","Correa.Boisjoly.collection.002628","Monreal2","Laguna Monreal2",-45.872521,-72.020888,2009,2009-03-06,"Oncorhynchus mykiss",13,"Bottom gillnet S, Trapping","Cristian Correa","CC BY-NC 4.0","Cristian Correa, orcid.org/0000-0002-8608-6858","not-for-profit use only","Correa & Boisjoly fish collection v.2025-11-27","Fish Database Correa-Boisjoly","Occurrence"
"Correa, C., Bravo, A.P., and Hendry, A.P. 2012. Reciprocal trophic niche shifts in native and invasive fish: salmonids and galaxiids in Patagonian lakes. Freshwater Biology 57(9): 1769–1781.","(Correa et al. 2012) | (Correa and Hendry 2012)","Correa.Boisjoly.collection.002634","Monreal2","Laguna Monreal2",-45.872521,-72.020888,2009,2009-03-06,"Salmo trutta",23,"Bottom gillnet S","Cristian Correa","CC BY-NC 4.0","Cristian Correa, orcid.org/0000-0002-8608-6858","not-for-profit use only","Correa & Boisjoly fish collection v.2025-11-27","Fish Database Correa-Boisjoly","Occurrence"
"Correa, C., Bravo, A.P., and Hendry, A.P. 2012. Reciprocal trophic niche shifts in native and invasive fish: salmonids and galaxiids in Patagonian lakes. Freshwater Biology 57(9): 1769–1781.","(Correa et al. 2012) | (Correa and Hendry 2012)","Correa.Boisjoly.collection.002652","Monreal2","Laguna Monreal2",-45.872521,-72.020888,2009,2009-03-08,"Oncorhynchus mykiss",37,"Electric fishing","Cristian Correa","CC BY-NC 4.0","Cristian Correa, orcid.org/0000-0002-8608-6858","not-for-profit use only","Correa & Boisjoly fish collection v.2025-11-27","Fish Database Correa-Boisjoly","Occurrence"
"Correa, C., Bravo, A.P., and Hendry, A.P. 2012. Reciprocal trophic niche shifts in native and invasive fish: salmonids and galaxiids in Patagonian lakes. Freshwater Biology 57(9): 1769–1781.","(Correa et al. 2012) | (Correa and Hendry 2012)","Correa.Boisjoly.collection.002654","Monreal2","Laguna Monreal2",-45.872521,-72.020888,2009,2009-03-08,"Salmo trutta",26,"Electric fishing","Cristian Correa","CC BY-NC 4.0","Cristian Correa, orcid.org/0000-0002-8608-6858","not-for-profit use only","Correa & Boisjoly fish collection v.2025-11-27","Fish Database Correa-Boisjoly","Occurrence"
"Correa, C., and Hendry, A.P. 2012. Invasive salmonids and lake order interact in the decline of puye grande Galaxias platei in western Patagonia lakes. Ecological Applications 22(3): 828–842. doi:10.1890/11-1174.1.","(Correa and Hendry 2012) | (Correa et al. 2012)","Correa.Boisjoly.collection.002705","Monreal2","Laguna Monreal2",-45.872521,-72.020888,2009,2009-03-09,"Galaxias platei",27,"Seine net, Electric fishing","Cristian Correa","CC BY-NC 4.0","Cristian Correa, orcid.org/0000-0002-8608-6858","not-for-profit use only","Correa & Boisjoly fish collection v.2025-11-27","Fish Database Correa-Boisjoly","Occurrence"
"Correa, C., Bravo, A.P., and Hendry, A.P. 2012. Reciprocal trophic niche shifts in native and invasive fish: salmonids and galaxiids in Patagonian lakes. Freshwater Biology 57(9): 1769–1781.","(Correa et al. 2012) | (Correa and Hendry 2012)","Correa.Boisjoly.collection.002626","Monreal2","Laguna Monreal2",-45.872521,-72.020888,2009,2009-03-09,"Salmo trutta",4,"Bottom gillnet S (tip), Seine net","Cristian Correa","CC BY-NC 4.0","Cristian Correa, orcid.org/0000-0002-8608-6858","not-for-profit use only","Correa & Boisjoly fish collection v.2025-11-27","Fish Database Correa-Boisjoly","Occurrence"
"Correa, Cristian, and Maryse Boisjoly (2025) Chilean fish collection and empirical database (Version 2025-11-27) [Unpublished dataset].","","Correa.Boisjoly.collection.009399","Rio Nodales","Laguna Nodales",-53.869721,-71.188261,2020,2020-03-04,"Galaxias maculatus",135,"Seine net","Cristian Correa, Benjamin Caceres","CC BY-NC 4.0","Cristian Correa, orcid.org/0000-0002-8608-6858","not-for-profit use only","Correa & Boisjoly fish collection v.2025-11-27","Fish Database Correa-Boisjoly","Occurrence"
"Correa, Cristian, and Maryse Boisjoly (2025) Chilean fish collection and empirical database (Version 2025-11-27) [Unpublished dataset].","","Correa.Boisjoly.collection.006195","Laguna Feliz (Oscura)","Laguna Oscura",-53.96341396,-70.06615201,2015,2015-02-12,"Galaxias maculatus",179,"Minnow Trap","Cristian Correa, Maryse Boisjoly","CC BY-NC 4.0","Cristian Correa, orcid.org/0000-0002-8608-6858","not-for-profit use only","Correa & Boisjoly fish collection v.2025-11-27","Fish Database Correa-Boisjoly","Occurrence"
"Correa, Cristian, and Maryse Boisjoly (2025) Chilean fish collection and empirical database (Version 2025-11-27) [Unpublished dataset].","","Correa.Boisjoly.collection.005399","Laguna Feliz (Oscura)","Laguna Oscura",-53.96283997,-70.06674796,2015,2015-02-12,"Galaxias maculatus",42,"Minnow Trap","Cristian Correa, Maryse Boisjoly","CC BY-NC 4.0","Cristian Correa, orcid.org/0000-0002-8608-6858","not-for-profit use only","Correa & Boisjoly fish collection v.2025-11-27","Fish Database Correa-Boisjoly","Occurrence"
"Correa, Cristian, and Maryse Boisjoly (2025) Chilean fish collection and empirical database (Version 2025-11-27) [Unpublished dataset].","","Correa.Boisjoly.collection.005398","Laguna Feliz (Oscura)","Laguna Oscura",-53.96282103,-70.06645602,2015,2015-02-12,"Galaxias maculatus",15,"Minnow Trap","Cristian Correa, Maryse Boisjoly","CC BY-NC 4.0","Cristian Correa, orcid.org/0000-0002-8608-6858","not-for-profit use only","Correa & Boisjoly fish collection v.2025-11-27","Fish Database Correa-Boisjoly","Occurrence"
"Correa, C., Bravo, A.P., and Hendry, A.P. 2012. Reciprocal trophic niche shifts in native and invasive fish: salmonids and galaxiids in Patagonian lakes. Freshwater Biology 57(9): 1769–1781.","(Correa et al. 2012) | (Correa and Hendry 2012)","Correa.Boisjoly.collection.001992","Quijada","Laguna Quijada",-45.714497,-71.908777,2009,2009-01-22,"Galaxias platei",14,"Bottom gillnet L","Cristian Correa","CC BY-NC 4.0","Cristian Correa, orcid.org/0000-0002-8608-6858","not-for-profit use only","Correa & Boisjoly fish collection v.2025-11-27","Fish Database Correa-Boisjoly","Occurrence"
"Correa, C., Bravo, A.P., and Hendry, A.P. 2012. Reciprocal trophic niche shifts in native and invasive fish: salmonids and galaxiids in Patagonian lakes. Freshwater Biology 57(9): 1769–1781.","(Correa et al. 2012) | (Correa and Hendry 2012)","Correa.Boisjoly.collection.001990","Quijada","Laguna Quijada",-45.714497,-71.908777,2009,2009-01-22,"Salmo trutta",4,"Bottom gillnet L","Cristian Correa","CC BY-NC 4.0","Cristian Correa, orcid.org/0000-0002-8608-6858","not-for-profit use only","Correa & Boisjoly fish collection v.2025-11-27","Fish Database Correa-Boisjoly","Occurrence"
"Correa, C., Bravo, A.P., and Hendry, A.P. 2012. Reciprocal trophic niche shifts in native and invasive fish: salmonids and galaxiids in Patagonian lakes. Freshwater Biology 57(9): 1769–1781.","(Correa et al. 2012) | (Correa and Hendry 2012)","Correa.Boisjoly.collection.002000","Quijada","Laguna Quijada",-45.714497,-71.908777,2009,2009-01-23,"Galaxias platei",20,"Trapping","Cristian Correa","CC BY-NC 4.0","Cristian Correa, orcid.org/0000-0002-8608-6858","not-for-profit use only","Correa & Boisjoly fish collection v.2025-11-27","Fish Database Correa-Boisjoly","Occurrence"
"Correa, C., and Hendry, A.P. 2012. Invasive salmonids and lake order interact in the decline of puye grande Galaxias platei in western Patagonia lakes. Ecological Applications 22(3): 828–842. doi:10.1890/11-1174.1.","(Correa and Hendry 2012)","Correa.Boisjoly.collection.002016","Quijada","Laguna Quijada",-45.714497,-71.908777,2009,2009-01-24,"Galaxias platei",22,"Electric fishing","Cristian Correa","CC BY-NC 4.0","Cristian Correa, orcid.org/0000-0002-8608-6858","not-for-profit use only","Correa & Boisjoly fish collection v.2025-11-27","Fish Database Correa-Boisjoly","Occurrence"
"Correa, C., and Hendry, A.P. 2012. Invasive salmonids and lake order interact in the decline of puye grande Galaxias platei in western Patagonia lakes. Ecological Applications 22(3): 828–842. doi:10.1890/11-1174.1.","(Correa and Hendry 2012)","Correa.Boisjoly.collection.002077","Quijada","Laguna Quijada",-45.714497,-71.908777,2009,2009-04-24,"Galaxias platei",68,"Dip net","Cristian Correa","CC BY-NC 4.0","Cristian Correa, orcid.org/0000-0002-8608-6858","not-for-profit use only","Correa & Boisjoly fish collection v.2025-11-27","Fish Database Correa-Boisjoly","Occurrence"
"Correa, Cristian, and Maryse Boisjoly (2025) Chilean fish collection and empirical database (Version 2025-11-27) [Unpublished dataset].","","Correa.Boisjoly.collection.009408","Laguna San Nicolas SN","Laguna San Nicolas",-53.815614,-71.093611,2020,2020-03-05,"Galaxias platei",60,"Fyke net, Gill Net","Cristian Correa, Benjamin Caceres, Cristian Correa, Benjamin Caceres","CC BY-NC 4.0","Cristian Correa, orcid.org/0000-0002-8608-6858","not-for-profit use only","Correa & Boisjoly fish collection v.2025-11-27","Fish Database Correa-Boisjoly","Occurrence"
"Correa, Cristian, and Maryse Boisjoly (2025) Chilean fish collection and empirical database (Version 2025-11-27) [Unpublished dataset].","","Correa.Boisjoly.collection.009479","Laguna San Nicolas SN","Laguna San Nicolas",-53.815614,-71.093611,2020,2020-03-06,"Galaxias platei",12,"Seine net","Cristian Correa, Benjamin Caceres","CC BY-NC 4.0","Cristian Correa, orcid.org/0000-0002-8608-6858","not-for-profit use only","Correa & Boisjoly fish collection v.2025-11-27","Fish Database Correa-Boisjoly","Occurrence"
"Correa, C., and Hendry, A.P. 2012. Invasive salmonids and lake order interact in the decline of puye grande Galaxias platei in western Patagonia lakes. Ecological Applications 22(3): 828–842. doi:10.1890/11-1174.1.","(Correa and Hendry 2012) | (Correa et al. 2012)","Correa.Boisjoly.collection.002246","Sepulveda","Laguna Sepulveda",-46.244304,-71.966764,2009,2009-02-02,"Galaxias platei",98,"Bottom gillnet S, Trapping","Cristian Correa","CC BY-NC 4.0","Cristian Correa, orcid.org/0000-0002-8608-6858","not-for-profit use only","Correa & Boisjoly fish collection v.2025-11-27","Fish Database Correa-Boisjoly","Occurrence"
"Correa, C., and Hendry, A.P. 2012. Invasive salmonids and lake order interact in the decline of puye grande Galaxias platei in western Patagonia lakes. Ecological Applications 22(3): 828–842. doi:10.1890/11-1174.1.","(Correa and Hendry 2012) | (Correa et al. 2012)","Correa.Boisjoly.collection.002336","Sepulveda","Laguna Sepulveda",-46.244304,-71.966764,2009,2009-02-04,"Galaxias platei",67,"Seine net, Electric fishing","Cristian Correa","CC BY-NC 4.0","Cristian Correa, orcid.org/0000-0002-8608-6858","not-for-profit use only","Correa & Boisjoly fish collection v.2025-11-27","Fish Database Correa-Boisjoly","Occurrence"
"Correa, Cristian, and Maryse Boisjoly (2025) Chilean fish collection and empirical database (Version 2025-11-27) [Unpublished dataset].","","Correa.Boisjoly.collection.005064","Laguna Verde","Laguna Verde",-51.12430704,-72.835565,2015,2015-03-25,"Galaxias platei",21,"Electric fishing","Cristian Correa","CC BY-NC 4.0","Cristian Correa, orcid.org/0000-0002-8608-6858","not-for-profit use only","Correa & Boisjoly fish collection v.2025-11-27","Fish Database Correa-Boisjoly","Occurrence"
"Correa, Cristian, and Maryse Boisjoly (2025) Chilean fish collection and empirical database (Version 2025-11-27) [Unpublished dataset].","","Correa.Boisjoly.collection.005053","Laguna Verde","Laguna Verde",-51.12411702,-72.83344598,2015,2015-03-25,"Galaxias platei",4,"Mist Net","Cristian Correa","CC BY-NC 4.0","Cristian Correa, orcid.org/0000-0002-8608-6858","not-for-profit use only","Correa & Boisjoly fish collection v.2025-11-27","Fish Database Correa-Boisjoly","Occurrence"
"Correa, Cristian, and Maryse Boisjoly (2025) Chilean fish collection and empirical database (Version 2025-11-27) [Unpublished dataset].","","Correa.Boisjoly.collection.005057","Laguna Verde","Laguna Verde",-51.12385903,-72.832256,2015,2015-03-25,"Galaxias platei",5,"Mist Net","Cristian Correa","CC BY-NC 4.0","Cristian Correa, orcid.org/0000-0002-8608-6858","not-for-profit use only","Correa & Boisjoly fish collection v.2025-11-27","Fish Database Correa-Boisjoly","Occurrence"
"Correa, Cristian, and Maryse Boisjoly (2025) Chilean fish collection and empirical database (Version 2025-11-27) [Unpublished dataset].","","Correa.Boisjoly.collection.005062","Laguna Verde","Laguna Verde",-51.12382097,-72.83102796,2015,2015-03-25,"Galaxias platei",2,"Electric fishing","Cristian Correa","CC BY-NC 4.0","Cristian Correa, orcid.org/0000-0002-8608-6858","not-for-profit use only","Correa & Boisjoly fish collection v.2025-11-27","Fish Database Correa-Boisjoly","Occurrence"
"Correa, Cristian, and Maryse Boisjoly (2025) Chilean fish collection and empirical database (Version 2025-11-27) [Unpublished dataset].","","Correa.Boisjoly.collection.005042","Laguna Verde","Laguna Verde",-51.12376498,-72.82832799,2015,2015-03-24,"Galaxias platei",3,"Mist Net, Hand Collected","Cristian Correa, Maryse Boisjoly, Cristian Correa","CC BY-NC 4.0","Cristian Correa, orcid.org/0000-0002-8608-6858","not-for-profit use only","Correa & Boisjoly fish collection v.2025-11-27","Fish Database Correa-Boisjoly","Occurrence"
"Correa, Cristian, and Maryse Boisjoly (2025) Chilean fish collection and empirical database (Version 2025-11-27) [Unpublished dataset].","","Correa.Boisjoly.collection.005044","Laguna Verde","Laguna Verde",-51.12015297,-72.82609002,2015,2015-03-24,"Galaxias platei",1,"Seine net","Cristian Correa","CC BY-NC 4.0","Cristian Correa, orcid.org/0000-0002-8608-6858","not-for-profit use only","Correa & Boisjoly fish collection v.2025-11-27","Fish Database Correa-Boisjoly","Occurrence"
"Correa, Cristian, and Maryse Boisjoly (2025) Chilean fish collection and empirical database (Version 2025-11-27) [Unpublished dataset].","","Correa.Boisjoly.collection.004907","Los Patos (Petrohue)","Los Patos (Petrohue)",-41.17882797,-72.45939198,2014,2014-04-27,"Oncorhynchus tshawytscha",10,"Hand Collected","Cristian Correa, Maryse Boisjoly","CC BY-NC 4.0","Cristian Correa, orcid.org/0000-0002-8608-6858","not-for-profit use only","Correa & Boisjoly fish collection v.2025-11-27","Fish Database Correa-Boisjoly","Occurrence"
"Correa, Cristian, and Maryse Boisjoly (2025) Chilean fish collection and empirical database (Version 2025-11-27) [Unpublished dataset].","","Correa.Boisjoly.collection.004917","Los Patos (Petrohue)","Los Patos (Petrohue)",-41.17882797,-72.45939198,2014,2014-04-28,"Oncorhynchus tshawytscha",21,"Hook","Cristian Correa, Maryse Boisjoly","CC BY-NC 4.0","Cristian Correa, orcid.org/0000-0002-8608-6858","not-for-profit use only","Correa & Boisjoly fish collection v.2025-11-27","Fish Database Correa-Boisjoly","Occurrence"
"Correa, C., and Moran, P. 2017. Polyphyletic ancestry of expanding Patagonian Chinook salmon populations. Scientific Reports 7(1). doi: 10.1038/s41598-017-14465-y.","(Correa and Moran 2017) | (Correa and Gross 2008) | (Narum et al. 2017)","Correa.Boisjoly.collection.004184","Los Patos (Petrohue)","Los Patos (Petrohue)",-41.178694,-72.459111,2004,2004-04-08,"Oncorhynchus tshawytscha",36,"Gillnet","Cristian Correa","CC BY-NC 4.0","Cristian Correa, orcid.org/0000-0002-8608-6858","not-for-profit use only","Correa & Boisjoly fish collection v.2025-11-27","Fish Database Correa-Boisjoly","Occurrence"
"Correa, C., and Moran, P. 2017. Polyphyletic ancestry of expanding Patagonian Chinook salmon populations. Scientific Reports 7(1). doi: 10.1038/s41598-017-14465-y.","(Correa and Moran 2017) | (Correa and Gross 2008) | (Alò et al. 2019)","Correa.Boisjoly.collection.004202","Los Patos (Petrohue)","Los Patos (Petrohue)",-41.178694,-72.459111,2004,2004-04-11,"Oncorhynchus tshawytscha",39,"Hooks/Poaching","Cristian Correa","CC BY-NC 4.0","Cristian Correa, orcid.org/0000-0002-8608-6858","not-for-profit use only","Correa & Boisjoly fish collection v.2025-11-27","Fish Database Correa-Boisjoly","Occurrence"
"Correa, Cristian, and Maryse Boisjoly (2025) Chilean fish collection and empirical database (Version 2025-11-27) [Unpublished dataset].","","Correa.Boisjoly.collection.003615","Pto. Puyuhuapi","Pto. Puyuhuapi",-44.326186,-72.55547,2007,2007-01-22,"Galaxias maculatus",32,"Dip net","Cristian Correa","CC BY-NC 4.0","Cristian Correa, orcid.org/0000-0002-8608-6858","not-for-profit use only","Correa & Boisjoly fish collection v.2025-11-27","Fish Database Correa-Boisjoly","Occurrence"
"Correa, Cristian, and Maryse Boisjoly (2025) Chilean fish collection and empirical database (Version 2025-11-27) [Unpublished dataset].","","Correa.Boisjoly.collection.006752","Astillero","Puente Astillero",-42.39841701,-73.67413402,2017,2017-02-27,"Aplochiton zebra",22,"Casting Net","Cristian Correa, Maryse Boisjoly","CC BY-NC 4.0","Cristian Correa, orcid.org/0000-0002-8608-6858","not-for-profit use only","Correa & Boisjoly fish collection v.2025-11-27","Fish Database Correa-Boisjoly","Occurrence"
"Correa, Cristian, and Maryse Boisjoly (2025) Chilean fish collection and empirical database (Version 2025-11-27) [Unpublished dataset].","","Correa.Boisjoly.collection.006763","Hueñocoihue","Puente Hueñocoihue",-42.37926504,-73.67461497,2017,2017-02-27,"Aplochiton zebra",36,"Casting Net","Cristian Correa, Maryse Boisjoly","CC BY-NC 4.0","Cristian Correa, orcid.org/0000-0002-8608-6858","not-for-profit use only","Correa & Boisjoly fish collection v.2025-11-27","Fish Database Correa-Boisjoly","Occurrence"
"Correa, Cristian, and Maryse Boisjoly (2025) Chilean fish collection and empirical database (Version 2025-11-27) [Unpublished dataset].","","Correa.Boisjoly.collection.006771","Hueñocoihue","Puente Hueñocoihue",-42.37926504,-73.67461497,2017,2017-02-27,"Oncorhynchus mykiss",19,"Casting Net","Cristian Correa, Maryse Boisjoly","CC BY-NC 4.0","Cristian Correa, orcid.org/0000-0002-8608-6858","not-for-profit use only","Correa & Boisjoly fish collection v.2025-11-27","Fish Database Correa-Boisjoly","Occurrence"
"Correa, Cristian, and Maryse Boisjoly (2025) Chilean fish collection and empirical database (Version 2025-11-27) [Unpublished dataset].","","Correa.Boisjoly.collection.006265","Punta Entrada","Punta Entrada, Río Exploradores",-46.29584399,-73.53409102,2014,2014-03-21,"Eleginops maclovinus",17,"Gill Net Aplochitonera 3mX10m","Cristian Correa, Maryse Boisjoly","CC BY-NC 4.0","Cristian Correa, orcid.org/0000-0002-8608-6858","not-for-profit use only","Correa & Boisjoly fish collection v.2025-11-27","Fish Database Correa-Boisjoly","Occurrence"
"Correa, Cristian, and Maryse Boisjoly (2025) Chilean fish collection and empirical database (Version 2025-11-27) [Unpublished dataset].","","Correa.Boisjoly.collection.006266","Punta Entrada","Punta Entrada, Río Exploradores",-46.29584399,-73.53409102,2014,2014-03-21,"Odontesthes regia",5,"Gill Net Aplochitonera 3mX10m","Cristian Correa, Maryse Boisjoly","CC BY-NC 4.0","Cristian Correa, orcid.org/0000-0002-8608-6858","not-for-profit use only","Correa & Boisjoly fish collection v.2025-11-27","Fish Database Correa-Boisjoly","Occurrence"
"Correa, Cristian, and Maryse Boisjoly (2025) Chilean fish collection and empirical database (Version 2025-11-27) [Unpublished dataset].","","Correa.Boisjoly.collection.006267","Punta Entrada","Punta Entrada, Río Exploradores",-46.29584399,-73.53409102,2014,2014-03-21,"Patagonotothen sp",2,"Gill Net Aplochitonera 3mX10m","Cristian Correa, Maryse Boisjoly","CC BY-NC 4.0","Cristian Correa, orcid.org/0000-0002-8608-6858","not-for-profit use only","Correa & Boisjoly fish collection v.2025-11-27","Fish Database Correa-Boisjoly","Occurrence"
"Correa, Cristian, and Maryse Boisjoly (2025) Chilean fish collection and empirical database (Version 2025-11-27) [Unpublished dataset].","","Correa.Boisjoly.collection.012306","Rio Futaleufu","Rio Espolón",-43.204535,-71.912228,2023,2023-11-10,"Oncorhynchus mykiss",3,"Electric fishing","CC BD","CC BY-NC 4.0","Cristian Correa, orcid.org/0000-0002-8608-6858","not-for-profit use only","Correa & Boisjoly fish collection v.2025-11-27","Fish Database Correa-Boisjoly","Occurrence"
"Correa, Cristian, and Maryse Boisjoly (2025) Chilean fish collection and empirical database (Version 2025-11-27) [Unpublished dataset].","","Correa.Boisjoly.collection.012305","Rio Futaleufu","Rio Espolón",-43.204535,-71.912228,2023,2023-11-10,"Oncorhynchus tshawytscha",1,"Electric fishing","CC BD","CC BY-NC 4.0","Cristian Correa, orcid.org/0000-0002-8608-6858","not-for-profit use only","Correa & Boisjoly fish collection v.2025-11-27","Fish Database Correa-Boisjoly","Occurrence"
"Correa, Cristian, and Maryse Boisjoly (2025) Chilean fish collection and empirical database (Version 2025-11-27) [Unpublished dataset].","","Correa.Boisjoly.collection.012307","Rio Futaleufu","Rio Espolón",-43.204535,-71.912228,2023,2023-11-10,"Salmo trutta",7,"Electric fishing","CC BD","CC BY-NC 4.0","Cristian Correa, orcid.org/0000-0002-8608-6858","not-for-profit use only","Correa & Boisjoly fish collection v.2025-11-27","Fish Database Correa-Boisjoly","Occurrence"
"Correa, Cristian, and Maryse Boisjoly (2025) Chilean fish collection and empirical database (Version 2025-11-27) [Unpublished dataset].","","Correa.Boisjoly.collection.011961","Quitralco","Rio Mallín",-45.57549,-73.214296,2023,2023-01-26,"Oncorhynchus mykiss",2,"Spinning","Cristian Correa, Brian Reid","CC BY-NC 4.0","Cristian Correa, orcid.org/0000-0002-8608-6858","not-for-profit use only","Correa & Boisjoly fish collection v.2025-11-27","Fish Database Correa-Boisjoly","Occurrence"
"Correa, Cristian, and Maryse Boisjoly (2025) Chilean fish collection and empirical database (Version 2025-11-27) [Unpublished dataset].","","Correa.Boisjoly.collection.012241","Quitralco","Rio Mallín",-45.57549,-73.214296,2023,2023-01-26,"Oncorhynchus tshawytscha",1,"Spinning","Cristian Correa, Brian Reid","CC BY-NC 4.0","Cristian Correa, orcid.org/0000-0002-8608-6858","not-for-profit use only","Correa & Boisjoly fish collection v.2025-11-27","Fish Database Correa-Boisjoly","Occurrence"
"Correa, Cristian, and Maryse Boisjoly (2025) Chilean fish collection and empirical database (Version 2025-11-27) [Unpublished dataset].","","Correa.Boisjoly.collection.011963","Quitralco","Rio Mallín",-45.57549,-73.214296,2023,2023-01-26,"Salmo trutta",9,"Spinning","Cristian Correa, Brian Reid","CC BY-NC 4.0","Cristian Correa, orcid.org/0000-0002-8608-6858","not-for-profit use only","Correa & Boisjoly fish collection v.2025-11-27","Fish Database Correa-Boisjoly","Occurrence"
"Correa, Cristian, and Maryse Boisjoly (2025) Chilean fish collection and empirical database (Version 2025-11-27) [Unpublished dataset].","","Correa.Boisjoly.collection.011960","Quitralco","Rio Mallín",-45.575,-73.2147,2023,2023-01-26,"Oncorhynchus tshawytscha",30,"Casting Net","Cristian Correa, Brian Reid","CC BY-NC 4.0","Cristian Correa, orcid.org/0000-0002-8608-6858","not-for-profit use only","Correa & Boisjoly fish collection v.2025-11-27","Fish Database Correa-Boisjoly","Occurrence"
"Correa, Cristian, and Maryse Boisjoly (2025) Chilean fish collection and empirical database (Version 2025-11-27) [Unpublished dataset].","","Correa.Boisjoly.collection.012141","Valle Exploradores","Rio Pampa, El Bayo",-46.479339,-73.1977349999999,2023,2023-01-13,"Salmo trutta",13,"Angling","Cristian Correa, Simon Blanchet, Julien Cucherousset","CC BY-NC 4.0","Cristian Correa, orcid.org/0000-0002-8608-6858","not-for-profit use only","Correa & Boisjoly fish collection v.2025-11-27","Fish Database Correa-Boisjoly","Occurrence"
"Correa, Cristian, and Maryse Boisjoly (2025) Chilean fish collection and empirical database (Version 2025-11-27) [Unpublished dataset].","","Correa.Boisjoly.collection.012133","Valle Exploradores","Rio Pampa, El Bayo",-46.4789159999999,-73.1976719999999,2023,2023-01-13,"Salmo trutta",8,"Angling","Cristian Correa, Julien Cucherousset, Simon Blanchet","CC BY-NC 4.0","Cristian Correa, orcid.org/0000-0002-8608-6858","not-for-profit use only","Correa & Boisjoly fish collection v.2025-11-27","Fish Database Correa-Boisjoly","Occurrence"
"Correa, Cristian, and Maryse Boisjoly (2025) Chilean fish collection and empirical database (Version 2025-11-27) [Unpublished dataset].","","Correa.Boisjoly.collection.011958","Quitralco","Rio Pelu",-45.768625,-73.450667,2023,2023-01-28,"Aplochiton marinus",2,"Spinning","Cristian Correa, Brian Reid","CC BY-NC 4.0","Cristian Correa, orcid.org/0000-0002-8608-6858","not-for-profit use only","Correa & Boisjoly fish collection v.2025-11-27","Fish Database Correa-Boisjoly","Occurrence"
"Correa, Cristian, and Maryse Boisjoly (2025) Chilean fish collection and empirical database (Version 2025-11-27) [Unpublished dataset].","","Correa.Boisjoly.collection.012240","Quitralco","Rio Pelu",-45.768625,-73.450667,2023,2023-01-28,"Oncorhynchus tshawytscha",1,"Spinning","Cristian Correa, Brian Reid","CC BY-NC 4.0","Cristian Correa, orcid.org/0000-0002-8608-6858","not-for-profit use only","Correa & Boisjoly fish collection v.2025-11-27","Fish Database Correa-Boisjoly","Occurrence"
"Correa, Cristian, and Maryse Boisjoly (2025) Chilean fish collection and empirical database (Version 2025-11-27) [Unpublished dataset].","","Correa.Boisjoly.collection.012239","Quitralco","Rio Pelu",-45.768625,-73.450667,2023,2023-01-28,"Salmo trutta",1,"Spinning","Cristian Correa, Brian Reid","CC BY-NC 4.0","Cristian Correa, orcid.org/0000-0002-8608-6858","not-for-profit use only","Correa & Boisjoly fish collection v.2025-11-27","Fish Database Correa-Boisjoly","Occurrence"
"Correa, Cristian, and Maryse Boisjoly (2025) Chilean fish collection and empirical database (Version 2025-11-27) [Unpublished dataset].","","Correa.Boisjoly.collection.012249","Puerto Cisnes","Rio San Luis",-44.730576,-72.681724,2019,2019-11-25,"Galaxias maculatus",10,"Casting Net","CC","CC BY-NC 4.0","Cristian Correa, orcid.org/0000-0002-8608-6858","not-for-profit use only","Correa & Boisjoly fish collection v.2025-11-27","Fish Database Correa-Boisjoly","Occurrence"
"Correa, Cristian, and Maryse Boisjoly (2025) Chilean fish collection and empirical database (Version 2025-11-27) [Unpublished dataset].","","Correa.Boisjoly.collection.012250","Puerto Cisnes","Rio San Luis",-44.730576,-72.681724,2019,2019-11-25,"Oncorhynchus mykiss",1,"Casting Net","CC","CC BY-NC 4.0","Cristian Correa, orcid.org/0000-0002-8608-6858","not-for-profit use only","Correa & Boisjoly fish collection v.2025-11-27","Fish Database Correa-Boisjoly","Occurrence"
"Correa, Cristian, and Maryse Boisjoly (2025) Chilean fish collection and empirical database (Version 2025-11-27) [Unpublished dataset].","","Correa.Boisjoly.collection.003494","Aysen","Río Aysen",-45.403619,-72.720564,2009,2009-02-14,"Aplochiton taeniatus",1,"Hand line","Cristian Correa","CC BY-NC 4.0","Cristian Correa, orcid.org/0000-0002-8608-6858","not-for-profit use only","Correa & Boisjoly fish collection v.2025-11-27","Fish Database Correa-Boisjoly","Occurrence"
"Correa, Cristian, and Maryse Boisjoly (2025) Chilean fish collection and empirical database (Version 2025-11-27) [Unpublished dataset].","","Correa.Boisjoly.collection.005190","Lago Azul","Río Azul",-51.47835402,-73.26908902,2015,2015-04-06,"Odontesthes smitti",1,"Mist Net","Cristian Correa","CC BY-NC 4.0","Cristian Correa, orcid.org/0000-0002-8608-6858","not-for-profit use only","Correa & Boisjoly fish collection v.2025-11-27","Fish Database Correa-Boisjoly","Occurrence"
"Correa, Cristian, and Maryse Boisjoly (2025) Chilean fish collection and empirical database (Version 2025-11-27) [Unpublished dataset].","","Correa.Boisjoly.collection.005191","Lago Azul","Río Azul",-51.47835402,-73.26908902,2015,2015-04-06,"Patagonotothen sp",3,"Mist Net","Cristian Correa","CC BY-NC 4.0","Cristian Correa, orcid.org/0000-0002-8608-6858","not-for-profit use only","Correa & Boisjoly fish collection v.2025-11-27","Fish Database Correa-Boisjoly","Occurrence"
"Correa, Cristian, and Maryse Boisjoly (2025) Chilean fish collection and empirical database (Version 2025-11-27) [Unpublished dataset].","","Correa.Boisjoly.collection.005194","Lago Azul","Río Azul",-51.47503604,-73.27209997,2015,2015-04-07,"Patagonotothen sp",1,"Mist Net","Cristian Correa","CC BY-NC 4.0","Cristian Correa, orcid.org/0000-0002-8608-6858","not-for-profit use only","Correa & Boisjoly fish collection v.2025-11-27","Fish Database Correa-Boisjoly","Occurrence"
"Correa, Cristian, and Maryse Boisjoly (2025) Chilean fish collection and empirical database (Version 2025-11-27) [Unpublished dataset].","","Correa.Boisjoly.collection.005195","Lago Azul","Río Azul",-51.47503604,-73.27209997,2015,2015-04-07,"Sardinops sagax",1,"Mist Net","Cristian Correa","CC BY-NC 4.0","Cristian Correa, orcid.org/0000-0002-8608-6858","not-for-profit use only","Correa & Boisjoly fish collection v.2025-11-27","Fish Database Correa-Boisjoly","Occurrence"
"Correa, Cristian, and Maryse Boisjoly (2025) Chilean fish collection and empirical database (Version 2025-11-27) [Unpublished dataset].","","Correa.Boisjoly.collection.005186","Lago Azul","Río Azul",-51.47403901,-73.27389202,2015,2015-04-07,"Odontesthes smitti",4,"Gill Net Aplochitonera","Cristian Correa","CC BY-NC 4.0","Cristian Correa, orcid.org/0000-0002-8608-6858","not-for-profit use only","Correa & Boisjoly fish collection v.2025-11-27","Fish Database Correa-Boisjoly","Occurrence"
"Correa, Cristian, and Maryse Boisjoly (2025) Chilean fish collection and empirical database (Version 2025-11-27) [Unpublished dataset].","","Correa.Boisjoly.collection.005185","Lago Azul","Río Azul",-51.47403901,-73.27389202,2015,2015-04-07,"Oncorhynchus tshawytscha",1,"Gill Net Aplochitonera","Cristian Correa","CC BY-NC 4.0","Cristian Correa, orcid.org/0000-0002-8608-6858","not-for-profit use only","Correa & Boisjoly fish collection v.2025-11-27","Fish Database Correa-Boisjoly","Occurrence"
"Correa, Cristian, and Maryse Boisjoly (2025) Chilean fish collection and empirical database (Version 2025-11-27) [Unpublished dataset].","","Correa.Boisjoly.collection.005203","Lago Azul","Río Azul",-51.46634703,-73.28476704,2015,2015-04-08,"Odontesthes smitti",1,"Gill Net Aplochitonera","Cristian Correa, Maryse Boisjoly","CC BY-NC 4.0","Cristian Correa, orcid.org/0000-0002-8608-6858","not-for-profit use only","Correa & Boisjoly fish collection v.2025-11-27","Fish Database Correa-Boisjoly","Occurrence"
"Correa, Cristian, and Maryse Boisjoly (2025) Chilean fish collection and empirical database (Version 2025-11-27) [Unpublished dataset].","","Correa.Boisjoly.collection.005204","Lago Azul","Río Azul",-51.46613002,-73.28453997,2015,2015-04-08,"Patagonotothen sp",7,"Mist Net","Cristian Correa, Maryse Boisjoly","CC BY-NC 4.0","Cristian Correa, orcid.org/0000-0002-8608-6858","not-for-profit use only","Correa & Boisjoly fish collection v.2025-11-27","Fish Database Correa-Boisjoly","Occurrence"
"Correa, Cristian, and Maryse Boisjoly (2025) Chilean fish collection and empirical database (Version 2025-11-27) [Unpublished dataset].","","Correa.Boisjoly.collection.005200","Lago Azul","Río Azul",-51.46542803,-73.28403002,2015,2015-04-08,"Oncorhynchus mykiss",1,"Mist Net","","CC BY-NC 4.0","Cristian Correa, orcid.org/0000-0002-8608-6858","not-for-profit use only","Correa & Boisjoly fish collection v.2025-11-27","Fish Database Correa-Boisjoly","Occurrence"
"Correa, Cristian, and Maryse Boisjoly (2025) Chilean fish collection and empirical database (Version 2025-11-27) [Unpublished dataset].","","Correa.Boisjoly.collection.005198","Lago Azul","Río Azul",-51.46542803,-73.28403002,2015,2015-04-08,"Oncorhynchus tshawytscha",2,"Mist Net","","CC BY-NC 4.0","Cristian Correa, orcid.org/0000-0002-8608-6858","not-for-profit use only","Correa & Boisjoly fish collection v.2025-11-27","Fish Database Correa-Boisjoly","Occurrence"
"Correa, Cristian, and Maryse Boisjoly (2025) Chilean fish collection and empirical database (Version 2025-11-27) [Unpublished dataset].","","Correa.Boisjoly.collection.005201","Lago Azul","Río Azul",-51.46542803,-73.28403002,2015,2015-04-08,"Patagonotothen sp",2,"Mist Net","","CC BY-NC 4.0","Cristian Correa, orcid.org/0000-0002-8608-6858","not-for-profit use only","Correa & Boisjoly fish collection v.2025-11-27","Fish Database Correa-Boisjoly","Occurrence"
"Correa, Cristian, and Maryse Boisjoly (2025) Chilean fish collection and empirical database (Version 2025-11-27) [Unpublished dataset].","","Correa.Boisjoly.collection.005196","Lago Azul","Río Azul",-51.46535503,-73.28390102,2015,2015-04-08,"Galaxias maculatus",132,"Seine net","Cristian Correa, Maryse Boisjoly","CC BY-NC 4.0","Cristian Correa, orcid.org/0000-0002-8608-6858","not-for-profit use only","Correa & Boisjoly fish collection v.2025-11-27","Fish Database Correa-Boisjoly","Occurrence"
"Correa, Cristian, and Maryse Boisjoly (2025) Chilean fish collection and empirical database (Version 2025-11-27) [Unpublished dataset].","","Correa.Boisjoly.collection.006260","Lago Azul","Río Azul",-51.46535503,-73.28390102,2015,2015-04-08,"Galaxias maculatus ",92,"Seine net","Cristian Correa, Maryse Boisjoly","CC BY-NC 4.0","Cristian Correa, orcid.org/0000-0002-8608-6858","not-for-profit use only","Correa & Boisjoly fish collection v.2025-11-27","Fish Database Correa-Boisjoly","Occurrence"
"Correa, Cristian, and Maryse Boisjoly (2025) Chilean fish collection and empirical database (Version 2025-11-27) [Unpublished dataset].","","Correa.Boisjoly.collection.005197","Lago Azul","Río Azul",-51.46535503,-73.28390102,2015,2015-04-08,"Salmo trutta",14,"Seine net","Cristian Correa, Maryse Boisjoly","CC BY-NC 4.0","Cristian Correa, orcid.org/0000-0002-8608-6858","not-for-profit use only","Correa & Boisjoly fish collection v.2025-11-27","Fish Database Correa-Boisjoly","Occurrence"
"Correa, Cristian, and Maryse Boisjoly (2025) Chilean fish collection and empirical database (Version 2025-11-27) [Unpublished dataset].","","Correa.Boisjoly.collection.004765","Baker","Río Baker",-47.79075298,-73.51677401,2014,2014-04-11,"Aplochiton marinus",10,"Gill Net Experimental","Cristian Correa, Maryse Boisjoly","CC BY-NC 4.0","Cristian Correa, orcid.org/0000-0002-8608-6858","not-for-profit use only","Correa & Boisjoly fish collection v.2025-11-27","Fish Database Correa-Boisjoly","Occurrence"
"Correa, Cristian, and Maryse Boisjoly (2025) Chilean fish collection and empirical database (Version 2025-11-27) [Unpublished dataset].","","Correa.Boisjoly.collection.004718","Baker","Río Baker",-47.79075298,-73.51677401,2014,2014-04-11,"Oncorhynchus tshawytscha",1,"Gill Net Experimental","Cristian Correa, Maryse Boisjoly","CC BY-NC 4.0","Cristian Correa, orcid.org/0000-0002-8608-6858","not-for-profit use only","Correa & Boisjoly fish collection v.2025-11-27","Fish Database Correa-Boisjoly","Occurrence"
"Correa, Cristian, and Maryse Boisjoly (2025) Chilean fish collection and empirical database (Version 2025-11-27) [Unpublished dataset].","","Correa.Boisjoly.collection.004717","Baker","Río Baker",-47.79075298,-73.51677401,2014,2014-04-11,"Salmo trutta",1,"Gill Net Experimental","Cristian Correa, Maryse Boisjoly","CC BY-NC 4.0","Cristian Correa, orcid.org/0000-0002-8608-6858","not-for-profit use only","Correa & Boisjoly fish collection v.2025-11-27","Fish Database Correa-Boisjoly","Occurrence"
"Correa, Cristian, and Maryse Boisjoly (2025) Chilean fish collection and empirical database (Version 2025-11-27) [Unpublished dataset].","","Correa.Boisjoly.collection.004721","Baker","Río Baker",-47.79012199,-73.51798402,2014,2014-04-12,"Galaxias maculatus",18,"Minnow Trap","Cristian Correa, Maryse Boisjoly","CC BY-NC 4.0","Cristian Correa, orcid.org/0000-0002-8608-6858","not-for-profit use only","Correa & Boisjoly fish collection v.2025-11-27","Fish Database Correa-Boisjoly","Occurrence"
"Alò, D., Correa, C., Samaniego, H., Krabbenhoft, C.A., and Turner, T.F. 2019. Otolith microchemistry and diadromy in Patagonian river fishes. PeerJ 7: e6149. PeerJ Inc. doi: 10.7717/peerj.6149.","(Alò et al. 2019) | (Alò et al. 2013)","Correa.Boisjoly.collection.003694","Baker","Río Baker",-47.789964,-73.517026,2004,2004-03-22,"Aplochiton marinus",9,"Superficial gillnet S","Cristian Correa","CC BY-NC 4.0","Cristian Correa, orcid.org/0000-0002-8608-6858","not-for-profit use only","Correa & Boisjoly fish collection v.2025-11-27","Fish Database Correa-Boisjoly","Occurrence"
"Correa, Cristian, and Maryse Boisjoly (2025) Chilean fish collection and empirical database (Version 2025-11-27) [Unpublished dataset].","","Correa.Boisjoly.collection.009477","Baker","Río Baker",-47.789964,-73.517026,2004,2004-03-22,"Aplochiton taeniatus",1,"Superficial gillnet S","Cristian Correa","CC BY-NC 4.0","Cristian Correa, orcid.org/0000-0002-8608-6858","not-for-profit use only","Correa & Boisjoly fish collection v.2025-11-27","Fish Database Correa-Boisjoly","Occurrence"
"Alò, D., Correa, C., Arias, C., and Cárdenas, L. 2013. Diversity of Aplochiton fishes (Galaxiidea) and the taxonomic resurrection of A. marinus. PLoS ONE 8(8): e71577.","(Alò et al. 2013) | (Alò et al. 2019)","Correa.Boisjoly.collection.003427","Baker","Río Baker",-47.789964,-73.517026,2007,2007-03-25,"Aplochiton marinus",43,"Superficial gillnet","Cristian Correa","CC BY-NC 4.0","Cristian Correa, orcid.org/0000-0002-8608-6858","not-for-profit use only","Correa & Boisjoly fish collection v.2025-11-27","Fish Database Correa-Boisjoly","Occurrence"
"Alò, D., Correa, C., Samaniego, H., Krabbenhoft, C.A., and Turner, T.F. 2019. Otolith microchemistry and diadromy in Patagonian river fishes. PeerJ 7: e6149. PeerJ Inc. doi: 10.7717/peerj.6149.","(Alò et al. 2019)","Correa.Boisjoly.collection.003426","Baker","Río Baker",-47.789964,-73.517026,2007,2007-03-25,"Salmo trutta",1,"Superficial gillnet","Cristian Correa","CC BY-NC 4.0","Cristian Correa, orcid.org/0000-0002-8608-6858","not-for-profit use only","Correa & Boisjoly fish collection v.2025-11-27","Fish Database Correa-Boisjoly","Occurrence"
"Correa, Cristian, and Maryse Boisjoly (2025) Chilean fish collection and empirical database (Version 2025-11-27) [Unpublished dataset].","","Correa.Boisjoly.collection.003467","Baker","Río Baker",-47.789964,-73.517026,2007,2007-03-26,"Aplochiton marinus",1,"Electric fishing","Cristian Correa","CC BY-NC 4.0","Cristian Correa, orcid.org/0000-0002-8608-6858","not-for-profit use only","Correa & Boisjoly fish collection v.2025-11-27","Fish Database Correa-Boisjoly","Occurrence"
"Correa, Cristian, and Maryse Boisjoly (2025) Chilean fish collection and empirical database (Version 2025-11-27) [Unpublished dataset].","","Correa.Boisjoly.collection.003466","Baker","Río Baker",-47.789964,-73.517026,2007,2007-03-26,"Eleginops maclovinus",1,"Electric fishing","Cristian Correa","CC BY-NC 4.0","Cristian Correa, orcid.org/0000-0002-8608-6858","not-for-profit use only","Correa & Boisjoly fish collection v.2025-11-27","Fish Database Correa-Boisjoly","Occurrence"
"Correa, Cristian, and Maryse Boisjoly (2025) Chilean fish collection and empirical database (Version 2025-11-27) [Unpublished dataset].","","Correa.Boisjoly.collection.003450","Baker","Río Baker",-47.789964,-73.517026,2007,2007-03-26,"Galaxias maculatus",15,"Electric fishing","Cristian Correa","CC BY-NC 4.0","Cristian Correa, orcid.org/0000-0002-8608-6858","not-for-profit use only","Correa & Boisjoly fish collection v.2025-11-27","Fish Database Correa-Boisjoly","Occurrence"
"Correa, Cristian, and Maryse Boisjoly (2025) Chilean fish collection and empirical database (Version 2025-11-27) [Unpublished dataset].","","Correa.Boisjoly.collection.003468","Baker","Río Baker",-47.789964,-73.517026,2007,2007-03-26,"Oncorhynchus tshawytscha",1,"Electric fishing","Cristian Correa","CC BY-NC 4.0","Cristian Correa, orcid.org/0000-0002-8608-6858","not-for-profit use only","Correa & Boisjoly fish collection v.2025-11-27","Fish Database Correa-Boisjoly","Occurrence"
"Correa, Cristian, and Maryse Boisjoly (2025) Chilean fish collection and empirical database (Version 2025-11-27) [Unpublished dataset].","","Correa.Boisjoly.collection.003463","Baker","Río Baker",-47.789964,-73.517026,2007,2007-03-26,"Salmo trutta",5,"Electric fishing","Cristian Correa","CC BY-NC 4.0","Cristian Correa, orcid.org/0000-0002-8608-6858","not-for-profit use only","Correa & Boisjoly fish collection v.2025-11-27","Fish Database Correa-Boisjoly","Occurrence"
"Correa, Cristian, and Maryse Boisjoly (2025) Chilean fish collection and empirical database (Version 2025-11-27) [Unpublished dataset].","","Correa.Boisjoly.collection.004719","Baker","Río Baker",-47.789964,-73.517026,2014,2014-04-12,"Aplochiton sp.",1,"Seine net","Cristian Correa, Maryse Boisjoly","CC BY-NC 4.0","Cristian Correa, orcid.org/0000-0002-8608-6858","not-for-profit use only","Correa & Boisjoly fish collection v.2025-11-27","Fish Database Correa-Boisjoly","Occurrence"
"Correa, Cristian, and Maryse Boisjoly (2025) Chilean fish collection and empirical database (Version 2025-11-27) [Unpublished dataset].","","Correa.Boisjoly.collection.004722","Baker","Río Baker",-47.789964,-73.517026,2014,2014-04-12,"Aplochiton taeniatus",1,"Seine net","Cristian Correa, Maryse Boisjoly","CC BY-NC 4.0","Cristian Correa, orcid.org/0000-0002-8608-6858","not-for-profit use only","Correa & Boisjoly fish collection v.2025-11-27","Fish Database Correa-Boisjoly","Occurrence"
"Correa, Cristian, and Maryse Boisjoly (2025) Chilean fish collection and empirical database (Version 2025-11-27) [Unpublished dataset].","","Correa.Boisjoly.collection.004720","Baker","Río Baker",-47.789964,-73.517026,2014,2014-04-12,"Aplochiton zebra",32,"Seine net","Cristian Correa, Maryse Boisjoly","CC BY-NC 4.0","Cristian Correa, orcid.org/0000-0002-8608-6858","not-for-profit use only","Correa & Boisjoly fish collection v.2025-11-27","Fish Database Correa-Boisjoly","Occurrence"
"Correa, Cristian, and Maryse Boisjoly (2025) Chilean fish collection and empirical database (Version 2025-11-27) [Unpublished dataset].","","Correa.Boisjoly.collection.004743","Baker","Río Baker",-47.789964,-73.517026,2014,2014-04-12,"Eleginops maclovinus",4,"Seine net","Cristian Correa, Maryse Boisjoly","CC BY-NC 4.0","Cristian Correa, orcid.org/0000-0002-8608-6858","not-for-profit use only","Correa & Boisjoly fish collection v.2025-11-27","Fish Database Correa-Boisjoly","Occurrence"
"Correa, Cristian, and Maryse Boisjoly (2025) Chilean fish collection and empirical database (Version 2025-11-27) [Unpublished dataset].","","Correa.Boisjoly.collection.004739","Baker","Río Baker",-47.789964,-73.517026,2014,2014-04-12,"Galaxias maculatus",4,"Seine net","Cristian Correa, Maryse Boisjoly","CC BY-NC 4.0","Cristian Correa, orcid.org/0000-0002-8608-6858","not-for-profit use only","Correa & Boisjoly fish collection v.2025-11-27","Fish Database Correa-Boisjoly","Occurrence"
"Correa, Cristian, and Maryse Boisjoly (2025) Chilean fish collection and empirical database (Version 2025-11-27) [Unpublished dataset].","","Correa.Boisjoly.collection.004730","Baker","Río Baker",-47.789964,-73.517026,2014,2014-04-12,"Oncorhynchus tshawytscha",2,"Seine net","Cristian Correa, Maryse Boisjoly","CC BY-NC 4.0","Cristian Correa, orcid.org/0000-0002-8608-6858","not-for-profit use only","Correa & Boisjoly fish collection v.2025-11-27","Fish Database Correa-Boisjoly","Occurrence"
"Correa, Cristian, and Maryse Boisjoly (2025) Chilean fish collection and empirical database (Version 2025-11-27) [Unpublished dataset].","","Correa.Boisjoly.collection.004732","Baker","Río Baker",-47.789964,-73.517026,2014,2014-04-12,"Salmo trutta",7,"Seine net","Cristian Correa, Maryse Boisjoly","CC BY-NC 4.0","Cristian Correa, orcid.org/0000-0002-8608-6858","not-for-profit use only","Correa & Boisjoly fish collection v.2025-11-27","Fish Database Correa-Boisjoly","Occurrence"
"Correa, Cristian, and Maryse Boisjoly (2025) Chilean fish collection and empirical database (Version 2025-11-27) [Unpublished dataset].","","Correa.Boisjoly.collection.004698","Baker","Río Baker",-47.789964,-73.51702597,2014,2014-04-11,"Aplochiton marinus",15,"Gill Net Aplochitonera 3mX5m, Gill Net Aplochitonera 3mX10m","Cristian Correa, Maryse Boisjoly","CC BY-NC 4.0","Cristian Correa, orcid.org/0000-0002-8608-6858","not-for-profit use only","Correa & Boisjoly fish collection v.2025-11-27","Fish Database Correa-Boisjoly","Occurrence"
"Correa, Cristian, and Maryse Boisjoly (2025) Chilean fish collection and empirical database (Version 2025-11-27) [Unpublished dataset].","","Correa.Boisjoly.collection.004747","Baker","Río Baker",-47.789964,-73.51702597,2014,2014-04-12,"Aplochiton marinus",17,"Gill Net Aplochitonera 3mX10m","Cristian Correa, Maryse Boisjoly","CC BY-NC 4.0","Cristian Correa, orcid.org/0000-0002-8608-6858","not-for-profit use only","Correa & Boisjoly fish collection v.2025-11-27","Fish Database Correa-Boisjoly","Occurrence"
"Correa, Cristian, and Maryse Boisjoly (2025) Chilean fish collection and empirical database (Version 2025-11-27) [Unpublished dataset].","","Correa.Boisjoly.collection.009476","Baker","Río Baker",-47.789964,-73.51702597,2014,2014-04-13,"Eleginops maclovinus",1,"Casting Net","Cristian Correa, Maryse Boisjoly","CC BY-NC 4.0","Cristian Correa, orcid.org/0000-0002-8608-6858","not-for-profit use only","Correa & Boisjoly fish collection v.2025-11-27","Fish Database Correa-Boisjoly","Occurrence"
"Correa, Cristian, and Maryse Boisjoly (2025) Chilean fish collection and empirical database (Version 2025-11-27) [Unpublished dataset].","","Correa.Boisjoly.collection.004707","Baker","Río Baker",-47.78994103,-73.51805401,2014,2014-04-11,"Aplochiton marinus",6,"Gill Net Aplochitonera 3mX10m","Cristian Correa, Maryse Boisjoly","CC BY-NC 4.0","Cristian Correa, orcid.org/0000-0002-8608-6858","not-for-profit use only","Correa & Boisjoly fish collection v.2025-11-27","Fish Database Correa-Boisjoly","Occurrence"
"Correa, Cristian, and Maryse Boisjoly (2025) Chilean fish collection and empirical database (Version 2025-11-27) [Unpublished dataset].","","Correa.Boisjoly.collection.004696","Baker","Río Baker",-47.78994103,-73.51805401,2014,2014-04-11,"Aplochiton taeniatus",2,"Gill Net Aplochitonera 3mX10m","Cristian Correa, Maryse Boisjoly","CC BY-NC 4.0","Cristian Correa, orcid.org/0000-0002-8608-6858","not-for-profit use only","Correa & Boisjoly fish collection v.2025-11-27","Fish Database Correa-Boisjoly","Occurrence"
"Correa, Cristian, and Maryse Boisjoly (2025) Chilean fish collection and empirical database (Version 2025-11-27) [Unpublished dataset].","","Correa.Boisjoly.collection.004713","Baker","Río Baker",-47.78994103,-73.51805401,2014,2014-04-11,"Eleginops maclovinus",4,"Gill Net Aplochitonera 3mX10m","Cristian Correa, Maryse Boisjoly","CC BY-NC 4.0","Cristian Correa, orcid.org/0000-0002-8608-6858","not-for-profit use only","Correa & Boisjoly fish collection v.2025-11-27","Fish Database Correa-Boisjoly","Occurrence"
"Correa, Cristian, and Maryse Boisjoly (2025) Chilean fish collection and empirical database (Version 2025-11-27) [Unpublished dataset].","","Correa.Boisjoly.collection.004786","Baker","Río Baker",-47.73266296,-73.23440303,2014,2014-04-13,"Aplochiton taeniatus",3,"Casting Net","Cristian Correa, Maryse Boisjoly","CC BY-NC 4.0","Cristian Correa, orcid.org/0000-0002-8608-6858","not-for-profit use only","Correa & Boisjoly fish collection v.2025-11-27","Fish Database Correa-Boisjoly","Occurrence"
"Correa, Cristian, and Maryse Boisjoly (2025) Chilean fish collection and empirical database (Version 2025-11-27) [Unpublished dataset].","","Correa.Boisjoly.collection.004781","Baker","Río Baker",-47.73266296,-73.23440303,2014,2014-04-13,"Oncorhynchus mykiss",2,"Casting Net","Cristian Correa, Maryse Boisjoly","CC BY-NC 4.0","Cristian Correa, orcid.org/0000-0002-8608-6858","not-for-profit use only","Correa & Boisjoly fish collection v.2025-11-27","Fish Database Correa-Boisjoly","Occurrence"
"Correa, Cristian, and Maryse Boisjoly (2025) Chilean fish collection and empirical database (Version 2025-11-27) [Unpublished dataset].","","Correa.Boisjoly.collection.004783","Baker","Río Baker",-47.73266296,-73.23440303,2014,2014-04-13,"Oncorhynchus tshawytscha",7,"Casting Net","Cristian Correa, Maryse Boisjoly","CC BY-NC 4.0","Cristian Correa, orcid.org/0000-0002-8608-6858","not-for-profit use only","Correa & Boisjoly fish collection v.2025-11-27","Fish Database Correa-Boisjoly","Occurrence"
"Correa, Cristian, and Maryse Boisjoly (2025) Chilean fish collection and empirical database (Version 2025-11-27) [Unpublished dataset].","","Correa.Boisjoly.collection.005332","Río Blanco","Río Blanco",-53.96981296,-68.95179399,2015,2015-02-07,"Oncorhynchus tshawytscha",23,"Casting Net","Cristian Correa","CC BY-NC 4.0","Cristian Correa, orcid.org/0000-0002-8608-6858","not-for-profit use only","Correa & Boisjoly fish collection v.2025-11-27","Fish Database Correa-Boisjoly","Occurrence"
"Correa, Cristian, and Maryse Boisjoly (2025) Chilean fish collection and empirical database (Version 2025-11-27) [Unpublished dataset].","","Correa.Boisjoly.collection.005355","Río Blanco","Río Blanco",-53.96981296,-68.95179399,2015,2015-02-07,"Salmo trutta",4,"Casting Net","Cristian Correa","CC BY-NC 4.0","Cristian Correa, orcid.org/0000-0002-8608-6858","not-for-profit use only","Correa & Boisjoly fish collection v.2025-11-27","Fish Database Correa-Boisjoly","Occurrence"
"Correa, Cristian, and Maryse Boisjoly (2025) Chilean fish collection and empirical database (Version 2025-11-27) [Unpublished dataset].","","Correa.Boisjoly.collection.005359","Río Blanco","Río Blanco",-53.96979804,-68.95417001,2015,2015-02-07,"Oncorhynchus tshawytscha",26,"Gill Net Salmonera, ","Cristian Correa, Cristian Correa, Maryse Boisjoly, Jonathan Poblete","CC BY-NC 4.0","Cristian Correa, orcid.org/0000-0002-8608-6858","not-for-profit use only","Correa & Boisjoly fish collection v.2025-11-27","Fish Database Correa-Boisjoly","Occurrence"
"Correa, Cristian, and Maryse Boisjoly (2025) Chilean fish collection and empirical database (Version 2025-11-27) [Unpublished dataset].","","Correa.Boisjoly.collection.005384","Río Blanco","Río Blanco",-53.96979804,-68.95417001,2015,2015-02-07,"Salmo trutta",2,"Gill Net Salmonera, ","Cristian Correa, Cristian Correa, Maryse Boisjoly, Jonathan Poblete","CC BY-NC 4.0","Cristian Correa, orcid.org/0000-0002-8608-6858","not-for-profit use only","Correa & Boisjoly fish collection v.2025-11-27","Fish Database Correa-Boisjoly","Occurrence"
"Correa, Cristian, and Maryse Boisjoly (2025) Chilean fish collection and empirical database (Version 2025-11-27) [Unpublished dataset].","","Correa.Boisjoly.collection.011904","Lago General Carrera","Río Blas",-46.5335,-72.7107,2022,2022-12-03,"Oncorhynchus masou",4,"Casting Net","Cristian Correa","CC BY-NC 4.0","Cristian Correa, orcid.org/0000-0002-8608-6858","not-for-profit use only","Correa & Boisjoly fish collection v.2025-11-27","Fish Database Correa-Boisjoly","Occurrence"
"Correa, Cristian, and Maryse Boisjoly (2025) Chilean fish collection and empirical database (Version 2025-11-27) [Unpublished dataset].","","Correa.Boisjoly.collection.011905","Lago General Carrera","Río Blas",-46.5335,-72.7107,2022,2022-12-03,"Oncorhynchus mykiss",5,"Casting Net","Cristian Correa","CC BY-NC 4.0","Cristian Correa, orcid.org/0000-0002-8608-6858","not-for-profit use only","Correa & Boisjoly fish collection v.2025-11-27","Fish Database Correa-Boisjoly","Occurrence"
"Correa, Cristian, and Maryse Boisjoly (2025) Chilean fish collection and empirical database (Version 2025-11-27) [Unpublished dataset].","","Correa.Boisjoly.collection.011909","Lago General Carrera","Río Blas",-46.5335,-72.7107,2022,2022-12-03,"Salmo trutta",2,"Casting Net","Cristian Correa","CC BY-NC 4.0","Cristian Correa, orcid.org/0000-0002-8608-6858","not-for-profit use only","Correa & Boisjoly fish collection v.2025-11-27","Fish Database Correa-Boisjoly","Occurrence"
"Correa, Cristian, and Maryse Boisjoly (2025) Chilean fish collection and empirical database (Version 2025-11-27) [Unpublished dataset].","","Correa.Boisjoly.collection.012202","Lago General Carrera","Río Blas",-46.5335,-72.7107,2022,2023-01-14,"Salmo trutta",13,"Casting Net","Cristian Correa","CC BY-NC 4.0","Cristian Correa, orcid.org/0000-0002-8608-6858","not-for-profit use only","Correa & Boisjoly fish collection v.2025-11-27","Fish Database Correa-Boisjoly","Occurrence"
"Correa, Cristian, and Maryse Boisjoly (2025) Chilean fish collection and empirical database (Version 2025-11-27) [Unpublished dataset].","","Correa.Boisjoly.collection.011939","Lago General Carrera","Río Blas",-46.5335,-72.7107,2023,2023-01-14,"Galaxias platei",12,"Electric fishing","Cristian Correa, Julien Cucherousset, Simon Blanchet, Didier Galop","CC BY-NC 4.0","Cristian Correa, orcid.org/0000-0002-8608-6858","not-for-profit use only","Correa & Boisjoly fish collection v.2025-11-27","Fish Database Correa-Boisjoly","Occurrence"
"Correa, Cristian, and Maryse Boisjoly (2025) Chilean fish collection and empirical database (Version 2025-11-27) [Unpublished dataset].","","Correa.Boisjoly.collection.011951","Lago General Carrera","Río Blas",-46.5335,-72.7107,2023,2023-01-14,"Oncorhynchus masou",14,"Electric fishing, Casting Net","Cristian Correa, Julien Cucherousset, Simon Blanchet, Didier Galop, Cristian Correa","CC BY-NC 4.0","Cristian Correa, orcid.org/0000-0002-8608-6858","not-for-profit use only","Correa & Boisjoly fish collection v.2025-11-27","Fish Database Correa-Boisjoly","Occurrence"
"Correa, Cristian, and Maryse Boisjoly (2025) Chilean fish collection and empirical database (Version 2025-11-27) [Unpublished dataset].","","Correa.Boisjoly.collection.006197","Río Calavera","Río Calavera",-53.94727897,-70.12674403,2015,2015-02-13,"Galaxias maculatus",1,"Gill Net Aplochitonera 3mX10m","Cristian Correa, Jonathan Poblete","CC BY-NC 4.0","Cristian Correa, orcid.org/0000-0002-8608-6858","not-for-profit use only","Correa & Boisjoly fish collection v.2025-11-27","Fish Database Correa-Boisjoly","Occurrence"
"Correa, Cristian, and Maryse Boisjoly (2025) Chilean fish collection and empirical database (Version 2025-11-27) [Unpublished dataset].","","Correa.Boisjoly.collection.006196","Río Calavera","Río Calavera",-53.94727897,-70.12674403,2015,2015-02-13,"Salmo trutta",2,"Gill Net Aplochitonera 3mX10m","Cristian Correa, Jonathan Poblete","CC BY-NC 4.0","Cristian Correa, orcid.org/0000-0002-8608-6858","not-for-profit use only","Correa & Boisjoly fish collection v.2025-11-27","Fish Database Correa-Boisjoly","Occurrence"
"Correa, Cristian, and Maryse Boisjoly (2025) Chilean fish collection and empirical database (Version 2025-11-27) [Unpublished dataset].","","Correa.Boisjoly.collection.005413","Río Calavera","Río Calavera",-53.946366,-70.127541,2015,2015-02-12,"Galaxias maculatus",16,"Dip net","Cristian Correa","CC BY-NC 4.0","Cristian Correa, orcid.org/0000-0002-8608-6858","not-for-profit use only","Correa & Boisjoly fish collection v.2025-11-27","Fish Database Correa-Boisjoly","Occurrence"
"Correa, Cristian, and Maryse Boisjoly (2025) Chilean fish collection and empirical database (Version 2025-11-27) [Unpublished dataset].","","Correa.Boisjoly.collection.005619","Río Caleta","Río Caleta",-53.20771,-71.614839,2015,2015-02-25,"Galaxias maculatus",15,"Electric fishing","Maryse Boisjoly, Jonathan Poblete","CC BY-NC 4.0","Cristian Correa, orcid.org/0000-0002-8608-6858","not-for-profit use only","Correa & Boisjoly fish collection v.2025-11-27","Fish Database Correa-Boisjoly","Occurrence"
"Correa, Cristian, and Maryse Boisjoly (2025) Chilean fish collection and empirical database (Version 2025-11-27) [Unpublished dataset].","","Correa.Boisjoly.collection.005614","Río Caleta","Río Caleta",-53.20771,-71.614839,2015,2015-02-25,"Oncorhynchus kisutch",23,"Electric fishing","Maryse Boisjoly, Jonathan Poblete","CC BY-NC 4.0","Cristian Correa, orcid.org/0000-0002-8608-6858","not-for-profit use only","Correa & Boisjoly fish collection v.2025-11-27","Fish Database Correa-Boisjoly","Occurrence"
"Correa, Cristian, and Maryse Boisjoly (2025) Chilean fish collection and empirical database (Version 2025-11-27) [Unpublished dataset].","","Correa.Boisjoly.collection.006228","Río Caleta","Río Caleta",-53.20771,-71.614839,2015,2015-02-25,"Salmo trutta",1,"Electric fishing","Maryse Boisjoly, Jonathan Poblete","CC BY-NC 4.0","Cristian Correa, orcid.org/0000-0002-8608-6858","not-for-profit use only","Correa & Boisjoly fish collection v.2025-11-27","Fish Database Correa-Boisjoly","Occurrence"
"Correa, Cristian, and Maryse Boisjoly (2025) Chilean fish collection and empirical database (Version 2025-11-27) [Unpublished dataset].","","Correa.Boisjoly.collection.005613","Río Caleta","Río Caleta",-53.206915,-71.61602,2015,2015-02-25,"Oncorhynchus kisutch",1,"Electric fishing","Maryse Boisjoly, Jonathan Poblete","CC BY-NC 4.0","Cristian Correa, orcid.org/0000-0002-8608-6858","not-for-profit use only","Correa & Boisjoly fish collection v.2025-11-27","Fish Database Correa-Boisjoly","Occurrence"
"Correa, Cristian, and Maryse Boisjoly (2025) Chilean fish collection and empirical database (Version 2025-11-27) [Unpublished dataset].","","Correa.Boisjoly.collection.006227","Río Caleta","Río Caleta",-53.206915,-71.61602,2015,2015-02-25,"Salmo trutta",1,"Electric fishing","Maryse Boisjoly, Jonathan Poblete","CC BY-NC 4.0","Cristian Correa, orcid.org/0000-0002-8608-6858","not-for-profit use only","Correa & Boisjoly fish collection v.2025-11-27","Fish Database Correa-Boisjoly","Occurrence"
"Correa, Cristian, and Maryse Boisjoly (2025) Chilean fish collection and empirical database (Version 2025-11-27) [Unpublished dataset].","","Correa.Boisjoly.collection.005628","Río Caleta","Río Caleta",-53.206176,-71.618395,2015,2015-02-25,"Galaxias maculatus",4,"Casting Net","Cristian Correa","CC BY-NC 4.0","Cristian Correa, orcid.org/0000-0002-8608-6858","not-for-profit use only","Correa & Boisjoly fish collection v.2025-11-27","Fish Database Correa-Boisjoly","Occurrence"
"Correa, Cristian, and Maryse Boisjoly (2025) Chilean fish collection and empirical database (Version 2025-11-27) [Unpublished dataset].","","Correa.Boisjoly.collection.005594","Río Caleta","Río Caleta",-53.206176,-71.618395,2015,2015-02-25,"Oncorhynchus kisutch",12,"Casting Net","Cristian Correa","CC BY-NC 4.0","Cristian Correa, orcid.org/0000-0002-8608-6858","not-for-profit use only","Correa & Boisjoly fish collection v.2025-11-27","Fish Database Correa-Boisjoly","Occurrence"
"Correa, Cristian, and Maryse Boisjoly (2025) Chilean fish collection and empirical database (Version 2025-11-27) [Unpublished dataset].","","Correa.Boisjoly.collection.005601","Río Caleta","Río Caleta",-53.206176,-71.618395,2015,2015-02-25,"Salmo trutta",4,"Casting Net","Cristian Correa","CC BY-NC 4.0","Cristian Correa, orcid.org/0000-0002-8608-6858","not-for-profit use only","Correa & Boisjoly fish collection v.2025-11-27","Fish Database Correa-Boisjoly","Occurrence"
"Correa, Cristian, and Maryse Boisjoly (2025) Chilean fish collection and empirical database (Version 2025-11-27) [Unpublished dataset].","","Correa.Boisjoly.collection.005604","Río Caleta","Río Caleta",-53.205409,-71.619296,2015,2015-02-25,"Oncorhynchus kisutch",9,"Electric fishing","Maryse Boisjoly, Jonathan Poblete","CC BY-NC 4.0","Cristian Correa, orcid.org/0000-0002-8608-6858","not-for-profit use only","Correa & Boisjoly fish collection v.2025-11-27","Fish Database Correa-Boisjoly","Occurrence"
"Correa, Cristian, and Maryse Boisjoly (2025) Chilean fish collection and empirical database (Version 2025-11-27) [Unpublished dataset].","","Correa.Boisjoly.collection.005620","Río Caleta","Río Caleta",-53.205409,-71.619296,2015,2015-02-25,"Salmo trutta",1,"Electric fishing","Maryse Boisjoly, Jonathan Poblete","CC BY-NC 4.0","Cristian Correa, orcid.org/0000-0002-8608-6858","not-for-profit use only","Correa & Boisjoly fish collection v.2025-11-27","Fish Database Correa-Boisjoly","Occurrence"
"Correa, Cristian, and Maryse Boisjoly (2025) Chilean fish collection and empirical database (Version 2025-11-27) [Unpublished dataset].","","Correa.Boisjoly.collection.005638","Río Caleta","Río Caleta",-53.205073,-71.619746,2015,2015-02-26,"Patagonotothen sp",2,"Spinning","Jonathan Poblete","CC BY-NC 4.0","Cristian Correa, orcid.org/0000-0002-8608-6858","not-for-profit use only","Correa & Boisjoly fish collection v.2025-11-27","Fish Database Correa-Boisjoly","Occurrence"
"Correa, Cristian, and Maryse Boisjoly (2025) Chilean fish collection and empirical database (Version 2025-11-27) [Unpublished dataset].","","Correa.Boisjoly.collection.005636","Río Caleta","Río Caleta",-53.204079,-71.62220296,2015,2015-02-26,"Eleginops maclovinus",1,"Gill Net Aplochitonera 1.5mX7m","Cristian Correa, Jonathan Poblete","CC BY-NC 4.0","Cristian Correa, orcid.org/0000-0002-8608-6858","not-for-profit use only","Correa & Boisjoly fish collection v.2025-11-27","Fish Database Correa-Boisjoly","Occurrence"
"Correa, Cristian, and Maryse Boisjoly (2025) Chilean fish collection and empirical database (Version 2025-11-27) [Unpublished dataset].","","Correa.Boisjoly.collection.005634","Río Caleta","Río Caleta",-53.204079,-71.62220296,2015,2015-02-26,"Odontesthes smitti",1,"Gill Net Aplochitonera 1.5mX7m","Cristian Correa, Jonathan Poblete","CC BY-NC 4.0","Cristian Correa, orcid.org/0000-0002-8608-6858","not-for-profit use only","Correa & Boisjoly fish collection v.2025-11-27","Fish Database Correa-Boisjoly","Occurrence"
"Correa, Cristian, and Maryse Boisjoly (2025) Chilean fish collection and empirical database (Version 2025-11-27) [Unpublished dataset].","","Correa.Boisjoly.collection.005635","Río Caleta","Río Caleta",-53.204079,-71.62220296,2015,2015-02-26,"Oncorhynchus mykiss",1,"Gill Net Aplochitonera 1.5mX7m","Cristian Correa, Jonathan Poblete","CC BY-NC 4.0","Cristian Correa, orcid.org/0000-0002-8608-6858","not-for-profit use only","Correa & Boisjoly fish collection v.2025-11-27","Fish Database Correa-Boisjoly","Occurrence"
"Correa, Cristian, and Maryse Boisjoly (2025) Chilean fish collection and empirical database (Version 2025-11-27) [Unpublished dataset].","","Correa.Boisjoly.collection.005637","Río Caleta","Río Caleta",-53.204079,-71.62220296,2015,2015-02-26,"Patagonotothen sp",1,"Gill Net Aplochitonera 1.5mX7m","Cristian Correa, Jonathan Poblete","CC BY-NC 4.0","Cristian Correa, orcid.org/0000-0002-8608-6858","not-for-profit use only","Correa & Boisjoly fish collection v.2025-11-27","Fish Database Correa-Boisjoly","Occurrence"
"Correa, Cristian, and Maryse Boisjoly (2025) Chilean fish collection and empirical database (Version 2025-11-27) [Unpublished dataset].","","Correa.Boisjoly.collection.005632","Río Caleta","Río Caleta",-53.204079,-71.62220296,2015,2015-02-26,"Salmo trutta",3,"Gill Net Salmonera","Cristian Correa, Jonathan Poblete","CC BY-NC 4.0","Cristian Correa, orcid.org/0000-0002-8608-6858","not-for-profit use only","Correa & Boisjoly fish collection v.2025-11-27","Fish Database Correa-Boisjoly","Occurrence"
"Correa, Cristian, and Maryse Boisjoly (2025) Chilean fish collection and empirical database (Version 2025-11-27) [Unpublished dataset].","","Correa.Boisjoly.collection.006201","Río Caleta Tierra del Fuego","Río Caleta, Tierra del Fuego",-53.81792198,-70.17164002,2015,2015-02-15,"Galaxias maculatus",1,"Electric fishing","Cristian Correa, Maryse Boisjoly, Jonathan Poblete","CC BY-NC 4.0","Cristian Correa, orcid.org/0000-0002-8608-6858","not-for-profit use only","Correa & Boisjoly fish collection v.2025-11-27","Fish Database Correa-Boisjoly","Occurrence"
"Correa, Cristian, and Maryse Boisjoly (2025) Chilean fish collection and empirical database (Version 2025-11-27) [Unpublished dataset].","","Correa.Boisjoly.collection.006200","Río Caleta Tierra del Fuego","Río Caleta, Tierra del Fuego",-53.81792198,-70.17164002,2015,2015-02-15,"Salmo trutta",9,"Electric fishing","Cristian Correa, Maryse Boisjoly, Jonathan Poblete","CC BY-NC 4.0","Cristian Correa, orcid.org/0000-0002-8608-6858","not-for-profit use only","Correa & Boisjoly fish collection v.2025-11-27","Fish Database Correa-Boisjoly","Occurrence"
"Correa, Cristian, and Maryse Boisjoly (2025) Chilean fish collection and empirical database (Version 2025-11-27) [Unpublished dataset].","","Correa.Boisjoly.collection.006203","Río Caleta Tierra del Fuego","Río Caleta, Tierra del Fuego",-53.81682,-70.16735,2015,2015-02-15,"Galaxias maculatus",1,"Electric fishing","Cristian Correa, Maryse Boisjoly, Jonathan Poblete","CC BY-NC 4.0","Cristian Correa, orcid.org/0000-0002-8608-6858","not-for-profit use only","Correa & Boisjoly fish collection v.2025-11-27","Fish Database Correa-Boisjoly","Occurrence"
"Correa, Cristian, and Maryse Boisjoly (2025) Chilean fish collection and empirical database (Version 2025-11-27) [Unpublished dataset].","","Correa.Boisjoly.collection.006202","Río Caleta Tierra del Fuego","Río Caleta, Tierra del Fuego",-53.81682,-70.16735,2015,2015-02-15,"Salmo trutta",22,"Electric fishing","Cristian Correa, Maryse Boisjoly, Jonathan Poblete","CC BY-NC 4.0","Cristian Correa, orcid.org/0000-0002-8608-6858","not-for-profit use only","Correa & Boisjoly fish collection v.2025-11-27","Fish Database Correa-Boisjoly","Occurrence"
"Correa, Cristian, and Maryse Boisjoly (2025) Chilean fish collection and empirical database (Version 2025-11-27) [Unpublished dataset].","","Correa.Boisjoly.collection.005553","Río Canelo","Río Canelo",-53.166558,-71.521693,2015,2015-02-23,"Oncorhynchus kisutch",1,"Electric fishing","Maryse Boisjoly, Jonathan Poblete","CC BY-NC 4.0","Cristian Correa, orcid.org/0000-0002-8608-6858","not-for-profit use only","Correa & Boisjoly fish collection v.2025-11-27","Fish Database Correa-Boisjoly","Occurrence"
"Correa, Cristian, and Maryse Boisjoly (2025) Chilean fish collection and empirical database (Version 2025-11-27) [Unpublished dataset].","","Correa.Boisjoly.collection.005534","Río Canelo","Río Canelo",-53.166558,-71.521693,2015,2015-02-23,"Oncorhynchus mykiss",4,"Electric fishing","Maryse Boisjoly, Jonathan Poblete","CC BY-NC 4.0","Cristian Correa, orcid.org/0000-0002-8608-6858","not-for-profit use only","Correa & Boisjoly fish collection v.2025-11-27","Fish Database Correa-Boisjoly","Occurrence"
"Correa, Cristian, and Maryse Boisjoly (2025) Chilean fish collection and empirical database (Version 2025-11-27) [Unpublished dataset].","","Correa.Boisjoly.collection.006226","Río Canelo","Río Canelo",-53.166558,-71.521693,2015,2015-02-23,"Salmo trutta",5,"Electric fishing","Maryse Boisjoly, Jonathan Poblete","CC BY-NC 4.0","Cristian Correa, orcid.org/0000-0002-8608-6858","not-for-profit use only","Correa & Boisjoly fish collection v.2025-11-27","Fish Database Correa-Boisjoly","Occurrence"
"Correa, Cristian, and Maryse Boisjoly (2025) Chilean fish collection and empirical database (Version 2025-11-27) [Unpublished dataset].","","Correa.Boisjoly.collection.005525","Río Canelo","Río Canelo",-53.164272,-71.525845,2015,2015-02-23,"Salmo trutta",15,"Electric fishing","Maryse Boisjoly, Jonathan Poblete","CC BY-NC 4.0","Cristian Correa, orcid.org/0000-0002-8608-6858","not-for-profit use only","Correa & Boisjoly fish collection v.2025-11-27","Fish Database Correa-Boisjoly","Occurrence"
"Correa, Cristian, and Maryse Boisjoly (2025) Chilean fish collection and empirical database (Version 2025-11-27) [Unpublished dataset].","","Correa.Boisjoly.collection.005580","Río Canelo","Río Canelo",-53.16270702,-71.52549097,2015,2015-02-23,"Oncorhynchus kisutch",3,"Mist Net","Cristian Correa, Maryse Boisjoly, Jonathan Poblete","CC BY-NC 4.0","Cristian Correa, orcid.org/0000-0002-8608-6858","not-for-profit use only","Correa & Boisjoly fish collection v.2025-11-27","Fish Database Correa-Boisjoly","Occurrence"
"Correa, Cristian, and Maryse Boisjoly (2025) Chilean fish collection and empirical database (Version 2025-11-27) [Unpublished dataset].","","Correa.Boisjoly.collection.005583","Río Canelo","Río Canelo",-53.16270702,-71.52549097,2015,2015-02-23,"Oncorhynchus mykiss",4,"Mist Net","Cristian Correa, Maryse Boisjoly, Jonathan Poblete","CC BY-NC 4.0","Cristian Correa, orcid.org/0000-0002-8608-6858","not-for-profit use only","Correa & Boisjoly fish collection v.2025-11-27","Fish Database Correa-Boisjoly","Occurrence"
"Correa, Cristian, and Maryse Boisjoly (2025) Chilean fish collection and empirical database (Version 2025-11-27) [Unpublished dataset].","","Correa.Boisjoly.collection.005587","Río Canelo","Río Canelo",-53.16270702,-71.52549097,2015,2015-02-23,"Salmo trutta",7,"Mist Net","Cristian Correa, Maryse Boisjoly, Jonathan Poblete","CC BY-NC 4.0","Cristian Correa, orcid.org/0000-0002-8608-6858","not-for-profit use only","Correa & Boisjoly fish collection v.2025-11-27","Fish Database Correa-Boisjoly","Occurrence"
"Correa, Cristian, and Maryse Boisjoly (2025) Chilean fish collection and empirical database (Version 2025-11-27) [Unpublished dataset].","","Correa.Boisjoly.collection.005667","Río Canelo","Río Canelo",-53.16270702,-71.52549097,2015,2015-02-27,"Oncorhynchus kisutch",3,"Casting Net","Cristian Correa","CC BY-NC 4.0","Cristian Correa, orcid.org/0000-0002-8608-6858","not-for-profit use only","Correa & Boisjoly fish collection v.2025-11-27","Fish Database Correa-Boisjoly","Occurrence"
"Correa, Cristian, and Maryse Boisjoly (2025) Chilean fish collection and empirical database (Version 2025-11-27) [Unpublished dataset].","","Correa.Boisjoly.collection.006230","Río Canelo","Río Canelo",-53.16270702,-71.52549097,2015,2015-02-27,"Salmo trutta",2,"Casting Net","Cristian Correa","CC BY-NC 4.0","Cristian Correa, orcid.org/0000-0002-8608-6858","not-for-profit use only","Correa & Boisjoly fish collection v.2025-11-27","Fish Database Correa-Boisjoly","Occurrence"
"Correa, Cristian, and Maryse Boisjoly (2025) Chilean fish collection and empirical database (Version 2025-11-27) [Unpublished dataset].","","Correa.Boisjoly.collection.005548","Río Canelo","Río Canelo",-53.162707,-71.525491,2015,2015-02-23,"Oncorhynchus kisutch",5,"Casting Net","Cristian Correa","CC BY-NC 4.0","Cristian Correa, orcid.org/0000-0002-8608-6858","not-for-profit use only","Correa & Boisjoly fish collection v.2025-11-27","Fish Database Correa-Boisjoly","Occurrence"
"Correa, Cristian, and Maryse Boisjoly (2025) Chilean fish collection and empirical database (Version 2025-11-27) [Unpublished dataset].","","Correa.Boisjoly.collection.005538","Río Canelo","Río Canelo",-53.162707,-71.525491,2015,2015-02-23,"Oncorhynchus mykiss",16,"Casting Net","Cristian Correa","CC BY-NC 4.0","Cristian Correa, orcid.org/0000-0002-8608-6858","not-for-profit use only","Correa & Boisjoly fish collection v.2025-11-27","Fish Database Correa-Boisjoly","Occurrence"
"Correa, Cristian, and Maryse Boisjoly (2025) Chilean fish collection and empirical database (Version 2025-11-27) [Unpublished dataset].","","Correa.Boisjoly.collection.005527","Río Canelo","Río Canelo",-53.162707,-71.525491,2015,2015-02-23,"Salmo trutta",11,"Casting Net","Cristian Correa","CC BY-NC 4.0","Cristian Correa, orcid.org/0000-0002-8608-6858","not-for-profit use only","Correa & Boisjoly fish collection v.2025-11-27","Fish Database Correa-Boisjoly","Occurrence"
"Correa, Cristian, and Maryse Boisjoly (2025) Chilean fish collection and empirical database (Version 2025-11-27) [Unpublished dataset].","","Correa.Boisjoly.collection.005579","Río Canelo","Río Canelo",-53.16203,-71.526775,2015,2015-02-23,"Eleginops maclovinus",1,"Casting Net","Cristian Correa","CC BY-NC 4.0","Cristian Correa, orcid.org/0000-0002-8608-6858","not-for-profit use only","Correa & Boisjoly fish collection v.2025-11-27","Fish Database Correa-Boisjoly","Occurrence"
"Correa, Cristian, and Maryse Boisjoly (2025) Chilean fish collection and empirical database (Version 2025-11-27) [Unpublished dataset].","","Correa.Boisjoly.collection.006224","Río Canelo","Río Canelo",-53.16203,-71.526775,2015,2015-02-23,"Galaxias maculatus",1,"Casting Net","Cristian Correa","CC BY-NC 4.0","Cristian Correa, orcid.org/0000-0002-8608-6858","not-for-profit use only","Correa & Boisjoly fish collection v.2025-11-27","Fish Database Correa-Boisjoly","Occurrence"
"Correa, Cristian, and Maryse Boisjoly (2025) Chilean fish collection and empirical database (Version 2025-11-27) [Unpublished dataset].","","Correa.Boisjoly.collection.005564","Río Canelo","Río Canelo",-53.16203,-71.526775,2015,2015-02-23,"Oncorhynchus kisutch",7,"Casting Net","Cristian Correa","CC BY-NC 4.0","Cristian Correa, orcid.org/0000-0002-8608-6858","not-for-profit use only","Correa & Boisjoly fish collection v.2025-11-27","Fish Database Correa-Boisjoly","Occurrence"
"Correa, Cristian, and Maryse Boisjoly (2025) Chilean fish collection and empirical database (Version 2025-11-27) [Unpublished dataset].","","Correa.Boisjoly.collection.005571","Río Canelo","Río Canelo",-53.16203,-71.526775,2015,2015-02-23,"Salmo trutta",8,"Casting Net","Cristian Correa","CC BY-NC 4.0","Cristian Correa, orcid.org/0000-0002-8608-6858","not-for-profit use only","Correa & Boisjoly fish collection v.2025-11-27","Fish Database Correa-Boisjoly","Occurrence"
"Correa, Cristian, and Maryse Boisjoly (2025) Chilean fish collection and empirical database (Version 2025-11-27) [Unpublished dataset].","","Correa.Boisjoly.collection.007178","Valle Exploradores","Río Chingao",-46.45036303,-73.23168796,2019,2019-01-12,"Oncorhynchus tshawytscha",6,"Casting Net, Angling","Cristian Correa, Julien Cucherousset, Simon Blanchet, Cristian Correa","CC BY-NC 4.0","Cristian Correa, orcid.org/0000-0002-8608-6858","not-for-profit use only","Correa & Boisjoly fish collection v.2025-11-27","Fish Database Correa-Boisjoly","Occurrence"
"Correa, Cristian, and Maryse Boisjoly (2025) Chilean fish collection and empirical database (Version 2025-11-27) [Unpublished dataset].","","Correa.Boisjoly.collection.007176","Valle Exploradores","Río Chingao",-46.45036303,-73.23168796,2019,2019-01-12,"Salmo trutta",25,"Electric fishing, Casting Net, Angling","Cristian Correa, Julien Cucherousset, Simon Blanchet, Cristian Correa","CC BY-NC 4.0","Cristian Correa, orcid.org/0000-0002-8608-6858","not-for-profit use only","Correa & Boisjoly fish collection v.2025-11-27","Fish Database Correa-Boisjoly","Occurrence"
"Correa, Cristian, and Maryse Boisjoly (2025) Chilean fish collection and empirical database (Version 2025-11-27) [Unpublished dataset].","","Correa.Boisjoly.collection.009517","Valle Exploradores","Río Chingao",-46.45036,-73.23169,2019,2019-11-21,"Salmo trutta",0,"Angling","Cristian Correa, Simon Blanchet, Julien Cucherousset","CC BY-NC 4.0","Cristian Correa, orcid.org/0000-0002-8608-6858","not-for-profit use only","Correa & Boisjoly fish collection v.2025-11-27","Fish Database Correa-Boisjoly","Occurrence"
"Correa, Cristian, and Maryse Boisjoly (2025) Chilean fish collection and empirical database (Version 2025-11-27) [Unpublished dataset].","","Correa.Boisjoly.collection.012097","Valle Exploradores","Río Chingao",-46.4499939999999,-73.2317199999999,2023,2023-01-12,"Salmo trutta",13,"Angling","Cristian Correa","CC BY-NC 4.0","Cristian Correa, orcid.org/0000-0002-8608-6858","not-for-profit use only","Correa & Boisjoly fish collection v.2025-11-27","Fish Database Correa-Boisjoly","Occurrence"
"Correa, Cristian, and Maryse Boisjoly (2025) Chilean fish collection and empirical database (Version 2025-11-27) [Unpublished dataset].","","Correa.Boisjoly.collection.012238","Lago General Carrera","Río Chirifo",-46.6237,-72.6716,2023,2023-01-15,"Oncorhynchus mykiss",1,"Electric fishing","Cristian Correa, Jaime Schienfeldt, Simon Blanchet","CC BY-NC 4.0","Cristian Correa, orcid.org/0000-0002-8608-6858","not-for-profit use only","Correa & Boisjoly fish collection v.2025-11-27","Fish Database Correa-Boisjoly","Occurrence"
"Correa, Cristian, and Maryse Boisjoly (2025) Chilean fish collection and empirical database (Version 2025-11-27) [Unpublished dataset].","","Correa.Boisjoly.collection.011956","Lago General Carrera","Río Chirifo",-46.6237,-72.6716,2023,2023-01-15,"Salmo trutta",35,"Electric fishing","Cristian Correa, Jaime Schienfeldt, Simon Blanchet","CC BY-NC 4.0","Cristian Correa, orcid.org/0000-0002-8608-6858","not-for-profit use only","Correa & Boisjoly fish collection v.2025-11-27","Fish Database Correa-Boisjoly","Occurrence"
"Correa, Cristian, and Maryse Boisjoly (2025) Chilean fish collection and empirical database (Version 2025-11-27) [Unpublished dataset].","","Correa.Boisjoly.collection.003362","Cisnes","Río Cisnes",-48.423623,-72.617085,2007,2007-03-22,"Galaxias platei",9,"Electric fishing","Cristian Correa","CC BY-NC 4.0","Cristian Correa, orcid.org/0000-0002-8608-6858","not-for-profit use only","Correa & Boisjoly fish collection v.2025-11-27","Fish Database Correa-Boisjoly","Occurrence"
"Correa, Cristian, and Maryse Boisjoly (2025) Chilean fish collection and empirical database (Version 2025-11-27) [Unpublished dataset].","","Correa.Boisjoly.collection.003360","Cisnes","Río Cisnes",-48.423623,-72.617085,2007,2007-03-22,"Salmo trutta",2,"Fly fishing","Cristian Correa","CC BY-NC 4.0","Cristian Correa, orcid.org/0000-0002-8608-6858","not-for-profit use only","Correa & Boisjoly fish collection v.2025-11-27","Fish Database Correa-Boisjoly","Occurrence"
"Correa, Cristian, and Maryse Boisjoly (2025) Chilean fish collection and empirical database (Version 2025-11-27) [Unpublished dataset].","","Correa.Boisjoly.collection.001412","Rio Claro","Río Claro",-46.259192,-72.017419,2007,2007-04-04,"Oncorhynchus masou",2,"Bottom gillnet L","Cristian Correa","CC BY-NC 4.0","Cristian Correa, orcid.org/0000-0002-8608-6858","not-for-profit use only","Correa & Boisjoly fish collection v.2025-11-27","Fish Database Correa-Boisjoly","Occurrence"
"Correa, Cristian, and Maryse Boisjoly (2025) Chilean fish collection and empirical database (Version 2025-11-27) [Unpublished dataset].","","Correa.Boisjoly.collection.001413","Rio Claro","Río Claro",-46.259192,-72.017419,2007,2007-04-04,"Oncorhynchus mykiss",4,"Bottom gillnet L","Cristian Correa","CC BY-NC 4.0","Cristian Correa, orcid.org/0000-0002-8608-6858","not-for-profit use only","Correa & Boisjoly fish collection v.2025-11-27","Fish Database Correa-Boisjoly","Occurrence"
"Correa, Cristian, and Maryse Boisjoly (2025) Chilean fish collection and empirical database (Version 2025-11-27) [Unpublished dataset].","","Correa.Boisjoly.collection.001414","Rio Claro","Río Claro",-46.259192,-72.017419,2007,2007-04-04,"Salmo trutta",17,"Bottom gillnet L","Cristian Correa","CC BY-NC 4.0","Cristian Correa, orcid.org/0000-0002-8608-6858","not-for-profit use only","Correa & Boisjoly fish collection v.2025-11-27","Fish Database Correa-Boisjoly","Occurrence"
"Correa, Cristian, and Maryse Boisjoly (2025) Chilean fish collection and empirical database (Version 2025-11-27) [Unpublished dataset].","","Correa.Boisjoly.collection.006310","Cole Cole","Río Cole Cole",-42.507139,-74.183083,2016,2016-09-16,"Aplochiton marinus",11,"Trolling","Jonathan Poblete","CC BY-NC 4.0","Cristian Correa, orcid.org/0000-0002-8608-6858","not-for-profit use only","Correa & Boisjoly fish collection v.2025-11-27","Fish Database Correa-Boisjoly","Occurrence"
"Correa, Cristian, and Maryse Boisjoly (2025) Chilean fish collection and empirical database (Version 2025-11-27) [Unpublished dataset].","","Correa.Boisjoly.collection.005401","Río Condor","Río Condor",-53.97042098,-70.09540896,2015,2015-02-12,"Oncorhynchus mykiss",1,"Gill Net Aplochitonera 3mX5m  X2","Cristian Correa, Maryse Boisjoly, Jonathan Poblete","CC BY-NC 4.0","Cristian Correa, orcid.org/0000-0002-8608-6858","not-for-profit use only","Correa & Boisjoly fish collection v.2025-11-27","Fish Database Correa-Boisjoly","Occurrence"
"Correa, Cristian, and Maryse Boisjoly (2025) Chilean fish collection and empirical database (Version 2025-11-27) [Unpublished dataset].","","Correa.Boisjoly.collection.005402","Río Condor","Río Condor",-53.97010298,-70.09418503,2015,2015-02-12,"Salmo trutta",2,"Gill Net Salmonera","Cristian Correa, Jonathan Poblete","CC BY-NC 4.0","Cristian Correa, orcid.org/0000-0002-8608-6858","not-for-profit use only","Correa & Boisjoly fish collection v.2025-11-27","Fish Database Correa-Boisjoly","Occurrence"
"Correa, Cristian, and Maryse Boisjoly (2025) Chilean fish collection and empirical database (Version 2025-11-27) [Unpublished dataset].","","Correa.Boisjoly.collection.005412","Río Condor","Río Condor",-53.96025399,-70.06476698,2015,2015-02-12,"Galaxias maculatus",11,"Electric fishing","Cristian Correa","CC BY-NC 4.0","Cristian Correa, orcid.org/0000-0002-8608-6858","not-for-profit use only","Correa & Boisjoly fish collection v.2025-11-27","Fish Database Correa-Boisjoly","Occurrence"
"Correa, Cristian, and Maryse Boisjoly (2025) Chilean fish collection and empirical database (Version 2025-11-27) [Unpublished dataset].","","Correa.Boisjoly.collection.005389","Río Condor","Río Condor",-53.96025399,-70.06476698,2015,2015-02-12,"Oncorhynchus mykiss",3,"Casting Net, Electric fishing","Cristian Correa, Jonathan Poblete, Cristian Correa","CC BY-NC 4.0","Cristian Correa, orcid.org/0000-0002-8608-6858","not-for-profit use only","Correa & Boisjoly fish collection v.2025-11-27","Fish Database Correa-Boisjoly","Occurrence"
"Correa, Cristian, and Maryse Boisjoly (2025) Chilean fish collection and empirical database (Version 2025-11-27) [Unpublished dataset].","","Correa.Boisjoly.collection.005404","Río Condor","Río Condor",-53.96025399,-70.06476698,2015,2015-02-12,"Oncorhynchus tshawytscha",1,"Casting Net","Cristian Correa, Jonathan Poblete","CC BY-NC 4.0","Cristian Correa, orcid.org/0000-0002-8608-6858","not-for-profit use only","Correa & Boisjoly fish collection v.2025-11-27","Fish Database Correa-Boisjoly","Occurrence"
"Correa, Cristian, and Maryse Boisjoly (2025) Chilean fish collection and empirical database (Version 2025-11-27) [Unpublished dataset].","","Correa.Boisjoly.collection.005387","Río Condor","Río Condor",-53.96025399,-70.06476698,2015,2015-02-12,"Salmo trutta",14,"Casting Net, Electric fishing","Cristian Correa, Jonathan Poblete, Cristian Correa","CC BY-NC 4.0","Cristian Correa, orcid.org/0000-0002-8608-6858","not-for-profit use only","Correa & Boisjoly fish collection v.2025-11-27","Fish Database Correa-Boisjoly","Occurrence"
"Correa, Cristian, and Maryse Boisjoly (2025) Chilean fish collection and empirical database (Version 2025-11-27) [Unpublished dataset].","","Correa.Boisjoly.collection.006673","Río Deñal","Río Deñal",-42.56202397,-74.13270199,2017,2017-02-23,"Salmo trutta",3,"Gill Net Experimental","Cristian Correa, Maryse Boisjoly, Camila Sola, Consuelo Guevara","CC BY-NC 4.0","Cristian Correa, orcid.org/0000-0002-8608-6858","not-for-profit use only","Correa & Boisjoly fish collection v.2025-11-27","Fish Database Correa-Boisjoly","Occurrence"
"Correa, Cristian, and Maryse Boisjoly (2025) Chilean fish collection and empirical database (Version 2025-11-27) [Unpublished dataset].","","Correa.Boisjoly.collection.006670","Río Deñal","Río Deñal",-42.56160999,-74.13243896,2017,2017-02-23,"Aplochiton marinus",1,"Gill Net Aplochitonera 3mX10m","Cristian Correa, Maryse Boisjoly, Camila Sola, Consuelo Guevara","CC BY-NC 4.0","Cristian Correa, orcid.org/0000-0002-8608-6858","not-for-profit use only","Correa & Boisjoly fish collection v.2025-11-27","Fish Database Correa-Boisjoly","Occurrence"
"Correa, Cristian, and Maryse Boisjoly (2025) Chilean fish collection and empirical database (Version 2025-11-27) [Unpublished dataset].","","Correa.Boisjoly.collection.006672","Río Deñal","Río Deñal",-42.56160999,-74.13243896,2017,2017-02-23,"Aplochiton taeniatus",1,"Gill Net Aplochitonera 3mX10m","Cristian Correa, Maryse Boisjoly, Camila Sola, Consuelo Guevara","CC BY-NC 4.0","Cristian Correa, orcid.org/0000-0002-8608-6858","not-for-profit use only","Correa & Boisjoly fish collection v.2025-11-27","Fish Database Correa-Boisjoly","Occurrence"
"Correa, Cristian, and Maryse Boisjoly (2025) Chilean fish collection and empirical database (Version 2025-11-27) [Unpublished dataset].","","Correa.Boisjoly.collection.006669","Río Deñal","Río Deñal",-42.560533,-74.13144697,2017,2017-02-23,"Aplochiton marinus",1,"Gill Net Aplochitonera 3mX5m  X2","Cristian Correa, Maryse Boisjoly, Camila Sola, Consuelo Guevara","CC BY-NC 4.0","Cristian Correa, orcid.org/0000-0002-8608-6858","not-for-profit use only","Correa & Boisjoly fish collection v.2025-11-27","Fish Database Correa-Boisjoly","Occurrence"
"Correa, Cristian, and Maryse Boisjoly (2025) Chilean fish collection and empirical database (Version 2025-11-27) [Unpublished dataset].","","Correa.Boisjoly.collection.006671","Río Deñal","Río Deñal",-42.55987996,-74.12955701,2017,2017-02-23,"Aplochiton marinus",1,"Gill Net Aplochitonera 1.5mX7m","Cristian Correa, Maryse Boisjoly, Camila Sola, Consuelo Guevara","CC BY-NC 4.0","Cristian Correa, orcid.org/0000-0002-8608-6858","not-for-profit use only","Correa & Boisjoly fish collection v.2025-11-27","Fish Database Correa-Boisjoly","Occurrence"
"Correa, Cristian, and Maryse Boisjoly (2025) Chilean fish collection and empirical database (Version 2025-11-27) [Unpublished dataset].","","Correa.Boisjoly.collection.006676","Río Deñal","Río Deñal",-42.55921704,-74.12840802,2017,2017-02-23,"Galaxias maculatus",2,"Fyke net","Cristian Correa, Maryse Boisjoly, Camila Sola, Consuelo Guevara","CC BY-NC 4.0","Cristian Correa, orcid.org/0000-0002-8608-6858","not-for-profit use only","Correa & Boisjoly fish collection v.2025-11-27","Fish Database Correa-Boisjoly","Occurrence"
"Correa, Cristian, and Maryse Boisjoly (2025) Chilean fish collection and empirical database (Version 2025-11-27) [Unpublished dataset].","","Correa.Boisjoly.collection.005257","Lago Escondido","Río Escondido",-51.41319897,-73.09226297,2015,2015-04-05,"Galaxias maculatus",1,"Visual Evaluation","Cristian Correa, Maryse Boisjoly","CC BY-NC 4.0","Cristian Correa, orcid.org/0000-0002-8608-6858","not-for-profit use only","Correa & Boisjoly fish collection v.2025-11-27","Fish Database Correa-Boisjoly","Occurrence"
"Correa, Cristian, and Maryse Boisjoly (2025) Chilean fish collection and empirical database (Version 2025-11-27) [Unpublished dataset].","","Correa.Boisjoly.collection.006259","Lago Escondido","Río Escondido",-51.41319897,-73.09226297,2015,2015-04-05,"Galaxias maculatus ",1,"Visual Evaluation","Cristian Correa, Maryse Boisjoly","CC BY-NC 4.0","Cristian Correa, orcid.org/0000-0002-8608-6858","not-for-profit use only","Correa & Boisjoly fish collection v.2025-11-27","Fish Database Correa-Boisjoly","Occurrence"
"Correa, Cristian, and Maryse Boisjoly (2025) Chilean fish collection and empirical database (Version 2025-11-27) [Unpublished dataset].","","Correa.Boisjoly.collection.005166","Lago Escondido","Río Escondido",-51.41046798,-73.08863402,2015,2015-04-05,"Salmo trutta",7,"Mist Net","Cristian Correa, Maryse Boisjoly","CC BY-NC 4.0","Cristian Correa, orcid.org/0000-0002-8608-6858","not-for-profit use only","Correa & Boisjoly fish collection v.2025-11-27","Fish Database Correa-Boisjoly","Occurrence"
"Correa, Cristian, and Maryse Boisjoly (2025) Chilean fish collection and empirical database (Version 2025-11-27) [Unpublished dataset].","","Correa.Boisjoly.collection.012038","Valle Exploradores","Río Ester",-46.3148259999999,-73.396842,2023,2023-01-10,"Oncorhynchus mykiss",1,"Angling","Cristian Correa, Julien Cucherousset, Simon Blanchet","CC BY-NC 4.0","Cristian Correa, orcid.org/0000-0002-8608-6858","not-for-profit use only","Correa & Boisjoly fish collection v.2025-11-27","Fish Database Correa-Boisjoly","Occurrence"
"Correa, Cristian, and Maryse Boisjoly (2025) Chilean fish collection and empirical database (Version 2025-11-27) [Unpublished dataset].","","Correa.Boisjoly.collection.012021","Valle Exploradores","Río Ester",-46.3148259999999,-73.396842,2023,2023-01-10,"Salmo trutta",18,"Angling","Cristian Correa, Julien Cucherousset, Simon Blanchet","CC BY-NC 4.0","Cristian Correa, orcid.org/0000-0002-8608-6858","not-for-profit use only","Correa & Boisjoly fish collection v.2025-11-27","Fish Database Correa-Boisjoly","Occurrence"
"Correa, Cristian, and Maryse Boisjoly (2025) Chilean fish collection and empirical database (Version 2025-11-27) [Unpublished dataset].","","Correa.Boisjoly.collection.007187","Valle Exploradores","Río Ester",-46.314784,-73.396989,2019,2019-01-18,"Salmo trutta",12,"Angling","Cristian Correa, Julien Cucherousset, Simon Blanchet, Didier Galop, Jaime Schienfeldt","CC BY-NC 4.0","Cristian Correa, orcid.org/0000-0002-8608-6858","not-for-profit use only","Correa & Boisjoly fish collection v.2025-11-27","Fish Database Correa-Boisjoly","Occurrence"
"Correa, Cristian, and Maryse Boisjoly (2025) Chilean fish collection and empirical database (Version 2025-11-27) [Unpublished dataset].","","Correa.Boisjoly.collection.007088","Valle Exploradores","Río Ester",-46.307724,-73.39932804,2019,2019-01-17,"Salmo trutta",1,"Angling","Cristian Correa, Julien Cucherousset, Simon Blanchet, Jaime Schienfeldt","CC BY-NC 4.0","Cristian Correa, orcid.org/0000-0002-8608-6858","not-for-profit use only","Correa & Boisjoly fish collection v.2025-11-27","Fish Database Correa-Boisjoly","Occurrence"
"Correa, Cristian, and Maryse Boisjoly (2025) Chilean fish collection and empirical database (Version 2025-11-27) [Unpublished dataset].","","Correa.Boisjoly.collection.007001","Valle Exploradores","Río Exploradores",-46.322833,-73.414824,2014,2014-04-05,"Oncorhynchus tshawytscha",16,"Casting Net","Cristian Correa, Maryse Boisjoly","CC BY-NC 4.0","Cristian Correa, orcid.org/0000-0002-8608-6858","not-for-profit use only","Correa & Boisjoly fish collection v.2025-11-27","Fish Database Correa-Boisjoly","Occurrence"
"Correa, Cristian, and Maryse Boisjoly (2025) Chilean fish collection and empirical database (Version 2025-11-27) [Unpublished dataset].","","Correa.Boisjoly.collection.007089","Valle Exploradores","Río Exploradores, Estación U de Chile",-46.296321,-73.407935,2019,2019-01-17,"Galaxias maculatus",1,"Electric fishing","Cristian Correa","CC BY-NC 4.0","Cristian Correa, orcid.org/0000-0002-8608-6858","not-for-profit use only","Correa & Boisjoly fish collection v.2025-11-27","Fish Database Correa-Boisjoly","Occurrence"
"Correa, Cristian, and Maryse Boisjoly (2025) Chilean fish collection and empirical database (Version 2025-11-27) [Unpublished dataset].","","Correa.Boisjoly.collection.006245","Río Golondrina","Río Golondrina",-52.186377,-72.508772,2015,2015-03-06,"Galaxias maculatus",3,"Seine net","Maryse Boisjoly, Jonathan Poblete","CC BY-NC 4.0","Cristian Correa, orcid.org/0000-0002-8608-6858","not-for-profit use only","Correa & Boisjoly fish collection v.2025-11-27","Fish Database Correa-Boisjoly","Occurrence"
"Correa, Cristian, and Maryse Boisjoly (2025) Chilean fish collection and empirical database (Version 2025-11-27) [Unpublished dataset].","","Correa.Boisjoly.collection.006244","Río Golondrina","Río Golondrina",-52.186377,-72.508772,2015,2015-03-06,"Patagonotothen sp",61,"Seine net","Maryse Boisjoly, Jonathan Poblete","CC BY-NC 4.0","Cristian Correa, orcid.org/0000-0002-8608-6858","not-for-profit use only","Correa & Boisjoly fish collection v.2025-11-27","Fish Database Correa-Boisjoly","Occurrence"
"Correa, Cristian, and Maryse Boisjoly (2025) Chilean fish collection and empirical database (Version 2025-11-27) [Unpublished dataset].","","Correa.Boisjoly.collection.005750","Río Golondrina","Río Golondrina",-52.18593903,-72.51503399,2015,2015-03-07,"Oncorhynchus kisutch",6,"Casting Net","Cristian Correa","CC BY-NC 4.0","Cristian Correa, orcid.org/0000-0002-8608-6858","not-for-profit use only","Correa & Boisjoly fish collection v.2025-11-27","Fish Database Correa-Boisjoly","Occurrence"
"Correa, Cristian, and Maryse Boisjoly (2025) Chilean fish collection and empirical database (Version 2025-11-27) [Unpublished dataset].","","Correa.Boisjoly.collection.005746","Río Golondrina","Río Golondrina",-52.18593903,-72.51503399,2015,2015-03-08,"Oncorhynchus kisutch",23,"Gill Net Salmonera, Casting Net","Cristian Correa","CC BY-NC 4.0","Cristian Correa, orcid.org/0000-0002-8608-6858","not-for-profit use only","Correa & Boisjoly fish collection v.2025-11-27","Fish Database Correa-Boisjoly","Occurrence"
"Correa, Cristian, and Maryse Boisjoly (2025) Chilean fish collection and empirical database (Version 2025-11-27) [Unpublished dataset].","","Correa.Boisjoly.collection.005765","Río Golondrina","Río Golondrina",-52.18593903,-72.51503399,2015,2015-03-09,"Oncorhynchus kisutch",5,"Gill Net Salmonera","Cristian Correa, Maryse Boisjoly, Jonathan Poblete","CC BY-NC 4.0","Cristian Correa, orcid.org/0000-0002-8608-6858","not-for-profit use only","Correa & Boisjoly fish collection v.2025-11-27","Fish Database Correa-Boisjoly","Occurrence"
"Correa, Cristian, and Maryse Boisjoly (2025) Chilean fish collection and empirical database (Version 2025-11-27) [Unpublished dataset].","","Correa.Boisjoly.collection.005764","Río Golondrina","Río Golondrina",-52.18593903,-72.51503399,2015,2015-03-09,"Salmo trutta",1,"Gill Net Salmonera","Cristian Correa, Maryse Boisjoly, Jonathan Poblete","CC BY-NC 4.0","Cristian Correa, orcid.org/0000-0002-8608-6858","not-for-profit use only","Correa & Boisjoly fish collection v.2025-11-27","Fish Database Correa-Boisjoly","Occurrence"
"Correa, Cristian, and Maryse Boisjoly (2025) Chilean fish collection and empirical database (Version 2025-11-27) [Unpublished dataset].","","Correa.Boisjoly.collection.006243","Río Golondrina","Río Golondrina",-52.185849,-72.509879,2015,2015-03-06,"Galaxias maculatus",7,"Seine net","Maryse Boisjoly, Jonathan Poblete","CC BY-NC 4.0","Cristian Correa, orcid.org/0000-0002-8608-6858","not-for-profit use only","Correa & Boisjoly fish collection v.2025-11-27","Fish Database Correa-Boisjoly","Occurrence"
"Correa, Cristian, and Maryse Boisjoly (2025) Chilean fish collection and empirical database (Version 2025-11-27) [Unpublished dataset].","","Correa.Boisjoly.collection.005771","Río Golondrina","Río Golondrina",-52.18561096,-72.51529802,2015,2015-03-07,"Salmo trutta",1,"Mist Net","Cristian Correa","CC BY-NC 4.0","Cristian Correa, orcid.org/0000-0002-8608-6858","not-for-profit use only","Correa & Boisjoly fish collection v.2025-11-27","Fish Database Correa-Boisjoly","Occurrence"
"Correa, Cristian, and Maryse Boisjoly (2025) Chilean fish collection and empirical database (Version 2025-11-27) [Unpublished dataset].","","Correa.Boisjoly.collection.005747","Río Golondrina","Río Golondrina",-52.17796801,-72.51681003,2015,2015-03-07,"Salmo trutta",3,"Gill Net Aplochitonera 3mX10m","Cristian Correa","CC BY-NC 4.0","Cristian Correa, orcid.org/0000-0002-8608-6858","not-for-profit use only","Correa & Boisjoly fish collection v.2025-11-27","Fish Database Correa-Boisjoly","Occurrence"
"Correa, Cristian, and Maryse Boisjoly (2025) Chilean fish collection and empirical database (Version 2025-11-27) [Unpublished dataset].","","Correa.Boisjoly.collection.006232","Río Grande Isla Riesco","Río Grande, Isla Riesco",-53.051483,-71.86795,2015,2015-03-01,"Eleginops maclovinus",5,"Gill Net","Cristian Correa","CC BY-NC 4.0","Cristian Correa, orcid.org/0000-0002-8608-6858","not-for-profit use only","Correa & Boisjoly fish collection v.2025-11-27","Fish Database Correa-Boisjoly","Occurrence"
"Correa, Cristian, and Maryse Boisjoly (2025) Chilean fish collection and empirical database (Version 2025-11-27) [Unpublished dataset].","","Correa.Boisjoly.collection.005703","Río Grande Isla Riesco","Río Grande, Isla Riesco",-53.00520301,-71.86775501,2015,2015-03-02,"Eleginops maclovinus",1,"Gill Net Salmonera","Jonathan Poblete, Maryse Boisjoly, Cristian Correa","CC BY-NC 4.0","Cristian Correa, orcid.org/0000-0002-8608-6858","not-for-profit use only","Correa & Boisjoly fish collection v.2025-11-27","Fish Database Correa-Boisjoly","Occurrence"
"Correa, Cristian, and Maryse Boisjoly (2025) Chilean fish collection and empirical database (Version 2025-11-27) [Unpublished dataset].","","Correa.Boisjoly.collection.005702","Río Grande Isla Riesco","Río Grande, Isla Riesco",-53.00520301,-71.86775501,2015,2015-03-02,"Salmo trutta",1,"Gill Net Salmonera","Jonathan Poblete, Maryse Boisjoly, Cristian Correa","CC BY-NC 4.0","Cristian Correa, orcid.org/0000-0002-8608-6858","not-for-profit use only","Correa & Boisjoly fish collection v.2025-11-27","Fish Database Correa-Boisjoly","Occurrence"
"Correa, Cristian, and Maryse Boisjoly (2025) Chilean fish collection and empirical database (Version 2025-11-27) [Unpublished dataset].","","Correa.Boisjoly.collection.005681","Río Grande Isla Riesco","Río Grande, Isla Riesco",-53.003727,-71.870513,2015,2015-03-01,"Eleginops maclovinus",4,"Gill Net Aplochitonera 1.5mX7m","Cristian Correa","CC BY-NC 4.0","Cristian Correa, orcid.org/0000-0002-8608-6858","not-for-profit use only","Correa & Boisjoly fish collection v.2025-11-27","Fish Database Correa-Boisjoly","Occurrence"
"Correa, Cristian, and Maryse Boisjoly (2025) Chilean fish collection and empirical database (Version 2025-11-27) [Unpublished dataset].","","Correa.Boisjoly.collection.005679","Río Grande Isla Riesco","Río Grande, Isla Riesco",-53.003727,-71.870513,2015,2015-03-01,"Salmo trutta",2,"Gill Net Aplochitonera 1.5mX7m","Cristian Correa","CC BY-NC 4.0","Cristian Correa, orcid.org/0000-0002-8608-6858","not-for-profit use only","Correa & Boisjoly fish collection v.2025-11-27","Fish Database Correa-Boisjoly","Occurrence"
"Correa, Cristian, and Maryse Boisjoly (2025) Chilean fish collection and empirical database (Version 2025-11-27) [Unpublished dataset].","","Correa.Boisjoly.collection.005675","Río Grande Isla Riesco","Río Grande, Isla Riesco",-53.002867,-71.869685,2015,2015-03-01,"Eleginops maclovinus",23,"Gill Net Salmonera, Gill Net Aplochitonera 1.5mX7m","Cristian Correa","CC BY-NC 4.0","Cristian Correa, orcid.org/0000-0002-8608-6858","not-for-profit use only","Correa & Boisjoly fish collection v.2025-11-27","Fish Database Correa-Boisjoly","Occurrence"
"Correa, Cristian, and Maryse Boisjoly (2025) Chilean fish collection and empirical database (Version 2025-11-27) [Unpublished dataset].","","Correa.Boisjoly.collection.005673","Río Grande Isla Riesco","Río Grande, Isla Riesco",-53.002867,-71.869685,2015,2015-03-01,"Oncorhynchus kisutch",2,"Gill Net Salmonera","Cristian Correa","CC BY-NC 4.0","Cristian Correa, orcid.org/0000-0002-8608-6858","not-for-profit use only","Correa & Boisjoly fish collection v.2025-11-27","Fish Database Correa-Boisjoly","Occurrence"
"Correa, Cristian, and Maryse Boisjoly (2025) Chilean fish collection and empirical database (Version 2025-11-27) [Unpublished dataset].","","Correa.Boisjoly.collection.005736","Río Grande Isla Riesco","Río Grande, Isla Riesco",-53.001574,-71.870626,2015,2015-03-03,"Galaxias maculatus",30,"Seine net","Maryse Boisjoly, Jonathan Poblete","CC BY-NC 4.0","Cristian Correa, orcid.org/0000-0002-8608-6858","not-for-profit use only","Correa & Boisjoly fish collection v.2025-11-27","Fish Database Correa-Boisjoly","Occurrence"
"Correa, Cristian, and Maryse Boisjoly (2025) Chilean fish collection and empirical database (Version 2025-11-27) [Unpublished dataset].","","Correa.Boisjoly.collection.006239","Río Grande Isla Riesco","Río Grande, Isla Riesco",-53.001574,-71.870626,2015,2015-03-03,"Oncorhynchus kisutch",9,"Seine net","Maryse Boisjoly, Jonathan Poblete","CC BY-NC 4.0","Cristian Correa, orcid.org/0000-0002-8608-6858","not-for-profit use only","Correa & Boisjoly fish collection v.2025-11-27","Fish Database Correa-Boisjoly","Occurrence"
"Correa, Cristian, and Maryse Boisjoly (2025) Chilean fish collection and empirical database (Version 2025-11-27) [Unpublished dataset].","","Correa.Boisjoly.collection.006240","Río Grande Isla Riesco","Río Grande, Isla Riesco",-53.001574,-71.870626,2015,2015-03-03,"Oncorhynchus mykiss",60,"Seine net","Maryse Boisjoly, Jonathan Poblete","CC BY-NC 4.0","Cristian Correa, orcid.org/0000-0002-8608-6858","not-for-profit use only","Correa & Boisjoly fish collection v.2025-11-27","Fish Database Correa-Boisjoly","Occurrence"
"Correa, Cristian, and Maryse Boisjoly (2025) Chilean fish collection and empirical database (Version 2025-11-27) [Unpublished dataset].","","Correa.Boisjoly.collection.005737","Río Grande Isla Riesco","Río Grande, Isla Riesco",-53.001574,-71.870626,2015,2015-03-03,"Oncorhynchus tshawytscha",3,"Seine net","Maryse Boisjoly, Jonathan Poblete","CC BY-NC 4.0","Cristian Correa, orcid.org/0000-0002-8608-6858","not-for-profit use only","Correa & Boisjoly fish collection v.2025-11-27","Fish Database Correa-Boisjoly","Occurrence"
"Correa, Cristian, and Maryse Boisjoly (2025) Chilean fish collection and empirical database (Version 2025-11-27) [Unpublished dataset].","","Correa.Boisjoly.collection.005741","Río Grande Isla Riesco","Río Grande, Isla Riesco",-53.00157398,-71.87062598,2015,2015-03-03,"Oncorhynchus mykiss",1,"Casting Net","Cristian Correa, Maryse Boisjoly","CC BY-NC 4.0","Cristian Correa, orcid.org/0000-0002-8608-6858","not-for-profit use only","Correa & Boisjoly fish collection v.2025-11-27","Fish Database Correa-Boisjoly","Occurrence"
"Correa, Cristian, and Maryse Boisjoly (2025) Chilean fish collection and empirical database (Version 2025-11-27) [Unpublished dataset].","","Correa.Boisjoly.collection.005742","Río Grande Isla Riesco","Río Grande, Isla Riesco",-53.00157398,-71.87062598,2015,2015-03-03,"Oncorhynchus tshawytscha",3,"Casting Net","Cristian Correa, Maryse Boisjoly","CC BY-NC 4.0","Cristian Correa, orcid.org/0000-0002-8608-6858","not-for-profit use only","Correa & Boisjoly fish collection v.2025-11-27","Fish Database Correa-Boisjoly","Occurrence"
"Correa, Cristian, and Maryse Boisjoly (2025) Chilean fish collection and empirical database (Version 2025-11-27) [Unpublished dataset].","","Correa.Boisjoly.collection.005745","Río Grande Isla Riesco","Río Grande, Isla Riesco",-53.00157398,-71.87062598,2015,2015-03-04,"Oncorhynchus tshawytscha",3,"Casting Net","Cristian Correa","CC BY-NC 4.0","Cristian Correa, orcid.org/0000-0002-8608-6858","not-for-profit use only","Correa & Boisjoly fish collection v.2025-11-27","Fish Database Correa-Boisjoly","Occurrence"
"Correa, Cristian, and Maryse Boisjoly (2025) Chilean fish collection and empirical database (Version 2025-11-27) [Unpublished dataset].","","Correa.Boisjoly.collection.005704","Río Grande Isla Riesco","Río Grande, Isla Riesco",-52.999012,-71.874612,2015,2015-03-02,"Aplochiton taeniatus",6,"Casting Net","Cristian Correa","CC BY-NC 4.0","Cristian Correa, orcid.org/0000-0002-8608-6858","not-for-profit use only","Correa & Boisjoly fish collection v.2025-11-27","Fish Database Correa-Boisjoly","Occurrence"
"Correa, Cristian, and Maryse Boisjoly (2025) Chilean fish collection and empirical database (Version 2025-11-27) [Unpublished dataset].","","Correa.Boisjoly.collection.005729","Río Grande Isla Riesco","Río Grande, Isla Riesco",-52.999012,-71.874612,2015,2015-03-02,"Galaxias maculatus",11,"Casting Net","Cristian Correa","CC BY-NC 4.0","Cristian Correa, orcid.org/0000-0002-8608-6858","not-for-profit use only","Correa & Boisjoly fish collection v.2025-11-27","Fish Database Correa-Boisjoly","Occurrence"
"Correa, Cristian, and Maryse Boisjoly (2025) Chilean fish collection and empirical database (Version 2025-11-27) [Unpublished dataset].","","Correa.Boisjoly.collection.005715","Río Grande Isla Riesco","Río Grande, Isla Riesco",-52.999012,-71.874612,2015,2015-03-02,"Oncorhynchus kisutch",9,"Casting Net","Cristian Correa","CC BY-NC 4.0","Cristian Correa, orcid.org/0000-0002-8608-6858","not-for-profit use only","Correa & Boisjoly fish collection v.2025-11-27","Fish Database Correa-Boisjoly","Occurrence"
"Correa, Cristian, and Maryse Boisjoly (2025) Chilean fish collection and empirical database (Version 2025-11-27) [Unpublished dataset].","","Correa.Boisjoly.collection.005728","Río Grande Isla Riesco","Río Grande, Isla Riesco",-52.999012,-71.874612,2015,2015-03-02,"Oncorhynchus mykiss",1,"Casting Net","Cristian Correa","CC BY-NC 4.0","Cristian Correa, orcid.org/0000-0002-8608-6858","not-for-profit use only","Correa & Boisjoly fish collection v.2025-11-27","Fish Database Correa-Boisjoly","Occurrence"
"Correa, Cristian, and Maryse Boisjoly (2025) Chilean fish collection and empirical database (Version 2025-11-27) [Unpublished dataset].","","Correa.Boisjoly.collection.005716","Río Grande Isla Riesco","Río Grande, Isla Riesco",-52.999012,-71.874612,2015,2015-03-02,"Oncorhynchus tshawytscha",4,"Casting Net","Cristian Correa","CC BY-NC 4.0","Cristian Correa, orcid.org/0000-0002-8608-6858","not-for-profit use only","Correa & Boisjoly fish collection v.2025-11-27","Fish Database Correa-Boisjoly","Occurrence"
"Correa, Cristian, and Maryse Boisjoly (2025) Chilean fish collection and empirical database (Version 2025-11-27) [Unpublished dataset].","","Correa.Boisjoly.collection.005714","Río Grande Isla Riesco","Río Grande, Isla Riesco",-52.999012,-71.874612,2015,2015-03-02,"Salmo trutta",18,"Casting Net, Spinning","Cristian Correa, Jonathan Poblete","CC BY-NC 4.0","Cristian Correa, orcid.org/0000-0002-8608-6858","not-for-profit use only","Correa & Boisjoly fish collection v.2025-11-27","Fish Database Correa-Boisjoly","Occurrence"
"Correa, Cristian, and Maryse Boisjoly (2025) Chilean fish collection and empirical database (Version 2025-11-27) [Unpublished dataset].","","Correa.Boisjoly.collection.005640","Río Grande Isla Riesco","Río Grande, Isla Riesco",-52.997123,-71.869048,2015,2015-02-28,"Oncorhynchus kisutch",1,"Electric fishing","Cristian Correa","CC BY-NC 4.0","Cristian Correa, orcid.org/0000-0002-8608-6858","not-for-profit use only","Correa & Boisjoly fish collection v.2025-11-27","Fish Database Correa-Boisjoly","Occurrence"
"Correa, Cristian, and Maryse Boisjoly (2025) Chilean fish collection and empirical database (Version 2025-11-27) [Unpublished dataset].","","Correa.Boisjoly.collection.005713","Río Grande Isla Riesco","Río Grande, Isla Riesco",-52.996775,-71.869758,2015,2015-03-02,"Oncorhynchus kisutch",1,"Electric fishing","Cristian Correa","CC BY-NC 4.0","Cristian Correa, orcid.org/0000-0002-8608-6858","not-for-profit use only","Correa & Boisjoly fish collection v.2025-11-27","Fish Database Correa-Boisjoly","Occurrence"
"Correa, Cristian, and Maryse Boisjoly (2025) Chilean fish collection and empirical database (Version 2025-11-27) [Unpublished dataset].","","Correa.Boisjoly.collection.005706","Río Grande Isla Riesco","Río Grande, Isla Riesco",-52.996775,-71.869758,2015,2015-03-02,"Salmo trutta",7,"Electric fishing","Cristian Correa","CC BY-NC 4.0","Cristian Correa, orcid.org/0000-0002-8608-6858","not-for-profit use only","Correa & Boisjoly fish collection v.2025-11-27","Fish Database Correa-Boisjoly","Occurrence"
"Correa, Cristian, and Maryse Boisjoly (2025) Chilean fish collection and empirical database (Version 2025-11-27) [Unpublished dataset].","","Correa.Boisjoly.collection.006241","Río Grande Isla Riesco","Río Grande, Isla Riesco",-52.996527,-71.870467,2015,2015-03-03,"Oncorhynchus kisutch",4,"Casting Net","Cristian Correa","CC BY-NC 4.0","Cristian Correa, orcid.org/0000-0002-8608-6858","not-for-profit use only","Correa & Boisjoly fish collection v.2025-11-27","Fish Database Correa-Boisjoly","Occurrence"
"Correa, Cristian, and Maryse Boisjoly (2025) Chilean fish collection and empirical database (Version 2025-11-27) [Unpublished dataset].","","Correa.Boisjoly.collection.005740","Río Grande Isla Riesco","Río Grande, Isla Riesco",-52.996527,-71.870467,2015,2015-03-03,"Oncorhynchus tshawytscha",1,"Casting Net","Cristian Correa","CC BY-NC 4.0","Cristian Correa, orcid.org/0000-0002-8608-6858","not-for-profit use only","Correa & Boisjoly fish collection v.2025-11-27","Fish Database Correa-Boisjoly","Occurrence"
"Correa, Cristian, and Maryse Boisjoly (2025) Chilean fish collection and empirical database (Version 2025-11-27) [Unpublished dataset].","","Correa.Boisjoly.collection.006242","Río Grande Isla Riesco","Río Grande, Isla Riesco",-52.996527,-71.870467,2015,2015-03-03,"Salmo trutta",1,"Casting Net","Cristian Correa","CC BY-NC 4.0","Cristian Correa, orcid.org/0000-0002-8608-6858","not-for-profit use only","Correa & Boisjoly fish collection v.2025-11-27","Fish Database Correa-Boisjoly","Occurrence"
"Correa, Cristian, and Maryse Boisjoly (2025) Chilean fish collection and empirical database (Version 2025-11-27) [Unpublished dataset].","","Correa.Boisjoly.collection.005644","Río Grande Isla Riesco","Río Grande, Isla Riesco",-52.99171,-71.87125,2015,2015-02-28,"Oncorhynchus kisutch",28,"Casting Net, Electric fishing","Cristian Correa","CC BY-NC 4.0","Cristian Correa, orcid.org/0000-0002-8608-6858","not-for-profit use only","Correa & Boisjoly fish collection v.2025-11-27","Fish Database Correa-Boisjoly","Occurrence"
"Correa, Cristian, and Maryse Boisjoly (2025) Chilean fish collection and empirical database (Version 2025-11-27) [Unpublished dataset].","","Correa.Boisjoly.collection.005641","Río Grande Isla Riesco","Río Grande, Isla Riesco",-52.99171,-71.87125,2015,2015-02-28,"Oncorhynchus tshawytscha",6,"Casting Net","Cristian Correa","CC BY-NC 4.0","Cristian Correa, orcid.org/0000-0002-8608-6858","not-for-profit use only","Correa & Boisjoly fish collection v.2025-11-27","Fish Database Correa-Boisjoly","Occurrence"
"Correa, Cristian, and Maryse Boisjoly (2025) Chilean fish collection and empirical database (Version 2025-11-27) [Unpublished dataset].","","Correa.Boisjoly.collection.005654","Río Grande Isla Riesco","Río Grande, Isla Riesco",-52.99171,-71.87125,2015,2015-02-28,"Salmo trutta",16,"Electric fishing, Casting Net","Cristian Correa","CC BY-NC 4.0","Cristian Correa, orcid.org/0000-0002-8608-6858","not-for-profit use only","Correa & Boisjoly fish collection v.2025-11-27","Fish Database Correa-Boisjoly","Occurrence"
"Correa, Cristian, and Maryse Boisjoly (2025) Chilean fish collection and empirical database (Version 2025-11-27) [Unpublished dataset].","","Correa.Boisjoly.collection.005696","Río Grande Isla Riesco","Río Grande, Isla Riesco",-52.98596,-71.88448,2015,2015-03-01,"Oncorhynchus kisutch",14,"Casting Net","Cristian Correa, Jonathan Poblete","CC BY-NC 4.0","Cristian Correa, orcid.org/0000-0002-8608-6858","not-for-profit use only","Correa & Boisjoly fish collection v.2025-11-27","Fish Database Correa-Boisjoly","Occurrence"
"Correa, Cristian, and Maryse Boisjoly (2025) Chilean fish collection and empirical database (Version 2025-11-27) [Unpublished dataset].","","Correa.Boisjoly.collection.005694","Río Grande Isla Riesco","Río Grande, Isla Riesco",-52.98596,-71.88448,2015,2015-03-01,"Oncorhynchus tshawytscha",4,"Casting Net","Jonathan Poblete, Cristian Correa","CC BY-NC 4.0","Cristian Correa, orcid.org/0000-0002-8608-6858","not-for-profit use only","Correa & Boisjoly fish collection v.2025-11-27","Fish Database Correa-Boisjoly","Occurrence"
"Correa, Cristian, and Maryse Boisjoly (2025) Chilean fish collection and empirical database (Version 2025-11-27) [Unpublished dataset].","","Correa.Boisjoly.collection.005699","Río Grande Isla Riesco","Río Grande, Isla Riesco",-52.98596,-71.88448,2015,2015-03-01,"Salmo trutta",5,"Casting Net","Cristian Correa","CC BY-NC 4.0","Cristian Correa, orcid.org/0000-0002-8608-6858","not-for-profit use only","Correa & Boisjoly fish collection v.2025-11-27","Fish Database Correa-Boisjoly","Occurrence"
"Correa, Cristian, and Maryse Boisjoly (2025) Chilean fish collection and empirical database (Version 2025-11-27) [Unpublished dataset].","","Correa.Boisjoly.collection.008410","Rio Huemules","Río Huemules",-45.82125,-71.868028,2018,2018-03-16,"Oncorhynchus tshawytscha",4,"Gill Net","Nico Muñoz","CC BY-NC 4.0","Cristian Correa, orcid.org/0000-0002-8608-6858","not-for-profit use only","Correa & Boisjoly fish collection v.2025-11-27","Fish Database Correa-Boisjoly","Occurrence"
"Correa, Cristian, and Maryse Boisjoly (2025) Chilean fish collection and empirical database (Version 2025-11-27) [Unpublished dataset].","","Correa.Boisjoly.collection.008709","Río Huicha","Río Huicha",-41.88564797,-73.62790396,2017,2017-02-13,"Brachygalaxias bulloki",50,"Casting Net","Cristian Correa, Camila Sola","CC BY-NC 4.0","Cristian Correa, orcid.org/0000-0002-8608-6858","not-for-profit use only","Correa & Boisjoly fish collection v.2025-11-27","Fish Database Correa-Boisjoly","Occurrence"
"Correa, Cristian, and Maryse Boisjoly (2025) Chilean fish collection and empirical database (Version 2025-11-27) [Unpublished dataset].","","Correa.Boisjoly.collection.006533","Río Huicha","Río Huicha",-41.88564797,-73.62790396,2017,2017-02-13,"Galaxias sp.",1,"Dip net","Maryse Boisjoly, Consuelo Guevara","CC BY-NC 4.0","Cristian Correa, orcid.org/0000-0002-8608-6858","not-for-profit use only","Correa & Boisjoly fish collection v.2025-11-27","Fish Database Correa-Boisjoly","Occurrence"
"Correa, Cristian, and Maryse Boisjoly (2025) Chilean fish collection and empirical database (Version 2025-11-27) [Unpublished dataset].","","Correa.Boisjoly.collection.006531","Río Huicha","Río Huicha",-41.88564797,-73.62790396,2017,2017-02-13,"Oncorhynchus mykiss",1,"Casting Net","Cristian Correa, Camila Sola","CC BY-NC 4.0","Cristian Correa, orcid.org/0000-0002-8608-6858","not-for-profit use only","Correa & Boisjoly fish collection v.2025-11-27","Fish Database Correa-Boisjoly","Occurrence"
"Correa, Cristian, and Maryse Boisjoly (2025) Chilean fish collection and empirical database (Version 2025-11-27) [Unpublished dataset].","","Correa.Boisjoly.collection.006441","Río Huicha","Río Huicha",-41.879786,-73.65320097,2017,2017-02-12,"Aplochiton taeniatus",17,"Casting Net, Fly fishing","Cristian Correa, Camila Sola, Consuelo Guevara, Maryse Boisjoly","CC BY-NC 4.0","Cristian Correa, orcid.org/0000-0002-8608-6858","not-for-profit use only","Correa & Boisjoly fish collection v.2025-11-27","Fish Database Correa-Boisjoly","Occurrence"
"Correa, Cristian, and Maryse Boisjoly (2025) Chilean fish collection and empirical database (Version 2025-11-27) [Unpublished dataset].","","Correa.Boisjoly.collection.006451","Río Huicha","Río Huicha",-41.879786,-73.65320097,2017,2017-02-12,"Oncorhynchus mykiss",2,"Casting Net","Cristian Correa, Camila Sola, Consuelo Guevara, Maryse Boisjoly","CC BY-NC 4.0","Cristian Correa, orcid.org/0000-0002-8608-6858","not-for-profit use only","Correa & Boisjoly fish collection v.2025-11-27","Fish Database Correa-Boisjoly","Occurrence"
"Correa, Cristian, and Maryse Boisjoly (2025) Chilean fish collection and empirical database (Version 2025-11-27) [Unpublished dataset].","","Correa.Boisjoly.collection.006501","Río Huicha","Río Huicha",-41.879786,-73.65320097,2017,2017-02-13,"Brachygalaxias bulloki",30,"Hand Collected","Cristian Correa, Maryse Boisjoly, Camila Sola, Consuelo Guevara","CC BY-NC 4.0","Cristian Correa, orcid.org/0000-0002-8608-6858","not-for-profit use only","Correa & Boisjoly fish collection v.2025-11-27","Fish Database Correa-Boisjoly","Occurrence"
"Correa, Cristian, and Maryse Boisjoly (2025) Chilean fish collection and empirical database (Version 2025-11-27) [Unpublished dataset].","","Correa.Boisjoly.collection.001217","Jaramillo River","Río Jaramillo",-47.699606,-73.049292,2007,2007-03-17,"Oncorhynchus mykiss",1,"Electric fishing","Cristian Correa","CC BY-NC 4.0","Cristian Correa, orcid.org/0000-0002-8608-6858","not-for-profit use only","Correa & Boisjoly fish collection v.2025-11-27","Fish Database Correa-Boisjoly","Occurrence"
"Correa, Cristian, and Maryse Boisjoly (2025) Chilean fish collection and empirical database (Version 2025-11-27) [Unpublished dataset].","","Correa.Boisjoly.collection.001218","Jaramillo River","Río Jaramillo",-47.699606,-73.049292,2007,2007-03-17,"Oncorhynchus tshawytscha",7,"Electric fishing","Cristian Correa","CC BY-NC 4.0","Cristian Correa, orcid.org/0000-0002-8608-6858","not-for-profit use only","Correa & Boisjoly fish collection v.2025-11-27","Fish Database Correa-Boisjoly","Occurrence"
"Correa, Cristian, and Maryse Boisjoly (2025) Chilean fish collection and empirical database (Version 2025-11-27) [Unpublished dataset].","","Correa.Boisjoly.collection.001197","Jaramillo River","Río Jaramillo",-47.699606,-73.049292,2007,2007-03-17,"Salmo trutta",20,"Electric fishing","Cristian Correa","CC BY-NC 4.0","Cristian Correa, orcid.org/0000-0002-8608-6858","not-for-profit use only","Correa & Boisjoly fish collection v.2025-11-27","Fish Database Correa-Boisjoly","Occurrence"
"Correa, Cristian, and Maryse Boisjoly (2025) Chilean fish collection and empirical database (Version 2025-11-27) [Unpublished dataset].","","Correa.Boisjoly.collection.001225","Jaramillo River","Río Jaramillo",-47.699606,-73.049292,2007,2007-03-29,"Oncorhynchus tshawytscha",8,"Fly fishing","Cristian Correa","CC BY-NC 4.0","Cristian Correa, orcid.org/0000-0002-8608-6858","not-for-profit use only","Correa & Boisjoly fish collection v.2025-11-27","Fish Database Correa-Boisjoly","Occurrence"
"Correa, Cristian, and Maryse Boisjoly (2025) Chilean fish collection and empirical database (Version 2025-11-27) [Unpublished dataset].","","Correa.Boisjoly.collection.001235","Jaramillo River","Río Jaramillo",-47.699606,-73.049292,2007,2007-03-29,"Salmo trutta",1,"Fly fishing","Cristian Correa","CC BY-NC 4.0","Cristian Correa, orcid.org/0000-0002-8608-6858","not-for-profit use only","Correa & Boisjoly fish collection v.2025-11-27","Fish Database Correa-Boisjoly","Occurrence"
"Correa, Cristian, and Maryse Boisjoly (2025) Chilean fish collection and empirical database (Version 2025-11-27) [Unpublished dataset].","","Correa.Boisjoly.collection.004690","Jaramillo River","Río Jaramillo",-47.699606,-73.049292,2014,2014-04-09,"Oncorhynchus mykiss",1,"Hook","Cristian Correa, Maryse Boisjoly","CC BY-NC 4.0","Cristian Correa, orcid.org/0000-0002-8608-6858","not-for-profit use only","Correa & Boisjoly fish collection v.2025-11-27","Fish Database Correa-Boisjoly","Occurrence"
"Correa, Cristian, and Maryse Boisjoly (2025) Chilean fish collection and empirical database (Version 2025-11-27) [Unpublished dataset].","","Correa.Boisjoly.collection.004683","Jaramillo River","Río Jaramillo",-47.699606,-73.049292,2014,2014-04-09,"Oncorhynchus tshawytscha",7,"Hook","Cristian Correa, Maryse Boisjoly","CC BY-NC 4.0","Cristian Correa, orcid.org/0000-0002-8608-6858","not-for-profit use only","Correa & Boisjoly fish collection v.2025-11-27","Fish Database Correa-Boisjoly","Occurrence"
"Correa, Cristian, and Maryse Boisjoly (2025) Chilean fish collection and empirical database (Version 2025-11-27) [Unpublished dataset].","","Correa.Boisjoly.collection.004678","Jaramillo River","Río Jaramillo",-47.69917902,-73.04933304,2014,2014-04-09,"Oncorhynchus tshawytscha",7,"Gill Net Salmonera","Cristian Correa, Maryse Boisjoly","CC BY-NC 4.0","Cristian Correa, orcid.org/0000-0002-8608-6858","not-for-profit use only","Correa & Boisjoly fish collection v.2025-11-27","Fish Database Correa-Boisjoly","Occurrence"
"Narum Shawn R., Gallardo Pablo, Correa Cristian, Matala Amanda, Hasselman Daniel, Sutherland Ben J. G., and Bernatchez Louis. 2017. Genomic patterns of diversity and divergence of two introduced salmonid species in Patagonia, South America. Evolutionary Applications 10(4): 402–416. doi: 10.1111/eva.12464.","(Narum et al. 2017) | (Correa and Moran 2017) | (Correa and Gross 2008)","Correa.Boisjoly.collection.004345","Jaramillo (Baker)","Río Jaramillo",-47.699167,-73.049333,2004,2004-03-16,"Oncorhynchus tshawytscha",15,"Angling","Cristian Correa","CC BY-NC 4.0","Cristian Correa, orcid.org/0000-0002-8608-6858","not-for-profit use only","Correa & Boisjoly fish collection v.2025-11-27","Fish Database Correa-Boisjoly","Occurrence"
"Correa, C., and Moran, P. 2017. Polyphyletic ancestry of expanding Patagonian Chinook salmon populations. Scientific Reports 7(1). doi: 10.1038/s41598-017-14465-y.","(Correa and Moran 2017) | (Correa and Gross 2008) | (Alò et al. 2019) | (Narum et al. 2017)","Correa.Boisjoly.collection.004302","Jaramillo (Baker)","Río Jaramillo",-47.699167,-73.049333,2004,2004-03-24,"Oncorhynchus tshawytscha",78,"Gillnet","Cristian Correa","CC BY-NC 4.0","Cristian Correa, orcid.org/0000-0002-8608-6858","not-for-profit use only","Correa & Boisjoly fish collection v.2025-11-27","Fish Database Correa-Boisjoly","Occurrence"
"Correa, Cristian, and Maryse Boisjoly (2025) Chilean fish collection and empirical database (Version 2025-11-27) [Unpublished dataset].","","Correa.Boisjoly.collection.004693","Jaramillo River","Río Jaramillo",-47.697824,-73.07629603,2014,2014-04-10,"Oncorhynchus tshawytscha",1,"Gill Net Salmonera","Cristian Correa, Maryse Boisjoly","CC BY-NC 4.0","Cristian Correa, orcid.org/0000-0002-8608-6858","not-for-profit use only","Correa & Boisjoly fish collection v.2025-11-27","Fish Database Correa-Boisjoly","Occurrence"
"Correa, Cristian, and Maryse Boisjoly (2025) Chilean fish collection and empirical database (Version 2025-11-27) [Unpublished dataset].","","Correa.Boisjoly.collection.004694","Jaramillo River","Río Jaramillo",-47.697824,-73.07629603,2014,2014-04-10,"Salmo trutta",2,"Gill Net Salmonera","Cristian Correa, Maryse Boisjoly","CC BY-NC 4.0","Cristian Correa, orcid.org/0000-0002-8608-6858","not-for-profit use only","Correa & Boisjoly fish collection v.2025-11-27","Fish Database Correa-Boisjoly","Occurrence"
"Correa, Cristian, and Maryse Boisjoly (2025) Chilean fish collection and empirical database (Version 2025-11-27) [Unpublished dataset].","","Correa.Boisjoly.collection.008704","Río Los Patos","Río Los Patos",-41.86186398,-73.52425704,2017,2017-02-11,"Eleginops maclovinus",100,"Dip net","Cristian Correa, Camila Sola, Consuelo Guevara, Maryse Boisjoly","CC BY-NC 4.0","Cristian Correa, orcid.org/0000-0002-8608-6858","not-for-profit use only","Correa & Boisjoly fish collection v.2025-11-27","Fish Database Correa-Boisjoly","Occurrence"
"Correa, Cristian, and Maryse Boisjoly (2025) Chilean fish collection and empirical database (Version 2025-11-27) [Unpublished dataset].","","Correa.Boisjoly.collection.008703","Río Los Patos","Río Los Patos",-41.86186398,-73.52425704,2017,2017-02-11,"Galaxias maculatus",1,"Dip net","Cristian Correa, Camila Sola, Consuelo Guevara, Maryse Boisjoly","CC BY-NC 4.0","Cristian Correa, orcid.org/0000-0002-8608-6858","not-for-profit use only","Correa & Boisjoly fish collection v.2025-11-27","Fish Database Correa-Boisjoly","Occurrence"
"Correa, Cristian, and Maryse Boisjoly (2025) Chilean fish collection and empirical database (Version 2025-11-27) [Unpublished dataset].","","Correa.Boisjoly.collection.006395","Río Los Patos","Río Los Patos",-41.861861,-73.52425,2017,2017-02-11,"Aplochiton zebra",64,"Dip net","Cristian Correa, Camila Sola, Consuelo Guevara, Maryse Boisjoly","CC BY-NC 4.0","Cristian Correa, orcid.org/0000-0002-8608-6858","not-for-profit use only","Correa & Boisjoly fish collection v.2025-11-27","Fish Database Correa-Boisjoly","Occurrence"
"Correa, Cristian, and Maryse Boisjoly (2025) Chilean fish collection and empirical database (Version 2025-11-27) [Unpublished dataset].","","Correa.Boisjoly.collection.006402","Río Los Patos","Río Los Patos",-41.861861,-73.52425,2017,2017-02-11,"Brachygalaxias bulloki",8,"Dip net","Cristian Correa, Camila Sola, Consuelo Guevara, Maryse Boisjoly","CC BY-NC 4.0","Cristian Correa, orcid.org/0000-0002-8608-6858","not-for-profit use only","Correa & Boisjoly fish collection v.2025-11-27","Fish Database Correa-Boisjoly","Occurrence"
"Correa, Cristian, and Maryse Boisjoly (2025) Chilean fish collection and empirical database (Version 2025-11-27) [Unpublished dataset].","","Correa.Boisjoly.collection.006427","Río Los Patos","Río Los Patos",-41.861861,-73.52425,2017,2017-02-11,"Galaxias maculatus",22,"Dip net","Cristian Correa, Camila Sola, Consuelo Guevara, Maryse Boisjoly","CC BY-NC 4.0","Cristian Correa, orcid.org/0000-0002-8608-6858","not-for-profit use only","Correa & Boisjoly fish collection v.2025-11-27","Fish Database Correa-Boisjoly","Occurrence"
"Correa, Cristian, and Maryse Boisjoly (2025) Chilean fish collection and empirical database (Version 2025-11-27) [Unpublished dataset].","","Correa.Boisjoly.collection.008706","Río Los Patos","Río Los Patos",-41.86115102,-73.52625503,2017,2017-02-11,"Aplochiton zebra",20,"","Cristian Correa, Camila Sola, Consuelo Guevara, Maryse Boisjoly","CC BY-NC 4.0","Cristian Correa, orcid.org/0000-0002-8608-6858","not-for-profit use only","Correa & Boisjoly fish collection v.2025-11-27","Fish Database Correa-Boisjoly","Occurrence"
"Correa, Cristian, and Maryse Boisjoly (2025) Chilean fish collection and empirical database (Version 2025-11-27) [Unpublished dataset].","","Correa.Boisjoly.collection.008407","Rio Manihuales","Río Manihuales",-45.21675,-72.207222,2018,2018-01-24,"Oncorhynchus tshawytscha",3,"Rod","Nico Muñoz","CC BY-NC 4.0","Cristian Correa, orcid.org/0000-0002-8608-6858","not-for-profit use only","Correa & Boisjoly fish collection v.2025-11-27","Fish Database Correa-Boisjoly","Occurrence"
"Correa, Cristian, and Maryse Boisjoly (2025) Chilean fish collection and empirical database (Version 2025-11-27) [Unpublished dataset].","","Correa.Boisjoly.collection.003021","Maqui River","Río Maqui",-46.82154,-72.66475,2009,2009-04-08,"Salmo trutta",3,"Bottom gillnet L","Cristian Correa","CC BY-NC 4.0","Cristian Correa, orcid.org/0000-0002-8608-6858","not-for-profit use only","Correa & Boisjoly fish collection v.2025-11-27","Fish Database Correa-Boisjoly","Occurrence"
"Correa, Cristian, and Maryse Boisjoly (2025) Chilean fish collection and empirical database (Version 2025-11-27) [Unpublished dataset].","","Correa.Boisjoly.collection.005416","Río Marazzi (Pingüino)","Río Marazzi",-53.48407,-69.26484,2015,2015-02-16,"Salmo trutta",39,"Electric fishing","Cristian Correa, Maryse Boisjoly, Jonathan Poblete","CC BY-NC 4.0","Cristian Correa, orcid.org/0000-0002-8608-6858","not-for-profit use only","Correa & Boisjoly fish collection v.2025-11-27","Fish Database Correa-Boisjoly","Occurrence"
"Correa, Cristian, and Maryse Boisjoly (2025) Chilean fish collection and empirical database (Version 2025-11-27) [Unpublished dataset].","","Correa.Boisjoly.collection.006208","Río Marazzi (Pingüino)","Río Marazzi",-53.47042596,-69.30268896,2015,2015-02-17,"Salmo trutta",1,"Gill Net Aplochitonera 3mX10m","Cristian Correa, Maryse Boisjoly, Jonathan Poblete","CC BY-NC 4.0","Cristian Correa, orcid.org/0000-0002-8608-6858","not-for-profit use only","Correa & Boisjoly fish collection v.2025-11-27","Fish Database Correa-Boisjoly","Occurrence"
"Correa, Cristian, and Maryse Boisjoly (2025) Chilean fish collection and empirical database (Version 2025-11-27) [Unpublished dataset].","","Correa.Boisjoly.collection.006209","Río Marazzi (Pingüino)","Río Marazzi",-53.47009202,-69.301316,2015,2015-02-17,"Salmo trutta",1,"Mist Net","Cristian Correa, Maryse Boisjoly, Jonathan Poblete","CC BY-NC 4.0","Cristian Correa, orcid.org/0000-0002-8608-6858","not-for-profit use only","Correa & Boisjoly fish collection v.2025-11-27","Fish Database Correa-Boisjoly","Occurrence"
"Correa, Cristian, and Maryse Boisjoly (2025) Chilean fish collection and empirical database (Version 2025-11-27) [Unpublished dataset].","","Correa.Boisjoly.collection.006212","Río Marazzi (Pingüino)","Río Marazzi",-53.46436,-69.3087,2015,2015-02-17,"Galaxias maculatus",32,"Electric fishing","Cristian Correa, Maryse Boisjoly, Jonathan Poblete","CC BY-NC 4.0","Cristian Correa, orcid.org/0000-0002-8608-6858","not-for-profit use only","Correa & Boisjoly fish collection v.2025-11-27","Fish Database Correa-Boisjoly","Occurrence"
"Correa, Cristian, and Maryse Boisjoly (2025) Chilean fish collection and empirical database (Version 2025-11-27) [Unpublished dataset].","","Correa.Boisjoly.collection.005418","Río Marazzi (Pingüino)","Río Marazzi",-53.46436,-69.3087,2015,2015-02-17,"Geotria macrostoma",1,"Electric fishing","Cristian Correa, Maryse Boisjoly, Jonathan Poblete","CC BY-NC 4.0","Cristian Correa, orcid.org/0000-0002-8608-6858","not-for-profit use only","Correa & Boisjoly fish collection v.2025-11-27","Fish Database Correa-Boisjoly","Occurrence"
"Correa, Cristian, and Maryse Boisjoly (2025) Chilean fish collection and empirical database (Version 2025-11-27) [Unpublished dataset].","","Correa.Boisjoly.collection.005417","Río Marazzi (Pingüino)","Río Marazzi",-53.45418,-69.31177,2015,2015-02-17,"Galaxias maculatus",73,"Electric fishing","Cristian Correa, Maryse Boisjoly, Jonathan Poblete","CC BY-NC 4.0","Cristian Correa, orcid.org/0000-0002-8608-6858","not-for-profit use only","Correa & Boisjoly fish collection v.2025-11-27","Fish Database Correa-Boisjoly","Occurrence"
"Correa, Cristian, and Maryse Boisjoly (2025) Chilean fish collection and empirical database (Version 2025-11-27) [Unpublished dataset].","","Correa.Boisjoly.collection.006210","Río Marazzi (Pingüino)","Río Marazzi",-53.45418,-69.31177,2015,2015-02-17,"Salmo trutta",1,"Electric fishing","Cristian Correa, Maryse Boisjoly, Jonathan Poblete","CC BY-NC 4.0","Cristian Correa, orcid.org/0000-0002-8608-6858","not-for-profit use only","Correa & Boisjoly fish collection v.2025-11-27","Fish Database Correa-Boisjoly","Occurrence"
"Correa, Cristian, and Maryse Boisjoly (2025) Chilean fish collection and empirical database (Version 2025-11-27) [Unpublished dataset].","","Correa.Boisjoly.collection.006204","Río Mayer","Río Mayer",-53.68736898,-69.924035,2015,2015-02-15,"Oncorhynchus mykiss",5,"Casting Net","Cristian Correa, Maryse Boisjoly","CC BY-NC 4.0","Cristian Correa, orcid.org/0000-0002-8608-6858","not-for-profit use only","Correa & Boisjoly fish collection v.2025-11-27","Fish Database Correa-Boisjoly","Occurrence"
"Correa, Cristian, and Maryse Boisjoly (2025) Chilean fish collection and empirical database (Version 2025-11-27) [Unpublished dataset].","","Correa.Boisjoly.collection.006550","Río Negro (Chepu)","Río Negro, Chepu",-42.05422699,-73.92578901,2017,2017-02-15,"Brachygalaxias bulloki",1,"Fyke net","Cristian Correa, Camila Sola, Consuelo Guevara, Maryse Boisjoly","CC BY-NC 4.0","Cristian Correa, orcid.org/0000-0002-8608-6858","not-for-profit use only","Correa & Boisjoly fish collection v.2025-11-27","Fish Database Correa-Boisjoly","Occurrence"
"Correa, Cristian, and Maryse Boisjoly (2025) Chilean fish collection and empirical database (Version 2025-11-27) [Unpublished dataset].","","Correa.Boisjoly.collection.006551","Río Negro (Chepu)","Río Negro, Chepu",-42.05422699,-73.92578901,2017,2017-02-15,"Galaxias maculatus",20,"Fyke net","Cristian Correa, Camila Sola, Consuelo Guevara, Maryse Boisjoly","CC BY-NC 4.0","Cristian Correa, orcid.org/0000-0002-8608-6858","not-for-profit use only","Correa & Boisjoly fish collection v.2025-11-27","Fish Database Correa-Boisjoly","Occurrence"
"Correa, Cristian, and Maryse Boisjoly (2025) Chilean fish collection and empirical database (Version 2025-11-27) [Unpublished dataset].","","Correa.Boisjoly.collection.006549","Río Negro (Chepu)","Río Negro, Chepu",-42.04928904,-73.91704299,2017,2017-02-15,"Cheirodon",20,"Minnow Trap","Cristian Correa, Camila Sola, Consuelo Guevara, Maryse Boisjoly","CC BY-NC 4.0","Cristian Correa, orcid.org/0000-0002-8608-6858","not-for-profit use only","Correa & Boisjoly fish collection v.2025-11-27","Fish Database Correa-Boisjoly","Occurrence"
"Correa, Cristian, and Maryse Boisjoly (2025) Chilean fish collection and empirical database (Version 2025-11-27) [Unpublished dataset].","","Correa.Boisjoly.collection.009402","Rio Nodales","Río Nodales",-53.86857,-71.183041,2020,2020-03-04,"Oncorhynchus kisutch",55,"Electric fishing, Casting Net","Cristian Correa, Benjamin Caceres","CC BY-NC 4.0","Cristian Correa, orcid.org/0000-0002-8608-6858","not-for-profit use only","Correa & Boisjoly fish collection v.2025-11-27","Fish Database Correa-Boisjoly","Occurrence"
"Correa, Cristian, and Maryse Boisjoly (2025) Chilean fish collection and empirical database (Version 2025-11-27) [Unpublished dataset].","","Correa.Boisjoly.collection.007188","Valle Exploradores","Río Norte, Exploradores",-46.595225,-72.890685,2019,2019-01-19,"Salmo trutta",50,"Electric fishing","Cristian Correa","CC BY-NC 4.0","Cristian Correa, orcid.org/0000-0002-8608-6858","not-for-profit use only","Correa & Boisjoly fish collection v.2025-11-27","Fish Database Correa-Boisjoly","Occurrence"
"Correa, Cristian, and Maryse Boisjoly (2025) Chilean fish collection and empirical database (Version 2025-11-27) [Unpublished dataset].","","Correa.Boisjoly.collection.007190","Valle Exploradores","Río Oscuro",-46.360878,-73.277997,2019,2019-01-17,"Oncorhynchus tshawytscha",4,"Angling","Cristian Correa, Julien Cucherousset, Simon Blanchet, Didier Galop, Jaime Schienfeldt","CC BY-NC 4.0","Cristian Correa, orcid.org/0000-0002-8608-6858","not-for-profit use only","Correa & Boisjoly fish collection v.2025-11-27","Fish Database Correa-Boisjoly","Occurrence"
"Correa, Cristian, and Maryse Boisjoly (2025) Chilean fish collection and empirical database (Version 2025-11-27) [Unpublished dataset].","","Correa.Boisjoly.collection.007189","Valle Exploradores","Río Oscuro",-46.360878,-73.277997,2019,2019-01-17,"Salmo trutta",60,"Angling","Cristian Correa, Julien Cucherousset, Simon Blanchet, Didier Galop, Jaime Schienfeldt","CC BY-NC 4.0","Cristian Correa, orcid.org/0000-0002-8608-6858","not-for-profit use only","Correa & Boisjoly fish collection v.2025-11-27","Fish Database Correa-Boisjoly","Occurrence"
"Correa, Cristian, and Maryse Boisjoly (2025) Chilean fish collection and empirical database (Version 2025-11-27) [Unpublished dataset].","","Correa.Boisjoly.collection.011992","Valle Exploradores","Río Oscuro",-46.3605939999999,-73.27795,2023,2023-01-09,"Salmo trutta",5,"Angling","Cristian Correa, Julien Cucherousset, Simon Blanchet","CC BY-NC 4.0","Cristian Correa, orcid.org/0000-0002-8608-6858","not-for-profit use only","Correa & Boisjoly fish collection v.2025-11-27","Fish Database Correa-Boisjoly","Occurrence"
"Correa, Cristian, and Maryse Boisjoly (2025) Chilean fish collection and empirical database (Version 2025-11-27) [Unpublished dataset].","","Correa.Boisjoly.collection.007085","Valle Exploradores","Río Oscuro",-46.355767,-73.295443,2019,2019-01-15,"Oncorhynchus tshawytscha",12,"Casting Net","Cristian Correa, Julien Cucherousset, Simon Blanchet","CC BY-NC 4.0","Cristian Correa, orcid.org/0000-0002-8608-6858","not-for-profit use only","Correa & Boisjoly fish collection v.2025-11-27","Fish Database Correa-Boisjoly","Occurrence"
"Correa, Cristian, and Maryse Boisjoly (2025) Chilean fish collection and empirical database (Version 2025-11-27) [Unpublished dataset].","","Correa.Boisjoly.collection.007987","Valle Exploradores","Río Oscuro",-46.355767,-73.295443,2019,2019-01-15,"Salmo trutta",2,"Casting Net","Cristian Correa, Julien Cucherousset, Simon Blanchet","CC BY-NC 4.0","Cristian Correa, orcid.org/0000-0002-8608-6858","not-for-profit use only","Correa & Boisjoly fish collection v.2025-11-27","Fish Database Correa-Boisjoly","Occurrence"
"Correa, Cristian, and Maryse Boisjoly (2025) Chilean fish collection and empirical database (Version 2025-11-27) [Unpublished dataset].","","Correa.Boisjoly.collection.011980","Valle Exploradores","Río Oscuro",-46.3551539999999,-73.294573,2023,2023-01-09,"Salmo trutta",11,"Angling","Cristian Correa, Simon Blanchet, Julien Cucherousset","CC BY-NC 4.0","Cristian Correa, orcid.org/0000-0002-8608-6858","not-for-profit use only","Correa & Boisjoly fish collection v.2025-11-27","Fish Database Correa-Boisjoly","Occurrence"
"Correa, Cristian, and Maryse Boisjoly (2025) Chilean fish collection and empirical database (Version 2025-11-27) [Unpublished dataset].","","Correa.Boisjoly.collection.011991","Valle Exploradores","Río Oscuro",-46.3546899999999,-73.292792,2023,2023-01-09,"Salmo trutta",1,"Angling","Cristian Correa, Julien Cucherousset, Simon Blanchet","CC BY-NC 4.0","Cristian Correa, orcid.org/0000-0002-8608-6858","not-for-profit use only","Correa & Boisjoly fish collection v.2025-11-27","Fish Database Correa-Boisjoly","Occurrence"
"Correa, Cristian, and Maryse Boisjoly (2025) Chilean fish collection and empirical database (Version 2025-11-27) [Unpublished dataset].","","Correa.Boisjoly.collection.012020","Valle Exploradores","Río Oscuro",-46.352131,-73.319928,2023,2023-01-09,"Oncorhynchus tshawytscha",1,"Angling","Cristian Correa, Simon Blanchet, Julien Cucherousset","CC BY-NC 4.0","Cristian Correa, orcid.org/0000-0002-8608-6858","not-for-profit use only","Correa & Boisjoly fish collection v.2025-11-27","Fish Database Correa-Boisjoly","Occurrence"
"Correa, Cristian, and Maryse Boisjoly (2025) Chilean fish collection and empirical database (Version 2025-11-27) [Unpublished dataset].","","Correa.Boisjoly.collection.007180","Valle Exploradores","Río Oscuro",-46.352003,-73.320371,2019,2019-01-12,"Oncorhynchus tshawytscha",4,"Angling","Jaime Schienfeldt","CC BY-NC 4.0","Cristian Correa, orcid.org/0000-0002-8608-6858","not-for-profit use only","Correa & Boisjoly fish collection v.2025-11-27","Fish Database Correa-Boisjoly","Occurrence"
"Correa, Cristian, and Maryse Boisjoly (2025) Chilean fish collection and empirical database (Version 2025-11-27) [Unpublished dataset].","","Correa.Boisjoly.collection.011975","Palena","Río Palena",-44.014403,-72.575678,2023,2023-02-01,"Aplochiton taeniatus",1,"Spinning","Cristian Correa, Gael Correa Boisjoly","CC BY-NC 4.0","Cristian Correa, orcid.org/0000-0002-8608-6858","not-for-profit use only","Correa & Boisjoly fish collection v.2025-11-27","Fish Database Correa-Boisjoly","Occurrence"
"Correa, Cristian, and Maryse Boisjoly (2025) Chilean fish collection and empirical database (Version 2025-11-27) [Unpublished dataset].","","Correa.Boisjoly.collection.012244","Palena","Río Palena",-44.014403,-72.575678,2023,2023-02-01,"Oncorhynchus mykiss",5,"Casting Net","Cristian Correa","CC BY-NC 4.0","Cristian Correa, orcid.org/0000-0002-8608-6858","not-for-profit use only","Correa & Boisjoly fish collection v.2025-11-27","Fish Database Correa-Boisjoly","Occurrence"
"Correa, Cristian, and Maryse Boisjoly (2025) Chilean fish collection and empirical database (Version 2025-11-27) [Unpublished dataset].","","Correa.Boisjoly.collection.011976","Palena","Río Palena",-44.014403,-72.575678,2023,2023-02-01,"Oncorhynchus tshawytscha",4,"Spinning, Casting Net","Cristian Correa, Gael Correa Boisjoly, Cristian Correa","CC BY-NC 4.0","Cristian Correa, orcid.org/0000-0002-8608-6858","not-for-profit use only","Correa & Boisjoly fish collection v.2025-11-27","Fish Database Correa-Boisjoly","Occurrence"
"Correa, Cristian, and Maryse Boisjoly (2025) Chilean fish collection and empirical database (Version 2025-11-27) [Unpublished dataset].","","Correa.Boisjoly.collection.012243","Palena","Río Palena",-44.014403,-72.575678,2023,2023-02-01,"Salmo trutta",3,"Spinning","Cristian Correa, Gael Correa Boisjoly","CC BY-NC 4.0","Cristian Correa, orcid.org/0000-0002-8608-6858","not-for-profit use only","Correa & Boisjoly fish collection v.2025-11-27","Fish Database Correa-Boisjoly","Occurrence"
"Correa, C., and Gross, M.R. 2008. Chinook salmon invade southern South America. Biological Invasions 10: 615–639. doi: 10.1007/s10530-007-9157-2.","(Correa and Gross 2008)","Correa.Boisjoly.collection.004233","Pico (Palena)","Río Pico",-44.201712,-71.832959,2004,2004-04-03,"Oncorhynchus tshawytscha",1,"","Cristian Correa","CC BY-NC 4.0","Cristian Correa, orcid.org/0000-0002-8608-6858","not-for-profit use only","Correa & Boisjoly fish collection v.2025-11-27","Fish Database Correa-Boisjoly","Occurrence"
"Correa, Cristian, and Maryse Boisjoly (2025) Chilean fish collection and empirical database (Version 2025-11-27) [Unpublished dataset].","","Correa.Boisjoly.collection.004488","Pico (Palena)","Río Pico",-44.20171198,-71.83295896,2014,2014-03-04,"Oncorhynchus mykiss",5,"Multiple","Cristian Correa, Maryse Boisjoly","CC BY-NC 4.0","Cristian Correa, orcid.org/0000-0002-8608-6858","not-for-profit use only","Correa & Boisjoly fish collection v.2025-11-27","Fish Database Correa-Boisjoly","Occurrence"
"Correa, Cristian, and Maryse Boisjoly (2025) Chilean fish collection and empirical database (Version 2025-11-27) [Unpublished dataset].","","Correa.Boisjoly.collection.004489","Pico (Palena)","Río Pico",-44.20171198,-71.83295896,2014,2014-03-04,"Oncorhynchus tshawytscha",8,"Multiple","Cristian Correa, Maryse Boisjoly","CC BY-NC 4.0","Cristian Correa, orcid.org/0000-0002-8608-6858","not-for-profit use only","Correa & Boisjoly fish collection v.2025-11-27","Fish Database Correa-Boisjoly","Occurrence"
"Correa, Cristian, and Maryse Boisjoly (2025) Chilean fish collection and empirical database (Version 2025-11-27) [Unpublished dataset].","","Correa.Boisjoly.collection.012248","Quitralco","Río Pistelli",-45.6935,-73.1974,2023,2023-01-28,"Salmo trutta",1,"Angling","Cristian Correa, Brian Reid","CC BY-NC 4.0","Cristian Correa, orcid.org/0000-0002-8608-6858","not-for-profit use only","Correa & Boisjoly fish collection v.2025-11-27","Fish Database Correa-Boisjoly","Occurrence"
"Correa, Cristian, and Maryse Boisjoly (2025) Chilean fish collection and empirical database (Version 2025-11-27) [Unpublished dataset].","","Correa.Boisjoly.collection.005907","Río Prat","Río Prat",-51.564765,-72.73449,2015,2015-04-14,"Oncorhynchus kisutch",8,"Casting Net","Cristian Correa, Maryse Boisjoly","CC BY-NC 4.0","Cristian Correa, orcid.org/0000-0002-8608-6858","not-for-profit use only","Correa & Boisjoly fish collection v.2025-11-27","Fish Database Correa-Boisjoly","Occurrence"
"Correa, Cristian, and Maryse Boisjoly (2025) Chilean fish collection and empirical database (Version 2025-11-27) [Unpublished dataset].","","Correa.Boisjoly.collection.005899","Río Prat","Río Prat",-51.564765,-72.73449,2015,2015-04-14,"Oncorhynchus tshawytscha",8,"Casting Net","Cristian Correa, Maryse Boisjoly","CC BY-NC 4.0","Cristian Correa, orcid.org/0000-0002-8608-6858","not-for-profit use only","Correa & Boisjoly fish collection v.2025-11-27","Fish Database Correa-Boisjoly","Occurrence"
"Correa, Cristian, and Maryse Boisjoly (2025) Chilean fish collection and empirical database (Version 2025-11-27) [Unpublished dataset].","","Correa.Boisjoly.collection.005915","Río Prat","Río Prat",-51.564765,-72.73449,2015,2015-04-14,"Salmo trutta",1,"Casting Net","Cristian Correa, Maryse Boisjoly","CC BY-NC 4.0","Cristian Correa, orcid.org/0000-0002-8608-6858","not-for-profit use only","Correa & Boisjoly fish collection v.2025-11-27","Fish Database Correa-Boisjoly","Occurrence"
"Correa, Cristian, and Maryse Boisjoly (2025) Chilean fish collection and empirical database (Version 2025-11-27) [Unpublished dataset].","","Correa.Boisjoly.collection.005877","Río Prat","Río Prat",-51.558266,-72.734854,2015,2015-04-13,"Oncorhynchus kisutch",14,"Electric fishing","Cristian Correa, Maryse Boisjoly, Jonathan Poblete","CC BY-NC 4.0","Cristian Correa, orcid.org/0000-0002-8608-6858","not-for-profit use only","Correa & Boisjoly fish collection v.2025-11-27","Fish Database Correa-Boisjoly","Occurrence"
"Correa, Cristian, and Maryse Boisjoly (2025) Chilean fish collection and empirical database (Version 2025-11-27) [Unpublished dataset].","","Correa.Boisjoly.collection.005876","Río Prat","Río Prat",-51.558266,-72.734854,2015,2015-04-13,"Oncorhynchus tshawytscha",17,"Electric fishing","Cristian Correa, Maryse Boisjoly, Jonathan Poblete","CC BY-NC 4.0","Cristian Correa, orcid.org/0000-0002-8608-6858","not-for-profit use only","Correa & Boisjoly fish collection v.2025-11-27","Fish Database Correa-Boisjoly","Occurrence"
"Correa, Cristian, and Maryse Boisjoly (2025) Chilean fish collection and empirical database (Version 2025-11-27) [Unpublished dataset].","","Correa.Boisjoly.collection.005878","Río Prat","Río Prat",-51.558266,-72.734854,2015,2015-04-13,"Salmo trutta",17,"Electric fishing","Cristian Correa, Maryse Boisjoly, Jonathan Poblete","CC BY-NC 4.0","Cristian Correa, orcid.org/0000-0002-8608-6858","not-for-profit use only","Correa & Boisjoly fish collection v.2025-11-27","Fish Database Correa-Boisjoly","Occurrence"
"Correa, Cristian, and Maryse Boisjoly (2025) Chilean fish collection and empirical database (Version 2025-11-27) [Unpublished dataset].","","Correa.Boisjoly.collection.005875","Río Prat","Río Prat",-51.55826599,-72.73485401,2015,2015-04-13,"Oncorhynchus kisutch",1,"Fishing line","Jonathan Poblete","CC BY-NC 4.0","Cristian Correa, orcid.org/0000-0002-8608-6858","not-for-profit use only","Correa & Boisjoly fish collection v.2025-11-27","Fish Database Correa-Boisjoly","Occurrence"
"Correa, Cristian, and Maryse Boisjoly (2025) Chilean fish collection and empirical database (Version 2025-11-27) [Unpublished dataset].","","Correa.Boisjoly.collection.005871","Río Prat","Río Prat",-51.55826599,-72.73485401,2015,2015-04-13,"Oncorhynchus tshawytscha",4,"Fishing line","Jonathan Poblete","CC BY-NC 4.0","Cristian Correa, orcid.org/0000-0002-8608-6858","not-for-profit use only","Correa & Boisjoly fish collection v.2025-11-27","Fish Database Correa-Boisjoly","Occurrence"
"Correa, Cristian, and Maryse Boisjoly (2025) Chilean fish collection and empirical database (Version 2025-11-27) [Unpublished dataset].","","Correa.Boisjoly.collection.005870","Río Prat","Río Prat",-51.55743803,-72.73782397,2015,2015-04-13,"Galaxias maculatus",31,"Electric fishing","Maryse Boisjoly","CC BY-NC 4.0","Cristian Correa, orcid.org/0000-0002-8608-6858","not-for-profit use only","Correa & Boisjoly fish collection v.2025-11-27","Fish Database Correa-Boisjoly","Occurrence"
"Correa, Cristian, and Maryse Boisjoly (2025) Chilean fish collection and empirical database (Version 2025-11-27) [Unpublished dataset].","","Correa.Boisjoly.collection.005884","Río Prat","Río Prat",-51.557438,-72.737824,2015,2015-04-14,"Oncorhynchus kisutch",13,"Electric fishing","Jonathan Poblete","CC BY-NC 4.0","Cristian Correa, orcid.org/0000-0002-8608-6858","not-for-profit use only","Correa & Boisjoly fish collection v.2025-11-27","Fish Database Correa-Boisjoly","Occurrence"
"Correa, Cristian, and Maryse Boisjoly (2025) Chilean fish collection and empirical database (Version 2025-11-27) [Unpublished dataset].","","Correa.Boisjoly.collection.005882","Río Prat","Río Prat",-51.557438,-72.737824,2015,2015-04-14,"Oncorhynchus tshawytscha",3,"Electric fishing, Casting Net","Jonathan Poblete","CC BY-NC 4.0","Cristian Correa, orcid.org/0000-0002-8608-6858","not-for-profit use only","Correa & Boisjoly fish collection v.2025-11-27","Fish Database Correa-Boisjoly","Occurrence"
"Correa, Cristian, and Maryse Boisjoly (2025) Chilean fish collection and empirical database (Version 2025-11-27) [Unpublished dataset].","","Correa.Boisjoly.collection.005898","Río Prat","Río Prat",-51.557438,-72.737824,2015,2015-04-14,"Salmo trutta",1,"Electric fishing","Jonathan Poblete","CC BY-NC 4.0","Cristian Correa, orcid.org/0000-0002-8608-6858","not-for-profit use only","Correa & Boisjoly fish collection v.2025-11-27","Fish Database Correa-Boisjoly","Occurrence"
"Correa, Cristian, and Maryse Boisjoly (2025) Chilean fish collection and empirical database (Version 2025-11-27) [Unpublished dataset].","","Correa.Boisjoly.collection.004649","Lago Presidente Ríos","Río Presidente Río",-46.35258101,-74.09578297,2014,2014-03-30,"Galaxias maculatus",25,"Seine net","Cristian Correa, Maryse Boisjoly","CC BY-NC 4.0","Cristian Correa, orcid.org/0000-0002-8608-6858","not-for-profit use only","Correa & Boisjoly fish collection v.2025-11-27","Fish Database Correa-Boisjoly","Occurrence"
"Correa, Cristian, and Maryse Boisjoly (2025) Chilean fish collection and empirical database (Version 2025-11-27) [Unpublished dataset].","","Correa.Boisjoly.collection.004592","Lago Presidente Ríos","Río Presidente Río",-46.34229801,-74.07488999,2014,2014-03-26,"Galaxias maculatus",1,"Minnow Trap","Cristian Correa, Maryse Boisjoly","CC BY-NC 4.0","Cristian Correa, orcid.org/0000-0002-8608-6858","not-for-profit use only","Correa & Boisjoly fish collection v.2025-11-27","Fish Database Correa-Boisjoly","Occurrence"
"Correa, Cristian, and Maryse Boisjoly (2025) Chilean fish collection and empirical database (Version 2025-11-27) [Unpublished dataset].","","Correa.Boisjoly.collection.004591","Lago Presidente Ríos","Río Presidente Río",-46.34229801,-74.07488999,2014,2014-03-26,"Galaxias platei",1,"Minnow Trap","Cristian Correa, Maryse Boisjoly","CC BY-NC 4.0","Cristian Correa, orcid.org/0000-0002-8608-6858","not-for-profit use only","Correa & Boisjoly fish collection v.2025-11-27","Fish Database Correa-Boisjoly","Occurrence"
"Correa, Cristian, and Maryse Boisjoly (2025) Chilean fish collection and empirical database (Version 2025-11-27) [Unpublished dataset].","","Correa.Boisjoly.collection.004652","Lago Presidente Ríos","Río Presidente Río",-46.27725301,-73.99606104,2014,2014-03-31,"Aplochiton marinus",1,"Gill Net Aplochitonera 3mX10m","Cristian Correa, Maryse Boisjoly","CC BY-NC 4.0","Cristian Correa, orcid.org/0000-0002-8608-6858","not-for-profit use only","Correa & Boisjoly fish collection v.2025-11-27","Fish Database Correa-Boisjoly","Occurrence"
"Correa, Cristian, and Maryse Boisjoly (2025) Chilean fish collection and empirical database (Version 2025-11-27) [Unpublished dataset].","","Correa.Boisjoly.collection.004650","Lago Presidente Ríos","Río Presidente Río",-46.27725301,-73.99606104,2014,2014-03-31,"Galaxias platei",2,"Gill Net Aplochitonera 3mX10m","Cristian Correa, Maryse Boisjoly","CC BY-NC 4.0","Cristian Correa, orcid.org/0000-0002-8608-6858","not-for-profit use only","Correa & Boisjoly fish collection v.2025-11-27","Fish Database Correa-Boisjoly","Occurrence"
"Correa, Cristian, and Maryse Boisjoly (2025) Chilean fish collection and empirical database (Version 2025-11-27) [Unpublished dataset].","","Correa.Boisjoly.collection.004653","Lago Presidente Ríos","Río Presidente Río",-46.27533699,-73.99421501,2014,2014-03-31,"Aplochiton marinus",7,"Gill Net Aplochitonera 3mX5m","Cristian Correa, Maryse Boisjoly","CC BY-NC 4.0","Cristian Correa, orcid.org/0000-0002-8608-6858","not-for-profit use only","Correa & Boisjoly fish collection v.2025-11-27","Fish Database Correa-Boisjoly","Occurrence"
"Correa, Cristian, and Maryse Boisjoly (2025) Chilean fish collection and empirical database (Version 2025-11-27) [Unpublished dataset].","","Correa.Boisjoly.collection.006459","Quempillen","Río Quempillen",-41.897728,-73.707035,2017,2017-02-12,"Aplochiton marinus",1,"Gill Net Aplochitonera 1.5mX7m","Cristian Correa, Camila Sola, Consuelo Guevara, Maryse Boisjoly","CC BY-NC 4.0","Cristian Correa, orcid.org/0000-0002-8608-6858","not-for-profit use only","Correa & Boisjoly fish collection v.2025-11-27","Fish Database Correa-Boisjoly","Occurrence"
"Correa, Cristian, and Maryse Boisjoly (2025) Chilean fish collection and empirical database (Version 2025-11-27) [Unpublished dataset].","","Correa.Boisjoly.collection.006458","Quempillen","Río Quempillen",-41.897728,-73.707035,2017,2017-02-12,"Aplochiton taeniatus",5,"Gill Net Aplochitonera 1.5mX7m, Fyke net","Cristian Correa, Camila Sola, Consuelo Guevara, Maryse Boisjoly","CC BY-NC 4.0","Cristian Correa, orcid.org/0000-0002-8608-6858","not-for-profit use only","Correa & Boisjoly fish collection v.2025-11-27","Fish Database Correa-Boisjoly","Occurrence"
"Correa, Cristian, and Maryse Boisjoly (2025) Chilean fish collection and empirical database (Version 2025-11-27) [Unpublished dataset].","","Correa.Boisjoly.collection.006465","Quempillen","Río Quempillen",-41.897728,-73.707035,2017,2017-02-12,"Eleginops maclovinus",1,"Fyke net","Cristian Correa, Camila Sola, Consuelo Guevara, Maryse Boisjoly","CC BY-NC 4.0","Cristian Correa, orcid.org/0000-0002-8608-6858","not-for-profit use only","Correa & Boisjoly fish collection v.2025-11-27","Fish Database Correa-Boisjoly","Occurrence"
"Correa, Cristian, and Maryse Boisjoly (2025) Chilean fish collection and empirical database (Version 2025-11-27) [Unpublished dataset].","","Correa.Boisjoly.collection.006466","Quempillen","Río Quempillen",-41.897728,-73.707035,2017,2017-02-12,"Galaxias maculatus",55,"Fyke net, Minnow Trap","Cristian Correa, Camila Sola, Consuelo Guevara, Maryse Boisjoly","CC BY-NC 4.0","Cristian Correa, orcid.org/0000-0002-8608-6858","not-for-profit use only","Correa & Boisjoly fish collection v.2025-11-27","Fish Database Correa-Boisjoly","Occurrence"
"Correa, Cristian, and Maryse Boisjoly (2025) Chilean fish collection and empirical database (Version 2025-11-27) [Unpublished dataset].","","Correa.Boisjoly.collection.006464","Quempillen","Río Quempillen",-41.897728,-73.707035,2017,2017-02-12,"Odontesthes brevianalis",1,"Fyke net","Cristian Correa, Camila Sola, Consuelo Guevara, Maryse Boisjoly","CC BY-NC 4.0","Cristian Correa, orcid.org/0000-0002-8608-6858","not-for-profit use only","Correa & Boisjoly fish collection v.2025-11-27","Fish Database Correa-Boisjoly","Occurrence"
"Correa, Cristian, and Maryse Boisjoly (2025) Chilean fish collection and empirical database (Version 2025-11-27) [Unpublished dataset].","","Correa.Boisjoly.collection.011973","Palena","Río Risopatron",-44.0148,-72.575,2023,2023-01-31,"Galaxias maculatus",9,"Seine net","Cristian Correa, Maryse Boisjoly","CC BY-NC 4.0","Cristian Correa, orcid.org/0000-0002-8608-6858","not-for-profit use only","Correa & Boisjoly fish collection v.2025-11-27","Fish Database Correa-Boisjoly","Occurrence"
"Correa, Cristian, and Maryse Boisjoly (2025) Chilean fish collection and empirical database (Version 2025-11-27) [Unpublished dataset].","","Correa.Boisjoly.collection.011974","Palena","Río Risopatron",-44.0148,-72.575,2023,2023-01-31,"Oncorhynchus mykiss",21,"Seine net","Cristian Correa, Maryse Boisjoly","CC BY-NC 4.0","Cristian Correa, orcid.org/0000-0002-8608-6858","not-for-profit use only","Correa & Boisjoly fish collection v.2025-11-27","Fish Database Correa-Boisjoly","Occurrence"
"Correa, Cristian, and Maryse Boisjoly (2025) Chilean fish collection and empirical database (Version 2025-11-27) [Unpublished dataset].","","Correa.Boisjoly.collection.005424","Río San Juan","Río San Juan",-53.650197,-70.95960497,2015,2015-02-19,"Cottoperca trigloides",1,"Gill Net Aplochitonera 3mX10m","Cristian Correa, Maryse Boisjoly, Jonathan Poblete","CC BY-NC 4.0","Cristian Correa, orcid.org/0000-0002-8608-6858","not-for-profit use only","Correa & Boisjoly fish collection v.2025-11-27","Fish Database Correa-Boisjoly","Occurrence"
"Correa, Cristian, and Maryse Boisjoly (2025) Chilean fish collection and empirical database (Version 2025-11-27) [Unpublished dataset].","","Correa.Boisjoly.collection.005425","Río San Juan","Río San Juan",-53.650197,-70.95960497,2015,2015-02-19,"Eleginops maclovinus",26,"Gill Net Aplochitonera 3mX10m","Cristian Correa, Maryse Boisjoly, Jonathan Poblete","CC BY-NC 4.0","Cristian Correa, orcid.org/0000-0002-8608-6858","not-for-profit use only","Correa & Boisjoly fish collection v.2025-11-27","Fish Database Correa-Boisjoly","Occurrence"
"Correa, Cristian, and Maryse Boisjoly (2025) Chilean fish collection and empirical database (Version 2025-11-27) [Unpublished dataset].","","Correa.Boisjoly.collection.005421","Río San Juan","Río San Juan",-53.650197,-70.95960497,2015,2015-02-19,"Oncorhynchus mykiss",2,"Gill Net Aplochitonera 3mX10m","Cristian Correa, Maryse Boisjoly, Jonathan Poblete","CC BY-NC 4.0","Cristian Correa, orcid.org/0000-0002-8608-6858","not-for-profit use only","Correa & Boisjoly fish collection v.2025-11-27","Fish Database Correa-Boisjoly","Occurrence"
"Correa, Cristian, and Maryse Boisjoly (2025) Chilean fish collection and empirical database (Version 2025-11-27) [Unpublished dataset].","","Correa.Boisjoly.collection.005420","Río San Juan","Río San Juan",-53.650197,-70.95960497,2015,2015-02-19,"Salmo trutta",2,"Gill Net Aplochitonera 3mX10m","Cristian Correa, Maryse Boisjoly, Jonathan Poblete","CC BY-NC 4.0","Cristian Correa, orcid.org/0000-0002-8608-6858","not-for-profit use only","Correa & Boisjoly fish collection v.2025-11-27","Fish Database Correa-Boisjoly","Occurrence"
"Correa, Cristian, and Maryse Boisjoly (2025) Chilean fish collection and empirical database (Version 2025-11-27) [Unpublished dataset].","","Correa.Boisjoly.collection.006221","Río San Juan","Río San Juan",-53.64753096,-70.98136003,2015,2015-02-20,"Galaxias maculatus",26,"Seine net, Casting Net","Maryse Boisjoly, Jonathan Poblete, Cristian Correa","CC BY-NC 4.0","Cristian Correa, orcid.org/0000-0002-8608-6858","not-for-profit use only","Correa & Boisjoly fish collection v.2025-11-27","Fish Database Correa-Boisjoly","Occurrence"
"Correa, Cristian, and Maryse Boisjoly (2025) Chilean fish collection and empirical database (Version 2025-11-27) [Unpublished dataset].","","Correa.Boisjoly.collection.006220","Río San Juan","Río San Juan",-53.64602499,-70.96704299,2015,2015-02-20,"Salmo trutta",1,"Casting Net","Cristian Correa","CC BY-NC 4.0","Cristian Correa, orcid.org/0000-0002-8608-6858","not-for-profit use only","Correa & Boisjoly fish collection v.2025-11-27","Fish Database Correa-Boisjoly","Occurrence"
"Correa, Cristian, and Maryse Boisjoly (2025) Chilean fish collection and empirical database (Version 2025-11-27) [Unpublished dataset].","","Correa.Boisjoly.collection.006223","Río San Juan","Río San Juan",-53.64597403,-70.97132497,2015,2015-02-20,"Oncorhynchus mykiss",30,"Seine net","Maryse Boisjoly, Jonathan Poblete","CC BY-NC 4.0","Cristian Correa, orcid.org/0000-0002-8608-6858","not-for-profit use only","Correa & Boisjoly fish collection v.2025-11-27","Fish Database Correa-Boisjoly","Occurrence"
"Correa, Cristian, and Maryse Boisjoly (2025) Chilean fish collection and empirical database (Version 2025-11-27) [Unpublished dataset].","","Correa.Boisjoly.collection.012245","Río San Juan","Río San Juan",-53.64571,-70.954077,2015,2015-02-20,"Eleginops maclovinus",1,"Seine net","Maryse Boisjoly, Jonathan Poblete","CC BY-NC 4.0","Cristian Correa, orcid.org/0000-0002-8608-6858","not-for-profit use only","Correa & Boisjoly fish collection v.2025-11-27","Fish Database Correa-Boisjoly","Occurrence"
"Correa, Cristian, and Maryse Boisjoly (2025) Chilean fish collection and empirical database (Version 2025-11-27) [Unpublished dataset].","","Correa.Boisjoly.collection.005464","Río San Juan","Río San Juan",-53.64571,-70.954077,2015,2015-02-20,"Galaxias maculatus",40,"Seine net","Maryse Boisjoly, Jonathan Poblete","CC BY-NC 4.0","Cristian Correa, orcid.org/0000-0002-8608-6858","not-for-profit use only","Correa & Boisjoly fish collection v.2025-11-27","Fish Database Correa-Boisjoly","Occurrence"
"Correa, Cristian, and Maryse Boisjoly (2025) Chilean fish collection and empirical database (Version 2025-11-27) [Unpublished dataset].","","Correa.Boisjoly.collection.007192","Valle Exploradores","Río San Juan",-46.370005,-73.215932,2019,2019-01-14,"Oncorhynchus tshawytscha",2,"Angling","Cristian Correa, Julien Cucherousset, Simon Blanchet, Didier Galop, Jaime Schienfeldt","CC BY-NC 4.0","Cristian Correa, orcid.org/0000-0002-8608-6858","not-for-profit use only","Correa & Boisjoly fish collection v.2025-11-27","Fish Database Correa-Boisjoly","Occurrence"
"Correa, Cristian, and Maryse Boisjoly (2025) Chilean fish collection and empirical database (Version 2025-11-27) [Unpublished dataset].","","Correa.Boisjoly.collection.007191","Valle Exploradores","Río San Juan",-46.370005,-73.215932,2019,2019-01-14,"Salmo trutta",42,"Angling","Cristian Correa, Julien Cucherousset, Simon Blanchet, Didier Galop, Jaime Schienfeldt","CC BY-NC 4.0","Cristian Correa, orcid.org/0000-0002-8608-6858","not-for-profit use only","Correa & Boisjoly fish collection v.2025-11-27","Fish Database Correa-Boisjoly","Occurrence"
"Correa, Cristian, and Maryse Boisjoly (2025) Chilean fish collection and empirical database (Version 2025-11-27) [Unpublished dataset].","","Correa.Boisjoly.collection.012080","Valle Exploradores","Río San Juan",-46.369945,-73.216154,2023,2023-01-11,"Salmo trutta",15,"Angling","Cristian Correa, Simon Blanchet, Julien Cucherousset","CC BY-NC 4.0","Cristian Correa, orcid.org/0000-0002-8608-6858","not-for-profit use only","Correa & Boisjoly fish collection v.2025-11-27","Fish Database Correa-Boisjoly","Occurrence"
"Correa, Cristian, and Maryse Boisjoly (2025) Chilean fish collection and empirical database (Version 2025-11-27) [Unpublished dataset].","","Correa.Boisjoly.collection.007181","Valle Exploradores","Río San Juan",-46.369308,-73.225753,2019,2019-01-12,"Oncorhynchus tshawytscha",3,"Casting Net","Cristian Correa","CC BY-NC 4.0","Cristian Correa, orcid.org/0000-0002-8608-6858","not-for-profit use only","Correa & Boisjoly fish collection v.2025-11-27","Fish Database Correa-Boisjoly","Occurrence"
"Correa, Cristian, and Maryse Boisjoly (2025) Chilean fish collection and empirical database (Version 2025-11-27) [Unpublished dataset].","","Correa.Boisjoly.collection.012068","Valle Exploradores","Río San Juan",-46.3685559999999,-73.226594,2023,2023-01-11,"Salmo trutta",12,"Angling","Cristian Correa, Julien Cucherousset, Simon Blanchet","CC BY-NC 4.0","Cristian Correa, orcid.org/0000-0002-8608-6858","not-for-profit use only","Correa & Boisjoly fish collection v.2025-11-27","Fish Database Correa-Boisjoly","Occurrence"
"Correa, Cristian, and Maryse Boisjoly (2025) Chilean fish collection and empirical database (Version 2025-11-27) [Unpublished dataset].","","Correa.Boisjoly.collection.009404","Rio San Nicolas","Río San Nicolas",-53.83056,-71.110348,2020,2020-03-05,"Eleginops maclovinus",15,"Gill Net Experimental","Cristian Correa, Benjamin Caceres, Cristian Correa, Benjamin Caceres","CC BY-NC 4.0","Cristian Correa, orcid.org/0000-0002-8608-6858","not-for-profit use only","Correa & Boisjoly fish collection v.2025-11-27","Fish Database Correa-Boisjoly","Occurrence"
"Correa, Cristian, and Maryse Boisjoly (2025) Chilean fish collection and empirical database (Version 2025-11-27) [Unpublished dataset].","","Correa.Boisjoly.collection.009468","Rio San Nicolas","Río San Nicolas",-53.83056,-71.110348,2020,2020-03-05,"Oncorhynchus kisutch",9,"Fyke net, Gill Net Experimental","Cristian Correa, Benjamin Caceres, Cristian Correa, Benjamin Caceres","CC BY-NC 4.0","Cristian Correa, orcid.org/0000-0002-8608-6858","not-for-profit use only","Correa & Boisjoly fish collection v.2025-11-27","Fish Database Correa-Boisjoly","Occurrence"
"Correa, Cristian, and Maryse Boisjoly (2025) Chilean fish collection and empirical database (Version 2025-11-27) [Unpublished dataset].","","Correa.Boisjoly.collection.009473","Rio San Nicolas","Río San Nicolas",-53.83056,-71.110348,2020,2020-03-05,"Salmo trutta",1,"Gill Net Experimental","Cristian Correa, Benjamin Caceres","CC BY-NC 4.0","Cristian Correa, orcid.org/0000-0002-8608-6858","not-for-profit use only","Correa & Boisjoly fish collection v.2025-11-27","Fish Database Correa-Boisjoly","Occurrence"
"Correa, Cristian, and Maryse Boisjoly (2025) Chilean fish collection and empirical database (Version 2025-11-27) [Unpublished dataset].","","Correa.Boisjoly.collection.009255","Rio San Pedro Magallanes","Río San Pedro, Magallanes",-53.6982,-70.969089,2020,2020-03-02,"Oncorhynchus kisutch",61,"Electric fishing, Minnow Trap","Cristian Correa, Benjamin Caceres, Cristian Correa, Maryse Boisjoly","CC BY-NC 4.0","Cristian Correa, orcid.org/0000-0002-8608-6858","not-for-profit use only","Correa & Boisjoly fish collection v.2025-11-27","Fish Database Correa-Boisjoly","Occurrence"
"Correa, Cristian, and Maryse Boisjoly (2025) Chilean fish collection and empirical database (Version 2025-11-27) [Unpublished dataset].","","Correa.Boisjoly.collection.009257","Rio San Pedro Magallanes","Río San Pedro, Magallanes",-53.6982,-70.969089,2020,2020-03-02,"Salmo trutta",12,"Electric fishing","Cristian Correa, Benjamin Caceres","CC BY-NC 4.0","Cristian Correa, orcid.org/0000-0002-8608-6858","not-for-profit use only","Correa & Boisjoly fish collection v.2025-11-27","Fish Database Correa-Boisjoly","Occurrence"
"Correa, Cristian, and Maryse Boisjoly (2025) Chilean fish collection and empirical database (Version 2025-11-27) [Unpublished dataset].","","Correa.Boisjoly.collection.005430","Río Santa María","Río Santa María",-53.67451,-70.99068,2015,2015-02-19,"Oncorhynchus kisutch",13,"Casting Net","Cristian Correa, Maryse Boisjoly, Jonathan Poblete","CC BY-NC 4.0","Cristian Correa, orcid.org/0000-0002-8608-6858","not-for-profit use only","Correa & Boisjoly fish collection v.2025-11-27","Fish Database Correa-Boisjoly","Occurrence"
"Correa, Cristian, and Maryse Boisjoly (2025) Chilean fish collection and empirical database (Version 2025-11-27) [Unpublished dataset].","","Correa.Boisjoly.collection.005429","Río Santa María","Río Santa María",-53.67451,-70.99068,2015,2015-02-19,"Oncorhynchus mykiss",1,"Casting Net","Cristian Correa, Maryse Boisjoly, Jonathan Poblete","CC BY-NC 4.0","Cristian Correa, orcid.org/0000-0002-8608-6858","not-for-profit use only","Correa & Boisjoly fish collection v.2025-11-27","Fish Database Correa-Boisjoly","Occurrence"
"Correa, Cristian, and Maryse Boisjoly (2025) Chilean fish collection and empirical database (Version 2025-11-27) [Unpublished dataset].","","Correa.Boisjoly.collection.005442","Río Santa María","Río Santa María",-53.67451,-70.99068,2015,2015-02-19,"Salmo trutta",9,"Casting Net","Cristian Correa, Maryse Boisjoly, Jonathan Poblete","CC BY-NC 4.0","Cristian Correa, orcid.org/0000-0002-8608-6858","not-for-profit use only","Correa & Boisjoly fish collection v.2025-11-27","Fish Database Correa-Boisjoly","Occurrence"
"Correa, Cristian, and Maryse Boisjoly (2025) Chilean fish collection and empirical database (Version 2025-11-27) [Unpublished dataset].","","Correa.Boisjoly.collection.006215","Río Santa María","Río Santa María",-53.674301,-70.99034199,2015,2015-02-20,"Oncorhynchus kisutch",1,"Gill Net Aplochitonera 3mX10m","Jonathan Poblete","CC BY-NC 4.0","Cristian Correa, orcid.org/0000-0002-8608-6858","not-for-profit use only","Correa & Boisjoly fish collection v.2025-11-27","Fish Database Correa-Boisjoly","Occurrence"
"Correa, Cristian, and Maryse Boisjoly (2025) Chilean fish collection and empirical database (Version 2025-11-27) [Unpublished dataset].","","Correa.Boisjoly.collection.006214","Río Santa María","Río Santa María",-53.674301,-70.99034199,2015,2015-02-20,"Salmo trutta",1,"Gill Net Aplochitonera 3mX10m","Jonathan Poblete","CC BY-NC 4.0","Cristian Correa, orcid.org/0000-0002-8608-6858","not-for-profit use only","Correa & Boisjoly fish collection v.2025-11-27","Fish Database Correa-Boisjoly","Occurrence"
"Correa, Cristian, and Maryse Boisjoly (2025) Chilean fish collection and empirical database (Version 2025-11-27) [Unpublished dataset].","","Correa.Boisjoly.collection.005482","Río Santa María","Río Santa María",-53.673942,-70.989748,2015,2015-02-21,"Oncorhynchus kisutch",17,"Electric fishing","Cristian Correa, Maryse Boisjoly","CC BY-NC 4.0","Cristian Correa, orcid.org/0000-0002-8608-6858","not-for-profit use only","Correa & Boisjoly fish collection v.2025-11-27","Fish Database Correa-Boisjoly","Occurrence"
"Correa, Cristian, and Maryse Boisjoly (2025) Chilean fish collection and empirical database (Version 2025-11-27) [Unpublished dataset].","","Correa.Boisjoly.collection.005489","Río Santa María","Río Santa María",-53.673942,-70.989748,2015,2015-02-21,"Oncorhynchus mykiss",1,"Electric fishing","Cristian Correa, Maryse Boisjoly","CC BY-NC 4.0","Cristian Correa, orcid.org/0000-0002-8608-6858","not-for-profit use only","Correa & Boisjoly fish collection v.2025-11-27","Fish Database Correa-Boisjoly","Occurrence"
"Correa, Cristian, and Maryse Boisjoly (2025) Chilean fish collection and empirical database (Version 2025-11-27) [Unpublished dataset].","","Correa.Boisjoly.collection.005481","Río Santa María","Río Santa María",-53.673942,-70.989748,2015,2015-02-21,"Salmo trutta",15,"Electric fishing","Cristian Correa, Maryse Boisjoly","CC BY-NC 4.0","Cristian Correa, orcid.org/0000-0002-8608-6858","not-for-profit use only","Correa & Boisjoly fish collection v.2025-11-27","Fish Database Correa-Boisjoly","Occurrence"
"Correa, Cristian, and Maryse Boisjoly (2025) Chilean fish collection and empirical database (Version 2025-11-27) [Unpublished dataset].","","Correa.Boisjoly.collection.005487","Río Santa María","Río Santa María",-53.67364,-70.98554,2015,2015-02-21,"Oncorhynchus mykiss",2,"Electric fishing","Cristian Correa, Maryse Boisjoly","CC BY-NC 4.0","Cristian Correa, orcid.org/0000-0002-8608-6858","not-for-profit use only","Correa & Boisjoly fish collection v.2025-11-27","Fish Database Correa-Boisjoly","Occurrence"
"Correa, Cristian, and Maryse Boisjoly (2025) Chilean fish collection and empirical database (Version 2025-11-27) [Unpublished dataset].","","Correa.Boisjoly.collection.005512","Río Santa María","Río Santa María",-53.67364,-70.98554,2015,2015-02-21,"Salmo trutta",13,"Electric fishing","Cristian Correa, Maryse Boisjoly","CC BY-NC 4.0","Cristian Correa, orcid.org/0000-0002-8608-6858","not-for-profit use only","Correa & Boisjoly fish collection v.2025-11-27","Fish Database Correa-Boisjoly","Occurrence"
"Correa, Cristian, and Maryse Boisjoly (2025) Chilean fish collection and empirical database (Version 2025-11-27) [Unpublished dataset].","","Correa.Boisjoly.collection.006218","Río Santa María","Río Santa María",-53.67295302,-70.98883099,2015,2015-02-19,"Galaxias maculatus",2,"Seine net","Cristian Correa, Maryse Boisjoly, Jonathan Poblete","CC BY-NC 4.0","Cristian Correa, orcid.org/0000-0002-8608-6858","not-for-profit use only","Correa & Boisjoly fish collection v.2025-11-27","Fish Database Correa-Boisjoly","Occurrence"
"Correa, Cristian, and Maryse Boisjoly (2025) Chilean fish collection and empirical database (Version 2025-11-27) [Unpublished dataset].","","Correa.Boisjoly.collection.005452","Río Santa María","Río Santa María",-53.67295302,-70.98883099,2015,2015-02-19,"Oncorhynchus kisutch",4,"Seine net","Cristian Correa, Maryse Boisjoly, Jonathan Poblete","CC BY-NC 4.0","Cristian Correa, orcid.org/0000-0002-8608-6858","not-for-profit use only","Correa & Boisjoly fish collection v.2025-11-27","Fish Database Correa-Boisjoly","Occurrence"
"Correa, Cristian, and Maryse Boisjoly (2025) Chilean fish collection and empirical database (Version 2025-11-27) [Unpublished dataset].","","Correa.Boisjoly.collection.005453","Río Santa María","Río Santa María",-53.67295302,-70.98883099,2015,2015-02-19,"Oncorhynchus mykiss",8,"Seine net","Cristian Correa, Maryse Boisjoly, Jonathan Poblete","CC BY-NC 4.0","Cristian Correa, orcid.org/0000-0002-8608-6858","not-for-profit use only","Correa & Boisjoly fish collection v.2025-11-27","Fish Database Correa-Boisjoly","Occurrence"
"Correa, Cristian, and Maryse Boisjoly (2025) Chilean fish collection and empirical database (Version 2025-11-27) [Unpublished dataset].","","Correa.Boisjoly.collection.011858","Rio Santana","Río Santana",-41.912194,-73.959581,2017,2017-02-14,"Brachygalaxias bulloki",10,"Dip net","Cristian Correa, Maryse Boisjoly, Camila Sola, Consuelo Guevara","CC BY-NC 4.0","Cristian Correa, orcid.org/0000-0002-8608-6858","not-for-profit use only","Correa & Boisjoly fish collection v.2025-11-27","Fish Database Correa-Boisjoly","Occurrence"
"Correa, Cristian, and Maryse Boisjoly (2025) Chilean fish collection and empirical database (Version 2025-11-27) [Unpublished dataset].","","Correa.Boisjoly.collection.005158","Río Serrano","Río Serrano",-51.34011598,-73.10747,2015,2015-04-02,"Oncorhynchus tshawytscha",8,"Casting Net","Cristian Correa","CC BY-NC 4.0","Cristian Correa, orcid.org/0000-0002-8608-6858","not-for-profit use only","Correa & Boisjoly fish collection v.2025-11-27","Fish Database Correa-Boisjoly","Occurrence"
"Correa, Cristian, and Maryse Boisjoly (2025) Chilean fish collection and empirical database (Version 2025-11-27) [Unpublished dataset].","","Correa.Boisjoly.collection.005145","Río Serrano","Río Serrano",-51.33961801,-73.10779598,2015,2015-04-02,"Oncorhynchus tshawytscha",2,"Mist Net","Cristian Correa","CC BY-NC 4.0","Cristian Correa, orcid.org/0000-0002-8608-6858","not-for-profit use only","Correa & Boisjoly fish collection v.2025-11-27","Fish Database Correa-Boisjoly","Occurrence"
"Correa, Cristian, and Maryse Boisjoly (2025) Chilean fish collection and empirical database (Version 2025-11-27) [Unpublished dataset].","","Correa.Boisjoly.collection.005147","Río Serrano","Río Serrano",-51.33961801,-73.10779598,2015,2015-04-02,"Salmo trutta",11,"Mist Net","Cristian Correa","CC BY-NC 4.0","Cristian Correa, orcid.org/0000-0002-8608-6858","not-for-profit use only","Correa & Boisjoly fish collection v.2025-11-27","Fish Database Correa-Boisjoly","Occurrence"
"Correa, Cristian, and Maryse Boisjoly (2025) Chilean fish collection and empirical database (Version 2025-11-27) [Unpublished dataset].","","Correa.Boisjoly.collection.005143","Río Serrano","Río Serrano",-51.23201399,-73.04027002,2015,2015-04-01,"Oncorhynchus tshawytscha",10,"Casting Net","Cristian Correa","CC BY-NC 4.0","Cristian Correa, orcid.org/0000-0002-8608-6858","not-for-profit use only","Correa & Boisjoly fish collection v.2025-11-27","Fish Database Correa-Boisjoly","Occurrence"
"Correa, Cristian, and Maryse Boisjoly (2025) Chilean fish collection and empirical database (Version 2025-11-27) [Unpublished dataset].","","Correa.Boisjoly.collection.005101","Río Serrano","Río Serrano",-51.23109399,-72.99517103,2015,2015-03-28,"Galaxias maculatus",11,"Electric fishing","Cristian Correa","CC BY-NC 4.0","Cristian Correa, orcid.org/0000-0002-8608-6858","not-for-profit use only","Correa & Boisjoly fish collection v.2025-11-27","Fish Database Correa-Boisjoly","Occurrence"
"Correa, Cristian, and Maryse Boisjoly (2025) Chilean fish collection and empirical database (Version 2025-11-27) [Unpublished dataset].","","Correa.Boisjoly.collection.005132","Río Serrano","Río Serrano",-51.202404,-72.966083,2015,2015-03-30,"Oncorhynchus tshawytscha",11,"Harpoon","Cristian Correa","CC BY-NC 4.0","Cristian Correa, orcid.org/0000-0002-8608-6858","not-for-profit use only","Correa & Boisjoly fish collection v.2025-11-27","Fish Database Correa-Boisjoly","Occurrence"
"Correa, Cristian, and Maryse Boisjoly (2025) Chilean fish collection and empirical database (Version 2025-11-27) [Unpublished dataset].","","Correa.Boisjoly.collection.005103","Río Serrano","Río Serrano",-51.202404,-72.96608297,2015,2015-03-29,"Oncorhynchus tshawytscha",27,"Gill Net Salmonera, Treble hooks, Hook, Harpoon","Cristian Correa","CC BY-NC 4.0","Cristian Correa, orcid.org/0000-0002-8608-6858","not-for-profit use only","Correa & Boisjoly fish collection v.2025-11-27","Fish Database Correa-Boisjoly","Occurrence"
"Correa, Cristian, and Maryse Boisjoly (2025) Chilean fish collection and empirical database (Version 2025-11-27) [Unpublished dataset].","","Correa.Boisjoly.collection.005102","Río Serrano","Río Serrano",-51.202404,-72.96608297,2015,2015-03-29,"Salmo trutta",3,"Gill Net Salmonera","Cristian Correa","CC BY-NC 4.0","Cristian Correa, orcid.org/0000-0002-8608-6858","not-for-profit use only","Correa & Boisjoly fish collection v.2025-11-27","Fish Database Correa-Boisjoly","Occurrence"
"Correa, Cristian, and Maryse Boisjoly (2025) Chilean fish collection and empirical database (Version 2025-11-27) [Unpublished dataset].","","Correa.Boisjoly.collection.001837","Simpson River","Río Simpson",-45.727472,-72.080778,2007,2007-01-25,"Hatcheria macraei",3,"Electric fishing","Cristian Correa","CC BY-NC 4.0","Cristian Correa, orcid.org/0000-0002-8608-6858","not-for-profit use only","Correa & Boisjoly fish collection v.2025-11-27","Fish Database Correa-Boisjoly","Occurrence"
"Correa, Cristian, and Maryse Boisjoly (2025) Chilean fish collection and empirical database (Version 2025-11-27) [Unpublished dataset].","","Correa.Boisjoly.collection.001840","Simpson River","Río Simpson",-45.727472,-72.080778,2007,2007-01-25,"Oncorhynchus mykiss",1,"Electric fishing","Cristian Correa","CC BY-NC 4.0","Cristian Correa, orcid.org/0000-0002-8608-6858","not-for-profit use only","Correa & Boisjoly fish collection v.2025-11-27","Fish Database Correa-Boisjoly","Occurrence"
"Correa, Cristian, and Maryse Boisjoly (2025) Chilean fish collection and empirical database (Version 2025-11-27) [Unpublished dataset].","","Correa.Boisjoly.collection.001830","Simpson River","Río Simpson",-45.727472,-72.080778,2007,2007-01-25,"Oncorhynchus tshawytscha",7,"Electric fishing","Cristian Correa","CC BY-NC 4.0","Cristian Correa, orcid.org/0000-0002-8608-6858","not-for-profit use only","Correa & Boisjoly fish collection v.2025-11-27","Fish Database Correa-Boisjoly","Occurrence"
"Narum Shawn R., Gallardo Pablo, Correa Cristian, Matala Amanda, Hasselman Daniel, Sutherland Ben J. G., and Bernatchez Louis. 2017. Genomic patterns of diversity and divergence of two introduced salmonid species in Patagonia, South America. Evolutionary Applications 10(4): 402–416. doi: 10.1111/eva.12464.","(Narum et al. 2017) | (Alò et al. 2019)","Correa.Boisjoly.collection.003745","Simpson River","Río Simpson",-45.727472,-72.080778,2008,2008-12-23,"Oncorhynchus tshawytscha",15,"Fly fishing","Cristian Correa","CC BY-NC 4.0","Cristian Correa, orcid.org/0000-0002-8608-6858","not-for-profit use only","Correa & Boisjoly fish collection v.2025-11-27","Fish Database Correa-Boisjoly","Occurrence"
"Narum Shawn R., Gallardo Pablo, Correa Cristian, Matala Amanda, Hasselman Daniel, Sutherland Ben J. G., and Bernatchez Louis. 2017. Genomic patterns of diversity and divergence of two introduced salmonid species in Patagonia, South America. Evolutionary Applications 10(4): 402–416. doi: 10.1111/eva.12464.","(Narum et al. 2017) | (Correa and Moran 2017) | (Correa and Gross 2008)","Correa.Boisjoly.collection.004261","Simpson 4 (Aysen)","Río Simpson",-45.7271111,-72.080556,2004,2004-03-09,"Oncorhynchus tshawytscha",21,"Angling","Cristian Correa","CC BY-NC 4.0","Cristian Correa, orcid.org/0000-0002-8608-6858","not-for-profit use only","Correa & Boisjoly fish collection v.2025-11-27","Fish Database Correa-Boisjoly","Occurrence"
"Correa, Cristian, and Maryse Boisjoly (2025) Chilean fish collection and empirical database (Version 2025-11-27) [Unpublished dataset].","","Correa.Boisjoly.collection.006351","Simpson River","Río Simpson",-45.726503,-72.081283,2016,2016-12-22,"Oncorhynchus tshawytscha",3,"Casting Net","Cristian Correa, Gabriel Orrellana","CC BY-NC 4.0","Cristian Correa, orcid.org/0000-0002-8608-6858","not-for-profit use only","Correa & Boisjoly fish collection v.2025-11-27","Fish Database Correa-Boisjoly","Occurrence"
"Correa, C., and Gross, M.R. 2008. Chinook salmon invade southern South America. Biological Invasions 10: 615–639. doi: 10.1007/s10530-007-9157-2.","(Correa and Gross 2008)","Correa.Boisjoly.collection.004234","Simpson 1 (Aysen)","Río Simpson",-45.726167,-72.163917,2004,2004-02-28,"Oncorhynchus tshawytscha",10,"Angling","Cristian Correa","CC BY-NC 4.0","Cristian Correa, orcid.org/0000-0002-8608-6858","not-for-profit use only","Correa & Boisjoly fish collection v.2025-11-27","Fish Database Correa-Boisjoly","Occurrence"
"Correa, C., and Moran, P. 2017. Polyphyletic ancestry of expanding Patagonian Chinook salmon populations. Scientific Reports 7(1). doi: 10.1038/s41598-017-14465-y.","(Correa and Moran 2017) | (Correa and Gross 2008) | (Narum et al. 2017)","Correa.Boisjoly.collection.004275","Simpson 5 (Aysen)","Río Simpson",-45.726167,-72.163917,2004,2004-03-09,"Oncorhynchus tshawytscha",15,"Gillnet","Cristian Correa","CC BY-NC 4.0","Cristian Correa, orcid.org/0000-0002-8608-6858","not-for-profit use only","Correa & Boisjoly fish collection v.2025-11-27","Fish Database Correa-Boisjoly","Occurrence"
"Correa, C., and Gross, M.R. 2008. Chinook salmon invade southern South America. Biological Invasions 10: 615–639. doi: 10.1007/s10530-007-9157-2.","(Correa and Gross 2008)","Correa.Boisjoly.collection.004244","Simpson 2 (Aysen)","Río Simpson",-45.723389,-72.097222,2004,2004-02-29,"Oncorhynchus tshawytscha",2,"Angling","Cristian Correa","CC BY-NC 4.0","Cristian Correa, orcid.org/0000-0002-8608-6858","not-for-profit use only","Correa & Boisjoly fish collection v.2025-11-27","Fish Database Correa-Boisjoly","Occurrence"
"Correa, C., and Gross, M.R. 2008. Chinook salmon invade southern South America. Biological Invasions 10: 615–639. doi: 10.1007/s10530-007-9157-2.","(Correa and Gross 2008) | (Narum et al. 2017)","Correa.Boisjoly.collection.004246","Simpson 3 (Aysen)","Río Simpson",-45.721972,-72.107194,2004,2004-02-29,"Oncorhynchus tshawytscha",7,"Gillnet","Cristian Correa","CC BY-NC 4.0","Cristian Correa, orcid.org/0000-0002-8608-6858","not-for-profit use only","Correa & Boisjoly fish collection v.2025-11-27","Fish Database Correa-Boisjoly","Occurrence"
"Correa, C., and Gross, M.R. 2008. Chinook salmon invade southern South America. Biological Invasions 10: 615–639. doi: 10.1007/s10530-007-9157-2.","(Correa and Gross 2008)","Correa.Boisjoly.collection.004252","Simpson 3 (Aysen)","Río Simpson",-45.721972,-72.107194,2004,2004-03-01,"Oncorhynchus tshawytscha",3,"Angling","Cristian Correa","CC BY-NC 4.0","Cristian Correa, orcid.org/0000-0002-8608-6858","not-for-profit use only","Correa & Boisjoly fish collection v.2025-11-27","Fish Database Correa-Boisjoly","Occurrence"
"Narum Shawn R., Gallardo Pablo, Correa Cristian, Matala Amanda, Hasselman Daniel, Sutherland Ben J. G., and Bernatchez Louis. 2017. Genomic patterns of diversity and divergence of two introduced salmonid species in Patagonia, South America. Evolutionary Applications 10(4): 402–416. doi: 10.1111/eva.12464.","(Narum et al. 2017) | (Correa and Gross 2008) | (Correa and Moran 2017)","Correa.Boisjoly.collection.004255","Simpson 3 (Aysen)","Río Simpson",-45.721972,-72.107194,2004,2004-03-03,"Oncorhynchus tshawytscha",12,"Gillnet","Cristian Correa","CC BY-NC 4.0","Cristian Correa, orcid.org/0000-0002-8608-6858","not-for-profit use only","Correa & Boisjoly fish collection v.2025-11-27","Fish Database Correa-Boisjoly","Occurrence"
"Correa, Cristian, and Maryse Boisjoly (2025) Chilean fish collection and empirical database (Version 2025-11-27) [Unpublished dataset].","","Correa.Boisjoly.collection.004523","Simpson River 2014","Río Simpson",-45.66872802,-72.17910298,2014,2014-03-11,"Oncorhynchus mykiss",4,"Casting Net","Cristian Correa, Maryse Boisjoly","CC BY-NC 4.0","Cristian Correa, orcid.org/0000-0002-8608-6858","not-for-profit use only","Correa & Boisjoly fish collection v.2025-11-27","Fish Database Correa-Boisjoly","Occurrence"
"Correa, Cristian, and Maryse Boisjoly (2025) Chilean fish collection and empirical database (Version 2025-11-27) [Unpublished dataset].","","Correa.Boisjoly.collection.004516","Simpson River 2014","Río Simpson",-45.66872802,-72.17910298,2014,2014-03-11,"Oncorhynchus tshawytscha",7,"Casting Net","Cristian Correa, Maryse Boisjoly","CC BY-NC 4.0","Cristian Correa, orcid.org/0000-0002-8608-6858","not-for-profit use only","Correa & Boisjoly fish collection v.2025-11-27","Fish Database Correa-Boisjoly","Occurrence"
"Correa, Cristian, and Maryse Boisjoly (2025) Chilean fish collection and empirical database (Version 2025-11-27) [Unpublished dataset].","","Correa.Boisjoly.collection.005249","Simpson River 2014","Río Simpson",-45.66872802,-72.17910298,2014,2014-03-11,"Salmo trutta",6,"Casting Net","Cristian Correa, Maryse Boisjoly","CC BY-NC 4.0","Cristian Correa, orcid.org/0000-0002-8608-6858","not-for-profit use only","Correa & Boisjoly fish collection v.2025-11-27","Fish Database Correa-Boisjoly","Occurrence"
"Correa, Cristian, and Maryse Boisjoly (2025) Chilean fish collection and empirical database (Version 2025-11-27) [Unpublished dataset].","","Correa.Boisjoly.collection.006354","Simpson river","Río Simpson",-45.661606,-72.196208,2016,2016-12-21,"Oncorhynchus tshawytscha",65,"Casting Net","Cristian Correa, Gabriel Orrellana","CC BY-NC 4.0","Cristian Correa, orcid.org/0000-0002-8608-6858","not-for-profit use only","Correa & Boisjoly fish collection v.2025-11-27","Fish Database Correa-Boisjoly","Occurrence"
"Correa, Cristian, and Maryse Boisjoly (2025) Chilean fish collection and empirical database (Version 2025-11-27) [Unpublished dataset].","","Correa.Boisjoly.collection.007991","Valle Exploradores","Río Sin Nombre, Río Exploradores",-46.29747301,-73.40664502,2019,2019-01-17,"Oncorhynchus tshawytscha",1,"Casting Net","Cristian Correa","CC BY-NC 4.0","Cristian Correa, orcid.org/0000-0002-8608-6858","not-for-profit use only","Correa & Boisjoly fish collection v.2025-11-27","Fish Database Correa-Boisjoly","Occurrence"
"Correa, Cristian, and Maryse Boisjoly (2025) Chilean fish collection and empirical database (Version 2025-11-27) [Unpublished dataset].","","Correa.Boisjoly.collection.007990","Valle Exploradores","Río Sin Nombre, Río Exploradores",-46.29747301,-73.40664502,2019,2019-01-17,"Salmo trutta",4,"Casting Net","Cristian Correa","CC BY-NC 4.0","Cristian Correa, orcid.org/0000-0002-8608-6858","not-for-profit use only","Correa & Boisjoly fish collection v.2025-11-27","Fish Database Correa-Boisjoly","Occurrence"
"Correa, Cristian, and Maryse Boisjoly (2025) Chilean fish collection and empirical database (Version 2025-11-27) [Unpublished dataset].","","Correa.Boisjoly.collection.005227","Seno de Última Esperanza","Río Sin Nombre, Seno de Última Esperanza",-51.59699902,-72.76209997,2015,2015-04-09,"Salmo trutta",1,"Casting Net","Cristian Correa, Maryse Boisjoly","CC BY-NC 4.0","Cristian Correa, orcid.org/0000-0002-8608-6858","not-for-profit use only","Correa & Boisjoly fish collection v.2025-11-27","Fish Database Correa-Boisjoly","Occurrence"
"Correa, Cristian, and Maryse Boisjoly (2025) Chilean fish collection and empirical database (Version 2025-11-27) [Unpublished dataset].","","Correa.Boisjoly.collection.007186","Valle Exploradores","Río Sur",-46.335926,-73.421745,2019,2019-01-18,"Salmo trutta",10,"Angling","Cristian Correa, Julien Cucherousset, Simon Blanchet, Didier Galop, Jaime Schienfeldt","CC BY-NC 4.0","Cristian Correa, orcid.org/0000-0002-8608-6858","not-for-profit use only","Correa & Boisjoly fish collection v.2025-11-27","Fish Database Correa-Boisjoly","Occurrence"
"Correa, Cristian, and Maryse Boisjoly (2025) Chilean fish collection and empirical database (Version 2025-11-27) [Unpublished dataset].","","Correa.Boisjoly.collection.012047","Valle Exploradores","Río Sur",-46.334628,-73.4220399999999,2023,2023-01-10,"Oncorhynchus tshawytscha",1,"Angling","Cristian Correa, Simon Blanchet, Julien Cucherousset","CC BY-NC 4.0","Cristian Correa, orcid.org/0000-0002-8608-6858","not-for-profit use only","Correa & Boisjoly fish collection v.2025-11-27","Fish Database Correa-Boisjoly","Occurrence"
"Correa, Cristian, and Maryse Boisjoly (2025) Chilean fish collection and empirical database (Version 2025-11-27) [Unpublished dataset].","","Correa.Boisjoly.collection.012040","Valle Exploradores","Río Sur",-46.334628,-73.4220399999999,2023,2023-01-10,"Salmo trutta",8,"Angling","Cristian Correa, Simon Blanchet, Julien Cucherousset","CC BY-NC 4.0","Cristian Correa, orcid.org/0000-0002-8608-6858","not-for-profit use only","Correa & Boisjoly fish collection v.2025-11-27","Fish Database Correa-Boisjoly","Occurrence"
"Correa, Cristian, and Maryse Boisjoly (2025) Chilean fish collection and empirical database (Version 2025-11-27) [Unpublished dataset].","","Correa.Boisjoly.collection.007086","Valle Exploradores","Río Sur",-46.33180998,-73.42449797,2019,2019-01-17,"Aplochiton taeniatus",1,"Fly fishing","Cristian Correa","CC BY-NC 4.0","Cristian Correa, orcid.org/0000-0002-8608-6858","not-for-profit use only","Correa & Boisjoly fish collection v.2025-11-27","Fish Database Correa-Boisjoly","Occurrence"
"Correa, Cristian, and Maryse Boisjoly (2025) Chilean fish collection and empirical database (Version 2025-11-27) [Unpublished dataset].","","Correa.Boisjoly.collection.007087","Valle Exploradores","Río Sur",-46.33180998,-73.42449797,2019,2019-01-17,"Oncorhynchus kisutch",1,"Fly fishing","Cristian Correa","CC BY-NC 4.0","Cristian Correa, orcid.org/0000-0002-8608-6858","not-for-profit use only","Correa & Boisjoly fish collection v.2025-11-27","Fish Database Correa-Boisjoly","Occurrence"
"Correa, Cristian, and Maryse Boisjoly (2025) Chilean fish collection and empirical database (Version 2025-11-27) [Unpublished dataset].","","Correa.Boisjoly.collection.007989","Valle Exploradores","Río Sur",-46.33180998,-73.42449797,2019,2019-01-17,"Oncorhynchus tshawytscha",3,"Fly fishing","Cristian Correa","CC BY-NC 4.0","Cristian Correa, orcid.org/0000-0002-8608-6858","not-for-profit use only","Correa & Boisjoly fish collection v.2025-11-27","Fish Database Correa-Boisjoly","Occurrence"
"Correa, Cristian, and Maryse Boisjoly (2025) Chilean fish collection and empirical database (Version 2025-11-27) [Unpublished dataset].","","Correa.Boisjoly.collection.007988","Valle Exploradores","Río Sur",-46.33180998,-73.42449797,2019,2019-01-17,"Salmo trutta",10,"Fly fishing","Cristian Correa","CC BY-NC 4.0","Cristian Correa, orcid.org/0000-0002-8608-6858","not-for-profit use only","Correa & Boisjoly fish collection v.2025-11-27","Fish Database Correa-Boisjoly","Occurrence"
"Correa, Cristian, and Maryse Boisjoly (2025) Chilean fish collection and empirical database (Version 2025-11-27) [Unpublished dataset].","","Correa.Boisjoly.collection.012095","Valle Exploradores","Río Teresa",-46.352131,-73.319928,2023,2023-01-11,"Oncorhynchus tshawytscha",2,"Angling","Cristian Correa, Simon Blanchet, Julien Cucherousset","CC BY-NC 4.0","Cristian Correa, orcid.org/0000-0002-8608-6858","not-for-profit use only","Correa & Boisjoly fish collection v.2025-11-27","Fish Database Correa-Boisjoly","Occurrence"
"Correa, Cristian, and Maryse Boisjoly (2025) Chilean fish collection and empirical database (Version 2025-11-27) [Unpublished dataset].","","Correa.Boisjoly.collection.012064","Valle Exploradores","Río Teresa",-46.3458919999999,-73.3155119999999,2023,2023-01-11,"Oncorhynchus tshawytscha",4,"Angling","Cristian Correa, Julien Cucherousset, Simon Blanchet","CC BY-NC 4.0","Cristian Correa, orcid.org/0000-0002-8608-6858","not-for-profit use only","Correa & Boisjoly fish collection v.2025-11-27","Fish Database Correa-Boisjoly","Occurrence"
"Correa, Cristian, and Maryse Boisjoly (2025) Chilean fish collection and empirical database (Version 2025-11-27) [Unpublished dataset].","","Correa.Boisjoly.collection.012049","Valle Exploradores","Río Teresa",-46.3458919999999,-73.3155119999999,2023,2023-01-11,"Salmo trutta",15,"Angling","Cristian Correa, Julien Cucherousset, Simon Blanchet","CC BY-NC 4.0","Cristian Correa, orcid.org/0000-0002-8608-6858","not-for-profit use only","Correa & Boisjoly fish collection v.2025-11-27","Fish Database Correa-Boisjoly","Occurrence"
"Correa, Cristian, and Maryse Boisjoly (2025) Chilean fish collection and empirical database (Version 2025-11-27) [Unpublished dataset].","","Correa.Boisjoly.collection.008696","Rio Trainel","Río Trainel",-42.65423999,-73.84798299,2017,2017-02-22,"Salmo trutta",15,"Casting Net, Dip net","Cristian Correa, Maryse Boisjoly","CC BY-NC 4.0","Cristian Correa, orcid.org/0000-0002-8608-6858","not-for-profit use only","Correa & Boisjoly fish collection v.2025-11-27","Fish Database Correa-Boisjoly","Occurrence"
"Correa, Cristian, and Maryse Boisjoly (2025) Chilean fish collection and empirical database (Version 2025-11-27) [Unpublished dataset].","","Correa.Boisjoly.collection.011916","Lago General Carrera","Río Tranquilo",-46.6243,-72.682061,2022,2022-12-03,"Oncorhynchus mykiss",8,"Casting Net","Cristian Correa","CC BY-NC 4.0","Cristian Correa, orcid.org/0000-0002-8608-6858","not-for-profit use only","Correa & Boisjoly fish collection v.2025-11-27","Fish Database Correa-Boisjoly","Occurrence"
"Correa, Cristian, and Maryse Boisjoly (2025) Chilean fish collection and empirical database (Version 2025-11-27) [Unpublished dataset].","","Correa.Boisjoly.collection.011915","Lago General Carrera","Río Tranquilo",-46.6243,-72.682061,2022,2022-12-03,"Salmo trutta",11,"Casting Net","Cristian Correa","CC BY-NC 4.0","Cristian Correa, orcid.org/0000-0002-8608-6858","not-for-profit use only","Correa & Boisjoly fish collection v.2025-11-27","Fish Database Correa-Boisjoly","Occurrence"
"Correa, Cristian, and Maryse Boisjoly (2025) Chilean fish collection and empirical database (Version 2025-11-27) [Unpublished dataset].","","Correa.Boisjoly.collection.012165","Lago General Carrera","Río Tranquilo",-46.6226,-72.6781,2023,2023-01-14,"Salmo trutta",14,"Electric fishing","Cristian Correa, Julien Cucherousset, Simon Blanchet","CC BY-NC 4.0","Cristian Correa, orcid.org/0000-0002-8608-6858","not-for-profit use only","Correa & Boisjoly fish collection v.2025-11-27","Fish Database Correa-Boisjoly","Occurrence"
"Correa, Cristian, and Maryse Boisjoly (2025) Chilean fish collection and empirical database (Version 2025-11-27) [Unpublished dataset].","","Correa.Boisjoly.collection.012187","Lago General Carrera","Río Tranquilo",-46.6103,-72.7552,2023,2023-01-14,"Oncorhynchus mykiss",1,"Electric fishing","Cristian Correa, Julien Cucherousset, Simon Blanchet","CC BY-NC 4.0","Cristian Correa, orcid.org/0000-0002-8608-6858","not-for-profit use only","Correa & Boisjoly fish collection v.2025-11-27","Fish Database Correa-Boisjoly","Occurrence"
"Correa, Cristian, and Maryse Boisjoly (2025) Chilean fish collection and empirical database (Version 2025-11-27) [Unpublished dataset].","","Correa.Boisjoly.collection.012179","Lago General Carrera","Río Tranquilo",-46.6103,-72.7552,2023,2023-01-14,"Salmo trutta",22,"Electric fishing","Cristian Correa, Julien Cucherousset, Simon Blanchet","CC BY-NC 4.0","Cristian Correa, orcid.org/0000-0002-8608-6858","not-for-profit use only","Correa & Boisjoly fish collection v.2025-11-27","Fish Database Correa-Boisjoly","Occurrence"
"Correa, C., and Moran, P. 2017. Polyphyletic ancestry of expanding Patagonian Chinook salmon populations. Scientific Reports 7(1). doi: 10.1038/s41598-017-14465-y.","(Correa and Moran 2017) | (Correa and Gross 2008) | (Narum et al. 2017)","Correa.Boisjoly.collection.004293","Vargas (Baker)","Río Vargas",-47.698278,-73.076278,2004,2004-03-18,"Oncorhynchus tshawytscha",14,"Gillnet","Cristian Correa","CC BY-NC 4.0","Cristian Correa, orcid.org/0000-0002-8608-6858","not-for-profit use only","Correa & Boisjoly fish collection v.2025-11-27","Fish Database Correa-Boisjoly","Occurrence"
"Correa, Cristian, and Maryse Boisjoly (2025) Chilean fish collection and empirical database (Version 2025-11-27) [Unpublished dataset].","","Correa.Boisjoly.collection.001113","Vargas","Río Vargas",-47.683056,-73.036781,2007,2007-03-28,"Galaxias maculatus",40,"Electric fishing","Cristian Correa","CC BY-NC 4.0","Cristian Correa, orcid.org/0000-0002-8608-6858","not-for-profit use only","Correa & Boisjoly fish collection v.2025-11-27","Fish Database Correa-Boisjoly","Occurrence"
"Correa, C., and Moran, P. 2017. Polyphyletic ancestry of expanding Patagonian Chinook salmon populations. Scientific Reports 7(1). doi: 10.1038/s41598-017-14465-y.","(Correa and Moran 2017) | (Alò et al. 2019)","Correa.Boisjoly.collection.001153","Vargas","Río Vargas",-47.683056,-73.036781,2007,2007-03-28,"Oncorhynchus kisutch",29,"Electric fishing","Cristian Correa","CC BY-NC 4.0","Cristian Correa, orcid.org/0000-0002-8608-6858","not-for-profit use only","Correa & Boisjoly fish collection v.2025-11-27","Fish Database Correa-Boisjoly","Occurrence"
"Correa, Cristian, and Maryse Boisjoly (2025) Chilean fish collection and empirical database (Version 2025-11-27) [Unpublished dataset].","","Correa.Boisjoly.collection.001180","Vargas","Río Vargas",-47.683056,-73.036781,2007,2007-03-28,"Salmo trutta",17,"Electric fishing","Cristian Correa","CC BY-NC 4.0","Cristian Correa, orcid.org/0000-0002-8608-6858","not-for-profit use only","Correa & Boisjoly fish collection v.2025-11-27","Fish Database Correa-Boisjoly","Occurrence"
"Correa, Cristian, and Maryse Boisjoly (2025) Chilean fish collection and empirical database (Version 2025-11-27) [Unpublished dataset].","","Correa.Boisjoly.collection.007021","Valle Exploradores","Río Verde",-46.39449799,-73.29423901,2019,2019-01-12,"Oncorhynchus tshawytscha",14,"Casting Net","Cristian Correa, Julien Cucherousset, Simon Blanchet","CC BY-NC 4.0","Cristian Correa, orcid.org/0000-0002-8608-6858","not-for-profit use only","Correa & Boisjoly fish collection v.2025-11-27","Fish Database Correa-Boisjoly","Occurrence"
"Correa, Cristian, and Maryse Boisjoly (2025) Chilean fish collection and empirical database (Version 2025-11-27) [Unpublished dataset].","","Correa.Boisjoly.collection.007022","Valle Exploradores","Río Verde",-46.39449799,-73.29423901,2019,2019-01-12,"Salmo trutta",9,"Casting Net","Cristian Correa, Julien Cucherousset, Simon Blanchet","CC BY-NC 4.0","Cristian Correa, orcid.org/0000-0002-8608-6858","not-for-profit use only","Correa & Boisjoly fish collection v.2025-11-27","Fish Database Correa-Boisjoly","Occurrence"
"Correa, Cristian, and Maryse Boisjoly (2025) Chilean fish collection and empirical database (Version 2025-11-27) [Unpublished dataset].","","Correa.Boisjoly.collection.007023","Valle Exploradores","Río Verde",-46.39344396,-73.29302103,2019,2019-01-12,"Oncorhynchus tshawytscha",4,"Electric fishing","Cristian Correa, Julien Cucherousset, Simon Blanchet","CC BY-NC 4.0","Cristian Correa, orcid.org/0000-0002-8608-6858","not-for-profit use only","Correa & Boisjoly fish collection v.2025-11-27","Fish Database Correa-Boisjoly","Occurrence"
"Correa, Cristian, and Maryse Boisjoly (2025) Chilean fish collection and empirical database (Version 2025-11-27) [Unpublished dataset].","","Correa.Boisjoly.collection.007196","Valle Exploradores","Río Verde",-46.39233,-73.291341,2019,2019-01-12,"Oncorhynchus tshawytscha",3,"Electric fishing","Cristian Correa","CC BY-NC 4.0","Cristian Correa, orcid.org/0000-0002-8608-6858","not-for-profit use only","Correa & Boisjoly fish collection v.2025-11-27","Fish Database Correa-Boisjoly","Occurrence"
"Correa, Cristian, and Maryse Boisjoly (2025) Chilean fish collection and empirical database (Version 2025-11-27) [Unpublished dataset].","","Correa.Boisjoly.collection.007195","Valle Exploradores","Río Verde",-46.39233,-73.291341,2019,2019-01-12,"Salmo trutta",9,"Electric fishing","Cristian Correa","CC BY-NC 4.0","Cristian Correa, orcid.org/0000-0002-8608-6858","not-for-profit use only","Correa & Boisjoly fish collection v.2025-11-27","Fish Database Correa-Boisjoly","Occurrence"
"Correa, Cristian, and Maryse Boisjoly (2025) Chilean fish collection and empirical database (Version 2025-11-27) [Unpublished dataset].","","Correa.Boisjoly.collection.009515","Valle Exploradores","Río Verde",-46.39083,-73.28973,2019,2019-11-20,"Oncorhynchus tshawytscha",54,"Casting Net","Cristian Correa, Simon Blanchet, Julien Cucherousset","CC BY-NC 4.0","Cristian Correa, orcid.org/0000-0002-8608-6858","not-for-profit use only","Correa & Boisjoly fish collection v.2025-11-27","Fish Database Correa-Boisjoly","Occurrence"
"Correa, Cristian, and Maryse Boisjoly (2025) Chilean fish collection and empirical database (Version 2025-11-27) [Unpublished dataset].","","Correa.Boisjoly.collection.009514","Valle Exploradores","Río Verde",-46.39083,-73.28973,2019,2019-11-20,"Salmo trutta",0,"Casting Net","Cristian Correa, Simon Blanchet, Julien Cucherousset","CC BY-NC 4.0","Cristian Correa, orcid.org/0000-0002-8608-6858","not-for-profit use only","Correa & Boisjoly fish collection v.2025-11-27","Fish Database Correa-Boisjoly","Occurrence"
"Correa, Cristian, and Maryse Boisjoly (2025) Chilean fish collection and empirical database (Version 2025-11-27) [Unpublished dataset].","","Correa.Boisjoly.collection.012122","Valle Exploradores","Río Verde",-46.3890439999999,-73.2902639999999,2023,2023-01-12,"Oncorhynchus tshawytscha",11,"Angling","Cristian Correa, Simon Blanchet, Julien Cucherousset","CC BY-NC 4.0","Cristian Correa, orcid.org/0000-0002-8608-6858","not-for-profit use only","Correa & Boisjoly fish collection v.2025-11-27","Fish Database Correa-Boisjoly","Occurrence"
"Correa, Cristian, and Maryse Boisjoly (2025) Chilean fish collection and empirical database (Version 2025-11-27) [Unpublished dataset].","","Correa.Boisjoly.collection.012110","Valle Exploradores","Río Verde",-46.3890439999999,-73.2902639999999,2023,2023-01-12,"Salmo trutta",12,"Angling","Cristian Correa, Simon Blanchet, Julien Cucherousset","CC BY-NC 4.0","Cristian Correa, orcid.org/0000-0002-8608-6858","not-for-profit use only","Correa & Boisjoly fish collection v.2025-11-27","Fish Database Correa-Boisjoly","Occurrence"
"Correa, Cristian, and Maryse Boisjoly (2025) Chilean fish collection and empirical database (Version 2025-11-27) [Unpublished dataset].","","Correa.Boisjoly.collection.009398","Rio Yumbel","Río Yumbel",-53.802172,-71.029881,2020,2020-03-03,"Galaxias maculatus",35,"Casting Net","Cristian Correa, Benjamin Caceres","CC BY-NC 4.0","Cristian Correa, orcid.org/0000-0002-8608-6858","not-for-profit use only","Correa & Boisjoly fish collection v.2025-11-27","Fish Database Correa-Boisjoly","Occurrence"
"Correa, Cristian, and Maryse Boisjoly (2025) Chilean fish collection and empirical database (Version 2025-11-27) [Unpublished dataset].","","Correa.Boisjoly.collection.009395","Rio Yumbel","Río Yumbel",-53.802172,-71.029881,2020,2020-03-03,"Oncorhynchus mykiss",3,"Electric fishing","Cristian Correa, Benjamin Caceres","CC BY-NC 4.0","Cristian Correa, orcid.org/0000-0002-8608-6858","not-for-profit use only","Correa & Boisjoly fish collection v.2025-11-27","Fish Database Correa-Boisjoly","Occurrence"
"Correa, Cristian, and Maryse Boisjoly (2025) Chilean fish collection and empirical database (Version 2025-11-27) [Unpublished dataset].","","Correa.Boisjoly.collection.009379","Rio Yumbel","Río Yumbel",-53.802172,-71.029881,2020,2020-03-03,"Salmo trutta",16,"Casting Net, Electric fishing","Cristian Correa, Benjamin Caceres","CC BY-NC 4.0","Cristian Correa, orcid.org/0000-0002-8608-6858","not-for-profit use only","Correa & Boisjoly fish collection v.2025-11-27","Fish Database Correa-Boisjoly","Occurrence"
"Correa, Cristian, and Maryse Boisjoly (2025) Chilean fish collection and empirical database (Version 2025-11-27) [Unpublished dataset].","","Correa.Boisjoly.collection.001829","Ñireguao River","Río Ñireguao",-45.165414,-72.106689,2007,2007-01-24,"Oncorhynchus tshawytscha",1,"Fly fishing","Cristian Correa","CC BY-NC 4.0","Cristian Correa, orcid.org/0000-0002-8608-6858","not-for-profit use only","Correa & Boisjoly fish collection v.2025-11-27","Fish Database Correa-Boisjoly","Occurrence"
"Narum Shawn R., Gallardo Pablo, Correa Cristian, Matala Amanda, Hasselman Daniel, Sutherland Ben J. G., and Bernatchez Louis. 2017. Genomic patterns of diversity and divergence of two introduced salmonid species in Patagonia, South America. Evolutionary Applications 10(4): 402–416. doi: 10.1111/eva.12464.","(Narum et al. 2017) | (Correa and Moran 2017) | (Correa and Gross 2008) | (Alò et al. 2019)","Correa.Boisjoly.collection.004282","Ñireguao (Aysen)","Río Ñireguao",-45.165333,-72.1215,2004,2004-03-30,"Oncorhynchus tshawytscha",32,"Harpoon/Poaching","Cristian Correa","CC BY-NC 4.0","Cristian Correa, orcid.org/0000-0002-8608-6858","not-for-profit use only","Correa & Boisjoly fish collection v.2025-11-27","Fish Database Correa-Boisjoly","Occurrence"
"Correa, Cristian, and Maryse Boisjoly (2025) Chilean fish collection and empirical database (Version 2025-11-27) [Unpublished dataset].","","Correa.Boisjoly.collection.004514","Ñireguao River","Río Ñireguao",-45.16493004,-72.10584397,2014,2014-03-07,"Oncorhynchus mykiss",1,"Gill Net Salmonera","Cristian Correa, Maryse Boisjoly","CC BY-NC 4.0","Cristian Correa, orcid.org/0000-0002-8608-6858","not-for-profit use only","Correa & Boisjoly fish collection v.2025-11-27","Fish Database Correa-Boisjoly","Occurrence"
"Correa, Cristian, and Maryse Boisjoly (2025) Chilean fish collection and empirical database (Version 2025-11-27) [Unpublished dataset].","","Correa.Boisjoly.collection.004504","Ñireguao River","Río Ñireguao",-45.16493004,-72.10584397,2014,2014-03-07,"Oncorhynchus tshawytscha",13,"Gill Net Salmonera","Cristian Correa, Maryse Boisjoly","CC BY-NC 4.0","Cristian Correa, orcid.org/0000-0002-8608-6858","not-for-profit use only","Correa & Boisjoly fish collection v.2025-11-27","Fish Database Correa-Boisjoly","Occurrence"
"Correa, Cristian, and Maryse Boisjoly (2025) Chilean fish collection and empirical database (Version 2025-11-27) [Unpublished dataset].","","Correa.Boisjoly.collection.004515","Ñireguao River","Río Ñireguao",-45.16493004,-72.10584397,2014,2014-03-07,"Salmo trutta",1,"Gill Net Salmonera","Cristian Correa, Maryse Boisjoly","CC BY-NC 4.0","Cristian Correa, orcid.org/0000-0002-8608-6858","not-for-profit use only","Correa & Boisjoly fish collection v.2025-11-27","Fish Database Correa-Boisjoly","Occurrence"
"Correa, Cristian, and Maryse Boisjoly (2025) Chilean fish collection and empirical database (Version 2025-11-27) [Unpublished dataset].","","Correa.Boisjoly.collection.012328","Río Puelo","Rîo Puelo",-41.635971,-72.250799,2023,2023-11-12,"Cheirodon",13,"Seine net","CC BD","CC BY-NC 4.0","Cristian Correa, orcid.org/0000-0002-8608-6858","not-for-profit use only","Correa & Boisjoly fish collection v.2025-11-27","Fish Database Correa-Boisjoly","Occurrence"
"Correa, Cristian, and Maryse Boisjoly (2025) Chilean fish collection and empirical database (Version 2025-11-27) [Unpublished dataset].","","Correa.Boisjoly.collection.012341","Río Puelo","Rîo Puelo",-41.635971,-72.250799,2023,2023-11-12,"Galaxias maculatus",2,"Seine net","CC BD","CC BY-NC 4.0","Cristian Correa, orcid.org/0000-0002-8608-6858","not-for-profit use only","Correa & Boisjoly fish collection v.2025-11-27","Fish Database Correa-Boisjoly","Occurrence"
"Correa, Cristian, and Maryse Boisjoly (2025) Chilean fish collection and empirical database (Version 2025-11-27) [Unpublished dataset].","","Correa.Boisjoly.collection.012343","Río Puelo","Rîo Puelo",-41.635971,-72.250799,2023,2023-11-12,"Oncorhynchus tshawytscha",1,"Seine net","CC BD","CC BY-NC 4.0","Cristian Correa, orcid.org/0000-0002-8608-6858","not-for-profit use only","Correa & Boisjoly fish collection v.2025-11-27","Fish Database Correa-Boisjoly","Occurrence"
"Correa, Cristian, and Maryse Boisjoly (2025) Chilean fish collection and empirical database (Version 2025-11-27) [Unpublished dataset].","","Correa.Boisjoly.collection.005225","Seno de Última Esperanza","Seno de Última Esperanza",-51.59132699,-72.78386601,2015,2015-04-09,"Eleginops maclovinus",3,"Gill Net Aplochitonera","Cristian Correa, Maryse Boisjoly","CC BY-NC 4.0","Cristian Correa, orcid.org/0000-0002-8608-6858","not-for-profit use only","Correa & Boisjoly fish collection v.2025-11-27","Fish Database Correa-Boisjoly","Occurrence"
"Correa, Cristian, and Maryse Boisjoly (2025) Chilean fish collection and empirical database (Version 2025-11-27) [Unpublished dataset].","","Correa.Boisjoly.collection.005211","Seno de Última Esperanza","Seno de Última Esperanza",-51.59132699,-72.78386601,2015,2015-04-09,"Odontesthes smitti",130,"Gill Net Aplochitonera","Cristian Correa, Maryse Boisjoly","CC BY-NC 4.0","Cristian Correa, orcid.org/0000-0002-8608-6858","not-for-profit use only","Correa & Boisjoly fish collection v.2025-11-27","Fish Database Correa-Boisjoly","Occurrence"
"Correa, Cristian, and Maryse Boisjoly (2025) Chilean fish collection and empirical database (Version 2025-11-27) [Unpublished dataset].","","Correa.Boisjoly.collection.005221","Seno de Última Esperanza","Seno de Última Esperanza",-51.59132699,-72.78386601,2015,2015-04-09,"Patagonotothen sp",5,"Gill Net Aplochitonera","Cristian Correa, Maryse Boisjoly","CC BY-NC 4.0","Cristian Correa, orcid.org/0000-0002-8608-6858","not-for-profit use only","Correa & Boisjoly fish collection v.2025-11-27","Fish Database Correa-Boisjoly","Occurrence"
"Correa, Cristian, and Maryse Boisjoly (2025) Chilean fish collection and empirical database (Version 2025-11-27) [Unpublished dataset].","","Correa.Boisjoly.collection.005175","Seno de Última Esperanza","Seno de Última Esperanza",-51.41491801,-73.09617296,2015,2015-04-06,"Champsocephalus esox",3,"Gill Net Aplochitonera","Cristian Correa, Maryse Boisjoly","CC BY-NC 4.0","Cristian Correa, orcid.org/0000-0002-8608-6858","not-for-profit use only","Correa & Boisjoly fish collection v.2025-11-27","Fish Database Correa-Boisjoly","Occurrence"
"Correa, Cristian, and Maryse Boisjoly (2025) Chilean fish collection and empirical database (Version 2025-11-27) [Unpublished dataset].","","Correa.Boisjoly.collection.005181","Seno de Última Esperanza","Seno de Última Esperanza",-51.41491801,-73.09617296,2015,2015-04-06,"Eleginops maclovinus",2,"Gill Net Aplochitonera","Cristian Correa, Maryse Boisjoly","CC BY-NC 4.0","Cristian Correa, orcid.org/0000-0002-8608-6858","not-for-profit use only","Correa & Boisjoly fish collection v.2025-11-27","Fish Database Correa-Boisjoly","Occurrence"
"Correa, Cristian, and Maryse Boisjoly (2025) Chilean fish collection and empirical database (Version 2025-11-27) [Unpublished dataset].","","Correa.Boisjoly.collection.005178","Seno de Última Esperanza","Seno de Última Esperanza",-51.41491801,-73.09617296,2015,2015-04-06,"Patagonotothen sp",2,"Gill Net Aplochitonera","Cristian Correa, Maryse Boisjoly","CC BY-NC 4.0","Cristian Correa, orcid.org/0000-0002-8608-6858","not-for-profit use only","Correa & Boisjoly fish collection v.2025-11-27","Fish Database Correa-Boisjoly","Occurrence"
"Correa, Cristian, and Maryse Boisjoly (2025) Chilean fish collection and empirical database (Version 2025-11-27) [Unpublished dataset].","","Correa.Boisjoly.collection.005180","Seno de Última Esperanza","Seno de Última Esperanza",-51.41491801,-73.09617296,2015,2015-04-06,"Salmo trutta",1,"Gill Net Aplochitonera","Cristian Correa, Maryse Boisjoly","CC BY-NC 4.0","Cristian Correa, orcid.org/0000-0002-8608-6858","not-for-profit use only","Correa & Boisjoly fish collection v.2025-11-27","Fish Database Correa-Boisjoly","Occurrence"
"Alò, D., Correa, C., Arias, C., and Cárdenas, L. 2013. Diversity of Aplochiton fishes (Galaxiidea) and the taxonomic resurrection of A. marinus. PLoS ONE 8(8): e71577.","(Alò et al. 2013) | (Alò et al. 2019)","Correa.Boisjoly.collection.003979","Tocoihue","Tocoihue",-42.304794,-73.437125,2011,2011-01-21,"Aplochiton zebra",46,"Dip net","Cristian Correa","CC BY-NC 4.0","Cristian Correa, orcid.org/0000-0002-8608-6858","not-for-profit use only","Correa & Boisjoly fish collection v.2025-11-27","Fish Database Correa-Boisjoly","Occurrence"
"Alò, D., Correa, C., Samaniego, H., Krabbenhoft, C.A., and Turner, T.F. 2019. Otolith microchemistry and diadromy in Patagonian river fishes. PeerJ 7: e6149. PeerJ Inc. doi: 10.7717/peerj.6149.","(Alò et al. 2019)","Correa.Boisjoly.collection.004066","Tocoihue","Tocoihue",-42.304794,-73.437125,2011,2011-01-21,"Galaxias maculatus",39,"Dip net","Cristian Correa","CC BY-NC 4.0","Cristian Correa, orcid.org/0000-0002-8608-6858","not-for-profit use only","Correa & Boisjoly fish collection v.2025-11-27","Fish Database Correa-Boisjoly","Occurrence"
"Correa, C., and Gross, M.R. 2008. Chinook salmon invade southern South America. Biological Invasions 10: 615–639. doi: 10.1007/s10530-007-9157-2.","(Correa and Gross 2008)","Correa.Boisjoly.collection.004353","Tortel (Coastal)","Tortel",-47.806583,-73.548194,2004,2004-03-20,"Oncorhynchus tshawytscha",1,"Hand","Cristian Correa","CC BY-NC 4.0","Cristian Correa, orcid.org/0000-0002-8608-6858","not-for-profit use only","Correa & Boisjoly fish collection v.2025-11-27","Fish Database Correa-Boisjoly","Occurrence"
"Correa, Cristian, and Maryse Boisjoly (2025) Chilean fish collection and empirical database (Version 2025-11-27) [Unpublished dataset].","","Correa.Boisjoly.collection.003425","Tortel","Tortel",-47.805979,-73.548009,2007,2007-03-24,"Eleginops maclovinus",1,"Electric fishing","Cristian Correa","CC BY-NC 4.0","Cristian Correa, orcid.org/0000-0002-8608-6858","not-for-profit use only","Correa & Boisjoly fish collection v.2025-11-27","Fish Database Correa-Boisjoly","Occurrence"
"Correa, Cristian, and Maryse Boisjoly (2025) Chilean fish collection and empirical database (Version 2025-11-27) [Unpublished dataset].","","Correa.Boisjoly.collection.003371","Tortel","Tortel",-47.805979,-73.548009,2007,2007-03-24,"Galaxias maculatus",54,"Electric fishing","Cristian Correa","CC BY-NC 4.0","Cristian Correa, orcid.org/0000-0002-8608-6858","not-for-profit use only","Correa & Boisjoly fish collection v.2025-11-27","Fish Database Correa-Boisjoly","Occurrence"
"Narum Shawn R., Gallardo Pablo, Correa Cristian, Matala Amanda, Hasselman Daniel, Sutherland Ben J. G., and Bernatchez Louis. 2017. Genomic patterns of diversity and divergence of two introduced salmonid species in Patagonia, South America. Evolutionary Applications 10(4): 402–416. doi: 10.1111/eva.12464.","(Narum et al. 2017)","Correa.Boisjoly.collection.003539","Tortel","Tortel",-47.805979,-73.548009,2007,2007-03-24,"Oncorhynchus tshawytscha",1,"Electric fishing","Cristian Correa","CC BY-NC 4.0","Cristian Correa, orcid.org/0000-0002-8608-6858","not-for-profit use only","Correa & Boisjoly fish collection v.2025-11-27","Fish Database Correa-Boisjoly","Occurrence"
