"occurrenceID","decimalLongitude","decimalLatitude","locality","scientificName","year","eventDate","bibliographicCitation","eventRemarks","license","datasetName","datasetName_tmp","basisOfRecord"
"CCorrea.Lit.Review.19",-72.42929,-41.14823,"Río Petrohué","Salvelinus fontinalis",1932,"1932","Basulto del Campo, S. (2003) El largo viaje de los salmones. Una crónica olvidada. Propagación y cultivo de especies acuáticas en Chile.. Maval Ltda. Santiago, Chile. 299pp.","1932 Brook trout cross the Todos Los Santos lake and are fished in the Petrohué river. Also are found in the Manso and Puelo that flow from Argentina, where the species has reached an wide distribution (Heussen, A. 1998 in Basulto 2003). Geolocation: General","CC BY-NC 4.0","Literature review dataset of Chilean freshwater and diadromous fish occurrences, compiled by C. Correa (v2009)","FishGIS_metaDatabase_CCorrea","Occurrence"
"CCorrea.Lit.Review.20",-71.94293,-41.63285,"Río Manso","Salvelinus fontinalis",1932,"1932","Basulto del Campo, S. (2003) El largo viaje de los salmones. Una crónica olvidada. Propagación y cultivo de especies acuáticas en Chile.. Maval Ltda. Santiago, Chile. 299pp.","1932 Brook trout cross the Todos Los Santos lake and are fished in the Petrohué river. Also are found in the Manso and Puelo that flow from Argentina, where the species has reached an wide distribution (Heussen, A. 1998 in Basulto 2003). Geolocation: General","CC BY-NC 4.0","Literature review dataset of Chilean freshwater and diadromous fish occurrences, compiled by C. Correa (v2009)","FishGIS_metaDatabase_CCorrea","Occurrence"
"CCorrea.Lit.Review.21",-72.09055,-41.70779,"Río Puelo","Salvelinus fontinalis",1932,"1932","Basulto del Campo, S. (2003) El largo viaje de los salmones. Una crónica olvidada. Propagación y cultivo de especies acuáticas en Chile.. Maval Ltda. Santiago, Chile. 299pp.","1932 Brook trout cross the Todos Los Santos lake and are fished in the Petrohué river. Also are found in the Manso and Puelo that flow from Argentina, where the species has reached an wide distribution (Heussen, A. 1998 in Basulto 2003). Geolocation: General","CC BY-NC 4.0","Literature review dataset of Chilean freshwater and diadromous fish occurrences, compiled by C. Correa (v2009)","FishGIS_metaDatabase_CCorrea","Occurrence"
"CCorrea.Lit.Review.23",-72.94168,-43.62392,"Bahía Tic-Toc","Oncorhynchus tshawytscha",1931,"1931","Basulto del Campo, S. (2003) El largo viaje de los salmones. Una crónica olvidada. Propagación y cultivo de especies acuáticas en Chile.. Maval Ltda. Santiago, Chile. 299pp.","1931 In February, 1931, a professional who was measuring the Tic-Toc bay, reported the gillnetting of abundant 'salmonid trout' and 'king salmon' of 4.5k average. Eight years before, salmonid eggs were stocked in the area (Fegerstom 1989 in Basulto 2003). Geolocation: Approximate","CC BY-NC 4.0","Literature review dataset of Chilean freshwater and diadromous fish occurrences, compiled by C. Correa (v2009)","FishGIS_metaDatabase_CCorrea","Occurrence"
"CCorrea.Lit.Review.24",-72.70839,-44.74037,"Río Cisnes","Salmo salar",1941,"1941","Basulto del Campo, S. (2003) El largo viaje de los salmones. Una crónica olvidada. Propagación y cultivo de especies acuáticas en Chile.. Maval Ltda. Santiago, Chile. 299pp.","1941 Golusda (1941) confirmed the prescence of Rhin's salmon (Atlantic salmon) of 14 to 15 k in the mouth of River Cisnes, in salt water (Golusda, P. 1941 in Basulto 2003). Geolocation: Approximate","CC BY-NC 4.0","Literature review dataset of Chilean freshwater and diadromous fish occurrences, compiled by C. Correa (v2009)","FishGIS_metaDatabase_CCorrea","Occurrence"
"CCorrea.Lit.Review.26",-72.41107,-51.73711,"Nearby Pto. Natales","Oncorhynchus keta",1986,"1986","Basulto del Campo, S. (2003) El largo viaje de los salmones. Una crónica olvidada. Propagación y cultivo de especies acuáticas en Chile.. Maval Ltda. Santiago, Chile. 299pp.","1986 Only the chum salmon were reported. Geolocation: General","CC BY-NC 4.0","Literature review dataset of Chilean freshwater and diadromous fish occurrences, compiled by C. Correa (v2009)","FishGIS_metaDatabase_CCorrea","Occurrence"
"CCorrea.Lit.Review.27",-71.97437,-46.2858,"Pto. Ibañez, Lago General Carrera","Oncorhynchus masou",1989,"1989","Basulto del Campo, S. (2003) El largo viaje de los salmones. Una crónica olvidada. Propagación y cultivo de especies acuáticas en Chile.. Maval Ltda. Santiago, Chile. 299pp.","1989 Only the cherry salmon were reported. In March, 1989, a 600 salmon run was detected going back to spawn to the the site where were released (Nakazawa, A. and M. Sakai 1989 in Basulto 2003.). Geolocation: General","CC BY-NC 4.0","Literature review dataset of Chilean freshwater and diadromous fish occurrences, compiled by C. Correa (v2009)","FishGIS_metaDatabase_CCorrea","Occurrence"
"CCorrea.Lit.Review.28",-72.15183,-45.64443,"Río Simpson, near Coihaique, about 50 km from the mouth of the river.","Oncorhynchus tshawytscha",2001,"2001","Behnke, Robert J.; illustrated by  Joseph R. Tomelleri; froreword by Thomas McGuane. (2002) Trout and Salmon of North America. The free press, New York. 359pp.","2001 Robert Behnke observed adults (assumed to be in a spawning run) and smolts from the previous year's spawning.","CC BY-NC 4.0","Literature review dataset of Chilean freshwater and diadromous fish occurrences, compiled by C. Correa (v2009)","FishGIS_metaDatabase_CCorrea","Occurrence"
"CCorrea.Lit.Review.67",-72.77706,-41.43988,"Site 11: Río Ñanco","Oncorhynchus mykiss",1997,"1997","Wood, Jonathan D. (1997) The distribution of feral salmonids in inland Chilean Waters.. Unpublishes thesis to obtain the degree of M.Sc. In Aquaculture, University of Stirling 85pp.","1997 ","CC BY-NC 4.0","Literature review dataset of Chilean freshwater and diadromous fish occurrences, compiled by C. Correa (v2009)","FishGIS_metaDatabase_CCorrea","Occurrence"
"CCorrea.Lit.Review.68",-72.77706,-41.43988,"Site 11: Río Ñanco","Salmo trutta",1997,"1997","Wood, Jonathan D. (1997) The distribution of feral salmonids in inland Chilean Waters.. Unpublishes thesis to obtain the degree of M.Sc. In Aquaculture, University of Stirling 85pp.","1997 ","CC BY-NC 4.0","Literature review dataset of Chilean freshwater and diadromous fish occurrences, compiled by C. Correa (v2009)","FishGIS_metaDatabase_CCorrea","Occurrence"
"CCorrea.Lit.Review.69",-72.77706,-41.43988,"Site 11: Río Ñanco","Galaxias maculatus",1997,"1997","Wood, Jonathan D. (1997) The distribution of feral salmonids in inland Chilean Waters.. Unpublishes thesis to obtain the degree of M.Sc. In Aquaculture, University of Stirling 85pp.","1997 ","CC BY-NC 4.0","Literature review dataset of Chilean freshwater and diadromous fish occurrences, compiled by C. Correa (v2009)","FishGIS_metaDatabase_CCorrea","Occurrence"
"CCorrea.Lit.Review.70",-72.77706,-41.43988,"Site 11: Río Ñanco","Mordacia/Caragola sp.",1997,"1997","Wood, Jonathan D. (1997) The distribution of feral salmonids in inland Chilean Waters.. Unpublishes thesis to obtain the degree of M.Sc. In Aquaculture, University of Stirling 85pp.","1997 ","CC BY-NC 4.0","Literature review dataset of Chilean freshwater and diadromous fish occurrences, compiled by C. Correa (v2009)","FishGIS_metaDatabase_CCorrea","Occurrence"
"CCorrea.Lit.Review.71",-72.77706,-41.43988,"Site 11: Río Ñanco","Velesia sp.",1997,"1997","Wood, Jonathan D. (1997) The distribution of feral salmonids in inland Chilean Waters.. Unpublishes thesis to obtain the degree of M.Sc. In Aquaculture, University of Stirling 85pp.","1997 ","CC BY-NC 4.0","Literature review dataset of Chilean freshwater and diadromous fish occurrences, compiled by C. Correa (v2009)","FishGIS_metaDatabase_CCorrea","Occurrence"
"CCorrea.Lit.Review.72",-72.74245,-41.52607,"Site 12: Río Quillaipe","Salmo trutta",1997,"1997","Wood, Jonathan D. (1997) The distribution of feral salmonids in inland Chilean Waters.. Unpublishes thesis to obtain the degree of M.Sc. In Aquaculture, University of Stirling 85pp.","1997 ","CC BY-NC 4.0","Literature review dataset of Chilean freshwater and diadromous fish occurrences, compiled by C. Correa (v2009)","FishGIS_metaDatabase_CCorrea","Occurrence"
"CCorrea.Lit.Review.73",-72.74245,-41.52607,"Site 12: Río Quillaipe","Oncorhynchus kisutch",1997,"1997","Wood, Jonathan D. (1997) The distribution of feral salmonids in inland Chilean Waters.. Unpublishes thesis to obtain the degree of M.Sc. In Aquaculture, University of Stirling 85pp.","1997 ","CC BY-NC 4.0","Literature review dataset of Chilean freshwater and diadromous fish occurrences, compiled by C. Correa (v2009)","FishGIS_metaDatabase_CCorrea","Occurrence"
"CCorrea.Lit.Review.74",-72.74245,-41.52607,"Site 12: Río Quillaipe","Galaxias maculatus",1997,"1997","Wood, Jonathan D. (1997) The distribution of feral salmonids in inland Chilean Waters.. Unpublishes thesis to obtain the degree of M.Sc. In Aquaculture, University of Stirling 85pp.","1997 ","CC BY-NC 4.0","Literature review dataset of Chilean freshwater and diadromous fish occurrences, compiled by C. Correa (v2009)","FishGIS_metaDatabase_CCorrea","Occurrence"
"CCorrea.Lit.Review.75",-72.74245,-41.52607,"Site 12: Río Quillaipe","Aplochiton taeniatus",1997,"1997","Wood, Jonathan D. (1997) The distribution of feral salmonids in inland Chilean Waters.. Unpublishes thesis to obtain the degree of M.Sc. In Aquaculture, University of Stirling 85pp.","1997 ","CC BY-NC 4.0","Literature review dataset of Chilean freshwater and diadromous fish occurrences, compiled by C. Correa (v2009)","FishGIS_metaDatabase_CCorrea","Occurrence"
"CCorrea.Lit.Review.103",-72.46221,-41.18372,"Laguna Los Patos","Oncorhynchus mykiss",1996,"1996","Fernando Jara S. & Doris Soto B. (1997) Recaptura salmones retornantes en río Petrohué.. Universidad Austral de Chile 19pp.","1996  Geolocation: The position of the point is not accurate.","CC BY-NC 4.0","Literature review dataset of Chilean freshwater and diadromous fish occurrences, compiled by C. Correa (v2009)","FishGIS_metaDatabase_CCorrea","Occurrence"
"CCorrea.Lit.Review.104",-72.46221,-41.18372,"Laguna Los Patos","Salmo trutta",1996,"1996","Fernando Jara S. & Doris Soto B. (1997) Recaptura salmones retornantes en río Petrohué.. Universidad Austral de Chile 19pp.","1996  Geolocation: The position of the point is not accurate.","CC BY-NC 4.0","Literature review dataset of Chilean freshwater and diadromous fish occurrences, compiled by C. Correa (v2009)","FishGIS_metaDatabase_CCorrea","Occurrence"
"CCorrea.Lit.Review.105",-72.46221,-41.18372,"Laguna Los Patos","Oncorhynchus kisutch",1996,"1996","Fernando Jara S. & Doris Soto B. (1997) Recaptura salmones retornantes en río Petrohué.. Universidad Austral de Chile 19pp.","1996  Geolocation: The position of the point is not accurate.","CC BY-NC 4.0","Literature review dataset of Chilean freshwater and diadromous fish occurrences, compiled by C. Correa (v2009)","FishGIS_metaDatabase_CCorrea","Occurrence"
"CCorrea.Lit.Review.106",-72.46221,-41.18372,"Laguna Los Patos","Oncorhynchus tshawytscha",1996,"1996","Fernando Jara S. & Doris Soto B. (1997) Recaptura salmones retornantes en río Petrohué.. Universidad Austral de Chile 19pp.","1996 Chinooks were apparently at the end of the reproductive season; direct observations revealed that there were some spawning and many spawned individuals. Empty stomach content. Geolocation: The position of the point is not accurate.","CC BY-NC 4.0","Literature review dataset of Chilean freshwater and diadromous fish occurrences, compiled by C. Correa (v2009)","FishGIS_metaDatabase_CCorrea","Occurrence"
"CCorrea.Lit.Review.107",-72.46221,-41.18372,"Laguna Los Patos","Salvelinus fontinalis",1996,"1996","Fernando Jara S. & Doris Soto B. (1997) Recaptura salmones retornantes en río Petrohué.. Universidad Austral de Chile 19pp.","1996  Geolocation: The position of the point is not accurate.","CC BY-NC 4.0","Literature review dataset of Chilean freshwater and diadromous fish occurrences, compiled by C. Correa (v2009)","FishGIS_metaDatabase_CCorrea","Occurrence"
"CCorrea.Lit.Review.191",-72.47477,-41.96528,"Río Cuchildeo","Oncorhynchus mykiss",2000,"2000","Doris Soto B.and Ivan Arismendi V. (2001) Evaluacion, ordenamiento y manejo  del potencial biológico para la pesca deportiva de la región de los lagos.. Gobierno Regional de Los Lagos Fondo Nacional de Desarrollo Regional (FNDR) código B.I.P. 20109755-0; Universidad Austral de Chile.","2000 Caught in every sampling","CC BY-NC 4.0","Literature review dataset of Chilean freshwater and diadromous fish occurrences, compiled by C. Correa (v2009)","FishGIS_metaDatabase_CCorrea","Occurrence"
"CCorrea.Lit.Review.192",-72.47477,-41.96528,"Río Cuchildeo","Salmo trutta",2000,"2000","Doris Soto B.and Ivan Arismendi V. (2001) Evaluacion, ordenamiento y manejo  del potencial biológico para la pesca deportiva de la región de los lagos.. Gobierno Regional de Los Lagos Fondo Nacional de Desarrollo Regional (FNDR) código B.I.P. 20109755-0; Universidad Austral de Chile.","2000 Caught in every sampling","CC BY-NC 4.0","Literature review dataset of Chilean freshwater and diadromous fish occurrences, compiled by C. Correa (v2009)","FishGIS_metaDatabase_CCorrea","Occurrence"
"CCorrea.Lit.Review.193",-72.47477,-41.96528,"Río Cuchildeo","Salmo salar",2000,"2000","Doris Soto B.and Ivan Arismendi V. (2001) Evaluacion, ordenamiento y manejo  del potencial biológico para la pesca deportiva de la región de los lagos.. Gobierno Regional de Los Lagos Fondo Nacional de Desarrollo Regional (FNDR) código B.I.P. 20109755-0; Universidad Austral de Chile.","2000 Atlantic's were caught in May and November 2000.","CC BY-NC 4.0","Literature review dataset of Chilean freshwater and diadromous fish occurrences, compiled by C. Correa (v2009)","FishGIS_metaDatabase_CCorrea","Occurrence"
"CCorrea.Lit.Review.194",-72.47477,-41.96528,"Río Cuchildeo","Oncorhynchus tshawytscha",2000,"2000","Doris Soto B.and Ivan Arismendi V. (2001) Evaluacion, ordenamiento y manejo  del potencial biológico para la pesca deportiva de la región de los lagos.. Gobierno Regional de Los Lagos Fondo Nacional de Desarrollo Regional (FNDR) código B.I.P. 20109755-0; Universidad Austral de Chile.","2000 Chinooks were caught in November 2000","CC BY-NC 4.0","Literature review dataset of Chilean freshwater and diadromous fish occurrences, compiled by C. Correa (v2009)","FishGIS_metaDatabase_CCorrea","Occurrence"
"CCorrea.Lit.Review.195",-72.47477,-41.96528,"Río Cuchildeo","Oncorhynchus kisutch",2000,"2000","Doris Soto B.and Ivan Arismendi V. (2001) Evaluacion, ordenamiento y manejo  del potencial biológico para la pesca deportiva de la región de los lagos.. Gobierno Regional de Los Lagos Fondo Nacional de Desarrollo Regional (FNDR) código B.I.P. 20109755-0; Universidad Austral de Chile.","2000 Cohos were caught in February and May 2000","CC BY-NC 4.0","Literature review dataset of Chilean freshwater and diadromous fish occurrences, compiled by C. Correa (v2009)","FishGIS_metaDatabase_CCorrea","Occurrence"
"CCorrea.Lit.Review.196",-72.47477,-41.96528,"Río Cuchildeo","Lamprey",2000,"2000","Doris Soto B.and Ivan Arismendi V. (2001) Evaluacion, ordenamiento y manejo  del potencial biológico para la pesca deportiva de la región de los lagos.. Gobierno Regional de Los Lagos Fondo Nacional de Desarrollo Regional (FNDR) código B.I.P. 20109755-0; Universidad Austral de Chile.","2000 ","CC BY-NC 4.0","Literature review dataset of Chilean freshwater and diadromous fish occurrences, compiled by C. Correa (v2009)","FishGIS_metaDatabase_CCorrea","Occurrence"
"CCorrea.Lit.Review.197",-72.50077,-41.95095,"Río Cuchildeo-afluente","Salmo trutta",1999,"1999/2001","Doris Soto B.and Ivan Arismendi V. (2001) Evaluacion, ordenamiento y manejo  del potencial biológico para la pesca deportiva de la región de los lagos.. Gobierno Regional de Los Lagos Fondo Nacional de Desarrollo Regional (FNDR) código B.I.P. 20109755-0; Universidad Austral de Chile.","1999, 2000 Caught in every sampling.","CC BY-NC 4.0","Literature review dataset of Chilean freshwater and diadromous fish occurrences, compiled by C. Correa (v2009)","FishGIS_metaDatabase_CCorrea","Occurrence"
"CCorrea.Lit.Review.198",-72.39183,-41.89703,"Río Negro-afluente","Oncorhynchus mykiss",2000,"2000","Doris Soto B.and Ivan Arismendi V. (2001) Evaluacion, ordenamiento y manejo  del potencial biológico para la pesca deportiva de la región de los lagos.. Gobierno Regional de Los Lagos Fondo Nacional de Desarrollo Regional (FNDR) código B.I.P. 20109755-0; Universidad Austral de Chile.","2000 Caught in all but one sampling Geolocation: The position of the point is not accurate; coordinates were not reported.","CC BY-NC 4.0","Literature review dataset of Chilean freshwater and diadromous fish occurrences, compiled by C. Correa (v2009)","FishGIS_metaDatabase_CCorrea","Occurrence"
"CCorrea.Lit.Review.199",-72.39183,-41.89703,"Río Negro-afluente","Salmo trutta",2000,"2000","Doris Soto B.and Ivan Arismendi V. (2001) Evaluacion, ordenamiento y manejo  del potencial biológico para la pesca deportiva de la región de los lagos.. Gobierno Regional de Los Lagos Fondo Nacional de Desarrollo Regional (FNDR) código B.I.P. 20109755-0; Universidad Austral de Chile.","2000 Caught in all but one sampling Geolocation: The position of the point is not accurate; coordinates were not reported.","CC BY-NC 4.0","Literature review dataset of Chilean freshwater and diadromous fish occurrences, compiled by C. Correa (v2009)","FishGIS_metaDatabase_CCorrea","Occurrence"
"CCorrea.Lit.Review.200",-72.39183,-41.89703,"Río Negro-afluente","Salmo salar",2000,"2000","Doris Soto B.and Ivan Arismendi V. (2001) Evaluacion, ordenamiento y manejo  del potencial biológico para la pesca deportiva de la región de los lagos.. Gobierno Regional de Los Lagos Fondo Nacional de Desarrollo Regional (FNDR) código B.I.P. 20109755-0; Universidad Austral de Chile.","2000 May 2000. Geolocation: The position of the point is not accurate; coordinates were not reported.","CC BY-NC 4.0","Literature review dataset of Chilean freshwater and diadromous fish occurrences, compiled by C. Correa (v2009)","FishGIS_metaDatabase_CCorrea","Occurrence"
"CCorrea.Lit.Review.201",-72.39183,-41.89703,"Río Negro-afluente","Oncorhynchus tshawytscha",2000,"2000","Doris Soto B.and Ivan Arismendi V. (2001) Evaluacion, ordenamiento y manejo  del potencial biológico para la pesca deportiva de la región de los lagos.. Gobierno Regional de Los Lagos Fondo Nacional de Desarrollo Regional (FNDR) código B.I.P. 20109755-0; Universidad Austral de Chile.","2000 Chinooks were caught in May, August and November 2000 Geolocation: The position of the point is not accurate; coordinates were not reported.","CC BY-NC 4.0","Literature review dataset of Chilean freshwater and diadromous fish occurrences, compiled by C. Correa (v2009)","FishGIS_metaDatabase_CCorrea","Occurrence"
"CCorrea.Lit.Review.202",-72.39183,-41.89703,"Río Negro-afluente","Oncorhynchus kisutch",2000,"2000","Doris Soto B.and Ivan Arismendi V. (2001) Evaluacion, ordenamiento y manejo  del potencial biológico para la pesca deportiva de la región de los lagos.. Gobierno Regional de Los Lagos Fondo Nacional de Desarrollo Regional (FNDR) código B.I.P. 20109755-0; Universidad Austral de Chile.","2000 February 2000. Geolocation: The position of the point is not accurate; coordinates were not reported.","CC BY-NC 4.0","Literature review dataset of Chilean freshwater and diadromous fish occurrences, compiled by C. Correa (v2009)","FishGIS_metaDatabase_CCorrea","Occurrence"
"CCorrea.Lit.Review.203",-72.55918,-41.98041,"Río Pichicolo","Oncorhynchus mykiss",2000,"2000","Doris Soto B.and Ivan Arismendi V. (2001) Evaluacion, ordenamiento y manejo  del potencial biológico para la pesca deportiva de la región de los lagos.. Gobierno Regional de Los Lagos Fondo Nacional de Desarrollo Regional (FNDR) código B.I.P. 20109755-0; Universidad Austral de Chile.","2000 Caught in every sampling","CC BY-NC 4.0","Literature review dataset of Chilean freshwater and diadromous fish occurrences, compiled by C. Correa (v2009)","FishGIS_metaDatabase_CCorrea","Occurrence"
"CCorrea.Lit.Review.204",-72.55918,-41.98041,"Río Pichicolo","Salmo trutta",2000,"2000","Doris Soto B.and Ivan Arismendi V. (2001) Evaluacion, ordenamiento y manejo  del potencial biológico para la pesca deportiva de la región de los lagos.. Gobierno Regional de Los Lagos Fondo Nacional de Desarrollo Regional (FNDR) código B.I.P. 20109755-0; Universidad Austral de Chile.","2000 Caught in every sampling","CC BY-NC 4.0","Literature review dataset of Chilean freshwater and diadromous fish occurrences, compiled by C. Correa (v2009)","FishGIS_metaDatabase_CCorrea","Occurrence"
"CCorrea.Lit.Review.205",-72.55918,-41.98041,"Río Pichicolo","Oncorhynchus tshawytscha",2000,"2000","Doris Soto B.and Ivan Arismendi V. (2001) Evaluacion, ordenamiento y manejo  del potencial biológico para la pesca deportiva de la región de los lagos.. Gobierno Regional de Los Lagos Fondo Nacional de Desarrollo Regional (FNDR) código B.I.P. 20109755-0; Universidad Austral de Chile.","2000 Caught in May and November 2000.","CC BY-NC 4.0","Literature review dataset of Chilean freshwater and diadromous fish occurrences, compiled by C. Correa (v2009)","FishGIS_metaDatabase_CCorrea","Occurrence"
"CCorrea.Lit.Review.206",-72.55918,-41.98041,"Río Pichicolo","Galaxias maculatus",2000,"2000","Doris Soto B.and Ivan Arismendi V. (2001) Evaluacion, ordenamiento y manejo  del potencial biológico para la pesca deportiva de la región de los lagos.. Gobierno Regional de Los Lagos Fondo Nacional de Desarrollo Regional (FNDR) código B.I.P. 20109755-0; Universidad Austral de Chile.","2000 ","CC BY-NC 4.0","Literature review dataset of Chilean freshwater and diadromous fish occurrences, compiled by C. Correa (v2009)","FishGIS_metaDatabase_CCorrea","Occurrence"
"CCorrea.Lit.Review.260",-72.43206,-43.17613,"Lago Yelcho","Oncorhynchus mykiss",2001,"2001","Soto, D. (2002) Estudio del ciclo reproductivo de las principales especies objetivo de la pesca deportiva en la X región.. Proyecto FIP  2000-24 (2000-2001).","2001 Caught in every sampling. Geolocation: The position of the point is approximate.","CC BY-NC 4.0","Literature review dataset of Chilean freshwater and diadromous fish occurrences, compiled by C. Correa (v2009)","FishGIS_metaDatabase_CCorrea","Occurrence"
"CCorrea.Lit.Review.261",-72.43206,-43.17613,"Lago Yelcho","Salmo trutta",2001,"2001","Soto, D. (2002) Estudio del ciclo reproductivo de las principales especies objetivo de la pesca deportiva en la X región.. Proyecto FIP  2000-24 (2000-2001).","2001 Caught in every sampling. Geolocation: The position of the point is approximate.","CC BY-NC 4.0","Literature review dataset of Chilean freshwater and diadromous fish occurrences, compiled by C. Correa (v2009)","FishGIS_metaDatabase_CCorrea","Occurrence"
"CCorrea.Lit.Review.262",-72.43206,-43.17613,"Lago Yelcho","Salmo salar",2001,"2001","Soto, D. (2002) Estudio del ciclo reproductivo de las principales especies objetivo de la pesca deportiva en la X región.. Proyecto FIP  2000-24 (2000-2001).","2001 One Chinook were caught in May 2001. Geolocation: The position of the point is approximate.","CC BY-NC 4.0","Literature review dataset of Chilean freshwater and diadromous fish occurrences, compiled by C. Correa (v2009)","FishGIS_metaDatabase_CCorrea","Occurrence"
"CCorrea.Lit.Review.263",-72.43206,-43.17613,"Lago Yelcho","Oncorhynchus tshawytscha",2001,"2001","Soto, D. (2002) Estudio del ciclo reproductivo de las principales especies objetivo de la pesca deportiva en la X región.. Proyecto FIP  2000-24 (2000-2001).","2001 One Chinook were caught in April 2001. Geolocation: The position of the point is approximate.","CC BY-NC 4.0","Literature review dataset of Chilean freshwater and diadromous fish occurrences, compiled by C. Correa (v2009)","FishGIS_metaDatabase_CCorrea","Occurrence"
"CCorrea.Lit.Review.265",-72.46283,-41.18385,"Laguna Los Patos","Oncorhynchus mykiss",2000,"2000/2002","Soto, D. (2002) Estudio del ciclo reproductivo de las principales especies objetivo de la pesca deportiva en la X región.. Proyecto FIP  2000-24 (2000-2001).","2000, 2001 Percentages over total number of salmonids; some native species (?) were also caught. Geolocation: The position of the point is not accurate.","CC BY-NC 4.0","Literature review dataset of Chilean freshwater and diadromous fish occurrences, compiled by C. Correa (v2009)","FishGIS_metaDatabase_CCorrea","Occurrence"
"CCorrea.Lit.Review.266",-72.46283,-41.18385,"Laguna Los Patos","Salmo trutta",2000,"2000/2002","Soto, D. (2002) Estudio del ciclo reproductivo de las principales especies objetivo de la pesca deportiva en la X región.. Proyecto FIP  2000-24 (2000-2001).","2000, 2001 Percentages over total number of salmonids; some native species (?) were also caught. Geolocation: The position of the point is not accurate.","CC BY-NC 4.0","Literature review dataset of Chilean freshwater and diadromous fish occurrences, compiled by C. Correa (v2009)","FishGIS_metaDatabase_CCorrea","Occurrence"
"CCorrea.Lit.Review.267",-72.46283,-41.18385,"Laguna Los Patos","Oncorhynchus kisutch",2000,"2000/2002","Soto, D. (2002) Estudio del ciclo reproductivo de las principales especies objetivo de la pesca deportiva en la X región.. Proyecto FIP  2000-24 (2000-2001).","2000, 2001 Percentages over total number of salmonids; some native species (?) were also caught. Geolocation: The position of the point is not accurate.","CC BY-NC 4.0","Literature review dataset of Chilean freshwater and diadromous fish occurrences, compiled by C. Correa (v2009)","FishGIS_metaDatabase_CCorrea","Occurrence"
"CCorrea.Lit.Review.268",-72.46283,-41.18385,"Laguna Los Patos","Oncorhynchus tshawytscha",2000,"2000/2002","Soto, D. (2002) Estudio del ciclo reproductivo de las principales especies objetivo de la pesca deportiva en la X región.. Proyecto FIP  2000-24 (2000-2001).","2000, 2001 Percentages over total number of salmonids; some native species (?) were also caught. 140 adults were seen in reproductive activities in three days of March and April 2001. Geolocation: The position of the point is not accurate.","CC BY-NC 4.0","Literature review dataset of Chilean freshwater and diadromous fish occurrences, compiled by C. Correa (v2009)","FishGIS_metaDatabase_CCorrea","Occurrence"
"CCorrea.Lit.Review.269",-72.38705,-41.12001,"Lago Todos Los Santos","Oncorhynchus mykiss",2000,"2000","Soto, D. (2002) Estudio del ciclo reproductivo de las principales especies objetivo de la pesca deportiva en la X región.. Proyecto FIP  2000-24 (2000-2001).","2000  Geolocation: The position of the point is not accurate.","CC BY-NC 4.0","Literature review dataset of Chilean freshwater and diadromous fish occurrences, compiled by C. Correa (v2009)","FishGIS_metaDatabase_CCorrea","Occurrence"
"CCorrea.Lit.Review.270",-72.38705,-41.12001,"Lago Todos Los Santos","Salmo trutta",2000,"2000","Soto, D. (2002) Estudio del ciclo reproductivo de las principales especies objetivo de la pesca deportiva en la X región.. Proyecto FIP  2000-24 (2000-2001).","2000  Geolocation: The position of the point is not accurate.","CC BY-NC 4.0","Literature review dataset of Chilean freshwater and diadromous fish occurrences, compiled by C. Correa (v2009)","FishGIS_metaDatabase_CCorrea","Occurrence"
"CCorrea.Lit.Review.271",-72.38705,-41.12001,"Lago Todos Los Santos","Salmo salar",2000,"2000","Soto, D. (2002) Estudio del ciclo reproductivo de las principales especies objetivo de la pesca deportiva en la X región.. Proyecto FIP  2000-24 (2000-2001).","2000  Geolocation: The position of the point is not accurate.","CC BY-NC 4.0","Literature review dataset of Chilean freshwater and diadromous fish occurrences, compiled by C. Correa (v2009)","FishGIS_metaDatabase_CCorrea","Occurrence"
"CCorrea.Lit.Review.277",-72.36269,-43.33927,"Río Café","Oncorhynchus mykiss",2000,"2000/2002","Soto, D. (2002) Estudio del ciclo reproductivo de las principales especies objetivo de la pesca deportiva en la X región.. Proyecto FIP  2000-24 (2000-2001).","2000, 2001  Geolocation: The position of the point is not accurate; it is based on general figure.","CC BY-NC 4.0","Literature review dataset of Chilean freshwater and diadromous fish occurrences, compiled by C. Correa (v2009)","FishGIS_metaDatabase_CCorrea","Occurrence"
"CCorrea.Lit.Review.278",-72.36269,-43.33927,"Río Café","Salmo trutta",2000,"2000/2002","Soto, D. (2002) Estudio del ciclo reproductivo de las principales especies objetivo de la pesca deportiva en la X región.. Proyecto FIP  2000-24 (2000-2001).","2000, 2001  Geolocation: The position of the point is not accurate; it is based on general figure.","CC BY-NC 4.0","Literature review dataset of Chilean freshwater and diadromous fish occurrences, compiled by C. Correa (v2009)","FishGIS_metaDatabase_CCorrea","Occurrence"
"CCorrea.Lit.Review.279",-72.44188,-43.12616,"Río Fierro","Oncorhynchus mykiss",2000,"2000/2002","Soto, D. (2002) Estudio del ciclo reproductivo de las principales especies objetivo de la pesca deportiva en la X región.. Proyecto FIP  2000-24 (2000-2001).","2000, 2001  Geolocation: The position of the point is not accurate; it is based on general figure.","CC BY-NC 4.0","Literature review dataset of Chilean freshwater and diadromous fish occurrences, compiled by C. Correa (v2009)","FishGIS_metaDatabase_CCorrea","Occurrence"
"CCorrea.Lit.Review.280",-72.44188,-43.12616,"Río Fierro","Salmo trutta",2000,"2000/2002","Soto, D. (2002) Estudio del ciclo reproductivo de las principales especies objetivo de la pesca deportiva en la X región.. Proyecto FIP  2000-24 (2000-2001).","2000, 2001  Geolocation: The position of the point is not accurate; it is based on general figure.","CC BY-NC 4.0","Literature review dataset of Chilean freshwater and diadromous fish occurrences, compiled by C. Correa (v2009)","FishGIS_metaDatabase_CCorrea","Occurrence"
"CCorrea.Lit.Review.281",-72.39943,-43.30142,"Río Puente Naranjo 2","Oncorhynchus mykiss",2000,"2000/2002","Soto, D. (2002) Estudio del ciclo reproductivo de las principales especies objetivo de la pesca deportiva en la X región.. Proyecto FIP  2000-24 (2000-2001).","2000, 2001  Geolocation: The position of the point is not accurate; it is based on general figure.","CC BY-NC 4.0","Literature review dataset of Chilean freshwater and diadromous fish occurrences, compiled by C. Correa (v2009)","FishGIS_metaDatabase_CCorrea","Occurrence"
"CCorrea.Lit.Review.342",-70.06845,-53.95527,"Río Cóndor, cauce central y afluentes.","Oncorhynchus mykiss",1995,"1995","Vila, Irma; Leopoldo Fuentes, Marcelo Saavedra (1999) Ictiofauna en los sistemas límnicos de la isla grande, Tierra del Fuego, Chile.. Revista Chilena de Historia Natural 72: 273-284.","1995 Less abundant than brown trout. Geolocation: The position of the point is not accurate.","CC BY-NC 4.0","Literature review dataset of Chilean freshwater and diadromous fish occurrences, compiled by C. Correa (v2009)","FishGIS_metaDatabase_CCorrea","Occurrence"
"CCorrea.Lit.Review.343",-70.06845,-53.95527,"Río Cóndor, cauce central y afluentes.","Salmo trutta",1995,"1995","Vila, Irma; Leopoldo Fuentes, Marcelo Saavedra (1999) Ictiofauna en los sistemas límnicos de la isla grande, Tierra del Fuego, Chile.. Revista Chilena de Historia Natural 72: 273-284.","1995 More abundant that rainbow trout. Geolocation: The position of the point is not accurate.","CC BY-NC 4.0","Literature review dataset of Chilean freshwater and diadromous fish occurrences, compiled by C. Correa (v2009)","FishGIS_metaDatabase_CCorrea","Occurrence"
"CCorrea.Lit.Review.344",-70.06845,-53.95527,"Río Cóndor, cauce central y afluentes.","Galaxias maculatus",1995,"1995","Vila, Irma; Leopoldo Fuentes, Marcelo Saavedra (1999) Ictiofauna en los sistemas límnicos de la isla grande, Tierra del Fuego, Chile.. Revista Chilena de Historia Natural 72: 273-284.","1995 More abundant in castor's (Castor canadensis, introduced) dams. Geolocation: The position of the point is not accurate.","CC BY-NC 4.0","Literature review dataset of Chilean freshwater and diadromous fish occurrences, compiled by C. Correa (v2009)","FishGIS_metaDatabase_CCorrea","Occurrence"
"CCorrea.Lit.Review.345",-69.80318,-53.68642,"Río Bueno, cauce central y afluentes.","Oncorhynchus mykiss",1995,"1995","Vila, Irma; Leopoldo Fuentes, Marcelo Saavedra (1999) Ictiofauna en los sistemas límnicos de la isla grande, Tierra del Fuego, Chile.. Revista Chilena de Historia Natural 72: 273-284.","1995 ","CC BY-NC 4.0","Literature review dataset of Chilean freshwater and diadromous fish occurrences, compiled by C. Correa (v2009)","FishGIS_metaDatabase_CCorrea","Occurrence"
"CCorrea.Lit.Review.346",-68.67287,-53.98592,"Río Rasmunssen, cauce central y afluentes.","Oncorhynchus mykiss",1995,"1995","Vila, Irma; Leopoldo Fuentes, Marcelo Saavedra (1999) Ictiofauna en los sistemas límnicos de la isla grande, Tierra del Fuego, Chile.. Revista Chilena de Historia Natural 72: 273-284.","1995 Less abundant than brown trout. Geolocation: The position of the point is not accurate.","CC BY-NC 4.0","Literature review dataset of Chilean freshwater and diadromous fish occurrences, compiled by C. Correa (v2009)","FishGIS_metaDatabase_CCorrea","Occurrence"
"CCorrea.Lit.Review.347",-68.67287,-53.98592,"Río Rasmunssen, cauce central y afluentes.","Salmo trutta",1995,"1995","Vila, Irma; Leopoldo Fuentes, Marcelo Saavedra (1999) Ictiofauna en los sistemas límnicos de la isla grande, Tierra del Fuego, Chile.. Revista Chilena de Historia Natural 72: 273-284.","1995 Predominant species. Geolocation: The position of the point is not accurate.","CC BY-NC 4.0","Literature review dataset of Chilean freshwater and diadromous fish occurrences, compiled by C. Correa (v2009)","FishGIS_metaDatabase_CCorrea","Occurrence"
"CCorrea.Lit.Review.348",-68.85548,-53.98113,"Valle Castor, cauce central y afluentes.","Oncorhynchus mykiss",1995,"1995","Vila, Irma; Leopoldo Fuentes, Marcelo Saavedra (1999) Ictiofauna en los sistemas límnicos de la isla grande, Tierra del Fuego, Chile.. Revista Chilena de Historia Natural 72: 273-284.","1995 Less abundant than brown trout. Geolocation: The position of the point is not accurate.","CC BY-NC 4.0","Literature review dataset of Chilean freshwater and diadromous fish occurrences, compiled by C. Correa (v2009)","FishGIS_metaDatabase_CCorrea","Occurrence"
"CCorrea.Lit.Review.349",-68.85548,-53.98113,"Valle Castor, cauce central y afluentes.","Salmo trutta",1995,"1995","Vila, Irma; Leopoldo Fuentes, Marcelo Saavedra (1999) Ictiofauna en los sistemas límnicos de la isla grande, Tierra del Fuego, Chile.. Revista Chilena de Historia Natural 72: 273-284.","1995 Predominant species. Geolocation: The position of the point is not accurate.","CC BY-NC 4.0","Literature review dataset of Chilean freshwater and diadromous fish occurrences, compiled by C. Correa (v2009)","FishGIS_metaDatabase_CCorrea","Occurrence"
"CCorrea.Lit.Review.351",-72.21622,-45.49326,"Río Simpson","Oncorhynchus masou",1984,"1984","CORFO-IFOP (1990) Un legado a la salmonicultura. Proyecto de introducción de salmón del pacífico en Aysén.. Chile Pesquero 1: 51-56.","1984 One adult of cherry salmon returned to the Simpson river. Geolocation: Not accurate; somewere in the Simpson River.","CC BY-NC 4.0","Literature review dataset of Chilean freshwater and diadromous fish occurrences, compiled by C. Correa (v2009)","FishGIS_metaDatabase_CCorrea","Occurrence"
"CCorrea.Lit.Review.352",-72.73421,-51.56258,"Río Prat","Oncorhynchus keta",1986,"1986","CORFO-IFOP (1990) Un legado a la salmonicultura. Proyecto de introducción de salmón del pacífico en Aysén.. Chile Pesquero 1: 51-56.","1986 Seven ripe adult chum salmon returned to Prat River, XII region. Geolocation: Not accurate; somewere in the Prat River.","CC BY-NC 4.0","Literature review dataset of Chilean freshwater and diadromous fish occurrences, compiled by C. Correa (v2009)","FishGIS_metaDatabase_CCorrea","Occurrence"
"CCorrea.Lit.Review.353",-72.45548,-46.64234,"Lago General Carrera","Oncorhynchus masou",1989,"1989","CORFO-IFOP (1990) Un legado a la salmonicultura. Proyecto de introducción de salmón del pacífico en Aysén.. Chile Pesquero 1: 51-56.","1989 The first run in the Lake General Carrera occured in 1989; 150000 eggs were obtained. Geolocation: Not accurate; somewere in the General Carrera Lake.","CC BY-NC 4.0","Literature review dataset of Chilean freshwater and diadromous fish occurrences, compiled by C. Correa (v2009)","FishGIS_metaDatabase_CCorrea","Occurrence"
"CCorrea.Lit.Review.354",-72.26949,-45.4832,"Río Simpson","Oncorhynchus mykiss",2000,"2000/2002","Edwin Niklitschek and Eduardo Aedo (2002) Estudio del ciclo reproductivo de las principales especies objetivo de la pesca deportiva en la XI región. FIP 2000-25. FIP 2000-25 75pp.","2000, 2001 ","CC BY-NC 4.0","Literature review dataset of Chilean freshwater and diadromous fish occurrences, compiled by C. Correa (v2009)","FishGIS_metaDatabase_CCorrea","Occurrence"
"CCorrea.Lit.Review.355",-72.26949,-45.4832,"Río Simpson","Salmo trutta",2000,"2000/2002","Edwin Niklitschek and Eduardo Aedo (2002) Estudio del ciclo reproductivo de las principales especies objetivo de la pesca deportiva en la XI región. FIP 2000-25. FIP 2000-25 75pp.","2000, 2001 ","CC BY-NC 4.0","Literature review dataset of Chilean freshwater and diadromous fish occurrences, compiled by C. Correa (v2009)","FishGIS_metaDatabase_CCorrea","Occurrence"
"CCorrea.Lit.Review.356",-71.91679,-45.81854,"Río Blanco (Aysen)","Salmo trutta",2001,"2001","Edwin Niklitschek and Eduardo Aedo (2002) Estudio del ciclo reproductivo de las principales especies objetivo de la pesca deportiva en la XI región. FIP 2000-25. FIP 2000-25 75pp.","2001 ","CC BY-NC 4.0","Literature review dataset of Chilean freshwater and diadromous fish occurrences, compiled by C. Correa (v2009)","FishGIS_metaDatabase_CCorrea","Occurrence"
"CCorrea.Lit.Review.357",-71.91679,-45.81854,"Río Blanco (Aysen)","Oncorhynchus tshawytscha",2001,"2001","Edwin Niklitschek and Eduardo Aedo (2002) Estudio del ciclo reproductivo de las principales especies objetivo de la pesca deportiva en la XI región. FIP 2000-25. FIP 2000-25 75pp.","2001 ","CC BY-NC 4.0","Literature review dataset of Chilean freshwater and diadromous fish occurrences, compiled by C. Correa (v2009)","FishGIS_metaDatabase_CCorrea","Occurrence"
"CCorrea.Lit.Review.358",-71.78287,-45.83935,"Río Huemules","Oncorhynchus mykiss",2001,"2001","Edwin Niklitschek and Eduardo Aedo (2002) Estudio del ciclo reproductivo de las principales especies objetivo de la pesca deportiva en la XI región. FIP 2000-25. FIP 2000-25 75pp.","2001 ","CC BY-NC 4.0","Literature review dataset of Chilean freshwater and diadromous fish occurrences, compiled by C. Correa (v2009)","FishGIS_metaDatabase_CCorrea","Occurrence"
"CCorrea.Lit.Review.359",-71.78287,-45.83935,"Río Huemules","Salmo trutta",2001,"2001","Edwin Niklitschek and Eduardo Aedo (2002) Estudio del ciclo reproductivo de las principales especies objetivo de la pesca deportiva en la XI región. FIP 2000-25. FIP 2000-25 75pp.","2001 ","CC BY-NC 4.0","Literature review dataset of Chilean freshwater and diadromous fish occurrences, compiled by C. Correa (v2009)","FishGIS_metaDatabase_CCorrea","Occurrence"
"CCorrea.Lit.Review.360",-72.08335,-45.57516,"Río Simpson","Oncorhynchus mykiss",2001,"2001","Edwin Niklitschek and Eduardo Aedo (2002) Estudio del ciclo reproductivo de las principales especies objetivo de la pesca deportiva en la XI región. FIP 2000-25. FIP 2000-25 75pp.","2001 ","CC BY-NC 4.0","Literature review dataset of Chilean freshwater and diadromous fish occurrences, compiled by C. Correa (v2009)","FishGIS_metaDatabase_CCorrea","Occurrence"
"CCorrea.Lit.Review.361",-72.76028,-45.69517,"Arroyo Cea","Oncorhynchus mykiss",2001,"2001","Edwin Niklitschek and Eduardo Aedo (2002) Estudio del ciclo reproductivo de las principales especies objetivo de la pesca deportiva en la XI región. FIP 2000-25. FIP 2000-25 75pp.","2001  Geolocation: Position of the point is based on coordinates only.","CC BY-NC 4.0","Literature review dataset of Chilean freshwater and diadromous fish occurrences, compiled by C. Correa (v2009)","FishGIS_metaDatabase_CCorrea","Occurrence"
"CCorrea.Lit.Review.362",-72.76028,-45.69517,"Arroyo Cea","Salmo trutta",2001,"2001","Edwin Niklitschek and Eduardo Aedo (2002) Estudio del ciclo reproductivo de las principales especies objetivo de la pesca deportiva en la XI región. FIP 2000-25. FIP 2000-25 75pp.","2001  Geolocation: Position of the point is based on coordinates only.","CC BY-NC 4.0","Literature review dataset of Chilean freshwater and diadromous fish occurrences, compiled by C. Correa (v2009)","FishGIS_metaDatabase_CCorrea","Occurrence"
"CCorrea.Lit.Review.363",-72.76028,-45.69517,"Arroyo Cea","Oncorhynchus kisutch",2001,"2001","Edwin Niklitschek and Eduardo Aedo (2002) Estudio del ciclo reproductivo de las principales especies objetivo de la pesca deportiva en la XI región. FIP 2000-25. FIP 2000-25 75pp.","2001 Coho salmon was caught only in May. Geolocation: Position of the point is based on coordinates only.","CC BY-NC 4.0","Literature review dataset of Chilean freshwater and diadromous fish occurrences, compiled by C. Correa (v2009)","FishGIS_metaDatabase_CCorrea","Occurrence"
"CCorrea.Lit.Review.364",-72.19077,-46.16147,"Lago Las Ardillas","Oncorhynchus mykiss",2001,"2001","Edwin Niklitschek and Eduardo Aedo (2002) Estudio del ciclo reproductivo de las principales especies objetivo de la pesca deportiva en la XI región. FIP 2000-25. FIP 2000-25 75pp.","2001 ","CC BY-NC 4.0","Literature review dataset of Chilean freshwater and diadromous fish occurrences, compiled by C. Correa (v2009)","FishGIS_metaDatabase_CCorrea","Occurrence"
"CCorrea.Lit.Review.365",-72.19077,-46.16147,"Lago Las Ardillas","Salmo trutta",2001,"2001","Edwin Niklitschek and Eduardo Aedo (2002) Estudio del ciclo reproductivo de las principales especies objetivo de la pesca deportiva en la XI región. FIP 2000-25. FIP 2000-25 75pp.","2001 ","CC BY-NC 4.0","Literature review dataset of Chilean freshwater and diadromous fish occurrences, compiled by C. Correa (v2009)","FishGIS_metaDatabase_CCorrea","Occurrence"
"CCorrea.Lit.Review.366",-72.19077,-46.16147,"Lago Las Ardillas","Salmo salar",2001,"2001","Edwin Niklitschek and Eduardo Aedo (2002) Estudio del ciclo reproductivo de las principales especies objetivo de la pesca deportiva en la XI región. FIP 2000-25. FIP 2000-25 75pp.","2001 ","CC BY-NC 4.0","Literature review dataset of Chilean freshwater and diadromous fish occurrences, compiled by C. Correa (v2009)","FishGIS_metaDatabase_CCorrea","Occurrence"
"CCorrea.Lit.Review.367",-72.68563,-46.46062,"Arroyo Murta","Oncorhynchus mykiss",2001,"2001","Edwin Niklitschek and Eduardo Aedo (2002) Estudio del ciclo reproductivo de las principales especies objetivo de la pesca deportiva en la XI región. FIP 2000-25. FIP 2000-25 75pp.","2001 11.3+-11.3 cm length","CC BY-NC 4.0","Literature review dataset of Chilean freshwater and diadromous fish occurrences, compiled by C. Correa (v2009)","FishGIS_metaDatabase_CCorrea","Occurrence"
"CCorrea.Lit.Review.368",-72.713,-46.47491,"Bahía Murta","Oncorhynchus mykiss",2001,"2001","Edwin Niklitschek and Eduardo Aedo (2002) Estudio del ciclo reproductivo de las principales especies objetivo de la pesca deportiva en la XI región. FIP 2000-25. FIP 2000-25 75pp.","2001 ","CC BY-NC 4.0","Literature review dataset of Chilean freshwater and diadromous fish occurrences, compiled by C. Correa (v2009)","FishGIS_metaDatabase_CCorrea","Occurrence"
"CCorrea.Lit.Review.369",-72.713,-46.47491,"Bahía Murta","Salmo trutta",2001,"2001","Edwin Niklitschek and Eduardo Aedo (2002) Estudio del ciclo reproductivo de las principales especies objetivo de la pesca deportiva en la XI región. FIP 2000-25. FIP 2000-25 75pp.","2001 ","CC BY-NC 4.0","Literature review dataset of Chilean freshwater and diadromous fish occurrences, compiled by C. Correa (v2009)","FishGIS_metaDatabase_CCorrea","Occurrence"
"CCorrea.Lit.Review.370",-71.97163,-46.28321,"Río Ibañez","Oncorhynchus mykiss",2001,"2001","Edwin Niklitschek and Eduardo Aedo (2002) Estudio del ciclo reproductivo de las principales especies objetivo de la pesca deportiva en la XI región. FIP 2000-25. FIP 2000-25 75pp.","2001 ","CC BY-NC 4.0","Literature review dataset of Chilean freshwater and diadromous fish occurrences, compiled by C. Correa (v2009)","FishGIS_metaDatabase_CCorrea","Occurrence"
"CCorrea.Lit.Review.371",-71.97163,-46.28321,"Río Ibañez","Salmo trutta",2001,"2001","Edwin Niklitschek and Eduardo Aedo (2002) Estudio del ciclo reproductivo de las principales especies objetivo de la pesca deportiva en la XI región. FIP 2000-25. FIP 2000-25 75pp.","2001 ","CC BY-NC 4.0","Literature review dataset of Chilean freshwater and diadromous fish occurrences, compiled by C. Correa (v2009)","FishGIS_metaDatabase_CCorrea","Occurrence"
"CCorrea.Lit.Review.372",-71.65194,-44.62831,"Río Cisnes (Tapera)","Salmo trutta",2001,"2001","Edwin Niklitschek and Eduardo Aedo (2002) Estudio del ciclo reproductivo de las principales especies objetivo de la pesca deportiva en la XI región. FIP 2000-25. FIP 2000-25 75pp.","2001 ","CC BY-NC 4.0","Literature review dataset of Chilean freshwater and diadromous fish occurrences, compiled by C. Correa (v2009)","FishGIS_metaDatabase_CCorrea","Occurrence"
"CCorrea.Lit.Review.373",-71.65194,-44.62831,"Río Cisnes (Tapera)","Oncorhynchus tshawytscha",2001,"2001","Edwin Niklitschek and Eduardo Aedo (2002) Estudio del ciclo reproductivo de las principales especies objetivo de la pesca deportiva en la XI región. FIP 2000-25. FIP 2000-25 75pp.","2001 ","CC BY-NC 4.0","Literature review dataset of Chilean freshwater and diadromous fish occurrences, compiled by C. Correa (v2009)","FishGIS_metaDatabase_CCorrea","Occurrence"
"CCorrea.Lit.Review.374",-72.4946,-41.44194,"Lago Chapo","Oncorhynchus mykiss",1997,"1997","Gonzalo Gajardo (1997) Caracterización genética, hematologica y química sanguinea de salmonideos silvestres y de cultivo.. FIP IT 95-35 61.","1997 (?) Values were reported as ""n=7"" of physiological analyses and ""n=20"" of genetic analyses of wild caught fish. No details on fish survey. Geolocation: The position of the point is not accurate.","CC BY-NC 4.0","Literature review dataset of Chilean freshwater and diadromous fish occurrences, compiled by C. Correa (v2009)","FishGIS_metaDatabase_CCorrea","Occurrence"
"CCorrea.Lit.Review.375",-72.4946,-41.44194,"Lago Chapo","Oncorhynchus kisutch",1997,"1997","Gonzalo Gajardo (1997) Caracterización genética, hematologica y química sanguinea de salmonideos silvestres y de cultivo.. FIP IT 95-35 61.","1997 (?) Values were reported as ""n"" of physiological analyses of wild caught fish in stead of fish survey. Geolocation: The position of the point is not accurate.","CC BY-NC 4.0","Literature review dataset of Chilean freshwater and diadromous fish occurrences, compiled by C. Correa (v2009)","FishGIS_metaDatabase_CCorrea","Occurrence"
"CCorrea.Lit.Review.376",-72.4946,-41.44194,"Lago Chapo","Salmo salar",1997,"1997","Gonzalo Gajardo (1997) Caracterización genética, hematologica y química sanguinea de salmonideos silvestres y de cultivo.. FIP IT 95-35 61.","1997 (?) Values were reported as ""n"" of physiological analyses of wild caught fish in stead of  fish survey. Geolocation: The position of the point is not accurate.","CC BY-NC 4.0","Literature review dataset of Chilean freshwater and diadromous fish occurrences, compiled by C. Correa (v2009)","FishGIS_metaDatabase_CCorrea","Occurrence"
"CCorrea.Lit.Review.377",-73.65074,-42.38315,"Dalcahue","Oncorhynchus mykiss",1997,"1997","Gonzalo Gajardo (1997) Caracterización genética, hematologica y química sanguinea de salmonideos silvestres y de cultivo.. FIP IT 95-35 61.","1997 (?) Values were reported as ""n=3"" of physiological analyses of wild caught fish in stead of fish surveys. Geolocation: The position of the point is not accurate.","CC BY-NC 4.0","Literature review dataset of Chilean freshwater and diadromous fish occurrences, compiled by C. Correa (v2009)","FishGIS_metaDatabase_CCorrea","Occurrence"
"CCorrea.Lit.Review.378",-73.65074,-42.38315,"Dalcahue","Oncorhynchus kisutch",1997,"1997","Gonzalo Gajardo (1997) Caracterización genética, hematologica y química sanguinea de salmonideos silvestres y de cultivo.. FIP IT 95-35 61.","1997 (?) Values were reported as ""n=99"" of genetic analyses of wild caught fish in stead of fish survey. Geolocation: The position of the point is not accurate.","CC BY-NC 4.0","Literature review dataset of Chilean freshwater and diadromous fish occurrences, compiled by C. Correa (v2009)","FishGIS_metaDatabase_CCorrea","Occurrence"
"CCorrea.Lit.Review.379",-73.65074,-42.38315,"Dalcahue","Salmo salar",1997,"1997","Gonzalo Gajardo (1997) Caracterización genética, hematologica y química sanguinea de salmonideos silvestres y de cultivo.. FIP IT 95-35 61.","1997 (?) Values were reported as ""n=30"" of genetic analyses of wild caught fish in stead of fish survey. Geolocation: The position of the point is not accurate.","CC BY-NC 4.0","Literature review dataset of Chilean freshwater and diadromous fish occurrences, compiled by C. Correa (v2009)","FishGIS_metaDatabase_CCorrea","Occurrence"
"CCorrea.Lit.Review.383",-73.1115,-41.75788,"Calbuco","Oncorhynchus mykiss",1995,"1995/1997","Doris Soto and Fernando Jara (1996) Evaluación de salmonideos de vida libre en aguas interiores de las regiones X y XI.. FIP IT 95-31 159pp.","1995-1996 Values do not include native marine species that also were caught. These data were published in: Soto et al 2001. Ecol. App. 11(6): 1750-1762. Geolocation: The position of the point is not accurate.","CC BY-NC 4.0","Literature review dataset of Chilean freshwater and diadromous fish occurrences, compiled by C. Correa (v2009)","FishGIS_metaDatabase_CCorrea","Occurrence"
"CCorrea.Lit.Review.384",-73.1115,-41.75788,"Calbuco","Oncorhynchus kisutch",1995,"1995/1997","Doris Soto and Fernando Jara (1996) Evaluación de salmonideos de vida libre en aguas interiores de las regiones X y XI.. FIP IT 95-31 159pp.","1995-1996 Values do not include native marine species that also were caught. These data were published in: Soto et al 2001. Ecol. App. 11(6): 1750-1762. Geolocation: The position of the point is not accurate.","CC BY-NC 4.0","Literature review dataset of Chilean freshwater and diadromous fish occurrences, compiled by C. Correa (v2009)","FishGIS_metaDatabase_CCorrea","Occurrence"
"CCorrea.Lit.Review.385",-73.1115,-41.75788,"Calbuco","Salmo salar",1995,"1995/1997","Doris Soto and Fernando Jara (1996) Evaluación de salmonideos de vida libre en aguas interiores de las regiones X y XI.. FIP IT 95-31 159pp.","1995-1996 Values do not include native marine species that also were caught. These data were published in: Soto et al 2001. Ecol. App. 11(6): 1750-1762. Geolocation: The position of the point is not accurate.","CC BY-NC 4.0","Literature review dataset of Chilean freshwater and diadromous fish occurrences, compiled by C. Correa (v2009)","FishGIS_metaDatabase_CCorrea","Occurrence"
"CCorrea.Lit.Review.386",-73.1115,-41.75788,"Calbuco","Oncorhynchus tshawytscha",1995,"1995/1997","Doris Soto and Fernando Jara (1996) Evaluación de salmonideos de vida libre en aguas interiores de las regiones X y XI.. FIP IT 95-31 159pp.","1995-1996 Values do not include native marine species that also were caught. These data were published in: Soto et al 2001. Ecol. App. 11(6): 1750-1762. Geolocation: The position of the point is not accurate.","CC BY-NC 4.0","Literature review dataset of Chilean freshwater and diadromous fish occurrences, compiled by C. Correa (v2009)","FishGIS_metaDatabase_CCorrea","Occurrence"
"CCorrea.Lit.Review.387",-73.48566,-41.82911,"Hueihue","Oncorhynchus mykiss",1995,"1995/1997","Doris Soto and Fernando Jara (1996) Evaluación de salmonideos de vida libre en aguas interiores de las regiones X y XI.. FIP IT 95-31 159pp.","1995-1996 Values do not include native marine species that also were caught. These data were published in: Soto et al 2001. Ecol. App. 11(6): 1750-1762. Geolocation: The position of the point is not accurate.","CC BY-NC 4.0","Literature review dataset of Chilean freshwater and diadromous fish occurrences, compiled by C. Correa (v2009)","FishGIS_metaDatabase_CCorrea","Occurrence"
"CCorrea.Lit.Review.388",-73.48566,-41.82911,"Hueihue","Salmo trutta",1995,"1995/1997","Doris Soto and Fernando Jara (1996) Evaluación de salmonideos de vida libre en aguas interiores de las regiones X y XI.. FIP IT 95-31 159pp.","1995-1996 Values do not include native marine species that also were caught. These data were published in: Soto et al 2001. Ecol. App. 11(6): 1750-1762. Geolocation: The position of the point is not accurate.","CC BY-NC 4.0","Literature review dataset of Chilean freshwater and diadromous fish occurrences, compiled by C. Correa (v2009)","FishGIS_metaDatabase_CCorrea","Occurrence"
"CCorrea.Lit.Review.389",-73.48566,-41.82911,"Hueihue","Oncorhynchus kisutch",1995,"1995/1997","Doris Soto and Fernando Jara (1996) Evaluación de salmonideos de vida libre en aguas interiores de las regiones X y XI.. FIP IT 95-31 159pp.","1995-1996 Values do not include native marine species that also were caught. These data were published in: Soto et al 2001. Ecol. App. 11(6): 1750-1762. Geolocation: The position of the point is not accurate.","CC BY-NC 4.0","Literature review dataset of Chilean freshwater and diadromous fish occurrences, compiled by C. Correa (v2009)","FishGIS_metaDatabase_CCorrea","Occurrence"
"CCorrea.Lit.Review.390",-73.48566,-41.82911,"Hueihue","Salmo salar",1995,"1995/1997","Doris Soto and Fernando Jara (1996) Evaluación de salmonideos de vida libre en aguas interiores de las regiones X y XI.. FIP IT 95-31 159pp.","1995-1996 Values do not include native marine species that also were caught. These data were published in: Soto et al 2001. Ecol. App. 11(6): 1750-1762. Geolocation: The position of the point is not accurate.","CC BY-NC 4.0","Literature review dataset of Chilean freshwater and diadromous fish occurrences, compiled by C. Correa (v2009)","FishGIS_metaDatabase_CCorrea","Occurrence"
"CCorrea.Lit.Review.391",-73.48566,-41.82911,"Hueihue","Oncorhynchus tshawytscha",1995,"1995/1997","Doris Soto and Fernando Jara (1996) Evaluación de salmonideos de vida libre en aguas interiores de las regiones X y XI.. FIP IT 95-31 159pp.","1995-1996 Values do not include native marine species that also were caught. These data were published in: Soto et al 2001. Ecol. App. 11(6): 1750-1762. Geolocation: The position of the point is not accurate.","CC BY-NC 4.0","Literature review dataset of Chilean freshwater and diadromous fish occurrences, compiled by C. Correa (v2009)","FishGIS_metaDatabase_CCorrea","Occurrence"
"CCorrea.Lit.Review.392",-73.72415,-42.58196,"Canal Lemuy","Oncorhynchus mykiss",1995,"1995/1997","Doris Soto and Fernando Jara (1996) Evaluación de salmonideos de vida libre en aguas interiores de las regiones X y XI.. FIP IT 95-31 159pp.","1995-1996 Values do not include native marine species that also were caught. These data were published in: Soto et al 2001. Ecol. App. 11(6): 1750-1762. Geolocation: The position of the point is not accurate.","CC BY-NC 4.0","Literature review dataset of Chilean freshwater and diadromous fish occurrences, compiled by C. Correa (v2009)","FishGIS_metaDatabase_CCorrea","Occurrence"
"CCorrea.Lit.Review.393",-73.72415,-42.58196,"Canal Lemuy","Oncorhynchus kisutch",1995,"1995/1997","Doris Soto and Fernando Jara (1996) Evaluación de salmonideos de vida libre en aguas interiores de las regiones X y XI.. FIP IT 95-31 159pp.","1995-1996 Values do not include native marine species that also were caught. These data were published in: Soto et al 2001. Ecol. App. 11(6): 1750-1762. Geolocation: The position of the point is not accurate.","CC BY-NC 4.0","Literature review dataset of Chilean freshwater and diadromous fish occurrences, compiled by C. Correa (v2009)","FishGIS_metaDatabase_CCorrea","Occurrence"
"CCorrea.Lit.Review.394",-73.72415,-42.58196,"Canal Lemuy","Salmo salar",1995,"1995/1997","Doris Soto and Fernando Jara (1996) Evaluación de salmonideos de vida libre en aguas interiores de las regiones X y XI.. FIP IT 95-31 159pp.","1995-1996 Values do not include native marine species that also were caught. These data were published in: Soto et al 2001. Ecol. App. 11(6): 1750-1762. Geolocation: The position of the point is not accurate.","CC BY-NC 4.0","Literature review dataset of Chilean freshwater and diadromous fish occurrences, compiled by C. Correa (v2009)","FishGIS_metaDatabase_CCorrea","Occurrence"
"CCorrea.Lit.Review.395",-73.72415,-42.58196,"Canal Lemuy","Oncorhynchus tshawytscha",1995,"1995/1997","Doris Soto and Fernando Jara (1996) Evaluación de salmonideos de vida libre en aguas interiores de las regiones X y XI.. FIP IT 95-31 159pp.","1995-1996 Values do not include native marine species that also were caught. These data were published in: Soto et al 2001. Ecol. App. 11(6): 1750-1762. Geolocation: The position of the point is not accurate.","CC BY-NC 4.0","Literature review dataset of Chilean freshwater and diadromous fish occurrences, compiled by C. Correa (v2009)","FishGIS_metaDatabase_CCorrea","Occurrence"
"CCorrea.Lit.Review.396",-72.59794,-42.04103,"Pichicolo","Oncorhynchus mykiss",1995,"1995/1997","Doris Soto and Fernando Jara (1996) Evaluación de salmonideos de vida libre en aguas interiores de las regiones X y XI.. FIP IT 95-31 159pp.","1995-1996 Values do not include native marine species that also were caught. These data were published in: Soto et al 2001. Ecol. App. 11(6): 1750-1762. Geolocation: The position of the point is not accurate.","CC BY-NC 4.0","Literature review dataset of Chilean freshwater and diadromous fish occurrences, compiled by C. Correa (v2009)","FishGIS_metaDatabase_CCorrea","Occurrence"
"CCorrea.Lit.Review.397",-72.59794,-42.04103,"Pichicolo","Salmo trutta",1995,"1995/1997","Doris Soto and Fernando Jara (1996) Evaluación de salmonideos de vida libre en aguas interiores de las regiones X y XI.. FIP IT 95-31 159pp.","1995-1996 Values do not include native marine species that also were caught. These data were published in: Soto et al 2001. Ecol. App. 11(6): 1750-1762. Geolocation: The position of the point is not accurate.","CC BY-NC 4.0","Literature review dataset of Chilean freshwater and diadromous fish occurrences, compiled by C. Correa (v2009)","FishGIS_metaDatabase_CCorrea","Occurrence"
"CCorrea.Lit.Review.398",-72.59794,-42.04103,"Pichicolo","Oncorhynchus kisutch",1995,"1995/1997","Doris Soto and Fernando Jara (1996) Evaluación de salmonideos de vida libre en aguas interiores de las regiones X y XI.. FIP IT 95-31 159pp.","1995-1996 Values do not include native marine species that also were caught. These data were published in: Soto et al 2001. Ecol. App. 11(6): 1750-1762. Geolocation: The position of the point is not accurate.","CC BY-NC 4.0","Literature review dataset of Chilean freshwater and diadromous fish occurrences, compiled by C. Correa (v2009)","FishGIS_metaDatabase_CCorrea","Occurrence"
"CCorrea.Lit.Review.399",-72.59794,-42.04103,"Pichicolo","Salmo salar",1995,"1995/1997","Doris Soto and Fernando Jara (1996) Evaluación de salmonideos de vida libre en aguas interiores de las regiones X y XI.. FIP IT 95-31 159pp.","1995-1996 Values do not include native marine species that also were caught. These data were published in: Soto et al 2001. Ecol. App. 11(6): 1750-1762. Geolocation: The position of the point is not accurate.","CC BY-NC 4.0","Literature review dataset of Chilean freshwater and diadromous fish occurrences, compiled by C. Correa (v2009)","FishGIS_metaDatabase_CCorrea","Occurrence"
"CCorrea.Lit.Review.400",-72.59794,-42.04103,"Pichicolo","Oncorhynchus tshawytscha",1995,"1995/1997","Doris Soto and Fernando Jara (1996) Evaluación de salmonideos de vida libre en aguas interiores de las regiones X y XI.. FIP IT 95-31 159pp.","1995-1996 Values do not include native marine species that also were caught. These data were published in: Soto et al 2001. Ecol. App. 11(6): 1750-1762. Geolocation: The position of the point is not accurate.","CC BY-NC 4.0","Literature review dataset of Chilean freshwater and diadromous fish occurrences, compiled by C. Correa (v2009)","FishGIS_metaDatabase_CCorrea","Occurrence"
"CCorrea.Lit.Review.401",-72.72125,-44.7079,"Pto. Cisnes","Oncorhynchus mykiss",1995,"1995/1997","Doris Soto and Fernando Jara (1996) Evaluación de salmonideos de vida libre en aguas interiores de las regiones X y XI.. FIP IT 95-31 159pp.","1995-1996 Values do not include native marine species that also were caught. These data were published in: Soto et al 2001. Ecol. App. 11(6): 1750-1762. Geolocation: The position of the point is not accurate.","CC BY-NC 4.0","Literature review dataset of Chilean freshwater and diadromous fish occurrences, compiled by C. Correa (v2009)","FishGIS_metaDatabase_CCorrea","Occurrence"
"CCorrea.Lit.Review.402",-72.72125,-44.7079,"Pto. Cisnes","Salmo trutta",1995,"1995/1997","Doris Soto and Fernando Jara (1996) Evaluación de salmonideos de vida libre en aguas interiores de las regiones X y XI.. FIP IT 95-31 159pp.","1995-1996 Values do not include native marine species that also were caught. These data were published in: Soto et al 2001. Ecol. App. 11(6): 1750-1762. Geolocation: The position of the point is not accurate.","CC BY-NC 4.0","Literature review dataset of Chilean freshwater and diadromous fish occurrences, compiled by C. Correa (v2009)","FishGIS_metaDatabase_CCorrea","Occurrence"
"CCorrea.Lit.Review.403",-72.72125,-44.7079,"Pto. Cisnes","Oncorhynchus kisutch",1995,"1995/1997","Doris Soto and Fernando Jara (1996) Evaluación de salmonideos de vida libre en aguas interiores de las regiones X y XI.. FIP IT 95-31 159pp.","1995-1996 Values do not include native marine species that also were caught. These data were published in: Soto et al 2001. Ecol. App. 11(6): 1750-1762. Geolocation: The position of the point is not accurate.","CC BY-NC 4.0","Literature review dataset of Chilean freshwater and diadromous fish occurrences, compiled by C. Correa (v2009)","FishGIS_metaDatabase_CCorrea","Occurrence"
"CCorrea.Lit.Review.404",-72.72125,-44.7079,"Pto. Cisnes","Salmo salar",1995,"1995/1997","Doris Soto and Fernando Jara (1996) Evaluación de salmonideos de vida libre en aguas interiores de las regiones X y XI.. FIP IT 95-31 159pp.","1995-1996 Values do not include native marine species that also were caught. These data were published in: Soto et al 2001. Ecol. App. 11(6): 1750-1762. Geolocation: The position of the point is not accurate.","CC BY-NC 4.0","Literature review dataset of Chilean freshwater and diadromous fish occurrences, compiled by C. Correa (v2009)","FishGIS_metaDatabase_CCorrea","Occurrence"
"CCorrea.Lit.Review.405",-72.83693,-45.47359,"Pto. Chacabuco","Oncorhynchus mykiss",1995,"1995/1997","Doris Soto and Fernando Jara (1996) Evaluación de salmonideos de vida libre en aguas interiores de las regiones X y XI.. FIP IT 95-31 159pp.","1995-1996 Values do not include native marine species that also were caught. These data were published in: Soto et al 2001. Ecol. App. 11(6): 1750-1762. Geolocation: The position of the point is not accurate.","CC BY-NC 4.0","Literature review dataset of Chilean freshwater and diadromous fish occurrences, compiled by C. Correa (v2009)","FishGIS_metaDatabase_CCorrea","Occurrence"
"CCorrea.Lit.Review.406",-72.83693,-45.47359,"Pto. Chacabuco","Salmo trutta",1995,"1995/1997","Doris Soto and Fernando Jara (1996) Evaluación de salmonideos de vida libre en aguas interiores de las regiones X y XI.. FIP IT 95-31 159pp.","1995-1996 Values do not include native marine species that also were caught. These data were published in: Soto et al 2001. Ecol. App. 11(6): 1750-1762. Geolocation: The position of the point is not accurate.","CC BY-NC 4.0","Literature review dataset of Chilean freshwater and diadromous fish occurrences, compiled by C. Correa (v2009)","FishGIS_metaDatabase_CCorrea","Occurrence"
"CCorrea.Lit.Review.407",-72.83693,-45.47359,"Pto. Chacabuco","Oncorhynchus kisutch",1995,"1995/1997","Doris Soto and Fernando Jara (1996) Evaluación de salmonideos de vida libre en aguas interiores de las regiones X y XI.. FIP IT 95-31 159pp.","1995-1996 Values do not include native marine species that also were caught. These data were published in: Soto et al 2001. Ecol. App. 11(6): 1750-1762. Geolocation: The position of the point is not accurate.","CC BY-NC 4.0","Literature review dataset of Chilean freshwater and diadromous fish occurrences, compiled by C. Correa (v2009)","FishGIS_metaDatabase_CCorrea","Occurrence"
"CCorrea.Lit.Review.408",-72.83693,-45.47359,"Pto. Chacabuco","Salmo salar",1995,"1995/1997","Doris Soto and Fernando Jara (1996) Evaluación de salmonideos de vida libre en aguas interiores de las regiones X y XI.. FIP IT 95-31 159pp.","1995-1996 Values do not include native marine species that also were caught. These data were published in: Soto et al 2001. Ecol. App. 11(6): 1750-1762. Geolocation: The position of the point is not accurate.","CC BY-NC 4.0","Literature review dataset of Chilean freshwater and diadromous fish occurrences, compiled by C. Correa (v2009)","FishGIS_metaDatabase_CCorrea","Occurrence"
"CCorrea.Lit.Review.409",-72.80285,-45.45417,"Ensenada Baja","Geotria australis",1980,"1980","Zama, Akira and Eduardo Cárdenas G. (1984) Introduction into Aysén Chile of the pacific salmon. N°9 Descriptive catalogue of marine and freshwater fishes from the Aysén region, southern Chile, with zoogeographical notes on fish fauna.. SERNAP - JICA 82pp.","1980 Two individuals in metamorphic stage were examined. Geolocation: The position of the point is not accurate.","CC BY-NC 4.0","Literature review dataset of Chilean freshwater and diadromous fish occurrences, compiled by C. Correa (v2009)","FishGIS_metaDatabase_CCorrea","Occurrence"
"CCorrea.Lit.Review.410",-72.80285,-45.45417,"Ensenada Baja","Oncorhynchus mykiss",1980,"1980","Zama, Akira and Eduardo Cárdenas G. (1984) Introduction into Aysén Chile of the pacific salmon. N°9 Descriptive catalogue of marine and freshwater fishes from the Aysén region, southern Chile, with zoogeographical notes on fish fauna.. SERNAP - JICA 82pp.","1980 One individual was examined. Geolocation: The position of the point is not accurate.","CC BY-NC 4.0","Literature review dataset of Chilean freshwater and diadromous fish occurrences, compiled by C. Correa (v2009)","FishGIS_metaDatabase_CCorrea","Occurrence"
"CCorrea.Lit.Review.411",-72.80285,-45.45417,"Ensenada Baja","Galaxias maculatus",1980,"1980","Zama, Akira and Eduardo Cárdenas G. (1984) Introduction into Aysén Chile of the pacific salmon. N°9 Descriptive catalogue of marine and freshwater fishes from the Aysén region, southern Chile, with zoogeographical notes on fish fauna.. SERNAP - JICA 82pp.","1980 One individual was examined. Geolocation: The position of the point is not accurate.","CC BY-NC 4.0","Literature review dataset of Chilean freshwater and diadromous fish occurrences, compiled by C. Correa (v2009)","FishGIS_metaDatabase_CCorrea","Occurrence"
"CCorrea.Lit.Review.412",-72.71702,-45.40587,"Río Aysen","Geotria australis",1980,"1980","Zama, Akira and Eduardo Cárdenas G. (1984) Introduction into Aysén Chile of the pacific salmon. N°9 Descriptive catalogue of marine and freshwater fishes from the Aysén region, southern Chile, with zoogeographical notes on fish fauna.. SERNAP - JICA 82pp.","1980 One individual was examined. Geolocation: The position of the point is approximate.","CC BY-NC 4.0","Literature review dataset of Chilean freshwater and diadromous fish occurrences, compiled by C. Correa (v2009)","FishGIS_metaDatabase_CCorrea","Occurrence"
"CCorrea.Lit.Review.413",-72.71702,-45.40587,"Río Aysen","Galaxias maculatus",1980,"1980","Zama, Akira and Eduardo Cárdenas G. (1984) Introduction into Aysén Chile of the pacific salmon. N°9 Descriptive catalogue of marine and freshwater fishes from the Aysén region, southern Chile, with zoogeographical notes on fish fauna.. SERNAP - JICA 82pp.","1980 Two individual were examined. From August to December (more abundant in September and October), the juveniles migrate to the Aysén River from Aysén Fiord, and are commercially most important in this period. Geolocation: The position of the point is approximate.","CC BY-NC 4.0","Literature review dataset of Chilean freshwater and diadromous fish occurrences, compiled by C. Correa (v2009)","FishGIS_metaDatabase_CCorrea","Occurrence"
"CCorrea.Lit.Review.414",-72.71702,-45.40587,"Río Aysen","Aplochiton taeniatus",1980,"1980","Zama, Akira and Eduardo Cárdenas G. (1984) Introduction into Aysén Chile of the pacific salmon. N°9 Descriptive catalogue of marine and freshwater fishes from the Aysén region, southern Chile, with zoogeographical notes on fish fauna.. SERNAP - JICA 82pp.","1980 Three individuals were examined. Common in the Aysen river, particularly in lower parts. Geolocation: The position of the point is approximate.","CC BY-NC 4.0","Literature review dataset of Chilean freshwater and diadromous fish occurrences, compiled by C. Correa (v2009)","FishGIS_metaDatabase_CCorrea","Occurrence"
"CCorrea.Lit.Review.415",-72.08838,-45.57624,"Río Claro","Oncorhynchus mykiss",1978,"1978","Zama, Akira and Eduardo Cárdenas G. (1984) Introduction into Aysén Chile of the pacific salmon. N°9 Descriptive catalogue of marine and freshwater fishes from the Aysén region, southern Chile, with zoogeographical notes on fish fauna.. SERNAP - JICA 82pp.","1978 Two individuals were examined. Geolocation: Ambiguous","CC BY-NC 4.0","Literature review dataset of Chilean freshwater and diadromous fish occurrences, compiled by C. Correa (v2009)","FishGIS_metaDatabase_CCorrea","Occurrence"
"CCorrea.Lit.Review.416",-72.08838,-45.57624,"Río Claro","Salmo trutta",1978,"1978","Zama, Akira and Eduardo Cárdenas G. (1984) Introduction into Aysén Chile of the pacific salmon. N°9 Descriptive catalogue of marine and freshwater fishes from the Aysén region, southern Chile, with zoogeographical notes on fish fauna.. SERNAP - JICA 82pp.","1978 One individual was examined. Geolocation: Ambiguous","CC BY-NC 4.0","Literature review dataset of Chilean freshwater and diadromous fish occurrences, compiled by C. Correa (v2009)","FishGIS_metaDatabase_CCorrea","Occurrence"
"CCorrea.Lit.Review.417",-72.08838,-45.57624,"Río Claro","Aplochiton zebra",1978,"1978","Zama, Akira and Eduardo Cárdenas G. (1984) Introduction into Aysén Chile of the pacific salmon. N°9 Descriptive catalogue of marine and freshwater fishes from the Aysén region, southern Chile, with zoogeographical notes on fish fauna.. SERNAP - JICA 82pp.","1978 Two individuals were examined. Geolocation: Ambiguous","CC BY-NC 4.0","Literature review dataset of Chilean freshwater and diadromous fish occurrences, compiled by C. Correa (v2009)","FishGIS_metaDatabase_CCorrea","Occurrence"
"CCorrea.Lit.Review.418",-72.06869,-45.54818,"Río Simpson (Coyhaique)","Salmo trutta",1980,"1980","Zama, Akira and Eduardo Cárdenas G. (1984) Introduction into Aysén Chile of the pacific salmon. N°9 Descriptive catalogue of marine and freshwater fishes from the Aysén region, southern Chile, with zoogeographical notes on fish fauna.. SERNAP - JICA 82pp.","1980 One individual was examined. Geolocation: The position of the point is not accurate.","CC BY-NC 4.0","Literature review dataset of Chilean freshwater and diadromous fish occurrences, compiled by C. Correa (v2009)","FishGIS_metaDatabase_CCorrea","Occurrence"
"CCorrea.Lit.Review.419",-72.06869,-45.54818,"Río Simpson (Coyhaique)","Oncorhynchus mykiss",1980,"1980","Zama, Akira and Eduardo Cárdenas G. (1984) Introduction into Aysén Chile of the pacific salmon. N°9 Descriptive catalogue of marine and freshwater fishes from the Aysén region, southern Chile, with zoogeographical notes on fish fauna.. SERNAP - JICA 82pp.","1980 One individual was examined. Geolocation: The position of the point is not accurate.","CC BY-NC 4.0","Literature review dataset of Chilean freshwater and diadromous fish occurrences, compiled by C. Correa (v2009)","FishGIS_metaDatabase_CCorrea","Occurrence"
"CCorrea.Lit.Review.420",-72.06869,-45.54818,"Río Simpson (Coyhaique)","Hatcheria macraei",1980,"1980","Zama, Akira and Eduardo Cárdenas G. (1984) Introduction into Aysén Chile of the pacific salmon. N°9 Descriptive catalogue of marine and freshwater fishes from the Aysén region, southern Chile, with zoogeographical notes on fish fauna.. SERNAP - JICA 82pp.","1980 One individual was examined. Geolocation: The position of the point is not accurate.","CC BY-NC 4.0","Literature review dataset of Chilean freshwater and diadromous fish occurrences, compiled by C. Correa (v2009)","FishGIS_metaDatabase_CCorrea","Occurrence"
"CCorrea.Lit.Review.421",-72.14431,-45.50018,"Río Simpson (Huichalao)","Hatcheria macraei",1981,"1981/1983","Zama, Akira and Eduardo Cárdenas G. (1984) Introduction into Aysén Chile of the pacific salmon. N°9 Descriptive catalogue of marine and freshwater fishes from the Aysén region, southern Chile, with zoogeographical notes on fish fauna.. SERNAP - JICA 82pp.","1981, 1982 Two individual were examined. (Trichomycteridae) Geolocation: The position of the point is approximate.","CC BY-NC 4.0","Literature review dataset of Chilean freshwater and diadromous fish occurrences, compiled by C. Correa (v2009)","FishGIS_metaDatabase_CCorrea","Occurrence"
"CCorrea.Lit.Review.422",-72.45992,-45.41774,"Río Aysén (Puerto Piedra)","Geotria australis",1981,"1981/1983","Zama, Akira and Eduardo Cárdenas G. (1984) Introduction into Aysén Chile of the pacific salmon. N°9 Descriptive catalogue of marine and freshwater fishes from the Aysén region, southern Chile, with zoogeographical notes on fish fauna.. SERNAP - JICA 82pp.","1981-1982 (?) Three individuals were examined.","CC BY-NC 4.0","Literature review dataset of Chilean freshwater and diadromous fish occurrences, compiled by C. Correa (v2009)","FishGIS_metaDatabase_CCorrea","Occurrence"
"CCorrea.Lit.Review.423",-73.24177,-45.24658,"Puerto Pérez (tidepool)","Oncorhynchus mykiss",1982,"1982","Zama, Akira and Eduardo Cárdenas G. (1984) Introduction into Aysén Chile of the pacific salmon. N°9 Descriptive catalogue of marine and freshwater fishes from the Aysén region, southern Chile, with zoogeographical notes on fish fauna.. SERNAP - JICA 82pp.","1982  Geolocation: The position of the point is not accurate; should be at Pto. Piedra.","CC BY-NC 4.0","Literature review dataset of Chilean freshwater and diadromous fish occurrences, compiled by C. Correa (v2009)","FishGIS_metaDatabase_CCorrea","Occurrence"
"CCorrea.Lit.Review.424",-73.24177,-45.24658,"Puerto Pérez (tidepool)","Salmo trutta",1982,"1982","Zama, Akira and Eduardo Cárdenas G. (1984) Introduction into Aysén Chile of the pacific salmon. N°9 Descriptive catalogue of marine and freshwater fishes from the Aysén region, southern Chile, with zoogeographical notes on fish fauna.. SERNAP - JICA 82pp.","1982 Two individuals were examined. Geolocation: The position of the point is not accurate; should be at Pto. Piedra.","CC BY-NC 4.0","Literature review dataset of Chilean freshwater and diadromous fish occurrences, compiled by C. Correa (v2009)","FishGIS_metaDatabase_CCorrea","Occurrence"
"CCorrea.Lit.Review.425",-73.24177,-45.24658,"Puerto Pérez (tidepool)","Galaxias maculatus",1982,"1982","Zama, Akira and Eduardo Cárdenas G. (1984) Introduction into Aysén Chile of the pacific salmon. N°9 Descriptive catalogue of marine and freshwater fishes from the Aysén region, southern Chile, with zoogeographical notes on fish fauna.. SERNAP - JICA 82pp.","1982 Two individual were examined. Geolocation: The position of the point is not accurate; should be at Pto. Piedra.","CC BY-NC 4.0","Literature review dataset of Chilean freshwater and diadromous fish occurrences, compiled by C. Correa (v2009)","FishGIS_metaDatabase_CCorrea","Occurrence"
"CCorrea.Lit.Review.426",-72.80007,-45.45759,"Arrollo Pajarones (Ensenada Baja)","Oncorhynchus keta",1981,"1981","Zama, Akira and Eduardo Cárdenas G. (1984) Introduction into Aysén Chile of the pacific salmon. N°9 Descriptive catalogue of marine and freshwater fishes from the Aysén region, southern Chile, with zoogeographical notes on fish fauna.. SERNAP - JICA 82pp.","1981 Two individuals were examined. From April to June 1982, 68 chum salmon were re-captured as spawning adults in Ensenada Baja. (At least from 1979 to 1982 juveniles have been released in the area). Geolocation: The position of the point is not accurate.","CC BY-NC 4.0","Literature review dataset of Chilean freshwater and diadromous fish occurrences, compiled by C. Correa (v2009)","FishGIS_metaDatabase_CCorrea","Occurrence"
"CCorrea.Lit.Review.427",-72.80007,-45.45759,"Arrollo Pajarones (Ensenada Baja)","Salmo trutta",1981,"1981","Zama, Akira and Eduardo Cárdenas G. (1984) Introduction into Aysén Chile of the pacific salmon. N°9 Descriptive catalogue of marine and freshwater fishes from the Aysén region, southern Chile, with zoogeographical notes on fish fauna.. SERNAP - JICA 82pp.","1981 One spawning male was examined. Geolocation: The position of the point is not accurate.","CC BY-NC 4.0","Literature review dataset of Chilean freshwater and diadromous fish occurrences, compiled by C. Correa (v2009)","FishGIS_metaDatabase_CCorrea","Occurrence"
"CCorrea.Lit.Review.428",-72.79406,-45.45129,"Río El Salto (desembocadura)","Salmo trutta",1982,"1982","Zama, Akira and Eduardo Cárdenas G. (1984) Introduction into Aysén Chile of the pacific salmon. N°9 Descriptive catalogue of marine and freshwater fishes from the Aysén region, southern Chile, with zoogeographical notes on fish fauna.. SERNAP - JICA 82pp.","1982 One individual was examined.","CC BY-NC 4.0","Literature review dataset of Chilean freshwater and diadromous fish occurrences, compiled by C. Correa (v2009)","FishGIS_metaDatabase_CCorrea","Occurrence"
"CCorrea.Lit.Review.429",-72.79406,-45.45129,"Río El Salto (desembocadura)","Oncorhynchus kisutch",1982,"1982","Zama, Akira and Eduardo Cárdenas G. (1984) Introduction into Aysén Chile of the pacific salmon. N°9 Descriptive catalogue of marine and freshwater fishes from the Aysén region, southern Chile, with zoogeographical notes on fish fauna.. SERNAP - JICA 82pp.","1982 One spawning male was examined. (Fundación Chile released young coho salmon into Ensenada Baja in July 1981 (<400 fish, 450 g). In April and may 1982 five male cohos returned to the bay to spawn.)","CC BY-NC 4.0","Literature review dataset of Chilean freshwater and diadromous fish occurrences, compiled by C. Correa (v2009)","FishGIS_metaDatabase_CCorrea","Occurrence"
"CCorrea.Lit.Review.430",-73.59167,-48.25,"Laguna Ventisquero (estero Ventisquero)","Aplochiton marinus",1982,"1982","Zama, Akira and Eduardo Cárdenas G. (1984) Introduction into Aysén Chile of the pacific salmon. N°9 Descriptive catalogue of marine and freshwater fishes from the Aysén region, southern Chile, with zoogeographical notes on fish fauna.. SERNAP - JICA 82pp.","1982 For Valdivia, the sp. has been recorded only by Eigenmann (1928). The expedition from Hokkaido U., Japan, to the Jorge Montt Glacier collected some spec. one of which is examined herein. Another spec. is from the Inst. de la Patagonia, Pta. Arenas.","CC BY-NC 4.0","Literature review dataset of Chilean freshwater and diadromous fish occurrences, compiled by C. Correa (v2009)","FishGIS_metaDatabase_CCorrea","Occurrence"
"CCorrea.Lit.Review.431",-73.1204,-48.14281,"Laguna Quetro","Aplochiton zebra",1982,"1982","Zama, Akira and Eduardo Cárdenas G. (1984) Introduction into Aysén Chile of the pacific salmon. N°9 Descriptive catalogue of marine and freshwater fishes from the Aysén region, southern Chile, with zoogeographical notes on fish fauna.. SERNAP - JICA 82pp.","1982 One individual was examined.","CC BY-NC 4.0","Literature review dataset of Chilean freshwater and diadromous fish occurrences, compiled by C. Correa (v2009)","FishGIS_metaDatabase_CCorrea","Occurrence"
"CCorrea.Lit.Review.432",-73.52067,-45.16155,"Puerto Aguirre","Galaxias maculatus",1980,"1980","Zama, Akira and Eduardo Cárdenas G. (1984) Introduction into Aysén Chile of the pacific salmon. N°9 Descriptive catalogue of marine and freshwater fishes from the Aysén region, southern Chile, with zoogeographical notes on fish fauna.. SERNAP - JICA 82pp.","1980 Two individual were examined.","CC BY-NC 4.0","Literature review dataset of Chilean freshwater and diadromous fish occurrences, compiled by C. Correa (v2009)","FishGIS_metaDatabase_CCorrea","Occurrence"
"CCorrea.Lit.Review.433",-71.85398,-45.66646,"Lago Pollux","Galaxias platei",1975,"1975","Zama, Akira and Eduardo Cárdenas G. (1984) Introduction into Aysén Chile of the pacific salmon. N°9 Descriptive catalogue of marine and freshwater fishes from the Aysén region, southern Chile, with zoogeographical notes on fish fauna.. SERNAP - JICA 82pp.","1975 One individual was examined. Geolocation: The position of the point is not accurate.","CC BY-NC 4.0","Literature review dataset of Chilean freshwater and diadromous fish occurrences, compiled by C. Correa (v2009)","FishGIS_metaDatabase_CCorrea","Occurrence"
"CCorrea.Lit.Review.434",-72.72904,-45.46757,"Lago Riesco","Galaxias platei",1980,"1980","Zama, Akira and Eduardo Cárdenas G. (1984) Introduction into Aysén Chile of the pacific salmon. N°9 Descriptive catalogue of marine and freshwater fishes from the Aysén region, southern Chile, with zoogeographical notes on fish fauna.. SERNAP - JICA 82pp.","1980 One individual was examined.","CC BY-NC 4.0","Literature review dataset of Chilean freshwater and diadromous fish occurrences, compiled by C. Correa (v2009)","FishGIS_metaDatabase_CCorrea","Occurrence"
"CCorrea.Lit.Review.435",-71.96482,-46.24045,"Lago Don Poli","Galaxias platei",1984,"1984","Zama, Akira and Eduardo Cárdenas G. (1984) Introduction into Aysén Chile of the pacific salmon. N°9 Descriptive catalogue of marine and freshwater fishes from the Aysén region, southern Chile, with zoogeographical notes on fish fauna.. SERNAP - JICA 82pp.","1984 Two individual were examined. Geolocation: The position of the point is not accurate; it should be at Don Poli Lagoon.","CC BY-NC 4.0","Literature review dataset of Chilean freshwater and diadromous fish occurrences, compiled by C. Correa (v2009)","FishGIS_metaDatabase_CCorrea","Occurrence"
"CCorrea.Lit.Review.436",-72.58243,-47.31257,"Lago Esmeralda","Odontesthes bonariensis",1983,"1983","Zama, Akira and Eduardo Cárdenas G. (1984) Introduction into Aysén Chile of the pacific salmon. N°9 Descriptive catalogue of marine and freshwater fishes from the Aysén region, southern Chile, with zoogeographical notes on fish fauna.. SERNAP - JICA 82pp.","1983 One individual was examined.","CC BY-NC 4.0","Literature review dataset of Chilean freshwater and diadromous fish occurrences, compiled by C. Correa (v2009)","FishGIS_metaDatabase_CCorrea","Occurrence"
"CCorrea.Lit.Review.437",-72.45022,-47.28029,"Lago Maldonado","Percichthys trucha",1983,"1983","Zama, Akira and Eduardo Cárdenas G. (1984) Introduction into Aysén Chile of the pacific salmon. N°9 Descriptive catalogue of marine and freshwater fishes from the Aysén region, southern Chile, with zoogeographical notes on fish fauna.. SERNAP - JICA 82pp.","1983 One individual was examined. Geolocation: The point should be at Maldonado Lagoon.","CC BY-NC 4.0","Literature review dataset of Chilean freshwater and diadromous fish occurrences, compiled by C. Correa (v2009)","FishGIS_metaDatabase_CCorrea","Occurrence"
"CCorrea.Lit.Review.438",-71.92711,-46.30439,"Lago General Carrera (Pto. Ibañez)","Percichthys trucha",1982,"1982","Zama, Akira and Eduardo Cárdenas G. (1984) Introduction into Aysén Chile of the pacific salmon. N°9 Descriptive catalogue of marine and freshwater fishes from the Aysén region, southern Chile, with zoogeographical notes on fish fauna.. SERNAP - JICA 82pp.","1982 One individual was examined. Geolocation: The position of the point is not accurate.","CC BY-NC 4.0","Literature review dataset of Chilean freshwater and diadromous fish occurrences, compiled by C. Correa (v2009)","FishGIS_metaDatabase_CCorrea","Occurrence"
"CCorrea.Lit.Review.439",-71.94613,-45.66398,"Lago Frío","Oncorhynchus mykiss",1981,"1981/1983","Zama, Akira and Eduardo Cárdenas G. (1984) Introduction into Aysén Chile of the pacific salmon. N°9 Descriptive catalogue of marine and freshwater fishes from the Aysén region, southern Chile, with zoogeographical notes on fish fauna.. SERNAP - JICA 82pp.","1981-1982 (?) ","CC BY-NC 4.0","Literature review dataset of Chilean freshwater and diadromous fish occurrences, compiled by C. Correa (v2009)","FishGIS_metaDatabase_CCorrea","Occurrence"
"CCorrea.Lit.Review.440",-71.62297,-46.51134,"Lago General Carrera, near Río Los Antiguos, Argentina.","Oncorhynchus mykiss",1990,"1990","Misuo Sakai and Ambrosio C. Espinós (1992) On the trout resouces in lake Buenos Aires, southern Argentina. Informe técnico N°4, Agencia de Cooperación Internacional del Japón (JICA). Editorial Hemisferio Sur S.A., Buenos Aires, Argentina. 26pp.","1990 ","CC BY-NC 4.0","Literature review dataset of Chilean freshwater and diadromous fish occurrences, compiled by C. Correa (v2009)","FishGIS_metaDatabase_CCorrea","Occurrence"
"CCorrea.Lit.Review.441",-71.62297,-46.51134,"Lago General Carrera, near Río Los Antiguos, Argentina.","Salmo trutta",1990,"1990","Misuo Sakai and Ambrosio C. Espinós (1992) On the trout resouces in lake Buenos Aires, southern Argentina. Informe técnico N°4, Agencia de Cooperación Internacional del Japón (JICA). Editorial Hemisferio Sur S.A., Buenos Aires, Argentina. 26pp.","1990 ","CC BY-NC 4.0","Literature review dataset of Chilean freshwater and diadromous fish occurrences, compiled by C. Correa (v2009)","FishGIS_metaDatabase_CCorrea","Occurrence"
"CCorrea.Lit.Review.442",-71.62297,-46.51134,"Lago General Carrera, near Río Los Antiguos, Argentina.","Percichthys trucha",1990,"1990","Misuo Sakai and Ambrosio C. Espinós (1992) On the trout resouces in lake Buenos Aires, southern Argentina. Informe técnico N°4, Agencia de Cooperación Internacional del Japón (JICA). Editorial Hemisferio Sur S.A., Buenos Aires, Argentina. 26pp.","1990 ","CC BY-NC 4.0","Literature review dataset of Chilean freshwater and diadromous fish occurrences, compiled by C. Correa (v2009)","FishGIS_metaDatabase_CCorrea","Occurrence"
"CCorrea.Lit.Review.654",-71.50128,-52.23821,"Río San José","Salmo trutta",1998,"1998","Estai, E. (1999) Desarrollo y manejo de una pesquería fluvial de trucha café (Salmo trutta fario) en río penitente, XII región. Informe Final.. FONTEC-CORFO Código N° 96-08521.","1998 ","CC BY-NC 4.0","Literature review dataset of Chilean freshwater and diadromous fish occurrences, compiled by C. Correa (v2009)","FishGIS_metaDatabase_CCorrea","Occurrence"
"CCorrea.Lit.Review.655",-71.41201,-52.18261,"Río Penitente, La Holla.","Salmo trutta",1996,"1996/1999","Estai, E. (1999) Desarrollo y manejo de una pesquería fluvial de trucha café (Salmo trutta fario) en río penitente, XII región. Informe Final.. FONTEC-CORFO Código N° 96-08521.","1996, 1997, 1998 ","CC BY-NC 4.0","Literature review dataset of Chilean freshwater and diadromous fish occurrences, compiled by C. Correa (v2009)","FishGIS_metaDatabase_CCorrea","Occurrence"
"CCorrea.Lit.Review.656",-71.4246,-52.05776,"Río Penitente, Acantilado.","Salmo trutta",1997,"1997","Estai, E. (1999) Desarrollo y manejo de una pesquería fluvial de trucha café (Salmo trutta fario) en río penitente, XII región. Informe Final.. FONTEC-CORFO Código N° 96-08521.","1997 ","CC BY-NC 4.0","Literature review dataset of Chilean freshwater and diadromous fish occurrences, compiled by C. Correa (v2009)","FishGIS_metaDatabase_CCorrea","Occurrence"
"CCorrea.Lit.Review.657",-71.62611,-52.21571,"Río Penitente, Corral las Nieves.","Salmo trutta",1997,"1997","Estai, E. (1999) Desarrollo y manejo de una pesquería fluvial de trucha café (Salmo trutta fario) en río penitente, XII región. Informe Final.. FONTEC-CORFO Código N° 96-08521.","1997 ","CC BY-NC 4.0","Literature review dataset of Chilean freshwater and diadromous fish occurrences, compiled by C. Correa (v2009)","FishGIS_metaDatabase_CCorrea","Occurrence"
"CCorrea.Lit.Review.658",-71.48307,-52.19625,"Río Penitente, Palermo.","Salmo trutta",1997,"1997/2000","Estai, E. (1999) Desarrollo y manejo de una pesquería fluvial de trucha café (Salmo trutta fario) en río penitente, XII región. Informe Final.. FONTEC-CORFO Código N° 96-08521.","1997, 1998, 1999 ","CC BY-NC 4.0","Literature review dataset of Chilean freshwater and diadromous fish occurrences, compiled by C. Correa (v2009)","FishGIS_metaDatabase_CCorrea","Occurrence"
"CCorrea.Lit.Review.659",-71.53757,-52.15145,"Chorrillo (arrollo) s/n..","Salmo trutta",1997,"1997/2000","Estai, E. (1999) Desarrollo y manejo de una pesquería fluvial de trucha café (Salmo trutta fario) en río penitente, XII región. Informe Final.. FONTEC-CORFO Código N° 96-08521.","1997, 1998, 1999 ","CC BY-NC 4.0","Literature review dataset of Chilean freshwater and diadromous fish occurrences, compiled by C. Correa (v2009)","FishGIS_metaDatabase_CCorrea","Occurrence"
"CCorrea.Lit.Review.660",-71.40578,-52.22581,"Río Penitente, La Invernada.","Salmo trutta",1997,"1997/1999","Estai, E. (1999) Desarrollo y manejo de una pesquería fluvial de trucha café (Salmo trutta fario) en río penitente, XII región. Informe Final.. FONTEC-CORFO Código N° 96-08521.","1997, 1998 ","CC BY-NC 4.0","Literature review dataset of Chilean freshwater and diadromous fish occurrences, compiled by C. Correa (v2009)","FishGIS_metaDatabase_CCorrea","Occurrence"
"CCorrea.Lit.Review.661",-71.38706,-52.11319,"Río Penitente, La Invernada.","Salmo trutta",1997,"1997/2000","Estai, E. (1999) Desarrollo y manejo de una pesquería fluvial de trucha café (Salmo trutta fario) en río penitente, XII región. Informe Final.. FONTEC-CORFO Código N° 96-08521.","1997, 1998, 1999 ","CC BY-NC 4.0","Literature review dataset of Chilean freshwater and diadromous fish occurrences, compiled by C. Correa (v2009)","FishGIS_metaDatabase_CCorrea","Occurrence"
"CCorrea.Lit.Review.1179",-72.98062,-45.21126,"Lago Meullín at the drainage.","Galaxias platei",2001,"2001","Centro de Ecología Aplicada Ltda. (2001) Estudio de Impacto Ambiental (EIA) proyecto ALUMYSA. Anexo IV.A_1 Caracterización del habitat acuático del Rio Cuervo, Puerto Aysen.. CONAMA.","2001 ","CC BY-NC 4.0","Literature review dataset of Chilean freshwater and diadromous fish occurrences, compiled by C. Correa (v2009)","FishGIS_metaDatabase_CCorrea","Occurrence"
"CCorrea.Lit.Review.1180",-73.02396,-45.30376,"Río Cuervo upstream from Río Marta","Galaxias platei",2001,"2001","Centro de Ecología Aplicada Ltda. (2001) Estudio de Impacto Ambiental (EIA) proyecto ALUMYSA. Anexo IV.A_1 Caracterización del habitat acuático del Rio Cuervo, Puerto Aysen.. CONAMA.","2001 ","CC BY-NC 4.0","Literature review dataset of Chilean freshwater and diadromous fish occurrences, compiled by C. Correa (v2009)","FishGIS_metaDatabase_CCorrea","Occurrence"
"CCorrea.Lit.Review.1181",-73.04489,-45.34709,"Río Cuervo down stream from Río Marta","Oncorhynchus tshawytscha",2001,"2001","Centro de Ecología Aplicada Ltda. (2001) Estudio de Impacto Ambiental (EIA) proyecto ALUMYSA. Anexo IV.A_1 Caracterización del habitat acuático del Rio Cuervo, Puerto Aysen.. CONAMA.","2001 From 14 to 17.5 cm total length.","CC BY-NC 4.0","Literature review dataset of Chilean freshwater and diadromous fish occurrences, compiled by C. Correa (v2009)","FishGIS_metaDatabase_CCorrea","Occurrence"
"CCorrea.Lit.Review.1182",-73.05435,-45.35349,"Río Cuervo down stream from Río Marta","Oncorhynchus mykiss",2001,"2001","Centro de Ecología Aplicada Ltda. (2001) Estudio de Impacto Ambiental (EIA) proyecto ALUMYSA. Anexo IV.A_1 Caracterización del habitat acuático del Rio Cuervo, Puerto Aysen.. CONAMA.","2001 ","CC BY-NC 4.0","Literature review dataset of Chilean freshwater and diadromous fish occurrences, compiled by C. Correa (v2009)","FishGIS_metaDatabase_CCorrea","Occurrence"
"CCorrea.Lit.Review.1183",-73.05435,-45.35349,"Río Cuervo down stream from Río Marta","Oncorhynchus kisutch",2001,"2001","Centro de Ecología Aplicada Ltda. (2001) Estudio de Impacto Ambiental (EIA) proyecto ALUMYSA. Anexo IV.A_1 Caracterización del habitat acuático del Rio Cuervo, Puerto Aysen.. CONAMA.","2001 ","CC BY-NC 4.0","Literature review dataset of Chilean freshwater and diadromous fish occurrences, compiled by C. Correa (v2009)","FishGIS_metaDatabase_CCorrea","Occurrence"
"CCorrea.Lit.Review.1184",-73.05435,-45.35349,"Río Cuervo down stream from Río Marta","Oncorhynchus tshawytscha",2001,"2001","Centro de Ecología Aplicada Ltda. (2001) Estudio de Impacto Ambiental (EIA) proyecto ALUMYSA. Anexo IV.A_1 Caracterización del habitat acuático del Rio Cuervo, Puerto Aysen.. CONAMA.","2001 ","CC BY-NC 4.0","Literature review dataset of Chilean freshwater and diadromous fish occurrences, compiled by C. Correa (v2009)","FishGIS_metaDatabase_CCorrea","Occurrence"
"CCorrea.Lit.Review.1185",-73.05435,-45.35349,"Río Cuervo down stream from Río Marta","",2001,"2001","Centro de Ecología Aplicada Ltda. (2001) Estudio de Impacto Ambiental (EIA) proyecto ALUMYSA. Anexo IV.A_1 Caracterización del habitat acuático del Rio Cuervo, Puerto Aysen.. CONAMA.","2001 In order of abundance this group of marine species include: Odontesthes sp. (67.4%), Elegenops maclovinus (17.4%), Macruronus magellanicus (3.8%), Notothenia sp. (3.3%), and Paralichtys microps (0.5%).","CC BY-NC 4.0","Literature review dataset of Chilean freshwater and diadromous fish occurrences, compiled by C. Correa (v2009)","FishGIS_metaDatabase_CCorrea","Occurrence"
"CCorrea.Lit.Review.1186",-72.8293,-45.11141,"Lago Youlton en Ensenada Barrientos (SLAY-2)","Galaxias platei",2000,"2000","Centro de Ecología Aplicada Ltda. (2001) Estudio de Impacto Ambiental (EIA) proyecto ALUMYSA. Anexo IV.A_1 Caracterización del habitat acuático del Rio Cuervo, Puerto Aysen.. CONAMA.","2000 (?) ","CC BY-NC 4.0","Literature review dataset of Chilean freshwater and diadromous fish occurrences, compiled by C. Correa (v2009)","FishGIS_metaDatabase_CCorrea","Occurrence"
"CCorrea.Lit.Review.1187",-72.91149,-45.1479,"Lago Youlton frente a Laguna Quetro (SLAY-3)","Galaxias platei",2000,"2000","Centro de Ecología Aplicada Ltda. (2001) Estudio de Impacto Ambiental (EIA) proyecto ALUMYSA. Anexo IV.A_1 Caracterización del habitat acuático del Rio Cuervo, Puerto Aysen.. CONAMA.","2000 (?) ","CC BY-NC 4.0","Literature review dataset of Chilean freshwater and diadromous fish occurrences, compiled by C. Correa (v2009)","FishGIS_metaDatabase_CCorrea","Occurrence"
"CCorrea.Lit.Review.1188",-72.8577,-45.08349,"Lago Youlton aguas abajo Estero Capillan (SLY-2)","Galaxias platei",2000,"2000","Centro de Ecología Aplicada Ltda. (2001) Estudio de Impacto Ambiental (EIA) proyecto ALUMYSA. Anexo IV.A_1 Caracterización del habitat acuático del Rio Cuervo, Puerto Aysen.. CONAMA.","2000 (?) ","CC BY-NC 4.0","Literature review dataset of Chilean freshwater and diadromous fish occurrences, compiled by C. Correa (v2009)","FishGIS_metaDatabase_CCorrea","Occurrence"
"CCorrea.Lit.Review.1189",-72.97011,-45.1414,"Lago Youlton en desembocadura (SLY-1)","Galaxias platei",2000,"2000","Centro de Ecología Aplicada Ltda. (2001) Estudio de Impacto Ambiental (EIA) proyecto ALUMYSA. Anexo IV.A_1 Caracterización del habitat acuático del Rio Cuervo, Puerto Aysen.. CONAMA.","2000 (?) ","CC BY-NC 4.0","Literature review dataset of Chilean freshwater and diadromous fish occurrences, compiled by C. Correa (v2009)","FishGIS_metaDatabase_CCorrea","Occurrence"
"CCorrea.Lit.Review.1190",-72.97382,-45.16812,"Lago Youlton en desembocadura Lago Youlton (SRME-1)","Galaxias platei",2000,"2000","Centro de Ecología Aplicada Ltda. (2001) Estudio de Impacto Ambiental (EIA) proyecto ALUMYSA. Anexo IV.A_1 Caracterización del habitat acuático del Rio Cuervo, Puerto Aysen.. CONAMA.","2000 (?) ","CC BY-NC 4.0","Literature review dataset of Chilean freshwater and diadromous fish occurrences, compiled by C. Correa (v2009)","FishGIS_metaDatabase_CCorrea","Occurrence"
"CCorrea.Lit.Review.1191",-72.96376,-45.56128,"Lago Condor (SLCO-7)","Galaxias maculatus",2000,"2000","Centro de Ecología Aplicada Ltda. (2001) Estudio de Impacto Ambiental (EIA) proyecto ALUMYSA. Anexo IV.A_1 Caracterización del habitat acuático del Rio Cuervo, Puerto Aysen.. CONAMA.","2000 (?) Only caught by electric fishing.","CC BY-NC 4.0","Literature review dataset of Chilean freshwater and diadromous fish occurrences, compiled by C. Correa (v2009)","FishGIS_metaDatabase_CCorrea","Occurrence"
"CCorrea.Lit.Review.1192",-72.96376,-45.56128,"Lago Condor (SLCO-7)","Galaxias platei",2000,"2000","Centro de Ecología Aplicada Ltda. (2001) Estudio de Impacto Ambiental (EIA) proyecto ALUMYSA. Anexo IV.A_1 Caracterización del habitat acuático del Rio Cuervo, Puerto Aysen.. CONAMA.","2000 (?) ","CC BY-NC 4.0","Literature review dataset of Chilean freshwater and diadromous fish occurrences, compiled by C. Correa (v2009)","FishGIS_metaDatabase_CCorrea","Occurrence"
"CCorrea.Lit.Review.1193",-72.96376,-45.56128,"Lago Condor (SLCO-7)","Aplochiton zebra",2000,"2000","Centro de Ecología Aplicada Ltda. (2001) Estudio de Impacto Ambiental (EIA) proyecto ALUMYSA. Anexo IV.A_1 Caracterización del habitat acuático del Rio Cuervo, Puerto Aysen.. CONAMA.","2000 (?) Only caught by gill-netting.","CC BY-NC 4.0","Literature review dataset of Chilean freshwater and diadromous fish occurrences, compiled by C. Correa (v2009)","FishGIS_metaDatabase_CCorrea","Occurrence"
"CCorrea.Lit.Review.1194",-72.96792,-45.59743,"Lago Condor (SLCO-2)","Salmo trutta",2000,"2000","Centro de Ecología Aplicada Ltda. (2001) Estudio de Impacto Ambiental (EIA) proyecto ALUMYSA. Anexo IV.A_1 Caracterización del habitat acuático del Rio Cuervo, Puerto Aysen.. CONAMA.","2000 (?) Only caught by gill-netting.","CC BY-NC 4.0","Literature review dataset of Chilean freshwater and diadromous fish occurrences, compiled by C. Correa (v2009)","FishGIS_metaDatabase_CCorrea","Occurrence"
"CCorrea.Lit.Review.1195",-72.96792,-45.59743,"Lago Condor (SLCO-2)","Galaxias maculatus",2000,"2000","Centro de Ecología Aplicada Ltda. (2001) Estudio de Impacto Ambiental (EIA) proyecto ALUMYSA. Anexo IV.A_1 Caracterización del habitat acuático del Rio Cuervo, Puerto Aysen.. CONAMA.","2000 (?) Only caught by electric fishing.","CC BY-NC 4.0","Literature review dataset of Chilean freshwater and diadromous fish occurrences, compiled by C. Correa (v2009)","FishGIS_metaDatabase_CCorrea","Occurrence"
"CCorrea.Lit.Review.1196",-72.96792,-45.59743,"Lago Condor (SLCO-2)","Galaxias platei",2000,"2000","Centro de Ecología Aplicada Ltda. (2001) Estudio de Impacto Ambiental (EIA) proyecto ALUMYSA. Anexo IV.A_1 Caracterización del habitat acuático del Rio Cuervo, Puerto Aysen.. CONAMA.","2000 (?) ","CC BY-NC 4.0","Literature review dataset of Chilean freshwater and diadromous fish occurrences, compiled by C. Correa (v2009)","FishGIS_metaDatabase_CCorrea","Occurrence"
"CCorrea.Lit.Review.1197",-72.96792,-45.59743,"Lago Condor (SLCO-2)","Aplochiton zebra",2000,"2000","Centro de Ecología Aplicada Ltda. (2001) Estudio de Impacto Ambiental (EIA) proyecto ALUMYSA. Anexo IV.A_1 Caracterización del habitat acuático del Rio Cuervo, Puerto Aysen.. CONAMA.","2000 (?) Only caught with gill-net.","CC BY-NC 4.0","Literature review dataset of Chilean freshwater and diadromous fish occurrences, compiled by C. Correa (v2009)","FishGIS_metaDatabase_CCorrea","Occurrence"
"CCorrea.Lit.Review.1198",-72.67735,-45.49821,"Lago Riesco en desembocadura (SLR-1)","Oncorhynchus mykiss",2000,"2000","Centro de Ecología Aplicada Ltda. (2001) Estudio de Impacto Ambiental (EIA) proyecto ALUMYSA. Anexo IV.A_1 Caracterización del habitat acuático del Rio Cuervo, Puerto Aysen.. CONAMA.","2000 (?) Caught with gill-net and baited hooks.","CC BY-NC 4.0","Literature review dataset of Chilean freshwater and diadromous fish occurrences, compiled by C. Correa (v2009)","FishGIS_metaDatabase_CCorrea","Occurrence"
"CCorrea.Lit.Review.1199",-72.67735,-45.49821,"Lago Riesco en desembocadura (SLR-1)","Salmo trutta",2000,"2000","Centro de Ecología Aplicada Ltda. (2001) Estudio de Impacto Ambiental (EIA) proyecto ALUMYSA. Anexo IV.A_1 Caracterización del habitat acuático del Rio Cuervo, Puerto Aysen.. CONAMA.","2000 (?) Caught with gill-net and baited hooks.","CC BY-NC 4.0","Literature review dataset of Chilean freshwater and diadromous fish occurrences, compiled by C. Correa (v2009)","FishGIS_metaDatabase_CCorrea","Occurrence"
"CCorrea.Lit.Review.1200",-72.67735,-45.49821,"Lago Riesco en desembocadura (SLR-1)","Oncorhynchus nerka",2000,"2000","Centro de Ecología Aplicada Ltda. (2001) Estudio de Impacto Ambiental (EIA) proyecto ALUMYSA. Anexo IV.A_1 Caracterización del habitat acuático del Rio Cuervo, Puerto Aysen.. CONAMA.","2000 (?) Only caught with gill-net. Two females and one male; between 377 and 700 gr.","CC BY-NC 4.0","Literature review dataset of Chilean freshwater and diadromous fish occurrences, compiled by C. Correa (v2009)","FishGIS_metaDatabase_CCorrea","Occurrence"
"CCorrea.Lit.Review.1201",-72.67735,-45.49821,"Lago Riesco en desembocadura (SLR-1)","Aplochiton zebra",2000,"2000","Centro de Ecología Aplicada Ltda. (2001) Estudio de Impacto Ambiental (EIA) proyecto ALUMYSA. Anexo IV.A_1 Caracterización del habitat acuático del Rio Cuervo, Puerto Aysen.. CONAMA.","2000 (?) Only caught with gill-net.","CC BY-NC 4.0","Literature review dataset of Chilean freshwater and diadromous fish occurrences, compiled by C. Correa (v2009)","FishGIS_metaDatabase_CCorrea","Occurrence"
"CCorrea.Lit.Review.1202",-72.67735,-45.49821,"Lago Riesco en desembocadura (SLR-1)","Galaxias maculatus",2000,"2000","Centro de Ecología Aplicada Ltda. (2001) Estudio de Impacto Ambiental (EIA) proyecto ALUMYSA. Anexo IV.A_1 Caracterización del habitat acuático del Rio Cuervo, Puerto Aysen.. CONAMA.","2000 (?) Only caught with electric fishing.","CC BY-NC 4.0","Literature review dataset of Chilean freshwater and diadromous fish occurrences, compiled by C. Correa (v2009)","FishGIS_metaDatabase_CCorrea","Occurrence"
"CCorrea.Lit.Review.1203",-72.51029,-45.79312,"Lago Caro en cubeta oriente (SRB-9)","Salmo trutta",2000,"2000","Centro de Ecología Aplicada Ltda. (2001) Estudio de Impacto Ambiental (EIA) proyecto ALUMYSA. Anexo IV.A_1 Caracterización del habitat acuático del Rio Cuervo, Puerto Aysen.. CONAMA.","2000 (?) Caught with gill-net and baited hooks. Geolocation: The position of the point is not accurate.","CC BY-NC 4.0","Literature review dataset of Chilean freshwater and diadromous fish occurrences, compiled by C. Correa (v2009)","FishGIS_metaDatabase_CCorrea","Occurrence"
"CCorrea.Lit.Review.1204",-72.51029,-45.79312,"Lago Caro en cubeta oriente (SRB-9)","Aplochiton zebra",2000,"2000","Centro de Ecología Aplicada Ltda. (2001) Estudio de Impacto Ambiental (EIA) proyecto ALUMYSA. Anexo IV.A_1 Caracterización del habitat acuático del Rio Cuervo, Puerto Aysen.. CONAMA.","2000 (?) Only caught with gill-net. Geolocation: The position of the point is not accurate.","CC BY-NC 4.0","Literature review dataset of Chilean freshwater and diadromous fish occurrences, compiled by C. Correa (v2009)","FishGIS_metaDatabase_CCorrea","Occurrence"
"CCorrea.Lit.Review.1205",-72.17475,-45.77066,"Lago Elizalde en cubeta Oriente (SRB-10)","Oncorhynchus mykiss",2000,"2000","Centro de Ecología Aplicada Ltda. (2001) Estudio de Impacto Ambiental (EIA) proyecto ALUMYSA. Anexo IV.A_1 Caracterización del habitat acuático del Rio Cuervo, Puerto Aysen.. CONAMA.","2000 (?) Caught with gill-net.","CC BY-NC 4.0","Literature review dataset of Chilean freshwater and diadromous fish occurrences, compiled by C. Correa (v2009)","FishGIS_metaDatabase_CCorrea","Occurrence"
"CCorrea.Lit.Review.1206",-72.17475,-45.77066,"Lago Elizalde en cubeta Oriente (SRB-10)","Salmo trutta",2000,"2000","Centro de Ecología Aplicada Ltda. (2001) Estudio de Impacto Ambiental (EIA) proyecto ALUMYSA. Anexo IV.A_1 Caracterización del habitat acuático del Rio Cuervo, Puerto Aysen.. CONAMA.","2000 (?) Caught with gill-net.","CC BY-NC 4.0","Literature review dataset of Chilean freshwater and diadromous fish occurrences, compiled by C. Correa (v2009)","FishGIS_metaDatabase_CCorrea","Occurrence"
"CCorrea.Lit.Review.1207",-72.17475,-45.77066,"Lago Elizalde en cubeta Oriente (SRB-10)","Galaxias platei",2000,"2000","Centro de Ecología Aplicada Ltda. (2001) Estudio de Impacto Ambiental (EIA) proyecto ALUMYSA. Anexo IV.A_1 Caracterización del habitat acuático del Rio Cuervo, Puerto Aysen.. CONAMA.","2000 (?) Caught with baited hooks.","CC BY-NC 4.0","Literature review dataset of Chilean freshwater and diadromous fish occurrences, compiled by C. Correa (v2009)","FishGIS_metaDatabase_CCorrea","Occurrence"
"CCorrea.Lit.Review.1208",-72.58969,-45.42742,"Río Blanco abajo en desembocadura (SRB-1)","Oncorhynchus mykiss",2000,"2000","Centro de Ecología Aplicada Ltda. (2001) Estudio de Impacto Ambiental (EIA) proyecto ALUMYSA. Anexo IV.A_1 Caracterización del habitat acuático del Rio Cuervo, Puerto Aysen.. CONAMA.","2000 (?) Caught with baited hooks.","CC BY-NC 4.0","Literature review dataset of Chilean freshwater and diadromous fish occurrences, compiled by C. Correa (v2009)","FishGIS_metaDatabase_CCorrea","Occurrence"
"CCorrea.Lit.Review.1209",-72.58969,-45.42742,"Río Blanco abajo en desembocadura (SRB-1)","Salmo trutta",2000,"2000","Centro de Ecología Aplicada Ltda. (2001) Estudio de Impacto Ambiental (EIA) proyecto ALUMYSA. Anexo IV.A_1 Caracterización del habitat acuático del Rio Cuervo, Puerto Aysen.. CONAMA.","2000 (?) Caught with baited hooks.","CC BY-NC 4.0","Literature review dataset of Chilean freshwater and diadromous fish occurrences, compiled by C. Correa (v2009)","FishGIS_metaDatabase_CCorrea","Occurrence"
"CCorrea.Lit.Review.1210",-72.58969,-45.42742,"Río Blanco abajo en desembocadura (SRB-1)","Galaxias platei",2000,"2000","Centro de Ecología Aplicada Ltda. (2001) Estudio de Impacto Ambiental (EIA) proyecto ALUMYSA. Anexo IV.A_1 Caracterización del habitat acuático del Rio Cuervo, Puerto Aysen.. CONAMA.","2000 (?) Caught with baited hooks and electric fishing.","CC BY-NC 4.0","Literature review dataset of Chilean freshwater and diadromous fish occurrences, compiled by C. Correa (v2009)","FishGIS_metaDatabase_CCorrea","Occurrence"
"CCorrea.Lit.Review.1211",-72.58969,-45.42742,"Río Blanco abajo en desembocadura (SRB-1)","Galaxias maculatus",2000,"2000","Centro de Ecología Aplicada Ltda. (2001) Estudio de Impacto Ambiental (EIA) proyecto ALUMYSA. Anexo IV.A_1 Caracterización del habitat acuático del Rio Cuervo, Puerto Aysen.. CONAMA.","2000 (?) Caught with electric fishing.","CC BY-NC 4.0","Literature review dataset of Chilean freshwater and diadromous fish occurrences, compiled by C. Correa (v2009)","FishGIS_metaDatabase_CCorrea","Occurrence"
"CCorrea.Lit.Review.1212",-72.58969,-45.42742,"Río Blanco abajo en desembocadura (SRB-1)","Aplochiton zebra",2000,"2000","Centro de Ecología Aplicada Ltda. (2001) Estudio de Impacto Ambiental (EIA) proyecto ALUMYSA. Anexo IV.A_1 Caracterización del habitat acuático del Rio Cuervo, Puerto Aysen.. CONAMA.","2000 (?) Caught with baited hooks.","CC BY-NC 4.0","Literature review dataset of Chilean freshwater and diadromous fish occurrences, compiled by C. Correa (v2009)","FishGIS_metaDatabase_CCorrea","Occurrence"
"CCorrea.Lit.Review.1213",-72.58969,-45.42742,"Río Blanco abajo en desembocadura (SRB-1)","Geotria australis",2000,"2000","Centro de Ecología Aplicada Ltda. (2001) Estudio de Impacto Ambiental (EIA) proyecto ALUMYSA. Anexo IV.A_1 Caracterización del habitat acuático del Rio Cuervo, Puerto Aysen.. CONAMA.","2000 (?) Caught with electric fishing.","CC BY-NC 4.0","Literature review dataset of Chilean freshwater and diadromous fish occurrences, compiled by C. Correa (v2009)","FishGIS_metaDatabase_CCorrea","Occurrence"
"CCorrea.Lit.Review.1214",-72.61971,-45.47016,"Río Blanco abajo en sector de balseo (SRB-2)","Oncorhynchus mykiss",2000,"2000","Centro de Ecología Aplicada Ltda. (2001) Estudio de Impacto Ambiental (EIA) proyecto ALUMYSA. Anexo IV.A_1 Caracterización del habitat acuático del Rio Cuervo, Puerto Aysen.. CONAMA.","2000 (?) Caught with baited hooks.","CC BY-NC 4.0","Literature review dataset of Chilean freshwater and diadromous fish occurrences, compiled by C. Correa (v2009)","FishGIS_metaDatabase_CCorrea","Occurrence"
"CCorrea.Lit.Review.1215",-72.61971,-45.47016,"Río Blanco abajo en sector de balseo (SRB-2)","Salmo trutta",2000,"2000","Centro de Ecología Aplicada Ltda. (2001) Estudio de Impacto Ambiental (EIA) proyecto ALUMYSA. Anexo IV.A_1 Caracterización del habitat acuático del Rio Cuervo, Puerto Aysen.. CONAMA.","2000 (?) Caught with electric fishing and baited hooks.","CC BY-NC 4.0","Literature review dataset of Chilean freshwater and diadromous fish occurrences, compiled by C. Correa (v2009)","FishGIS_metaDatabase_CCorrea","Occurrence"
"CCorrea.Lit.Review.1216",-72.61971,-45.47016,"Río Blanco abajo en sector de balseo (SRB-2)","Galaxias platei",2000,"2000","Centro de Ecología Aplicada Ltda. (2001) Estudio de Impacto Ambiental (EIA) proyecto ALUMYSA. Anexo IV.A_1 Caracterización del habitat acuático del Rio Cuervo, Puerto Aysen.. CONAMA.","2000 (?) Caught with electric fishing.","CC BY-NC 4.0","Literature review dataset of Chilean freshwater and diadromous fish occurrences, compiled by C. Correa (v2009)","FishGIS_metaDatabase_CCorrea","Occurrence"
"CCorrea.Lit.Review.1217",-72.61971,-45.47016,"Río Blanco abajo en sector de balseo (SRB-2)","Galaxias maculatus",2000,"2000","Centro de Ecología Aplicada Ltda. (2001) Estudio de Impacto Ambiental (EIA) proyecto ALUMYSA. Anexo IV.A_1 Caracterización del habitat acuático del Rio Cuervo, Puerto Aysen.. CONAMA.","2000 (?) Caught with electric fishing.","CC BY-NC 4.0","Literature review dataset of Chilean freshwater and diadromous fish occurrences, compiled by C. Correa (v2009)","FishGIS_metaDatabase_CCorrea","Occurrence"
"CCorrea.Lit.Review.1218",-72.6649,-45.54027,"Río Blanco abajo en ""El Perdido"" (SRB-3)","Salmo trutta",2000,"2000","Centro de Ecología Aplicada Ltda. (2001) Estudio de Impacto Ambiental (EIA) proyecto ALUMYSA. Anexo IV.A_1 Caracterización del habitat acuático del Rio Cuervo, Puerto Aysen.. CONAMA.","2000 (?) Caught with electric fishing and baited hooks.","CC BY-NC 4.0","Literature review dataset of Chilean freshwater and diadromous fish occurrences, compiled by C. Correa (v2009)","FishGIS_metaDatabase_CCorrea","Occurrence"
"CCorrea.Lit.Review.1219",-72.61708,-45.58148,"Río Blanco arriba antes de los rápidos (SRB-4)","Salmo trutta",2000,"2000","Centro de Ecología Aplicada Ltda. (2001) Estudio de Impacto Ambiental (EIA) proyecto ALUMYSA. Anexo IV.A_1 Caracterización del habitat acuático del Rio Cuervo, Puerto Aysen.. CONAMA.","2000 (?) Caught with electric fishing and baited hooks.","CC BY-NC 4.0","Literature review dataset of Chilean freshwater and diadromous fish occurrences, compiled by C. Correa (v2009)","FishGIS_metaDatabase_CCorrea","Occurrence"
"CCorrea.Lit.Review.1220",-72.60481,-45.64964,"Río Blanco arriba, bajo Río Bongo (SRB-5)","Oncorhynchus mykiss",2000,"2000","Centro de Ecología Aplicada Ltda. (2001) Estudio de Impacto Ambiental (EIA) proyecto ALUMYSA. Anexo IV.A_1 Caracterización del habitat acuático del Rio Cuervo, Puerto Aysen.. CONAMA.","2000 (?) Caught with gill-net.","CC BY-NC 4.0","Literature review dataset of Chilean freshwater and diadromous fish occurrences, compiled by C. Correa (v2009)","FishGIS_metaDatabase_CCorrea","Occurrence"
"CCorrea.Lit.Review.1221",-72.60481,-45.64964,"Río Blanco arriba, bajo Río Bongo (SRB-5)","Salmo trutta",2000,"2000","Centro de Ecología Aplicada Ltda. (2001) Estudio de Impacto Ambiental (EIA) proyecto ALUMYSA. Anexo IV.A_1 Caracterización del habitat acuático del Rio Cuervo, Puerto Aysen.. CONAMA.","2000 (?) Caught with electric fishing and baited hooks and gill-nets.","CC BY-NC 4.0","Literature review dataset of Chilean freshwater and diadromous fish occurrences, compiled by C. Correa (v2009)","FishGIS_metaDatabase_CCorrea","Occurrence"
"CCorrea.Lit.Review.1222",-72.59777,-45.69026,"Río Blanco arriba, 4 -5 Km arriba de Río Bongo (SRB-6)","Salmo trutta",2000,"2000","Centro de Ecología Aplicada Ltda. (2001) Estudio de Impacto Ambiental (EIA) proyecto ALUMYSA. Anexo IV.A_1 Caracterización del habitat acuático del Rio Cuervo, Puerto Aysen.. CONAMA.","2000 (?) ","CC BY-NC 4.0","Literature review dataset of Chilean freshwater and diadromous fish occurrences, compiled by C. Correa (v2009)","FishGIS_metaDatabase_CCorrea","Occurrence"
"CCorrea.Lit.Review.1223",-72.87521,-45.47904,"Río Candelaria en Desembocadura (SRP-5)","Oncorhynchus mykiss",2000,"2000","Centro de Ecología Aplicada Ltda. (2001) Estudio de Impacto Ambiental (EIA) proyecto ALUMYSA. Anexo IV.A_1 Caracterización del habitat acuático del Rio Cuervo, Puerto Aysen.. CONAMA.","2000 (?) Caught with gill-net.","CC BY-NC 4.0","Literature review dataset of Chilean freshwater and diadromous fish occurrences, compiled by C. Correa (v2009)","FishGIS_metaDatabase_CCorrea","Occurrence"
"CCorrea.Lit.Review.1224",-72.87521,-45.47904,"Río Candelaria en Desembocadura (SRP-5)","Eleginops maclovinus",2000,"2000","Centro de Ecología Aplicada Ltda. (2001) Estudio de Impacto Ambiental (EIA) proyecto ALUMYSA. Anexo IV.A_1 Caracterización del habitat acuático del Rio Cuervo, Puerto Aysen.. CONAMA.","2000 (?) Caught with gill-net and baited hooks.","CC BY-NC 4.0","Literature review dataset of Chilean freshwater and diadromous fish occurrences, compiled by C. Correa (v2009)","FishGIS_metaDatabase_CCorrea","Occurrence"
"CCorrea.Lit.Review.1225",-72.83725,-45.48985,"Estero Dingle arriba (SRP-4)","Oncorhynchus mykiss",2000,"2000","Centro de Ecología Aplicada Ltda. (2001) Estudio de Impacto Ambiental (EIA) proyecto ALUMYSA. Anexo IV.A_1 Caracterización del habitat acuático del Rio Cuervo, Puerto Aysen.. CONAMA.","2000 (?) ","CC BY-NC 4.0","Literature review dataset of Chilean freshwater and diadromous fish occurrences, compiled by C. Correa (v2009)","FishGIS_metaDatabase_CCorrea","Occurrence"
"CCorrea.Lit.Review.1226",-71.96713,-46.54432,"Laguna Verde","Galaxias platei",1991,"1991","E.C. Rowe & Asoc. (1994) Estudio de Impacto Ambiental (EIA) proyecto Fachinal tranque de relave.. CONAMA.","1991 ","CC BY-NC 4.0","Literature review dataset of Chilean freshwater and diadromous fish occurrences, compiled by C. Correa (v2009)","FishGIS_metaDatabase_CCorrea","Occurrence"
"CCorrea.Lit.Review.1227",-71.83762,-46.49019,"Lago General Carrera (Bahía Jara)","Odontesthes bonariensis",1991,"1991","E.C. Rowe & Asoc. (1994) Estudio de Impacto Ambiental (EIA) proyecto Fachinal tranque de relave.. CONAMA.","1991 ","CC BY-NC 4.0","Literature review dataset of Chilean freshwater and diadromous fish occurrences, compiled by C. Correa (v2009)","FishGIS_metaDatabase_CCorrea","Occurrence"
"CCorrea.Lit.Review.1243",-72.08337,-45.5752,"Río Claro and Río Simpson, to the west of Coyhaique.","Oncorhynchus kisutch",1992,"1992","Torres, P. Cubillos, V., Aedo, E., Silva, R., Garrido, O. y Aedo, J.E. (1995) Prevalencia y aspectos patológicos de la difilobotriasis en salmones de retorno, Oncorhynchus kisutch, de Coyhaique, XIa Región de Chile.. Archivos de Medicina Veterinaria 27: 107-114.","1992 Thirty returning adults were caught. Apparently these individuals were released from Dr. Shiraishi pisciculture weighting 5 g.","CC BY-NC 4.0","Literature review dataset of Chilean freshwater and diadromous fish occurrences, compiled by C. Correa (v2009)","FishGIS_metaDatabase_CCorrea","Occurrence"
"CCorrea.Lit.Review.1244",-72.08245,-45.57214,"Río Simpson (west of Coyhaique, 300 m above sea level)","Oncorhynchus kisutch",1994,"1994","Torres, P., E.  Aedo, L. Figueroa, I. Siegmund, R. Silva, N. Navarrete, S. Puga, F. Marín y E. Aedo (2000) Infección por helmintos parásitos en salmón coho, Oncorhynchus kisutch, durante su retorno al río Simpson, Chile.. Bol. Chil. Parasitol. 55(1-2): 31-35.","1994 Nine females and 8 males. All adults going up river to spawn.","CC BY-NC 4.0","Literature review dataset of Chilean freshwater and diadromous fish occurrences, compiled by C. Correa (v2009)","FishGIS_metaDatabase_CCorrea","Occurrence"
"CCorrea.Lit.Review.1252",-72.27143,-41.38046,"Río Del Este","Salmo trutta",1969,"1969/1971","Vila, I., E. Zeiss and H. Gibson (1978) Prospecciones de sistemas hidrográficos para la introducción del ""salmon"" en Chile.. Biología Pesquera, Chile 10: 61-73.","1969-1970 Brown trout (Salmo trutta) of 15 cm. were observed. Geolocation: The position of the point is not accurate.","CC BY-NC 4.0","Literature review dataset of Chilean freshwater and diadromous fish occurrences, compiled by C. Correa (v2009)","FishGIS_metaDatabase_CCorrea","Occurrence"
"CCorrea.Lit.Review.1255",-71.70133,-43.17037,"Río Futaleufu (Argentina, 140 to 155 km from the mouth of the river, 350 to 400 m above sea level)","Oncorhynchus tshawytscha",1989,"1989/1991","Grosman, F. (1992) Algunos aspectos de la biología del salmón del pacífico (Oncorhynchus tshawytscha) presente en la Provincia del Chubut. (Informe técnico). Ed. Hemisferio Sur, JICA - CEAN, 8:1-12.","1989, 1990 Mature adults: 3 males and 4 females. In the province of Chubut, Argentina, ""salmon"" species have been sighted since 1985.","CC BY-NC 4.0","Literature review dataset of Chilean freshwater and diadromous fish occurrences, compiled by C. Correa (v2009)","FishGIS_metaDatabase_CCorrea","Occurrence"
"CCorrea.Lit.Review.1256",-71.7232,-43.565,"Río Palena (Argentina, 160 to 190 km from the mouth of the river, 350 m above sea level)","Oncorhynchus tshawytscha",1989,"1989/1991","Grosman, F. (1992) Algunos aspectos de la biología del salmón del pacífico (Oncorhynchus tshawytscha) presente en la Provincia del Chubut. (Informe técnico). Ed. Hemisferio Sur, JICA - CEAN, 8:1-12.","1989, 1990 Mature adults: 2 males and 4 females. In the province of Chubut, Argentina, ""salmon"" species have been sighted since 1985.","CC BY-NC 4.0","Literature review dataset of Chilean freshwater and diadromous fish occurrences, compiled by C. Correa (v2009)","FishGIS_metaDatabase_CCorrea","Occurrence"
"CCorrea.Lit.Review.1257",-73.93454,-42.67055,"Lago Huillinco","Salmo trutta",1989,"1989","Torres, P., Ruiz, E., Rebolledo, C., Mira, A., Cubillos, V., Navarrete, N., Gesche, W.,
Montefusco, A., Valdés, L. y Alberdi, A. (1990) Parasitismo en peces y comunidades humanas ribereñas de los lagos Huillinco y Natri (Isla Grande de Chiloé), Chile.. Bol. Chil. Parasitol. 45:47-55.","1989 Relative frequencies were no the ojective of the sampling, i.e. may be not accurate. Geolocation: The position of the point is not accurate.","CC BY-NC 4.0","Literature review dataset of Chilean freshwater and diadromous fish occurrences, compiled by C. Correa (v2009)","FishGIS_metaDatabase_CCorrea","Occurrence"
"CCorrea.Lit.Review.1258",-73.93454,-42.67055,"Lago Huillinco","Cauque mauleanum",1989,"1989","Torres, P., Ruiz, E., Rebolledo, C., Mira, A., Cubillos, V., Navarrete, N., Gesche, W.,
Montefusco, A., Valdés, L. y Alberdi, A. (1990) Parasitismo en peces y comunidades humanas ribereñas de los lagos Huillinco y Natri (Isla Grande de Chiloé), Chile.. Bol. Chil. Parasitol. 45:47-55.","1989 Relative frequencies were no the ojective of the sampling, i.e. may be not accurate. Geolocation: The position of the point is not accurate.","CC BY-NC 4.0","Literature review dataset of Chilean freshwater and diadromous fish occurrences, compiled by C. Correa (v2009)","FishGIS_metaDatabase_CCorrea","Occurrence"
"CCorrea.Lit.Review.1259",-73.93454,-42.67055,"Lago Huillinco","Mugil cephalus",1989,"1989","Torres, P., Ruiz, E., Rebolledo, C., Mira, A., Cubillos, V., Navarrete, N., Gesche, W.,
Montefusco, A., Valdés, L. y Alberdi, A. (1990) Parasitismo en peces y comunidades humanas ribereñas de los lagos Huillinco y Natri (Isla Grande de Chiloé), Chile.. Bol. Chil. Parasitol. 45:47-55.","1989 Relative frequencies were no the ojective of the sampling, i.e. may be not accurate. Geolocation: The position of the point is not accurate.","CC BY-NC 4.0","Literature review dataset of Chilean freshwater and diadromous fish occurrences, compiled by C. Correa (v2009)","FishGIS_metaDatabase_CCorrea","Occurrence"
"CCorrea.Lit.Review.1260",-73.93454,-42.67055,"Lago Huillinco","Eleginops maclovinus",1989,"1989","Torres, P., Ruiz, E., Rebolledo, C., Mira, A., Cubillos, V., Navarrete, N., Gesche, W.,
Montefusco, A., Valdés, L. y Alberdi, A. (1990) Parasitismo en peces y comunidades humanas ribereñas de los lagos Huillinco y Natri (Isla Grande de Chiloé), Chile.. Bol. Chil. Parasitol. 45:47-55.","1989 Relative frequencies were no the ojective of the sampling, i.e. may be not accurate. Geolocation: The position of the point is not accurate.","CC BY-NC 4.0","Literature review dataset of Chilean freshwater and diadromous fish occurrences, compiled by C. Correa (v2009)","FishGIS_metaDatabase_CCorrea","Occurrence"
"CCorrea.Lit.Review.1261",-73.79812,-42.79697,"Lago Natri","Oncorhynchus mykiss",1989,"1989","Torres, P., Ruiz, E., Rebolledo, C., Mira, A., Cubillos, V., Navarrete, N., Gesche, W.,
Montefusco, A., Valdés, L. y Alberdi, A. (1990) Parasitismo en peces y comunidades humanas ribereñas de los lagos Huillinco y Natri (Isla Grande de Chiloé), Chile.. Bol. Chil. Parasitol. 45:47-55.","1989 Relative frequencies were no the ojective of the sampling, i.e. may be not accurate. Geolocation: The position of the point is not accurate.","CC BY-NC 4.0","Literature review dataset of Chilean freshwater and diadromous fish occurrences, compiled by C. Correa (v2009)","FishGIS_metaDatabase_CCorrea","Occurrence"
"CCorrea.Lit.Review.1262",-73.79812,-42.79697,"Lago Natri","Salmo trutta",1989,"1989","Torres, P., Ruiz, E., Rebolledo, C., Mira, A., Cubillos, V., Navarrete, N., Gesche, W.,
Montefusco, A., Valdés, L. y Alberdi, A. (1990) Parasitismo en peces y comunidades humanas ribereñas de los lagos Huillinco y Natri (Isla Grande de Chiloé), Chile.. Bol. Chil. Parasitol. 45:47-55.","1989 Relative frequencies were no the ojective of the sampling, i.e. may be not accurate. Geolocation: The position of the point is not accurate.","CC BY-NC 4.0","Literature review dataset of Chilean freshwater and diadromous fish occurrences, compiled by C. Correa (v2009)","FishGIS_metaDatabase_CCorrea","Occurrence"
"CCorrea.Lit.Review.1263",-73.79812,-42.79697,"Lago Natri","Oncorhynchus kisutch",1989,"1989","Torres, P., Ruiz, E., Rebolledo, C., Mira, A., Cubillos, V., Navarrete, N., Gesche, W.,
Montefusco, A., Valdés, L. y Alberdi, A. (1990) Parasitismo en peces y comunidades humanas ribereñas de los lagos Huillinco y Natri (Isla Grande de Chiloé), Chile.. Bol. Chil. Parasitol. 45:47-55.","1989 Relative frequencies were no the ojective of the sampling, i.e. may be not accurate. Geolocation: The position of the point is not accurate.","CC BY-NC 4.0","Literature review dataset of Chilean freshwater and diadromous fish occurrences, compiled by C. Correa (v2009)","FishGIS_metaDatabase_CCorrea","Occurrence"
"CCorrea.Lit.Review.1264",-73.79812,-42.79697,"Lago Natri","Galaxias maculatus",1989,"1989","Torres, P., Ruiz, E., Rebolledo, C., Mira, A., Cubillos, V., Navarrete, N., Gesche, W.,
Montefusco, A., Valdés, L. y Alberdi, A. (1990) Parasitismo en peces y comunidades humanas ribereñas de los lagos Huillinco y Natri (Isla Grande de Chiloé), Chile.. Bol. Chil. Parasitol. 45:47-55.","1989 Relative frequencies were no the ojective of the sampling, i.e. may be not accurate. Geolocation: The position of the point is not accurate.","CC BY-NC 4.0","Literature review dataset of Chilean freshwater and diadromous fish occurrences, compiled by C. Correa (v2009)","FishGIS_metaDatabase_CCorrea","Occurrence"
"CCorrea.Lit.Review.1271",-71.55356,-44.56116,"N7 La Cascada","Salmo trutta",1994,"1994/1996","Faúndez, V., Blanco G.,Vázquez E. & Sánchez J.A. (1997) Allozyme variability in brown trout Salmo trutta in Chile.. Freshwater Biology 37: 507-514.","1994-1995 Only S. trutta reported. Geolocation: General; based on a general map.","CC BY-NC 4.0","Literature review dataset of Chilean freshwater and diadromous fish occurrences, compiled by C. Correa (v2009)","FishGIS_metaDatabase_CCorrea","Occurrence"
"CCorrea.Lit.Review.1272",-72.79707,-42.85197,"Río Santa Bárbara","Oncorhynchus mykiss",1984,"1984","Campos, H., J. Arenas, C. Jara, T. Gonser y R. Prins (1984) Macrozoobentos y fauna íctica de las aguas limnéticas de Chiloé y Aysén continentales (Chile).. Medio Ambiente 7(1): 52-64.","1984 Cited as Salmo gardnierii.","CC BY-NC 4.0","Literature review dataset of Chilean freshwater and diadromous fish occurrences, compiled by C. Correa (v2009)","FishGIS_metaDatabase_CCorrea","Occurrence"
"CCorrea.Lit.Review.1273",-72.79707,-42.85197,"Río Santa Bárbara","Salmo trutta",1984,"1984","Campos, H., J. Arenas, C. Jara, T. Gonser y R. Prins (1984) Macrozoobentos y fauna íctica de las aguas limnéticas de Chiloé y Aysén continentales (Chile).. Medio Ambiente 7(1): 52-64.","1984 ","CC BY-NC 4.0","Literature review dataset of Chilean freshwater and diadromous fish occurrences, compiled by C. Correa (v2009)","FishGIS_metaDatabase_CCorrea","Occurrence"
"CCorrea.Lit.Review.1274",-72.79707,-42.85197,"Río Santa Bárbara","Aplochiton zebra",1984,"1984","Campos, H., J. Arenas, C. Jara, T. Gonser y R. Prins (1984) Macrozoobentos y fauna íctica de las aguas limnéticas de Chiloé y Aysén continentales (Chile).. Medio Ambiente 7(1): 52-64.","1984 ","CC BY-NC 4.0","Literature review dataset of Chilean freshwater and diadromous fish occurrences, compiled by C. Correa (v2009)","FishGIS_metaDatabase_CCorrea","Occurrence"
"CCorrea.Lit.Review.1275",-72.79707,-42.85197,"Río Santa Bárbara","Galaxias maculatus",1984,"1984","Campos, H., J. Arenas, C. Jara, T. Gonser y R. Prins (1984) Macrozoobentos y fauna íctica de las aguas limnéticas de Chiloé y Aysén continentales (Chile).. Medio Ambiente 7(1): 52-64.","1984 ","CC BY-NC 4.0","Literature review dataset of Chilean freshwater and diadromous fish occurrences, compiled by C. Correa (v2009)","FishGIS_metaDatabase_CCorrea","Occurrence"
"CCorrea.Lit.Review.1276",-72.79707,-42.85197,"Río Santa Bárbara","Geotria australis",1984,"1984","Campos, H., J. Arenas, C. Jara, T. Gonser y R. Prins (1984) Macrozoobentos y fauna íctica de las aguas limnéticas de Chiloé y Aysén continentales (Chile).. Medio Ambiente 7(1): 52-64.","1984 ","CC BY-NC 4.0","Literature review dataset of Chilean freshwater and diadromous fish occurrences, compiled by C. Correa (v2009)","FishGIS_metaDatabase_CCorrea","Occurrence"
"CCorrea.Lit.Review.1277",-72.34913,-42.9781,"Río Vuelta y Vuelta","Oncorhynchus mykiss",1984,"1984","Campos, H., J. Arenas, C. Jara, T. Gonser y R. Prins (1984) Macrozoobentos y fauna íctica de las aguas limnéticas de Chiloé y Aysén continentales (Chile).. Medio Ambiente 7(1): 52-64.","1984 The post-larvae were burried in the soil. Geolocation: Approximate, based on coordinates.","CC BY-NC 4.0","Literature review dataset of Chilean freshwater and diadromous fish occurrences, compiled by C. Correa (v2009)","FishGIS_metaDatabase_CCorrea","Occurrence"
"CCorrea.Lit.Review.1278",-72.482,-43.02064,"Río Amarillo","Oncorhynchus mykiss",1984,"1984","Campos, H., J. Arenas, C. Jara, T. Gonser y R. Prins (1984) Macrozoobentos y fauna íctica de las aguas limnéticas de Chiloé y Aysén continentales (Chile).. Medio Ambiente 7(1): 52-64.","1984 Cited as Salmo gardnierii.","CC BY-NC 4.0","Literature review dataset of Chilean freshwater and diadromous fish occurrences, compiled by C. Correa (v2009)","FishGIS_metaDatabase_CCorrea","Occurrence"
"CCorrea.Lit.Review.1279",-72.482,-43.02064,"Río Amarillo","Salmo trutta",1984,"1984","Campos, H., J. Arenas, C. Jara, T. Gonser y R. Prins (1984) Macrozoobentos y fauna íctica de las aguas limnéticas de Chiloé y Aysén continentales (Chile).. Medio Ambiente 7(1): 52-64.","1984 ","CC BY-NC 4.0","Literature review dataset of Chilean freshwater and diadromous fish occurrences, compiled by C. Correa (v2009)","FishGIS_metaDatabase_CCorrea","Occurrence"
"CCorrea.Lit.Review.1280",-72.482,-43.02064,"Río Amarillo","Aplochiton zebra",1984,"1984","Campos, H., J. Arenas, C. Jara, T. Gonser y R. Prins (1984) Macrozoobentos y fauna íctica de las aguas limnéticas de Chiloé y Aysén continentales (Chile).. Medio Ambiente 7(1): 52-64.","1984 ","CC BY-NC 4.0","Literature review dataset of Chilean freshwater and diadromous fish occurrences, compiled by C. Correa (v2009)","FishGIS_metaDatabase_CCorrea","Occurrence"
"CCorrea.Lit.Review.1281",-72.42803,-43.17589,"Lago Yelcho, Pto. Cárdenas","Aplochiton zebra",1984,"1984","Campos, H., J. Arenas, C. Jara, T. Gonser y R. Prins (1984) Macrozoobentos y fauna íctica de las aguas limnéticas de Chiloé y Aysén continentales (Chile).. Medio Ambiente 7(1): 52-64.","1984 ","CC BY-NC 4.0","Literature review dataset of Chilean freshwater and diadromous fish occurrences, compiled by C. Correa (v2009)","FishGIS_metaDatabase_CCorrea","Occurrence"
"CCorrea.Lit.Review.1282",-72.42803,-43.17589,"Lago Yelcho, Pto. Cárdenas","Galaxias maculatus",1984,"1984","Campos, H., J. Arenas, C. Jara, T. Gonser y R. Prins (1984) Macrozoobentos y fauna íctica de las aguas limnéticas de Chiloé y Aysén continentales (Chile).. Medio Ambiente 7(1): 52-64.","1984 ","CC BY-NC 4.0","Literature review dataset of Chilean freshwater and diadromous fish occurrences, compiled by C. Correa (v2009)","FishGIS_metaDatabase_CCorrea","Occurrence"
"CCorrea.Lit.Review.1283",-72.42803,-43.17589,"Lago Yelcho, Pto. Cárdenas","Galaxias platei",1984,"1984","Campos, H., J. Arenas, C. Jara, T. Gonser y R. Prins (1984) Macrozoobentos y fauna íctica de las aguas limnéticas de Chiloé y Aysén continentales (Chile).. Medio Ambiente 7(1): 52-64.","1984 ","CC BY-NC 4.0","Literature review dataset of Chilean freshwater and diadromous fish occurrences, compiled by C. Correa (v2009)","FishGIS_metaDatabase_CCorrea","Occurrence"
"CCorrea.Lit.Review.1284",-72.33651,-43.57171,"Río Frío","Oncorhynchus mykiss",1984,"1984","Campos, H., J. Arenas, C. Jara, T. Gonser y R. Prins (1984) Macrozoobentos y fauna íctica de las aguas limnéticas de Chiloé y Aysén continentales (Chile).. Medio Ambiente 7(1): 52-64.","1984 Cited as Salmo gardnierii.","CC BY-NC 4.0","Literature review dataset of Chilean freshwater and diadromous fish occurrences, compiled by C. Correa (v2009)","FishGIS_metaDatabase_CCorrea","Occurrence"
"CCorrea.Lit.Review.1285",-72.33651,-43.57171,"Río Frío","Aplochiton zebra",1984,"1984","Campos, H., J. Arenas, C. Jara, T. Gonser y R. Prins (1984) Macrozoobentos y fauna íctica de las aguas limnéticas de Chiloé y Aysén continentales (Chile).. Medio Ambiente 7(1): 52-64.","1984 ","CC BY-NC 4.0","Literature review dataset of Chilean freshwater and diadromous fish occurrences, compiled by C. Correa (v2009)","FishGIS_metaDatabase_CCorrea","Occurrence"
"CCorrea.Lit.Review.1286",-72.33433,-43.57939,"Afluente Río Frío","Salvelinus fontinalis",1984,"1984","Campos, H., J. Arenas, C. Jara, T. Gonser y R. Prins (1984) Macrozoobentos y fauna íctica de las aguas limnéticas de Chiloé y Aysén continentales (Chile).. Medio Ambiente 7(1): 52-64.","1984 ","CC BY-NC 4.0","Literature review dataset of Chilean freshwater and diadromous fish occurrences, compiled by C. Correa (v2009)","FishGIS_metaDatabase_CCorrea","Occurrence"
"CCorrea.Lit.Review.1287",-72.36158,-43.79185,"Río Aura (i.e. Río Laura?)","Oncorhynchus mykiss",1984,"1984","Campos, H., J. Arenas, C. Jara, T. Gonser y R. Prins (1984) Macrozoobentos y fauna íctica de las aguas limnéticas de Chiloé y Aysén continentales (Chile).. Medio Ambiente 7(1): 52-64.","1984 Cited as Salmo gardnierii. Geolocation: Approximate","CC BY-NC 4.0","Literature review dataset of Chilean freshwater and diadromous fish occurrences, compiled by C. Correa (v2009)","FishGIS_metaDatabase_CCorrea","Occurrence"
"CCorrea.Lit.Review.1288",-72.36158,-43.79185,"Río Aura (i.e. Río Laura?)","Aplochiton zebra",1984,"1984","Campos, H., J. Arenas, C. Jara, T. Gonser y R. Prins (1984) Macrozoobentos y fauna íctica de las aguas limnéticas de Chiloé y Aysén continentales (Chile).. Medio Ambiente 7(1): 52-64.","1984  Geolocation: Approximate","CC BY-NC 4.0","Literature review dataset of Chilean freshwater and diadromous fish occurrences, compiled by C. Correa (v2009)","FishGIS_metaDatabase_CCorrea","Occurrence"
"CCorrea.Lit.Review.1289",-72.49877,-44.18894,"Río Los Césares","Oncorhynchus mykiss",1984,"1984","Campos, H., J. Arenas, C. Jara, T. Gonser y R. Prins (1984) Macrozoobentos y fauna íctica de las aguas limnéticas de Chiloé y Aysén continentales (Chile).. Medio Ambiente 7(1): 52-64.","1984 Cited as Salmo gardnierii.","CC BY-NC 4.0","Literature review dataset of Chilean freshwater and diadromous fish occurrences, compiled by C. Correa (v2009)","FishGIS_metaDatabase_CCorrea","Occurrence"
"CCorrea.Lit.Review.1290",-72.49877,-44.18894,"Río Los Césares","Salmo trutta",1984,"1984","Campos, H., J. Arenas, C. Jara, T. Gonser y R. Prins (1984) Macrozoobentos y fauna íctica de las aguas limnéticas de Chiloé y Aysén continentales (Chile).. Medio Ambiente 7(1): 52-64.","1984 ","CC BY-NC 4.0","Literature review dataset of Chilean freshwater and diadromous fish occurrences, compiled by C. Correa (v2009)","FishGIS_metaDatabase_CCorrea","Occurrence"
"CCorrea.Lit.Review.1291",-72.50609,-44.23328,"Lago Risopatrón","Oncorhynchus mykiss",1984,"1984","Campos, H., J. Arenas, C. Jara, T. Gonser y R. Prins (1984) Macrozoobentos y fauna íctica de las aguas limnéticas de Chiloé y Aysén continentales (Chile).. Medio Ambiente 7(1): 52-64.","1984 Cited as Salmo gardnierii.","CC BY-NC 4.0","Literature review dataset of Chilean freshwater and diadromous fish occurrences, compiled by C. Correa (v2009)","FishGIS_metaDatabase_CCorrea","Occurrence"
"CCorrea.Lit.Review.1292",-72.50609,-44.23328,"Lago Risopatrón","Salmo trutta",1984,"1984","Campos, H., J. Arenas, C. Jara, T. Gonser y R. Prins (1984) Macrozoobentos y fauna íctica de las aguas limnéticas de Chiloé y Aysén continentales (Chile).. Medio Ambiente 7(1): 52-64.","1984 ","CC BY-NC 4.0","Literature review dataset of Chilean freshwater and diadromous fish occurrences, compiled by C. Correa (v2009)","FishGIS_metaDatabase_CCorrea","Occurrence"
"CCorrea.Lit.Review.1293",-72.50609,-44.23328,"Lago Risopatrón","Galaxias maculatus",1984,"1984","Campos, H., J. Arenas, C. Jara, T. Gonser y R. Prins (1984) Macrozoobentos y fauna íctica de las aguas limnéticas de Chiloé y Aysén continentales (Chile).. Medio Ambiente 7(1): 52-64.","1984 ","CC BY-NC 4.0","Literature review dataset of Chilean freshwater and diadromous fish occurrences, compiled by C. Correa (v2009)","FishGIS_metaDatabase_CCorrea","Occurrence"
"CCorrea.Lit.Review.1294",-72.50609,-44.23328,"Lago Risopatrón","Galaxias platei",1984,"1984","Campos, H., J. Arenas, C. Jara, T. Gonser y R. Prins (1984) Macrozoobentos y fauna íctica de las aguas limnéticas de Chiloé y Aysén continentales (Chile).. Medio Ambiente 7(1): 52-64.","1984 ","CC BY-NC 4.0","Literature review dataset of Chilean freshwater and diadromous fish occurrences, compiled by C. Correa (v2009)","FishGIS_metaDatabase_CCorrea","Occurrence"
"CCorrea.Lit.Review.1295",-72.50609,-44.23328,"Lago Risopatrón","Geotria australis",1984,"1984","Campos, H., J. Arenas, C. Jara, T. Gonser y R. Prins (1984) Macrozoobentos y fauna íctica de las aguas limnéticas de Chiloé y Aysén continentales (Chile).. Medio Ambiente 7(1): 52-64.","1984 The post-larvae were burried in the soil.","CC BY-NC 4.0","Literature review dataset of Chilean freshwater and diadromous fish occurrences, compiled by C. Correa (v2009)","FishGIS_metaDatabase_CCorrea","Occurrence"
"CCorrea.Lit.Review.1296",-72.57784,-44.3248,"Río Pascua (Puyuhuapi)","Salmo trutta",1984,"1984","Campos, H., J. Arenas, C. Jara, T. Gonser y R. Prins (1984) Macrozoobentos y fauna íctica de las aguas limnéticas de Chiloé y Aysén continentales (Chile).. Medio Ambiente 7(1): 52-64.","1984 ","CC BY-NC 4.0","Literature review dataset of Chilean freshwater and diadromous fish occurrences, compiled by C. Correa (v2009)","FishGIS_metaDatabase_CCorrea","Occurrence"
"CCorrea.Lit.Review.1297",-72.57784,-44.3248,"Río Pascua (Puyuhuapi)","Galaxias maculatus",1984,"1984","Campos, H., J. Arenas, C. Jara, T. Gonser y R. Prins (1984) Macrozoobentos y fauna íctica de las aguas limnéticas de Chiloé y Aysén continentales (Chile).. Medio Ambiente 7(1): 52-64.","1984 ","CC BY-NC 4.0","Literature review dataset of Chilean freshwater and diadromous fish occurrences, compiled by C. Correa (v2009)","FishGIS_metaDatabase_CCorrea","Occurrence"
"CCorrea.Lit.Review.1298",-72.42222,-44.56857,"Río Queulat","Oncorhynchus mykiss",1984,"1984","Campos, H., J. Arenas, C. Jara, T. Gonser y R. Prins (1984) Macrozoobentos y fauna íctica de las aguas limnéticas de Chiloé y Aysén continentales (Chile).. Medio Ambiente 7(1): 52-64.","1984 Cited as Salmo gardnierii.","CC BY-NC 4.0","Literature review dataset of Chilean freshwater and diadromous fish occurrences, compiled by C. Correa (v2009)","FishGIS_metaDatabase_CCorrea","Occurrence"
"CCorrea.Lit.Review.1299",-72.41754,-44.63582,"Río Cascadas","Salmo trutta",1984,"1984","Campos, H., J. Arenas, C. Jara, T. Gonser y R. Prins (1984) Macrozoobentos y fauna íctica de las aguas limnéticas de Chiloé y Aysén continentales (Chile).. Medio Ambiente 7(1): 52-64.","1984 ","CC BY-NC 4.0","Literature review dataset of Chilean freshwater and diadromous fish occurrences, compiled by C. Correa (v2009)","FishGIS_metaDatabase_CCorrea","Occurrence"
"CCorrea.Lit.Review.1300",-72.52794,-44.69697,"Río Cisnes bajo","Salmo trutta",1984,"1984","Campos, H., J. Arenas, C. Jara, T. Gonser y R. Prins (1984) Macrozoobentos y fauna íctica de las aguas limnéticas de Chiloé y Aysén continentales (Chile).. Medio Ambiente 7(1): 52-64.","1984 ","CC BY-NC 4.0","Literature review dataset of Chilean freshwater and diadromous fish occurrences, compiled by C. Correa (v2009)","FishGIS_metaDatabase_CCorrea","Occurrence"
"CCorrea.Lit.Review.1301",-72.21903,-44.83653,"Río Brigida","Salmo trutta",1984,"1984","Campos, H., J. Arenas, C. Jara, T. Gonser y R. Prins (1984) Macrozoobentos y fauna íctica de las aguas limnéticas de Chiloé y Aysén continentales (Chile).. Medio Ambiente 7(1): 52-64.","1984 ","CC BY-NC 4.0","Literature review dataset of Chilean freshwater and diadromous fish occurrences, compiled by C. Correa (v2009)","FishGIS_metaDatabase_CCorrea","Occurrence"
"CCorrea.Lit.Review.1302",-72.11995,-45.02803,"Lago Pedro Aguirre Cerda","Salmo trutta",1984,"1984","Campos, H., J. Arenas, C. Jara, T. Gonser y R. Prins (1984) Macrozoobentos y fauna íctica de las aguas limnéticas de Chiloé y Aysén continentales (Chile).. Medio Ambiente 7(1): 52-64.","1984 ","CC BY-NC 4.0","Literature review dataset of Chilean freshwater and diadromous fish occurrences, compiled by C. Correa (v2009)","FishGIS_metaDatabase_CCorrea","Occurrence"
"CCorrea.Lit.Review.1303",-72.11995,-45.02803,"Lago Pedro Aguirre Cerda","Galaxias platei",1984,"1984","Campos, H., J. Arenas, C. Jara, T. Gonser y R. Prins (1984) Macrozoobentos y fauna íctica de las aguas limnéticas de Chiloé y Aysén continentales (Chile).. Medio Ambiente 7(1): 52-64.","1984 ","CC BY-NC 4.0","Literature review dataset of Chilean freshwater and diadromous fish occurrences, compiled by C. Correa (v2009)","FishGIS_metaDatabase_CCorrea","Occurrence"
"CCorrea.Lit.Review.1304",-72.12888,-45.16264,"Río Ñirehuao","Salmo trutta",1984,"1984","Campos, H., J. Arenas, C. Jara, T. Gonser y R. Prins (1984) Macrozoobentos y fauna íctica de las aguas limnéticas de Chiloé y Aysén continentales (Chile).. Medio Ambiente 7(1): 52-64.","1984 ","CC BY-NC 4.0","Literature review dataset of Chilean freshwater and diadromous fish occurrences, compiled by C. Correa (v2009)","FishGIS_metaDatabase_CCorrea","Occurrence"
"CCorrea.Lit.Review.1305",-72.12888,-45.16264,"Río Ñirehuao","Hatcheria macraei",1984,"1984","Campos, H., J. Arenas, C. Jara, T. Gonser y R. Prins (1984) Macrozoobentos y fauna íctica de las aguas limnéticas de Chiloé y Aysén continentales (Chile).. Medio Ambiente 7(1): 52-64.","1984 ","CC BY-NC 4.0","Literature review dataset of Chilean freshwater and diadromous fish occurrences, compiled by C. Correa (v2009)","FishGIS_metaDatabase_CCorrea","Occurrence"
"CCorrea.Lit.Review.1306",-72.41295,-45.43213,"Río Simpson","Salmo trutta",1984,"1984","Campos, H., J. Arenas, C. Jara, T. Gonser y R. Prins (1984) Macrozoobentos y fauna íctica de las aguas limnéticas de Chiloé y Aysén continentales (Chile).. Medio Ambiente 7(1): 52-64.","1984 ","CC BY-NC 4.0","Literature review dataset of Chilean freshwater and diadromous fish occurrences, compiled by C. Correa (v2009)","FishGIS_metaDatabase_CCorrea","Occurrence"
"CCorrea.Lit.Review.1307",-72.41295,-45.43213,"Río Simpson","Geotria australis",1984,"1984","Campos, H., J. Arenas, C. Jara, T. Gonser y R. Prins (1984) Macrozoobentos y fauna íctica de las aguas limnéticas de Chiloé y Aysén continentales (Chile).. Medio Ambiente 7(1): 52-64.","1984 The post-larvae were burried in the soil.","CC BY-NC 4.0","Literature review dataset of Chilean freshwater and diadromous fish occurrences, compiled by C. Correa (v2009)","FishGIS_metaDatabase_CCorrea","Occurrence"
"CCorrea.Lit.Review.1308",-73.60315,-42.44238,"Curaco de Velez","Oncorhynchus tshawytscha",1982,"1982","Reyes, X. (1982) Presencia de Hepatoxylon trichiuri (Holten, 1802) (Cestoda: Trypanorhyncha) en Oncorynchus tshawytscha y Sonmiosus pacificus capturados en Chile.. Investigaciones Marinas, Valparaiso 10(1-2): 40-45.","1982 The post-larvae were burried in the soil. Geolocation: The position of the point is not accurate.","CC BY-NC 4.0","Literature review dataset of Chilean freshwater and diadromous fish occurrences, compiled by C. Correa (v2009)","FishGIS_metaDatabase_CCorrea","Occurrence"
"CCorrea.Lit.Review.1311",-72.51311,-41.42701,"Lago Chapo","Oncorhynchus mykiss",1986,"1986/1988","Villalobos, L., S. Woelfl, O. Parra, and H. Campos (2003) Lake Chapo: a baseline study of a deep, oligotrophic North Patagonian lake prior to its use for hydroelectricity generation: II. Biological properties.. Hydrobiologia 510: 225-237.","1986-1987  Geolocation: Specific location not specified.","CC BY-NC 4.0","Literature review dataset of Chilean freshwater and diadromous fish occurrences, compiled by C. Correa (v2009)","FishGIS_metaDatabase_CCorrea","Occurrence"
"CCorrea.Lit.Review.1315",-73.77277,-42.48319,"Castro, at port, Prov. Chiloe, X Region, Pacific Region","Odontesthes regia",1990,"1990","Dyer, B. (1994) Specimens of Chilean fish deposited by B. Dyer in the University of Michigan Zoological Museum. in.. NEODAT II team databese http://www.neodat.org/.","1990 Specimen deposited in University of Michigan Museum of Zoology; Collectors: BS Dyer (on board of M/N Skorpios); Determiner: BS Dyer/1990; Catalogue number: 218456; Size: 159-172 mm SL.","CC BY-NC 4.0","Literature review dataset of Chilean freshwater and diadromous fish occurrences, compiled by C. Correa (v2009)","FishGIS_metaDatabase_CCorrea","Occurrence"
"CCorrea.Lit.Review.1358",-72.25292,-47.25316,"Lago Cochrane, approximately 1 km East of Rancho 'La Gauchita' (Mondelo family) at Pescadero de Las Truchas, a *","Odontesthes hatcheri",1990,"1990","Dyer, B. (1994) Specimens of Chilean fish deposited by B. Dyer in the University of Michigan Zoological Museum. in.. NEODAT II team databese http://www.neodat.org/.","1990 Specimen deposited in University of Michigan Museum of Zoology; Collectors: BS Dyer, and A Ormeno; Determiner: BS Dyer/1990; Catalogue number: 218449; Size: 207-350 mm SL.","CC BY-NC 4.0","Literature review dataset of Chilean freshwater and diadromous fish occurrences, compiled by C. Correa (v2009)","FishGIS_metaDatabase_CCorrea","Occurrence"
"CCorrea.Lit.Review.1359",-72.25292,-47.25316,"Lago Cochrane, Prov. Capitan Prat, XI Region	 Rio Baker drainage","Odontesthes hatcheri",1990,"1990","Dyer, B. (1994) Specimens of Chilean fish deposited by B. Dyer in the University of Michigan Zoological Museum. in.. NEODAT II team databese http://www.neodat.org/.","1990 Specimen deposited in University of Michigan Museum of Zoology; Collectors: BS Dyer, and A Ormeno; Determiner: BS Dyer/1990; Catalogue number: 218450; Size: 28-152 mm SL.","CC BY-NC 4.0","Literature review dataset of Chilean freshwater and diadromous fish occurrences, compiled by C. Correa (v2009)","FishGIS_metaDatabase_CCorrea","Occurrence"
"CCorrea.Lit.Review.1360",-72.25292,-47.25316,"Lago Cochrane, Prov. Capitan Prat, XI Region	 Rio Baker drainage","Galaxias platei",1990,"1990","Dyer, B. (1994) Specimens of Chilean fish deposited by B. Dyer in the University of Michigan Zoological Museum. in.. NEODAT II team databese http://www.neodat.org/.","1990 Specimen deposited in University of Michigan Museum of Zoology; Collectors: BS Dyer, and A Ormeno; Determiner: BS Dyer/1990; Catalogue number: 218451; Size: 78 mm SL.","CC BY-NC 4.0","Literature review dataset of Chilean freshwater and diadromous fish occurrences, compiled by C. Correa (v2009)","FishGIS_metaDatabase_CCorrea","Occurrence"
"CCorrea.Lit.Review.1362",-72.60294,-47.33315,"Laguna Esmeralda, about 5 km South of Cochrane on road to Puerto Yungay, Prov. Capitan Prat, XI Region	 Rio Baker dr.","Odontesthes hatcheri",1990,"1990","Dyer, B. (1994) Specimens of Chilean fish deposited by B. Dyer in the University of Michigan Zoological Museum. in.. NEODAT II team databese http://www.neodat.org/.","1990 Specimen deposited in University of Michigan Museum of Zoology; Collectors: BS Dyer, and C Ormeno; Determiner: BS Dyer/1990; Catalogue number: 218452; Size: 308-340 mm SL.","CC BY-NC 4.0","Literature review dataset of Chilean freshwater and diadromous fish occurrences, compiled by C. Correa (v2009)","FishGIS_metaDatabase_CCorrea","Occurrence"
"CCorrea.Lit.Review.1363",-71.68285,-46.53318,"Lake General Carrera, Bahia Jara, 17 km W of Chile Chico, at mouth of Arroyo or Estero Bano, Prov. General Carrera,*","Galaxias platei",1990,"1990","Dyer, B. (1994) Specimens of Chilean fish deposited by B. Dyer in the University of Michigan Zoological Museum. in.. NEODAT II team databese http://www.neodat.org/.","1990 Specimen deposited in University of Michigan Museum of Zoology; Collectors: BS Dyer, M Reyes, and P Jaramillo; Determiner: BS Dyer/1990; Catalogue number: 218594; Size: 215 mm SL.","CC BY-NC 4.0","Literature review dataset of Chilean freshwater and diadromous fish occurrences, compiled by C. Correa (v2009)","FishGIS_metaDatabase_CCorrea","Occurrence"
"CCorrea.Lit.Review.1364",-71.68285,-46.53318,"Lake General Carrera, Bahia Jara, 17 km W of Chile Chico, at mouth of Arroyo or Estero Bano, Prov. General Carrera,*","Percichthys trucha",1990,"1990","Dyer, B. (1994) Specimens of Chilean fish deposited by B. Dyer in the University of Michigan Zoological Museum. in.. NEODAT II team databese http://www.neodat.org/.","1990 Specimen deposited in University of Michigan Museum of Zoology; Collectors: BS Dyer, M Reyes, and P Jaramillo; Determiner: BS Dyer/1990; Catalogue number: 218595; Size: 150-222 mm SL.","CC BY-NC 4.0","Literature review dataset of Chilean freshwater and diadromous fish occurrences, compiled by C. Correa (v2009)","FishGIS_metaDatabase_CCorrea","Occurrence"
"CCorrea.Lit.Review.1365",-71.68285,-46.53318,"Lake General Carrera, Bahia Jara, 17 km W of Chile Chico, at mouth of Arroyo or Estero Bano, Prov. General Carrera,*","Odontesthes hatcheri",1990,"1990","Dyer, B. (1994) Specimens of Chilean fish deposited by B. Dyer in the University of Michigan Zoological Museum. in.. NEODAT II team databese http://www.neodat.org/.","1990 Specimen deposited in University of Michigan Museum of Zoology; Collectors: BS Dyer, M Reyes, and P Jaramillo; Determiner: BS Dyer/1990; Catalogue number: 218596; Size: 240-296 mm SL.","CC BY-NC 4.0","Literature review dataset of Chilean freshwater and diadromous fish occurrences, compiled by C. Correa (v2009)","FishGIS_metaDatabase_CCorrea","Occurrence"
"CCorrea.Lit.Review.1366",-71.68285,-46.53318,"Lake General Carrera, Bahia Jara, 17 km W of Chile Chico, at mouth of Arroyo or Estero Bano, Prov. General Carrera,*","Percichthys trucha",1990,"1990","Dyer, B. (1994) Specimens of Chilean fish deposited by B. Dyer in the University of Michigan Zoological Museum. in.. NEODAT II team databese http://www.neodat.org/.","1990 Specimen deposited in University of Michigan Museum of Zoology; Collectors: P Jaramillo; Determiner: BS Dyer/1990; Catalogue number: 218597; Size: 156.5 mm SL.","CC BY-NC 4.0","Literature review dataset of Chilean freshwater and diadromous fish occurrences, compiled by C. Correa (v2009)","FishGIS_metaDatabase_CCorrea","Occurrence"
"CCorrea.Lit.Review.1367",-71.68285,-46.53318,"Lake General Carrera, Bahia Jara, 17 km W of Chile Chico, at mouth of Arroyo or Estero Bano, Prov. General Carrera,*","Odontesthes hatcheri",1990,"1990","Dyer, B. (1994) Specimens of Chilean fish deposited by B. Dyer in the University of Michigan Zoological Museum. in.. NEODAT II team databese http://www.neodat.org/.","1990 Specimen deposited in University of Michigan Museum of Zoology; Collectors: P Jaramillo; Determiner: BS Dyer/1990; Catalogue number: 218598; Size: 233-293 mm SL.","CC BY-NC 4.0","Literature review dataset of Chilean freshwater and diadromous fish occurrences, compiled by C. Correa (v2009)","FishGIS_metaDatabase_CCorrea","Occurrence"
"CCorrea.Lit.Review.1370",-71.68326,-53.08308,"Punta Arenas, fish market (ex. Coop. Pescadores), Prov. Magallanes, XII Region	 Straits of Magellan","Odontesthes smitti",1990,"1990","Dyer, B. (1994) Specimens of Chilean fish deposited by B. Dyer in the University of Michigan Zoological Museum. in.. NEODAT II team databese http://www.neodat.org/.","1990 Specimen deposited in University of Michigan Museum of Zoology; Collectors: B.S. Dyer and party; Determiner: BS Dyer/1990; Catalogue number: 218448; Size: 150.5-262 mm SL.","CC BY-NC 4.0","Literature review dataset of Chilean freshwater and diadromous fish occurrences, compiled by C. Correa (v2009)","FishGIS_metaDatabase_CCorrea","Occurrence"
"CCorrea.Lit.Review.1371",-73.77277,-42.55319,"Punta Peuque, opposite Rauco, Seno de Castro, Prov. Chiloe, X Region","Odontesthes regia",1990,"1990","Dyer, B. (1994) Specimens of Chilean fish deposited by B. Dyer in the University of Michigan Zoological Museum. in.. NEODAT II team databese http://www.neodat.org/.","1990 Specimen deposited in University of Michigan Museum of Zoology; Collectors: Fishermen, Castro; Determiner: BS Dyer/1990; Catalogue number: 218455; Size: 184-229 mm SL.","CC BY-NC 4.0","Literature review dataset of Chilean freshwater and diadromous fish occurrences, compiled by C. Correa (v2009)","FishGIS_metaDatabase_CCorrea","Occurrence"
"CCorrea.Lit.Review.1507",-68.67302,-52.67317,"Straits of Magellan, Tierra del Fuego Island, near Estancia Catalina 'NNE' from Cerro Sombrero, Region XII","Odontesthes smitti",1987,"1987","Dyer, B. (1994) Specimens of Chilean fish deposited by B. Dyer in the University of Michigan Zoological Museum. in.. NEODAT II team databese http://www.neodat.org/.","1987 Specimen deposited in University of Michigan Museum of Zoology; Collectors: A Warren; Determiner: BS Dyer/1990; Catalogue number: 218797; Size: 226 mm SL.","CC BY-NC 4.0","Literature review dataset of Chilean freshwater and diadromous fish occurrences, compiled by C. Correa (v2009)","FishGIS_metaDatabase_CCorrea","Occurrence"
"CCorrea.Lit.Review.1508",-68.67302,-52.67317,"Straits of Magellan, Tierra del Fuego Island, near Estancia Catalina 'NNE' from Cerro Sombrero, Region XII","Odontesthes nigricans",1987,"1987","Dyer, B. (1994) Specimens of Chilean fish deposited by B. Dyer in the University of Michigan Zoological Museum. in.. NEODAT II team databese http://www.neodat.org/.","1987 Specimen deposited in University of Michigan Museum of Zoology; Collectors: A Warren; Determiner: BS Dyer/1990; Catalogue number: 218798; Size: 192-216 mmm SL.","CC BY-NC 4.0","Literature review dataset of Chilean freshwater and diadromous fish occurrences, compiled by C. Correa (v2009)","FishGIS_metaDatabase_CCorrea","Occurrence"
"CCorrea.Lit.Review.1546",-72.51311,-41.42701,"Lago Chapo","Salmo trutta",1986,"1986/1988","Villalobos, L., S. Woelfl, O. Parra, and H. Campos (2003) Lake Chapo: a baseline study of a deep, oligotrophic North Patagonian lake prior to its use for hydroelectricity generation: II. Biological properties.. Hydrobiologia 510: 225-237.","1986-1987  Geolocation: Specific location not specified.","CC BY-NC 4.0","Literature review dataset of Chilean freshwater and diadromous fish occurrences, compiled by C. Correa (v2009)","FishGIS_metaDatabase_CCorrea","Occurrence"
"CCorrea.Lit.Review.1547",-72.51311,-41.42701,"Lago Chapo","Percichthys trucha",1986,"1986/1988","Villalobos, L., S. Woelfl, O. Parra, and H. Campos (2003) Lake Chapo: a baseline study of a deep, oligotrophic North Patagonian lake prior to its use for hydroelectricity generation: II. Biological properties.. Hydrobiologia 510: 225-237.","1986-1987 Adults were gillnetted and juveniles collected in the littoral zone with tow net. Geolocation: Specific location not specified.","CC BY-NC 4.0","Literature review dataset of Chilean freshwater and diadromous fish occurrences, compiled by C. Correa (v2009)","FishGIS_metaDatabase_CCorrea","Occurrence"
"CCorrea.Lit.Review.1548",-72.55481,-41.42324,"Lago Chapo, littoral zone.","Salmo trutta",1986,"1986/1988","Villalobos, L., S. Woelfl, O. Parra, and H. Campos (2003) Lake Chapo: a baseline study of a deep, oligotrophic North Patagonian lake prior to its use for hydroelectricity generation: II. Biological properties.. Hydrobiologia 510: 225-237.","1986-1987 Two small individuals also collected in the littoral zone. Geolocation: Specific location not specified.","CC BY-NC 4.0","Literature review dataset of Chilean freshwater and diadromous fish occurrences, compiled by C. Correa (v2009)","FishGIS_metaDatabase_CCorrea","Occurrence"
"CCorrea.Lit.Review.1549",-72.55481,-41.42324,"Lago Chapo, littoral zone.","Aplochiton taeniatus",1986,"1986/1988","Villalobos, L., S. Woelfl, O. Parra, and H. Campos (2003) Lake Chapo: a baseline study of a deep, oligotrophic North Patagonian lake prior to its use for hydroelectricity generation: II. Biological properties.. Hydrobiologia 510: 225-237.","1986-1987 n=812 Geolocation: Specific location not specified.","CC BY-NC 4.0","Literature review dataset of Chilean freshwater and diadromous fish occurrences, compiled by C. Correa (v2009)","FishGIS_metaDatabase_CCorrea","Occurrence"
"CCorrea.Lit.Review.1550",-72.55481,-41.42324,"Lago Chapo, littoral zone.","Trichomycterus areolatus",1986,"1986/1988","Villalobos, L., S. Woelfl, O. Parra, and H. Campos (2003) Lake Chapo: a baseline study of a deep, oligotrophic North Patagonian lake prior to its use for hydroelectricity generation: II. Biological properties.. Hydrobiologia 510: 225-237.","1986-1987 Only one individual problably from the naiboughring river. Geolocation: Specific location not specified.","CC BY-NC 4.0","Literature review dataset of Chilean freshwater and diadromous fish occurrences, compiled by C. Correa (v2009)","FishGIS_metaDatabase_CCorrea","Occurrence"
"CCorrea.Lit.Review.1551",-72.55481,-41.42324,"Lago Chapo, littoral zone.","Percichthys trucha",1986,"1986/1988","Villalobos, L., S. Woelfl, O. Parra, and H. Campos (2003) Lake Chapo: a baseline study of a deep, oligotrophic North Patagonian lake prior to its use for hydroelectricity generation: II. Biological properties.. Hydrobiologia 510: 225-237.","1986-1987 n=1093 Geolocation: Specific location not specified.","CC BY-NC 4.0","Literature review dataset of Chilean freshwater and diadromous fish occurrences, compiled by C. Correa (v2009)","FishGIS_metaDatabase_CCorrea","Occurrence"
"CCorrea.Lit.Review.1552",-71.96795,-46.24541,"Lagoon Don Poli","Oncorhynchus masou",1987,"1987","Sakai, M., R. Aguirrebeña, and A. Nagasawa (1987) Growth analysis by scale reading of cherry salmon (Oncorhynchus masou) stocked a closed-system lake ""Lagoon Don Poli"", southern Chile.. Internal Report 18, Japan International Cooperation Agency & Servicio Nacional de Pesca, Tokyo. 26pp.","1987 The species was heavily stocked in Lagoon Don Poli between 1982-1986. More info on length / weight / age available.","CC BY-NC 4.0","Literature review dataset of Chilean freshwater and diadromous fish occurrences, compiled by C. Correa (v2009)","FishGIS_metaDatabase_CCorrea","Occurrence"
"CCorrea.Lit.Review.1553",-71.96795,-46.24541,"Lagoon Don Poli","Galaxias platei",1987,"1987","Sakai, M., R. Aguirrebeña, and A. Nagasawa (1987) Growth analysis by scale reading of cherry salmon (Oncorhynchus masou) stocked a closed-system lake ""Lagoon Don Poli"", southern Chile.. Internal Report 18, Japan International Cooperation Agency & Servicio Nacional de Pesca, Tokyo. 26pp.","1987 At least 50 individuals were captured and measured. Individuals <10cm long formed schools near the shallow outlet.","CC BY-NC 4.0","Literature review dataset of Chilean freshwater and diadromous fish occurrences, compiled by C. Correa (v2009)","FishGIS_metaDatabase_CCorrea","Occurrence"
"CCorrea.Lit.Review.1567",-72.41175,-43.1976,"Lago Yecho","Oncorhynchus mykiss",2001,"2001","Doris Soto B.and Ivan Arismendi V. (2001) Evaluacion, ordenamiento y manejo  del potencial biológico para la pesca deportiva de la región de los lagos.. Gobierno Regional de Los Lagos Fondo Nacional de Desarrollo Regional (FNDR) código B.I.P. 20109755-0; Universidad Austral de Chile.","2001  Geolocation: Not accurate.","CC BY-NC 4.0","Literature review dataset of Chilean freshwater and diadromous fish occurrences, compiled by C. Correa (v2009)","FishGIS_metaDatabase_CCorrea","Occurrence"
"CCorrea.Lit.Review.1568",-72.41175,-43.1976,"Lago Yecho","Salmo trutta",2001,"2001","Doris Soto B.and Ivan Arismendi V. (2001) Evaluacion, ordenamiento y manejo  del potencial biológico para la pesca deportiva de la región de los lagos.. Gobierno Regional de Los Lagos Fondo Nacional de Desarrollo Regional (FNDR) código B.I.P. 20109755-0; Universidad Austral de Chile.","2001  Geolocation: Not accurate.","CC BY-NC 4.0","Literature review dataset of Chilean freshwater and diadromous fish occurrences, compiled by C. Correa (v2009)","FishGIS_metaDatabase_CCorrea","Occurrence"
"CCorrea.Lit.Review.1569",-72.41175,-43.1976,"Lago Yecho","Salmo salar",2001,"2001","Doris Soto B.and Ivan Arismendi V. (2001) Evaluacion, ordenamiento y manejo  del potencial biológico para la pesca deportiva de la región de los lagos.. Gobierno Regional de Los Lagos Fondo Nacional de Desarrollo Regional (FNDR) código B.I.P. 20109755-0; Universidad Austral de Chile.","2001  Geolocation: Not accurate.","CC BY-NC 4.0","Literature review dataset of Chilean freshwater and diadromous fish occurrences, compiled by C. Correa (v2009)","FishGIS_metaDatabase_CCorrea","Occurrence"
"CCorrea.Lit.Review.1623",-72.95085,-45.13768,"Yulton-Meullin Lakes","Aplochiton zebra",1997,"1997","Soto, D., I. Arismendi, J. González, J. Sanzana, F. Jara, C. Jara, E. Guzman, and A. Lara (2006) Southern Chile, trout and salmon country: invasion patterns and threats for native species.. Revista Chilena de Historia Natural 79:97-117.","1997  Geolocation: Not accurate.","CC BY-NC 4.0","Literature review dataset of Chilean freshwater and diadromous fish occurrences, compiled by C. Correa (v2009)","FishGIS_metaDatabase_CCorrea","Occurrence"
"CCorrea.Lit.Review.1624",-72.95085,-45.13768,"Yulton-Meullin Lakes","Galaxias platei",1997,"1997","Soto, D., I. Arismendi, J. González, J. Sanzana, F. Jara, C. Jara, E. Guzman, and A. Lara (2006) Southern Chile, trout and salmon country: invasion patterns and threats for native species.. Revista Chilena de Historia Natural 79:97-117.","1997  Geolocation: Not accurate.","CC BY-NC 4.0","Literature review dataset of Chilean freshwater and diadromous fish occurrences, compiled by C. Correa (v2009)","FishGIS_metaDatabase_CCorrea","Occurrence"
"CCorrea.Lit.Review.1710",-72.3981,-41.11996,"Lago Todos Los Santos, Petrohue","Oncorhynchus mykiss",1998,"1998/2000","Cassigoli, J. (1999) Catastro de enfermedades de peces nativos circundantes a centros de cultivo de salmónidos.. Fondo de Investigación Pesquera - Instituto Tecnológico del Salmón - Universidad Austral de Chile - Aquatic Health FIP 97-38.","1998, 1999  Geolocation: Ok","CC BY-NC 4.0","Literature review dataset of Chilean freshwater and diadromous fish occurrences, compiled by C. Correa (v2009)","FishGIS_metaDatabase_CCorrea","Occurrence"
"CCorrea.Lit.Review.1711",-72.3981,-41.11996,"Lago Todos Los Santos, Petrohue","Salmo trutta",1998,"1998/2000","Cassigoli, J. (1999) Catastro de enfermedades de peces nativos circundantes a centros de cultivo de salmónidos.. Fondo de Investigación Pesquera - Instituto Tecnológico del Salmón - Universidad Austral de Chile - Aquatic Health FIP 97-38.","1998, 1999  Geolocation: Ok","CC BY-NC 4.0","Literature review dataset of Chilean freshwater and diadromous fish occurrences, compiled by C. Correa (v2009)","FishGIS_metaDatabase_CCorrea","Occurrence"
"CCorrea.Lit.Review.1712",-72.3981,-41.11996,"Lago Todos Los Santos, Petrohue","Basilichthys australis",1998,"1998/2000","Cassigoli, J. (1999) Catastro de enfermedades de peces nativos circundantes a centros de cultivo de salmónidos.. Fondo de Investigación Pesquera - Instituto Tecnológico del Salmón - Universidad Austral de Chile - Aquatic Health FIP 97-38.","1998, 1999  Geolocation: Ok","CC BY-NC 4.0","Literature review dataset of Chilean freshwater and diadromous fish occurrences, compiled by C. Correa (v2009)","FishGIS_metaDatabase_CCorrea","Occurrence"
"CCorrea.Lit.Review.1713",-72.3981,-41.11996,"Lago Todos Los Santos, Petrohue","Aplochiton taeniatus",1998,"1998/2000","Cassigoli, J. (1999) Catastro de enfermedades de peces nativos circundantes a centros de cultivo de salmónidos.. Fondo de Investigación Pesquera - Instituto Tecnológico del Salmón - Universidad Austral de Chile - Aquatic Health FIP 97-38.","1998, 1999 One indiv. Geolocation: Ok","CC BY-NC 4.0","Literature review dataset of Chilean freshwater and diadromous fish occurrences, compiled by C. Correa (v2009)","FishGIS_metaDatabase_CCorrea","Occurrence"
"CCorrea.Lit.Review.1714",-72.3981,-41.11996,"Lago Todos Los Santos, Petrohue","Percichthys trucha",1998,"1998/2000","Cassigoli, J. (1999) Catastro de enfermedades de peces nativos circundantes a centros de cultivo de salmónidos.. Fondo de Investigación Pesquera - Instituto Tecnológico del Salmón - Universidad Austral de Chile - Aquatic Health FIP 97-38.","1998, 1999  Geolocation: Ok","CC BY-NC 4.0","Literature review dataset of Chilean freshwater and diadromous fish occurrences, compiled by C. Correa (v2009)","FishGIS_metaDatabase_CCorrea","Occurrence"
"CCorrea.Lit.Review.1715",-72.3981,-41.11996,"Lago Todos Los Santos, Petrohue","Galaxias maculatus",1998,"1998/2000","Cassigoli, J. (1999) Catastro de enfermedades de peces nativos circundantes a centros de cultivo de salmónidos.. Fondo de Investigación Pesquera - Instituto Tecnológico del Salmón - Universidad Austral de Chile - Aquatic Health FIP 97-38.","1998, 1999  Geolocation: Ok","CC BY-NC 4.0","Literature review dataset of Chilean freshwater and diadromous fish occurrences, compiled by C. Correa (v2009)","FishGIS_metaDatabase_CCorrea","Occurrence"
"CCorrea.Lit.Review.1716",-72.3981,-41.11996,"Lago Todos Los Santos, Petrohue","Galaxias platei",1998,"1998/2000","Cassigoli, J. (1999) Catastro de enfermedades de peces nativos circundantes a centros de cultivo de salmónidos.. Fondo de Investigación Pesquera - Instituto Tecnológico del Salmón - Universidad Austral de Chile - Aquatic Health FIP 97-38.","1998, 1999  Geolocation: Ok","CC BY-NC 4.0","Literature review dataset of Chilean freshwater and diadromous fish occurrences, compiled by C. Correa (v2009)","FishGIS_metaDatabase_CCorrea","Occurrence"
"CCorrea.Lit.Review.1838",-67.70586,-54.9443,"Bronces 1","Galaxias maculatus",2005,"2005","Moorman, MC (2007) The conservation implications of introduced trout and beaver on native fish in the Cape Horn Biosphere Reserve, Chile. Masters thesis, North Carolina University 57 pp.","2005 Length & weight available Geolocation: GPS waypoint","CC BY-NC 4.0","Literature review dataset of Chilean freshwater and diadromous fish occurrences, compiled by C. Correa (v2009)","FishGIS_metaDatabase_CCorrea","Occurrence"
"CCorrea.Lit.Review.1839",-67.70586,-54.9443,"Bronces 1","Oncorhynchus mykiss",2005,"2005","Moorman, MC (2007) The conservation implications of introduced trout and beaver on native fish in the Cape Horn Biosphere Reserve, Chile. Masters thesis, North Carolina University 57 pp.","2005 Length & weight available Geolocation: GPS waypoint","CC BY-NC 4.0","Literature review dataset of Chilean freshwater and diadromous fish occurrences, compiled by C. Correa (v2009)","FishGIS_metaDatabase_CCorrea","Occurrence"
"CCorrea.Lit.Review.1840",-67.70586,-54.9443,"Bronces 1","Salvelinus fontinalis",2005,"2005","Moorman, MC (2007) The conservation implications of introduced trout and beaver on native fish in the Cape Horn Biosphere Reserve, Chile. Masters thesis, North Carolina University 57 pp.","2005  Geolocation: GPS waypoint","CC BY-NC 4.0","Literature review dataset of Chilean freshwater and diadromous fish occurrences, compiled by C. Correa (v2009)","FishGIS_metaDatabase_CCorrea","Occurrence"
"CCorrea.Lit.Review.1841",-67.71147,-54.94864,"Bronces 2","",2005,"2005","Moorman, MC (2007) The conservation implications of introduced trout and beaver on native fish in the Cape Horn Biosphere Reserve, Chile. Masters thesis, North Carolina University 57 pp.","2005 no fish was caught Geolocation: GPS waypoint","CC BY-NC 4.0","Literature review dataset of Chilean freshwater and diadromous fish occurrences, compiled by C. Correa (v2009)","FishGIS_metaDatabase_CCorrea","Occurrence"
"CCorrea.Lit.Review.1842",-67.46843,-54.93987,"Cascada 1","",2005,"2005","Moorman, MC (2007) The conservation implications of introduced trout and beaver on native fish in the Cape Horn Biosphere Reserve, Chile. Masters thesis, North Carolina University 57 pp.","2005 no fish was caught Geolocation: GPS waypoint","CC BY-NC 4.0","Literature review dataset of Chilean freshwater and diadromous fish occurrences, compiled by C. Correa (v2009)","FishGIS_metaDatabase_CCorrea","Occurrence"
"CCorrea.Lit.Review.1843",-67.469,-54.93906,"Cascada 2","Galaxias maculatus",2005,"2005","Moorman, MC (2007) The conservation implications of introduced trout and beaver on native fish in the Cape Horn Biosphere Reserve, Chile. Masters thesis, North Carolina University 57 pp.","2005 Length & weight available Geolocation: GPS waypoint","CC BY-NC 4.0","Literature review dataset of Chilean freshwater and diadromous fish occurrences, compiled by C. Correa (v2009)","FishGIS_metaDatabase_CCorrea","Occurrence"
"CCorrea.Lit.Review.1844",-67.469,-54.93906,"Cascada 2","Salvelinus fontinalis",2005,"2005","Moorman, MC (2007) The conservation implications of introduced trout and beaver on native fish in the Cape Horn Biosphere Reserve, Chile. Masters thesis, North Carolina University 57 pp.","2005 Length & weight available Geolocation: GPS waypoint","CC BY-NC 4.0","Literature review dataset of Chilean freshwater and diadromous fish occurrences, compiled by C. Correa (v2009)","FishGIS_metaDatabase_CCorrea","Occurrence"
"CCorrea.Lit.Review.1845",-68.05193,-55.18086,"Douglas 1","Galaxias maculatus",2005,"2005","Moorman, MC (2007) The conservation implications of introduced trout and beaver on native fish in the Cape Horn Biosphere Reserve, Chile. Masters thesis, North Carolina University 57 pp.","2005 Length & weight available Geolocation: GPS waypoint","CC BY-NC 4.0","Literature review dataset of Chilean freshwater and diadromous fish occurrences, compiled by C. Correa (v2009)","FishGIS_metaDatabase_CCorrea","Occurrence"
"CCorrea.Lit.Review.1846",-68.05193,-55.18086,"Douglas 1","Oncorhynchus mykiss",2005,"2005","Moorman, MC (2007) The conservation implications of introduced trout and beaver on native fish in the Cape Horn Biosphere Reserve, Chile. Masters thesis, North Carolina University 57 pp.","2005 Length & weight available Geolocation: GPS waypoint","CC BY-NC 4.0","Literature review dataset of Chilean freshwater and diadromous fish occurrences, compiled by C. Correa (v2009)","FishGIS_metaDatabase_CCorrea","Occurrence"
"CCorrea.Lit.Review.1847",-68.05193,-55.18086,"Douglas 1","Salvelinus fontinalis",2005,"2005","Moorman, MC (2007) The conservation implications of introduced trout and beaver on native fish in the Cape Horn Biosphere Reserve, Chile. Masters thesis, North Carolina University 57 pp.","2005 Length & weight available Geolocation: GPS waypoint","CC BY-NC 4.0","Literature review dataset of Chilean freshwater and diadromous fish occurrences, compiled by C. Correa (v2009)","FishGIS_metaDatabase_CCorrea","Occurrence"
"CCorrea.Lit.Review.1848",-68.10906,-55.17387,"Douglas 2","Galaxias maculatus",2005,"2005","Moorman, MC (2007) The conservation implications of introduced trout and beaver on native fish in the Cape Horn Biosphere Reserve, Chile. Masters thesis, North Carolina University 57 pp.","2005 Length & weight available Geolocation: GPS waypoint","CC BY-NC 4.0","Literature review dataset of Chilean freshwater and diadromous fish occurrences, compiled by C. Correa (v2009)","FishGIS_metaDatabase_CCorrea","Occurrence"
"CCorrea.Lit.Review.1849",-68.10906,-55.17387,"Douglas 2","Salvelinus fontinalis",2005,"2005","Moorman, MC (2007) The conservation implications of introduced trout and beaver on native fish in the Cape Horn Biosphere Reserve, Chile. Masters thesis, North Carolina University 57 pp.","2005 Length & weight available Geolocation: GPS waypoint","CC BY-NC 4.0","Literature review dataset of Chilean freshwater and diadromous fish occurrences, compiled by C. Correa (v2009)","FishGIS_metaDatabase_CCorrea","Occurrence"
"CCorrea.Lit.Review.1850",-67.78388,-54.92486,"Estrella 1","Galaxias maculatus",2005,"2005","Moorman, MC (2007) The conservation implications of introduced trout and beaver on native fish in the Cape Horn Biosphere Reserve, Chile. Masters thesis, North Carolina University 57 pp.","2005 Length & weight available Geolocation: GPS waypoint","CC BY-NC 4.0","Literature review dataset of Chilean freshwater and diadromous fish occurrences, compiled by C. Correa (v2009)","FishGIS_metaDatabase_CCorrea","Occurrence"
"CCorrea.Lit.Review.1851",-67.78388,-54.92486,"Estrella 1","Salvelinus fontinalis",2005,"2005","Moorman, MC (2007) The conservation implications of introduced trout and beaver on native fish in the Cape Horn Biosphere Reserve, Chile. Masters thesis, North Carolina University 57 pp.","2005 Length & weight available Geolocation: GPS waypoint","CC BY-NC 4.0","Literature review dataset of Chilean freshwater and diadromous fish occurrences, compiled by C. Correa (v2009)","FishGIS_metaDatabase_CCorrea","Occurrence"
"CCorrea.Lit.Review.1852",-68.08535,-54.90611,"Fajarones 1","Galaxias maculatus",2005,"2005","Moorman, MC (2007) The conservation implications of introduced trout and beaver on native fish in the Cape Horn Biosphere Reserve, Chile. Masters thesis, North Carolina University 57 pp.","2005 Length & weight available Geolocation: GPS waypoint","CC BY-NC 4.0","Literature review dataset of Chilean freshwater and diadromous fish occurrences, compiled by C. Correa (v2009)","FishGIS_metaDatabase_CCorrea","Occurrence"
"CCorrea.Lit.Review.1853",-68.08535,-54.90611,"Fajarones 1","Salvelinus fontinalis",2005,"2005","Moorman, MC (2007) The conservation implications of introduced trout and beaver on native fish in the Cape Horn Biosphere Reserve, Chile. Masters thesis, North Carolina University 57 pp.","2005 Length & weight available Geolocation: GPS waypoint","CC BY-NC 4.0","Literature review dataset of Chilean freshwater and diadromous fish occurrences, compiled by C. Correa (v2009)","FishGIS_metaDatabase_CCorrea","Occurrence"
"CCorrea.Lit.Review.1854",-67.50248,-54.93871,"Guanaco 1","Oncorhynchus mykiss",2005,"2005","Moorman, MC (2007) The conservation implications of introduced trout and beaver on native fish in the Cape Horn Biosphere Reserve, Chile. Masters thesis, North Carolina University 57 pp.","2005 Length & weight available Geolocation: GPS waypoint","CC BY-NC 4.0","Literature review dataset of Chilean freshwater and diadromous fish occurrences, compiled by C. Correa (v2009)","FishGIS_metaDatabase_CCorrea","Occurrence"
"CCorrea.Lit.Review.1855",-67.50248,-54.93871,"Guanaco 1","Salvelinus fontinalis",2005,"2005","Moorman, MC (2007) The conservation implications of introduced trout and beaver on native fish in the Cape Horn Biosphere Reserve, Chile. Masters thesis, North Carolina University 57 pp.","2005 Length & weight available Geolocation: GPS waypoint","CC BY-NC 4.0","Literature review dataset of Chilean freshwater and diadromous fish occurrences, compiled by C. Correa (v2009)","FishGIS_metaDatabase_CCorrea","Occurrence"
"CCorrea.Lit.Review.1856",-67.85158,-54.91596,"Guerrico 1","Galaxias maculatus",2005,"2005","Moorman, MC (2007) The conservation implications of introduced trout and beaver on native fish in the Cape Horn Biosphere Reserve, Chile. Masters thesis, North Carolina University 57 pp.","2005 Length & weight available Geolocation: GPS waypoint","CC BY-NC 4.0","Literature review dataset of Chilean freshwater and diadromous fish occurrences, compiled by C. Correa (v2009)","FishGIS_metaDatabase_CCorrea","Occurrence"
"CCorrea.Lit.Review.1857",-67.85158,-54.91596,"Guerrico 1","Oncorhynchus mykiss",2005,"2005","Moorman, MC (2007) The conservation implications of introduced trout and beaver on native fish in the Cape Horn Biosphere Reserve, Chile. Masters thesis, North Carolina University 57 pp.","2005 Length & weight available Geolocation: GPS waypoint","CC BY-NC 4.0","Literature review dataset of Chilean freshwater and diadromous fish occurrences, compiled by C. Correa (v2009)","FishGIS_metaDatabase_CCorrea","Occurrence"
"CCorrea.Lit.Review.1858",-67.85274,-54.92067,"Guerrico 2","Oncorhynchus mykiss",2005,"2005","Moorman, MC (2007) The conservation implications of introduced trout and beaver on native fish in the Cape Horn Biosphere Reserve, Chile. Masters thesis, North Carolina University 57 pp.","2005 Length & weight available Geolocation: GPS waypoint","CC BY-NC 4.0","Literature review dataset of Chilean freshwater and diadromous fish occurrences, compiled by C. Correa (v2009)","FishGIS_metaDatabase_CCorrea","Occurrence"
"CCorrea.Lit.Review.1859",-68.33883,-55.01228,"Hoste 1","",2005,"2005","Moorman, MC (2007) The conservation implications of introduced trout and beaver on native fish in the Cape Horn Biosphere Reserve, Chile. Masters thesis, North Carolina University 57 pp.","2005 no fish was caught Geolocation: GPS waypoint","CC BY-NC 4.0","Literature review dataset of Chilean freshwater and diadromous fish occurrences, compiled by C. Correa (v2009)","FishGIS_metaDatabase_CCorrea","Occurrence"
"CCorrea.Lit.Review.1860",-68.37854,-54.98422,"Hoste 2","Galaxias maculatus",2005,"2005","Moorman, MC (2007) The conservation implications of introduced trout and beaver on native fish in the Cape Horn Biosphere Reserve, Chile. Masters thesis, North Carolina University 57 pp.","2005 Length & weight available Geolocation: GPS waypoint","CC BY-NC 4.0","Literature review dataset of Chilean freshwater and diadromous fish occurrences, compiled by C. Correa (v2009)","FishGIS_metaDatabase_CCorrea","Occurrence"
"CCorrea.Lit.Review.1861",-68.37854,-54.98422,"Hoste 2","Salvelinus fontinalis",2005,"2005","Moorman, MC (2007) The conservation implications of introduced trout and beaver on native fish in the Cape Horn Biosphere Reserve, Chile. Masters thesis, North Carolina University 57 pp.","2005 Length & weight available Geolocation: GPS waypoint","CC BY-NC 4.0","Literature review dataset of Chilean freshwater and diadromous fish occurrences, compiled by C. Correa (v2009)","FishGIS_metaDatabase_CCorrea","Occurrence"
"CCorrea.Lit.Review.1862",-68.59137,-54.94829,"Hoste 3","Galaxias maculatus",2005,"2005","Moorman, MC (2007) The conservation implications of introduced trout and beaver on native fish in the Cape Horn Biosphere Reserve, Chile. Masters thesis, North Carolina University 57 pp.","2005 Length & weight available Geolocation: GPS waypoint","CC BY-NC 4.0","Literature review dataset of Chilean freshwater and diadromous fish occurrences, compiled by C. Correa (v2009)","FishGIS_metaDatabase_CCorrea","Occurrence"
"CCorrea.Lit.Review.1863",-68.59641,-54.94567,"Hoste 4","Galaxias maculatus",2005,"2005","Moorman, MC (2007) The conservation implications of introduced trout and beaver on native fish in the Cape Horn Biosphere Reserve, Chile. Masters thesis, North Carolina University 57 pp.","2005 Length & weight available Geolocation: GPS waypoint","CC BY-NC 4.0","Literature review dataset of Chilean freshwater and diadromous fish occurrences, compiled by C. Correa (v2009)","FishGIS_metaDatabase_CCorrea","Occurrence"
"CCorrea.Lit.Review.1864",-68.59641,-54.94567,"Hoste 4","Salvelinus fontinalis",2005,"2005","Moorman, MC (2007) The conservation implications of introduced trout and beaver on native fish in the Cape Horn Biosphere Reserve, Chile. Masters thesis, North Carolina University 57 pp.","2005 Length & weight available Geolocation: GPS waypoint","CC BY-NC 4.0","Literature review dataset of Chilean freshwater and diadromous fish occurrences, compiled by C. Correa (v2009)","FishGIS_metaDatabase_CCorrea","Occurrence"
"CCorrea.Lit.Review.1865",-68.56876,-54.94831,"Hoste 5","Galaxias maculatus",2005,"2005","Moorman, MC (2007) The conservation implications of introduced trout and beaver on native fish in the Cape Horn Biosphere Reserve, Chile. Masters thesis, North Carolina University 57 pp.","2005 Length & weight available Geolocation: GPS waypoint","CC BY-NC 4.0","Literature review dataset of Chilean freshwater and diadromous fish occurrences, compiled by C. Correa (v2009)","FishGIS_metaDatabase_CCorrea","Occurrence"
"CCorrea.Lit.Review.1866",-68.56876,-54.94831,"Hoste 5","Salvelinus fontinalis",2005,"2005","Moorman, MC (2007) The conservation implications of introduced trout and beaver on native fish in the Cape Horn Biosphere Reserve, Chile. Masters thesis, North Carolina University 57 pp.","2005 Length & weight available Geolocation: GPS waypoint","CC BY-NC 4.0","Literature review dataset of Chilean freshwater and diadromous fish occurrences, compiled by C. Correa (v2009)","FishGIS_metaDatabase_CCorrea","Occurrence"
"CCorrea.Lit.Review.1867",-68.2211,-54.97786,"Inutil 1","",2005,"2005","Moorman, MC (2007) The conservation implications of introduced trout and beaver on native fish in the Cape Horn Biosphere Reserve, Chile. Masters thesis, North Carolina University 57 pp.","2005 no fish was caught Geolocation: GPS waypoint","CC BY-NC 4.0","Literature review dataset of Chilean freshwater and diadromous fish occurrences, compiled by C. Correa (v2009)","FishGIS_metaDatabase_CCorrea","Occurrence"
"CCorrea.Lit.Review.1868",-68.11217,-54.91196,"Lum 1","Galaxias maculatus",2005,"2005","Moorman, MC (2007) The conservation implications of introduced trout and beaver on native fish in the Cape Horn Biosphere Reserve, Chile. Masters thesis, North Carolina University 57 pp.","2005 Length & weight available Geolocation: GPS waypoint","CC BY-NC 4.0","Literature review dataset of Chilean freshwater and diadromous fish occurrences, compiled by C. Correa (v2009)","FishGIS_metaDatabase_CCorrea","Occurrence"
"CCorrea.Lit.Review.1869",-68.11217,-54.91196,"Lum 1","Salvelinus fontinalis",2005,"2005","Moorman, MC (2007) The conservation implications of introduced trout and beaver on native fish in the Cape Horn Biosphere Reserve, Chile. Masters thesis, North Carolina University 57 pp.","2005 Length & weight available Geolocation: GPS waypoint","CC BY-NC 4.0","Literature review dataset of Chilean freshwater and diadromous fish occurrences, compiled by C. Correa (v2009)","FishGIS_metaDatabase_CCorrea","Occurrence"
"CCorrea.Lit.Review.1870",-68.00168,-54.9085,"Meijillones 1","Galaxias maculatus",2005,"2005","Moorman, MC (2007) The conservation implications of introduced trout and beaver on native fish in the Cape Horn Biosphere Reserve, Chile. Masters thesis, North Carolina University 57 pp.","2005 Length & weight available Geolocation: GPS waypoint","CC BY-NC 4.0","Literature review dataset of Chilean freshwater and diadromous fish occurrences, compiled by C. Correa (v2009)","FishGIS_metaDatabase_CCorrea","Occurrence"
"CCorrea.Lit.Review.1871",-68.00168,-54.9085,"Meijillones 1","Salvelinus fontinalis",2005,"2005","Moorman, MC (2007) The conservation implications of introduced trout and beaver on native fish in the Cape Horn Biosphere Reserve, Chile. Masters thesis, North Carolina University 57 pp.","2005 Length & weight available Geolocation: GPS waypoint","CC BY-NC 4.0","Literature review dataset of Chilean freshwater and diadromous fish occurrences, compiled by C. Correa (v2009)","FishGIS_metaDatabase_CCorrea","Occurrence"
"CCorrea.Lit.Review.1872",-67.99198,-54.9081,"Meijillones 2","Galaxias maculatus",2005,"2005","Moorman, MC (2007) The conservation implications of introduced trout and beaver on native fish in the Cape Horn Biosphere Reserve, Chile. Masters thesis, North Carolina University 57 pp.","2005 Length & weight available Geolocation: GPS waypoint","CC BY-NC 4.0","Literature review dataset of Chilean freshwater and diadromous fish occurrences, compiled by C. Correa (v2009)","FishGIS_metaDatabase_CCorrea","Occurrence"
"CCorrea.Lit.Review.1873",-67.99198,-54.9081,"Meijillones 2","Salvelinus fontinalis",2005,"2005","Moorman, MC (2007) The conservation implications of introduced trout and beaver on native fish in the Cape Horn Biosphere Reserve, Chile. Masters thesis, North Carolina University 57 pp.","2005 Length & weight available Geolocation: GPS waypoint","CC BY-NC 4.0","Literature review dataset of Chilean freshwater and diadromous fish occurrences, compiled by C. Correa (v2009)","FishGIS_metaDatabase_CCorrea","Occurrence"
"CCorrea.Lit.Review.1874",-67.62656,-54.94182,"Micalvi 1","Galaxias maculatus",2005,"2005","Moorman, MC (2007) The conservation implications of introduced trout and beaver on native fish in the Cape Horn Biosphere Reserve, Chile. Masters thesis, North Carolina University 57 pp.","2005 Length & weight available Geolocation: GPS waypoint","CC BY-NC 4.0","Literature review dataset of Chilean freshwater and diadromous fish occurrences, compiled by C. Correa (v2009)","FishGIS_metaDatabase_CCorrea","Occurrence"
"CCorrea.Lit.Review.1875",-67.42338,-54.93103,"Pitufos 1","Galaxias maculatus",2005,"2005","Moorman, MC (2007) The conservation implications of introduced trout and beaver on native fish in the Cape Horn Biosphere Reserve, Chile. Masters thesis, North Carolina University 57 pp.","2005 Length & weight available Geolocation: GPS waypoint","CC BY-NC 4.0","Literature review dataset of Chilean freshwater and diadromous fish occurrences, compiled by C. Correa (v2009)","FishGIS_metaDatabase_CCorrea","Occurrence"
"CCorrea.Lit.Review.1876",-67.42338,-54.93103,"Pitufos 1","Salvelinus fontinalis",2005,"2005","Moorman, MC (2007) The conservation implications of introduced trout and beaver on native fish in the Cape Horn Biosphere Reserve, Chile. Masters thesis, North Carolina University 57 pp.","2005 Length & weight available Geolocation: GPS waypoint","CC BY-NC 4.0","Literature review dataset of Chilean freshwater and diadromous fish occurrences, compiled by C. Correa (v2009)","FishGIS_metaDatabase_CCorrea","Occurrence"
"CCorrea.Lit.Review.1880",-67.52653,-54.9374,"Pt Truco 1","Salvelinus fontinalis",2005,"2005","Moorman, MC (2007) The conservation implications of introduced trout and beaver on native fish in the Cape Horn Biosphere Reserve, Chile. Masters thesis, North Carolina University 57 pp.","2005 Length & weight available Geolocation: GPS waypoint","CC BY-NC 4.0","Literature review dataset of Chilean freshwater and diadromous fish occurrences, compiled by C. Correa (v2009)","FishGIS_metaDatabase_CCorrea","Occurrence"
"CCorrea.Lit.Review.1881",-67.66071,-54.94488,"Robalo 1","Galaxias maculatus",2005,"2005","Moorman, MC (2007) The conservation implications of introduced trout and beaver on native fish in the Cape Horn Biosphere Reserve, Chile. Masters thesis, North Carolina University 57 pp.","2005 Length & weight available Geolocation: GPS waypoint","CC BY-NC 4.0","Literature review dataset of Chilean freshwater and diadromous fish occurrences, compiled by C. Correa (v2009)","FishGIS_metaDatabase_CCorrea","Occurrence"
"CCorrea.Lit.Review.1882",-67.66071,-54.94488,"Robalo 1","Salvelinus fontinalis",2005,"2005","Moorman, MC (2007) The conservation implications of introduced trout and beaver on native fish in the Cape Horn Biosphere Reserve, Chile. Masters thesis, North Carolina University 57 pp.","2005 Length & weight available Geolocation: GPS waypoint","CC BY-NC 4.0","Literature review dataset of Chilean freshwater and diadromous fish occurrences, compiled by C. Correa (v2009)","FishGIS_metaDatabase_CCorrea","Occurrence"
"CCorrea.Lit.Review.1883",-67.64697,-54.95521,"Robalo 2","",2005,"2005","Moorman, MC (2007) The conservation implications of introduced trout and beaver on native fish in the Cape Horn Biosphere Reserve, Chile. Masters thesis, North Carolina University 57 pp.","2005 no fish was caught Geolocation: GPS waypoint","CC BY-NC 4.0","Literature review dataset of Chilean freshwater and diadromous fish occurrences, compiled by C. Correa (v2009)","FishGIS_metaDatabase_CCorrea","Occurrence"
"CCorrea.Lit.Review.1884",-67.64984,-54.95707,"Robalo 3","",2005,"2005","Moorman, MC (2007) The conservation implications of introduced trout and beaver on native fish in the Cape Horn Biosphere Reserve, Chile. Masters thesis, North Carolina University 57 pp.","2005 no fish was caught Geolocation: GPS waypoint","CC BY-NC 4.0","Literature review dataset of Chilean freshwater and diadromous fish occurrences, compiled by C. Correa (v2009)","FishGIS_metaDatabase_CCorrea","Occurrence"
"CCorrea.Lit.Review.1885",-67.60429,-54.9423,"Ukika 1","Oncorhynchus mykiss",2005,"2005","Moorman, MC (2007) The conservation implications of introduced trout and beaver on native fish in the Cape Horn Biosphere Reserve, Chile. Masters thesis, North Carolina University 57 pp.","2005 Length & weight available Geolocation: GPS waypoint","CC BY-NC 4.0","Literature review dataset of Chilean freshwater and diadromous fish occurrences, compiled by C. Correa (v2009)","FishGIS_metaDatabase_CCorrea","Occurrence"
"CCorrea.Lit.Review.1886",-67.60429,-54.9423,"Ukika 1","Salvelinus fontinalis",2005,"2005","Moorman, MC (2007) The conservation implications of introduced trout and beaver on native fish in the Cape Horn Biosphere Reserve, Chile. Masters thesis, North Carolina University 57 pp.","2005 Length & weight available Geolocation: GPS waypoint","CC BY-NC 4.0","Literature review dataset of Chilean freshwater and diadromous fish occurrences, compiled by C. Correa (v2009)","FishGIS_metaDatabase_CCorrea","Occurrence"
"CCorrea.Lit.Review.1887",-68.14999,-55.04984,"Wulaia 1","Aplochiton taeniatus",2005,"2005","Moorman, MC (2007) The conservation implications of introduced trout and beaver on native fish in the Cape Horn Biosphere Reserve, Chile. Masters thesis, North Carolina University 57 pp.","2005 Length & weight available Geolocation: GPS waypoint","CC BY-NC 4.0","Literature review dataset of Chilean freshwater and diadromous fish occurrences, compiled by C. Correa (v2009)","FishGIS_metaDatabase_CCorrea","Occurrence"
"CCorrea.Lit.Review.1888",-68.14999,-55.04984,"Wulaia 1","Galaxias maculatus",2005,"2005","Moorman, MC (2007) The conservation implications of introduced trout and beaver on native fish in the Cape Horn Biosphere Reserve, Chile. Masters thesis, North Carolina University 57 pp.","2005 Length & weight available Geolocation: GPS waypoint","CC BY-NC 4.0","Literature review dataset of Chilean freshwater and diadromous fish occurrences, compiled by C. Correa (v2009)","FishGIS_metaDatabase_CCorrea","Occurrence"
"CCorrea.Lit.Review.1889",-68.21963,-54.97774,"Inutil at estuary","Galaxias maculatus",2006,"2006","Moorman, MC (2007) The conservation implications of introduced trout and beaver on native fish in the Cape Horn Biosphere Reserve, Chile. Masters thesis, North Carolina University 57 pp.","2006 ","CC BY-NC 4.0","Literature review dataset of Chilean freshwater and diadromous fish occurrences, compiled by C. Correa (v2009)","FishGIS_metaDatabase_CCorrea","Occurrence"
