"occurrenceID","locality","institutionID","institutionCode","recordedBy","year","kingdom","genus","decimalLongitude","coordinateUncertaintyInMeters","decimalLatitude","basisOfRecord","collectionCode","verbatimEventDate","catalogNumber","eventDate","collectionID","family","scientificName","waterBody","individualCount","lifeStage","typeStatus","datasetName","samplingProtocol","organismQuantityType","recordNumber","organismQuantity","uuid","Identification"
"9d202cb2-20df-4b8c-9f69-82115aeedc30","Fish market","http://grbio.org/cool/iakn-125z","KU","Hartel, Karsten E",1994,"Animalia",NA,-70.1330032,NA,-53.1669998,"MaterialSample","KUIT",NA,"929","1994-10-01",NA,"Congridae","Congridae",NA,NA,NA,NA,"iDigBio; University of Kansas Biodiversity Institute Fish Tissue Collection",NA,NA,NA,NA,"6e136a29-8f60-4f70-89c0-18d1389e2855","NULL"
"MCZ:Ich:147913","off Straits of Magellan, Sandy Point","b4640710-8e03-11d8-b956-b8a03c50a862","MCZ","Hassler Expedition",1872,"Animalia","Odontesthes",-70.87788,5292,-53.16117,"PreservedSpecimen","Ich","16/3/1872-16/3/1872","147913","1872-03-16",NA,"Atherinopsidae","Odontesthes smitti (Lahille, 1929)","Pacific, Southeast",1,"adult",NA,"iDigBio",NA,NA,NA,NA,"3f3278c1-f8b2-4b5b-93af-f1bef21ae69e","list(`dwc:identifiedBy` = ""Bryan S. Dyer"", `dwc:identificationRemarks` = ""[MUSE DETERMINER: Dyer_BS/1995]"", `dwc:identificationVerificationStatus` = ""migration"", coreid = ""MCZ:Ich:147913"", `dwc:identificationID` = ""930396"", `dwc:scientificName` = ""Odontesthes smitti"")"
"MCZ:Ich:18133","off Straits of Magellan, Sandy Point","b4640710-8e03-11d8-b956-b8a03c50a862","MCZ","Hassler Expedition",1872,"Animalia","Odontesthes",-70.87788,5292,-53.16117,"PreservedSpecimen","Ich","16/3/1872-16/3/1872","18133","1872-03-16",NA,"Atherinopsidae","Odontesthes humensis","Pacific, Southeast",2,"adult",NA,"iDigBio",NA,NA,NA,NA,"4219dfb5-cc93-45b6-8025-8e945e12d89f","list(`dwc:identifiedBy` = c(""Bryan S. Dyer"", NA), `dwc:identificationRemarks` = c(""[MUSE DETERMINER: Dyer_BS/1995]"", ""[MUSE DETERMINER: ]""), `dwc:identificationVerificationStatus` = c(""migration"", ""migration""), coreid = c(""MCZ:Ich:18133"", ""MCZ:Ich:18133""), `dwc:identificationID` = c(""805108"", ""805109""), `dwc:scientificName` = c(""Odontesthes humensis"", ""Atherinichthys laticlavia""))"
"MCZ:Ich:18135","off Straits of Magellan, Sandy Point","b4640710-8e03-11d8-b956-b8a03c50a862","MCZ","Hassler Expedition",1872,"Animalia","Atherinichthys",-70.87788,5292,-53.16117,"PreservedSpecimen","Ich","16/3/1872-16/3/1872","18135","1872-03-16",NA,"Atherinopsidae","Atherinichthys laticlavia","Pacific, Southeast",5,"adult",NA,"iDigBio",NA,NA,NA,NA,"5f7608e6-5bb4-4fef-af6c-42db254198eb","list(`dwc:identificationRemarks` = ""[MUSE DETERMINER: ]"", `dwc:identificationVerificationStatus` = ""migration"", coreid = ""MCZ:Ich:18135"", `dwc:identificationID` = ""967039"", `dwc:scientificName` = ""Atherinichthys laticlavia"")"
"MCZ:Ich:18134","off Straits of Magellan, Sandy Point","b4640710-8e03-11d8-b956-b8a03c50a862","MCZ","Hassler Expedition",1872,"Animalia","Odontesthes",-70.87788,5292,-53.16117,"PreservedSpecimen","Ich","16/3/1872-16/3/1872","18134","1872-03-16",NA,"Atherinopsidae","Odontesthes smitti (Lahille, 1929)","Pacific, Southeast",10,"adult",NA,"iDigBio",NA,NA,NA,NA,"6433ff33-ac9b-4790-899c-25a0898402d2","list(`dwc:identifiedBy` = c(""Bryan S. Dyer"", NA), `dwc:identificationRemarks` = c(""[MUSE DETERMINER: Dyer_BS/1995]"", ""[MUSE DETERMINER: ]""), `dwc:identificationVerificationStatus` = c(""migration"", ""migration""), coreid = c(""MCZ:Ich:18134"", ""MCZ:Ich:18134""), `dwc:identificationID` = c(""805110"", ""805111""), `dwc:scientificName` = c(""Odontesthes smitti"", ""Atherinichthys laticlavia""))"
"MCZ:Ich:18136","off Straits of Magellan, Sandy Point","b4640710-8e03-11d8-b956-b8a03c50a862","MCZ","Hassler Expedition",1872,"Animalia","Odontesthes",-70.87788,5292,-53.16117,"PreservedSpecimen","Ich","16/3/1872-16/3/1872","18136","1872-03-16",NA,"Atherinopsidae","Odontesthes smitti (Lahille, 1929)","Pacific, Southeast",1,"adult",NA,"iDigBio",NA,NA,NA,NA,"e22b0ed1-1340-40ce-b8b0-ea7524c5a98e","list(`dwc:identifiedBy` = c(""Bryan S. Dyer"", NA), `dwc:identificationRemarks` = c(""[MUSE DETERMINER: Dyer_BS/1995]"", ""[MUSE DETERMINER: ]""), `dwc:identificationVerificationStatus` = c(""migration"", ""migration""), coreid = c(""MCZ:Ich:18136"", ""MCZ:Ich:18136""), `dwc:identificationID` = c(""805112"", ""805113""), `dwc:scientificName` = c(""Odontesthes smitti"", ""Atherinichthys laticlavia""))"
"MCZ:Ich:18137","off Straits of Magellan, Sandy Point","b4640710-8e03-11d8-b956-b8a03c50a862","MCZ","Hassler Expedition",1872,"Animalia","Odontesthes",-70.87788,5292,-53.16117,"PreservedSpecimen","Ich","16/3/1872-16/3/1872","18137","1872-03-16",NA,"Atherinopsidae","Odontesthes smitti (Lahille, 1929)","Pacific, Southeast",11,"adult",NA,"iDigBio",NA,NA,NA,NA,"e36661a9-104f-436b-b0ef-a7658d6429ee","list(`dwc:identifiedBy` = c(""Bryan S. Dyer"", NA), `dwc:identificationRemarks` = c(""[MUSE DETERMINER: Dyer_BS/1995]"", ""[MUSE DETERMINER: ]""), `dwc:identificationVerificationStatus` = c(""migration"", ""migration""), coreid = c(""MCZ:Ich:18137"", ""MCZ:Ich:18137""), `dwc:identificationID` = c(""805114"", ""805115""), `dwc:scientificName` = c(""Odontesthes smitti"", ""Atherinichthys laticlavia""))"
"http://n2t.net/ark:/65665/3464f9eac-305d-488e-b987-17740e201584","Sandy Point (Punta Arenas), Straits of Magellan.","urn:lsid:biocol.org:col:34871","USNM",NA,1887,"Animalia","Austromenidia",-70.92,NA,-53.17,"PreservedSpecimen","FISH","1887 00 00 - 1888 00 00","USNM 77298","1887/1888","urn:uuid:09c9cf5f-f5d3-48cc-b5c8-cd9b9fbd631f","Atherinopsidae","Austromenidia nigricans","South Pacific Ocean",1,NA,NA,"iDigBio; NMNH Extant Biology",NA,NA,NA,NA,"7d3d7686-81de-4d56-979a-716977b66998","NULL"
"http://n2t.net/ark:/65665/371b3212f-ded5-4902-a4cc-316509090a03","Gregory Bay, Straits of Magellan.","urn:lsid:biocol.org:col:34871","USNM",NA,1888,"Animalia","Austromenidia",-70.33,NA,-52.67,"PreservedSpecimen","FISH","1888 Jan 00 - 1888 Feb 00","USNM 77300","1888-01/1888-02","urn:uuid:09c9cf5f-f5d3-48cc-b5c8-cd9b9fbd631f","Atherinopsidae","Austromenidia nigricans","South Pacific Ocean",1,NA,NA,"iDigBio; NMNH Extant Biology",NA,NA,NA,NA,"d3a7a32a-6fb3-4dac-8420-f6e6826b8236","NULL"
"urn:catalog:CAS:ICH:44702","Peulta, Lake Todos Los Santos","http://grscicoll.org/institution/california-academy-sciences","CAS","Eigenmann, Carl H.",1919,"Animalia","Cauque",-72.021984,946,-41.085732,"PreservedSpecimen","ICH",NA,"44702","1919-02-27","http://grscicoll.org/institutional-collection/cas-ichthyology","Atherinopsidae","Cauque mauleanum",NA,6,NA,NA,"iDigBio",NA,NA,NA,NA,"70b52633-d208-410b-86fd-ae7384a43dcd","NULL"
"http://n2t.net/ark:/65665/321061804-36be-4b57-905e-7475226b6fa1","Chile, Castro","urn:lsid:biocol.org:col:34871","USNM",NA,1945,"Animalia","Odontesthes",-72.77,NA,-42.48,"PreservedSpecimen","FISH","1945 Jan 20 - 0000 00 00","USNM 176559","1945-01-20","urn:uuid:09c9cf5f-f5d3-48cc-b5c8-cd9b9fbd631f","Atherinopsidae","Odontesthes","South Pacific Ocean",88,NA,NA,"iDigBio; NMNH Extant Biology",NA,NA,NA,NA,"3c0a06f7-526f-43ba-a378-657674ee218c","NULL"
"http://n2t.net/ark:/65665/36102ecb3-173d-4bcc-8f7b-b63d3aeb48c2","Chile, Castro","urn:lsid:biocol.org:col:34871","USNM",NA,1945,"Animalia","Odontesthes",-72.77,NA,-42.48,"PreservedSpecimen","FISH","1945 Jan 20 - 0000 00 00","USNM 176568","1945-01-20","urn:uuid:09c9cf5f-f5d3-48cc-b5c8-cd9b9fbd631f","Atherinopsidae","Odontesthes","South Pacific Ocean",22,NA,NA,"iDigBio; NMNH Extant Biology",NA,NA,NA,NA,"f9360bab-15b7-42d2-95d8-ca86e01bcab5","NULL"
"http://n2t.net/ark:/65665/3c9bdf3bc-f24e-4dec-a934-e42255c1dfba","Chile, Tictoc Bay","urn:lsid:biocol.org:col:34871","USNM","Derris",1945,"Animalia","Odontesthes",-73,NA,-43.62,"PreservedSpecimen","FISH","1945 Jan 24 - 0000 00 00","USNM 176502","1945-01-24","urn:uuid:09c9cf5f-f5d3-48cc-b5c8-cd9b9fbd631f","Atherinopsidae","Odontesthes","South Pacific Ocean",6,NA,NA,"iDigBio; NMNH Extant Biology",NA,NA,NA,NA,"da4664d3-f5a6-4e86-a119-e46e5c16c14f","NULL"
"http://n2t.net/ark:/65665/3aaed69e8-39af-4416-908b-d5ec273c439c","Chile, Quellon (Chiloe Island)","urn:lsid:biocol.org:col:34871","USNM",NA,1945,"Animalia","Austromenidia",-73.62,NA,-43.13,"PreservedSpecimen","FISH","1945 Feb 02 - 1945 Feb 03","USNM 176552","1945-02-02/1945-02-03","urn:uuid:09c9cf5f-f5d3-48cc-b5c8-cd9b9fbd631f","Atherinopsidae","Austromenidia","South Pacific Ocean",15,NA,NA,"iDigBio; NMNH Extant Biology",NA,NA,NA,NA,"869e57d8-c089-4514-9595-40a83ee73d8d","NULL"
"http://n2t.net/ark:/65665/3db2cd0c0-540d-45c5-bf06-ed969c0984e8","Chile, Archao, Chiloe Island, Chiloe Bay","urn:lsid:biocol.org:col:34871","USNM",NA,1945,"Animalia","Odontesthes",-73.5,NA,-42.47,"PreservedSpecimen","FISH","1945 Feb 05 - 0000 00 00","USNM 176484","1945-02-05","urn:uuid:09c9cf5f-f5d3-48cc-b5c8-cd9b9fbd631f","Atherinopsidae","Odontesthes","South Pacific Ocean, Chiloe Bay",10,NA,NA,"iDigBio; NMNH Extant Biology",NA,NA,NA,NA,"a2fb7b93-2594-4d46-951f-c4fa18eb2224","NULL"
"9dad17d9-752e-4798-a466-3768051e6c41","Punta Arenas, on beach","https://scientific-collections.gbif.org/institution/2fc908ba-e775-49e2-bffe-6b9041c3b70f","LACM","John Fitch",1966,"Animalia","Atherinidae",-70.9,NA,-53.15,"PreservedSpecimen","Fish",NA,"44141.001","1966-03-26","https://scientific-collections.gbif.org/collection/439095a6-e9e0-412b-b770-2a9200251977","Atherinidae","Atherinidae","Eastern Pacific",1,NA,NA,"iDigBio; LACM Vertebrates",NA,"individuals",NA,"1","70c73d5e-1635-4450-8e1c-ea9f3c7304af","NULL"
"http://n2t.net/ark:/65665/3bd24d148-0689-4a2b-882a-cb70ca190abe","500 meters off Punta Tern, in canal Whiteside, Isla Dawson, Chile.","urn:lsid:biocol.org:col:34871","USNM",NA,1969,"Animalia","Austromenidia",-70.4,NA,-53.83,"PreservedSpecimen","FISH","1969 May 03 - 0000 00 00","USNM 305673","1969-05-03","urn:uuid:09c9cf5f-f5d3-48cc-b5c8-cd9b9fbd631f","Atherinopsidae","Austromenidia smitti","South Pacific Ocean",6,NA,NA,"iDigBio; NMNH Extant Biology",NA,NA,NA,NA,"9537881e-5f36-48e3-afe8-2427ab561a0a","NULL"
"daaaa010-2911-4dee-90d1-57bb6da0b964","Punta Arenas, fish market (ex. Coop. Pescadores), Prov. Magallanes, XII Region; Straits of Magellan",NA,"UMMZ","B.S. Dyer and party",1990,NA,"Odontesthes",-71.6833333,NA,-53.0833333,"PreservedSpecimen","ummz_fish",NA,"218448","1990-01-19",NA,"Atherinidae","Odontesthes",NA,NA,NA,NA,"iDigBio; Fish","bought",NA,NA,NA,"bdd76988-5b52-40a3-8935-da55d5d7f219","NULL"
"5d7ec756-68f1-459f-8ea3-0f66972a6675","Lago Cochrane, Prov. Capitan Prat, XI Region; Rio Baker drainage",NA,"UMMZ","BS Dyer, and A Ormeno",1990,NA,"Odontesthes",-72.25,NA,-47.25,"PreservedSpecimen","ummz_fish",NA,"218450","1990-01-27",NA,"Atherinidae","Odontesthes",NA,NA,NA,NA,"iDigBio; Fish","Bag seine",NA,NA,NA,"30bd9d8f-061c-4c63-a393-5b637f625293","NULL"
"3dde06a8-3272-4aab-ac02-226f95fdf9da","Lago Cochrane, approximately 1 km East of Rancho 'La Gauchita' (Mondelo family) at Pescadero de Las Truchas, a *",NA,"UMMZ","BS Dyer, and A Ormeno",1990,NA,"Odontesthes",-72.25,NA,-47.25,"PreservedSpecimen","ummz_fish",NA,"218449","1990-01-27",NA,"Atherinidae","Odontesthes",NA,NA,NA,NA,"iDigBio; Fish","gill net",NA,NA,NA,"d837d4a5-dd6a-41b6-837f-db30d76140e6","NULL"
"d228542f-f228-46fc-bcf4-1c7ddb2fc864","Laguna Esmeralda, about 5 km South of Cochrane on road to Puerto Yungay, Prov. Capitan Prat, XI Region; Rio Baker dr.",NA,"UMMZ","BS Dyer, and C Ormeno",1990,NA,"Odontesthes",-72.6,NA,-47.3333333,"PreservedSpecimen","ummz_fish",NA,"218452","1990-01-28",NA,"Atherinidae","Odontesthes",NA,NA,NA,NA,"iDigBio; Fish","gill net",NA,NA,NA,"5d9314c4-ee94-48e7-8499-e60bd798b7b2","NULL"
"39d07435-7a5b-48cc-9c2c-7c30c7fb2fc5","Puerto Chacabuco, Aysen, XI Region",NA,"UMMZ","BS Dyer and party (from Friosur freezer)",1990,NA,"Odontesthes",-72.819134,NA,-45.463093,"PreservedSpecimen","ummz_fish",NA,"218607","1990-02-01",NA,"Atherinidae","Odontesthes",NA,NA,NA,NA,"iDigBio; Fish",NA,NA,NA,NA,"af07f0ca-a1c9-4904-a170-f01d91bb0201","NULL"
"a6453ec9-6d6b-45f7-8e87-26b60f54e182","Quitrako Fjord, close to Skorpios Thermal Baths, Prov. Aysen, XI Region; Pacific drainage",NA,"UMMZ","Fishermen for M/N Skorpios",1990,NA,"Odontesthes",-73.1666667,NA,-45.5333333,"PreservedSpecimen","ummz_fish",NA,"218453","1990-02-05",NA,"Atherinidae","Odontesthes",NA,NA,NA,NA,"iDigBio; Fish","gill net;'medialuna'",NA,NA,NA,"42a3e260-1fca-4dff-a64e-0aa7242aa1af","NULL"
"54b37374-8204-4ca1-aa6f-b9e20203aeb3","Punta Peuque, opposite Rauco, Seno de Castro, Prov. Chiloe, X Region",NA,"UMMZ","Fishermen, Castro",1990,NA,"Odontesthes",-73.7666667,NA,-42.55,"PreservedSpecimen","ummz_fish",NA,"218455","1990-02-08",NA,"Atherinidae","Odontesthes",NA,NA,NA,NA,"iDigBio; Fish","gill net",NA,NA,NA,"42a1a551-b56d-4705-b1a6-8251825cce09","NULL"
"70e83311-ce23-4fd8-a08a-560015ddfe7a","Castro, at port, Prov. Chiloe, X Region, Pacific Region",NA,"UMMZ","BS Dyer (on board of M/N Skorpios)",1990,NA,"Odontesthes",-73.7666667,NA,-42.4833333,"PreservedSpecimen","ummz_fish",NA,"218456","1990-02-08",NA,"Atherinidae","Odontesthes",NA,NA,NA,NA,"iDigBio; Fish","hook and line",NA,NA,NA,"e4f92bd2-fef2-45ce-aa8e-578fb7c86d25","NULL"
"9a06c6a1-c09a-4e03-9496-8c1bea2c0199",NA,NA,"AM","Beheregaray, B. Luciano|Macquarie University",1997,"Animalia",NA,-72.93694,10000,-41.47166,"PRESERVED_SPECIMEN","Ichthyology",NA,"I.44107-001","1997-08-14",NA,"Atherinidae","ATHERINIDAE",NA,NA,NA,NA,"iDigBio","unknown",NA,NA,NA,"0c45e2ad-8eb7-403f-9d74-f5eb609b70bf","NULL"
"urn:uuid:96497589-0d35-4e90-9efb-888b30c95e48","Brunswick Peninsula: Punta Arenas Fish Market",NA,"YPM","Kristen L. Kuhn, Jon A. Moore, Jillian N. Pennington",2009,"Animalia","Odontesthes",-70.890239,5292,-53.158695,"PreservedSpecimen","VZ",NA,"YPM ICH 022629.002","2009-02-04",NA,"Atherinidae","Odontesthes regia",NA,1,NA,NA,"iDigBio",NA,NA,NA,NA,"4fee3f2a-3917-4e23-9557-4f81addc1c24","NULL"
"urn:uuid:e4bbdc9e-c32e-4a50-81a2-97a04338145d","Brunswick Peninsula: Punta Arenas Fish Market",NA,"YPM","Kristen L. Kuhn, Jon A. Moore, Jillian N. Pennington",2009,"Animalia","Odontesthes",-70.890239,5292,-53.158695,"PreservedSpecimen","VZ",NA,"YPM ICH 022629.001","2009-02-04",NA,"Atherinidae","Odontesthes regia",NA,1,NA,NA,"iDigBio",NA,NA,NA,NA,"e1001f35-549e-4807-9b00-fd12a82e9a20","NULL"
"urn:catalog:CAS:SU(ICH):22734","Laredo Bay.","http://grscicoll.org/institution/california-academy-sciences","CAS","U.S. Fish Commission",NA,"Animalia","Austromenidia",-70.792139,2333,-52.968576,"PreservedSpecimen","SU(ICH)",NA,"22734",NA,"http://grscicoll.org/institutional-collection/cas-ichthyology","Atherinopsidae","Austromenidia alburnus","Estrecho de Magallanes",3,NA,NA,"iDigBio",NA,NA,NA,NA,"03a46c70-d544-4a9a-93ba-d7c57a4822f5","NULL"
"urn:catalog:CAS:SU(ICH):22733","Straits of Magellan; Sandy Point.","http://grscicoll.org/institution/california-academy-sciences","CAS","U.S. Fish Commission",NA,"Animalia","Menidia",-70.877879,5292,-53.161165,"PreservedSpecimen","SU(ICH)",NA,"22733",NA,"http://grscicoll.org/institutional-collection/cas-ichthyology","Atherinopsidae","Menidia alburnus",NA,1,NA,NA,"iDigBio",NA,NA,NA,NA,"ed0734c0-faf8-4a35-b541-942fd451d54d","NULL"
"urn:catalog:CAS:ICH:69187","R. Pescado.","http://grscicoll.org/institution/california-academy-sciences","CAS","Eigenmann, Carl H.",1919,"Animalia","Cheirodon",-72.795213,9106,-41.253568,"PreservedSpecimen","ICH",NA,"69187","1919-03-10","http://grscicoll.org/institutional-collection/cas-ichthyology","Characidae","Cheirodon australe",NA,3,NA,NA,"iDigBio",NA,NA,NA,NA,"e8c7daa0-2f6a-4aaa-baf7-34b060225a4a","NULL"
"7f222413-e849-4f05-beaf-666942b069b5","Magellan Strait",NA,"NHMUK",NA,NA,NA,"Clupea",-69.8916667,NA,-52.6583333,"PreservedSpecimen","ZOO",NA,"1936.8.26.234-244",NA,NA,"Clupeidae","Clupea fuegensis Jenyns, 1842","Southeast Pacific Ocean, Southeast Pacific Ocean",11,NA,NA,"iDigBio",NA,NA,NA,NA,"4b748bb2-8928-4f55-8944-266479579fd1","NULL"
"http://n2t.net/ark:/65665/3abb64f63-e6b8-4874-b048-d60c6b38f0ff","Chile, Auellon (Chiloe Island)","urn:lsid:biocol.org:col:34871","USNM",NA,1945,"Animalia","Sprattus",-73.62,NA,-43.13,"PreservedSpecimen","FISH","1945 Feb 02 - 1945 Feb 03","USNM 176551","1945-02-02/1945-02-03","urn:uuid:09c9cf5f-f5d3-48cc-b5c8-cd9b9fbd631f","Clupeidae","Sprattus fuegensis","South Pacific Ocean",6,NA,NA,"iDigBio; NMNH Extant Biology",NA,NA,NA,NA,"84c87f86-9752-4db6-b24b-736577257816","NULL"
"aeac88df-07d4-4283-aa88-3c42f3270eca","Straits of Magellan","https://scientific-collections.gbif.org/institution/2fc908ba-e775-49e2-bffe-6b9041c3b70f","LACM","USNS Eltanin",1964,"Animalia","Clupeidae",-70.78,NA,-53.48,"PreservedSpecimen","Fish",NA,"57127.001","1964-02-15","https://scientific-collections.gbif.org/collection/439095a6-e9e0-412b-b770-2a9200251977","Clupeidae","Clupeidae","Southeastern Pacific",5,NA,NA,"iDigBio; LACM Vertebrates","Capture Method: Engine Room water strainer | Vessel: USNS Eltanin","individuals","Elt. 982","5","01536dda-1c11-4d92-85f9-83f8957dc45f","NULL"
"c38c22f0-2cab-47c7-b965-cddd87808346","Puerto Chacabuco, Aysen, XI Region",NA,"UMMZ","BS Dyer and party (from Friosur freezer)",1990,NA,"Clupea",-72.819134,NA,-45.463093,"PreservedSpecimen","ummz_fish",NA,"218608","1990-02-01",NA,"Clupeidae","Clupea",NA,NA,NA,NA,"iDigBio; Fish",NA,NA,NA,NA,"e3359209-29af-4e70-970f-86a3daf14d05","NULL"
"8e41ea54-eb9b-427f-8660-9b6573c33991","Gulf of Penas, Chile",NA,"NHMUK",NA,NA,NA,"Macrurus",-74.7833333,NA,-47.8083333,"PreservedSpecimen","ZOO",NA,"1887.12.7.73",NA,NA,"Macrouridae","Macrurus fasciatus Günther, 1878","Southeast Pacific Ocean",1,NA,"SYNTYPE","iDigBio","Trawl",NA,NA,NA,"81e72816-d6cd-4406-a0c1-21ef300445d6","NULL"
"5d10ba57-d6c8-41d8-8289-ce19ba532d0b","Gulf of Penas, Chile",NA,"NHMUK",NA,NA,NA,"Lotella",-74.7833333,NA,-47.8083333,"PreservedSpecimen","ZOO",NA,"1887.12.7.23-24",NA,NA,"Moridae","Lotella marginata Günther, 1878","Southeast Pacific Ocean",2,NA,"SYNTYPE(S)","iDigBio","Trawl",NA,NA,NA,"f0a4cdfe-8cd9-4893-ab33-7b1003fbeb5d","NULL"
"92c8ac43-d102-44b4-9e65-7a817aefe0ae","Messier Channel, Chile",NA,"NHMUK",NA,NA,NA,"Lotella",-74.3916667,NA,-49.4083333,"PreservedSpecimen","ZOO",NA,"1879.5.14.44",NA,NA,"Moridae","Lotella marginata Macleay, 1881","Southeast Pacific Ocean",1,NA,"SYNTYPE","iDigBio","Trawl",NA,NA,NA,"47705e91-3858-4d81-a22d-2d1816ebd554","NULL"
"f1f76bd9-886e-40b2-8b18-f9c476826691","Concepcion Channel, Chile",NA,"NHMUK",NA,NA,NA,"Lotella",-74.6833333,NA,-50.1416667,"PreservedSpecimen","ZOO",NA,"1890.2.26.136",NA,NA,"Moridae","Lotella marginata Macleay, 1881","Southeast Pacific Ocean",1,NA,"SYNTYPE","iDigBio","Trawl",NA,NA,NA,"5bb0f59f-d624-49d2-bf3a-ece22fceb2a0","NULL"
"64f82bdd-95fa-49ac-86e8-1f530e1f10f4","Concepcion Channel, Chile",NA,"NHMUK",NA,NA,NA,"Lotella",-74.6833333,NA,-50.1416667,"PreservedSpecimen","ZOO",NA,"1890.2.26.137",NA,NA,"Moridae","Lotella marginata Macleay, 1881","Southeast Pacific Ocean",1,NA,"SYNTYPE","iDigBio","Trawl",NA,NA,NA,"98a26b50-c231-4034-b84a-db251f05b501","NULL"
"6022ad75-c153-45ca-b289-e887583c91d0","Puerto Bueno",NA,"NHMUK",NA,NA,NA,"Macrurus",-74.25,NA,-50.9333333,"PreservedSpecimen","ZOO",NA,"1887.12.7.72",NA,NA,"Macrouridae","Macrurus fasciatus Günther, 1878","Southeast Pacific Ocean",2,NA,"SYNTYPE","iDigBio",NA,NA,NA,NA,"b5c4a585-3260-40e5-b14c-6f7896eb3836","NULL"
"a985f10f-8bbb-46cc-99b3-999107668073","South of Queen Adelaide Archipelago",NA,"NHMUK",NA,NA,NA,"Macrurus",-73.7666667,NA,-52.7583333,"PreservedSpecimen","ZOO",NA,"1898.12.30.1",NA,NA,"Macrouridae","Macrurus fasciatus Günther, 1878","Southeast Pacific Ocean",1,NA,"SYNTYPE","iDigBio","Trawl",NA,NA,NA,"83cdd4b4-e2af-46be-89aa-cd12dd568ff7","NULL"
"http://n2t.net/ark:/65665/30b496868-1b17-4b1b-9986-416d6becabd9","Port Churruca","urn:lsid:biocol.org:col:34871","USNM",NA,1888,"Animalia","Salilota",-73.87,NA,-53.1,"PreservedSpecimen","FISH","1888 Jan 00 - 1888 Feb 00","USNM 170837","1888-01/1888-02","urn:uuid:09c9cf5f-f5d3-48cc-b5c8-cd9b9fbd631f","Moridae","Salilota australis","South Pacific Ocean",1,NA,NA,"iDigBio; NMNH Extant Biology",NA,NA,NA,NA,"257bed01-2253-4363-b520-f191b8f4a51a","NULL"
"http://n2t.net/ark:/65665/377ff4f49-c5c3-44d3-a204-c769bbd80414","Off Chile, South America","urn:lsid:biocol.org:col:34871","USNM",NA,1888,"Animalia","Notophycis",-74.1417,NA,-51.0417,"PreservedSpecimen","FISH",NA,"USNM 77376","1888-02-06","urn:uuid:09c9cf5f-f5d3-48cc-b5c8-cd9b9fbd631f","Moridae","Notophycis marginata","South Pacific Ocean",2,NA,NA,"iDigBio; NMNH Extant Biology",NA,NA,NA,NA,"732d6e95-ee98-404c-b37d-314b2f0c413a","NULL"
"http://n2t.net/ark:/65665/3505f65a3-29cc-4b67-a9e8-8f999857e302","Off Chile, South America","urn:lsid:biocol.org:col:34871","USNM",NA,1888,"Animalia","Coelorinchus",-74.1417,NA,-51.0417,"PreservedSpecimen","FISH",NA,"USNM 77289","1888-02-06","urn:uuid:09c9cf5f-f5d3-48cc-b5c8-cd9b9fbd631f","Macrouridae","Coelorinchus fasciatus","South Pacific Ocean",2,NA,NA,"iDigBio; NMNH Extant Biology",NA,NA,NA,NA,"7638881c-e603-4fe6-b7b7-8dc0557f3a4a","NULL"
"urn:catalog:CAS:SU(ICH):23006","Between Wellington Island and mainland.","http://grscicoll.org/institution/california-academy-sciences","CAS","U.S. Fish Commission",1888,"Animalia","Coelorinchus",-74.4,NA,-48.683333,"PreservedSpecimen","SU(ICH)",NA,"23006","1888-02-08","http://grscicoll.org/institutional-collection/cas-ichthyology","Macrouridae","Coelorinchus fasciatus",NA,3,NA,NA,"iDigBio","large beam trawl",NA,NA,NA,"6586dc43-034d-4cfe-9a96-725e2b75a55d","NULL"
"http://n2t.net/ark:/65665/30579ca0b-1325-4f59-9f2d-d37e9c8c5880","Off Chile, South America","urn:lsid:biocol.org:col:34871","USNM",NA,1888,"Animalia","Coelorinchus",-74.4,NA,-48.6833,"PreservedSpecimen","FISH",NA,"USNM 77290","1888-02-08","urn:uuid:09c9cf5f-f5d3-48cc-b5c8-cd9b9fbd631f","Macrouridae","Coelorinchus fasciatus","South Pacific Ocean",3,NA,NA,"iDigBio; NMNH Extant Biology",NA,NA,NA,NA,"a0d28c82-e834-4bf7-b1b8-bd4a744d611b","NULL"
"http://n2t.net/ark:/65665/38daca310-2990-4dbb-a8bc-fea37f331d83","Off Chile, South America","urn:lsid:biocol.org:col:34871","USNM",NA,1888,"Animalia","Coelorhynchus",-74.4,NA,-48.6833,"PreservedSpecimen","FISH",NA,"USNM 76862","1888-02-08","urn:uuid:09c9cf5f-f5d3-48cc-b5c8-cd9b9fbd631f","Macrouridae","Coelorhynchus patagoniae","South Pacific Ocean",1,NA,"Holotype","iDigBio; NMNH Extant Biology",NA,NA,NA,NA,"e2601e44-8c02-4f0a-a779-2424149f45eb","NULL"
"3404522f-6141-4402-8aa4-b289bf867ad0","Punta Bueno (Pacific Ocean)",NA,"UMMZ","RL Fricke on 'Vagabondia'",1936,NA,"Salilota",-72.375043,NA,-53.568279,"PreservedSpecimen","ummz_fish",NA,"215343","1936-03-13",NA,"Moridae","Salilota",NA,NA,NA,NA,"iDigBio; Fish",NA,NA,NA,NA,"995bb027-a280-46f8-8072-ce12c184f47f","NULL"
"http://n2t.net/ark:/65665/32b1bcca8-8c0b-4ce2-bcec-64d08658deaa","Chile, Castro","urn:lsid:biocol.org:col:34871","USNM","B. Knake & J. Westman",1945,"Animalia","Merluccius",-72.77,NA,-42.48,"PreservedSpecimen","FISH","1945 Jan 21 - 0000 00 00","USNM 157765","1945-01-21","urn:uuid:09c9cf5f-f5d3-48cc-b5c8-cd9b9fbd631f","Merlucciidae","Merluccius polylepis","South Pacific Ocean",1,NA,"Paratype","iDigBio; NMNH Extant Biology",NA,NA,NA,NA,"3217b2a0-4661-4214-9035-5d2cc85aaf2e","NULL"
"http://n2t.net/ark:/65665/3574eb02d-8830-4931-a5ff-274779e194c0","Chile, Puerto Auchemo","urn:lsid:biocol.org:col:34871","USNM","B. Knake & J. Westman",1945,"Animalia","Merluccius",-72.83,NA,-43.025,"PreservedSpecimen","FISH","1945 Jan 22 - 0000 00 00","USNM 157766","1945-01-22","urn:uuid:09c9cf5f-f5d3-48cc-b5c8-cd9b9fbd631f","Merlucciidae","Merluccius polylepis","South Pacific Ocean",2,NA,"Paratype","iDigBio; NMNH Extant Biology",NA,NA,NA,NA,"092386ad-2d6d-4b85-b460-1ff67e070221","NULL"
"http://n2t.net/ark:/65665/3cfbe60a7-9036-4e31-ad00-6ad145f3a5ea","Chile, Castro","urn:lsid:biocol.org:col:34871","USNM","B. Knake & J. Westman",1945,"Animalia","Merluccius",-72.77,NA,-42.48,"PreservedSpecimen","FISH","1945 Jan 22 - 0000 00 00","USNM 157764","1945-01-22","urn:uuid:09c9cf5f-f5d3-48cc-b5c8-cd9b9fbd631f","Merlucciidae","Merluccius polylepis","South Pacific Ocean",1,NA,"Type","iDigBio; NMNH Extant Biology",NA,NA,NA,NA,"1e8087e1-60ca-4179-b235-0aa6f26a76ea","NULL"
"84bddc5d-86fa-4448-8a11-5c66406edcc2","Strait of Magellan","https://scientific-collections.gbif.org/institution/2fc908ba-e775-49e2-bffe-6b9041c3b70f","LACM","USNS Eltanin",1966,"Animalia","Coelorinchus",-74.08,NA,-52.88,"PreservedSpecimen","Fish",NA,"11158.004","1966-04-01","https://scientific-collections.gbif.org/collection/439095a6-e9e0-412b-b770-2a9200251977","Macrouridae","Coelorinchus fasciatus","South Pacific",8,NA,NA,"iDigBio; LACM Vertebrates","Capture Method: 5' blake trawl | Vessel: USNS Eltanin","individuals","Elt. 1605","8","9c53f80d-3aaa-4c4d-85cf-2f42b16eef28","NULL"
"http://n2t.net/ark:/65665/3bd63d13a-049a-460f-ac4c-ab676456da45","Near Castro, Chile","urn:lsid:biocol.org:col:34871","USNM",NA,1967,"Animalia","Macruronus",-73.48,NA,-42.55,"PreservedSpecimen","FISH","1967 Oct 01 - 0000 00 00","USNM 226665","1967-10-01","urn:uuid:09c9cf5f-f5d3-48cc-b5c8-cd9b9fbd631f","Merlucciidae","Macruronus magellanicus","South Pacific Ocean",1,NA,NA,"iDigBio; NMNH Extant Biology",NA,NA,NA,NA,"e553cca8-0803-4943-a2ad-23edcb370863","NULL"
"http://n2t.net/ark:/65665/384bf1145-b2f7-4e90-a1c6-1736605b8bb6","Golfo de Ancud, Chile","urn:lsid:biocol.org:col:34871","USNM",NA,1967,"Animalia","Salilota",-72.95,NA,-42.3,"PreservedSpecimen","FISH","1967 Oct 10 - 0000 00 00","USNM 227654","1967-10-10","urn:uuid:09c9cf5f-f5d3-48cc-b5c8-cd9b9fbd631f","Moridae","Salilota australis","South Pacific Ocean",1,NA,NA,"iDigBio; NMNH Extant Biology",NA,NA,NA,NA,"e792a1a4-4370-4b11-bbc4-b754f3de8588","NULL"
"http://n2t.net/ark:/65665/38dddad41-7bb2-49ac-801c-5449d9da848e","500 meters off Punta Tern, in canal Whiteside, Isla Dawson, Chile.","urn:lsid:biocol.org:col:34871","USNM",NA,1969,"Animalia","Salilota",-70.4,NA,-53.83,"PreservedSpecimen","FISH","1969 May 03 - 0000 00 00","USNM 227653","1969-05-03","urn:uuid:09c9cf5f-f5d3-48cc-b5c8-cd9b9fbd631f","Moridae","Salilota australis","South Pacific Ocean",1,NA,NA,"iDigBio; NMNH Extant Biology",NA,NA,NA,NA,"714cbd22-0b28-422a-a716-1083a4acaeb0","NULL"
"f664e86c-42e7-48d8-b3dc-f8808ab0f785","Punta Millabu, fjord at stream mouth","http://biocol.org/urn:lsid:biocol.org:col:14844","SIO","JR Jehl",1970,"Animalia","Macruronus",-74.6336667,NA,-45.7003333,"PreservedSpecimen","Marine Vertebrates","29May1970","70-291","1970-05-29",NA,"Merlucciidae","Macruronus magellanicus","South Pacific Ocean",NA,NA,NA,"iDigBio",NA,NA,NA,NA,"83172b1e-b3e8-4c0a-a7c4-ee28529c54ab","NULL"
"urn:catalog:CAS:SU(ICH):13382","Otter Bay, Smyth Channel","http://grscicoll.org/institution/california-academy-sciences","CAS","U.S. Fish Commission",NA,"Animalia","Salilota",-73.614482,10908,-52.202849,"PreservedSpecimen","SU(ICH)",NA,"13382",NA,"http://grscicoll.org/institutional-collection/cas-ichthyology","Moridae","Salilota australis",NA,1,NA,NA,"iDigBio",NA,NA,NA,NA,"23826f3d-b1fa-4be2-8e3a-09491041d9cc","NULL"
"urn:catalog:CAS:SU(ICH):13383","Otter Bay, Smyth Channel","http://grscicoll.org/institution/california-academy-sciences","CAS","U.S. Fish Commission",NA,"Animalia","Salilota",-73.614482,10908,-52.202849,"PreservedSpecimen","SU(ICH)",NA,"13383",NA,"http://grscicoll.org/institutional-collection/cas-ichthyology","Moridae","Salilota australis",NA,1,NA,NA,"iDigBio",NA,NA,NA,NA,"c3fed8e4-308e-45e8-bc98-032402460c34","NULL"
"http://n2t.net/ark:/65665/30541ef5e-481d-4c15-bc7a-04914e166d1b","Orange Harbor (Tierra Del Fuego)","urn:lsid:biocol.org:col:34871","USNM",NA,1838,"Animalia","Patagonotothen",-68.17,NA,-55.5,"PreservedSpecimen","FISH","1838 00 00 - 1842 00 00","USNM 83189","1838/1842","urn:uuid:09c9cf5f-f5d3-48cc-b5c8-cd9b9fbd631f","Nototheniidae","Patagonotothen tessellata","South Pacific Ocean",2,NA,NA,"iDigBio; NMNH Extant Biology",NA,NA,NA,NA,"5ec56e4b-349c-4dd7-a6d2-6cf6a2d81a08","NULL"
"http://n2t.net/ark:/65665/339890fc6-0202-46ee-8cb0-6891d2823af6","Orange Harbor (Tierra Del Fuego)","urn:lsid:biocol.org:col:34871","USNM",NA,1838,"Animalia","Patagonotothen",-68.17,NA,-55.5,"PreservedSpecimen","FISH","1838 00 00 - 1842 00 00","USNM 83191","1838/1842","urn:uuid:09c9cf5f-f5d3-48cc-b5c8-cd9b9fbd631f","Nototheniidae","Patagonotothen tessellata","South Pacific Ocean",3,NA,NA,"iDigBio; NMNH Extant Biology",NA,NA,NA,NA,"90c6abd6-aff7-4301-8265-932501f11570","NULL"
"http://n2t.net/ark:/65665/34f054ead-6256-4371-a2e1-c496d1a271c8","Orange Harbor (Tierra Del Fuego)","urn:lsid:biocol.org:col:34871","USNM",NA,1838,"Animalia","Patagonotothen",-68.17,NA,-55.5,"PreservedSpecimen","FISH","1838 00 00 - 1842 00 00","USNM 83184","1838/1842","urn:uuid:09c9cf5f-f5d3-48cc-b5c8-cd9b9fbd631f","Nototheniidae","Patagonotothen tessellata","South Pacific Ocean",1,NA,NA,"iDigBio; NMNH Extant Biology",NA,NA,NA,NA,"e0a3dea1-dde4-4ff8-a6a4-2f3f2a69192c","NULL"
"http://n2t.net/ark:/65665/343682bf2-893b-409c-afa7-266bb887b7f5","Orange Harbor (Tierra Del Fuego)","urn:lsid:biocol.org:col:34871","USNM",NA,1838,"Animalia","Patagonotothen",-68.17,NA,-55.5,"PreservedSpecimen","FISH","1838 00 00 - 1842 00 00","USNM 83188","1838/1842","urn:uuid:09c9cf5f-f5d3-48cc-b5c8-cd9b9fbd631f","Nototheniidae","Patagonotothen tessellata","South Pacific Ocean",1,NA,NA,"iDigBio; NMNH Extant Biology",NA,NA,NA,NA,"f4df04ae-b73a-400e-8dba-c5ca8c9ef672","NULL"
"http://n2t.net/ark:/65665/33a830d33-7a37-4707-9839-4becd11e32f1","Orange Harbor (Tierra Del Fuego)","urn:lsid:biocol.org:col:34871","USNM",NA,1838,"Animalia","Patagonotothen",-68.17,NA,-55.5,"PreservedSpecimen","FISH","1838 00 00 - 1842 00 00","USNM 83187","1838/1842","urn:uuid:09c9cf5f-f5d3-48cc-b5c8-cd9b9fbd631f","Nototheniidae","Patagonotothen tessellata","South Pacific Ocean",2,NA,NA,"iDigBio; NMNH Extant Biology",NA,NA,NA,NA,"fee63b96-71f7-477a-b229-e56810e7b8da","NULL"
"MCZ:Ich:12840","off Straits of Magellan, Sandy Point","b4640710-8e03-11d8-b956-b8a03c50a862","MCZ","Hassler Expedition",1872,"Animalia","Notothenia",-70.87788,5292,-53.16117,"PreservedSpecimen","Ich","16/3/1872-16/3/1872","12840","1872-03-16",NA,"Nototheniidae","Notothenia tessellata Richardson, 1845","Pacific, Southeast",27,"adult",NA,"iDigBio",NA,NA,NA,NA,"34692579-98f8-4de6-90b8-af95281a5f80","list(`dwc:identifiedBy` = ""Ledger"", `dwc:identificationRemarks` = ""[MUSE DETERMINER: Ledger/1994]"", `dwc:identificationVerificationStatus` = ""migration"", coreid = ""MCZ:Ich:12840"", `dwc:identificationID` = ""797512"", `dwc:scientificName` = ""Notothenia tessellata"")"
"MCZ:Ich:12841","off Straits of Magellan, Sandy Point","b4640710-8e03-11d8-b956-b8a03c50a862","MCZ","Hassler Expedition",1872,"Animalia","Notothenia",-70.87788,5292,-53.16117,"PreservedSpecimen","Ich","16/3/1872-16/3/1872","12841","1872-03-16",NA,"Nototheniidae","Notothenia tessellata Richardson, 1845","Pacific, Southeast",20,"adult",NA,"iDigBio",NA,NA,NA,NA,"700b03e4-d215-4e34-b8a3-81e92ec8f104","list(`dwc:identifiedBy` = ""Ledger"", `dwc:identificationRemarks` = ""[MUSE DETERMINER: Ledger/1994]"", `dwc:identificationVerificationStatus` = ""migration"", coreid = ""MCZ:Ich:12841"", `dwc:identificationID` = ""797513"", `dwc:scientificName` = ""Notothenia tessellata"")"
"MCZ:Ich:12455","Sholl Bay","b4640710-8e03-11d8-b956-b8a03c50a862","MCZ","Hassler Expedition",1872,"Animalia","Austrolycus",-73.87828,1595,-52.74672,"PreservedSpecimen","Ich","21/3/1872-21/3/1872","12455","1872-03-21",NA,"Zoarcidae","Austrolycus depressiceps Regan, 1913","Pacific, Southeast",1,"adult",NA,"iDigBio",NA,NA,NA,NA,"172d3bb1-3acd-4488-b600-0708e82713c1","list(`dwc:identifiedBy` = c(""M. Eric Anderson"", NA), `dwc:identificationRemarks` = c(""[MUSE DETERMINER: Anderson_ME/1981]"", ""[MUSE DETERMINER: ]""), `dwc:identificationVerificationStatus` = c(""migration"", ""migration""), coreid = c(""MCZ:Ich:12455"", ""MCZ:Ich:12455""), `dwc:identificationID` = c(""799716"", ""799717""), `dwc:scientificName` = c(""Austrolycus depressiceps"", ""Lycodes lititans""))"
"MCZ:Ich:12850","Sholl Bay","b4640710-8e03-11d8-b956-b8a03c50a862","MCZ","Hassler Expedition",1872,"Animalia","Notothenia",-73.87828,1595,-52.74672,"PreservedSpecimen","Ich","21/3/1872-21/3/1872","12850","1872-03-21",NA,"Nototheniidae","Notothenia hassleri","Pacific, Southeast",1,"adult",NA,"iDigBio",NA,NA,NA,NA,"1a7ddd76-58e4-4c9f-bec9-a17382d6315e","list(`dwc:identifiedBy` = ""Cards"", `dwc:identificationRemarks` = ""[MUSE DETERMINER: Cards]"", `dwc:identificationVerificationStatus` = ""migration"", coreid = ""MCZ:Ich:12850"", `dwc:identificationID` = ""797522"", `dwc:scientificName` = ""Notothenia hassleri"")"
"MCZ:Ich:12852","Sholl Bay","b4640710-8e03-11d8-b956-b8a03c50a862","MCZ","Hassler Expedition",1872,"Animalia","Notothenia",-73.87828,1595,-52.74672,"PreservedSpecimen","Ich","21/3/1872-21/3/1872","12852","1872-03-21",NA,"Nototheniidae","Notothenia cornucola Richardson, 1844","Pacific, Southeast",2,"adult",NA,"iDigBio",NA,NA,NA,NA,"5cc65ed6-a461-4719-b44a-a51c625cc04c","list(`dwc:identifiedBy` = ""Cards"", `dwc:identificationRemarks` = ""[MUSE DETERMINER: Cards]"", `dwc:identificationVerificationStatus` = ""migration"", coreid = ""MCZ:Ich:12852"", `dwc:identificationID` = ""797524"", `dwc:scientificName` = ""Notothenia cornucola"")"
"MCZ:Ich:12910","Sholl Bay","b4640710-8e03-11d8-b956-b8a03c50a862","MCZ","Hassler Expedition",1872,"Animalia","Eleginops",-73.87828,1595,-52.74672,"PreservedSpecimen","Ich","21/3/1872-21/3/1872","12910","1872-03-21",NA,"Nototheniidae","Eleginops maclovinus (Cuvier, 1830)","Pacific, Southeast",3,"adult",NA,"iDigBio",NA,NA,NA,NA,"5e70ddeb-6b35-417d-9927-020d983d3fd5","list(`dwc:identifiedBy` = c(""Cards"", NA), `dwc:identificationRemarks` = c(""[MUSE DETERMINER: Cards]"", ""[MUSE DETERMINER: ]""), `dwc:identificationVerificationStatus` = c(""migration"", ""migration""), coreid = c(""MCZ:Ich:12910"", ""MCZ:Ich:12910""), `dwc:identificationID` = c(""797592"", ""797593""), `dwc:scientificName` = c(""Eleginops maclovinus"", ""Eleginus maclovinus""))"
"MCZ:Ich:12847","Port Gallant","b4640710-8e03-11d8-b956-b8a03c50a862","MCZ","Hassler Expedition",1872,"Animalia","Notothenia",-71.9416,5568,-53.71155,"PreservedSpecimen","Ich","21/3/1872-21/3/1872","12847","1872-03-21",NA,"Nototheniidae","Notothenia tessellata Richardson, 1845","Pacific, Southeast",4,"adult",NA,"iDigBio",NA,NA,NA,NA,"6a6dc83c-66ac-4d24-aaf4-6bc9086c6a0c","list(`dwc:identifiedBy` = ""Cards"", `dwc:identificationRemarks` = ""[MUSE DETERMINER: Cards]"", `dwc:identificationVerificationStatus` = ""migration"", coreid = ""MCZ:Ich:12847"", `dwc:identificationID` = ""797519"", `dwc:scientificName` = ""Notothenia tessellata"")"
"MCZ:Ich:12811","Sholl Bay","b4640710-8e03-11d8-b956-b8a03c50a862","MCZ","Hassler Expedition",1872,"Animalia","Harpagifer",-73.87828,1595,-52.74672,"PreservedSpecimen","Ich","21/3/1872-21/3/1872","12811","1872-03-21",NA,"Harpagiferidae","Harpagifer bispinis (Forster, 1801)","Pacific, Southeast",4,"juvenile",NA,"iDigBio",NA,NA,NA,NA,"97e30d18-6165-49b6-853d-adacef54431c","list(`dwc:identifiedBy` = ""Cards"", `dwc:identificationRemarks` = ""[MUSE DETERMINER: Cards]"", `dwc:identificationVerificationStatus` = ""migration"", coreid = ""MCZ:Ich:12811"", `dwc:identificationID` = ""797476"", `dwc:scientificName` = ""Harpagifer bispinis"")"
"MCZ:Ich:12851","Sholl Bay","b4640710-8e03-11d8-b956-b8a03c50a862","MCZ","Hassler Expedition",1872,"Animalia","Notothenia",-73.87828,1595,-52.74672,"PreservedSpecimen","Ich","21/3/1872-21/3/1872","12851","1872-03-21",NA,"Nototheniidae","Notothenia cornucola Richardson, 1844","Pacific, Southeast",1,"adult",NA,"iDigBio",NA,NA,NA,NA,"9c53a840-b4ba-4917-9c89-4d422a8ffb5f","list(`dwc:identifiedBy` = ""Cards"", `dwc:identificationRemarks` = ""[MUSE DETERMINER: Cards]"", `dwc:identificationVerificationStatus` = ""migration"", coreid = ""MCZ:Ich:12851"", `dwc:identificationID` = ""797523"", `dwc:scientificName` = ""Notothenia cornucola"")"
"MCZ:Ich:34619","Sholl Bay","b4640710-8e03-11d8-b956-b8a03c50a862","MCZ","Hassler Expedition",1872,"Animalia","Austrolycus",-73.87828,1595,-52.74672,"PreservedSpecimen","Ich","21/3/1872-21/3/1872","34619","1872-03-21",NA,"Zoarcidae","Austrolycus depressiceps Regan, 1913","Pacific, Southeast",1,"adult",NA,"iDigBio",NA,NA,NA,NA,"aa03adda-fa09-44cc-a1cf-8fba372d21a9","list(`dwc:identifiedBy` = ""M. Eric Anderson"", `dwc:identificationRemarks` = ""[MUSE DETERMINER: Anderson_ME/1981]"", `dwc:identificationVerificationStatus` = ""migration"", coreid = ""MCZ:Ich:34619"", `dwc:identificationID` = ""830208"", `dwc:scientificName` = ""Austrolycus depressiceps"")"
"MCZ:Ich:12846","Port Gallant","b4640710-8e03-11d8-b956-b8a03c50a862","MCZ","Hassler Expedition",1872,"Animalia","Notothenia",-71.9416,5568,-53.71155,"PreservedSpecimen","Ich","21/3/1872-21/3/1872","12846","1872-03-21",NA,"Nototheniidae","Notothenia agassizii","Pacific, Southeast",2,"adult",NA,"iDigBio",NA,NA,NA,NA,"ab3da8d4-af04-4c15-a8d5-694b930115cd","list(`dwc:identifiedBy` = ""Cards"", `dwc:identificationRemarks` = ""[MUSE DETERMINER: Cards]"", `dwc:identificationVerificationStatus` = ""migration"", coreid = ""MCZ:Ich:12846"", `dwc:identificationID` = ""797518"", `dwc:scientificName` = ""Notothenia agassizii"")"
"MCZ:Ich:36419","Sholl Bay","b4640710-8e03-11d8-b956-b8a03c50a862","MCZ","Hassler Expedition",1872,"Animalia","Austrolycus",-73.87828,1595,-52.74672,"PreservedSpecimen","Ich","21/3/1872-21/3/1872","36419","1872-03-21",NA,"Zoarcidae","Austrolycus depressiceps Regan, 1913","Pacific, Southeast",1,"adult",NA,"iDigBio",NA,NA,NA,NA,"b2b9cfce-d8e5-4661-9f45-54b1eff4c3ab","list(`dwc:identifiedBy` = ""Ledger"", `dwc:identificationRemarks` = ""[MUSE DETERMINER: Ledger/1993]"", `dwc:identificationVerificationStatus` = ""migration"", coreid = ""MCZ:Ich:36419"", `dwc:identificationID` = ""819848"", `dwc:scientificName` = ""Austrolycus depressiceps"")"
"MCZ:Ich:12848","Port Gallant","b4640710-8e03-11d8-b956-b8a03c50a862","MCZ","Hassler Expedition",1872,"Animalia","Notothenia",-71.9416,5568,-53.71155,"PreservedSpecimen","Ich","21/3/1872-21/3/1872","12848","1872-03-21",NA,"Nototheniidae","Notothenia tessellata Richardson, 1845","Pacific, Southeast",1,"adult",NA,"iDigBio",NA,NA,NA,NA,"d134fbdd-2a14-4a68-9b0f-f9033a2298ce","list(`dwc:identifiedBy` = ""Cards"", `dwc:identificationRemarks` = ""[MUSE DETERMINER: Cards]"", `dwc:identificationVerificationStatus` = ""migration"", coreid = ""MCZ:Ich:12848"", `dwc:identificationID` = ""797520"", `dwc:scientificName` = ""Notothenia tessellata"")"
"MCZ:Ich:12911","Sholl Bay","b4640710-8e03-11d8-b956-b8a03c50a862","MCZ","Hassler Expedition",1872,"Animalia","Eleginops",-73.87828,1595,-52.74672,"PreservedSpecimen","Ich","21/3/1872-21/3/1872","12911","1872-03-21",NA,"Nototheniidae","Eleginops maclovinus (Cuvier, 1830)","Pacific, Southeast",6,"adult",NA,"iDigBio",NA,NA,NA,NA,"e3887318-97e8-40f8-9fa3-6a3019e695fc","list(`dwc:identifiedBy` = c(""Cards"", NA), `dwc:identificationRemarks` = c(""[MUSE DETERMINER: Cards]"", ""[MUSE DETERMINER: ]""), `dwc:identificationVerificationStatus` = c(""migration"", ""migration""), coreid = c(""MCZ:Ich:12911"", ""MCZ:Ich:12911""), `dwc:identificationID` = c(""797594"", ""797595""), `dwc:scientificName` = c(""Eleginops maclovinus"", ""Eleginus maclovinus""))"
"MCZ:Ich:12912","Sholl Bay","b4640710-8e03-11d8-b956-b8a03c50a862","MCZ","Hassler Expedition",1872,"Animalia","Eleginops",-73.87828,1595,-52.74672,"PreservedSpecimen","Ich","21/3/1872-21/3/1872","12912","1872-03-21",NA,"Nototheniidae","Eleginops falklandicus","Pacific, Southeast",9,"adult",NA,"iDigBio",NA,NA,NA,NA,"ec19dac2-1765-4e4b-87f3-985962a6ea32","list(`dwc:identifiedBy` = c(""Cards"", NA), `dwc:identificationRemarks` = c(""[MUSE DETERMINER: Cards]"", ""[MUSE DETERMINER: ]""), `dwc:identificationVerificationStatus` = c(""migration"", ""migration""), coreid = c(""MCZ:Ich:12912"", ""MCZ:Ich:12912""), `dwc:identificationID` = c(""797596"", ""797597""), `dwc:scientificName` = c(""Eleginops falklandicus"", ""Eleginus falklandicus""))"
"MCZ:Ich:12810","Owen Island, main harbor","b4640710-8e03-11d8-b956-b8a03c50a862","MCZ","Hassler Expedition",1872,"Animalia","Harpagifer",-73.80241,8673,-51.31702,"PreservedSpecimen","Ich","29/3/1872-29/3/1872","12810","1872-03-29",NA,"Harpagiferidae","Harpagifer bispinis (Forster, 1801)","Pacific, Southeast",1,"adult",NA,"iDigBio",NA,NA,NA,NA,"a9a7c325-1322-4c8d-a455-8b8e1400fae2","list(`dwc:identifiedBy` = ""Cards"", `dwc:identificationRemarks` = ""[MUSE DETERMINER: Cards]"", `dwc:identificationVerificationStatus` = ""migration"", coreid = ""MCZ:Ich:12810"", `dwc:identificationID` = ""797475"", `dwc:scientificName` = ""Harpagifer bispinis"")"
"a3dd8041-558c-475d-8517-ec4f1afc52b1","Messier Channel, Chile",NA,"NHMUK",NA,NA,NA,"Aphritis",-74.3916667,NA,-49.4083333,"PreservedSpecimen","ZOO",NA,"1879.5.14.259",NA,NA,"Bovichtidae","Aphritis gobio Günther, 1861","Southeast Pacific Ocean",1,NA,NA,"iDigBio","Trawl",NA,NA,NA,"304c6d7d-0d3d-4150-80a5-62a8f197e469","NULL"
"082c295c-2627-43c3-989e-6dcb02c2982a","Near Puerto Bueno",NA,"NHMUK",NA,NA,NA,"Lycodes",-74.25,NA,-50.9333333,"PreservedSpecimen","ZOO",NA,"1879.5.14.48",NA,NA,"Zoarcidae","Lycodes macrops Günther, 1880","Southeast Pacific Ocean",1,NA,"HOLOTYPE","iDigBio",NA,NA,NA,NA,"b233cd8d-55e4-41d7-b3db-2093e8392570","NULL"
"http://n2t.net/ark:/65665/3de5e3020-fc62-40f9-9f18-cd79d93fad8b","Port Grappler","urn:lsid:biocol.org:col:34871","USNM",NA,1888,"Animalia","Patagonotothen",-74.25,NA,-49.42,"PreservedSpecimen","FISH","1888 Jan 00 - 1888 Feb 00","USNM 77343","1888-01/1888-02","urn:uuid:09c9cf5f-f5d3-48cc-b5c8-cd9b9fbd631f","Nototheniidae","Patagonotothen tessellata","South Pacific Ocean",9,NA,NA,"iDigBio; NMNH Extant Biology",NA,NA,NA,NA,"0344e554-909a-4bc8-8140-d186919baa47","NULL"
"http://n2t.net/ark:/65665/39557c4eb-dcb6-487d-aa16-f207e6cc9f52","Port Churruca","urn:lsid:biocol.org:col:34871","USNM",NA,1888,"Animalia","Patagonotothen",-73.87,NA,-53.1,"PreservedSpecimen","FISH","1888 Jan 00 - 1888 Feb 00","USNM 77341","1888-01/1888-02","urn:uuid:09c9cf5f-f5d3-48cc-b5c8-cd9b9fbd631f","Nototheniidae","Patagonotothen tessellata","South Pacific Ocean",164,NA,NA,"iDigBio; NMNH Extant Biology",NA,NA,NA,NA,"23ecc07b-9001-4f1d-adb3-05e1b7283159","NULL"
"http://n2t.net/ark:/65665/3b6c0ef29-734a-4460-a95d-93b0b69d7c92","Sandy Pt. (Sts. of Magellan)","urn:lsid:biocol.org:col:34871","USNM",NA,1888,"Animalia","Harpagifer",-70.92,NA,-53.17,"PreservedSpecimen","FISH","1888 Jan 00 - 0000 00 00","USNM 77281","1888-01","urn:uuid:09c9cf5f-f5d3-48cc-b5c8-cd9b9fbd631f","Harpagiferidae","Harpagifer bispinis","South Pacific Ocean",5,NA,NA,"iDigBio; NMNH Extant Biology",NA,NA,NA,NA,"319ee676-c75e-4612-9511-555d231bad59","NULL"
"http://n2t.net/ark:/65665/30c2d52d4-36f2-4cb3-b139-dfdd240873bd","Laredo Bay","urn:lsid:biocol.org:col:34871","USNM",NA,1888,"Animalia","Eleginops",-70.87,NA,-53,"PreservedSpecimen","FISH","1888 Jan 00 - 1888 Feb 00","USNM 77320","1888-01/1888-02","urn:uuid:09c9cf5f-f5d3-48cc-b5c8-cd9b9fbd631f","Nototheniidae","Eleginops maclovinus","South Pacific Ocean, Bahía Laredo",1,NA,NA,"iDigBio; NMNH Extant Biology",NA,NA,NA,NA,"452cdbce-1295-4efa-bdbe-746575e4b012","NULL"
"http://n2t.net/ark:/65665/3f87629fa-d530-4dd1-85f1-02f9811180a9","Laredo Bay","urn:lsid:biocol.org:col:34871","USNM",NA,1888,"Animalia","Notothenia",-70.87,NA,-53,"PreservedSpecimen","FISH","1888 Jan 00 - 1888 Feb 00","USNM 76886","1888-01/1888-02","urn:uuid:09c9cf5f-f5d3-48cc-b5c8-cd9b9fbd631f","Nototheniidae","Notothenia angustata","South Pacific Ocean, Bahía Laredo",1,NA,NA,"iDigBio; NMNH Extant Biology",NA,NA,NA,NA,"58b3c2d5-0bef-4e87-a2df-d8f7c14184d6","NULL"
"http://n2t.net/ark:/65665/382f76dd4-3ec2-4c8f-b10b-51524e5206b2","Sts. Magellan, Borja Bay","urn:lsid:biocol.org:col:34871","USNM",NA,1888,"Animalia","Cottoperca",-72.05,NA,-53.67,"PreservedSpecimen","FISH","1888 Jan 00 - 1888 Feb 00","USNM 77361","1888-01/1888-02","urn:uuid:09c9cf5f-f5d3-48cc-b5c8-cd9b9fbd631f","Bovichtidae","Cottoperca gobio","South Pacific Ocean, Borja Bay",2,NA,NA,"iDigBio; NMNH Extant Biology",NA,NA,NA,NA,"5fc84216-e1a1-4ddf-ac7c-24b0ae8b905a","NULL"
"http://n2t.net/ark:/65665/337ecf0d5-2bf8-4e80-8c89-2c000cfa95ba","Sandy Pt. (Punta Arenas), Str. Magellan","urn:lsid:biocol.org:col:34871","USNM",NA,1888,"Animalia","Patagonotothen",-70.92,NA,-53.17,"PreservedSpecimen","FISH","1888 Jan 00 - 1888 Feb 00","USNM 77332","1888-01/1888-02","urn:uuid:09c9cf5f-f5d3-48cc-b5c8-cd9b9fbd631f","Nototheniidae","Patagonotothen sima","South Pacific Ocean",2,NA,NA,"iDigBio; NMNH Extant Biology",NA,NA,NA,NA,"790827c7-d88b-4220-b115-73869349a2a0","NULL"
"http://n2t.net/ark:/65665/37a0ac9b0-8566-4dff-a044-8c0ee63089aa","Gregory Bay, Straits of Magellan.","urn:lsid:biocol.org:col:34871","USNM",NA,1888,"Animalia","Patagonotothen",-70.33,NA,-52.67,"PreservedSpecimen","FISH","1888 Jan 00 - 1888 Feb 00","USNM 77344","1888-01/1888-02","urn:uuid:09c9cf5f-f5d3-48cc-b5c8-cd9b9fbd631f","Nototheniidae","Patagonotothen tessellata","South Pacific Ocean",2,NA,NA,"iDigBio; NMNH Extant Biology",NA,NA,NA,NA,"856d4eed-3bf9-4cf3-b1e7-729c9f6a507e","NULL"
"http://n2t.net/ark:/65665/3d9c2c1d8-4dd9-4737-b477-e516d8f1208a","Laredo Bay, Straits of Magellan","urn:lsid:biocol.org:col:34871","USNM",NA,1888,"Animalia","Notothenia",-70.8,NA,-52.97,"PreservedSpecimen","FISH","1888 Jan 00 - 0000 00 00","USNM 76853","1888-01","urn:uuid:09c9cf5f-f5d3-48cc-b5c8-cd9b9fbd631f","Nototheniidae","Notothenia gilberti","Atlantic, Straits of Magellan, Laredo Bay",1,NA,"Holotype","iDigBio; NMNH Extant Biology",NA,NA,NA,NA,"8613b869-a202-4ccd-ae85-8f5ff05b811c","NULL"
"http://n2t.net/ark:/65665/3f286f0d6-29be-4702-b967-6780ae9ebce4","Port Churruca","urn:lsid:biocol.org:col:34871","USNM",NA,1888,"Animalia","Patagonotothen",-73.87,NA,-53.1,"PreservedSpecimen","FISH","1888 Jan 00 - 1888 Feb 00","USNM 76883","1888-01/1888-02","urn:uuid:09c9cf5f-f5d3-48cc-b5c8-cd9b9fbd631f","Nototheniidae","Patagonotothen squamiceps","South Pacific Ocean",5,NA,NA,"iDigBio; NMNH Extant Biology",NA,NA,NA,NA,"880d4021-74ce-4a00-bb46-fcb91525b96d","NULL"
"http://n2t.net/ark:/65665/324d6de68-f434-4c2c-ac3c-83f570462486","Laredo Bay","urn:lsid:biocol.org:col:34871","USNM",NA,1888,"Animalia","Patagonotothen",-70.87,NA,-53,"PreservedSpecimen","FISH","1888 Jan 00 - 1888 Feb 00","USNM 77340","1888-01/1888-02","urn:uuid:09c9cf5f-f5d3-48cc-b5c8-cd9b9fbd631f","Nototheniidae","Patagonotothen tessellata","South Pacific Ocean, Bahía Laredo",36,NA,NA,"iDigBio; NMNH Extant Biology",NA,NA,NA,NA,"9b3ff8a9-3344-4aa5-98a3-ddc5eba6a657","NULL"
"http://n2t.net/ark:/65665/3492c44b5-93ca-4385-8b82-4f765535b062","Laredo Bay","urn:lsid:biocol.org:col:34871","USNM",NA,1888,"Animalia","Patagonotothen",-70.87,NA,-53,"PreservedSpecimen","FISH","1888 Jan 00 - 1888 Feb 00","USNM 77333","1888-01/1888-02","urn:uuid:09c9cf5f-f5d3-48cc-b5c8-cd9b9fbd631f","Nototheniidae","Patagonotothen sima","South Pacific Ocean, Bahía Laredo",33,NA,NA,"iDigBio; NMNH Extant Biology",NA,NA,NA,NA,"9bb942fd-6d22-4062-b0d2-f65dc6fbc1a1","NULL"
"http://n2t.net/ark:/65665/38b5e947b-0d75-4e49-b90b-0f97b8359911","Sandy Pt. (Punta Arenas), Str. Magellan","urn:lsid:biocol.org:col:34871","USNM",NA,1888,"Animalia","Patagonotothen",-70.92,NA,-53.17,"PreservedSpecimen","FISH","1888 Jan 00 - 1888 Feb 00","USNM 77339","1888-01/1888-02","urn:uuid:09c9cf5f-f5d3-48cc-b5c8-cd9b9fbd631f","Nototheniidae","Patagonotothen tessellata","South Pacific Ocean",48,NA,NA,"iDigBio; NMNH Extant Biology",NA,NA,NA,NA,"b86e632e-280d-4a1f-aefa-dc81efe99750","NULL"
"http://n2t.net/ark:/65665/3225edb47-0971-4128-aeb8-fab3b924940b","Sandy Pt. (Punta Arenas), Str. Magellan","urn:lsid:biocol.org:col:34871","USNM",NA,1888,"Animalia","Eleginops",-70.92,NA,-53.17,"PreservedSpecimen","FISH","1888 Jan 00 - 1888 Feb 00","USNM 77319","1888-01/1888-02","urn:uuid:09c9cf5f-f5d3-48cc-b5c8-cd9b9fbd631f","Nototheniidae","Eleginops maclovinus","South Pacific Ocean",2,NA,NA,"iDigBio; NMNH Extant Biology",NA,NA,NA,NA,"beebaf9a-c261-4523-a2d3-44817a34af45","NULL"
"http://n2t.net/ark:/65665/347a8d5af-e1b3-4837-88b9-b72b4814760f","Otter Bay (In Smyth Channel)","urn:lsid:biocol.org:col:34871","USNM",NA,1888,"Animalia","Patagonotothen",-73.63,NA,-52.58,"PreservedSpecimen","FISH","1888 Jan 00 - 1888 Feb 00","USNM 77346","1888-01/1888-02","urn:uuid:09c9cf5f-f5d3-48cc-b5c8-cd9b9fbd631f","Nototheniidae","Patagonotothen tessellata","South Pacific Ocean",7,NA,NA,"iDigBio; NMNH Extant Biology",NA,NA,NA,NA,"cc140be6-1eb6-45f6-8c1f-dda99ef00b98","NULL"
"http://n2t.net/ark:/65665/3f4bbac92-36d5-4248-bd19-c539c2777abd","Sts. Magellan, Borja Bay","urn:lsid:biocol.org:col:34871","USNM",NA,1888,"Animalia","Patagonotothen",-72.05,NA,-53.67,"PreservedSpecimen","FISH","1888 Jan 00 - 1888 Feb 00","USNM 77342","1888-01/1888-02","urn:uuid:09c9cf5f-f5d3-48cc-b5c8-cd9b9fbd631f","Nototheniidae","Patagonotothen tessellata","South Pacific Ocean, Borja Bay",2,NA,NA,"iDigBio; NMNH Extant Biology",NA,NA,NA,NA,"cc623691-366e-4336-b509-d1f683289aa6","NULL"
"http://n2t.net/ark:/65665/3000bb434-6de9-4e1b-a1e4-1f1ba0f39586","Sandy Pt. (Sts. of Magellan)","urn:lsid:biocol.org:col:34871","USNM",NA,1888,"Animalia","Paranotothenia",-70.92,NA,-53.17,"PreservedSpecimen","FISH","1888 Jan 00 - 0000 00 00","USNM 77329","1888-01","urn:uuid:09c9cf5f-f5d3-48cc-b5c8-cd9b9fbd631f","Nototheniidae","Paranotothenia magellanica","South Pacific Ocean",1,NA,NA,"iDigBio; NMNH Extant Biology",NA,NA,NA,NA,"f103aac9-e70b-4905-894c-3a2107db923b","NULL"
"http://n2t.net/ark:/65665/369ca44dd-aa70-4b8a-8754-e97d5361d621","Gregory Bay, Straits of Magellan.","urn:lsid:biocol.org:col:34871","USNM",NA,1888,"Animalia","Patagonotothen",-70.33,NA,-52.67,"PreservedSpecimen","FISH","1888 Jan 00 - 1888 Feb 00","USNM 77331","1888-01/1888-02","urn:uuid:09c9cf5f-f5d3-48cc-b5c8-cd9b9fbd631f","Nototheniidae","Patagonotothen sima","South Pacific Ocean",12,NA,NA,"iDigBio; NMNH Extant Biology",NA,NA,NA,NA,"f278a2a7-b421-43a3-94f5-f97bf8334cc9","NULL"
"http://n2t.net/ark:/65665/37c9cc567-a841-4f47-8c4a-7728648fdfda","Sts. Magellan, Borja Bay","urn:lsid:biocol.org:col:34871","USNM",NA,1888,"Animalia","Paranotothenia",-72.05,NA,-53.67,"PreservedSpecimen","FISH","1888 Jan 00 - 1888 Feb 00","USNM 77330","1888-01/1888-02","urn:uuid:09c9cf5f-f5d3-48cc-b5c8-cd9b9fbd631f","Nototheniidae","Paranotothenia magellanica","South Pacific Ocean, Borja Bay",1,NA,NA,"iDigBio; NMNH Extant Biology",NA,NA,NA,NA,"f595651b-1078-436e-920c-a9ff8b9b8101","NULL"
"http://n2t.net/ark:/65665/3c1fa78f6-785e-497f-8fef-24ec781a1791","Straits of Magellen","urn:lsid:biocol.org:col:34871","USNM",NA,1888,"Animalia","Harpagifer",-69.3667,NA,-52.375,"PreservedSpecimen","FISH",NA,"USNM 77282","1888-01-18","urn:uuid:09c9cf5f-f5d3-48cc-b5c8-cd9b9fbd631f","Harpagiferidae","Harpagifer bispinis","Atlantic",9,NA,NA,"iDigBio; NMNH Extant Biology",NA,NA,NA,NA,"0cd3f115-abd9-4f89-8de9-ec64daedaed1","NULL"
"urn:catalog:CAS:SU(ICH):22716","Strait of Magellan","http://grscicoll.org/institution/california-academy-sciences","CAS","U.S. Fish Commission",1888,"Animalia","Notothenia",-69.366667,NA,-52.375,"PreservedSpecimen","SU(ICH)",NA,"22716","1888-01-18","http://grscicoll.org/institutional-collection/cas-ichthyology","Nototheniidae","Notothenia jordani","Strait of Magellan",1,NA,NA,"iDigBio","small beam trawl",NA,NA,NA,"367186a8-72fe-4b46-a47d-6a2e28687ef8","NULL"
"urn:catalog:CAS:SU(ICH):22712","Strait of Magellan","http://grscicoll.org/institution/california-academy-sciences","CAS","U.S. Fish Commission",1888,"Animalia","Harpagifer",-69.366667,NA,-52.375,"PreservedSpecimen","SU(ICH)",NA,"22712","1888-01-18","http://grscicoll.org/institutional-collection/cas-ichthyology","Harpagiferidae","Harpagifer bispinis","Strait of Magellan",9,NA,NA,"iDigBio","small beam trawl",NA,NA,NA,"4e988ebc-3a5c-412a-a042-2e88e1fcab7a","NULL"
"http://n2t.net/ark:/65665/3b10a7c97-742a-4a4b-9e1e-4288133e0eba","Sts. Magellan, Sandy Point","urn:lsid:biocol.org:col:34871","USNM",NA,1888,"Animalia","Patagonotothen",-70.92,NA,-53.17,"PreservedSpecimen","FISH","1888 Jan 24 - 0000 00 00","USNM 77334","1888-01-24","urn:uuid:09c9cf5f-f5d3-48cc-b5c8-cd9b9fbd631f","Nototheniidae","Patagonotothen cornucola","South Pacific Ocean",3,NA,NA,"iDigBio; NMNH Extant Biology",NA,NA,NA,NA,"74ef52ec-aaaa-4d37-a2a0-45daa091b967","NULL"
"http://n2t.net/ark:/65665/338174841-74f2-4bf7-bc28-c6cbf0530d8e","Sts. Magellan, Sandy Point (Punta Arenas)","urn:lsid:biocol.org:col:34871","USNM",NA,1888,"Animalia","Patagonotothen",-70.92,NA,-53.17,"PreservedSpecimen","FISH","1888 Jan 27 - 0000 00 00","USNM 77347","1888-01-27","urn:uuid:09c9cf5f-f5d3-48cc-b5c8-cd9b9fbd631f","Nototheniidae","Patagonotothen longipes","South Pacific Ocean",9,NA,NA,"iDigBio; NMNH Extant Biology",NA,NA,NA,NA,"03099178-f0d8-4248-81f8-f4c5e8c593cb","NULL"
"urn:catalog:CAS:SU(ICH):22687","Borja Bay","http://grscicoll.org/institution/california-academy-sciences","CAS","U.S. Fish Commission",1888,"Animalia","Cottoperca",-72.488408,1917,-53.543761,"PreservedSpecimen","SU(ICH)",NA,"22687","1888-02-01","http://grscicoll.org/institutional-collection/cas-ichthyology","Bovichtidae","Cottoperca gobio","Estrecho de Magallanes",1,NA,NA,"iDigBio",NA,NA,NA,NA,"386583fe-491c-4311-81e1-02ee671cdbd0","NULL"
"http://n2t.net/ark:/65665/328028460-f27c-4bff-9c9b-9126e91b1d6b","Off Chile, South America: Island Harbor (In Messier Channel)","urn:lsid:biocol.org:col:34871","USNM",NA,1888,"Animalia","Notothenia",-74.75,NA,-47.75,"PreservedSpecimen","FISH","1888 Feb 00 - 0000 00 00","USNM 76856","1888-02","urn:uuid:09c9cf5f-f5d3-48cc-b5c8-cd9b9fbd631f","Nototheniidae","Notothenia longicauda","South Pacific Ocean",1,NA,"Holotype","iDigBio; NMNH Extant Biology",NA,NA,NA,NA,"781b97e9-95b9-4126-b36b-8c74038e1e20","NULL"
"http://n2t.net/ark:/65665/36faf2998-ed4f-4dd0-bab6-13b0eb976b62","Off Chile, South America: Borja Bay, Sts. Magellan","urn:lsid:biocol.org:col:34871","USNM",NA,1888,"Animalia","Patagonotothen",-72.05,NA,-53.67,"PreservedSpecimen","FISH","1888 Feb 01 - 0000 00 00","USNM 77351","1888-02-01","urn:uuid:09c9cf5f-f5d3-48cc-b5c8-cd9b9fbd631f","Nototheniidae","Patagonotothen longipes","South Pacific Ocean, Borja Bay",1,NA,NA,"iDigBio; NMNH Extant Biology",NA,NA,NA,NA,"b4c4ab58-5c6b-436f-9fc6-1ad6c936d9c4","NULL"
"urn:catalog:CAS:SU(ICH):22685","Borja Bay","http://grscicoll.org/institution/california-academy-sciences","CAS","U.S. Fish Commission",1888,"Animalia","Notothenia",-72.488408,1917,-53.543761,"PreservedSpecimen","SU(ICH)",NA,"22685","1888-02-01","http://grscicoll.org/institutional-collection/cas-ichthyology","Nototheniidae","Notothenia macrocephala","Estrecho de Magallanes",2,NA,NA,"iDigBio",NA,NA,NA,NA,"cf0450c3-a680-4b42-80b7-d28c409aa35f","NULL"
"http://n2t.net/ark:/65665/3cbe480df-3e43-44a5-a66f-d3c414b43b8d","Port Otway","urn:lsid:biocol.org:col:34871","USNM",NA,1888,"Animalia","Eleginops",-75.3,NA,-46.83,"PreservedSpecimen","FISH","1888 Feb 00 - 0000 00 00","USNM 77318","1888-02","urn:uuid:09c9cf5f-f5d3-48cc-b5c8-cd9b9fbd631f","Nototheniidae","Eleginops maclovinus","South Pacific Ocean",53,NA,NA,"iDigBio; NMNH Extant Biology",NA,NA,NA,NA,"fba3cb59-565f-4da1-be26-23cce39b6643","NULL"
"http://n2t.net/ark:/65665/38a1a13fb-b71e-4ea1-ba8b-1eea6eae2eda","Off Chile, South America: Port Churruca, Sts. Magellan","urn:lsid:biocol.org:col:34871","USNM",NA,1888,"Animalia","Patagonotothen",-73.87,NA,-53.1,"PreservedSpecimen","FISH","1888 Feb 02 - 0000 00 00","USNM 77353","1888-02-02","urn:uuid:09c9cf5f-f5d3-48cc-b5c8-cd9b9fbd631f","Nototheniidae","Patagonotothen longipes","South Pacific Ocean",5,NA,NA,"iDigBio; NMNH Extant Biology",NA,NA,NA,NA,"d40455f9-7c60-4ff5-a27d-b2c48e7c242b","NULL"
"http://n2t.net/ark:/65665/37815a6cd-3372-4ec0-823f-781bb2d72bed","Off Chile, South America: Otter Bay, Smyth Channel","urn:lsid:biocol.org:col:34871","USNM",NA,1888,"Animalia","Paranotothenia",-73.63,NA,-52.58,"PreservedSpecimen","FISH","1888 Feb 03 - 0000 00 00","USNM 77328","1888-02-03","urn:uuid:09c9cf5f-f5d3-48cc-b5c8-cd9b9fbd631f","Nototheniidae","Paranotothenia magellanica","South Pacific Ocean",1,NA,NA,"iDigBio; NMNH Extant Biology",NA,NA,NA,NA,"44b4b836-ed2a-49f2-913c-09c854f17627","NULL"
"urn:catalog:CAS:SU(ICH):22674","Otter Bay, Smyth Channel","http://grscicoll.org/institution/california-academy-sciences","CAS","U.S. Fish Commission",1888,"Animalia","Notothenia",-73.614482,10908,-52.202849,"PreservedSpecimen","SU(ICH)",NA,"22674","1888-02-03","http://grscicoll.org/institutional-collection/cas-ichthyology","Nototheniidae","Notothenia longipes","Smyth Channel",1,NA,NA,"iDigBio",NA,NA,NA,NA,"b4a95ee0-3f2d-4c69-b96d-c7b63fe25600","NULL"
"http://n2t.net/ark:/65665/367315cc7-5011-41f0-ae60-1f1c1d7d3a36","Mayne Harbor (Chile)","urn:lsid:biocol.org:col:34871","USNM",NA,1888,"Animalia","Patagonotothen",-74.25,NA,-51.33,"PreservedSpecimen","FISH","1888 Feb 05 - 0000 00 00","USNM 77345","1888-02-05","urn:uuid:09c9cf5f-f5d3-48cc-b5c8-cd9b9fbd631f","Nototheniidae","Patagonotothen tessellata","South Pacific Ocean",35,NA,NA,"iDigBio; NMNH Extant Biology",NA,NA,NA,NA,"76d490d1-0a57-4ccb-b0a4-0e1afceb82af","NULL"
"http://n2t.net/ark:/65665/370948c42-cd83-4ea2-a913-e95276493ede","Mayne Harbor (Chile)","urn:lsid:biocol.org:col:34871","USNM",NA,1888,"Animalia","Patagonotothen",-74.25,NA,-51.33,"PreservedSpecimen","FISH","1888 Feb 05 - 0000 00 00","USNM 76884","1888-02-05","urn:uuid:09c9cf5f-f5d3-48cc-b5c8-cd9b9fbd631f","Nototheniidae","Patagonotothen squamiceps","South Pacific Ocean",1,NA,NA,"iDigBio; NMNH Extant Biology",NA,NA,NA,NA,"8439cd9b-d64d-4323-b86b-70c806789041","NULL"
"http://n2t.net/ark:/65665/381b6fa5b-9c6a-46b9-8055-3f4aee80b37a","Off Chile, South America: Port Grappler, Patagonia","urn:lsid:biocol.org:col:34871","USNM",NA,1888,"Animalia","Patagonotothen",-74.25,NA,-49.42,"PreservedSpecimen","FISH","1888 Feb 07 - 0000 00 00","USNM 77354","1888-02-07","urn:uuid:09c9cf5f-f5d3-48cc-b5c8-cd9b9fbd631f","Nototheniidae","Patagonotothen longipes","South Pacific Ocean",4,NA,NA,"iDigBio; NMNH Extant Biology",NA,NA,NA,NA,"63f9f526-5b84-4da2-90e9-49d66cf2ce95","NULL"
"urn:catalog:CAS:SU(ICH):22683","Otter Bay, Smyth Channel","http://grscicoll.org/institution/california-academy-sciences","CAS","U.S. Fish Commission",1888,"Animalia","Notothenia",-73.614482,10908,-52.202849,"PreservedSpecimen","SU(ICH)",NA,"22683","1888-02","http://grscicoll.org/institutional-collection/cas-ichthyology","Nototheniidae","Notothenia macrocephala","Smyth Channel",1,NA,NA,"iDigBio",NA,NA,NA,NA,"c4e82da4-deb0-49f3-acd6-e16373c509f7","NULL"
"urn:catalog:CAS:ICH:31270","Puerto Montt (5 m elev.): either Estero Pilluco, small brook west of town or larger one east of town","http://grscicoll.org/institution/california-academy-sciences","CAS","Eigenmann, Carl H.",1919,"Animalia","Eleginops",-72.95,NA,-41.466667,"PreservedSpecimen","ICH",NA,"31270","1919-02-22","http://grscicoll.org/institutional-collection/cas-ichthyology","Eleginopidae","Eleginops maclovinus",NA,3,NA,NA,"iDigBio",NA,NA,NA,NA,"c49d2a8e-bc92-42aa-b755-51a1077383be","NULL"
"urn:catalog:CAS:ICH:38644","Peulla; 190 m elev.","http://grscicoll.org/institution/california-academy-sciences","CAS","Eigenmann, Carl H.",1919,"Animalia","Percichthys",-72.033333,NA,-41.083333,"PreservedSpecimen","ICH",NA,"38644","1919-02-27","http://grscicoll.org/institutional-collection/cas-ichthyology","Percichthyidae","Percichthys trucha","Lago Todos Santos",50,NA,NA,"iDigBio",NA,NA,NA,NA,"a1a40da3-c83f-4a0e-ace6-0fbb02355461","NULL"
"urn:catalog:CAS:ICH:70183","Penilla, Todos Santos","http://grscicoll.org/institution/california-academy-sciences","CAS","Eigenmann, Carl H.",1919,"Animalia","Percichthys",-72.021984,946,-41.085732,"PreservedSpecimen","ICH",NA,"70183","1919-02-27","http://grscicoll.org/institutional-collection/cas-ichthyology","Percichthyidae","Percichthys melanops",NA,21,NA,NA,"iDigBio",NA,NA,NA,NA,"f468c118-fc3b-4e71-b69f-994e80ad68b1","NULL"
"3c6ee1d4-f472-11e6-8713-0050569523c7","Puerto Montt","http://grbio.org/cool/i64g-wjcr","CUMV","J. Bradley",1920,"Animalia","Pseudopercis",-72.948441,4658,-41.475769,"PreservedSpecimen","Fish","0/4/1920","2786","1920-04","http://grbio.org/cool/99jy-5cxe","Mugilidae","Mugiloides chilensis",NA,NA,NA,NA,"iDigBio",NA,NA,NA,NA,"37a4da8b-5555-44d2-84d0-8df7e9199057","NULL"
"b5ce199a-75b9-4d8c-a2cc-4d86231249e6","Melinka, Ascunsion Island",NA,"FMNH","C. C. Sanborn",NA,"Animalia","Patagonotothen",-73.745244,NA,-43.896964,"PreservedSpecimen","Fishes",NA,"43966",NA,NA,"Nototheniidae","Patagonotothen cornucola",NA,5,NA,NA,"iDigBio",NA,NA,NA,NA,"16330d1d-5b39-4c31-ab9a-795ed928b052","NULL"
"5d57d8e3-572a-4b55-9a0a-7ee0dd90be59","Melinka, Ascunsion Island",NA,"FMNH","C. C. Sanborn",NA,"Animalia","Patagonotothen",-73.745244,NA,-43.896964,"PreservedSpecimen","Fishes",NA,"43967",NA,NA,"Nototheniidae","Patagonotothen cornucola",NA,10,NA,NA,"iDigBio",NA,NA,NA,NA,"204d7b8c-11de-4ad7-8762-caa785336fe5","NULL"
"b2e8f23e-a38b-46d0-8dd1-7779a654b823","Melinka, Ascunsion Island",NA,"FMNH","C. C. Sanborn",NA,"Animalia","Patagonotothen",-73.745244,NA,-43.896964,"PreservedSpecimen","Fishes",NA,"43962",NA,NA,"Nototheniidae","Patagonotothen cornucola",NA,5,NA,NA,"iDigBio",NA,NA,NA,NA,"663e045b-a187-4b85-8ee7-fcd41afca77b","NULL"
"584fae4c-cd24-4b5c-8e36-d66029581700","Melinka, Ascunsion Island",NA,"FMNH","C. C. Sanborn",NA,"Animalia","Austrolycus",-73.745244,NA,-43.896964,"PreservedSpecimen","Fishes",NA,"43963",NA,NA,"Zoarcidae","Austrolycus depressiceps",NA,1,NA,NA,"iDigBio",NA,NA,NA,NA,"8517e7a8-4db6-4bda-b8aa-c0b560f118ed","NULL"
"2f049f24-8d33-4cb5-9647-7147870670b1","Melinka, Ascunsion Island",NA,"FMNH","C. C. Sanborn",NA,"Animalia","Nototheniidae",-73.745244,NA,-43.896964,"PreservedSpecimen","Fishes",NA,"43964",NA,NA,"Nototheniidae","Nototheniidae",NA,4,NA,NA,"iDigBio",NA,NA,NA,NA,"b6d6d40f-54ad-4cde-b3da-feb43fd8b482","NULL"
"41ecab4b-9abd-4568-8d8c-47aeff8d659b","Melinka, Ascunsion Island",NA,"FMNH","C. C. Sanborn",NA,"Animalia","Patagonotothen",-73.745244,NA,-43.896964,"PreservedSpecimen","Fishes",NA,"43965",NA,NA,"Nototheniidae","Patagonotothen cornucola",NA,4,NA,NA,"iDigBio",NA,NA,NA,NA,"cc9ef5ed-de9d-4865-81cb-b92638eb277d","NULL"
"9a3f468d-2719-4b56-9019-a1d9192eead2","Port Famine, Strait of Magellan",NA,"NHMUK",NA,NA,NA,"Notothenia",-70.9166667,NA,-53.7083333,"PreservedSpecimen","ZOO",NA,"1936.8.26.535-540",NA,NA,"Nototheniidae","Notothenia tessellata Richardson, 1845","Southeast Pacific Ocean, Southeast Pacific Ocean",6,NA,NA,"iDigBio",NA,NA,NA,NA,"200f01fa-ba41-40d8-9d87-e15acdc50959","NULL"
"f299c4fd-3fa3-41de-a741-e0978ffbdb12","Port Famine, Strait of Magellan",NA,"NHMUK",NA,NA,NA,"Notothenia",-70.9166667,NA,-53.7083333,"PreservedSpecimen","ZOO",NA,"1936.8.26.842",NA,NA,"Nototheniidae","Notothenia longipes Steindachner, 1876","Southeast Pacific Ocean, Southeast Pacific Ocean",1,NA,NA,"iDigBio",NA,NA,NA,NA,"efaddf54-fd9a-4c1c-909a-a62b1cddf195","NULL"
"d678a4b2-94e5-4854-acd0-b79eacab614e","Strait of Magellan",NA,"NHMUK",NA,NA,NA,"Notothenia",-70.9083333,NA,-53.65,"PreservedSpecimen","ZOO",NA,"1936.8.26.843-852",NA,NA,"Nototheniidae","Notothenia longipes Steindachner, 1876","Southeast Pacific Ocean, Southeast Pacific Ocean",10,NA,NA,"iDigBio",NA,NA,NA,NA,"cf906591-b923-414d-8631-5ac799ac8b51","NULL"
"69778f10-9b29-40a0-a178-26b3bc0e4c02","Golfo de Penas",NA,"NHMUK",NA,NA,NA,"Eleginops",-74.3916667,NA,-48.4583333,"PreservedSpecimen","ZOO",NA,"1936.8.26.915",NA,NA,"Eleginopidae","Eleginops maclovinus (Cuvier in Cuvier & Valenciennes, 1830)","Southeast Pacific Ocean",1,NA,NA,"iDigBio",NA,NA,NA,NA,"4d0684f2-797e-42d1-9aaf-01c685fcc569","NULL"
"28718080-8255-4ae0-9835-43d33f0d820d","Magellan Strait",NA,"NHMUK",NA,NA,NA,"Lycodapus",-70.9166667,NA,-53.6916667,"PreservedSpecimen","ZOO",NA,"1936.8.26.1048-1051",NA,NA,"Zoarcidae","Lycodapus australis Norman, 1937","Southeast Pacific Ocean, Southeast Pacific Ocean",4,NA,"HOLOTYPE & PARATYPE(S)","iDigBio",NA,NA,NA,NA,"0fb90c4a-6958-470b-bb86-28c1b6c1a4eb","NULL"
"ebadeb3c-fe77-4941-a53e-e5301e815bcd","Magellan Strait",NA,"NHMUK",NA,NA,NA,"Phucocoetes",-69.8916667,NA,-52.6583333,"PreservedSpecimen","ZOO",NA,"1936.8.26.1025-1026",NA,NA,"Zoarcidae","Phucocoetes latitans Jenyns, 1842","Southeast Pacific Ocean, Southeast Pacific Ocean",2,NA,NA,"iDigBio",NA,NA,NA,NA,"1aea65a7-1241-4cda-bdb8-3901645be4eb","NULL"
"705f72b4-ce46-44c8-bbad-c19ee34ae83b","Magellan Strait",NA,"NHMUK",NA,NA,NA,"Harpagifer",-69.8916667,NA,-52.6583333,"PreservedSpecimen","ZOO",NA,"1936.8.26.918-919",NA,NA,"Harpagiferidae","Harpagifer bispinis (Forster in Bloch & Schneider, 1801)","Southeast Pacific Ocean, Southeast Pacific Ocean",2,NA,NA,"iDigBio",NA,NA,NA,NA,"319ceb76-8dc8-4dd7-b8b2-ce37460f6ac7","NULL"
"3b44956e-d985-4848-8231-ef3fa443dac6","Magellan Strait",NA,"NHMUK",NA,NA,NA,"Austrolycus",-69.8916667,NA,-52.6583333,"PreservedSpecimen","ZOO",NA,"1936.8.26.1017-1020",NA,NA,"Zoarcidae","Austrolycus laticinctus Berg, 1895","Southeast Pacific Ocean, Southeast Pacific Ocean",4,NA,NA,"iDigBio",NA,NA,NA,NA,"60ca3e83-3308-475e-b64b-c49e6df0656f","NULL"
"b90edbc2-7931-40b5-a872-14ce7ffe9950","Magellan Strait",NA,"NHMUK",NA,NA,NA,"Iluocoetes",-69.8916667,NA,-52.6583333,"PreservedSpecimen","ZOO",NA,"1936.8.26.1000-1002",NA,NA,"Zoarcidae","Iluocoetes elongatus Smitt, 1898","Southeast Pacific Ocean, Southeast Pacific Ocean",3,NA,NA,"iDigBio",NA,NA,NA,NA,"829b028a-fd69-4c71-aa5a-6915af3c939e","NULL"
"010f0099-5987-4758-9c75-949eecebf5fd","Magellan Strait",NA,"NHMUK",NA,NA,NA,"Platea",-69.8916667,NA,-52.6583333,"PreservedSpecimen","ZOO",NA,"1936.8.26.1037-1041",NA,NA,"Zoarcidae","Platea insignis Steindachner, 1898","Southeast Pacific Ocean, Southeast Pacific Ocean",5,NA,NA,"iDigBio",NA,NA,NA,NA,"a8a7caf4-57a1-431a-a2a8-2be00dc570d2","NULL"
"3b610cfb-dde1-4f09-9121-c37f6b613de4","Magellan Strait",NA,"NHMUK",NA,NA,NA,"Iluocoetes",-69.8916667,NA,-52.6583333,"PreservedSpecimen","ZOO",NA,"1936.8.26.1003-1008",NA,NA,"Zoarcidae","Iluocoetes elongatus Smitt, 1898","Southeast Pacific Ocean, Southeast Pacific Ocean",6,NA,NA,"iDigBio",NA,NA,NA,NA,"ea25ca31-6699-43cf-bf8c-9a900b8d118b","NULL"
"78412ab8-4c3b-4329-a7fb-514f51e85baf","Magellan Strait",NA,"NHMUK",NA,NA,NA,"Pogonolycus",-69.8916667,NA,-52.6583333,"PreservedSpecimen","ZOO",NA,"1936.8.26.1029",NA,NA,"Zoarcidae","Pogonolycus elegans Norman, 1937","Southeast Pacific Ocean, Southeast Pacific Ocean",1,NA,"PARATYPE","iDigBio",NA,NA,NA,NA,"f45a22e6-f433-4b9b-92bf-02eff4065174","NULL"
"urn:uuid:461f5c5e-2405-4319-a7de-b820b3a64877","Gulfo de Ancud. Capesa Wappi Island, off Puerto Montt",NA,"YPM",NA,1934,"Animalia","Prolatilus",-72.994654,551,-41.60359,"PreservedSpecimen","VZ",NA,"YPM ICH 009314","1934-01-17",NA,"Pinguipedidae","Prolatilus jugularis",NA,1,NA,NA,"iDigBio",NA,NA,NA,NA,"df86c58f-69aa-4bbd-bec1-2585c854a772","NULL"
"urn:uuid:d48c0949-7c2f-4b61-b000-610dda76f943","Maillen Island, 9 miles from Puerto Montt",NA,"YPM",NA,1934,"Animalia",NA,-73,111111,-42,"PreservedSpecimen","VZ",NA,"YPM ICH 016854","1934-01-17/1934-01-18",NA,"Clinidae","Clinidae","Pacific Ocean",5,NA,NA,"iDigBio",NA,NA,NA,NA,"88db767e-d948-4c7e-acb6-1e92f78fbac8","NULL"
"urn:uuid:ee5b3d94-5c3d-4928-a890-2f6b4fc28f40","Maillen Island, 9 miles from Puerto Montt",NA,"YPM",NA,1935,"Animalia","Patagonotothen",-72.992057,2878,-41.574044,"PreservedSpecimen","VZ",NA,"YPM ICH 009331","1935-01-17",NA,"Nototheniidae","Patagonotothen cornucola","Pacific Ocean",17,NA,NA,"iDigBio",NA,NA,NA,NA,"4e0fbc90-c5d6-4be8-b92d-0a6f0d523016","NULL"
"urn:uuid:b5f4f9b9-d05e-470a-84ec-3659a2c83d72","Gulfo de Ancud. Capesa Wappi Island, off Puerto Montt",NA,"YPM",NA,1935,"Animalia","Eleginops",-72.994654,551,-41.60359,"PreservedSpecimen","VZ",NA,"YPM ICH 009315","1935-01-17",NA,"Eleginopidae","Eleginops maclovinus",NA,2,NA,NA,"iDigBio",NA,NA,NA,NA,"e0b79441-3fb7-4bd7-9567-3b68fb0e00c4","NULL"
"urn:uuid:df8f5d92-3463-4b38-963c-358e940381e7","Maillen Island, 9 miles from Puerto Montt",NA,"YPM",NA,1935,"Animalia","Ophiogobius",-72.992057,2878,-41.574044,"PreservedSpecimen","VZ",NA,"YPM ICH 009332","1935-01-18",NA,"Gobiidae","Ophiogobius jenynsi","Pacific Ocean",1,NA,NA,"iDigBio",NA,NA,NA,NA,"09cfbfb6-a885-4cbc-b775-75eefa92544d","NULL"
"urn:uuid:2548aba1-75a2-430d-bddd-1d5d9c367bd5","Maillen Island, 9 miles from Puerto Montt",NA,"YPM",NA,1935,"Animalia","Myxodes",-72.992057,2878,-41.574044,"PreservedSpecimen","VZ",NA,"YPM ICH 009339","1935-01-18",NA,"Clinidae","Myxodes cristatus","Pacific Ocean",1,NA,NA,"iDigBio",NA,NA,NA,NA,"5d5a9488-e15a-4a69-9770-dd83cbc879be","NULL"
"urn:uuid:e68489d4-4a01-4cae-b60e-b38556654cfe","Maillen Island, 9 miles from Puerto Montt",NA,"YPM",NA,1935,"Animalia","Calliclinus",-72.992057,2878,-41.574044,"PreservedSpecimen","VZ",NA,"YPM ICH 009338","1935-01-18",NA,"Labrisomidae","Calliclinus geniguttatus","Pacific Ocean",1,NA,NA,"iDigBio",NA,NA,NA,NA,"76e331e2-c81a-46dd-a790-98ff80f7de25","NULL"
"762b79fe-0899-41af-9313-7979a02a01e2","Punta Bueno (Pacific Ocean)",NA,"UMMZ","RL Fricke on 'Vagabondia'",1936,NA,"Caprodon",-72.375043,NA,-53.568279,"PreservedSpecimen","ummz_fish",NA,"215344","1936-03-13",NA,"Serranidae","Caprodon",NA,NA,NA,NA,"iDigBio; Fish",NA,NA,NA,NA,"89ce28dc-b377-468f-8fe3-edb53c2d43d9","NULL"
"259d4ced-ebbd-4f5a-88ab-7976553f0b4e","Punta Bueno, Strait of Magellan",NA,"UMMZ","RL Fricke on 'Vagabondia'",1936,NA,"Notothenia",-72.375043,NA,-53.568279,"PreservedSpecimen","ummz_fish",NA,"215347","1936-03-17",NA,"Nototheniidae","Notothenia",NA,NA,NA,NA,"iDigBio; Fish",NA,NA,NA,NA,"c4ebfd49-ad56-4687-ad60-fdb8aefe01fb","NULL"
"http://n2t.net/ark:/65665/38ff17e9c-40c4-480a-91cc-f43c947cc5c3","Chile, Puerto Montt and Canal Tenglo","urn:lsid:biocol.org:col:34871","USNM",NA,1945,"Animalia","Eleginops",-72.97,NA,-41.5,"PreservedSpecimen","FISH","1945 Jan 18 - 0000 00 00","USNM 176389","1945-01-18","urn:uuid:09c9cf5f-f5d3-48cc-b5c8-cd9b9fbd631f","Nototheniidae","Eleginops maclovinus","South Pacific Ocean",3,NA,NA,"iDigBio; NMNH Extant Biology",NA,NA,NA,NA,"1d32cabd-2b64-4e7a-9d14-bcfd777143e1","NULL"
"http://n2t.net/ark:/65665/347e50d2a-6abf-4f62-84b8-4e6c9ea77e1c","Chile, Puerto Montt and Canal Tenglo","urn:lsid:biocol.org:col:34871","USNM",NA,1945,"Animalia","Eleginops",-72.97,NA,-41.5,"PreservedSpecimen","FISH","1945 Jan 18 - 0000 00 00","USNM 114933","1945-01-18","urn:uuid:09c9cf5f-f5d3-48cc-b5c8-cd9b9fbd631f","Nototheniidae","Eleginops maclovinus","South Pacific Ocean",2,NA,NA,"iDigBio; NMNH Extant Biology",NA,NA,NA,NA,"2684efb2-c0d7-4b55-af1c-f700ed4d1265","NULL"
"http://n2t.net/ark:/65665/3e3d9c86c-ad95-4868-9248-57cb0ffeb6e8","Chile, Bahia Lin","urn:lsid:biocol.org:col:34871","USNM",NA,1945,"Animalia","Patagonotothen",-73.1,NA,-41.9,"PreservedSpecimen","FISH","1945 Jan 20 - 0000 00 00","USNM 200786","1945-01-20","urn:uuid:09c9cf5f-f5d3-48cc-b5c8-cd9b9fbd631f","Nototheniidae","Patagonotothen brevicauda","South Pacific Ocean",1,NA,NA,"iDigBio; NMNH Extant Biology",NA,NA,NA,NA,"12f71724-cb9e-45ea-b590-f084618e4f19","NULL"
"http://n2t.net/ark:/65665/3dc3fbf19-45cf-41d6-a3cb-dc72011b55ff","Chile, Bahia Lin","urn:lsid:biocol.org:col:34871","USNM",NA,1945,"Animalia","Patagonotothen",-73.1,NA,-41.9,"PreservedSpecimen","FISH","1945 Jan 20 - 0000 00 00","USNM 176597","1945-01-20","urn:uuid:09c9cf5f-f5d3-48cc-b5c8-cd9b9fbd631f","Nototheniidae","Patagonotothen longipes","South Pacific Ocean",3,NA,NA,"iDigBio; NMNH Extant Biology",NA,NA,NA,NA,"a84e2e7c-44ca-42ad-bc7f-16f2abea8277","NULL"
"http://n2t.net/ark:/65665/3f100c5fe-53df-4c27-a44b-ea0373e4b155","Chile, Castro","urn:lsid:biocol.org:col:34871","USNM",NA,1945,"Animalia","Patagonotothen",-72.77,NA,-42.48,"PreservedSpecimen","FISH","1945 Jan 20 - 0000 00 00","USNM 114931","1945-01-20","urn:uuid:09c9cf5f-f5d3-48cc-b5c8-cd9b9fbd631f","Nototheniidae","Patagonotothen longipes","South Pacific Ocean",2,NA,NA,"iDigBio; NMNH Extant Biology",NA,NA,NA,NA,"c1a6f206-d473-4206-a9ff-56ae7af32c8d","NULL"
"http://n2t.net/ark:/65665/3062165d7-f29a-4954-88e3-e128f1ff988e","Chile, Bahia Lin","urn:lsid:biocol.org:col:34871","USNM",NA,1945,"Animalia","Cottoperca",-73.1,NA,-41.9,"PreservedSpecimen","FISH","1945 Jan 20 - 0000 00 00","USNM 176596","1945-01-20","urn:uuid:09c9cf5f-f5d3-48cc-b5c8-cd9b9fbd631f","Bovichtidae","Cottoperca gobio","South Pacific Ocean",1,NA,NA,"iDigBio; NMNH Extant Biology",NA,NA,NA,NA,"f3cf9fc4-32f1-46b8-9778-f13722a8387e","NULL"
"http://n2t.net/ark:/65665/30950ccce-913b-4251-b197-cc3aec440e48","Chile, Puerto Auchemo","urn:lsid:biocol.org:col:34871","USNM",NA,1945,"Animalia","Eleginops",-72.83,NA,-43.025,"PreservedSpecimen","FISH","1945 Jan 22 - 0000 00 00","USNM 176388","1945-01-22","urn:uuid:09c9cf5f-f5d3-48cc-b5c8-cd9b9fbd631f","Nototheniidae","Eleginops maclovinus","South Pacific Ocean",5,NA,NA,"iDigBio; NMNH Extant Biology",NA,NA,NA,NA,"55a48c1a-dc46-4ccd-a6e8-b0f6303ad85b","NULL"
"http://n2t.net/ark:/65665/36fd90e6a-bb08-4653-a99e-4d14f3597e93","Chile, Puerto Auchemo","urn:lsid:biocol.org:col:34871","USNM",NA,1945,"Animalia","Bovichtus",-72.83,NA,-43.025,"PreservedSpecimen","FISH","1945 Jan 22 - 0000 00 00","USNM 176393","1945-01-22","urn:uuid:09c9cf5f-f5d3-48cc-b5c8-cd9b9fbd631f","Bovichtidae","Bovichtus chilensis","South Pacific Ocean",1,NA,NA,"iDigBio; NMNH Extant Biology",NA,NA,NA,NA,"e5cfd5d0-ee9a-40ce-9b7b-3c888d541dc1","NULL"
"http://n2t.net/ark:/65665/332815eff-9c2c-433a-97c3-27da2c4ba4a3","Chile, Puerto Auchemo, near Islacarmenrock, pool with Derris","urn:lsid:biocol.org:col:34871","USNM",NA,1945,"Animalia","Myxodes",-72.83,NA,-43.025,"PreservedSpecimen","FISH","1945 Jan 23 - 0000 00 00","USNM 176543","1945-01-23","urn:uuid:09c9cf5f-f5d3-48cc-b5c8-cd9b9fbd631f","Clinidae","Myxodes cristatus","South Pacific Ocean",1,NA,NA,"iDigBio; NMNH Extant Biology",NA,NA,NA,NA,"60aae3d5-33eb-4c2b-a1b4-5fb3f204b979","NULL"
"http://n2t.net/ark:/65665/3216909cf-90dd-4f97-adb1-b4dc5edc0e51","Chile, Puerto Auchemo","urn:lsid:biocol.org:col:34871","USNM",NA,1945,"Animalia","Patagonotothen",-72.83,NA,-43.025,"PreservedSpecimen","FISH","1945 Jan 23 - 0000 00 00","USNM 114932","1945-01-23","urn:uuid:09c9cf5f-f5d3-48cc-b5c8-cd9b9fbd631f","Nototheniidae","Patagonotothen longipes","South Pacific Ocean",1,NA,NA,"iDigBio; NMNH Extant Biology",NA,NA,NA,NA,"9d6619c5-480f-43e8-b782-e401bbf72b54","NULL"
"http://n2t.net/ark:/65665/3b8a7eea9-316a-437c-98a8-5888cf2096cd","Chile, Tic Toc Bay","urn:lsid:biocol.org:col:34871","USNM",NA,1945,"Animalia","Eleginops",-73,NA,-43.62,"PreservedSpecimen","FISH","1945 Jan 24 - 0000 00 00","USNM 176386","1945-01-24","urn:uuid:09c9cf5f-f5d3-48cc-b5c8-cd9b9fbd631f","Nototheniidae","Eleginops maclovinus","South Pacific Ocean, Tic Toc Bay",2,NA,NA,"iDigBio; NMNH Extant Biology",NA,NA,NA,NA,"27e6d89c-51a0-4a9b-8490-88d724504a97","NULL"
"http://n2t.net/ark:/65665/39198ee8b-35a5-45e8-a179-ca5a4722cb17","Chile, Tic Toc Bay","urn:lsid:biocol.org:col:34871","USNM",NA,1945,"Animalia","Patagonotothen",-73,NA,-43.62,"PreservedSpecimen","FISH","1945 Jan 24 - 0000 00 00","USNM 176486","1945-01-24","urn:uuid:09c9cf5f-f5d3-48cc-b5c8-cd9b9fbd631f","Nototheniidae","Patagonotothen longipes","South Pacific Ocean, Tic Toc Bay",1,NA,NA,"iDigBio; NMNH Extant Biology",NA,NA,NA,NA,"46761a09-9f5a-46b1-9820-739ecb7b66e7","NULL"
"http://n2t.net/ark:/65665/37036d34a-8928-4a41-a0e2-b949612670c4","Chile, Puerto Auchemo","urn:lsid:biocol.org:col:34871","USNM",NA,1945,"Animalia","Patagonotothen",-72.83,NA,-43.025,"PreservedSpecimen","FISH","1945 Jan 24 - 0000 00 00","USNM 176390","1945-01-24","urn:uuid:09c9cf5f-f5d3-48cc-b5c8-cd9b9fbd631f","Nototheniidae","Patagonotothen longipes","South Pacific Ocean",7,NA,NA,"iDigBio; NMNH Extant Biology",NA,NA,NA,NA,"63d44679-e60c-49f3-9b2f-f69843e73f3f","NULL"
"http://n2t.net/ark:/65665/336022ab9-83cd-47e0-9c90-6c478ae4db8c","Chile, Tictoc Bay","urn:lsid:biocol.org:col:34871","USNM","Derris",1945,"Animalia","Helcogrammoides",-73,NA,-43.62,"PreservedSpecimen","FISH","1945 Jan 24 - 0000 00 00","USNM 176503","1945-01-24","urn:uuid:09c9cf5f-f5d3-48cc-b5c8-cd9b9fbd631f","Tripterygiidae","Helcogrammoides cunninghami","South Pacific Ocean",5,NA,NA,"iDigBio; NMNH Extant Biology",NA,NA,NA,NA,"9dfb83ab-51fa-4e90-a850-834818230e77","NULL"
"http://n2t.net/ark:/65665/3d220a463-d058-414e-8ab8-4235303aa3a2","Chile, Tic Toc Bay","urn:lsid:biocol.org:col:34871","USNM",NA,1945,"Animalia","Nemadactylus",-73,NA,-43.62,"PreservedSpecimen","FISH","1945 Jan 24 - 0000 00 00","USNM 176477","1945-01-24","urn:uuid:09c9cf5f-f5d3-48cc-b5c8-cd9b9fbd631f","Cheilodactylidae","Nemadactylus bergi","South Pacific Ocean, Tic Toc Bay",1,NA,NA,"iDigBio; NMNH Extant Biology",NA,NA,NA,NA,"e028b606-51ce-4893-a3f3-1cafa1098fb0","NULL"
"http://n2t.net/ark:/65665/3dd7626c2-b8b4-4c28-829b-54062bf70bf5","Chile, Huichas Island","urn:lsid:biocol.org:col:34871","USNM",NA,1945,"Animalia","Cottoperca",-73.55,NA,-45.175,"PreservedSpecimen","FISH","1945 Jan 25 - 0000 00 00","USNM 176423","1945-01-25","urn:uuid:09c9cf5f-f5d3-48cc-b5c8-cd9b9fbd631f","Bovichtidae","Cottoperca gobio","South Pacific Ocean",1,NA,NA,"iDigBio; NMNH Extant Biology",NA,NA,NA,NA,"3be6c329-6515-4e3f-a3d7-2cb10d75c47b","NULL"
"http://n2t.net/ark:/65665/3aede503a-560e-4a0f-83cb-96e0425b6a9b","Huichas Island","urn:lsid:biocol.org:col:34871","USNM",NA,1945,"Animalia","Notothenia",-73.55,NA,-45.175,"PreservedSpecimen","FISH","1945 Jan 25 - 0000 00 00","USNM 176391","1945-01-25","urn:uuid:09c9cf5f-f5d3-48cc-b5c8-cd9b9fbd631f","Nototheniidae","Notothenia angustata","South Pacific Ocean",1,NA,NA,"iDigBio; NMNH Extant Biology",NA,NA,NA,NA,"bbc703b1-07d7-4eb7-a742-42208b9be7de","NULL"
"http://n2t.net/ark:/65665/34b6c3adf-8969-4d3d-8f7c-d8409dbca086","Chile, Puerto Ballena","urn:lsid:biocol.org:col:34871","USNM",NA,1945,"Animalia","Cottoperca",-73.45,NA,-44.15,"PreservedSpecimen","FISH","1945 Feb 01 - 0000 00 00","USNM 176392","1945-02-01","urn:uuid:09c9cf5f-f5d3-48cc-b5c8-cd9b9fbd631f","Bovichtidae","Cottoperca gobio","South Pacific Ocean",1,NA,NA,"iDigBio; NMNH Extant Biology",NA,NA,NA,NA,"65aa079d-6f00-476e-88af-40b4ad464c5a","NULL"
"http://n2t.net/ark:/65665/350a0e746-685f-4f77-90bd-ee7fe0955d1c","Quellon (Chiloe Island)","urn:lsid:biocol.org:col:34871","USNM",NA,1945,"Animalia","Seriolella",-73.62,NA,-43.13,"PreservedSpecimen","FISH",NA,"USNM 176593","1945-02-02/1945-02-03","urn:uuid:09c9cf5f-f5d3-48cc-b5c8-cd9b9fbd631f","Centrolophidae","Seriolella porosa","South Pacific Ocean",3,NA,NA,"iDigBio; NMNH Extant Biology",NA,NA,NA,NA,"f453fcd1-8682-44a7-8e1c-d372bdb13cfa","NULL"
"http://n2t.net/ark:/65665/3e5de4214-df7b-48a9-9962-9998e68465e9","Chile, Chonchi, Chiloe Island","urn:lsid:biocol.org:col:34871","USNM",NA,1945,"Animalia","Cottoperca",-73.77,NA,-42.625,"PreservedSpecimen","FISH","1945 Feb 04 - 0000 00 00","USNM 114925","1945-02-04","urn:uuid:09c9cf5f-f5d3-48cc-b5c8-cd9b9fbd631f","Bovichtidae","Cottoperca gobio","South Pacific Ocean",5,NA,NA,"iDigBio; NMNH Extant Biology",NA,NA,NA,NA,"7a91131f-5df1-44a8-97c0-afc96bc19240","NULL"
"http://n2t.net/ark:/65665/3d1b08a90-28c1-4d2b-81ca-0350220019bd","Ancud, Chiloe Island, Golfo de Quetalmaue, Pullingua","urn:lsid:biocol.org:col:34871","USNM",NA,1945,"Animalia","Ophiogobius",-73.88,NA,-41.87,"MachineObservation","FISH","1945 Feb 07 - 0000 00 00","USNM RAD108929","1945-02-07","urn:uuid:09c9cf5f-f5d3-48cc-b5c8-cd9b9fbd631f","Gobiidae","Ophiogobius ophiocephalus","South Pacific Ocean",2,NA,NA,"iDigBio; NMNH Extant Biology",NA,NA,NA,NA,"110dda92-65b2-466f-8120-be500aacd59d","NULL"
"http://n2t.net/ark:/65665/36fd568ea-dbaa-4836-ab6a-32ef71c79cae","Ancud, Chiloe Island, Golfo de Quetalmaue, Pullingua","urn:lsid:biocol.org:col:34871","USNM",NA,1945,"Animalia","Ophiogobius",-73.88,NA,-41.87,"PreservedSpecimen","FISH","1945 Feb 07 - 0000 00 00","USNM 176505","1945-02-07","urn:uuid:09c9cf5f-f5d3-48cc-b5c8-cd9b9fbd631f","Gobiidae","Ophiogobius ophiocephalus","South Pacific Ocean",1,NA,NA,"iDigBio; NMNH Extant Biology",NA,NA,NA,NA,"7e19cd65-58f6-4167-8326-91665e41616f","NULL"
"C691040C-E2AE-408A-A919-BAABED16DC25","Punta Santa Maria, Peninsula de Brunswick, 23 km S of Ciudad Punta Arenas",NA,"UF","Cekulovic, J",1956,NA,"Patagonotothen",-70.9665,NA,-53.365857,"PreservedSpecimen","Fish",NA,"206219","1956-03-24",NA,"Nototheniidae","Patagonotothen cornucola",NA,NA,NA,NA,"iDigBio",NA,NA,NA,NA,"64674cfd-223e-4a00-a6fc-39854aec19a4","NULL"
"D680C9FA-E5A9-487B-B066-891D3ECB3401","Punta Santa Maria, Peninsula de Brunswick, 23 km S of Ciudad Punta Arenas",NA,"UF","Cekulovic, J",1956,NA,"Harpagifer",-70.9665,NA,-53.365857,"PreservedSpecimen","Fish",NA,"206218","1956-03-24",NA,"Harpagiferidae","Harpagifer bispinis",NA,NA,NA,NA,"iDigBio",NA,NA,NA,NA,"fb9bbb02-7747-4497-9613-8691ab9e8a78","NULL"
"15a4b9d7-9801-4bc9-91d8-a1a8f97fa619","Strait of Magellan, Punta Arenas, intertidal","https://scientific-collections.gbif.org/institution/2fc908ba-e775-49e2-bffe-6b9041c3b70f","LACM","Eltanin",1966,"Animalia","Austrolycus",-70.88,NA,-53.16,"PreservedSpecimen","Fish",NA,"26550.000","1966-03-30","https://scientific-collections.gbif.org/collection/439095a6-e9e0-412b-b770-2a9200251977","Zoarcidae","Austrolycus depressiceps","Southeastern Pacific",1,NA,NA,"iDigBio; LACM Vertebrates","Vessel: Eltanin","individuals","Elt.","1","714368aa-eb64-4bbd-a9a4-c1ac7697dcef","NULL"
"http://n2t.net/ark:/65665/3cfb3c4f9-4380-4c5d-bf20-3f30eca22327","Near Puerto Montt Chile","urn:lsid:biocol.org:col:34871","USNM",NA,1967,"Animalia","Prolatilus",-73.07,NA,-41.6,"PreservedSpecimen","FISH","1967 Sep 16 - 0000 00 00","USNM 213592","1967-09-16","urn:uuid:09c9cf5f-f5d3-48cc-b5c8-cd9b9fbd631f","Pinguipedidae","Prolatilus jugularis","South Pacific Ocean",2,NA,NA,"iDigBio; NMNH Extant Biology",NA,NA,NA,NA,"208eebbb-e92e-4510-af1c-beaa994aa7d5","NULL"
"MCZ:Ich:46219","Stream entering Lago Buenos Ayres.","b4640710-8e03-11d8-b956-b8a03c50a862","MCZ","Robert M. McDowall",1968,"Animalia","Percichthys",-72.11705,78689,-46.5263,"PreservedSpecimen","Ich","17/2/1968-17/2/1968","46219","1968-02-17",NA,"Percichthyidae","Percichthys trucha (Valenciennes, 1833)",NA,4,"adult",NA,"iDigBio",NA,NA,NA,NA,"40773073-813d-481a-9f69-37c6965e312c","list(`dwc:identifiedBy` = ""Robert M. McDowall"", `dwc:identificationRemarks` = ""[MUSE DETERMINER: McDowell_RM/1968]"", `dwc:identificationVerificationStatus` = ""migration"", coreid = ""MCZ:Ich:46219"", `dwc:identificationID` = ""846154"", `dwc:scientificName` = ""Percichthys trucha"")"
"urn:catalog:CAS:ICH:53299","Ushuaia, Bahia Golondrina; in tidepool under rocks.","http://grscicoll.org/institution/california-academy-sciences","CAS","Gosztonyi, Atila E.",1968,"Animalia","Maynea",-68.583333,NA,-53.833333,"PreservedSpecimen","ICH",NA,"53299","1968-11-23","http://grscicoll.org/institutional-collection/cas-ichthyology","Zoarcidae","Maynea puncta",NA,1,NA,NA,"iDigBio",NA,NA,NA,NA,"a8f03786-ac7e-4ff0-9574-8500937e11e1","NULL"
"http://n2t.net/ark:/65665/3de06565b-baee-498c-912b-fe7ca908e84d","Entrance to Puerto Bueno","urn:lsid:biocol.org:col:34871","USNM",NA,1969,"Animalia","Patagonotothen",-74.22,NA,-51,"PreservedSpecimen","FISH","1969 00 00 - 0000 00 00","USNM 367132","1969","urn:uuid:09c9cf5f-f5d3-48cc-b5c8-cd9b9fbd631f","Nototheniidae","Patagonotothen longipes","South Pacific Ocean",1,NA,NA,"iDigBio; NMNH Extant Biology",NA,NA,NA,NA,"ea4caa49-7a27-4f14-8434-de7fcedc6ae5","NULL"
"http://n2t.net/ark:/65665/3e72d7d28-1b8b-4002-8625-3b1202d0a225","At Punta Santa Ana Peninsula De Brunswick, Chile from high sub-tidal.","urn:lsid:biocol.org:col:34871","USNM",NA,1969,"Animalia","Patagonotothen",-70.8425,NA,-53.5133,"PreservedSpecimen","FISH","1969 Apr 16 - 0000 00 00","USNM 369881","1969-04-16","urn:uuid:09c9cf5f-f5d3-48cc-b5c8-cd9b9fbd631f","Nototheniidae","Patagonotothen","South Pacific Ocean",2,NA,NA,"iDigBio; NMNH Extant Biology",NA,NA,NA,NA,"1325b466-ef43-464a-a11e-d97347f6b7df","NULL"
"http://n2t.net/ark:/65665/392eecb71-b1be-4815-9b68-3c1a4179ee4e","At Punta Santa Ana Peninsula De Brunswick, Chile from high sub-tidal.","urn:lsid:biocol.org:col:34871","USNM",NA,1969,"Animalia","Patagonotothen",-70.8425,NA,-53.5133,"PreservedSpecimen","FISH","1969 Apr 16 - 0000 00 00","USNM 369180","1969-04-16","urn:uuid:09c9cf5f-f5d3-48cc-b5c8-cd9b9fbd631f","Nototheniidae","Patagonotothen","South Pacific Ocean",6,NA,NA,"iDigBio; NMNH Extant Biology",NA,NA,NA,NA,"15481da9-1752-484b-a09a-374cbcd4835f","NULL"
"http://n2t.net/ark:/65665/35fb3435c-34d1-419a-b198-51b6c160554b","At Punta Santa Ana Peninsula De Brunswick, Chile from high sub-tidal.","urn:lsid:biocol.org:col:34871","USNM",NA,1969,"Animalia","Paranotothenia",-70.8425,NA,-53.5133,"PreservedSpecimen","FISH","1969 Apr 16 - 0000 00 00","USNM 369137","1969-04-16","urn:uuid:09c9cf5f-f5d3-48cc-b5c8-cd9b9fbd631f","Nototheniidae","Paranotothenia magellanica","South Pacific Ocean",2,NA,NA,"iDigBio; NMNH Extant Biology",NA,NA,NA,NA,"68e72fc6-e014-4511-95fe-59b727ce2bda","NULL"
"e344bc9c-6c33-4719-b602-8712168e75b5","Peninsula de Brunswick; at Punta sta. Ana; from high sub-tidal","https://scientific-collections.gbif.org/institution/2fc908ba-e775-49e2-bffe-6b9041c3b70f","LACM",NA,1969,"Animalia","Maynea",-70.84,NA,-53.51,"PreservedSpecimen","Fish",NA,"43723.001","1969-04-16","https://scientific-collections.gbif.org/collection/439095a6-e9e0-412b-b770-2a9200251977","Zoarcidae","Maynea puncta","South Pacific",1,NA,NA,"iDigBio; LACM Vertebrates","Capture Method: poison station","individuals","USARP 69-6A","1","7e8573ca-d670-469a-8d14-8ab27d6a5fab","NULL"
"http://n2t.net/ark:/65665/39530cd67-3d1f-4606-b8c9-83f78a5c46af","At Punta Santa Ana Peninsula De Brunswick, Chile from high sub-tidal.","urn:lsid:biocol.org:col:34871","USNM",NA,1969,"Animalia","Paranotothenia",-70.8425,NA,-53.5133,"PreservedSpecimen","FISH","1969 Apr 16 - 0000 00 00","USNM 370794","1969-04-16","urn:uuid:09c9cf5f-f5d3-48cc-b5c8-cd9b9fbd631f","Nototheniidae","Paranotothenia magellanica","South Pacific Ocean",3,NA,NA,"iDigBio; NMNH Extant Biology",NA,NA,NA,NA,"808a1ae0-4d66-4804-a14e-bd46940522b9","NULL"
"02796802-77df-4e03-9103-971975d04ae1","Peninsula de Brunswick, Punta Sta. Ana","https://scientific-collections.gbif.org/institution/2fc908ba-e775-49e2-bffe-6b9041c3b70f","LACM","USARP, SOSC Ref.No.520",1969,"Animalia","Austrolycus",-70.84,NA,-53.51,"PreservedSpecimen","Fish",NA,"44910.001","1969-04-24","https://scientific-collections.gbif.org/collection/439095a6-e9e0-412b-b770-2a9200251977","Zoarcidae","Austrolycus depressiceps","Eastern Pacific",5,NA,NA,"iDigBio; LACM Vertebrates","Capture Method: hand","individuals","69-11","5","575f3d18-d76a-44e1-8515-fd8d4e5813a5","NULL"
"http://n2t.net/ark:/65665/31f1d998e-cc38-4de8-a17f-2ce595a7848f","Punta Santa Ana, Peninsula De Brunswick, Chile.","urn:lsid:biocol.org:col:34871","USNM",NA,1969,"Animalia","Patagonotothen",-70.8425,NA,-53.5133,"PreservedSpecimen","FISH","1969 Apr 24 - 0000 00 00","USNM 369880","1969-04-24","urn:uuid:09c9cf5f-f5d3-48cc-b5c8-cd9b9fbd631f","Nototheniidae","Patagonotothen","South Pacific Ocean",2,NA,NA,"iDigBio; NMNH Extant Biology",NA,NA,NA,NA,"9b0610de-a25d-4669-80b1-1d49368a8a05","NULL"
"http://n2t.net/ark:/65665/352ce6745-cc5d-433d-933b-630df17ab3a5","Punta Santa Ana, Peninsula De Brunswick, Chile.","urn:lsid:biocol.org:col:34871","USNM",NA,1969,"Animalia","Patagonotothen",-70.8425,NA,-53.5133,"PreservedSpecimen","FISH","1969 Apr 24 - 0000 00 00","USNM 370793","1969-04-24","urn:uuid:09c9cf5f-f5d3-48cc-b5c8-cd9b9fbd631f","Nototheniidae","Patagonotothen","South Pacific Ocean",5,NA,NA,"iDigBio; NMNH Extant Biology",NA,NA,NA,NA,"d7eed9ab-6590-4221-bf8a-bb695446e693","NULL"
"http://n2t.net/ark:/65665/35a254e5c-dcba-4522-b686-0f735ec57b51","Creek near Chilean Naval Outpost, north northwest of Harris Bay, east coast of Dawson Island, Chile.","urn:lsid:biocol.org:col:34871","USNM","H. Fehlmann",1969,"Animalia",NA,-70.45,NA,-53.8389,"PreservedSpecimen","FISH","1969 May 13 - 0000 00 00","USNM 370735","1969-05-13","urn:uuid:09c9cf5f-f5d3-48cc-b5c8-cd9b9fbd631f","Nototheniidae","Nototheniidae",NA,3,NA,NA,"iDigBio; NMNH Extant Biology",NA,NA,NA,NA,"cc367016-dd46-415e-a608-62f28bae333b","NULL"
"8b637ab7-d7cb-4b36-89ef-7e2c703f9b05","kelp beds on SSE side of Harriss Bay; east coast of Dawson Island; SOSC ref. no. 520","https://scientific-collections.gbif.org/institution/2fc908ba-e775-49e2-bffe-6b9041c3b70f","LACM",NA,1969,"Animalia","Pogonolycus",-70.43,NA,-53.86,"PreservedSpecimen","Fish",NA,"43713.002","1969-05-18","https://scientific-collections.gbif.org/collection/439095a6-e9e0-412b-b770-2a9200251977","Zoarcidae","Pogonolycus marinae","Eastern Pacific",2,NA,NA,"iDigBio; LACM Vertebrates","Capture Method: hand ""shore coll""","individuals","USARP 69-24","2","040a8802-5568-4d7d-9615-531a8e13cea0","NULL"
"0c9bc0d4-e6d3-461c-9a8f-9955ef59aaf7","kelp beds on SSE side of Harriss Bay; east coast of Dawson Island; SOSC ref. no. 520","https://scientific-collections.gbif.org/institution/2fc908ba-e775-49e2-bffe-6b9041c3b70f","LACM",NA,1969,"Animalia","Maynea",-70.43,NA,-53.86,"PreservedSpecimen","Fish",NA,"43713.001","1969-05-18","https://scientific-collections.gbif.org/collection/439095a6-e9e0-412b-b770-2a9200251977","Zoarcidae","Maynea puncta","Eastern Pacific",8,NA,NA,"iDigBio; LACM Vertebrates","Capture Method: hand ""shore coll""","individuals","USARP 69-24","8","74c89c5e-9b65-4c54-800f-26ceb7121a85","NULL"
"http://n2t.net/ark:/65665/33fa82c85-8e57-4b7c-85be-974c30303a1a","Bahia Isthmus","urn:lsid:biocol.org:col:34871","USNM",NA,1969,"Animalia","Patagonotothen",-73.62,NA,-52.17,"PreservedSpecimen","FISH","1969 Oct 22 - 0000 00 00","USNM 367111","1969-10-22","urn:uuid:09c9cf5f-f5d3-48cc-b5c8-cd9b9fbd631f","Nototheniidae","Patagonotothen cornucola","South Pacific Ocean",1,NA,NA,"iDigBio; NMNH Extant Biology",NA,NA,NA,NA,"c4da078f-9021-43c8-aecf-9c999d21be7a","NULL"
"http://n2t.net/ark:/65665/326cf2194-1cfd-4834-9d75-1cc4894f407e","Entrance to Puerto Bueno","urn:lsid:biocol.org:col:34871","USNM",NA,1969,"Animalia","Harpagifer",-74.22,NA,-51,"PreservedSpecimen","FISH","1969 Oct 23 - 0000 00 00","USNM 296587","1969-10-23","urn:uuid:09c9cf5f-f5d3-48cc-b5c8-cd9b9fbd631f","Harpagiferidae","Harpagifer bispinis","South Pacific Ocean",1,NA,NA,"iDigBio; NMNH Extant Biology",NA,NA,NA,NA,"766f23ee-2cf4-4fcb-a829-f54d5b582fea","NULL"
"http://n2t.net/ark:/65665/3341e4007-8078-413e-a526-a589cc12437e","West side of Isla Campbell","urn:lsid:biocol.org:col:34871","USNM",NA,1969,"Animalia","Patagonotothen",-73.67,NA,-52.37,"PreservedSpecimen","FISH","1969 Oct 31 - 0000 00 00","USNM 367112","1969-10-31","urn:uuid:09c9cf5f-f5d3-48cc-b5c8-cd9b9fbd631f","Nototheniidae","Patagonotothen cornucola","South Pacific Ocean",2,NA,NA,"iDigBio; NMNH Extant Biology",NA,NA,NA,NA,"d72b0eed-05e8-4316-933d-5f9baae62cfa","NULL"
"http://n2t.net/ark:/65665/381d54aee-1fe0-4993-bf19-46a05a44dd4b","West side of Isla Campbell","urn:lsid:biocol.org:col:34871","USNM",NA,1969,"Animalia","Patagonotothen",-73.67,NA,-52.37,"PreservedSpecimen","FISH","1969 Oct 31 - 0000 00 00","USNM 367133","1969-10-31","urn:uuid:09c9cf5f-f5d3-48cc-b5c8-cd9b9fbd631f","Nototheniidae","Patagonotothen sima","South Pacific Ocean",1,NA,NA,"iDigBio; NMNH Extant Biology",NA,NA,NA,NA,"fd25a505-667b-416b-8c19-92d5223e65d0","NULL"
"f35c9251-b102-1024-388c-9d896b9df806","Puerto Williams Harbor, Seno Lauta","http://biocol.org/urn:lsid:biocol.org:col:34935","CMN","Bousfield, Edward L.",1970,"Animalia","Patagonotothen",-67.6233,NA,-54.9382,"PreservedSpecimen","CMNFI","1970-01-31","CMNFI 1970-0447.1","1970-01-31","http://grbio.org/cool/fpjs-vpys","Nototheniidae","Patagonotothen cornucola",NA,4,NA,NA,"iDigBio; Fish",NA,NA,NA,NA,"25e7deda-a304-477b-bff9-620bab5e319b","NULL"
"8dab02b7-0d9e-d9e4-4495-ad1e1c43074a","Puerto Williams Harbor, Seno Lauta","http://biocol.org/urn:lsid:biocol.org:col:34935","CMN","Bousfield, Edward L.",1970,"Animalia","Patagonotothen",-67.6233,NA,-54.9382,"PreservedSpecimen","CMNFI","1970-01-31","CMNFI 1970-0447.3","1970-01-31","http://grbio.org/cool/fpjs-vpys","Nototheniidae","Patagonotothen sima",NA,1,NA,NA,"iDigBio; Fish",NA,NA,NA,NA,"98d897a9-b82f-4204-8210-aa9d6a5b4ef6","NULL"
"8ca2b812-eec3-ec34-fcb7-909b7e96e92c","Puerto Williams Harbour, inside W spit","http://biocol.org/urn:lsid:biocol.org:col:34935","CMN","Bousfield, Edward L.",1970,"Animalia","Patagonotothen",-67.6111,NA,-54.9269,"PreservedSpecimen","CMNFI","1970-01-31","CMNFI 1970-0448.1","1970-01-31","http://grbio.org/cool/fpjs-vpys","Nototheniidae","Patagonotothen cornucola",NA,1,NA,NA,"iDigBio; Fish",NA,NA,NA,NA,"a255ce43-6296-4b73-8c22-2995d5d1d8aa","NULL"
"200e024a-5886-8864-a892-24633c01b61c","Puerto Williams Harbor, Seno Lauta","http://biocol.org/urn:lsid:biocol.org:col:34935","CMN","Bousfield, Edward L.",1970,"Animalia","Patagonotothen",-67.6233,NA,-54.9382,"PreservedSpecimen","CMNFI","1970-01-31","CMNFI 1970-0447.2","1970-01-31","http://grbio.org/cool/fpjs-vpys","Nototheniidae","Patagonotothen tessellata",NA,1,NA,NA,"iDigBio; Fish",NA,NA,NA,NA,"d1d06158-49a6-47d0-be5b-de2a60bb87f9","NULL"
"801fc3f4-86c0-6c04-a0b5-5f294711852d","Bahia Contreras, near mouth of Bahia Yendegaia","http://biocol.org/urn:lsid:biocol.org:col:34935","CMN","Bousfield, Edward L.",1970,"Animalia","Patagonotothen",-68.7783,NA,-54.8678,"PreservedSpecimen","CMNFI","1970-02-02","CMNFI 1970-0449.1","1970-02-02","http://grbio.org/cool/fpjs-vpys","Nototheniidae","Patagonotothen cornucola",NA,4,NA,NA,"iDigBio; Fish",NA,NA,NA,NA,"0c7736d1-47af-473e-b1c9-5942d1d12a11","NULL"
"9a35d70f-dbe3-be34-9fa2-1d70a6089bfe",NA,"http://biocol.org/urn:lsid:biocol.org:col:34935","CMN","Bousfield, Edward L.",1970,"Animalia","Harpagifer",-68.1489,NA,-55.0589,"PreservedSpecimen","CMNFI","1970-02-03","CMNFI 1970-0456.1","1970-02-03","http://grbio.org/cool/fpjs-vpys","Harpagiferidae","Harpagifer bispinis",NA,1,NA,NA,"iDigBio; Fish",NA,NA,NA,NA,"71752316-39e6-4900-9766-cd5af5a87211","NULL"
"6bc97bf3-b7f4-7f44-a2b9-3076f9f32d98","Banco de las Tacas","http://biocol.org/urn:lsid:biocol.org:col:34935","CMN","Bousfield, Edward L. | Markham, James W.",1970,"Animalia","Patagonotothen",-67.0531,NA,-55.0844,"PreservedSpecimen","CMNFI","1970-02-05","CMNFI 1970-0450.3","1970-02-05","http://grbio.org/cool/fpjs-vpys","Nototheniidae","Patagonotothen cornucola",NA,1,NA,NA,"iDigBio; Fish",NA,NA,NA,NA,"2f21959e-3d0c-45f1-8c60-1b832628e563","NULL"
"9020d895-55bb-5bb4-1d88-72adbe0a693a","Banco de las Tacas","http://biocol.org/urn:lsid:biocol.org:col:34935","CMN","Bousfield, Edward L. | Markham, James W.",1970,"Animalia","Notothenia",-67.0531,NA,-55.0844,"PreservedSpecimen","CMNFI","1970-02-05","CMNFI 1970-0451.1","1970-02-05","http://grbio.org/cool/fpjs-vpys","Nototheniidae","Notothenia antarctica",NA,1,NA,NA,"iDigBio; Fish",NA,NA,NA,NA,"352ad1d7-fa4e-4744-9827-73f53dda07ea","NULL"
"229c9a27-4b7a-b7a4-6eac-ebdf72ace3fc","Banco de las Tacas","http://biocol.org/urn:lsid:biocol.org:col:34935","CMN","Bousfield, Edward L. | Markham, James W.",1970,"Animalia","Harpagifer",-67.0531,NA,-55.0844,"PreservedSpecimen","CMNFI","1970-02-05","CMNFI 1970-0450.2","1970-02-05","http://grbio.org/cool/fpjs-vpys","Harpagiferidae","Harpagifer bispinis",NA,1,NA,NA,"iDigBio; Fish",NA,NA,NA,NA,"3d95fd7c-ca4f-45e3-83b1-515673e05797","NULL"
"a9c7cd62-2d2c-d2c4-23af-c6de1d228da3","Banco de las Tacas","http://biocol.org/urn:lsid:biocol.org:col:34935","CMN","Bousfield, Edward L. | Markham, James W.",1970,"Animalia","Microgobius",-67.0531,NA,-55.0844,"PreservedSpecimen","CMNFI","1970-02-05","CMNFI 1970-0450.1","1970-02-05","http://grbio.org/cool/fpjs-vpys","Gobiidae","Microgobius",NA,1,NA,NA,"iDigBio; Fish",NA,NA,NA,NA,"512c447d-74fd-4b2f-b25a-4d02eafc1d23","NULL"
"9bacaed7-e2a0-2a04-eb8f-61b4e3c5d37d","Banco de las Tacas","http://biocol.org/urn:lsid:biocol.org:col:34935","CMN","Bousfield, Edward L. | Markham, James W.",1970,"Animalia","Patagonotothen",-67.0531,NA,-55.0844,"PreservedSpecimen","CMNFI","1970-02-05","CMNFI 1970-0451.2","1970-02-05","http://grbio.org/cool/fpjs-vpys","Nototheniidae","Patagonotothen cornucola",NA,1,NA,NA,"iDigBio; Fish",NA,NA,NA,NA,"8eb3c480-300f-48ec-b3a6-6be3be7a7898","NULL"
"c81dbc3e-665c-65c4-b686-62788e4e899d","Bahia Orange, head, stream mouth at radio station","http://biocol.org/urn:lsid:biocol.org:col:34935","CMN","Bousfield, Edward L.",1970,"Animalia","Patagonotothen",-68.0967,NA,-55.5208,"PreservedSpecimen","CMNFI","1970-02-14","CMNFI 1970-0452.3","1970-02-14","http://grbio.org/cool/fpjs-vpys","Nototheniidae","Patagonotothen tessellata",NA,8,NA,NA,"iDigBio; Fish",NA,NA,NA,NA,"1f73ff1d-1e95-47fe-bc4d-7ddb00f86dcb","NULL"
"71fc1e5a-8de6-de64-9b85-969d40cf4377","Bahia Orange, head, stream mouth at radio station","http://biocol.org/urn:lsid:biocol.org:col:34935","CMN","Bousfield, Edward L.",1970,"Animalia","Patagonotothen",-68.0967,NA,-55.5208,"PreservedSpecimen","CMNFI","1970-02-14","CMNFI 1970-0452.2","1970-02-14","http://grbio.org/cool/fpjs-vpys","Nototheniidae","Patagonotothen cornucola",NA,54,NA,NA,"iDigBio; Fish",NA,NA,NA,NA,"451b1976-cbeb-45be-9f47-7ecfd66e13d1","NULL"
"35406d73-1dd3-dd34-d3be-9e8d61f17020","Bahia Orange, head, stream mouth at radio station","http://biocol.org/urn:lsid:biocol.org:col:34935","CMN","Bousfield, Edward L.",1970,"Animalia","Harpagifer",-68.0967,NA,-55.5208,"PreservedSpecimen","CMNFI","1970-02-14","CMNFI 1970-0452.1","1970-02-14","http://grbio.org/cool/fpjs-vpys","Harpagiferidae","Harpagifer bispinis",NA,15,NA,NA,"iDigBio; Fish",NA,NA,NA,NA,"4a2fa528-04b9-48d1-8356-b8be3cef8953","NULL"
"17003603-3acc-acc4-1187-dbc00f8b3729","Bahia Orange, head, stream mouth at radio station","http://biocol.org/urn:lsid:biocol.org:col:34935","CMN","Bousfield, Edward L.",1970,"Animalia","Austrolycus",-68.0967,NA,-55.5208,"PreservedSpecimen","CMNFI","1970-02-14","CMNFI 1970-0452.4","1970-02-14","http://grbio.org/cool/fpjs-vpys","Zoarcidae","Austrolycus depressiceps",NA,1,NA,NA,"iDigBio; Fish",NA,NA,NA,NA,"a44fc07b-86cb-4a56-bdf5-4734cd399b3c","NULL"
"e10f4f3d-e46e-46e4-d6b0-4d38a25503ba","E side of Peninsula Hardy, Isla Bullock, N end","http://biocol.org/urn:lsid:biocol.org:col:34935","CMN","Bousfield, Edward L.",1970,"Animalia","Patagonotothen",-68.0389,NA,-55.5306,"PreservedSpecimen","CMNFI","1970-02-15","CMNFI 1970-0453.1","1970-02-15","http://grbio.org/cool/fpjs-vpys","Nototheniidae","Patagonotothen cornucola",NA,2,NA,NA,"iDigBio; Fish",NA,NA,NA,NA,"9aa33eb2-8b7e-4f8e-bd07-f5d3596e4802","NULL"
"432a9694-8c26-c264-a199-61f3d346d490","Puerto Williams harbour","http://biocol.org/urn:lsid:biocol.org:col:34935","CMN","Bousfield, Edward L.",1970,"Animalia","Notothenia",-67.6044,NA,-54.9278,"PreservedSpecimen","CMNFI","1970-02-19","CMNFI 1970-0454.1","1970-02-19","http://grbio.org/cool/fpjs-vpys","Nototheniidae","Notothenia antarctica",NA,1,NA,NA,"iDigBio; Fish",NA,NA,NA,NA,"214c6eed-826e-4f6b-a4b9-f9acd2a3d688","NULL"
"37a4883b-898b-98b4-1a9c-7de9c8c12f11","Islas Whaits, Isla Tongo","http://biocol.org/urn:lsid:biocol.org:col:34935","CMN","Bousfield, Edward L.",1970,"Animalia","Harpagifer",-68.3697,NA,-54.9239,"PreservedSpecimen","CMNFI","1970-02-19","CMNFI 1970-0455.1","1970-02-19","http://grbio.org/cool/fpjs-vpys","Harpagiferidae","Harpagifer bispinis",NA,1,NA,NA,"iDigBio; Fish",NA,NA,NA,NA,"7b126b95-7a26-460f-8b1c-d1e5612ec9c6","NULL"
"811f660f-c0ea-0ea4-b3a5-a068aea745c9","Islas Whaits, Isla Tongo","http://biocol.org/urn:lsid:biocol.org:col:34935","CMN","Bousfield, Edward L.",1970,"Animalia","Patagonotothen",-68.3697,NA,-54.9239,"PreservedSpecimen","CMNFI","1970-02-19","CMNFI 1970-0455.2","1970-02-19","http://grbio.org/cool/fpjs-vpys","Nototheniidae","Patagonotothen cornucola",NA,1,NA,NA,"iDigBio; Fish",NA,NA,NA,NA,"f074f4c3-b949-4fdc-9957-be676a2c79b6","NULL"
"http://n2t.net/ark:/65665/3f647c203-c0b5-4184-9101-b09c1a5c8c12",NA,"urn:lsid:biocol.org:col:34871","USNM",NA,1970,"Animalia","Patagonotothen",-70.925,NA,-53.65,"PreservedSpecimen","FISH","1970 Apr 25 - 0000 00 00","USNM 369882","1970-04-25","urn:uuid:09c9cf5f-f5d3-48cc-b5c8-cd9b9fbd631f","Nototheniidae","Patagonotothen","South Pacific Ocean",2,NA,NA,"iDigBio; NMNH Extant Biology",NA,NA,NA,NA,"5367fff8-4a8c-425d-a175-2b11458ee958","NULL"
"http://n2t.net/ark:/65665/3ec2183a6-e99a-49dd-92b4-986671b4d17a",NA,"urn:lsid:biocol.org:col:34871","USNM",NA,1970,"Animalia",NA,-70.9233,NA,-53.5524,"PreservedSpecimen","FISH","1970 Apr 25 - 0000 00 00","USNM 370782","1970-04-25","urn:uuid:09c9cf5f-f5d3-48cc-b5c8-cd9b9fbd631f","Nototheniidae","Nototheniidae","South Pacific Ocean",2,NA,NA,"iDigBio; NMNH Extant Biology",NA,NA,NA,NA,"94896f72-f62b-4f6c-9b33-7c0646f9588a","NULL"
"http://n2t.net/ark:/65665/3ea0cf89c-3e80-4d12-9020-d9fd3a439a2d",NA,"urn:lsid:biocol.org:col:34871","USNM",NA,1970,"Animalia",NA,-70.925,NA,-53.65,"PreservedSpecimen","FISH","1970 Apr 25 - 0000 00 00","USNM 370738","1970-04-25","urn:uuid:09c9cf5f-f5d3-48cc-b5c8-cd9b9fbd631f","Nototheniidae","Nototheniidae","South Pacific Ocean",1,NA,NA,"iDigBio; NMNH Extant Biology",NA,NA,NA,NA,"fda598c1-e555-4fc9-af13-83ceb30e2e26","NULL"
"http://n2t.net/ark:/65665/31ef67ad0-5982-4dbe-9d7e-70e4c3998aed","Strait of Magellan","urn:lsid:biocol.org:col:34871","USNM",NA,1970,"Animalia",NA,-70.9217,NA,-53.6517,"PreservedSpecimen","FISH","1970 Apr 26 - 0000 00 00","USNM 367485","1970-04-26","urn:uuid:09c9cf5f-f5d3-48cc-b5c8-cd9b9fbd631f","Nototheniidae","Nototheniidae","South Pacific Ocean",2,NA,NA,"iDigBio; NMNH Extant Biology",NA,NA,NA,NA,"12ed7f10-b70c-4530-912a-44edf0c7e462","NULL"
"http://n2t.net/ark:/65665/35115b7c7-5e33-45e3-9e77-31660ee56b8d",NA,"urn:lsid:biocol.org:col:34871","USNM",NA,1970,"Animalia","Patagonotothen",-70.9217,NA,-53.6517,"PreservedSpecimen","FISH","1970 Apr 26 - 0000 00 00","USNM 369179","1970-04-26","urn:uuid:09c9cf5f-f5d3-48cc-b5c8-cd9b9fbd631f","Nototheniidae","Patagonotothen","South Pacific Ocean",1,NA,NA,"iDigBio; NMNH Extant Biology",NA,NA,NA,NA,"360e8764-ce84-43be-a0ce-06ecaa553781","NULL"
"http://n2t.net/ark:/65665/39322524b-4963-47cc-a23f-ec25bda2a872",NA,"urn:lsid:biocol.org:col:34871","USNM",NA,1970,"Animalia","Patagonotothen",-70.9183,NA,-53.6567,"PreservedSpecimen","FISH","1970 Apr 26 - 0000 00 00","USNM 369176","1970-04-26","urn:uuid:09c9cf5f-f5d3-48cc-b5c8-cd9b9fbd631f","Nototheniidae","Patagonotothen","South Pacific Ocean",1,NA,NA,"iDigBio; NMNH Extant Biology",NA,NA,NA,NA,"41c8c276-395a-4400-a128-c4cd801af836","NULL"
"http://n2t.net/ark:/65665/3de3a3b9a-fd58-4ee4-950f-0420c52c5027",NA,"urn:lsid:biocol.org:col:34871","USNM",NA,1970,"Animalia","Patagonotothen",-70.9183,NA,-53.6467,"PreservedSpecimen","FISH","1970 Apr 26 - 0000 00 00","USNM 369173","1970-04-26","urn:uuid:09c9cf5f-f5d3-48cc-b5c8-cd9b9fbd631f","Nototheniidae","Patagonotothen","South Pacific Ocean",3,NA,NA,"iDigBio; NMNH Extant Biology",NA,NA,NA,NA,"59f2c1de-95b8-4c62-9172-5258980371d7","NULL"
"http://n2t.net/ark:/65665/3953a9498-63ec-46b6-a794-bde81a20ef07",NA,"urn:lsid:biocol.org:col:34871","USNM",NA,1970,"Animalia","Patagonotothen",-70.9183,NA,-53.6567,"PreservedSpecimen","FISH","1970 Apr 26 - 0000 00 00","USNM 369188","1970-04-26","urn:uuid:09c9cf5f-f5d3-48cc-b5c8-cd9b9fbd631f","Nototheniidae","Patagonotothen","South Pacific Ocean",1,NA,NA,"iDigBio; NMNH Extant Biology",NA,NA,NA,NA,"c00086b2-be0a-4603-a94f-dba194f6087e","NULL"
"http://n2t.net/ark:/65665/325ac6936-4976-4f4a-a7ae-8174f73a2f2f","Strait of Magellan","urn:lsid:biocol.org:col:34871","USNM",NA,1970,"Animalia",NA,-70.9183,NA,-53.6567,"PreservedSpecimen","FISH","1970 Apr 26 - 0000 00 00","USNM 370737","1970-04-26","urn:uuid:09c9cf5f-f5d3-48cc-b5c8-cd9b9fbd631f","Bovichthyidae","Bovichthyidae","South Pacific Ocean",2,NA,NA,"iDigBio; NMNH Extant Biology",NA,NA,NA,NA,"d42e2eaa-d5ab-4ea9-a8fc-fb2e8a9c1f86","NULL"
"http://n2t.net/ark:/65665/3e58cf405-a014-4eb3-baa2-101b26aa22ad","Strait of Magellan","urn:lsid:biocol.org:col:34871","USNM",NA,1970,"Animalia",NA,-70.925,NA,-53.65,"PreservedSpecimen","FISH","1970 Apr 26 - 0000 00 00","USNM 370741","1970-04-26","urn:uuid:09c9cf5f-f5d3-48cc-b5c8-cd9b9fbd631f","Nototheniidae","Nototheniidae","South Pacific Ocean",7,NA,NA,"iDigBio; NMNH Extant Biology",NA,NA,NA,NA,"e2f319c1-4bf5-4ece-a04d-681559564d26","NULL"
"http://n2t.net/ark:/65665/3726b153f-e933-4d0f-bf86-a02eb1c0d31a","Strait of Magellan","urn:lsid:biocol.org:col:34871","USNM",NA,1970,"Animalia",NA,-70.925,NA,-53.65,"PreservedSpecimen","FISH","1970 Apr 26 - 0000 00 00","USNM 367484","1970-04-26","urn:uuid:09c9cf5f-f5d3-48cc-b5c8-cd9b9fbd631f","Nototheniidae","Nototheniidae","South Pacific Ocean",1,NA,NA,"iDigBio; NMNH Extant Biology",NA,NA,NA,NA,"ebe3bfe9-53e0-4e71-9949-23b6c1832fb1","NULL"
"http://n2t.net/ark:/65665/3b7830a82-04ad-47aa-85b6-5406d2799fbe","Strait of Magellan","urn:lsid:biocol.org:col:34871","USNM",NA,1970,"Animalia",NA,-69.6417,NA,-53.4083,"PreservedSpecimen","FISH","1970 Apr 27 - 0000 00 00","USNM 370730","1970-04-27","urn:uuid:09c9cf5f-f5d3-48cc-b5c8-cd9b9fbd631f","Bovichthyidae","Bovichthyidae","South Pacific Ocean",1,NA,NA,"iDigBio; NMNH Extant Biology",NA,NA,NA,NA,"0b5a7086-a8cd-417d-a017-e8c5bfce1a81","NULL"
"http://n2t.net/ark:/65665/3c35dd847-6f11-4b50-9b4b-b958bf8f3dab","Strait of Magellan","urn:lsid:biocol.org:col:34871","USNM",NA,1970,"Animalia",NA,-69.6533,NA,-53.4133,"PreservedSpecimen","FISH","1970 Apr 27 - 0000 00 00","USNM 370733","1970-04-27","urn:uuid:09c9cf5f-f5d3-48cc-b5c8-cd9b9fbd631f","Nototheniidae","Nototheniidae","South Pacific Ocean",2,NA,NA,"iDigBio; NMNH Extant Biology",NA,NA,NA,NA,"bd6ed39c-d662-4473-b1b6-44b31cf3e8af","NULL"
"http://n2t.net/ark:/65665/3a16ccf6f-a1f7-42ed-aa53-09e8866a297b",NA,"urn:lsid:biocol.org:col:34871","USNM",NA,1970,"Animalia","Patagonotothen",-69.6583,NA,-53.5,"PreservedSpecimen","FISH","1970 Apr 27 - 0000 00 00","USNM 369174","1970-04-27","urn:uuid:09c9cf5f-f5d3-48cc-b5c8-cd9b9fbd631f","Nototheniidae","Patagonotothen","South Pacific Ocean",4,NA,NA,"iDigBio; NMNH Extant Biology",NA,NA,NA,NA,"be4a037b-a2ea-41c0-a54f-b3e0c2a38d47","NULL"
"http://n2t.net/ark:/65665/3390db340-b66f-46f8-9ff2-4cdc62c35537","Strait of Magellan","urn:lsid:biocol.org:col:34871","USNM",NA,1970,"Animalia",NA,-69.6383,NA,-53.4917,"PreservedSpecimen","FISH","1970 Apr 27 - 0000 00 00","USNM 370740","1970-04-27","urn:uuid:09c9cf5f-f5d3-48cc-b5c8-cd9b9fbd631f","Nototheniidae","Nototheniidae","South Pacific Ocean",3,NA,NA,"iDigBio; NMNH Extant Biology",NA,NA,NA,NA,"c1203403-d133-432f-b186-fd0451e25f73","NULL"
"http://n2t.net/ark:/65665/3a1e09b51-607f-4bae-bfc3-fb853ca9359e","Strait of Magellan","urn:lsid:biocol.org:col:34871","USNM",NA,1970,"Animalia",NA,-69.6383,NA,-53.4917,"PreservedSpecimen","FISH","1970 Apr 27 - 0000 00 00","USNM 370736","1970-04-27","urn:uuid:09c9cf5f-f5d3-48cc-b5c8-cd9b9fbd631f","Nototheniidae","Nototheniidae","South Pacific Ocean",1,NA,NA,"iDigBio; NMNH Extant Biology",NA,NA,NA,NA,"c89133e2-a66b-4003-b56d-3f4590e2c105","NULL"
"http://n2t.net/ark:/65665/36295ea03-2572-424e-b5cc-62355cda305a","Strait of Magellan","urn:lsid:biocol.org:col:34871","USNM",NA,1970,"Animalia",NA,-69.6533,NA,-53.4133,"PreservedSpecimen","FISH","1970 Apr 27 - 0000 00 00","USNM 370731","1970-04-27","urn:uuid:09c9cf5f-f5d3-48cc-b5c8-cd9b9fbd631f","Bovichthyidae","Bovichthyidae","South Pacific Ocean",1,NA,NA,"iDigBio; NMNH Extant Biology",NA,NA,NA,NA,"dfc93b17-dab8-4a0c-9d75-2b339a677200","NULL"
"http://n2t.net/ark:/65665/39d43fee3-5680-4b76-944a-0a3d4b77ef1b",NA,"urn:lsid:biocol.org:col:34871","USNM",NA,1970,"Animalia","Patagonotothen",-70.4167,NA,-53.8217,"PreservedSpecimen","FISH","1970 Apr 28 - 0000 00 00","USNM 369178","1970-04-28","urn:uuid:09c9cf5f-f5d3-48cc-b5c8-cd9b9fbd631f","Nototheniidae","Patagonotothen","South Pacific Ocean",2,NA,NA,"iDigBio; NMNH Extant Biology",NA,NA,NA,NA,"d1d771b2-8368-4949-8cfa-d5b345d831d5","NULL"
"http://n2t.net/ark:/65665/3301804d1-43f9-45fa-ba4b-e861c23f5b7f","Strait of Magellan","urn:lsid:biocol.org:col:34871","USNM",NA,1970,"Animalia",NA,-69.98,NA,-53.565,"PreservedSpecimen","FISH","1970 Apr 29 - 0000 00 00","USNM 370732","1970-04-29","urn:uuid:09c9cf5f-f5d3-48cc-b5c8-cd9b9fbd631f","Nototheniidae","Nototheniidae","South Pacific Ocean",13,NA,NA,"iDigBio; NMNH Extant Biology",NA,NA,NA,NA,"36e86629-8db2-420a-8a49-c9a6e068015d","NULL"
"http://n2t.net/ark:/65665/3f31a0535-8cfa-40c2-ba00-500a7e626b93","Strait of Magellan","urn:lsid:biocol.org:col:34871","USNM",NA,1970,"Animalia",NA,-69.9617,NA,-53.5383,"PreservedSpecimen","FISH","1970 Apr 29 - 0000 00 00","USNM 370739","1970-04-29","urn:uuid:09c9cf5f-f5d3-48cc-b5c8-cd9b9fbd631f","Nototheniidae","Nototheniidae","South Pacific Ocean",12,NA,NA,"iDigBio; NMNH Extant Biology",NA,NA,NA,NA,"dc7236d2-bec6-4698-9725-abb3f886ddfa","NULL"
"fb0ba3b4-2a31-40ea-b650-cb0130e4324a","Punta Millabu, fjord at stream mouth","http://biocol.org/urn:lsid:biocol.org:col:14844","SIO","JR Jehl",1970,"Animalia","Notothenia",-74.6336667,NA,-45.7003333,"PreservedSpecimen","Marine Vertebrates","29May1970","70-291","1970-05-29",NA,"Nototheniidae","Notothenia tessellata","South Pacific Ocean",NA,NA,NA,"iDigBio",NA,NA,NA,NA,"a219636e-63c7-4f7f-98c0-2515fb1d8c84","NULL"
"urn:catalog:CAS:ICH:60513","Tierra del Fuego; Canal Ballenero; intertidal zone.","http://grscicoll.org/institution/california-academy-sciences","CAS","Moreno, C. A.",1972,"Animalia","Austrolycus",-71.240152,27388,-54.768049,"PreservedSpecimen","ICH",NA,"60513","1972-01","http://grscicoll.org/institutional-collection/cas-ichthyology","Zoarcidae","Austrolycus depressiceps",NA,2,NA,NA,"iDigBio",NA,NA,NA,NA,"9e75fd96-dfc7-46fb-b7bc-436d7bc7fb9d","NULL"
"f768794c-8b6f-4784-a6ee-d29e649549fe","Isla de los Estados (Staten Island)","http://biocol.org/urn:lsid:biocol.org:col:14844","SIO","P Dayton",1973,"Animalia","Pogonolycus",-65.477,NA,-54.9003333,"PreservedSpecimen","Marine Vertebrates","11May1973","74-110","1973-05-11",NA,"Zoarcidae","Pogonolycus marinae","Western South Atlantic Ocean",NA,NA,NA,"iDigBio",NA,NA,NA,NA,"abc0ccb0-6a50-4b6d-a86f-d602e50575a5","NULL"
"a570797d-0e2f-4b08-8469-e4ee08661b53","Knocker Island","http://biocol.org/urn:lsid:biocol.org:col:14844","SIO","P Dayton",1973,"Animalia","Notothenia",-65.467,NA,-54.9003333,"PreservedSpecimen","Marine Vertebrates","20May1973","74-111","1973-05-20",NA,"Nototheniidae","Notothenia magellanica","Western South Atlantic Ocean",NA,NA,NA,"iDigBio",NA,NA,NA,NA,"fc23b0f7-896c-43bd-8c59-1898979f8f53","NULL"
"c6020d4c-a749-48d8-b5c8-3a3359cfeb00","Bahia Tom","http://biocol.org/urn:lsid:biocol.org:col:14844","SIO","P Dayton",1973,"Animalia","Notothenia",-65.467,NA,-54.9003333,"PreservedSpecimen","Marine Vertebrates","21May1973","74-112","1973-05-21",NA,"Nototheniidae","Notothenia squamiceps","Western South Atlantic Ocean",NA,NA,NA,"iDigBio",NA,NA,NA,NA,"04493499-629b-494f-8f8e-d1545a530ba2","NULL"
"41dc0762-3252-4ba6-a277-eb5ba1499080","Bahia Tom","http://biocol.org/urn:lsid:biocol.org:col:14844","SIO","P Dayton",1973,"Animalia","Notothenia",-65.467,NA,-54.9003333,"PreservedSpecimen","Marine Vertebrates","21May1973","74-112","1973-05-21",NA,"Nototheniidae","Notothenia marmoratus","Western South Atlantic Ocean",NA,NA,NA,"iDigBio",NA,NA,NA,NA,"8e60d41b-4a51-4a62-8faf-30fdd21d5c01","NULL"
"urn:catalog:CAS:ICH:213876","Chinquihue.","http://grscicoll.org/institution/california-academy-sciences","CAS","Jara, C.",1973,"Animalia","Calliclinus",-73.025527,1468,-41.512828,"PreservedSpecimen","ICH",NA,"213876","1973-08-30","http://grscicoll.org/institutional-collection/cas-ichthyology","Labrisomidae","Calliclinus nudiventris",NA,1,NA,NA,"iDigBio",NA,NA,NA,NA,"2d6f7d83-48ce-4e3d-b768-f06e1d6ccb0e","NULL"
"dc528ad4-1ed3-11e3-bfac-90b11c41863e","Curalelfu River","http://grbio.org/cool/iakn-125z","KU","Diaz, H",1976,"Animalia","Percichthys",-72.863889,23037,-39.818333,"PreservedSpecimen","KUI",NA,"19289","1976-02-10",NA,"Percichthyidae","Percichthys trucha",NA,NA,NA,NA,"iDigBio; University of Kansas Biodiversity Institute Fish Voucher Collection",NA,NA,NA,NA,"5889d86c-e3cc-4397-876a-c5169b0718d6","NULL"
"dc528c2f-1ed3-11e3-bfac-90b11c41863e","Curalelfu River","http://grbio.org/cool/iakn-125z","KU","Diaz, H",1976,"Animalia","Percichthys",-72.863889,23037,-39.818333,"PreservedSpecimen","KUI",NA,"19290","1976-02-10",NA,"Percichthyidae","Percichthys trucha",NA,NA,NA,NA,"iDigBio; University of Kansas Biodiversity Institute Fish Voucher Collection",NA,NA,NA,NA,"9537adbf-7d36-4dc7-880f-be94c54524c9","NULL"
"urn:catalog:CAS:ICH:213875","Huildad, Curahue Chiloe.","http://grscicoll.org/institution/california-academy-sciences","CAS","Arriagada, R.",1977,"Animalia","Hypsoblennius",-73.596152,3036,-43.052796,"PreservedSpecimen","ICH",NA,"213875","1977-10-31","http://grscicoll.org/institutional-collection/cas-ichthyology","Blenniidae","Hypsoblennius sordidus",NA,2,NA,NA,"iDigBio",NA,NA,NA,NA,"c42b4fc6-0378-46cd-985f-5e8cb4534b87","NULL"
"urn:catalog:CAS:ICH:213873","Huildad, Curahue Chiloe.","http://grscicoll.org/institution/california-academy-sciences","CAS","Arriagada, R.",1977,"Animalia","Helcogrammoides",-73.596152,3036,-43.052796,"PreservedSpecimen","ICH",NA,"213873","1977-10-31","http://grscicoll.org/institutional-collection/cas-ichthyology","Tripterygiidae","Helcogrammoides cunninghami",NA,2,NA,NA,"iDigBio",NA,NA,NA,NA,"d4d5b88b-43d4-4747-80ba-3c8864e689bb","NULL"
"urn:catalog:CAS:ICH:60512","Tierra del Fuego; I. Navarino; Punto Toro; subtidal zone, in kelp (Macrocystis).","http://grscicoll.org/institution/california-academy-sciences","CAS","Moreno, C. A.",1980,"Animalia","Cottoperca",-67.786689,52393,-55.258793,"PreservedSpecimen","ICH",NA,"60512","1980-01","http://grscicoll.org/institutional-collection/cas-ichthyology","Bovichtidae","Cottoperca gobio",NA,2,NA,NA,"iDigBio",NA,NA,NA,NA,"96413807-a9bc-4835-a3d4-d0f277e2756a","NULL"
"urn:catalog:CAS:ICH:213880","Puerto Montt, Huelmo.","http://grscicoll.org/institution/california-academy-sciences","CAS","Montt, Curso D. AEM. Pto.",1987,"Animalia","Calliclinus",-72.948441,4658,-41.475769,"PreservedSpecimen","ICH",NA,"213880","1987-09-04","http://grscicoll.org/institutional-collection/cas-ichthyology","Labrisomidae","Calliclinus geniguttatus",NA,2,NA,NA,"iDigBio",NA,NA,NA,NA,"890ca082-f389-4b11-bf81-f18e810ff06a","NULL"
"urn:catalog:CAS:ICH:213871","San Gregorio.","http://grscicoll.org/institution/california-academy-sciences","CAS","Langilla, J.; Matamala, L.",1992,"Animalia","Austrolycus",-70.121286,6196,-52.636898,"PreservedSpecimen","ICH",NA,"213871","1992-04-25","http://grscicoll.org/institutional-collection/cas-ichthyology","Zoarcidae","Austrolycus depressiceps","Strait of Magellan",2,NA,NA,"iDigBio",NA,NA,NA,NA,"af7d5f32-f3a7-48de-be1f-c17f005a8857","NULL"
"1ad2bd44-1479-428a-977d-187968c8b2c8","Fish market","http://grbio.org/cool/iakn-125z","KU","Hartel, Karsten E",1994,"Animalia",NA,-70.1330032,NA,-53.1669998,"MaterialSample","KUIT",NA,"918","1994-10-01",NA,"Nototheniidae","Nototheniidae",NA,NA,NA,NA,"iDigBio; University of Kansas Biodiversity Institute Fish Tissue Collection",NA,NA,NA,NA,"b65fa40a-98e8-40e7-bfca-f0eab50b1563","NULL"
"1a699665-0822-459c-a1a0-e505d590303c","Intertidal pools of river that originates in Lago Camillo on Isla Magdalena and flows to Seno Soto",NA,"TNHC","Dean Hendrickson|John Jennings",1995,"Animalia","Eleginops",-72.916667,1000,-44.533333,"PreservedSpecimen","Ichthyology Collection",NA,"000068432","1995-01-24",NA,"Eleginopidae","Eleginops maclovinus",NA,NA,NA,NA,"iDigBio",NA,NA,NA,NA,"aa075441-c36a-40a3-9674-49967cc98dbf","NULL"
"9900638c-080c-4f2f-b29d-c21349bcfe5a","Intertidal pools of river that originates in Lago Camillo on Isla Magdalena and flows to Seno Soto",NA,"TNHC","Dean Hendrickson|John Jennings",1995,"Animalia","Eleginops",-72.916667,1000,-44.533333,"PreservedSpecimen","Ichthyology Collection",NA,"000068431","1995-01-24",NA,"Eleginopidae","Eleginops maclovinus",NA,NA,NA,NA,"iDigBio",NA,NA,NA,NA,"d10228ea-633a-4408-b071-2468869ef148","NULL"
"URI:catalog:ROM:Ichthyology:81201","Punta Arenas, Rio Pescado",NA,"ROM","Peck, M.;Baker, A.",1995,"Animalia","Eleginops",-70.9,NA,-52.91667,"PreservedSpecimen","Fishes","19950215","81201","1995-02-15","urn:lsid:biocol.org:col:35195","Eleginopsidae","Eleginops maclovinus",NA,1,NA,NA,"iDigBio; Ichthyology",NA,NA,"6287-04","1","7caff2ca-7b36-44b5-b1da-a213ac5047db","NULL"
"urn:uuid:3c4b70c6-2c5f-4460-a53b-797b766b15ed",NA,NA,"YPM","Jorge Calvo",1996,"Animalia","Eleginops",-68.3,6404,-54.8,"PreservedSpecimen","VZ",NA,"YPM ICH 031851","1996-07",NA,"Eleginopidae","Eleginops maclovinus",NA,1,NA,NA,"iDigBio",NA,NA,NA,NA,"5301b096-1d79-41f8-bca4-20ce1bfb3f5c","NULL"
"urn:uuid:2cb56027-6bd8-4ede-adaf-cb935d6e46c5",NA,NA,"YPM","Jorge Calvo",1996,"Animalia","Patagonotothen",-68.3,6404,-54.8,"PreservedSpecimen","VZ",NA,"YPM ICH 031853","1996-07",NA,"Nototheniidae","Patagonotothen tessellata",NA,1,NA,NA,"iDigBio",NA,NA,NA,NA,"ce11aa6c-b067-4277-8440-71c8cf9e0eb6","NULL"
"urn:uuid:25496b92-7bca-4371-a04c-ce8a96fb12c5",NA,NA,"YPM","Jorge Calvo",1996,"Animalia","Paranotothenia",-68.3,6404,-54.8,"PreservedSpecimen","VZ",NA,"YPM ICH 031852","1996-07",NA,"Nototheniidae","Paranotothenia magellanica",NA,1,NA,NA,"iDigBio",NA,NA,NA,NA,"f44fb864-1a75-43b1-8e79-1532fa9f2f0f","NULL"
"urn:uuid:f6727009-04ef-4efe-834b-871b35962bb7","Punta Arenas fish market",NA,"YPM",NA,2003,"Animalia","Eleginops",-70.890239,5292,-53.158695,"PreservedSpecimen","VZ",NA,"YPM ICH 016654.003","2003-03-07",NA,"Eleginopidae","Eleginops maclovinus",NA,1,NA,NA,"iDigBio",NA,NA,NA,NA,"3ce63336-2642-4c20-91b3-3d38b165f35e","NULL"
"urn:uuid:29b50494-9c6b-445e-800c-0b1ae2f39b86","Punta Arenas fish market",NA,"YPM",NA,2003,"Animalia","Eleginops",-70.890239,5292,-53.158695,"PreservedSpecimen","VZ",NA,"YPM ICH 016654.007","2003-03-07",NA,"Eleginopidae","Eleginops maclovinus",NA,1,NA,NA,"iDigBio",NA,NA,NA,NA,"3dac96da-2f2d-41df-828a-9797e792f5ba","NULL"
"urn:uuid:0c341550-f01c-4c11-85d1-2f8dc2fba802","Punta Arenas fish market",NA,"YPM",NA,2003,"Animalia","Eleginops",-70.890239,5292,-53.158695,"PreservedSpecimen","VZ",NA,"YPM ICH 016654.002","2003-03-07",NA,"Eleginopidae","Eleginops maclovinus",NA,1,NA,NA,"iDigBio",NA,NA,NA,NA,"4eb77bda-c590-4bed-a774-e580f969df49","NULL"
"urn:uuid:161b2120-bf4c-4f7a-bfee-2d2c6a639b2c","Punta Arenas fish market",NA,"YPM",NA,2003,"Animalia","Eleginops",-70.890239,5292,-53.158695,"PreservedSpecimen","VZ",NA,"YPM ICH 016654.005","2003-03-07",NA,"Eleginopidae","Eleginops maclovinus",NA,1,NA,NA,"iDigBio",NA,NA,NA,NA,"70aef9dc-0036-455e-ac49-9c549ec87bf3","NULL"
"urn:uuid:f3d82b29-4382-4589-975a-f2ac7d730fc5","Punta Arenas fish market",NA,"YPM",NA,2003,"Animalia","Eleginops",-70.890239,5292,-53.158695,"PreservedSpecimen","VZ",NA,"YPM ICH 016654.006","2003-03-07",NA,"Eleginopidae","Eleginops maclovinus",NA,1,NA,NA,"iDigBio",NA,NA,NA,NA,"a0aa6056-e13b-49ca-ab6f-8c890d938dcd","NULL"
"urn:uuid:3231d55a-4668-41a8-b6b1-e6ef9dae65ca","Punta Arenas fish market",NA,"YPM",NA,2003,"Animalia","Eleginops",-70.890239,5292,-53.158695,"PreservedSpecimen","VZ",NA,"YPM ICH 016654.004","2003-03-07",NA,"Eleginopidae","Eleginops maclovinus",NA,1,NA,NA,"iDigBio",NA,NA,NA,NA,"cdb24bec-e963-4dc7-aa5f-b094b695b745","NULL"
"urn:uuid:5fd31c8d-c305-489e-bfdb-9e65bdc3d612","Punta Arenas fish market",NA,"YPM",NA,2003,"Animalia","Eleginops",-70.890239,5292,-53.158695,"PreservedSpecimen","VZ",NA,"YPM ICH 016654.001","2003-03-07",NA,"Eleginopidae","Eleginops maclovinus",NA,6,NA,NA,"iDigBio",NA,NA,NA,NA,"d3c33de3-1c65-451b-b79a-8a77e732b344","NULL"
"urn:uuid:087bf9bc-edbb-4174-b840-cba72a3a6c78","Ushuaia Bay",NA,"YPM","Daniel Fernandez",2005,"Animalia","Patagonotothen",-67.495938,74567,-54.919751,"PreservedSpecimen","VZ",NA,"YPM ICH 020125.005","2005-12-20/2006-01-12",NA,"Nototheniidae","Patagonotothen sima","Atlantic Ocean",1,NA,NA,"iDigBio",NA,NA,NA,NA,"039ba920-b89c-4d90-8443-3734afe8e937","NULL"
"urn:uuid:42939b69-a63c-4ad8-9651-76798622ab17","Ushuaia Bay",NA,"YPM","Daniel Fernandez",2005,"Animalia","Patagonotothen",-67.495938,74567,-54.919751,"PreservedSpecimen","VZ",NA,"YPM ICH 020085.006","2005-12-20/2006-01-12",NA,"Nototheniidae","Patagonotothen cornucola","Atlantic Ocean",1,NA,NA,"iDigBio",NA,NA,NA,NA,"080db8da-d5d6-4e06-a54a-a08e011ad04b","NULL"
"urn:uuid:d24c7ba1-f3c8-4259-a1d2-0cf7fb3c3da7","Ushuaia Bay",NA,"YPM","Daniel Fernandez",2005,"Animalia","Patagonotothen",-67.495938,74567,-54.919751,"PreservedSpecimen","VZ",NA,"YPM ICH 020127.001","2005-12-20/2006-01-12",NA,"Nototheniidae","Patagonotothen longipes","Atlantic Ocean",6,NA,NA,"iDigBio",NA,NA,NA,NA,"0e4fb234-5476-4d85-a4fd-a50eb9867765","NULL"
"urn:uuid:75598498-3170-481f-ad38-74b479b2a448","Ushuaia Bay",NA,"YPM","Daniel Fernandez",2005,"Animalia","Patagonotothen",-67.495938,74567,-54.919751,"PreservedSpecimen","VZ",NA,"YPM ICH 020125.003","2005-12-20/2006-01-12",NA,"Nototheniidae","Patagonotothen sima","Atlantic Ocean",1,NA,NA,"iDigBio",NA,NA,NA,NA,"251b23f9-c56a-4b78-b0c7-0ebd151c99bc","NULL"
"urn:uuid:dc2f9ead-b937-4336-ab72-78a82460b73f","Ushuaia Bay",NA,"YPM","Daniel Fernandez",2005,"Animalia","Patagonotothen",-67.495938,74567,-54.919751,"PreservedSpecimen","VZ",NA,"YPM ICH 020127.007","2005-12-20/2006-01-12",NA,"Nototheniidae","Patagonotothen longipes","Atlantic Ocean",1,NA,NA,"iDigBio",NA,NA,NA,NA,"28384728-a6f4-49ee-bc7c-37e18fb237e3","NULL"
"urn:uuid:e1edfdbe-5852-434c-940f-ad6fa7f8fef2","Ushuaia Bay",NA,"YPM","Daniel Fernandez",2005,"Animalia","Patagonotothen",-67.495938,74567,-54.919751,"PreservedSpecimen","VZ",NA,"YPM ICH 020085.008","2005-12-20/2006-01-12",NA,"Nototheniidae","Patagonotothen cornucola","Atlantic Ocean",1,NA,NA,"iDigBio",NA,NA,NA,NA,"33fd75ea-5d06-46b7-a43e-796b7dea45a9","NULL"
"urn:uuid:f40147c1-e22b-4ce1-87fe-08788c66ba0c","Ushuaia Bay",NA,"YPM","Daniel Fernandez",2005,"Animalia","Patagonotothen",-67.495938,74567,-54.919751,"PreservedSpecimen","VZ",NA,"YPM ICH 020125.002","2005-12-20/2006-01-12",NA,"Nototheniidae","Patagonotothen sima","Atlantic Ocean",1,NA,NA,"iDigBio",NA,NA,NA,NA,"53089188-ff8f-475a-a003-aa124e6292a8","NULL"
"urn:uuid:29e5fca0-b700-46de-996c-f41aa30b95a0","Ushuaia Bay",NA,"YPM","Daniel Fernandez",2005,"Animalia","Patagonotothen",-67.495938,74567,-54.919751,"PreservedSpecimen","VZ",NA,"YPM ICH 020126.001","2005-12-20/2006-01-12",NA,"Nototheniidae","Patagonotothen","Atlantic Ocean",2,NA,NA,"iDigBio",NA,NA,NA,NA,"6121cf70-112f-4464-92cf-d219ebf10831","NULL"
"urn:uuid:364e8980-bff1-400f-88da-7f64b578b128","Ushuaia Bay",NA,"YPM","Daniel Fernandez",2005,"Animalia","Patagonotothen",-67.495938,74567,-54.919751,"PreservedSpecimen","VZ",NA,"YPM ICH 020127.005","2005-12-20/2006-01-12",NA,"Nototheniidae","Patagonotothen longipes","Atlantic Ocean",1,NA,NA,"iDigBio",NA,NA,NA,NA,"7ec1c610-236f-4720-94d9-3baf84f992bc","NULL"
"urn:uuid:a9dc39c5-334f-4a3b-bfb3-2e92b797c3a6","Ushuaia Bay",NA,"YPM","Daniel Fernandez",2005,"Animalia","Patagonotothen",-67.495938,74567,-54.919751,"PreservedSpecimen","VZ",NA,"YPM ICH 020085.002","2005-12-20/2006-01-12",NA,"Nototheniidae","Patagonotothen cornucola","Atlantic Ocean",1,NA,NA,"iDigBio",NA,NA,NA,NA,"8d2bb027-7800-4b0a-bab4-ace5b961be02","NULL"
"urn:uuid:a72f3145-85f5-4dc0-9685-f952be653960","Ushuaia Bay",NA,"YPM","Daniel Fernandez",2005,"Animalia","Patagonotothen",-67.495938,74567,-54.919751,"PreservedSpecimen","VZ",NA,"YPM ICH 020127.003","2005-12-20/2006-01-12",NA,"Nototheniidae","Patagonotothen longipes","Atlantic Ocean",1,NA,NA,"iDigBio",NA,NA,NA,NA,"8e305f77-71b5-4ac0-bc84-62085804ecb1","NULL"
"urn:uuid:0f6f09c8-d4ef-4c10-a9a2-cf7e20eae5ca","Ushuaia Bay",NA,"YPM","Daniel Fernandez",2005,"Animalia","Patagonotothen",-67.495938,74567,-54.919751,"PreservedSpecimen","VZ",NA,"YPM ICH 020085.004","2005-12-20/2006-01-12",NA,"Nototheniidae","Patagonotothen cornucola","Atlantic Ocean",1,NA,NA,"iDigBio",NA,NA,NA,NA,"9125e9bb-d136-45a5-9eb8-bd5828ca0417","NULL"
"urn:uuid:32e55585-9aff-4f99-a3e5-23dfe3a0856a","Ushuaia Bay",NA,"YPM","Daniel Fernandez",2005,"Animalia","Patagonotothen",-67.495938,74567,-54.919751,"PreservedSpecimen","VZ",NA,"YPM ICH 020127.006","2005-12-20/2006-01-12",NA,"Nototheniidae","Patagonotothen longipes","Atlantic Ocean",1,NA,NA,"iDigBio",NA,NA,NA,NA,"9d96e8de-a6b2-4ea2-bc01-f1f7a68865a1","NULL"
"urn:uuid:07fc456c-d425-4b96-930a-7a802e9a598b","Ushuaia Bay",NA,"YPM","Daniel Fernandez",2005,"Animalia","Patagonotothen",-67.495938,74567,-54.919751,"PreservedSpecimen","VZ",NA,"YPM ICH 020126.002","2005-12-20/2006-01-12",NA,"Nototheniidae","Patagonotothen cornucola","Atlantic Ocean",1,NA,NA,"iDigBio",NA,NA,NA,NA,"9f7b008a-e41c-47b0-bccc-d5e6d05ee8fc","NULL"
"urn:uuid:0654ddb4-f071-4aee-84da-10b0762e74b6","Ushuaia Bay",NA,"YPM","Daniel Fernandez",2005,"Animalia","Patagonotothen",-67.495938,74567,-54.919751,"PreservedSpecimen","VZ",NA,"YPM ICH 020127.004","2005-12-20/2006-01-12",NA,"Nototheniidae","Patagonotothen longipes","Atlantic Ocean",1,NA,NA,"iDigBio",NA,NA,NA,NA,"a22b4fc2-7d1b-468e-b2c6-882bb21ac298","NULL"
"urn:uuid:3b34463b-3b4f-4d39-ab3c-6c46e66d3197","Ushuaia Bay",NA,"YPM","Daniel Fernandez",2005,"Animalia","Patagonotothen",-67.495938,74567,-54.919751,"PreservedSpecimen","VZ",NA,"YPM ICH 020085.005","2005-12-20/2006-01-12",NA,"Nototheniidae","Patagonotothen cornucola","Atlantic Ocean",1,NA,NA,"iDigBio",NA,NA,NA,NA,"b8caf939-43d7-4fe0-899b-d4211f647488","NULL"
"urn:uuid:19ba22e2-13ab-490f-b483-19955a19273f","Ushuaia Bay",NA,"YPM","Daniel Fernandez",2005,"Animalia","Patagonotothen",-67.495938,74567,-54.919751,"PreservedSpecimen","VZ",NA,"YPM ICH 020085.003","2005-12-20/2006-01-12",NA,"Nototheniidae","Patagonotothen cornucola","Atlantic Ocean",1,NA,NA,"iDigBio",NA,NA,NA,NA,"c6c9bfdf-8e20-40d9-8e05-a3615cbd987a","NULL"
"urn:uuid:5db82714-21f6-41b7-83d9-4f83a5951aa0","Ushuaia Bay",NA,"YPM","Daniel Fernandez",2005,"Animalia","Patagonotothen",-67.495938,74567,-54.919751,"PreservedSpecimen","VZ",NA,"YPM ICH 020085.001","2005-12-20/2006-01-12",NA,"Nototheniidae","Patagonotothen cornucola","Atlantic Ocean",7,NA,NA,"iDigBio",NA,NA,NA,NA,"d68c6f0b-202b-473f-b92b-a76a6f15462f","NULL"
"urn:uuid:73f868b3-70e8-48f5-9770-bdce7297a446","Ushuaia Bay",NA,"YPM","Daniel Fernandez",2005,"Animalia","Patagonotothen",-67.495938,74567,-54.919751,"PreservedSpecimen","VZ",NA,"YPM ICH 020125.004","2005-12-20/2006-01-12",NA,"Nototheniidae","Patagonotothen sima","Atlantic Ocean",1,NA,NA,"iDigBio",NA,NA,NA,NA,"db56e962-5401-47a9-87d3-4e67b703d569","NULL"
"urn:uuid:a95fa259-50b4-4f8a-9648-cd22c0f6c532","Ushuaia Bay",NA,"YPM","Daniel Fernandez",2005,"Animalia","Patagonotothen",-67.495938,74567,-54.919751,"PreservedSpecimen","VZ",NA,"YPM ICH 020125.001","2005-12-20/2006-01-12",NA,"Nototheniidae","Patagonotothen sima","Atlantic Ocean",4,NA,NA,"iDigBio",NA,NA,NA,NA,"ec7183d4-cb3b-4573-ab7d-69f53b98ab40","NULL"
"urn:uuid:7375e1e9-81ce-4639-befd-70938c1240b3","Ushuaia Bay",NA,"YPM","Daniel Fernandez",2005,"Animalia","Patagonotothen",-67.495938,74567,-54.919751,"PreservedSpecimen","VZ",NA,"YPM ICH 020085.007","2005-12-20/2006-01-12",NA,"Nototheniidae","Patagonotothen cornucola","Atlantic Ocean",1,NA,NA,"iDigBio",NA,NA,NA,NA,"ed5ef58c-0dec-490b-b9aa-3d57f1ed1fcc","NULL"
"urn:uuid:3bfa8995-0b2f-47b4-a0da-42166e07c39f","Ushuaia Bay",NA,"YPM","Daniel Fernandez",2005,"Animalia","Patagonotothen",-67.495938,74567,-54.919751,"PreservedSpecimen","VZ",NA,"YPM ICH 020127.002","2005-12-20/2006-01-12",NA,"Nototheniidae","Patagonotothen longipes","Atlantic Ocean",1,NA,NA,"iDigBio",NA,NA,NA,NA,"f331c478-94f5-44e2-a6b3-02866e0c34bd","NULL"
"urn:uuid:d6a924b3-4d57-4614-b36f-7e1c675352ec","Punta Arenas fish market",NA,"YPM","Thomas J. Near",2006,"Animalia","Eleginops",-70.890239,5292,-53.158695,"PreservedSpecimen","VZ",NA,"YPM ICH 016549.001","2006-02-15",NA,"Eleginopidae","Eleginops maclovinus",NA,3,NA,NA,"iDigBio",NA,NA,NA,NA,"55f7c80e-e9ef-4d92-8b3e-c1c4fc90ac22","NULL"
"urn:uuid:16ae198d-5ad4-43fe-82aa-5844c27d67a5","Punta Arenas fish market",NA,"YPM","Thomas J. Near",2006,"Animalia","Eleginops",-70.890239,5292,-53.158695,"PreservedSpecimen","VZ",NA,"YPM ICH 016549.002","2006-02-15",NA,"Eleginopidae","Eleginops maclovinus",NA,1,NA,NA,"iDigBio",NA,NA,NA,NA,"7c3f8988-04a5-456f-a8c6-af6a46e80b09","NULL"
"urn:uuid:d6a99b42-bce1-42bc-ad21-57a380efb419","Punta Arenas fish market",NA,"YPM","Thomas J. Near",2006,"Animalia","Eleginops",-70.890239,5292,-53.158695,"PreservedSpecimen","VZ",NA,"YPM ICH 016549.004","2006-02-15",NA,"Eleginopidae","Eleginops maclovinus",NA,1,NA,NA,"iDigBio",NA,NA,NA,NA,"7d9f1e85-9c09-434f-86ae-e06b91ba9ffa","NULL"
"urn:uuid:f48d0921-6145-4160-8e87-8fdac1692525","Punta Arenas fish market",NA,"YPM","Thomas J. Near",2006,"Animalia","Eleginops",-70.890239,5292,-53.158695,"PreservedSpecimen","VZ",NA,"YPM ICH 016549.003","2006-02-15",NA,"Eleginopidae","Eleginops maclovinus",NA,1,NA,NA,"iDigBio",NA,NA,NA,NA,"fc4589ff-5013-4539-830f-8bd1c9608d8b","NULL"
"MCZ:Ich:27607","Cabo de Hornos, Orange Bay","b4640710-8e03-11d8-b956-b8a03c50a862","MCZ",NA,1884,"Animalia","Harpagifer",-67.26,115000,-56.01,"PreservedSpecimen","Ich","1884-1884","27607","1884-01-01/1884-12-31",NA,"Harpagiferidae","Harpagifer bispinis (Forster, 1801)","Pacific, Southeast",2,"adult",NA,"iDigBio",NA,NA,NA,NA,"01473a96-a8f7-46b2-a6c0-dfb0b9fa8302","list(`dwc:identifiedBy` = ""Cards"", `dwc:identificationRemarks` = ""[MUSE DETERMINER: Cards]"", `dwc:identificationVerificationStatus` = ""migration"", coreid = ""MCZ:Ich:27607"", `dwc:identificationID` = ""817886"", `dwc:scientificName` = ""Harpagifer bispinis"")"
"MCZ:Ich:159095","Fish Market in Punta Arenas","b4640710-8e03-11d8-b956-b8a03c50a862","MCZ","Karsten E. Hartel",1994,"Animalia","Eleginops",-70.89024,5292,-53.1587,"PreservedSpecimen","Ich","0/10/1994-0/10/1994","159095","1994-10-01/1994-10-31",NA,"Nototheniidae","Eleginops maclovinus (Cuvier, 1830)","Pacific, Southeast",1,"adult",NA,"iDigBio",NA,NA,NA,NA,"03af4583-ec45-470e-8a78-86759bef152c","list(`dwc:identifiedBy` = ""Karsten E. Hartel"", `dwc:identificationRemarks` = ""[MUSE DETERMINER: Hartel_KE/2001]"", `dwc:identificationVerificationStatus` = ""migration"", coreid = ""MCZ:Ich:159095"", `dwc:identificationID` = ""959855"", `dwc:scientificName` = ""Eleginops maclovinus"")"
"urn:catalog:CAS:SU(ICH):22681","Patagonia, Mayne Harbor.","http://grscicoll.org/institution/california-academy-sciences","CAS","U.S. Fish Commission",NA,"Animalia","Notothenia",-74.083147,177,-51.316728,"PreservedSpecimen","SU(ICH)",NA,"22681",NA,"http://grscicoll.org/institutional-collection/cas-ichthyology","Nototheniidae","Notothenia tesselata",NA,27,NA,NA,"iDigBio",NA,NA,NA,NA,"040b70d3-98dd-4cbd-a933-e3083d2bfd24","NULL"
"http://n2t.net/ark:/65665/3fab0b4d6-01df-4718-b8d7-4d055c6a09c0","Chile: Castro","urn:lsid:biocol.org:col:34871","USNM",NA,NA,"Animalia","Thyrsites",-72.77,NA,-42.48,"PreservedSpecimen","FISH","0000 00 00 - 0000 00 00","USNM 176457",NA,"urn:uuid:09c9cf5f-f5d3-48cc-b5c8-cd9b9fbd631f","Gempylidae","Thyrsites atun","South Pacific Ocean, Gulf of Ancud",2,NA,NA,"iDigBio; NMNH Extant Biology",NA,NA,NA,NA,"08a7582c-aa98-4197-8dc5-07e228a4f7f3","NULL"
"urn:catalog:CAS:SU(ICH):22724","Sandy Point.","http://grscicoll.org/institution/california-academy-sciences","CAS","U.S. Fish Commission",NA,"Animalia","Notothenia",-70.877879,5292,-53.161165,"PreservedSpecimen","SU(ICH)","1887-88","22724",NA,"http://grscicoll.org/institutional-collection/cas-ichthyology","Nototheniidae","Notothenia latifrons","Estrecho de Magallanes",1,NA,"paratype","iDigBio",NA,NA,NA,NA,"09bc4430-f795-4f6f-a97e-a1b207ae1c9d","NULL"
"cf3f27ba-2243-48c8-8c77-84fc400c5f24","Gulf of corcovado, west of Isla Talcon, Pumalin","https://scientific-collections.gbif.org/institution/2fc908ba-e775-49e2-bffe-6b9041c3b70f","LACM","James H McLean",1975,"Animalia","Pennaclinus",-72.87,NA,-42.7,"PreservedSpecimen","Fish","4-6 Nov 1975","38213.001","1975-11-04","https://scientific-collections.gbif.org/collection/439095a6-e9e0-412b-b770-2a9200251977","Labrisomidae","Pennaclinus racemarius","South Pacific",3,NA,NA,"iDigBio; LACM Vertebrates",NA,"individuals","75-14","3","0eb7f9cb-eb20-4c88-b782-034357132318","NULL"
"http://n2t.net/ark:/65665/32b111257-fbd6-4baf-9fef-b94c8bb23218","S. Philip Bay, Chile, S.A.","urn:lsid:biocol.org:col:34871","USNM",NA,NA,"Animalia","Iluocoetes",-69.8917,NA,-52.6583,"PreservedSpecimen","FISH","0000 00 00 - 0000 00 00","USNM 103786",NA,"urn:uuid:09c9cf5f-f5d3-48cc-b5c8-cd9b9fbd631f","Zoarcidae","Iluocoetes elongatus",NA,1,NA,NA,"iDigBio; NMNH Extant Biology",NA,NA,NA,NA,"1a3a3571-fc39-4b9f-b36c-cfe3474b3caf","NULL"
"f6488f14-b49e-460c-851f-c7a40d1bb42d","Magellan Strait, Penin.  Brunswick, cove south of Pta. Askew, Puerto el Hambre.","https://scientific-collections.gbif.org/institution/2fc908ba-e775-49e2-bffe-6b9041c3b70f","LACM","James H McLean",1975,"Animalia","Austrolycus",-70.93,NA,-53.62,"PreservedSpecimen","Fish","16 & 19 nov 1975","38214.002","1975-11-16","https://scientific-collections.gbif.org/collection/439095a6-e9e0-412b-b770-2a9200251977","Zoarcidae","Austrolycus depressiceps","Eastern Pacific",2,NA,NA,"iDigBio; LACM Vertebrates",NA,"individuals","75-49","2","1cc7cafd-4e76-4dee-935a-52b99df7f3eb","NULL"
"urn:catalog:CAS:SU(ICH):22723","Laredo Bay.","http://grscicoll.org/institution/california-academy-sciences","CAS","U.S. Fish Commission",NA,"Animalia","Notothenia",-70.792139,2333,-52.968576,"PreservedSpecimen","SU(ICH)",NA,"22723",NA,"http://grscicoll.org/institutional-collection/cas-ichthyology","Nototheniidae","Notothenia gilberti","Estrecho de Magallanes",1,NA,"paratype","iDigBio",NA,NA,NA,NA,"1d81edfd-4824-420e-990a-ae8f118e83ae","NULL"
"urn:catalog:CAS:SU(ICH):22714","Port Churruca","http://grscicoll.org/institution/california-academy-sciences","CAS","U.S. Fish Commission",NA,"Animalia","Notothenia",-73.925944,525,-53.013258,"PreservedSpecimen","SU(ICH)",NA,"22714",NA,"http://grscicoll.org/institutional-collection/cas-ichthyology","Nototheniidae","Notothenia sima","Estrecho de Magallanes",1,NA,NA,"iDigBio",NA,NA,NA,NA,"200d2e01-0ac1-4fa3-8ca7-a4dccd45e5c5","NULL"
"MCZ:Ich:12849","Eden Harbor [=Puerto Eden]","b4640710-8e03-11d8-b956-b8a03c50a862","MCZ","Hassler Expedition",1872,"Animalia","Notothenia",-74.46,115000,-49.16,"PreservedSpecimen","Ich","1872-1872","12849","1872-01-01/1872-12-31",NA,"Nototheniidae","Notothenia tessellata Richardson, 1845","Pacific, Southeast",7,"adult",NA,"iDigBio",NA,NA,NA,NA,"230d7942-d14b-475d-b688-997a5633772c","list(`dwc:identifiedBy` = ""Cards"", `dwc:identificationRemarks` = ""[MUSE DETERMINER: Cards]"", `dwc:identificationVerificationStatus` = ""migration"", coreid = ""MCZ:Ich:12849"", `dwc:identificationID` = ""797521"", `dwc:scientificName` = ""Notothenia tessellata"")"
"http://n2t.net/ark:/65665/3b6709ac3-d54f-442e-bd3d-fc88855a9007","St. of Magellan, S.A.","urn:lsid:biocol.org:col:34871","USNM",NA,NA,"Animalia","Patagonotothen",-70.9083,NA,-53.65,"PreservedSpecimen","FISH","0000 00 00 - 0000 00 00","USNM 103789",NA,"urn:uuid:09c9cf5f-f5d3-48cc-b5c8-cd9b9fbd631f","Nototheniidae","Patagonotothen longipes","South Pacific Ocean",1,NA,NA,"iDigBio; NMNH Extant Biology",NA,NA,NA,NA,"24294d19-6b08-4cd4-8c42-637e1823df12","NULL"
"MCZ:Ich:12843","off Straits of Magellan, Puerto Bueno","b4640710-8e03-11d8-b956-b8a03c50a862","MCZ","Hassler Expedition",1872,"Animalia","Notothenia",-74.21539,795,-50.99286,"PreservedSpecimen","Ich","30/3/1872-1/4/1872","12843","1872-03-30/1872-04-01",NA,"Nototheniidae","Notothenia tessellata Richardson, 1845","Pacific, Southeast",2,"adult",NA,"iDigBio",NA,NA,NA,NA,"2b32acd7-fe19-4899-ac17-75c4b17c7889","list(`dwc:identifiedBy` = ""Cards"", `dwc:identificationRemarks` = ""[MUSE DETERMINER: Cards]"", `dwc:identificationVerificationStatus` = ""migration"", coreid = ""MCZ:Ich:12843"", `dwc:identificationID` = ""797515"", `dwc:scientificName` = ""Notothenia tessellata"")"
"edec253f-554e-44a5-8ff5-38bf1444d1b4","Puerto el Hambre, cove south of Punta Askew, Peninsula Brunswick, Magellan Strait.","https://scientific-collections.gbif.org/institution/2fc908ba-e775-49e2-bffe-6b9041c3b70f","LACM","J.H. McLean",1975,"Animalia","Maynea",-70.93,NA,-53.62,"PreservedSpecimen","Fish","16 & 19 Nov. 1975","35560.003","1975-11-16","https://scientific-collections.gbif.org/collection/439095a6-e9e0-412b-b770-2a9200251977","Zoarcidae","Maynea","South Pacific",1,NA,NA,"iDigBio; LACM Vertebrates","Capture Method: Hand","individuals","75-49","1","36f226db-186d-4dda-9abd-c895820e804e","NULL"
"757873a7-2495-4783-b79b-8d60717d1b4a","Puerto el Hambre, cove south of Punta Askew, Peninsula Brunswick, Magellan Strait.","https://scientific-collections.gbif.org/institution/2fc908ba-e775-49e2-bffe-6b9041c3b70f","LACM","J.H. McLean",NA,"Animalia","Austrolycus",-70.93,NA,-53.62,"PreservedSpecimen","Fish","16 & 19 Nov. 1975","35560.001",NA,"https://scientific-collections.gbif.org/collection/439095a6-e9e0-412b-b770-2a9200251977","Zoarcidae","Austrolycus","South Pacific",2,NA,NA,"iDigBio; LACM Vertebrates","Capture Method: Hand","individuals","75-49","2","3c04ba77-b31a-46b1-ae3f-4bb166da1fe9","NULL"
"2bf2862f-6c17-416a-bb8d-ec265d66006e","Gulf of corcovado, west of Isla Talcon, Pumalin","https://scientific-collections.gbif.org/institution/2fc908ba-e775-49e2-bffe-6b9041c3b70f","LACM","James H McLean",NA,"Animalia","Notothenia",-72.87,NA,-42.7,"PreservedSpecimen","Fish","4-6 Nov 1975","38213.003",NA,"https://scientific-collections.gbif.org/collection/439095a6-e9e0-412b-b770-2a9200251977","Nototheniidae","Notothenia cornucola","South Pacific",1,NA,NA,"iDigBio; LACM Vertebrates",NA,"individuals","75-14","1","4327d442-5add-427d-8fbe-a43db54b2e49","NULL"
"cfc6e321-0dc7-457c-9871-c711565676fc","Taitao Penninsula, Punta Leopardo",NA,"FMNH","L. Moreira",NA,"Animalia","Harpagifer",-73.848353,NA,-46.52354,"PreservedSpecimen","Fishes",NA,"43968",NA,NA,"Harpagiferidae","Harpagifer bispinis",NA,5,NA,NA,"iDigBio",NA,NA,NA,NA,"551246df-c39d-4115-86cb-bcfa2a102f1b","NULL"
"urn:catalog:CAS:ICH:30442","Puerto Montt, Espero Pilluco","http://grscicoll.org/institution/california-academy-sciences","CAS","Eigenmann, Carl H.",NA,"Animalia","Eleginops",-72.899212,4658,-41.486946,"PreservedSpecimen","ICH",NA,"30442",NA,"http://grscicoll.org/institutional-collection/cas-ichthyology","Eleginopidae","Eleginops maclovinus",NA,13,NA,NA,"iDigBio",NA,NA,NA,NA,"55af78b7-3ff7-48a4-91ac-a98b477956f1","NULL"
"http://n2t.net/ark:/65665/35889a603-3f7e-409c-a893-61bbb88c5255","Pacific: Chile, Baie Orange.","urn:lsid:biocol.org:col:34871","USNM",NA,NA,"Animalia","Harpagifer",-68.02,NA,-55.53,"PreservedSpecimen","FISH","0000 00 00 - 0000 00 00","USNM 42077",NA,"urn:uuid:09c9cf5f-f5d3-48cc-b5c8-cd9b9fbd631f","Harpagiferidae","Harpagifer bispinis","South Pacific Ocean",1,NA,NA,"iDigBio; NMNH Extant Biology",NA,NA,NA,NA,"60c9cfc8-b3a4-491d-981d-753742668404","NULL"
"http://n2t.net/ark:/65665/3b0bdf35d-dea2-4cb8-acb3-f64f05b3376c","Chile, Gulf of Ancud","urn:lsid:biocol.org:col:34871","USNM",NA,NA,"Animalia","Myxodes",-72.82,NA,-42.7,"MachineObservation","FISH","0000 Oct 02 - 0000 00 00","USNM RAD111284",NA,"urn:uuid:09c9cf5f-f5d3-48cc-b5c8-cd9b9fbd631f","Clinidae","Myxodes cristatus","South Pacific Ocean, Gulf of Ancud",1,NA,NA,"iDigBio; NMNH Extant Biology",NA,NA,NA,NA,"6484cdba-f0e4-4afa-8018-d03c0a08a79a","NULL"
"MCZ:Ich:27615","Cabo de Hornos, Orange Bay","b4640710-8e03-11d8-b956-b8a03c50a862","MCZ",NA,1884,"Animalia","Notothenia",-67.26,115000,-56.01,"PreservedSpecimen","Ich","1884-1884","27615","1884-01-01/1884-12-31",NA,"Nototheniidae","Notothenia tessellata Richardson, 1845","Pacific, Southeast",2,"adult",NA,"iDigBio",NA,NA,NA,NA,"6ba0e51c-c704-426f-9a38-1ee18ead2fb4","list(`dwc:identifiedBy` = ""Cards"", `dwc:identificationRemarks` = ""[MUSE DETERMINER: Cards]"", `dwc:identificationVerificationStatus` = ""migration"", coreid = ""MCZ:Ich:27615"", `dwc:identificationID` = ""817895"", `dwc:scientificName` = ""Notothenia tessellata"")"
"MCZ:Ich:12844","off Straits of Magellan, Puerto Bueno","b4640710-8e03-11d8-b956-b8a03c50a862","MCZ","Hassler Expedition",1872,"Animalia","Notothenia",-74.21539,795,-50.99286,"PreservedSpecimen","Ich","30/3/1872-1/4/1872","12844","1872-03-30/1872-04-01",NA,"Nototheniidae","Notothenia hassleri","Pacific, Southeast",19,"adult",NA,"iDigBio",NA,NA,NA,NA,"6cbafbe2-bbba-4e38-aa62-1cb3805df6be","list(`dwc:identifiedBy` = ""Cards"", `dwc:identificationRemarks` = ""[MUSE DETERMINER: Cards]"", `dwc:identificationVerificationStatus` = ""migration"", coreid = ""MCZ:Ich:12844"", `dwc:identificationID` = ""797516"", `dwc:scientificName` = ""Notothenia hassleri"")"
"urn:catalog:CAS:SU(ICH):22675","Sandy Point.","http://grscicoll.org/institution/california-academy-sciences","CAS","U.S. Fish Commission",NA,"Animalia","Notothenia",-70.877879,5292,-53.161165,"PreservedSpecimen","SU(ICH)","1887-88","22675",NA,"http://grscicoll.org/institutional-collection/cas-ichthyology","Nototheniidae","Notothenia tessellata","Estrecho de Magallanes",1,NA,NA,"iDigBio",NA,NA,NA,NA,"6e292839-e775-4d1e-af23-5502622fa613","NULL"
"c203c2b8-6b93-43f1-a5b8-430910625906","Puerto el Hambre, cove south of Punta Askew, Peninsula Brunswick, Magellan Strait.","https://scientific-collections.gbif.org/institution/2fc908ba-e775-49e2-bffe-6b9041c3b70f","LACM","J.H. McLean",NA,"Animalia","Notothenia",-70.93,NA,-53.62,"PreservedSpecimen","Fish","16 & 19 Nov. 1975","35560.004",NA,"https://scientific-collections.gbif.org/collection/439095a6-e9e0-412b-b770-2a9200251977","Nototheniidae","Notothenia cornucola","South Pacific",2,NA,NA,"iDigBio; LACM Vertebrates","Capture Method: Hand","individuals","75-49","2","785aa23a-8d08-4f18-b1fa-3cee73b1e047","NULL"
"http://n2t.net/ark:/65665/3f73a595a-7796-42d7-9f34-464eea76c120","Chile, Gulf of Ancud","urn:lsid:biocol.org:col:34871","USNM",NA,NA,"Animalia","Myxodes",-72.82,NA,-42.7,"PreservedSpecimen","FISH","0000 Oct 02 - 0000 00 00","USNM 203557",NA,"urn:uuid:09c9cf5f-f5d3-48cc-b5c8-cd9b9fbd631f","Clinidae","Myxodes cristatus","South Pacific Ocean, Gulf of Ancud",3,NA,NA,"iDigBio; NMNH Extant Biology",NA,NA,NA,NA,"8014d389-1864-4b76-aa43-cea969e38f9f","NULL"
"urn:catalog:CAS:ICH:63801","Tierra del Fuego.","http://grscicoll.org/institution/california-academy-sciences","CAS","Nanni, A.",NA,"Animalia","Patagonotothen",-67.244583,239221,-54.525419,"PreservedSpecimen","ICH",NA,"63801",NA,"http://grscicoll.org/institutional-collection/cas-ichthyology","Nototheniidae","Patagonotothen longipes ramsayi",NA,2,NA,NA,"iDigBio",NA,NA,NA,NA,"86bdce26-c463-4428-9632-c5dd12177950","NULL"
"MCZ:Ich:12842","off Straits of Magellan, Puerto Bueno","b4640710-8e03-11d8-b956-b8a03c50a862","MCZ","Hassler Expedition",1872,"Animalia","Notothenia",-74.21539,795,-50.99286,"PreservedSpecimen","Ich","30/3/1872-1/4/1872","12842","1872-03-30/1872-04-01",NA,"Nototheniidae","Notothenia tessellata Richardson, 1845","Pacific, Southeast",6,"adult",NA,"iDigBio",NA,NA,NA,NA,"874ba28c-3eca-4bc3-bd46-63ca51f27e34","list(`dwc:identifiedBy` = ""Ledger"", `dwc:identificationRemarks` = ""[MUSE DETERMINER: Ledger/1994]"", `dwc:identificationVerificationStatus` = ""migration"", coreid = ""MCZ:Ich:12842"", `dwc:identificationID` = ""797514"", `dwc:scientificName` = ""Notothenia tessellata"")"
"http://n2t.net/ark:/65665/391c9e612-750a-4f5c-95b9-ece9342c6ea7","Pacific: Chile, Baie Orange.","urn:lsid:biocol.org:col:34871","USNM",NA,NA,"Animalia","Harpagifer",-68.02,NA,-55.53,"PreservedSpecimen","FISH","0000 00 00 - 0000 00 00","USNM 42079",NA,"urn:uuid:09c9cf5f-f5d3-48cc-b5c8-cd9b9fbd631f","Harpagiferidae","Harpagifer bispinis","South Pacific Ocean",1,NA,NA,"iDigBio; NMNH Extant Biology",NA,NA,NA,NA,"9dba4c47-754f-4cf4-bbd9-95a8e0c8d78d","NULL"
"urn:catalog:CAS:SU(ICH):22695","Gregory Bay","http://grscicoll.org/institution/california-academy-sciences","CAS","U.S. Fish Commission",NA,"Animalia","Notothenia",-70.121286,6196,-52.636898,"PreservedSpecimen","SU(ICH)",NA,"22695",NA,"http://grscicoll.org/institutional-collection/cas-ichthyology","Nototheniidae","Notothenia longicauda","Estrecho de Magallanes",1,NA,NA,"iDigBio",NA,NA,NA,NA,"a313cd94-dd80-4367-ae59-9b690c7c5f4d","NULL"
"e1898bd9-2f41-4e20-92a8-acba3559f9e3","Puerto el Hambre, cove south of Punta Askew, Peninsula Brunswick, Magellan Strait.","https://scientific-collections.gbif.org/institution/2fc908ba-e775-49e2-bffe-6b9041c3b70f","LACM","J.H. McLean",NA,"Animalia","Harpagifer",-70.93,NA,-53.62,"PreservedSpecimen","Fish","16 & 19 Nov. 1975","35560.002",NA,"https://scientific-collections.gbif.org/collection/439095a6-e9e0-412b-b770-2a9200251977","Harpagiferidae","Harpagifer bispinis","South Pacific",2,NA,NA,"iDigBio; LACM Vertebrates","Capture Method: Hand","individuals","75-49","2","a4bed1e8-729c-42db-bd64-06c55deae75e","NULL"
"urn:catalog:CAS:SU(ICH):22673","Laredo Bay.","http://grscicoll.org/institution/california-academy-sciences","CAS","U.S. Fish Commission",NA,"Animalia","Notothenia",-70.792139,2333,-52.968576,"PreservedSpecimen","SU(ICH)",NA,"22673",NA,"http://grscicoll.org/institutional-collection/cas-ichthyology","Nototheniidae","Notothenia sima","Estrecho de Magallanes",1,NA,NA,"iDigBio",NA,NA,NA,NA,"a55298b6-509c-4b52-b263-bee2e4e7e51d","NULL"
"urn:catalog:CAS:SU(ICH):22688","Sandy Point.","http://grscicoll.org/institution/california-academy-sciences","CAS","U.S. Fish Commission",NA,"Animalia","Notothenia",-70.877879,5292,-53.161165,"PreservedSpecimen","SU(ICH)","1887-88","22688",NA,"http://grscicoll.org/institutional-collection/cas-ichthyology","Nototheniidae","Notothenia cornucola","Estrecho de Magallanes",1,NA,NA,"iDigBio",NA,NA,NA,NA,"a6de71c7-7bd0-4aa5-9534-860ced15abf9","NULL"
"6f9f5d60-0d65-4375-9ee8-21d02ed3ee0d","Taitao Penninsula, Punta Leopardo",NA,"FMNH","L. Moreira",NA,"Animalia","Austrolycus",-73.848353,NA,-46.52354,"PreservedSpecimen","Fishes",NA,"43969",NA,NA,"Zoarcidae","Austrolycus depressiceps",NA,5,NA,NA,"iDigBio",NA,NA,NA,NA,"b2bff414-3b70-4258-8d9a-e749744f0a86","NULL"
"urn:catalog:CAS:SU(ICH):22686","Laredo Bay.","http://grscicoll.org/institution/california-academy-sciences","CAS","U.S. Fish Commission",NA,"Animalia","Notothenia",-70.792139,2333,-52.968576,"PreservedSpecimen","SU(ICH)",NA,"22686",NA,"http://grscicoll.org/institutional-collection/cas-ichthyology","Nototheniidae","Notothenia tessellata","Estrecho de Magallanes",1,NA,NA,"iDigBio",NA,NA,NA,NA,"ba50384d-b20c-4735-8420-8d0076506199","NULL"
"MCZ:Ich:12845","off Straits of Magellan, Puerto Bueno","b4640710-8e03-11d8-b956-b8a03c50a862","MCZ","Hassler Expedition",1872,"Animalia","Notothenia",-74.21539,795,-50.99286,"PreservedSpecimen","Ich","30/3/1872-1/4/1872","12845","1872-03-30/1872-04-01",NA,"Nototheniidae","Notothenia hassleri","Pacific, Southeast",9,"adult",NA,"iDigBio",NA,NA,NA,NA,"bb886e9f-bdcf-45b9-97d1-ef9c81563087","list(`dwc:identifiedBy` = ""Cards"", `dwc:identificationRemarks` = ""[MUSE DETERMINER: Cards]"", `dwc:identificationVerificationStatus` = ""migration"", coreid = ""MCZ:Ich:12845"", `dwc:identificationID` = ""797517"", `dwc:scientificName` = ""Notothenia hassleri"")"
"f35af197-a308-4dd1-b33e-7d997b90f274","Magellan Strait, Penin.  Brunswick, cove south of Pta. Askew, Puerto el Hambre.","https://scientific-collections.gbif.org/institution/2fc908ba-e775-49e2-bffe-6b9041c3b70f","LACM","James H McLean",NA,"Animalia","Crossostomus",-70.93,NA,-53.62,"PreservedSpecimen","Fish","16 & 19 nov 1975","38214.001",NA,"https://scientific-collections.gbif.org/collection/439095a6-e9e0-412b-b770-2a9200251977","Zoarcidae","Crossostomus chilensis","Eastern Pacific",1,NA,NA,"iDigBio; LACM Vertebrates",NA,"individuals","75-49","1","cdd1126b-75e6-4748-bb7e-085a5694f7b3","NULL"
"urn:catalog:CAS:SU(ICH):22701","Patagonia, Port Otway.","http://grscicoll.org/institution/california-academy-sciences","CAS","U.S. Fish Commission",NA,"Animalia","Thyrsites",-70.683921,352703,-53.234007,"PreservedSpecimen","SU(ICH)",NA,"22701",NA,"http://grscicoll.org/institutional-collection/cas-ichthyology","Gempylidae","Thyrsites atun",NA,14,NA,NA,"iDigBio",NA,NA,NA,NA,"e1ffb188-a0fc-41e3-883c-a2e1deda7d9d","NULL"
"MCZ:Ich:27606","Cabo de Hornos, Orange Bay","b4640710-8e03-11d8-b956-b8a03c50a862","MCZ",NA,1884,"Animalia","Paranotothenia",-67.26,115000,-56.01,"PreservedSpecimen","Ich","1884-1884","27606","1884-01-01/1884-12-31",NA,"Nototheniidae","Paranotothenia magellanica (Forster, 1801)","Pacific, Southeast",1,"adult",NA,"iDigBio",NA,NA,NA,NA,"ea50919d-8908-4021-a830-06541c8f2acf","list(`dwc:identificationVerificationStatus` = c(""legacy"", ""legacy"", ""migration""), coreid = c(""MCZ:Ich:27606"", ""MCZ:Ich:27606"", ""MCZ:Ich:27606""), `dwc:identificationID` = c(""3488562"", ""3488563"", ""817885""), `dwc:scientificName` = c(""Patagonotothen sima"", ""Paranotothenia magellanica"", ""Notothenia hassleri""), `dwc:identificationRemarks` = c(NA, ""Original labels in jar have identification as Notothenia sima. Identification was changed to Notothenia hassleri, which was likely referring to Notothenia hassleriana (currently valid as Paranotothenia magellanica). [Feb. 14, 2019-MHS]"", 
""[MUSE DETERMINER: Cards]""), `dwc:identifiedBy` = c(NA, NA, ""Cards""))"
"urn:catalog:CAS:SU(ICH):22713","Patagonia, Mayne Harbor.","http://grscicoll.org/institution/california-academy-sciences","CAS","U.S. Fish Commission",NA,"Animalia","Notothenia",-74.083147,177,-51.316728,"PreservedSpecimen","SU(ICH)",NA,"22713",NA,"http://grscicoll.org/institutional-collection/cas-ichthyology","Nototheniidae","Notothenia squamiceps",NA,1,NA,NA,"iDigBio",NA,NA,NA,NA,"fafe61a7-f200-4f82-80ee-ce9588350a65","NULL"
"ccec9d99-230a-4850-9728-103ca6031d69","Gulf of corcovado, west of Isla Talcon, Pumalin","https://scientific-collections.gbif.org/institution/2fc908ba-e775-49e2-bffe-6b9041c3b70f","LACM","James H McLean",NA,"Animalia","Ophiogobius",-72.87,NA,-42.7,"PreservedSpecimen","Fish","4-6 Nov 1975","38213.004",NA,"https://scientific-collections.gbif.org/collection/439095a6-e9e0-412b-b770-2a9200251977","Gobiidae","Ophiogobius ophicephalus","South Pacific",1,NA,NA,"iDigBio; LACM Vertebrates",NA,"individuals","75-14","1","fdb57d8f-c26c-4e44-840f-ce752eec5577","NULL"
"MCZ:Ich:27596","Cabo de Hornos, Orange Bay","b4640710-8e03-11d8-b956-b8a03c50a862","MCZ",NA,1884,"Animalia","Notothenia",-67.26,115000,-56.01,"PreservedSpecimen","Ich","1884-1884","27596","1884-01-01/1884-12-31",NA,"Nototheniidae","Notothenia cornucola Richardson, 1844","Pacific, Southeast",2,"adult",NA,"iDigBio",NA,NA,NA,NA,"fef4d140-3554-4e52-ac95-285e5c84812c","list(`dwc:identifiedBy` = ""Cards"", `dwc:identificationRemarks` = ""[MUSE DETERMINER: Cards]"", `dwc:identificationVerificationStatus` = ""migration"", coreid = ""MCZ:Ich:27596"", `dwc:identificationID` = ""817874"", `dwc:scientificName` = ""Notothenia cornucola"")"
"http://n2t.net/ark:/65665/32ca67e15-3e6c-4676-a9c0-3a9aeabbe238","Off Chile, South America","urn:lsid:biocol.org:col:34871","USNM",NA,1888,"Animalia","Hippoglossina",-75.25,NA,-46.7917,"PreservedSpecimen","FISH",NA,"USNM 77393","1888-02-09","urn:uuid:09c9cf5f-f5d3-48cc-b5c8-cd9b9fbd631f","Paralichthyidae","Hippoglossina mystacium","South Pacific Ocean",1,NA,"Holotype","iDigBio; NMNH Extant Biology",NA,NA,NA,NA,"08881da4-7401-4250-b8f8-48a7c1a08e87","NULL"
"http://n2t.net/ark:/65665/3449eaaf4-c2a4-44b7-b052-b72f19afbda6","Chile, Puerto Montt and Canal Tenglo","urn:lsid:biocol.org:col:34871","USNM",NA,1945,"Animalia","Paralichthys",-72.97,NA,-41.5,"PreservedSpecimen","FISH","1945 Jan 18 - 0000 00 00","USNM 176467","1945-01-18","urn:uuid:09c9cf5f-f5d3-48cc-b5c8-cd9b9fbd631f","Paralichthyidae","Paralichthys","South Pacific Ocean",1,NA,NA,"iDigBio; NMNH Extant Biology",NA,NA,NA,NA,"ffe1b312-7239-4119-a195-3f7010840acb","NULL"
"http://n2t.net/ark:/65665/3d98f23f5-7a2a-4616-b223-9c7127788991","Chile, Castro","urn:lsid:biocol.org:col:34871","USNM",NA,1945,"Animalia","Paralichthys",-72.77,NA,-42.48,"PreservedSpecimen","FISH","1945 Jan 20 - 0000 00 00","USNM 176458","1945-01-20","urn:uuid:09c9cf5f-f5d3-48cc-b5c8-cd9b9fbd631f","Paralichthyidae","Paralichthys","South Pacific Ocean",1,NA,NA,"iDigBio; NMNH Extant Biology",NA,NA,NA,NA,"07527aed-d6cb-4fb4-a2df-9c82384c7390","NULL"
"http://n2t.net/ark:/65665/331fc6866-ccc1-4416-b14d-0cd18b5e4f8c","Chile, Bahia Lin","urn:lsid:biocol.org:col:34871","USNM",NA,1945,"Animalia","Paralichthys",-73.1,NA,-41.9,"PreservedSpecimen","FISH","1945 Jan 20 - 0000 00 00","USNM 176599","1945-01-20","urn:uuid:09c9cf5f-f5d3-48cc-b5c8-cd9b9fbd631f","Paralichthyidae","Paralichthys","South Pacific Ocean",1,NA,NA,"iDigBio; NMNH Extant Biology",NA,NA,NA,NA,"178290bc-375d-4081-bcfb-56d1384f5c0f","NULL"
"http://n2t.net/ark:/65665/3d05c7272-1331-408a-a1f0-fe687de56a31","Chile, Bahia Lin","urn:lsid:biocol.org:col:34871","USNM",NA,1945,"Animalia","Paralichthys",-73.1,NA,-41.9,"PreservedSpecimen","FISH","1945 Jan 20 - 0000 00 00","USNM 176514","1945-01-20","urn:uuid:09c9cf5f-f5d3-48cc-b5c8-cd9b9fbd631f","Paralichthyidae","Paralichthys","South Pacific Ocean",1,NA,NA,"iDigBio; NMNH Extant Biology",NA,NA,NA,NA,"e5699c73-eaf8-411c-90fc-0c84f3068560","NULL"
"http://n2t.net/ark:/65665/31e963589-a031-4e47-812b-b42d3c8aa08c","Chile, Castro Bay","urn:lsid:biocol.org:col:34871","USNM",NA,1945,"Animalia","Paralichthys",-72.77,NA,-42.48,"PreservedSpecimen","FISH","1945 Jan 22 - 0000 00 00","USNM 176518","1945-01-22","urn:uuid:09c9cf5f-f5d3-48cc-b5c8-cd9b9fbd631f","Paralichthyidae","Paralichthys","South Pacific Ocean",3,NA,NA,"iDigBio; NMNH Extant Biology",NA,NA,NA,NA,"2e848cee-6401-4077-a688-cdd53048a6bf","NULL"
"http://n2t.net/ark:/65665/3049c666f-c26c-4fa7-8582-d09256b4b212","Chile, Quemchi, Chiloe Island","urn:lsid:biocol.org:col:34871","USNM",NA,1945,"Animalia","Paralichthys",-73.48,NA,-42.1417,"PreservedSpecimen","FISH","1945 Feb 05 - 1945 Feb 06","USNM 176515","1945-02-05/1945-02-06","urn:uuid:09c9cf5f-f5d3-48cc-b5c8-cd9b9fbd631f","Paralichthyidae","Paralichthys","South Pacific Ocean",1,NA,NA,"iDigBio; NMNH Extant Biology",NA,NA,NA,NA,"46e9133b-4029-45ea-b187-e4972f9645a7","NULL"
"http://n2t.net/ark:/65665/3ff09a3ff-4680-4829-9d0e-15707b3b74a9","Chile, Calbuco","urn:lsid:biocol.org:col:34871","USNM",NA,1945,"Animalia","Paralichthys",-73.13,NA,-41.775,"PreservedSpecimen","FISH","1945 Feb 07 - 1945 Feb 08","USNM 176589","1945-02-07/1945-02-08","urn:uuid:09c9cf5f-f5d3-48cc-b5c8-cd9b9fbd631f","Paralichthyidae","Paralichthys","South Pacific Ocean",3,NA,NA,"iDigBio; NMNH Extant Biology",NA,NA,NA,NA,"72b3070e-abf3-4476-ab46-d1fcd50d1569","NULL"
"http://n2t.net/ark:/65665/329cc61c9-3d8c-4f3a-aed7-2b348e8c1a86","Near Puerto Montt Chile","urn:lsid:biocol.org:col:34871","USNM",NA,1967,"Animalia","Hippoglossina",-73.07,NA,-41.6,"PreservedSpecimen","FISH","1967 Sep 16 - 0000 00 00","USNM 362276","1967-09-16","urn:uuid:09c9cf5f-f5d3-48cc-b5c8-cd9b9fbd631f","Paralichthyidae","Hippoglossina bollmani","South Pacific Ocean",2,NA,NA,"iDigBio; NMNH Extant Biology",NA,NA,NA,NA,"85199b1f-ba07-49d5-80df-783b13d8d2e0","NULL"
"93a1348e-0fe0-4aed-b90e-f491ac8db300","Off Cape Saint Vincent, Queen Adelaide Archipelago",NA,"NHMUK",NA,NA,NA,"Paraliparis",-74.05,NA,-51.4583333,"PreservedSpecimen","ZOO",NA,"1887.12.7.20",NA,NA,"Liparidae","Paraliparis membranaceus Günther, 1887","Southeast Pacific Ocean",1,NA,"HOLOTYPE","iDigBio","Trawl",NA,NA,NA,"cb36da6d-3d23-49f2-98b8-f3a2825f2225","NULL"
"fe1a8ddd-65f8-4165-b106-34d8b978daaf","Strait of Magellan",NA,"NHMUK",NA,NA,NA,"Neophrynichthys",-70.9083333,NA,-53.65,"PreservedSpecimen","ZOO",NA,"1936.8.26.1109",NA,NA,"Psychrolutidae","Neophrynichthys marmoratus Regan, 1913","Southeast Pacific Ocean, Southeast Pacific Ocean",1,NA,NA,"iDigBio",NA,NA,NA,NA,"ac47c1a3-efed-4532-854b-ba922f6d2b5f","NULL"
"f6f2fc6f-e1b4-42f5-9803-a951b3f5e5fd","Magellan Strait",NA,"NHMUK",NA,NA,NA,"Paraliparis",-70.9166667,NA,-53.6916667,"PreservedSpecimen","ZOO",NA,"1936.8.26.1148",NA,NA,"Liparidae","Paraliparis sp","Southeast Pacific Ocean, Southeast Pacific Ocean",1,NA,NA,"iDigBio",NA,NA,NA,NA,"90f688cd-1c28-4842-bf25-311363dfe874","NULL"
"b6cf349f-eb4b-4376-8c1e-57255e2878ca","Magellan Strait",NA,"NHMUK",NA,NA,NA,"Paraliparis",-69.8916667,NA,-52.6583333,"PreservedSpecimen","ZOO",NA,"1936.8.26.1149",NA,NA,"Liparidae","Paraliparis sp","Southeast Pacific Ocean, Southeast Pacific Ocean",1,NA,NA,"iDigBio",NA,NA,NA,NA,"6bb6191a-f11c-4823-acb8-f941e0b18460","NULL"
"urn:uuid:005f5783-dd67-4de1-bc93-a0477eebb988","Maillen Island, 9 miles from Puerto Montt",NA,"YPM",NA,1935,"Animalia","Sebastes",-73,111111,-42,"PreservedSpecimen","VZ",NA,"YPM ICH 009313","1935-01-18",NA,"Scorpaenidae","Sebastes","Pacific Ocean",1,NA,NA,"iDigBio",NA,NA,NA,NA,"0632bd6c-8e74-4677-b5c0-117884dba1e6","NULL"
"8c50f138-6aa9-46e3-a991-fe6f4c946db2","English Narrows (Pacific Ocean)",NA,"UMMZ","RL Fricke on 'Vagabondia'",1936,NA,"Sebastes",-74.382065,NA,-48.948039,"PreservedSpecimen","ummz_fish",NA,"215346","1936-03-15",NA,"Scorpaenidae","Sebastes",NA,NA,NA,NA,"iDigBio; Fish",NA,NA,NA,NA,"bd117055-a3da-4c00-a54a-f11598723ad4","NULL"
"http://n2t.net/ark:/65665/30e3464b5-729d-4434-a217-3becf83a0853","Chile, Bahia Lin","urn:lsid:biocol.org:col:34871","USNM",NA,1945,"Animalia","Helicolenus",-73.1,NA,-41.9,"PreservedSpecimen","FISH","1945 Jan 20 - 0000 00 00","USNM 176519","1945-01-20","urn:uuid:09c9cf5f-f5d3-48cc-b5c8-cd9b9fbd631f","Sebastidae","Helicolenus","South Pacific Ocean",1,NA,NA,"iDigBio; NMNH Extant Biology",NA,NA,NA,NA,"db88bcbf-a390-4aed-804f-640bd40014a4","NULL"
"http://n2t.net/ark:/65665/3af6af267-224c-4d60-9f0c-664d9501c41f","Chile, Puerto Auchemo","urn:lsid:biocol.org:col:34871","USNM",NA,1945,"Animalia","Sebastes",-72.83,NA,-43.025,"PreservedSpecimen","FISH","1945 Jan 23 - 0000 00 00","USNM 176607","1945-01-23","urn:uuid:09c9cf5f-f5d3-48cc-b5c8-cd9b9fbd631f","Sebastidae","Sebastes","South Pacific Ocean",3,NA,NA,"iDigBio; NMNH Extant Biology",NA,NA,NA,NA,"800bb2fc-dfdf-410a-90dd-fd17f3d44577","NULL"
"http://n2t.net/ark:/65665/3828619e9-67e2-415b-a8f4-ee1f1c664b05","Chile, Puerto Auchemo","urn:lsid:biocol.org:col:34871","USNM",NA,1945,"Animalia","Sebastes",-72.83,NA,-43.025,"PreservedSpecimen","FISH","1945 January 24","USNM 176415","1945-01-24","urn:uuid:09c9cf5f-f5d3-48cc-b5c8-cd9b9fbd631f","Sebastidae","Sebastes","South Pacific Ocean",2,NA,NA,"iDigBio; NMNH Extant Biology",NA,NA,NA,NA,"6d3bc91f-555d-45b5-9ad8-2d532eae28ca","NULL"
"http://n2t.net/ark:/65665/3cf4d3e48-3d71-45dc-9d94-3f7d679f50e9","Chile, Puerto Auchemo","urn:lsid:biocol.org:col:34871","USNM",NA,1945,"Animalia",NA,-72.83,NA,-43.025,"PreservedSpecimen","FISH","24 Jan 1945","USNM 176416","1945-01-24","urn:uuid:09c9cf5f-f5d3-48cc-b5c8-cd9b9fbd631f","Scorpaenidae","Scorpaenidae","South Pacific Ocean",3,NA,NA,"iDigBio; NMNH Extant Biology",NA,NA,NA,NA,"a53a4ec5-e1bb-4a6b-8b0b-5762225700ee","NULL"
"http://n2t.net/ark:/65665/3fc358c56-3a1e-46c3-bc29-e0d29df49148","Huichas Island","urn:lsid:biocol.org:col:34871","USNM",NA,1945,"Animalia",NA,-73.5,NA,-45.175,"PreservedSpecimen","FISH","25 Jan 1945","USNM 176606","1945-01-25","urn:uuid:09c9cf5f-f5d3-48cc-b5c8-cd9b9fbd631f","Scorpaenidae","Scorpaenidae","South Pacific Ocean",3,NA,NA,"iDigBio; NMNH Extant Biology",NA,NA,NA,NA,"772d66b3-431f-49ae-9a32-27729c2a4920","NULL"
"http://n2t.net/ark:/65665/3674526a6-5e0c-4921-8a6d-8aa3f2024140","Chile, Chonchi, Chiloe Island","urn:lsid:biocol.org:col:34871","USNM",NA,1945,"Animalia","Sebastes",-73.77,NA,-42.625,"PreservedSpecimen","FISH","1945 Feb 04 - 0000 00 00","USNM 176442","1945-02-04","urn:uuid:09c9cf5f-f5d3-48cc-b5c8-cd9b9fbd631f","Sebastidae","Sebastes","South Pacific Ocean",2,NA,NA,"iDigBio; NMNH Extant Biology",NA,NA,NA,NA,"f3e7b7f0-9f96-44ea-b284-e792388090fd","NULL"
"http://n2t.net/ark:/65665/36216d343-6d1a-4dee-b242-875a75caddfd","Ancud, Chiloe Island, Golfo de Quetalmaue, Pullingua","urn:lsid:biocol.org:col:34871","USNM",NA,1945,"Animalia","Sebastes",-73.88,NA,-41.87,"PreservedSpecimen","FISH","1945 Feb 07 - 0000 00 00","USNM 176520","1945-02-07","urn:uuid:09c9cf5f-f5d3-48cc-b5c8-cd9b9fbd631f","Sebastidae","Sebastes","South Pacific Ocean",2,NA,NA,"iDigBio; NMNH Extant Biology",NA,NA,NA,NA,"7657a9d6-5d6e-4beb-a2f0-7b66b922134d","NULL"
"urn:catalog:CAS:ICH:220224","Near Puerto Montt.","http://grscicoll.org/institution/california-academy-sciences","CAS","Morrell, M. R.",1967,"Animalia","Sebastes",-73.016667,NA,-41.55,"PreservedSpecimen","ICH",NA,"220224","1967-09-16","http://grscicoll.org/institutional-collection/cas-ichthyology","Scorpaenidae","Sebastes capensis",NA,1,NA,NA,"iDigBio","otter trawl",NA,NA,NA,"ae9e85bd-b434-4ffa-ad9b-30e992fb02cc","NULL"
"urn:catalog:CAS:ICH:64817","Seno Holloway","http://grscicoll.org/institution/california-academy-sciences","CAS",NA,1968,"Animalia","Sebastes",-75.275,NA,-46.753333,"PreservedSpecimen","ICH",NA,"64817","1968-01-21","http://grscicoll.org/institutional-collection/cas-ichthyology","Scorpaenidae","Sebastes",NA,3,NA,NA,"iDigBio","TRAWL",NA,NA,NA,"2a1106a3-efbb-454d-aa9b-9b5dc82f4657","NULL"
"http://n2t.net/ark:/65665/36f0263e9-bb01-4db9-8668-8f2af1cfb96f","500 meters off Punta Tern, in canal Whiteside, Isla Dawson, Chile.","urn:lsid:biocol.org:col:34871","USNM",NA,1969,"Animalia",NA,-70.4,NA,-53.83,"PreservedSpecimen","FISH","1969 May 03 - 0000 00 00","USNM 440389","1969-05-03","urn:uuid:09c9cf5f-f5d3-48cc-b5c8-cd9b9fbd631f","Scorpaenidae","Scorpaenidae","South Pacific Ocean",1,NA,NA,"iDigBio; NMNH Extant Biology",NA,NA,NA,NA,"2b7c2ab6-b2d9-41cf-ae29-ffb8c3b13550","NULL"
"http://n2t.net/ark:/65665/399ccb0b2-a314-49f3-b8ac-80f6638d5b0e",NA,"urn:lsid:biocol.org:col:34871","USNM",NA,1969,"Animalia","Sebastes",-70.6583,NA,-53.0083,"PreservedSpecimen","FISH","1969 May 06 - 0000 00 00","USNM 372618","1969-05-06","urn:uuid:09c9cf5f-f5d3-48cc-b5c8-cd9b9fbd631f","Sebastidae","Sebastes","South Pacific Ocean",2,NA,NA,"iDigBio; NMNH Extant Biology",NA,NA,NA,NA,"62d10a47-d699-4440-b1d9-3ac1b15b6205","NULL"
"http://n2t.net/ark:/65665/360c83d2c-2469-411a-8e42-700a090046cd","Kelp beds on south southeast side of Harris Bay, east coast of Dawson Island, Chile","urn:lsid:biocol.org:col:34871","USNM",NA,1969,"Animalia","Careproctus",-70.4311,NA,-53.8589,"PreservedSpecimen","FISH","1969 May 18 - 0000 00 00","USNM 347660","1969-05-18","urn:uuid:09c9cf5f-f5d3-48cc-b5c8-cd9b9fbd631f","Liparidae","Careproctus pallidus","South Pacific Ocean",1,NA,NA,"iDigBio; NMNH Extant Biology",NA,NA,NA,NA,"1dea397c-3543-4fa9-b37a-d8501dc609ba","NULL"
"http://n2t.net/ark:/65665/36745a2ab-e43e-48c2-9339-80791b8467d9",NA,"urn:lsid:biocol.org:col:34871","USNM",NA,1970,"Animalia",NA,-70.925,NA,-53.65,"PreservedSpecimen","FISH","1970 Apr 25 - 0000 00 00","USNM 422711","1970-04-25","urn:uuid:09c9cf5f-f5d3-48cc-b5c8-cd9b9fbd631f","Agonidae","Agonidae","South Pacific Ocean",1,NA,NA,"iDigBio; NMNH Extant Biology",NA,NA,NA,NA,"4e48c8cc-3a94-403e-b714-170a025a8ab9","NULL"
"http://n2t.net/ark:/65665/327dad902-252d-4b9e-b8e8-00a916829e10",NA,"urn:lsid:biocol.org:col:34871","USNM",NA,1970,"Animalia","Cottunculus",-70.925,NA,-53.6597,"PreservedSpecimen","FISH","1970 Apr 25 - 0000 00 00","USNM 403928","1970-04-25","urn:uuid:09c9cf5f-f5d3-48cc-b5c8-cd9b9fbd631f","Psychrolutidae","Cottunculus thomsonii","South Pacific Ocean",1,NA,NA,"iDigBio; NMNH Extant Biology",NA,NA,NA,NA,"d63c4a92-c695-48d4-993b-4cf9feb876c9","NULL"
"http://n2t.net/ark:/65665/347c1de5b-1e86-4207-8ed8-75a545e8f094","Strait of Magellan","urn:lsid:biocol.org:col:34871","USNM",NA,1970,"Animalia",NA,-70.9217,NA,-53.6517,"PreservedSpecimen","FISH","1970 Apr 26 - 0000 00 00","USNM 403932","1970-04-26","urn:uuid:09c9cf5f-f5d3-48cc-b5c8-cd9b9fbd631f","Psychrolutidae","Psychrolutidae","South Pacific Ocean",1,NA,NA,"iDigBio; NMNH Extant Biology",NA,NA,NA,NA,"38522807-e77d-477e-a80e-ce1b5559704c","NULL"
"http://n2t.net/ark:/65665/3014a62ae-120e-48c2-a710-335902668522",NA,"urn:lsid:biocol.org:col:34871","USNM",NA,1970,"Animalia",NA,-70.9217,NA,-53.6517,"PreservedSpecimen","FISH","1970 Apr 26 - 0000 00 00","USNM 403931","1970-04-26","urn:uuid:09c9cf5f-f5d3-48cc-b5c8-cd9b9fbd631f","Psychrolutidae","Psychrolutidae","South Pacific Ocean",1,NA,NA,"iDigBio; NMNH Extant Biology",NA,NA,NA,NA,"7487f28a-fefe-4537-80ef-9947562b8d80","NULL"
"http://n2t.net/ark:/65665/3b18810d8-78c6-456a-997b-246004270d97","Strait of Magellan","urn:lsid:biocol.org:col:34871","USNM",NA,1970,"Animalia","Psychrolutes",-69.98,NA,-53.565,"PreservedSpecimen","FISH","1970 Apr 29 - 0000 00 00","USNM 319714","1970-04-29","urn:uuid:09c9cf5f-f5d3-48cc-b5c8-cd9b9fbd631f","Psychrolutidae","Psychrolutes marmoratus","South Pacific Ocean",1,NA,NA,"iDigBio; NMNH Extant Biology",NA,NA,NA,NA,"2614742d-511c-43c0-b1e0-625b0f9d402d","NULL"
"599ed75d-0f2d-4c07-a442-3ef6940ef4ce",NA,"http://biocol.org/urn:lsid:biocol.org:col:14844","SIO","Mahan",1972,"Animalia","Congiopodus",-73.1086667,NA,-43.9136667,"PreservedSpecimen","Marine Vertebrates","18Nov1972","74-117","1972-11-18",NA,"Congiopodidae","Congiopodus peruvianus","South Pacific Ocean",NA,NA,NA,"iDigBio",NA,NA,NA,NA,"627d9e8f-778e-4edd-bf14-3dd773f71591","NULL"
"f9a63769-b7e1-46e0-86cd-c4d6bdee196a","Darwin Canal","http://biocol.org/urn:lsid:biocol.org:col:14844","SIO","P Dayton",1973,"Animalia","Agonopsis",-65.467,NA,-54.9003333,"PreservedSpecimen","Marine Vertebrates","24May1973","74-113","1973-05-24",NA,"Agonidae","Agonopsis chiloensis","Western South Atlantic Ocean",NA,NA,NA,"iDigBio",NA,NA,NA,NA,"d86fbc0c-82c2-4101-a6bf-f4c884c010e2","NULL"
"urn:catalog:CAS:ICH:60515","Tierra del Fuego; I. Navarino; Punto Toro; in kelp (Macrocystis).","http://grscicoll.org/institution/california-academy-sciences","CAS","Moreno, C. A.",1980,"Animalia","Careproctus",-67.786689,52393,-55.258793,"PreservedSpecimen","ICH",NA,"60515","1980-01-15","http://grscicoll.org/institutional-collection/cas-ichthyology","Liparidae","Careproctus crassus",NA,1,NA,"neotype","iDigBio",NA,NA,NA,NA,"2bf03817-6b23-4ff6-81ac-4c88d708bda8","NULL"
"urn:catalog:CAS:ICH:60516","Tierra del Fuego; I. Navarino; Punto Toro; in kelp (Macrocystis).","http://grscicoll.org/institution/california-academy-sciences","CAS","Moreno, C. A.",1980,"Animalia","Agonopsis",-67.786689,52393,-55.258793,"PreservedSpecimen","ICH",NA,"60516","1980-07-23","http://grscicoll.org/institutional-collection/cas-ichthyology","Agonidae","Agonopsis chiloensis",NA,2,NA,NA,"iDigBio",NA,NA,NA,NA,"2dcb3620-8be9-4284-a2e1-da2a18f8bb18","NULL"
"urn:catalog:CAS:ICH:55162","Aysen Fjord","http://grscicoll.org/institution/california-academy-sciences","CAS","Zama, A.",1984,"Animalia","Sebastes",-73.316667,NA,-45.3,"PreservedSpecimen","ICH",NA,"55162","1984-03-16","http://grscicoll.org/institutional-collection/cas-ichthyology","Scorpaenidae","Sebastes","Aysen Fjord",5,NA,NA,"iDigBio","hook & line",NA,NA,NA,"6e29d1e7-7cc5-4fcd-9084-d50fd767024e","NULL"
"urn:catalog:CAS:ICH:213878","Angelmo, Puerto Montt.","http://grscicoll.org/institution/california-academy-sciences","CAS","Briones, R.",1985,"Animalia","Normanichthys",-72.948441,4658,-41.475769,"PreservedSpecimen","ICH",NA,"213878","1985-06-27","http://grscicoll.org/institutional-collection/cas-ichthyology","Normanichthyidae","Normanichthys crockeri",NA,10,NA,NA,"iDigBio",NA,NA,NA,NA,"df9c33fe-8a3c-4ad3-ba51-13206313d516","NULL"
"MCZ:Ich:12972","Eden Harbor [=Puerto Eden]","b4640710-8e03-11d8-b956-b8a03c50a862","MCZ","Hassler Expedition",1872,"Animalia","Liparis",-74.46,115000,-49.16,"PreservedSpecimen","Ich","1872-1872","12972","1872-01-01/1872-12-31",NA,"Cyclopteridae","Liparis antarctica Putnam, 1874","Pacific, Southeast",1,"adult","Holotype of Liparis antarctica","iDigBio",NA,NA,NA,NA,"24968bdd-d5f5-49bd-9a0c-ba0b38b3384c","list(`dwc:identifiedBy` = c(""Frederic W. Putnam"", ""Putnam, 1874""), `dwc:identificationRemarks` = c(""[MUSE DETERMINER: Putnam]"", NA), `dwc:identificationVerificationStatus` = c(""migration"", ""Type Publication""), coreid = c(""MCZ:Ich:12972"", ""MCZ:Ich:12972""), `dwc:identificationID` = c(""797671"", ""99551469538119549Holotype""), `dwc:scientificName` = c(""Liparis antarctica"", ""Liparis antarctica""), `dwc:phylum` = c(NA, ""Chordata""), `dwc:scientificNameAuthorship` = c(NA, ""Putnam, 1874""), `dwc:identificationReferences` = c(NA, 
""Putnam, F. W. 1874. Notes on Liparis, Cyclopterus and their allies.  Proceedings of the American Association for the Advancement of Science 22:335–340.""), `dwc:dateIdentified` = c(NA, ""1874""), `dwc:typeStatus` = c(NA, ""Holotype""))"
"urn:catalog:CAS:ICH:14852","Puella.","http://grscicoll.org/institution/california-academy-sciences","CAS","Allen, William R.",1919,"Animalia","Trichomycterus",-72.021984,946,-41.085732,"PreservedSpecimen","ICH",NA,"14852","1919-02-27","http://grscicoll.org/institutional-collection/cas-ichthyology","Trichomycteridae","Trichomycterus",NA,367,NA,NA,"iDigBio",NA,NA,NA,NA,"647359df-2a77-47ec-aea5-c2978a90a45c","NULL"
"urn:catalog:CAS:ICH:28573","Peulla; 190 m elev.","http://grscicoll.org/institution/california-academy-sciences","CAS","Eigenmann, Carl H.",1919,"Animalia","Trichomycterus",-72.033333,NA,-41.083333,"PreservedSpecimen","ICH",NA,"28573","1919-02-27","http://grscicoll.org/institutional-collection/cas-ichthyology","Trichomycteridae","Trichomycterus areolatus","Lago Todos Santos",74,NA,NA,"iDigBio",NA,NA,NA,NA,"a6065711-d75f-4723-bcee-2500f5f84b68","NULL"
"urn:catalog:CAS:ICH:28572","Abtao, Llanquihue Prov.","http://grscicoll.org/institution/california-academy-sciences","CAS","Eigenmann, Carl H.",1919,"Animalia","Trichomycterus",-72.921457,2578,-41.395874,"PreservedSpecimen","ICH",NA,"28572","1919-02","http://grscicoll.org/institutional-collection/cas-ichthyology","Trichomycteridae","Trichomycterus areolatus",NA,34,NA,NA,"iDigBio",NA,NA,NA,NA,"cff888c6-928b-4ae3-add8-243a14963790","NULL"
"urn:catalog:CAS:ICH:15649","Below the falls formed by lava from Volcan Osorno flowing against the foot of Sierra Santo Domingo; 100 m elev.","http://grscicoll.org/institution/california-academy-sciences","CAS","Eigenmann, Carl H.",1919,"Animalia","Trichomycterus",-72.416667,NA,-41.15,"PreservedSpecimen","ICH",NA,"15649","1919-03-08","http://grscicoll.org/institutional-collection/cas-ichthyology","Trichomycteridae","Trichomycterus areolatus","R. Petrohue",47,NA,NA,"iDigBio",NA,NA,NA,NA,"87ff7806-1afa-4a42-a79e-e8dbe4475c2f","NULL"
"urn:catalog:CAS:ICH:28566","into Lago Llanquihue; 74 m elev.","http://grscicoll.org/institution/california-academy-sciences","CAS","Eigenmann, Carl H.",1919,"Animalia","Trichomycterus",-72.795213,NA,-41.253568,"PreservedSpecimen","ICH",NA,"28566","1919-03-10","http://grscicoll.org/institutional-collection/cas-ichthyology","Trichomycteridae","Trichomycterus areolatus","Rio Pescado",19,NA,NA,"iDigBio",NA,NA,NA,NA,"9b9bedc2-b5df-4205-8162-bcce83cc1329","NULL"
"urn:catalog:CAS:ICH:28570","at mouth of creek near base of Monte Tronador, Casa Panque; 320 m elev.","http://grscicoll.org/institution/california-academy-sciences","CAS","Eigenmann, Carl H.",1919,"Animalia","Trichomycterus",-71.883333,NA,-41.05,"PreservedSpecimen","ICH",NA,"28570","1919-03","http://grscicoll.org/institutional-collection/cas-ichthyology","Trichomycteridae","Trichomycterus areolatus","RIO PEULLA",2,NA,NA,"iDigBio",NA,NA,NA,NA,"90bca48e-8e05-4fe8-86aa-96ee8fcc31de","NULL"
"MCZ:Ich:98722","Stream entering Lago Buenos Ayres.","b4640710-8e03-11d8-b956-b8a03c50a862","MCZ","Robert M. McDowall",1968,"Animalia","Trichomycterus",-72.11705,78689,-46.5263,"PreservedSpecimen","Ich","17/2/1968-17/2/1968","98722","1968-02-17",NA,"Trichomycteridae","Trichomycterus areolatus Valenciennes, 1846 Valenciennes, 1846",NA,3,"adult",NA,"iDigBio",NA,NA,NA,NA,"4ca5e125-4f83-4478-b5ba-afdf18145401","list(`dwc:identifiedBy` = c(""Laura Donin"", ""Jonathan N. Baskin""), `dwc:identificationVerificationStatus` = c(""expert ID"", ""migration""), coreid = c(""MCZ:Ich:98722"", ""MCZ:Ich:98722""), `dwc:identificationID` = c(""3981098"", ""900726""), `dwc:scientificName` = c(""Trichomycterus areolatus Valenciennes, 1846"", ""Trichomycterus areolatus""), `dwc:dateIdentified` = c(""2024"", NA), `dwc:identificationRemarks` = c(NA, ""[MUSE DETERMINER: Baskin_JN]""))"
"MCZ:Ich:98719","Rio Chacabuco, tributary of Rio Limay","b4640710-8e03-11d8-b956-b8a03c50a862","MCZ","Robert M. McDowall",1968,"Animalia","Trichomycterus",-72.33268,23518,-47.05381,"PreservedSpecimen","Ich","19/2/1968-19/2/1968","98719","1968-02-19",NA,"Trichomycteridae","Trichomycterus areolatus Valenciennes, 1846 Valenciennes, 1846",NA,4,"adult",NA,"iDigBio",NA,NA,NA,NA,"e2b12349-5343-4e82-a38b-a8e72c1a02b5","list(`dwc:identifiedBy` = c(""Laura Donin"", ""Jonathan N. Baskin""), `dwc:identificationVerificationStatus` = c(""expert ID"", ""migration""), coreid = c(""MCZ:Ich:98719"", ""MCZ:Ich:98719""), `dwc:identificationID` = c(""3981095"", ""900723""), `dwc:scientificName` = c(""Trichomycterus areolatus Valenciennes, 1846"", ""Trichomycterus areolatus""), `dwc:dateIdentified` = c(""2024"", NA), `dwc:identificationRemarks` = c(NA, ""[MUSE DETERMINER: Baskin_JN]""))"
"dc93ef2a-1ed3-11e3-bfac-90b11c41863e","In rocky river, Rio Petrohue, 8 kilometers SW of Petrohue","http://grbio.org/cool/iakn-125z","KU","Duellman, William E",1974,"Animalia","Trichomycterus",-72.462672,NA,-41.187613,"PreservedSpecimen","KUI",NA,"41268","1974-12-28",NA,"Trichomycteridae","Trichomycterus sp.",NA,NA,NA,NA,"iDigBio; University of Kansas Biodiversity Institute Fish Voucher Collection",NA,NA,NA,NA,"ca6bff5e-c83c-4624-92aa-0703d924025d","NULL"
"dc526799-1ed3-11e3-bfac-90b11c41863e","Curalufu River","http://grbio.org/cool/iakn-125z","KU","Arratia, Gloria; Diaz, H",1976,"Animalia","Diplomystes",-72.863889,23037,-39.818333,"PreservedSpecimen","KUI",NA,"19257","1976-02-21",NA,"Diplomystidae","Diplomystes camposensis",NA,NA,NA,"Paratype","iDigBio; University of Kansas Biodiversity Institute Fish Voucher Collection",NA,NA,NA,NA,"777a20ea-23f0-40f2-86b6-5c0e0aad2b1a","NULL"
"dc5211e2-1ed3-11e3-bfac-90b11c41863e","Curalufu River","http://grbio.org/cool/iakn-125z","KU","Arratia, Gloria; Diaz, H",1976,"Animalia","Trichomycterus",-72.863889,23037,-39.818333,"PreservedSpecimen","KUI",NA,"19217","1976-02-21",NA,"Trichomycteridae","Trichomycterus areolatus",NA,NA,NA,NA,"iDigBio; University of Kansas Biodiversity Institute Fish Voucher Collection",NA,NA,NA,NA,"c19c3b51-d58d-4989-8571-778020d11c83","NULL"
"dc52080a-1ed3-11e3-bfac-90b11c41863e","Purey River","http://grbio.org/cool/iakn-125z","KU","Arratia, Gloria; Diaz, H",1976,"Animalia","Diplomystes",-72.863889,242554,-39.818333,"PreservedSpecimen","KUI",NA,"19210","1976-11-19",NA,"Diplomystidae","Diplomystes camposensis",NA,NA,NA,"Paratype","iDigBio; University of Kansas Biodiversity Institute Fish Voucher Collection",NA,NA,NA,NA,"2a8eb48f-f804-47f9-8fb8-445574068f39","NULL"
"urn:catalog:CAS:ICH:76889","Argentina","http://grscicoll.org/institution/california-academy-sciences","CAS","Hatcher",NA,"Animalia","Hatcheria",-72,NA,-47,"PreservedSpecimen","ICH",NA,"76889",NA,"http://grscicoll.org/institutional-collection/cas-ichthyology","Trichomycteridae","Hatcheria patagoniensis",NA,1,NA,NA,"iDigBio",NA,NA,NA,NA,"05912fa8-dc71-4b5a-9003-b5f01cf8957f","NULL"
"http://n2t.net/ark:/65665/38727bf56-4dbc-48b1-8763-e35d3d8aa592","Chile, Puerto Montt and Canal Tenglo","urn:lsid:biocol.org:col:34871","USNM",NA,1945,"Animalia","Leptonotus",-72.97,NA,-41.5,"PreservedSpecimen","FISH","1945 Jan 18 - 0000 00 00","USNM 205179","1945-01-18","urn:uuid:09c9cf5f-f5d3-48cc-b5c8-cd9b9fbd631f","Syngnathidae","Leptonotus blainvilleanus","South Pacific Ocean",3,NA,NA,"iDigBio; NMNH Extant Biology",NA,NA,NA,NA,"1365aa29-813e-4a77-a22b-b234b20939b5","NULL"
"http://n2t.net/ark:/65665/31094eea0-bdbc-49c2-9ac8-0ed3722d58aa","Chile, Bahia Lin","urn:lsid:biocol.org:col:34871","USNM",NA,1945,"Animalia","Leptonotus",-73.1,NA,-41.9,"PreservedSpecimen","FISH","1945 Jan 20 - 0000 00 00","USNM 176564","1945-01-20","urn:uuid:09c9cf5f-f5d3-48cc-b5c8-cd9b9fbd631f","Syngnathidae","Leptonotus blainvilleanus","South Pacific Ocean",12,NA,NA,"iDigBio; NMNH Extant Biology",NA,NA,NA,NA,"750592a1-96d8-4e86-aa91-22d967d08105","NULL"
"http://n2t.net/ark:/65665/37bc16a42-9b53-4256-92dc-49fcc8d04097","Chile, Quellon (Chiloe Island)","urn:lsid:biocol.org:col:34871","USNM",NA,1945,"Animalia","Leptonotus",-73.62,NA,-43.13,"PreservedSpecimen","FISH","1945 Feb 02 - 1945 Feb 03","USNM 176569","1945-02-02/1945-02-03","urn:uuid:09c9cf5f-f5d3-48cc-b5c8-cd9b9fbd631f","Syngnathidae","Leptonotus blainvilleanus","South Pacific Ocean",4,NA,NA,"iDigBio; NMNH Extant Biology",NA,NA,NA,NA,"43796226-9405-462b-97b8-221975b15a4e","NULL"
"urn:catalog:CAS:ICH:60514","Tierra del Fuego; I. Navarino; Punto Toro; in kelp (Macrocystis).","http://grscicoll.org/institution/california-academy-sciences","CAS","Moreno, C. A.",1980,"Animalia","Leptonotus",-67.786689,52393,-55.258793,"PreservedSpecimen","ICH",NA,"60514","1980-01-17","http://grscicoll.org/institutional-collection/cas-ichthyology","Syngnathidae","Leptonotus blainvilleanus",NA,2,NA,NA,"iDigBio",NA,NA,NA,NA,"be64d56c-e750-4de7-8bd5-36662781d973","NULL"
"5f2a46e6-dfb6-46fe-92a8-a36847636e63","Quitrako Fjord, close to Skorpios Thermal Baths, Prov. Aysen, XI Region; Pacific drainage",NA,"UMMZ","Fishermen for M/N Skorpios",1990,NA,"Leptonotus",-73.1666667,NA,-45.5333333,"PreservedSpecimen","ummz_fish",NA,"218454","1990-02-05",NA,"Syngnathidae","Leptonotus",NA,NA,NA,NA,"iDigBio; Fish","gill net;'medialuna'",NA,NA,NA,"a1ffa83a-059b-4bf2-b647-cdf19b5c114a","NULL"
"MCZ:Ich:11738","Eden Harbor [=Puerto Eden]","b4640710-8e03-11d8-b956-b8a03c50a862","MCZ","Hassler Expedition",1872,"Animalia","Leptonotus",-74.46,115000,-49.16,"PreservedSpecimen","Ich","1872-1872","11738","1872-01-01/1872-12-31",NA,"Syngnathidae","Leptonotus blainvilleanus (Eydoux & Gervais, 1837)","Pacific, Southeast",2,"adult",NA,"iDigBio",NA,NA,NA,NA,"0bd9dc1e-0a63-440e-8491-b39feb9e111b","list(`dwc:identifiedBy` = ""Ledger"", `dwc:identificationRemarks` = ""[MUSE DETERMINER: Ledger/1994]"", `dwc:identificationVerificationStatus` = ""migration"", coreid = ""MCZ:Ich:11738"", `dwc:identificationID` = ""797094"", `dwc:scientificName` = ""Leptonotus blainvilleanus"")"
"MCZ:Ich:27619","Cabo de Hornos, Orange Bay","b4640710-8e03-11d8-b956-b8a03c50a862","MCZ",NA,1884,"Animalia","Leptonotus",-67.26,115000,-56.01,"PreservedSpecimen","Ich","1884-1884","27619","1884-01-01/1884-12-31",NA,"Syngnathidae","Leptonotus blainvilleanus (Eydoux & Gervais, 1837)","Pacific, Southeast",1,"adult",NA,"iDigBio",NA,NA,NA,NA,"74b98549-2eef-4a23-b680-9b77a168e36c","list(`dwc:identifiedBy` = ""Ledger"", `dwc:identificationRemarks` = ""[MUSE DETERMINER: Ledger]"", `dwc:identificationVerificationStatus` = ""migration"", coreid = ""MCZ:Ich:27619"", `dwc:identificationID` = ""817899"", `dwc:scientificName` = ""Leptonotus blainvilleanus"")"
"6bc49d7d-b94d-4401-a091-c68ff490f253","Ushuaia Harbor","https://scientific-collections.gbif.org/institution/2fc908ba-e775-49e2-bffe-6b9041c3b70f","LACM","USNS Eltanin",1963,"Animalia","Stomias",-68.27,NA,-54.8,"PreservedSpecimen","Fish",NA,"11550.001","1963-02-06","https://scientific-collections.gbif.org/collection/439095a6-e9e0-412b-b770-2a9200251977","Stomiidae","Stomias","South Atlantic",1,NA,NA,"iDigBio; LACM Vertebrates","Capture Method: 1 m plankton net | Vessel: USNS Eltanin","individuals","Elt. 456","1","95af571b-4d9b-4fd1-a130-5806d5092695","NULL"
"urn:catalog:CAS:SU(ICH):22679","Strait of Magellan","http://grscicoll.org/institution/california-academy-sciences","CAS","U.S. Fish Commission",1888,"Animalia","Galaxias",-69.366667,NA,-52.375,"PreservedSpecimen","SU(ICH)",NA,"22679","1888-01-18","http://grscicoll.org/institutional-collection/cas-ichthyology","Galaxiidae","Galaxias maculatus","Strait of Magellan",7,NA,NA,"iDigBio","small beam trawl",NA,NA,NA,"846b5b7b-8faa-4937-a6d3-ec927d4d205d","NULL"
"urn:catalog:CAS:SU(ICH):273","Strait of Magellan","http://grscicoll.org/institution/california-academy-sciences","CAS","U.S. Fish Commission",1888,"Animalia","Aplochiton",-69.366667,NA,-52.375,"PreservedSpecimen","SU(ICH)",NA,"273","1888-01-18","http://grscicoll.org/institutional-collection/cas-ichthyology","Galaxiidae","Aplochiton zebra","Strait of Magellan",1,NA,NA,"iDigBio","small beam trawl",NA,NA,NA,"ba74e960-0053-4927-a1d6-4c3a73fa3921","NULL"
"urn:catalog:CAS:SU(ICH):22676","Strait of Magellan","http://grscicoll.org/institution/california-academy-sciences","CAS","U.S. Fish Commission",1888,"Animalia","Aplochiton",-69.366667,NA,-52.375,"PreservedSpecimen","SU(ICH)",NA,"22676","1888-01-18","http://grscicoll.org/institutional-collection/cas-ichthyology","Galaxiidae","Aplochiton zebra","Strait of Magellan",7,NA,NA,"iDigBio","small beam trawl",NA,NA,NA,"cf13bcd6-0421-4d38-b48a-f224e7882528","NULL"
"394ca869-3888-439c-8d6e-881f19be9e13","Peulla; Lago Todos Santos, 190 m. elev",NA,"FMNH","C. H. Eigenmann",NA,"Animalia","Galaxias",-72.0333,NA,-41.0833,"PreservedSpecimen","Fishes",NA,"80322",NA,NA,"Galaxiidae","Galaxias maculatus",NA,268,NA,NA,"iDigBio",NA,NA,NA,NA,"f244c865-91df-4287-813f-55b8e272878d","NULL"
"9c7a1d2f-5163-43cf-9c93-f64f12c7d280","Peulla:  Lago Tados Santos 190 m. elev",NA,"FMNH","C. H. Eigenmann",NA,"Animalia","Galaxias",-72.0333,NA,-41.0833,"PreservedSpecimen","Fishes",NA,"78410",NA,NA,"Galaxiidae","Galaxias plattii",NA,10,NA,NA,"iDigBio",NA,NA,NA,NA,"defd99b6-5488-4c43-9cd8-ab0863c56875","NULL"
"urn:catalog:CAS:ICH:78449","Puerto Montt (5 m elev.): either Estero Pilluco, small brook west of town or larger one east of town","http://grscicoll.org/institution/california-academy-sciences","CAS","Eigenmann, Carl H.",1919,"Animalia","Galaxias",-72.95,NA,-41.466667,"PreservedSpecimen","ICH",NA,"78449","1919-02-22","http://grscicoll.org/institutional-collection/cas-ichthyology","Galaxiidae","Galaxias maculatus",NA,50,NA,NA,"iDigBio",NA,NA,NA,NA,"1e523fa8-15e9-4c52-9427-e9b03bdcb2f2","NULL"
"urn:catalog:CAS:SU(ICH):16461","Puerto Montt (5 m elev.): either Estero Pilluco, small brook west of town or larger one east of town","http://grscicoll.org/institution/california-academy-sciences","CAS","Eigenmann, Carl H.",1919,"Animalia","Galaxias",-72.95,NA,-41.466667,"PreservedSpecimen","SU(ICH)",NA,"16461","1919-02-22","http://grscicoll.org/institutional-collection/cas-ichthyology","Galaxiidae","Galaxias maculatus",NA,3,NA,NA,"iDigBio",NA,NA,NA,NA,"2ff1f0f1-e4e0-41f4-ad8b-f3a797d68043","NULL"
"urn:catalog:CAS:ICH:78453","Puerto Montt (5 m elev.): either Estero Pilluco, small brook west of town or larger one east of town","http://grscicoll.org/institution/california-academy-sciences","CAS","Eigenmann, Carl H.",1919,"Animalia","Galaxias",-72.95,NA,-41.466667,"PreservedSpecimen","ICH",NA,"78453","1919-02-22","http://grscicoll.org/institutional-collection/cas-ichthyology","Galaxiidae","Galaxias maculatus",NA,100,NA,NA,"iDigBio",NA,NA,NA,NA,"54e5b22c-9fe4-43a3-b53d-49f3086af452","NULL"
"8f5c92c6-d0ce-435f-8567-0b7ecb391ac3","Puerto Montt, Estero Pilluco, elev. 5 m",NA,"FMNH","C. H. Eigenmann",NA,"Animalia","Galaxias",-72.95,NA,-41.4667,"PreservedSpecimen","Fishes",NA,"77554",NA,NA,"Galaxiidae","Galaxias maculatus",NA,15,NA,NA,"iDigBio",NA,NA,NA,NA,"5fab2814-ca8a-42e2-bce5-dbbef3ecae98","NULL"
"urn:catalog:CAS:ICH:78448","Puerto Montt (5 m elev.): either Estero Pilluco, small brook west of town or larger one east of town","http://grscicoll.org/institution/california-academy-sciences","CAS","Eigenmann, Carl H.",1919,"Animalia","Galaxias",-72.95,NA,-41.466667,"PreservedSpecimen","ICH",NA,"78448","1919-02-22","http://grscicoll.org/institutional-collection/cas-ichthyology","Galaxiidae","Galaxias maculatus",NA,150,NA,NA,"iDigBio",NA,NA,NA,NA,"c7dc64cc-e0d8-473d-9e2a-fafdfd8c28d8","NULL"
"urn:catalog:CAS:ICH:78416","Puerto Montt (5 m elev.): either Estero Pilluco, small brook west of town or larger one east of town","http://grscicoll.org/institution/california-academy-sciences","CAS","Eigenmann, Carl H.",1919,"Animalia","Aplochiton",-72.95,NA,-41.466667,"PreservedSpecimen","ICH",NA,"78416","1919-02-22","http://grscicoll.org/institutional-collection/cas-ichthyology","Galaxiidae","Aplochiton zebra",NA,17,NA,NA,"iDigBio",NA,NA,NA,NA,"e0d775c1-afe9-426a-9ba7-2214eb127b1b","NULL"
"urn:catalog:CAS:SU(ICH):23955","Puerto Montt (5 m elev.): either Estero Pilluco, small brook west of town or larger one east of town","http://grscicoll.org/institution/california-academy-sciences","CAS","Eigenmann, Carl H.",1919,"Animalia","Galaxias",-72.95,NA,-41.466667,"PreservedSpecimen","SU(ICH)",NA,"23955","1919-02-22","http://grscicoll.org/institutional-collection/cas-ichthyology","Galaxiidae","Galaxias maculatus",NA,5,NA,NA,"iDigBio",NA,NA,NA,NA,"f1ea73da-aa43-4797-b006-391d0babe483","NULL"
"urn:catalog:CAS:ICH:97400","Puerto Montt, Espero Pilluco","http://grscicoll.org/institution/california-academy-sciences","CAS","Eigenmann, Carl H.",1919,"Animalia","Aplochiton",-72.899212,4658,-41.486946,"PreservedSpecimen","ICH",NA,"97400","1919-02-23","http://grscicoll.org/institutional-collection/cas-ichthyology","Galaxiidae","Aplochiton taeniatus",NA,2,NA,NA,"iDigBio",NA,NA,NA,NA,"464c6e01-b3fa-4eb7-b1c3-e51f9d4d6dc7","NULL"
"urn:catalog:CAS:ICH:13511","Peulla","http://grscicoll.org/institution/california-academy-sciences","CAS","Eigenmann, Carl H.",1919,"Animalia","Aplochiton",-72.021984,946,-41.085732,"PreservedSpecimen","ICH",NA,"13511","1919-02","http://grscicoll.org/institutional-collection/cas-ichthyology","Galaxiidae","Aplochiton",NA,6,NA,NA,"iDigBio",NA,NA,NA,NA,"f10674c1-dc85-4df2-ba0b-52c01acc3098","NULL"
"urn:catalog:CAS:ICH:78441","Peulla; 190 m elev.","http://grscicoll.org/institution/california-academy-sciences","CAS","Eigenmann, Carl H.",1919,"Animalia","Galaxias",-72.033333,NA,-41.083333,"PreservedSpecimen","ICH",NA,"78441","1919-02-27","http://grscicoll.org/institutional-collection/cas-ichthyology","Galaxiidae","Galaxias maculatus","Lago Todos Santos",87,NA,NA,"iDigBio",NA,NA,NA,NA,"0aec9c41-ad60-46ad-836a-253df2559310","NULL"
"baedec8c-c205-47f1-b65d-92ec0eaaf4d1","Peulla, Lago Todos Santos, 190 m. elev",NA,"FMNH","C. H. Eigenmann",NA,"Animalia","Aplochiton",-72.0333,NA,-41.0833,"PreservedSpecimen","Fishes",NA,"89063",NA,NA,"Galaxiidae","Aplochiton taeniatus",NA,2,NA,NA,"iDigBio",NA,NA,NA,NA,"2bbbc201-8d4a-4c6c-af69-0b9c988c0f2a","NULL"
"urn:catalog:CAS:ICH:78422","Peulla; 190 m elev.","http://grscicoll.org/institution/california-academy-sciences","CAS","Eigenmann, Carl H.",1919,"Animalia","Aplochiton",-72.033333,NA,-41.083333,"PreservedSpecimen","ICH",NA,"78422","1919-02-27","http://grscicoll.org/institutional-collection/cas-ichthyology","Galaxiidae","Aplochiton zebra","Lago Todos Santos",39,NA,NA,"iDigBio",NA,NA,NA,NA,"3117f2ff-b867-4d87-8497-96ad8c30a639","NULL"
"urn:catalog:CAS:SU(ICH):23961","Peulla; 190 m elev.","http://grscicoll.org/institution/california-academy-sciences","CAS","Eigenmann, Carl H.",1919,"Animalia","Aplochiton",-72.033333,NA,-41.083333,"PreservedSpecimen","SU(ICH)",NA,"23961","1919-02-27","http://grscicoll.org/institutional-collection/cas-ichthyology","Galaxiidae","Aplochiton zebra","Lago Todos Santos",1,NA,NA,"iDigBio",NA,NA,NA,NA,"4a179c1c-4553-4b5a-ab14-a08304640c86","NULL"
"urn:catalog:CAS:ICH:78421","Peulla; 190 m elev.","http://grscicoll.org/institution/california-academy-sciences","CAS","Eigenmann, Carl H.",1919,"Animalia","Aplochiton",-72.033333,NA,-41.083333,"PreservedSpecimen","ICH",NA,"78421","1919-02-27","http://grscicoll.org/institutional-collection/cas-ichthyology","Galaxiidae","Aplochiton zebra","Lago Todos Santos",36,NA,NA,"iDigBio",NA,NA,NA,NA,"7c1316a8-a087-4c9f-bf7d-e2c9d88e14ea","NULL"
"urn:catalog:CAS:ICH:78460","Peulla; 190 m elev.","http://grscicoll.org/institution/california-academy-sciences","CAS","Eigenmann, Carl H.",1919,"Animalia","Galaxias",-72.033333,NA,-41.083333,"PreservedSpecimen","ICH",NA,"78460","1919-02-27","http://grscicoll.org/institutional-collection/cas-ichthyology","Galaxiidae","Galaxias platei","Lago Todos Santos",50,NA,NA,"iDigBio",NA,NA,NA,NA,"7e366195-1fcd-4057-aa8f-b9ebd29df1d5","NULL"
"urn:catalog:CAS:ICH:78890","Peulla; 190 m elev.","http://grscicoll.org/institution/california-academy-sciences","CAS","Eigenmann, Carl H.",1919,"Animalia","Aplochiton",-72.033333,NA,-41.083333,"PreservedSpecimen","ICH",NA,"78890","1919-02-27","http://grscicoll.org/institutional-collection/cas-ichthyology","Galaxiidae","Aplochiton lacustris","Lago Todos Santos",11,NA,NA,"iDigBio",NA,NA,NA,NA,"cc0774a7-106f-4360-81c7-b0430fd5ae94","NULL"
"urn:catalog:CAS:SU(ICH):23954","Peulla; 190 m elev.","http://grscicoll.org/institution/california-academy-sciences","CAS","Eigenmann, Carl H.",1919,"Animalia","Aplochiton",-72.033333,NA,-41.083333,"PreservedSpecimen","SU(ICH)",NA,"23954","1919-02-27","http://grscicoll.org/institutional-collection/cas-ichthyology","Galaxiidae","Aplochiton taeniatus","Lago Todos Santos",1,NA,NA,"iDigBio",NA,NA,NA,NA,"df7de1bd-b8b9-4fec-858b-cbda54f78a6a","NULL"
"urn:catalog:CAS:ICH:78891","Peulla; 190 m elev.","http://grscicoll.org/institution/california-academy-sciences","CAS","Eigenmann, Carl H.",1919,"Animalia","Aplochiton",-72.033333,NA,-41.083333,"PreservedSpecimen","ICH",NA,"78891","1919-02-27","http://grscicoll.org/institutional-collection/cas-ichthyology","Galaxiidae","Aplochiton lacustris","Lago Todos Santos",15,NA,NA,"iDigBio",NA,NA,NA,NA,"ecac56b0-6049-4a29-940d-0a569f5ee39e","NULL"
"urn:catalog:CAS:ICH:78442","Peulla; 190 m elev.","http://grscicoll.org/institution/california-academy-sciences","CAS","Eigenmann, Carl H.",1919,"Animalia","Galaxias",-72.033333,NA,-41.083333,"PreservedSpecimen","ICH",NA,"78442","1919-02-27","http://grscicoll.org/institutional-collection/cas-ichthyology","Galaxiidae","Galaxias maculatus","Lago Todos Santos",139,NA,NA,"iDigBio",NA,NA,NA,NA,"f11f0f1f-6534-4b6d-b5b6-9027ec9e6526","NULL"
"de80666b-7607-4ce4-b4ab-a9bcd9fcdd2d","Casa Panque",NA,"FMNH","C. H. Eigenmann",NA,"Animalia","Aplochiton",-71.8833,NA,-41.05,"PreservedSpecimen","Fishes",NA,"77399",NA,NA,"Galaxiidae","Aplochiton zebra",NA,2,NA,NA,"iDigBio",NA,NA,NA,NA,"058e3525-1cd2-4d32-a1a7-46406ec016c5","NULL"
"urn:catalog:CAS:ICH:78425","Below the falls formed by lava from Volcan Osorno flowing against the foot of Sierra Santo Domingo; 100 m elev.","http://grscicoll.org/institution/california-academy-sciences","CAS","Eigenmann, Carl H.",1919,"Animalia","Aplochiton",-72.416667,NA,-41.15,"PreservedSpecimen","ICH",NA,"78425","1919-03-08","http://grscicoll.org/institutional-collection/cas-ichthyology","Galaxiidae","Aplochiton zebra","R. Petrohue",99,NA,NA,"iDigBio",NA,NA,NA,NA,"2901bce0-b767-46cf-87a3-de9da8cfbe48","NULL"
"urn:catalog:CAS:ICH:97402","Falls of Petrohue.","http://grscicoll.org/institution/california-academy-sciences","CAS","Eigenmann, Carl H.",1919,"Animalia","Aplochiton",-72.446942,385,-41.173193,"PreservedSpecimen","ICH",NA,"97402","1919-03-08","http://grscicoll.org/institutional-collection/cas-ichthyology","Galaxiidae","Aplochiton taeniatus",NA,11,NA,NA,"iDigBio",NA,NA,NA,NA,"3691e356-f407-461f-97fd-7d74709c0d08","NULL"
"urn:catalog:CAS:ICH:78458","Below the falls formed by lava from Volcan Osorno flowing against the foot of Sierra Santo Domingo; 100 m elev.","http://grscicoll.org/institution/california-academy-sciences","CAS","Eigenmann, Carl H.",1919,"Animalia","Galaxias",-72.416667,NA,-41.15,"PreservedSpecimen","ICH",NA,"78458","1919-03-08","http://grscicoll.org/institutional-collection/cas-ichthyology","Galaxiidae","Galaxias platei","R. Petrohue",3,NA,NA,"iDigBio",NA,NA,NA,NA,"4f3dbafe-af57-4cac-818f-81bc0a0788fb","NULL"
"urn:catalog:CAS:ICH:78423","Below the falls formed by lava from Volcan Osorno flowing against the foot of Sierra Santo Domingo; 100 m elev.","http://grscicoll.org/institution/california-academy-sciences","CAS","Eigenmann, Carl H.",1919,"Animalia","Aplochiton",-72.416667,NA,-41.15,"PreservedSpecimen","ICH",NA,"78423","1919-03-08","http://grscicoll.org/institutional-collection/cas-ichthyology","Galaxiidae","Aplochiton zebra","R. Petrohue",18,NA,NA,"iDigBio",NA,NA,NA,NA,"7d280a13-831d-45a6-afbd-7b920a9ef54d","NULL"
"2d5fc3ac-0514-4683-a5c8-a686cee913b9","Falls at Pitrohue, 100 m. elev",NA,"FMNH","C. H. Eigenmann",NA,"Animalia","Aplochiton",-72.4167,NA,-41.15,"PreservedSpecimen","Fishes",NA,"77393",NA,NA,"Galaxiidae","Aplochiton zebra",NA,6,NA,NA,"iDigBio",NA,NA,NA,NA,"87c3b9c3-a8ed-4f13-9994-8ba0d4712229","NULL"
"urn:catalog:CAS:ICH:78437","into Lago Llanquihue; 74 m elev.","http://grscicoll.org/institution/california-academy-sciences","CAS","Eigenmann, Carl H.",1919,"Animalia","Galaxias",-72.795213,NA,-41.253568,"PreservedSpecimen","ICH",NA,"78437","1919-03-10","http://grscicoll.org/institutional-collection/cas-ichthyology","Galaxiidae","Galaxias maculatus","Rio Pescado",75,NA,NA,"iDigBio",NA,NA,NA,NA,"125610b8-1328-4592-a451-6633d6a3a12f","NULL"
"urn:catalog:CAS:ICH:97399","R. Pescado.","http://grscicoll.org/institution/california-academy-sciences","CAS","Eigenmann, Carl H.",1919,"Animalia","Aplochiton",-72.795213,9106,-41.253568,"PreservedSpecimen","ICH",NA,"97399","1919-03-10","http://grscicoll.org/institutional-collection/cas-ichthyology","Galaxiidae","Aplochiton taeniatus",NA,11,NA,NA,"iDigBio",NA,NA,NA,NA,"91cf65df-fdb5-431e-bd79-29f25c61c206","NULL"
"urn:catalog:CAS:ICH:78457","into Lago Llanquihue; 74 m elev.","http://grscicoll.org/institution/california-academy-sciences","CAS","Eigenmann, Carl H.",1919,"Animalia","Galaxias",-72.795213,NA,-41.253568,"PreservedSpecimen","ICH",NA,"78457","1919-03-10","http://grscicoll.org/institutional-collection/cas-ichthyology","Galaxiidae","Galaxias platei","Rio Pescado",22,NA,NA,"iDigBio",NA,NA,NA,NA,"a64244e8-d1c0-449c-9d8d-eaeba03c2522","NULL"
"urn:catalog:CAS:ICH:78417","into Lago Llanquihue; 74 m elev.","http://grscicoll.org/institution/california-academy-sciences","CAS","Eigenmann, Carl H.",1919,"Animalia","Aplochiton",-72.795213,NA,-41.253568,"PreservedSpecimen","ICH",NA,"78417","1919-03-10","http://grscicoll.org/institutional-collection/cas-ichthyology","Galaxiidae","Aplochiton zebra","Rio Pescado",6,NA,NA,"iDigBio",NA,NA,NA,NA,"fc7e2741-386b-41a6-9261-989b4df80efd","NULL"
"c39b90a7-ec4d-4d57-bd89-13e2b85866d1","Peulla, Lago Todos Santos 190 m. elev",NA,"FMNH","C. H. Eigenmann",NA,"Animalia","Galaxias",-72.0333,NA,-41.0833,"PreservedSpecimen","Fishes",NA,"96241",NA,NA,"Galaxiidae","Galaxias maculatus",NA,47,NA,NA,"iDigBio",NA,NA,NA,NA,"4d8b0940-431d-45f3-9069-fe362e4a8ba1","NULL"
"urn:catalog:CAS:ICH:78424","at mouth of creek near base of Monte Tronador, Casa Panque; 320 m elev.","http://grscicoll.org/institution/california-academy-sciences","CAS","Eigenmann, Carl H.",1919,"Animalia","Aplochiton",-71.883333,NA,-41.05,"PreservedSpecimen","ICH",NA,"78424","1919-03","http://grscicoll.org/institutional-collection/cas-ichthyology","Galaxiidae","Aplochiton zebra","RIO PEULLA",7,NA,NA,"iDigBio",NA,NA,NA,NA,"fd770a55-c73c-488b-b8e1-ff3cd38d24a2","NULL"
"3b7b5621-521e-47cc-8822-da3559ea6d34","Chiloe Island, Mocopulli, 5 km N of Dalcahue village","urn:lsid:biocol.org:col:34978","NMV","Pena, L.E.",1966,"Animalia",NA,-73.5,NA,-42.12,"PRESERVED_SPECIMEN","Ichthyology",NA,"A13516","1966-04-25/1966-04-25",NA,"Galaxiidae","GALAXIIDAE",NA,5,NA,NA,"iDigBio",NA,NA,NA,NA,"99aac3c7-e74c-4382-8002-3a92b180008e","NULL"
"0199e546-25a4-4179-a62f-056664d2f68b","Chiloe Island, Mocopulli, 5 km N of Dalcahue village","urn:lsid:biocol.org:col:34978","NMV","Pena, L.E.",1966,"Animalia",NA,-73.5,NA,-42.12,"PRESERVED_SPECIMEN","Ichthyology",NA,"A13517","1966-04-25/1966-04-25",NA,"Galaxiidae","GALAXIIDAE",NA,162,NA,NA,"iDigBio",NA,NA,NA,NA,"b4f61180-4774-44fd-8c45-5aa04ba1dcae","NULL"
"MCZ:Ich:46235","Lago Toro","b4640710-8e03-11d8-b956-b8a03c50a862","MCZ","Robert M. McDowall",1968,"Animalia","Galaxias",-72.72919,17592,-51.22904,"PreservedSpecimen","Ich","7/1/1968-7/1/1968","46235","1968-01-07",NA,"Galaxiidae","Galaxias maculatus (Jenyns, 1842)",NA,19,"adult",NA,"iDigBio",NA,NA,NA,NA,"ded8aeff-a1b5-4eb9-a6d7-316fbb64af7c","list(`dwc:identifiedBy` = ""Robert M. McDowall"", `dwc:identificationRemarks` = ""[MUSE DETERMINER: McDowell_RM/1968]"", `dwc:identificationVerificationStatus` = ""migration"", coreid = ""MCZ:Ich:46235"", `dwc:identificationID` = ""846171"", `dwc:scientificName` = ""Galaxias maculatus"")"
"MCZ:Ich:46303","Stream west of Angelmo.","b4640710-8e03-11d8-b956-b8a03c50a862","MCZ","Robert M. McDowall",1968,"Animalia","Galaxias",-72.97003,567,-41.48622,"PreservedSpecimen","Ich","1/2/1968-1/2/1968","46303","1968-02-01",NA,"Galaxiidae","Galaxias maculatus (Jenyns, 1842)",NA,18,"adult",NA,"iDigBio",NA,NA,NA,NA,"1eeef25e-f9a7-4b9f-9a55-954123bfd359","list(`dwc:identifiedBy` = ""Robert M. McDowall"", `dwc:identificationRemarks` = ""[MUSE DETERMINER: McDowell_RM/1968]"", `dwc:identificationVerificationStatus` = ""migration"", coreid = ""MCZ:Ich:46303"", `dwc:identificationID` = ""846244"", `dwc:scientificName` = ""Galaxias maculatus"")"
"MCZ:Ich:46249","Stream west of Angelmo.","b4640710-8e03-11d8-b956-b8a03c50a862","MCZ","Robert M. McDowall",1968,"Animalia","Galaxias",-72.97003,567,-41.48622,"PreservedSpecimen","Ich","1/2/1968-1/2/1968","46249","1968-02-01",NA,"Galaxiidae","Galaxias maculatus (Jenyns, 1842)",NA,300,"adult",NA,"iDigBio",NA,NA,NA,NA,"d81afc3e-01ed-4744-98a1-09111f7bb258","list(`dwc:identifiedBy` = ""Robert M. McDowall"", `dwc:identificationRemarks` = ""[MUSE DETERMINER: McDowell_RM/1968]"", `dwc:identificationVerificationStatus` = ""migration"", coreid = ""MCZ:Ich:46249"", `dwc:identificationID` = ""846186"", `dwc:scientificName` = ""Galaxias maculatus"")"
"MCZ:Ich:46284","Lago Figueroa","b4640710-8e03-11d8-b956-b8a03c50a862","MCZ","Robert M. McDowall",1968,"Animalia","Galaxias",-72.44358,1141,-51.37974,"PreservedSpecimen","Ich","7/2/1968-7/2/1968","46284","1968-02-07",NA,"Galaxiidae","Galaxias delfini Philippi, 1895",NA,17,"adult",NA,"iDigBio",NA,NA,NA,NA,"4c19f137-8ec4-4f2e-9075-652936e7726c","list(`dwc:identifiedBy` = ""Robert M. McDowall"", `dwc:identificationRemarks` = ""[MUSE DETERMINER: McDowell_RM/1968]"", `dwc:identificationVerificationStatus` = ""migration"", coreid = ""MCZ:Ich:46284"", `dwc:identificationID` = ""846224"", `dwc:scientificName` = ""Galaxias delfini"")"
"MCZ:Ich:46268","Lago Figueroa","b4640710-8e03-11d8-b956-b8a03c50a862","MCZ","Robert M. McDowall",1968,"Animalia","Galaxias",-72.44358,1141,-51.37974,"PreservedSpecimen","Ich","7/2/1968-7/2/1968","46268","1968-02-07",NA,"Galaxiidae","Galaxias platei Steindachner, 1898",NA,15,"adult","Voucher of Galaxias platei","iDigBio",NA,NA,NA,NA,"83852eb3-72bf-4a80-b817-7be8f1707428","list(`dwc:identifiedBy` = c(""Steindachner, 1898"", ""Tim M. Berra"", NA), `dwc:phylum` = c(""Chordata"", NA, NA), `dwc:scientificNameAuthorship` = c(""Steindachner, 1898"", NA, NA), `dwc:identificationReferences` = c(""Berra, T. M. and C. D. Barbour. 1998. Is the Chilean Galaxias globiceps (Teleostei: Galaxiidae) extant or extinct? Ichthyological Exploration of Freshwaters 9(3):273–278."", NA, NA), `dwc:identificationVerificationStatus` = c(""Type Publication"", ""migration"", ""migration""), coreid = c(""MCZ:Ich:46268"", 
""MCZ:Ich:46268"", ""MCZ:Ich:46268""), `dwc:identificationID` = c(""205741552261130059Voucher"", ""846206"", ""846207""), `dwc:scientificName` = c(""Galaxias platei"", ""Galaxias platei"", ""Galaxias delfini""), `dwc:dateIdentified` = c(""1998"", NA, NA), `dwc:typeStatus` = c(""Voucher"", NA, NA), `dwc:identificationRemarks` = c(NA, ""[MUSE DETERMINER: Berra_Tim/1995]"", ""[MUSE DETERMINER: ]""))"
"MCZ:Ich:46244","Laguna Azul.","b4640710-8e03-11d8-b956-b8a03c50a862","MCZ","Robert M. McDowall",1968,"Animalia","Galaxias",-72.7783,3296,-50.88394,"PreservedSpecimen","Ich","8/2/1968-8/2/1968","46244","1968-02-08",NA,"Galaxiidae","Galaxias platei Steindachner, 1898",NA,6,"adult","Voucher of Galaxias platei","iDigBio",NA,NA,NA,NA,"3ddf7641-3963-4f0c-b221-6788d936d702","list(`dwc:identifiedBy` = c(""Steindachner, 1898"", ""Tim M. Berra"", NA), `dwc:phylum` = c(""Chordata"", NA, NA), `dwc:scientificNameAuthorship` = c(""Steindachner, 1898"", NA, NA), `dwc:identificationReferences` = c(""Berra, T. M. and C. D. Barbour. 1998. Is the Chilean Galaxias globiceps (Teleostei: Galaxiidae) extant or extinct? Ichthyological Exploration of Freshwaters 9(3):273–278."", NA, NA), `dwc:identificationVerificationStatus` = c(""Type Publication"", ""migration"", ""migration""), coreid = c(""MCZ:Ich:46244"", 
""MCZ:Ich:46244"", ""MCZ:Ich:46244""), `dwc:identificationID` = c(""205741552212130059Voucher"", ""846180"", ""846181""), `dwc:scientificName` = c(""Galaxias platei"", ""Galaxias platei"", ""Galaxias delfini""), `dwc:dateIdentified` = c(""1998"", NA, NA), `dwc:typeStatus` = c(""Voucher"", NA, NA), `dwc:identificationRemarks` = c(NA, ""[MUSE DETERMINER: Berra_Tim/1995]"", ""[MUSE DETERMINER: ]""))"
"MCZ:Ich:46224","Lago Sarmiento.","b4640710-8e03-11d8-b956-b8a03c50a862","MCZ","Robert M. McDowall",1968,"Animalia","Galaxias",-72.75685,12403,-51.05052,"PreservedSpecimen","Ich","8/2/1968-8/2/1968","46224","1968-02-08",NA,"Galaxiidae","Galaxias platei Steindachner, 1898",NA,2,"adult","Voucher of Galaxias platei","iDigBio",NA,NA,NA,NA,"8e6358de-61a6-4569-82e6-44c95771a761","list(`dwc:identifiedBy` = c(""Steindachner, 1898"", ""Tim M. Berra"", NA), `dwc:phylum` = c(""Chordata"", NA, NA), `dwc:scientificNameAuthorship` = c(""Steindachner, 1898"", NA, NA), `dwc:identificationReferences` = c(""Berra, T. M. and C. D. Barbour. 1998. Is the Chilean Galaxias globiceps (Teleostei: Galaxiidae) extant or extinct? Ichthyological Exploration of Freshwaters 9(3):273–278."", NA, NA), `dwc:identificationVerificationStatus` = c(""Type Publication"", ""migration"", ""migration""), coreid = c(""MCZ:Ich:46224"", 
""MCZ:Ich:46224"", ""MCZ:Ich:46224""), `dwc:identificationID` = c(""205741552171130059Voucher"", ""846159"", ""846160""), `dwc:scientificName` = c(""Galaxias platei"", ""Galaxias platei"", ""Galaxias delfini""), `dwc:dateIdentified` = c(""1998"", NA, NA), `dwc:typeStatus` = c(""Voucher"", NA, NA), `dwc:identificationRemarks` = c(NA, ""[MUSE DETERMINER: Berra_Tim/1995]"", ""[MUSE DETERMINER: ]""))"
"MCZ:Ich:46245","Lago Pehoe below falls.","b4640710-8e03-11d8-b956-b8a03c50a862","MCZ","Robert M. McDowall",1968,"Animalia","Galaxias",-73.03424,4783,-51.09298,"PreservedSpecimen","Ich","9/2/1968-9/2/1968","46245","1968-02-09",NA,"Galaxiidae","Galaxias delfini Philippi, 1895",NA,14,"adult",NA,"iDigBio",NA,NA,NA,NA,"23b1f6cc-bdd8-4af5-a617-acdb014d71b5","list(`dwc:identifiedBy` = ""Robert M. McDowall"", `dwc:identificationRemarks` = ""[MUSE DETERMINER: McDowell_RM/1968]"", `dwc:identificationVerificationStatus` = ""migration"", coreid = ""MCZ:Ich:46245"", `dwc:identificationID` = ""846182"", `dwc:scientificName` = ""Galaxias delfini"")"
"MCZ:Ich:46266","Lago Pehoe","b4640710-8e03-11d8-b956-b8a03c50a862","MCZ","Robert M. McDowall",1968,"Animalia","Galaxias",-73.03424,4783,-51.09298,"PreservedSpecimen","Ich","9/2/1968-9/2/1968","46266","1968-02-09",NA,"Galaxiidae","Galaxias platei Steindachner, 1898",NA,20,"adult","Voucher of Galaxias platei","iDigBio",NA,NA,NA,NA,"292626c7-cee1-4694-821d-a23a2eb86a75","list(`dwc:identifiedBy` = c(""Steindachner, 1898"", ""Tim M. Berra"", NA), `dwc:phylum` = c(""Chordata"", NA, NA), `dwc:scientificNameAuthorship` = c(""Steindachner, 1898"", NA, NA), `dwc:identificationReferences` = c(""Berra, T. M. and C. D. Barbour. 1998. Is the Chilean Galaxias globiceps (Teleostei: Galaxiidae) extant or extinct? Ichthyological Exploration of Freshwaters 9(3):273–278."", NA, NA), `dwc:identificationVerificationStatus` = c(""Type Publication"", ""migration"", ""migration""), coreid = c(""MCZ:Ich:46266"", 
""MCZ:Ich:46266"", ""MCZ:Ich:46266""), `dwc:identificationID` = c(""205741552257130059Voucher"", ""846203"", ""846204""), `dwc:scientificName` = c(""Galaxias platei"", ""Galaxias platei"", ""Galaxias delfini""), `dwc:dateIdentified` = c(""1998"", NA, NA), `dwc:typeStatus` = c(""Voucher"", NA, NA), `dwc:identificationRemarks` = c(NA, ""[MUSE DETERMINER: Berra_Tim/1995]"", ""[MUSE DETERMINER: ]""))"
"MCZ:Ich:46222","Lago Figueroa","b4640710-8e03-11d8-b956-b8a03c50a862","MCZ","Robert M. McDowall",1968,"Animalia","Galaxias",-72.44358,1141,-51.37974,"PreservedSpecimen","Ich","9/2/1968-9/2/1968","46222","1968-02-09",NA,"Galaxiidae","Galaxias delfini Philippi, 1895",NA,8,"adult",NA,"iDigBio",NA,NA,NA,NA,"c72fbc05-4bbe-4f62-bd2b-76f1dc6e8982","list(`dwc:identifiedBy` = ""Robert M. McDowall"", `dwc:identificationRemarks` = ""[MUSE DETERMINER: McDowell_RM/1968]"", `dwc:identificationVerificationStatus` = ""migration"", coreid = ""MCZ:Ich:46222"", `dwc:identificationID` = ""846157"", `dwc:scientificName` = ""Galaxias delfini"")"
"MCZ:Ich:46312","Lago Pehoe","b4640710-8e03-11d8-b956-b8a03c50a862","MCZ","Robert M. McDowall",1968,"Animalia","Galaxias",-73.03424,4783,-51.09298,"PreservedSpecimen","Ich","9/2/1968-9/2/1968","46312","1968-02-09",NA,"Galaxiidae","Galaxias maculatus (Jenyns, 1842)",NA,2,"adult",NA,"iDigBio",NA,NA,NA,NA,"d0558600-de8d-420c-9a1d-87a2d3fbb813","list(`dwc:identifiedBy` = ""Robert M. McDowall"", `dwc:identificationRemarks` = ""[MUSE DETERMINER: McDowell_RM/1968]"", `dwc:identificationVerificationStatus` = ""migration"", coreid = ""MCZ:Ich:46312"", `dwc:identificationID` = ""846254"", `dwc:scientificName` = ""Galaxias maculatus"")"
"urn:catalog:CAS:ICH:55141","Patagonian Chile","http://grscicoll.org/institution/california-academy-sciences","CAS","McDowall, R. M.",1968,"Animalia","Aplochiton",-72.646889,3692,-51.527707,"PreservedSpecimen","ICH",NA,"55141","1968-02-10","http://grscicoll.org/institutional-collection/cas-ichthyology","Galaxiidae","Aplochiton zebra","Laguna Sofia",1,NA,NA,"iDigBio",NA,NA,NA,NA,"0b14eea1-e912-4ae1-b0e0-14e9ec7e956e","NULL"
"MCZ:Ich:46283","Streams entering Lago Sofia","b4640710-8e03-11d8-b956-b8a03c50a862","MCZ","Robert M. McDowall",1968,"Animalia","Galaxias",-72.65186,4093,-51.53647,"PreservedSpecimen","Ich","10/2/1968-10/2/1968","46283","1968-02-10",NA,"Galaxiidae","Galaxias delfini Philippi, 1895",NA,10,"adult",NA,"iDigBio",NA,NA,NA,NA,"3503858d-4e6f-4d2a-9626-5fce6b9cc32c","list(`dwc:identifiedBy` = ""Robert M. McDowall"", `dwc:identificationRemarks` = ""[MUSE DETERMINER: McDowell_RM/1968]"", `dwc:identificationVerificationStatus` = ""migration"", coreid = ""MCZ:Ich:46283"", `dwc:identificationID` = ""846223"", `dwc:scientificName` = ""Galaxias delfini"")"
"MCZ:Ich:46272","Streams entering Lago Sofia from the South","b4640710-8e03-11d8-b956-b8a03c50a862","MCZ","Robert M. McDowall",1968,"Animalia","Aplochiton",-72.65186,4093,-51.53647,"PreservedSpecimen","Ich","10/2/1968-10/2/1968","46272","1968-02-10",NA,"Galaxiidae","Aplochiton zebra Jenyns, 1842",NA,53,"adult","Voucher of Aplochiton zebra| Voucher of Aplochiton zebra","iDigBio",NA,NA,NA,NA,"fd3e5b1b-b125-44da-9fec-97b09efd313a","list(`dwc:identifiedBy` = c(""Jenyns, 1842"", ""Jenyns, 1842"", ""Robert M. McDowall""), `dwc:phylum` = c(""Chordata"", ""Chordata"", NA), `dwc:scientificNameAuthorship` = c(""Jenyns, 1842"", ""Jenyns, 1842"", NA), `dwc:identificationReferences` = c(""Johnson, G. D. and C. Patterson. 1996. Relationships of Lower Euteleostean fishes. Pp. 251–331. In M. L. Stiassny (ed.) Interrelationships of Fishes. Academic Press. 496 pp."", ""Schwarzhans, W., R. P. Scofield, A. J. D. Tennyson, J. P. Worthy, and T. H. Worthy. 2023. The ‘Gulliver’ fish fauna of an early Miocene freshwater system of New  Zealand; new insights from otoliths from the Bannockburn Formation. New Zealand Journal of Geology and Geophysics. doi:10.1080/00288306.2022.2153878."", 
NA), `dwc:identificationVerificationStatus` = c(""Type Publication"", ""Type Publication"", ""migration""), coreid = c(""MCZ:Ich:46272"", ""MCZ:Ich:46272"", ""MCZ:Ich:46272""), `dwc:identificationID` = c(""207951552269130066Voucher"", ""745721552269130066Voucher"", ""846211""), `dwc:scientificName` = c(""Aplochiton zebra"", ""Aplochiton zebra"", ""Aplochiton zebra""), `dwc:dateIdentified` = c(""1996"", ""2023"", NA), `dwc:typeStatus` = c(""Voucher"", ""Voucher"", NA), `dwc:identificationRemarks` = c(NA, NA, ""[MUSE DETERMINER: McDowell_RM/1968]""
))"
"MCZ:Ich:46305","Stream near Rio Aqua Fresca.","b4640710-8e03-11d8-b956-b8a03c50a862","MCZ","Robert M. McDowall",1968,"Animalia","Galaxias",-71.09589,7447,-53.40066,"PreservedSpecimen","Ich","11/2/1968-11/2/1968","46305","1968-02-11",NA,"Galaxiidae","Galaxias maculatus (Jenyns, 1842)",NA,10,"adult",NA,"iDigBio",NA,NA,NA,NA,"152a8b0c-b721-4d4d-b99c-bcec0e468baa","list(`dwc:identifiedBy` = ""Robert M. McDowall"", `dwc:identificationRemarks` = ""[MUSE DETERMINER: McDowell_RM/1968]"", `dwc:identificationVerificationStatus` = ""migration"", coreid = ""MCZ:Ich:46305"", `dwc:identificationID` = ""846246"", `dwc:scientificName` = ""Galaxias maculatus"")"
"MCZ:Ich:46262","Stream near Rio Aqua Fresca.","b4640710-8e03-11d8-b956-b8a03c50a862","MCZ","Robert M. McDowall",1968,"Animalia","Galaxias",-71.09589,7447,-53.40066,"PreservedSpecimen","Ich","11/2/1968-11/2/1968","46262","1968-02-11",NA,"Galaxiidae","Galaxias maculatus (Jenyns, 1842)",NA,16,"adult",NA,"iDigBio",NA,NA,NA,NA,"37bdd831-d0a6-4a44-bad5-eda13de49ded","list(`dwc:identifiedBy` = ""Robert M. McDowall"", `dwc:identificationRemarks` = ""[MUSE DETERMINER: McDowell_RM/1968]"", `dwc:identificationVerificationStatus` = ""migration"", coreid = ""MCZ:Ich:46262"", `dwc:identificationID` = ""846199"", `dwc:scientificName` = ""Galaxias maculatus"")"
"MCZ:Ich:46279","Stream entering Lago Buenos Ayres.","b4640710-8e03-11d8-b956-b8a03c50a862","MCZ","Robert M. McDowall",1968,"Animalia","Galaxias",-72.11705,78689,-46.5263,"PreservedSpecimen","Ich","17/2/1968-17/2/1968","46279","1968-02-17",NA,"Galaxiidae","Galaxias platei Steindachner, 1898",NA,18,"adult","Voucher of Galaxias platei","iDigBio",NA,NA,NA,NA,"eedb9b62-01e6-4817-8043-fcab11e312fb","list(`dwc:identifiedBy` = c(""Steindachner, 1898"", ""Tim M. Berra"", NA), `dwc:phylum` = c(""Chordata"", NA, NA), `dwc:scientificNameAuthorship` = c(""Steindachner, 1898"", NA, NA), `dwc:identificationReferences` = c(""Berra, T. M. and C. D. Barbour. 1998. Is the Chilean Galaxias globiceps (Teleostei: Galaxiidae) extant or extinct? Ichthyological Exploration of Freshwaters 9(3):273–278."", NA, NA), `dwc:identificationVerificationStatus` = c(""Type Publication"", ""migration"", ""migration""), coreid = c(""MCZ:Ich:46279"", 
""MCZ:Ich:46279"", ""MCZ:Ich:46279""), `dwc:identificationID` = c(""205741552285130059Voucher"", ""846218"", ""846219""), `dwc:scientificName` = c(""Galaxias platei"", ""Galaxias platei"", ""Galaxias delfini""), `dwc:dateIdentified` = c(""1998"", NA, NA), `dwc:typeStatus` = c(""Voucher"", NA, NA), `dwc:identificationRemarks` = c(NA, ""[MUSE DETERMINER: Berra_Tim/1995]"", ""[MUSE DETERMINER: ]""))"
"13575076-d0d2-4d02-8caf-d0140ddeb87d","East Chiloe Island, 7 km W of Quemchi","urn:lsid:biocol.org:col:34978","NMV","Pena, L.E.",1968,"Animalia",NA,-73.5,NA,-42.12,"PRESERVED_SPECIMEN","Ichthyology",NA,"A13519","1968-04-07/1968-04-07",NA,"Galaxiidae","GALAXIIDAE",NA,2,NA,NA,"iDigBio",NA,NA,NA,NA,"53453df7-a806-412d-be88-8b15b92825c4","NULL"
"afdf73af-f13a-4e4a-bd90-c1737ce6116e","East Chloe Island, 7 km W of Quemchi","urn:lsid:biocol.org:col:34978","NMV","Pena, L.E.",1968,"Animalia",NA,-73.5,NA,-42.12,"PRESERVED_SPECIMEN","Ichthyology",NA,"A13515","1968-04-07/1968-04-07",NA,"Galaxiidae","GALAXIIDAE",NA,14,NA,NA,"iDigBio",NA,NA,NA,NA,"acbe14e6-e24a-4a76-873c-5ae1ed318434","NULL"
"f761ace8-1792-41a8-81dd-f34faa623282","Chiloe Island","urn:lsid:biocol.org:col:34978","NMV",NA,1968,"Animalia",NA,-73.92,NA,-42.5,"PRESERVED_SPECIMEN","Ichthyology",NA,"A22373","1968-04-07/1968-04-07",NA,"Galaxiidae","GALAXIIDAE",NA,7,NA,NA,"iDigBio",NA,NA,NA,NA,"d5e9b7ca-fc5e-4514-9e2d-5a24ed5eadc9","NULL"
"a8a86bc0-b42e-4294-9b18-b49ee2775b02","Chiloe Island, 8-9 km W of Quemchi, in a small ravine","urn:lsid:biocol.org:col:34978","NMV","Pena, L.E.",1968,"Animalia",NA,-73.5,NA,-42.12,"PRESERVED_SPECIMEN","Ichthyology",NA,"A13518","1968-10-10/1968-10-10",NA,"Galaxiidae","GALAXIIDAE",NA,7,NA,NA,"iDigBio",NA,NA,NA,NA,"5f3864f6-69e0-4fef-916b-840c928cf02d","NULL"
"http://n2t.net/ark:/65665/369169e32-9d97-4291-8597-76e963113851","Creek near Chilean Naval Outpost, north northwest of Harris Bay, east coast of Dawson Island, Chile.","urn:lsid:biocol.org:col:34871","USNM","H. Fehlmann",1969,"Animalia","Galaxias",-70.45,NA,-53.8389,"PreservedSpecimen","FISH","1969 May 13 - 0000 00 00","USNM 315406","1969-05-13","urn:uuid:09c9cf5f-f5d3-48cc-b5c8-cd9b9fbd631f","Galaxiidae","Galaxias maculatus",NA,2,NA,NA,"iDigBio; NMNH Extant Biology",NA,NA,NA,NA,"0bdf2424-eaf0-4330-8666-178c23f6dd47","NULL"
"http://n2t.net/ark:/65665/35be7dec3-999d-4bbe-8da5-bfb8e87c3598","Creek near Chilean Naval Outpost, north northwest of Harris Bay, east coast of Dawson Island, Chile.","urn:lsid:biocol.org:col:34871","USNM","H. Fehlmann",1969,"Animalia","Galaxias",-70.45,NA,-53.8389,"PreservedSpecimen","FISH","1969 May 13 - 0000 00 00","USNM 331419","1969-05-13","urn:uuid:09c9cf5f-f5d3-48cc-b5c8-cd9b9fbd631f","Galaxiidae","Galaxias maculatus",NA,87,NA,NA,"iDigBio; NMNH Extant Biology",NA,NA,NA,NA,"923f9c46-1960-4bba-af6d-ee4012922c64","NULL"
"http://n2t.net/ark:/65665/3be2db9de-3096-416a-afe9-21981a851dc5","Creek near Chilean Naval Outpost, north northwest of Harris Bay, east coast of Dawson Island, Chile.","urn:lsid:biocol.org:col:34871","USNM","H. Fehlmann",1969,"Animalia","Galaxias",-70.45,NA,-53.8389,"PreservedSpecimen","FISH","1969 May 13 - 0000 00 00","USNM 331421","1969-05-13","urn:uuid:09c9cf5f-f5d3-48cc-b5c8-cd9b9fbd631f","Galaxiidae","Galaxias maculatus",NA,2,NA,NA,"iDigBio; NMNH Extant Biology",NA,NA,NA,NA,"f7968052-92c4-4a5a-a73e-9b75082d9040","NULL"
"http://n2t.net/ark:/65665/326a8244b-596f-40d5-bfbb-adbaf8559277","Creek near Chilean Naval Outpost, north northwest of Harris Bay, east coast of Dawson Island, Chile.","urn:lsid:biocol.org:col:34871","USNM","H. Fehlmann",1969,"Animalia","Galaxias",-70.45,NA,-53.8389,"PreservedSpecimen","FISH","1969 May 13 - 0000 00 00","USNM 331423","1969-05-13","urn:uuid:09c9cf5f-f5d3-48cc-b5c8-cd9b9fbd631f","Galaxiidae","Galaxias maculatus",NA,2,NA,NA,"iDigBio; NMNH Extant Biology",NA,NA,NA,NA,"f93ac7b8-4f40-49ff-ba45-057d37e3f0d0","NULL"
"86a82ee0-587f-87f4-bdb0-b1235207414e","E of Puerto Williams, Villa Ukika, stream above road bridge","http://biocol.org/urn:lsid:biocol.org:col:34935","CMN","Bousfield, Edward L.",1970,"Animalia","Galaxias",-67.5925,NA,-54.9336,"PreservedSpecimen","CMNFI","1970-01-30","CMNFI 1970-0446.1","1970-01-30","http://grbio.org/cool/fpjs-vpys","Galaxiidae","Galaxias",NA,8,NA,NA,"iDigBio; Fish",NA,NA,NA,NA,"6c65d623-dcdc-400f-bdf2-865349b0b338","NULL"
"dc72d2b2-1ed3-11e3-bfac-90b11c41863e","Lago Yehuin","http://grbio.org/cool/iakn-125z","KU",NA,1986,"Animalia","Galaxias",-67.6833,NA,-54.4167,"PreservedSpecimen","KUI",NA,"22962","1986-06-26",NA,"Galaxiidae","Galaxias maculatus",NA,NA,NA,NA,"iDigBio; University of Kansas Biodiversity Institute Fish Voucher Collection",NA,NA,NA,NA,"b9926a80-7304-4a86-8ab6-7318761cf248","NULL"
"0a4251aa-6afa-4a0d-ad62-6bc3df8b88ce","Lago Cochrane, Prov. Capitan Prat, XI Region; Rio Baker drainage",NA,"UMMZ","BS Dyer, and A Ormeno",1990,NA,"Galaxias",-72.25,NA,-47.25,"PreservedSpecimen","ummz_fish",NA,"218451","1990-01-27",NA,"Galaxiidae","Galaxias",NA,NA,NA,NA,"iDigBio; Fish","Bag seine",NA,NA,NA,"15f61fd6-eb40-42bc-ad49-4f6dfa1c46d4","NULL"
"f385f67b-b575-404f-b074-be3dc2610d3e","Intertidal pools of river that originates in Lago Camillo on Isla Magdalena and flows to Seno Soto",NA,"TNHC","Dean Hendrickson|John Jennings",1995,"Animalia",NA,-72.916667,1000,-44.533333,"PreservedSpecimen","Ichthyology Collection",NA,"000068430","1995-01-24",NA,"Galaxiidae","Galaxiidae",NA,NA,NA,NA,"iDigBio",NA,NA,NA,NA,"0f3a1d9a-facc-4339-a3c9-7237706b7bfd","NULL"
"9ce3e9b4-1b42-461b-ba2a-9365a4318631","Intertidal pools of river that originates in Lago Camillo on Isla Magdalena and flows to Seno Soto",NA,"TNHC","Dean Hendrickson|John Jennings",1995,"Animalia",NA,-72.916667,1000,-44.533333,"PreservedSpecimen","Ichthyology Collection",NA,"000068429","1995-01-24",NA,"Galaxiidae","Galaxiidae",NA,NA,NA,NA,"iDigBio",NA,NA,NA,NA,"1ab920dc-ebdd-4f2e-804f-c85e6168dac5","NULL"
"2d727022-7bf2-4dce-8d6a-94d8cc98f3f0","Intertidal pools of river that originates in Lago Camillo on Isla Magdalena and flows to Seno Soto",NA,"TNHC","Dean Hendrickson|John Jennings",1995,"Animalia","Galaxias",-72.916667,1000,-44.533333,"PreservedSpecimen","Ichthyology Collection",NA,"000068433","1995-01-24",NA,"Galaxiidae","Galaxias sp.",NA,NA,NA,NA,"iDigBio",NA,NA,NA,NA,"f2a1bd36-cd2d-46cb-9bac-ffc4d0e5f85f","NULL"
"URI:catalog:ROM:Ichthyology:81200","Punta Arenas, Rio Pescado",NA,"ROM","Peck, M.;Baker, A.",1995,"Animalia","Galaxias",-70.9,NA,-52.91667,"PreservedSpecimen","Fishes","19950215","81200","1995-02-15","urn:lsid:biocol.org:col:35195","Galaxiidae","Galaxias",NA,27,NA,NA,"iDigBio; Ichthyology",NA,NA,"6287-04","27","2f26d98e-bbc7-4a7a-a9e7-44e83e164b3b","NULL"
"094DA0DA-D12E-47DD-8623-D47A757260A7","Río Mejillones, [Isla Navarino], [ca. 15.3 air miles WNW center Puerto Williams], [Comuna de Cabo de Hornos]","NCSM","NCSM",NA,NA,"Animalia","Galaxias",-67.9984970092773,NA,-54.9053001403809,"PreservedSpecimen","NCSM-Fishes",NA,"50905",NA,NA,"Galaxiidae","Galaxias maculatus","Chile (S of Santiago) Minor Coastal (misc. creek tribs)",3,NA,NA,"iDigBio; NCSM Ichthyology Collection",NA,NA,NA,NA,"3492d227-de69-4b9a-b986-9c67f69aa4dd","NULL"
"2D506E35-3B58-45CD-8165-FCDB05C981D5","Lago Mejillones [Lake Mejillones], [Isla Navarino], [ca. 15.5 air miles SE center Ushuaia, Argentina], [Communa de Cabo de Hornos]","NCSM","NCSM",NA,NA,"Animalia","Galaxias",-67.9904022216797,NA,-54.9291000366211,"PreservedSpecimen","NCSM-Fishes",NA,"50903",NA,NA,"Galaxiidae","Galaxias maculatus","Chile (S of Santiago) Minor Coastal (misc. creek tribs)",1,NA,NA,"iDigBio; NCSM Ichthyology Collection",NA,NA,NA,NA,"2f84d11b-d6b8-4ba6-be7f-484f1f5582a8","NULL"
"F2AD33C6-559A-42F5-9D92-AB02CAB18208","Río Lum, 50 meters upstream from road [Y-905], [Isla Navarino], [ca. 11.0 air miles SE center Ushuaia, Argentina], [Comuna de Cabo de Hornos]","NCSM","NCSM",NA,NA,"Animalia","Galaxias",-68.109001159668,NA,-54.9087982177734,"PreservedSpecimen","NCSM-Fishes",NA,"50906",NA,NA,"Galaxiidae","Galaxias maculatus","Chile (S of Santiago) Minor Coastal (misc. creek tribs)",15,NA,NA,"iDigBio; NCSM Ichthyology Collection",NA,NA,NA,NA,"824b61e2-9091-4e89-a958-adc3571d0b62","NULL"
"84404C90-9E88-4807-81ED-51793AA2122A","[Río] Robalo, 50 meters upstream of bridge [Y-905], [Isla Navarino], [ca. 1.7 air miles WSW center Puerto Williams], [Communa de Cabo de Hornos]","NCSM","NCSM",NA,NA,"Animalia","Galaxias",-67.657600402832,NA,-54.9416999816895,"PreservedSpecimen","NCSM-Fishes",NA,"50896",NA,NA,"Galaxiidae","Galaxias maculatus","Chile (S of Santiago) Minor Coastal (misc. creek tribs)",11,NA,NA,"iDigBio; NCSM Ichthyology Collection",NA,NA,NA,NA,"e74e513d-cbae-44d6-8ed5-9330005aab4f","NULL"
"857286B1-F621-4B9B-A31D-992B387F68D8","[Río] Guerrico, 50 meters upstream bridge [Y-905], [Isla Navarino], [ca. 9.3 air miles ENE center Puerto Williams], [Communa de Cabo de Hornos]","NCSM","NCSM",NA,NA,"Animalia","Galaxias",-67.8483963012695,NA,-54.9127998352051,"PreservedSpecimen","NCSM-Fishes",NA,"50901",NA,NA,"Galaxiidae","Galaxias maculatus","Chile (S of Santiago) Minor Coastal (misc. creek tribs)",1,NA,NA,"iDigBio; NCSM Ichthyology Collection",NA,NA,NA,NA,"ee7e14dc-30ce-4911-9a75-642ab7a33f0b","NULL"
"DD419071-DDDA-4AFD-9D6B-11A823E877BE","[River (name unknown)], at [Cascada] Los Bronces [Los Bronces Falls], 50 meters upstream from road [Y-905], [Isla Navarino], [ca. 3.5 air miles WSW center Puerto Williams], [Comuna de Cabo de Hornos]","NCSM","NCSM",NA,NA,"Animalia","Galaxias",-67.7026977539062,NA,-54.9411010742188,"PreservedSpecimen","NCSM-Fishes",NA,"50902",NA,NA,"Galaxiidae","Galaxias maculatus","Chile (S of Santiago) Minor Coastal (misc. creek tribs)",5,NA,NA,"iDigBio; NCSM Ichthyology Collection",NA,NA,NA,NA,"4e2dac0b-4bd2-4d3b-a12d-e54017b24eba","NULL"
"84540718-5B65-4607-95C5-954E53A121D8","Small stream [name unknown], outflowing from beaver lagoon into Caleta Douglas [Douglas Bay], [Isla Navarino], [ca. 25.4 air miles SW center Puerto Williams], [Communa de Cabo de Hornos]","NCSM","NCSM",NA,NA,"Animalia","Galaxias",-68.1059036254883,NA,-55.1707000732422,"PreservedSpecimen","NCSM-Fishes",NA,"50897",NA,NA,"Galaxiidae","Galaxias maculatus","Chile (S of Santiago) Minor Coastal (misc. creek tribs)",10,NA,NA,"iDigBio; NCSM Ichthyology Collection",NA,NA,NA,NA,"37bf51b8-1c39-43b8-b8b6-491752641c4d","NULL"
"225AE3DF-A258-44CF-B359-F2E8DD606C1F","[River (name unknown) flowing into Canal Murray], [Península Dumas], [Isla Hoste], [ca. 13.4 air miles SSW center Ushuaia, Argentina], [Communa de Cabo de Hornos]","NCSM","NCSM",NA,NA,"Animalia","Galaxias",-68.3735961914062,NA,-54.9810981750488,"PreservedSpecimen","NCSM-Fishes",NA,"50898",NA,NA,"Galaxiidae","Galaxias maculatus","Chile (S of Santiago) Minor Coastal (misc. creek tribs)",10,NA,NA,"iDigBio; NCSM Ichthyology Collection",NA,NA,NA,NA,"848a4cbc-6677-4ffa-987e-14fb973c7988","NULL"
"12A7BF27-D06E-4DFF-B666-98AEB5C14877","[Large river (name unknown)], near estancia Canasaca, [Península Dumas], [Isla Hoste], [ca. 15.7 air miles SW center Ushuaia, Argentina], [Communa de Cabo de Hornos], [see remarks]","NCSM","NCSM",NA,NA,"Animalia","Galaxias",-68.5932006835938,NA,-54.9425010681152,"PreservedSpecimen","NCSM-Fishes",NA,"50899",NA,NA,"Galaxiidae","Galaxias maculatus","Chile (S of Santiago) Minor Coastal (misc. creek tribs)",5,NA,NA,"iDigBio; NCSM Ichthyology Collection",NA,NA,NA,NA,"11cc28fa-42cb-422a-b2f1-7a3a4cd25c1b","NULL"
"6869AEBF-06CF-4E41-A2DB-52F5AD28066F","[River (name unknown)], 50 meters upstream of [Canal Beagle], near estancia Canasaca, [Península Dumas], [Isla Hoste], [ca. 15.7 air miles SW center Ushuaia, Argentina], [Communa de Cabo de Hornos], [see remarks]","NCSM","NCSM",NA,NA,"Animalia","Galaxias",-68.5882034301758,NA,-54.9450988769531,"PreservedSpecimen","NCSM-Fishes",NA,"50894",NA,NA,"Galaxiidae","Galaxias maculatus","Chile (S of Santiago) Minor Coastal (misc. creek tribs)",11,NA,NA,"iDigBio; NCSM Ichthyology Collection",NA,NA,NA,NA,"ad0c9049-12d6-465a-a64a-66403b76020e","NULL"
"3D31FFF0-AF4F-4941-B2A6-4014D06DF148","Small stream [name unknown] beside estancia Canasaca, [Península Dumas], [Isla Hoste], [ca. 14.9 air miles SW center Ushuaia, Argentina], [Communa de Cabo de Hornos], [see remarks]","NCSM","NCSM",NA,NA,"Animalia","Galaxias",-68.5655975341797,NA,-54.9416007995605,"PreservedSpecimen","NCSM-Fishes",NA,"50900",NA,NA,"Galaxiidae","Galaxias maculatus","Chile (S of Santiago) Minor Coastal (misc. creek tribs)",5,NA,NA,"iDigBio; NCSM Ichthyology Collection",NA,NA,NA,NA,"03a2de2a-d377-4aba-99a4-70b7ea8b9131","NULL"
"6225B365-9F73-427D-B9F5-16FAC397C47F","[Stream (name unknown) entering Seno Lauro inlet], 50 meters upstream of bridge [Y-905/Avenida Costanera Juan Pablo Segundo], [Isla Navarino], [ca. 0.5 air miles SW center Puerto Williams], [Communa de Cabo de Hornos], [see remarks]","NCSM","NCSM",NA,NA,"Animalia","Galaxias",-67.6233978271484,NA,-54.9387016296387,"PreservedSpecimen","NCSM-Fishes",NA,"50907",NA,NA,"Galaxiidae","Galaxias maculatus","Chile (S of Santiago) Minor Coastal (misc. creek tribs)",5,NA,NA,"iDigBio; NCSM Ichthyology Collection",NA,NA,NA,NA,"7555d6a9-2352-4d03-a45f-e6a0515c6588","NULL"
"B9779608-F120-48AF-BC02-6FDA19053356","Lago Pollollo [Lake Pollollo], [Isla Navarino], [ca. 14.8 air miles ESE center Puerto Williams], [Communa de Cabo de Hornos]","NCSM","NCSM",NA,NA,"Animalia","Aplochiton",-67.2753982543945,NA,-55.0177993774414,"PreservedSpecimen","NCSM-Fishes",NA,"50893",NA,NA,"Galaxiidae","Aplochiton zebra","Chile (S of Santiago) Minor Coastal (misc. creek tribs)",1,NA,NA,"iDigBio; NCSM Ichthyology Collection",NA,NA,NA,NA,"bc217afb-9620-4b70-b725-53795807201f","NULL"
"urn:catalog:CAS:SU(ICH):22690","Patagonia, Port Otway.","http://grscicoll.org/institution/california-academy-sciences","CAS","U.S. Fish Commission",NA,"Animalia","Galaxias",-73.987166,12856,-53.308676,"PreservedSpecimen","SU(ICH)",NA,"22690",NA,"http://grscicoll.org/institutional-collection/cas-ichthyology","Galaxiidae","Galaxias maculatus",NA,90,NA,NA,"iDigBio",NA,NA,NA,NA,"196665cd-f58f-4ead-8fe7-442abc8327b5","NULL"
"MCZ:Ich:6594","off Straits of Magellan, Puerto Bueno","b4640710-8e03-11d8-b956-b8a03c50a862","MCZ","Hassler Expedition",1872,"Animalia",NA,-74.21539,795,-50.99286,"PreservedSpecimen","Ich","30/3/1872-1/4/1872","6594","1872-03-30/1872-04-01",NA,"Galaxiidae","Galaxiidae sp.","Pacific, Southeast",12,"adult",NA,"iDigBio",NA,NA,NA,NA,"1c50646c-0a0b-47de-a754-777d1ce53efb","list(`dwc:identifiedBy` = ""Ledger"", `dwc:identificationQualifier` = ""sp."", `dwc:identificationRemarks` = ""[MUSE DETERMINER: Ledger/1993]"", `dwc:identificationVerificationStatus` = ""migration"", coreid = ""MCZ:Ich:6594"", `dwc:identificationID` = ""790648"", `dwc:scientificName` = ""Galaxiidae sp."")"
"MCZ:Ich:27612","Cabo de Hornos, Orange Bay","b4640710-8e03-11d8-b956-b8a03c50a862","MCZ",NA,1884,"Animalia","Galaxias",-68.0609,115000,-55.5154,"PreservedSpecimen","Ich","1884-1884","27612","1884-01-01/1884-12-31",NA,"Galaxiidae","Galaxias maculatus (Jenyns, 1842)","Pacific, Southeast",2,"adult",NA,"iDigBio",NA,NA,NA,NA,"86da5017-76ed-448b-9071-23574b87835a","list(`dwc:identificationRemarks` = ""[MUSE DETERMINER: ]"", `dwc:identificationVerificationStatus` = ""migration"", coreid = ""MCZ:Ich:27612"", `dwc:identificationID` = ""817892"", `dwc:scientificName` = ""Galaxias maculatus"")"
"dd822e94-38a7-8a74-609e-62ce94d045ff","Bahia Thetis, on Tierra del Fuego Island, southern tip of Argentina; Salinity: Salt","http://biocol.org/urn:lsid:biocol.org:col:34935","CMN","Gosztonyi, Atila Esteban",1969,"Animalia","Galaxias",-65.228741,NA,-54.639335,"PreservedSpecimen","CMNFI","(circa NOV 1969)","CMNFI 1986-0684.1","1969-11-","http://grbio.org/cool/fpjs-vpys","Galaxiidae","Galaxias maculatus",NA,4,NA,NA,"iDigBio; Fish",NA,NA,NA,NA,"8a75606c-9b19-40f0-bcb0-ae4a334bc767","NULL"
"58746fd2-cb16-4b27-97c6-5d98b423d12e","Chiloe' Island","urn:lsid:biocol.org:col:34978","NMV","Frankenberg, S. Roger|University of Melbourne (The)",NA,"Animalia",NA,-73.92,NA,-42.5,"PRESERVED_SPECIMEN","Ichthyology",NA,"A22279",NA,NA,"Galaxiidae","GALAXIIDAE",NA,3,NA,NA,"iDigBio",NA,NA,NA,NA,"d5b305dc-7e28-4234-938d-880529b98423","NULL"
"urn:catalog:CAS:ICH:78462","Punta Arenas","http://grscicoll.org/institution/california-academy-sciences","CAS","Hatcher, J. B.",NA,"Animalia","Galaxias",-70.877879,5292,-53.161165,"PreservedSpecimen","ICH",NA,"78462",NA,"http://grscicoll.org/institutional-collection/cas-ichthyology","Galaxiidae","Galaxias platei",NA,3,NA,NA,"iDigBio",NA,NA,NA,NA,"d807d4e5-c133-43d6-b46e-f369a31ae2cd","NULL"
"0a90e9cd-2ea0-4f05-8da1-02bf6d18db44","Peulla, Lago Todos Santos, 190 m elev",NA,"FMNH","C. H. Eigenmann",NA,"Animalia","Aplochiton",-72.0333,NA,-41.0833,"PreservedSpecimen","Fishes",NA,"78368",NA,NA,"Galaxiidae","Aplochiton zebra",NA,5,NA,NA,"iDigBio",NA,NA,NA,NA,"f83e0b7d-fb45-4de9-ab46-9a1490f7d547","NULL"
"urn:catalog:CAS:ICH:11708","6 miles off Cape Velhas.","http://grscicoll.org/institution/california-academy-sciences","CAS","Templeton Crocker Exped.",1932,"Animalia","Porichthys",-72.431607,19649,-53.480343,"PreservedSpecimen","ICH",NA,"11708","1932-07-01","http://grscicoll.org/institutional-collection/cas-ichthyology","Batrachoididae","Porichthys margaritatus",NA,4,NA,NA,"iDigBio",NA,NA,NA,NA,"356e15d6-cc8d-45b7-adbf-ba27d5947b5b","NULL"
"http://n2t.net/ark:/65665/3c100150f-7ca4-4196-851f-18a85dd704fe","Chile, Auellon (Chiloe Island)","urn:lsid:biocol.org:col:34871","USNM",NA,1945,"Animalia","Aphos",-73.62,NA,-43.13,"PreservedSpecimen","FISH","1945 Feb 02 - 1945 Feb 03","USNM 176500","1945-02-02/1945-02-03","urn:uuid:09c9cf5f-f5d3-48cc-b5c8-cd9b9fbd631f","Batrachoididae","Aphos porosus","South Pacific Ocean",1,NA,NA,"iDigBio; NMNH Extant Biology",NA,NA,NA,NA,"d9b20a57-d84d-414e-8305-b3c42b860fa0","NULL"
"http://n2t.net/ark:/65665/3107f13eb-e029-4760-8f7f-ce89f274a7a4","Chile Ancud, Chiloe Island, Golfo de Quetalmahue, Pullingua","urn:lsid:biocol.org:col:34871","USNM",NA,1945,"Animalia","Aphos",-73.88,NA,-41.87,"PreservedSpecimen","FISH","1945 Feb 07 - 0000 00 00","USNM 176499","1945-02-07","urn:uuid:09c9cf5f-f5d3-48cc-b5c8-cd9b9fbd631f","Batrachoididae","Aphos porosus","South Pacific Ocean, Baia de Ancud",3,NA,NA,"iDigBio; NMNH Extant Biology",NA,NA,NA,NA,"a51012e3-d9d1-49c1-aa04-ad70ccfabd7f","NULL"
"urn:uuid:7e04dead-dbcc-4e59-bdcc-1b5a2ead939a","Maillen Island, 9 miles from Puerto Montt",NA,"YPM",NA,1935,"Animalia","Gobiesox",-72.992057,2878,-41.574044,"PreservedSpecimen","VZ",NA,"YPM ICH 009333","1935-01-17/1935-01-18",NA,"Gobiesocidae","Gobiesox marmoratus","Pacific Ocean",1,NA,NA,"iDigBio",NA,NA,NA,NA,"2cb47921-3ab7-44cc-b4d2-2e643708f765","NULL"
"http://n2t.net/ark:/65665/370fc3673-c412-4159-b1ce-b4ebed3b85e5","Chile, Tictoc Bay","urn:lsid:biocol.org:col:34871","USNM","Derris",1945,"Animalia","Gobiesox",-73,NA,-43.62,"PreservedSpecimen","FISH","1945 Jan 24 - 0000 00 00","USNM 176504","1945-01-24","urn:uuid:09c9cf5f-f5d3-48cc-b5c8-cd9b9fbd631f","Gobiesocidae","Gobiesox marmoratus","South Pacific Ocean",5,NA,NA,"iDigBio; NMNH Extant Biology",NA,NA,NA,NA,"ea53c6f5-720e-4d07-8119-901d03da16a9","NULL"
"http://n2t.net/ark:/65665/30b515c5f-ad01-43a4-8dfe-a856a66fd6e1",NA,"urn:lsid:biocol.org:col:34871","USNM",NA,1967,"Animalia","Gobiesox",-72.82,NA,-42.7,"PreservedSpecimen","FISH","1967 Oct 02 - 0000 00 00","USNM 360156","1967-10-02","urn:uuid:09c9cf5f-f5d3-48cc-b5c8-cd9b9fbd631f","Gobiesocidae","Gobiesox marmoratus","Pacific",1,NA,NA,"iDigBio; NMNH Extant Biology",NA,NA,NA,NA,"60f3c831-bb2d-4fbe-9823-b404d2150b44","NULL"
"a322e2fe-aac5-4d89-b934-01debdc189c6","Gulf of corcovado, west of Isla Talcon, Pumalin","https://scientific-collections.gbif.org/institution/2fc908ba-e775-49e2-bffe-6b9041c3b70f","LACM","James H McLean",NA,"Animalia","Gobiesox",-72.87,NA,-42.7,"PreservedSpecimen","Fish","4-6 Nov 1975","38213.002",NA,"https://scientific-collections.gbif.org/collection/439095a6-e9e0-412b-b770-2a9200251977","Gobiesocidae","Gobiesox marmoratus","South Pacific",3,NA,NA,"iDigBio; LACM Vertebrates",NA,"individuals","75-14","3","dae6624a-e7c9-4590-834a-eafaf79afcc9","NULL"
"7de007d2-d87e-46f9-9fc2-05c22c9f3ac8","Off Cape Saint Vincent, Queen Adelaide Archipelago",NA,"NHMUK",NA,NA,NA,"Gigliolia",-74.05,NA,-51.4583333,"PreservedSpecimen","ZOO",NA,"1887.12.7.246",NA,NA,"Notacanthidae","Gigliolia moseleyi Goode & Bean, 1895","Southeast Pacific Ocean",1,NA,"HOLOTYPE","iDigBio","Trawl",NA,NA,NA,"b1102879-3df6-4c6c-ae3d-958f10cc2acc","NULL"
"d51fbdd7-1e7b-4d97-8cca-1b4225321525","Messier Channel, Chile",NA,"NHMUK",NA,NA,NA,"Cataetyx",-74.55,NA,-48.2833333,"PreservedSpecimen","ZOO",NA,"1887.12.7.44",NA,NA,"Bythitidae","Cataetyx messieri (Günther, 1878)","Southeast Pacific Ocean",1,NA,"HOLOTYPE","iDigBio",NA,NA,NA,NA,"928f05a7-fac8-4223-a73e-0d943a1e319f","NULL"
"urn:uuid:7b996690-7670-4287-8809-5327c2b90a45","Maillen Island, 9 miles from Puerto Montt",NA,"YPM",NA,1935,"Animalia","Genypterus",-73,111111,-42,"PreservedSpecimen","VZ",NA,"YPM ICH 009312","1935-01-18",NA,"Ophidiidae","Genypterus maculatus","Pacific Ocean",1,NA,NA,"iDigBio",NA,NA,NA,NA,"8434c141-d9aa-408a-a0dc-fa9fe97df854","NULL"
"900de14a-b545-482d-8d67-92983acc93a4","Fish market","http://grbio.org/cool/iakn-125z","KU","Hartel, Karsten E",1994,"Animalia","Genypterus",-70.1330032,NA,-53.1669998,"MaterialSample","KUIT",NA,"927","1994-10-01",NA,"Ophidiidae","Genypterus blacodes",NA,NA,NA,NA,"iDigBio; University of Kansas Biodiversity Institute Fish Tissue Collection",NA,NA,NA,NA,"2545921d-c419-4b9f-b610-eabdddc931b3","NULL"
"MCZ:Ich:159016","Fish Market in Punta Arenas","b4640710-8e03-11d8-b956-b8a03c50a862","MCZ","Karsten E. Hartel",1994,"Animalia","Genypterus",-70.89024,5292,-53.1587,"PreservedSpecimen","Ich","0/10/1994-0/10/1994","159016","1994-10-01/1994-10-31",NA,"Ophidiidae","Genypterus blacodes (Forster, 1801)","Pacific, Southeast",1,"adult","Genetic Voucher of Genypterus blacodes","iDigBio",NA,NA,NA,NA,"1f48fa95-2171-4278-b4c3-f03dbc967767","list(`dwc:identifiedBy` = c(""(Forster, 1801)"", ""Karsten E. Hartel""), `dwc:phylum` = c(""Chordata"", NA), `dwc:identificationRemarks` = c(""Tissue cited as KU_00927 in Table S1"", ""[MUSE DETERMINER: Hartel_KE/2001]""), `dwc:scientificNameAuthorship` = c(""(Forster, 1801)"", NA), `dwc:identificationReferences` = c(""Betancur, R., R. E. Broughton, E. O. Wiley, K. E. Carpenter, J. A. Lopez, C. Li, N. I. Holcroft, D. Arcila, M. Sanciango, J. C. Cureton, F. Zhang, T. Buser, M. A. Campbell, J. A. Ballesteros, A. Roa-Varon, S. Willis, W. C. Borden, T. Rowley, P. C. Reneau, D. J. Hough, G. Lu, G. Arratia, G. Orti, T. Grande. 2013. The tree of life and a new classification of bony fishes.  PLOS Currents 1:1–45."", 
NA), `dwc:identificationVerificationStatus` = c(""Type Publication"", ""migration""), coreid = c(""MCZ:Ich:159016"", ""MCZ:Ich:159016""), `dwc:identificationID` = c(""279261769284120009Genetic Voucher"", ""959774""), `dwc:scientificName` = c(""Genypterus blacodes"", ""Genypterus blacodes""), `dwc:dateIdentified` = c(""2013"", NA), `dwc:typeStatus` = c(""Genetic Voucher"", NA))"
"urn:catalog:CAS:ICH:209350","Puerto Montt (5 m elev.): either Estero Pilluco, small brook west of town or larger one east of town","http://grscicoll.org/institution/california-academy-sciences","CAS","Eigenmann, Carl H.",1919,"Animalia",NA,-72.95,NA,-41.466667,"PreservedSpecimen","ICH",NA,"209350","1919-02-22","http://grscicoll.org/institutional-collection/cas-ichthyology","Salmonidae","Salmonidae",NA,1,NA,NA,"iDigBio",NA,NA,NA,NA,"d53a6ee5-f07a-4129-a216-9c6d553d163e","NULL"
"d65d7bb0-bba4-4e1f-971c-e8343a79c119","River that originates from Lago Comillo on Isla Magdalena from inter-tidal area to first waterfall",NA,"TNHC","Dean Hendrickson|John Jennings",1995,"Animalia","Oncorhynchus",-72.916667,500,-44.533333,"PreservedSpecimen","Ichthyology Collection",NA,"000069053","1995-01-26",NA,"Salmonidae","Oncorhynchus mykiss",NA,NA,NA,NA,"iDigBio",NA,NA,NA,NA,"4d3cdff1-2d53-4f6f-9d5a-f116448f5620","NULL"
"3330a5bd-17af-41f4-9e1d-66ae949db037","River that originates from Lago Comillo on Isla Magdalena from inter-tidal area to first waterfall",NA,"TNHC","Dean Hendrickson|John Jennings",1995,"Animalia","Salmo",-72.916667,500,-44.533333,"PreservedSpecimen","Ichthyology Collection",NA,"000069054","1995-01-26",NA,"Salmonidae","Salmo trutta",NA,NA,NA,NA,"iDigBio",NA,NA,NA,NA,"f7095803-2b4c-45ef-a536-efc5d96b6e46","NULL"
"297C262E-2145-45BC-B639-A75F3F6AC783","Río Ukika, [Isla Navarino], [ca. 0.7 air miles SE center Puerto Williams], [Communa de Cabo de Hornos]","NCSM","NCSM",NA,NA,"Animalia","Salmo",-67.6011962890625,NA,-54.9390983581543,"PreservedSpecimen","NCSM-Fishes",NA,"50904",NA,NA,"Salmonidae","Salmo trutta","Chile (S of Santiago) Minor Coastal (misc. creek tribs)",7,NA,NA,"iDigBio; NCSM Ichthyology Collection",NA,NA,NA,NA,"37abddc5-8a0e-488d-9c5b-8ddec1be5697","NULL"
"95182BB7-D902-451D-89A8-284AC437AA63","[Río] Robalo, 50 meters upstream of bridge [Y-905], [Isla Navarino], [ca. 1.7 air miles WSW center Puerto Williams], [Communa de Cabo de Hornos]","NCSM","NCSM",NA,NA,"Animalia","Salmo",-67.657600402832,NA,-54.9416999816895,"PreservedSpecimen","NCSM-Fishes",NA,"50895",NA,NA,"Salmonidae","Salmo trutta","Chile (S of Santiago) Minor Coastal (misc. creek tribs)",8,NA,NA,"iDigBio; NCSM Ichthyology Collection",NA,NA,NA,NA,"e1ab83db-b3ee-4fc2-9f16-3d42d0f2da92","NULL"
"urn:catalog:CAS:ICH:208909","Puerto Montt, Espero Pilluco","http://grscicoll.org/institution/california-academy-sciences","CAS","Eigenmann, Carl H.",NA,"Animalia","Salmo",-72.899212,4658,-41.486946,"PreservedSpecimen","ICH",NA,"208909",NA,"http://grscicoll.org/institutional-collection/cas-ichthyology","Salmonidae","Salmo trutta fario",NA,1,NA,NA,"iDigBio",NA,NA,NA,NA,"cd322242-3944-481b-acee-c5cfc30ac970","NULL"
